gene	logFC	AveExpr	t	P.Value	adj.P.Val	B
10	-0.31121528528322	7.11012476185269	-2.94712641010996	0.00386125981642111	0.0133790505542848	-2.59031217449619
100	-0.486742588396894	8.82103669737846	-2.5165603770818	0.0131831959343241	0.036297732805839	-3.69037201781189
10000	-0.285006794773006	7.80684835910517	-2.98376177947732	0.00345634339337161	0.0122529598408796	-2.4897478974986
10001	-0.0702634854144068	9.73357589595836	-1.47832431357614	0.141965749685368	0.240985838964476	-5.68191919487476
10005	0.109721058356175	8.08771307740967	1.49258630320257	0.138194736075456	0.236333026911649	-5.66122646935036
10006	0.173036693353567	9.67733627868889	2.97684642109061	0.0035296441784656	0.0124274769454927	-2.50881237938083
10007	0.228775519918063	9.70861917019269	3.24696906035149	0.00151594470488572	0.00617230591142479	-1.73626388693815
1001	-0.0106323126059138	9.06675798099744	-0.0747513628267296	0.940538184872344	0.962086118519574	-6.75651438085211
10010	0.0322044734294796	10.214413837403	0.435385085683235	0.664072411421223	0.762262106495178	-6.66505386836991
10013	0.0199576849922744	8.39240642914572	0.242935973845397	0.808473673976416	0.868825723591908	-6.72993722582757
10014	0.102015436867493	8.42825190080521	1.40341594751915	0.16309956294432	0.267408175847574	-5.78745573354565
10015	0.276022150105996	10.4843240830278	3.89995544382169	0.000159809492424876	0.000970607652521675	0.356055332890881
10016	0.0670170678557161	12.0061123552013	1.50367701589415	0.135316634321732	0.232760391398897	-5.64500276420451
10018	-0.0812327605877518	7.05808506645974	-1.11753262067065	0.266020099305339	0.392728486287404	-6.1411914477052
10020	-0.0853807522734943	11.6059220362509	-1.04691980820344	0.297260545361947	0.428395391323851	-6.21648445323532
10021	0.193358519902034	8.78271332491983	1.14925147602264	0.252759298738033	0.378427981175243	-6.10580483734486
10024	-0.325370212255104	8.06819964260833	-2.91346497383219	0.00427132577962288	0.0144951318568961	-2.681768369938
10025	-0.0872871142086435	9.62209616453662	-1.02308725022984	0.308344047066863	0.439882871981397	-6.24080852211605
10026	-0.496262784396793	8.80710331795682	-3.80128006577123	0.000228596328477174	0.00130221080911825	0.0204389989953633
100287932	-0.107307584788261	11.5905814298229	-1.84082584138886	0.0681406986610994	0.136465282442925	-5.09715125645183
100288413	-0.00911579669506024	10.4148347924503	-0.0947985638852447	0.924634434843464	0.952423049233946	-6.75482329266679
1003	0.749408239370807	10.1964940033688	5.27064673450101	6.15891002281242e-07	8.8628217401447e-06	5.6436531989478
10036	-0.132841451066536	7.90240578368212	-1.33052882191323	0.185890759502124	0.297511659269046	-5.88504771926757
10038	-0.00143659286603014	9.52900261030006	-0.0213951752070842	0.982966292585619	0.988613883254756	-6.75906678316486
10043	-0.103700692962503	10.1973253795133	-1.44169765005389	0.152016893316001	0.253719850230383	-5.73418323316908
10045	-0.349125651754728	7.65102216447783	-3.43622925658952	0.000813341108931686	0.0037240562969932	-1.16170979253012
10048	0.22595293181255	9.62827962088619	1.78447627709205	0.0768971054238296	0.149874962435307	-5.19602359791012
10049	-0.121800023454793	10.8492067912275	-1.6433590739825	0.1029510371644	0.187886780154208	-5.43081472586316
10051	-0.0682294895396783	9.55413106361445	-0.814460132938159	0.417009974526249	0.548400316762747	-6.43017271844895
10053	-0.179079688962333	8.76276718735466	-2.35626047045133	0.0200960846326033	0.051216803167326	-4.06027357295677
10054	0.109305403533535	8.86839760532111	1.60728687344684	0.110644350800742	0.19906825040604	-5.48787194499008
10055	-0.0718955888791303	11.8802794530735	-0.925653505150761	0.35650140663298	0.489153092821996	-6.33452076074879
10056	-0.0791355100768815	11.873744937361	-1.24091109782086	0.217081875867237	0.335346230533641	-5.99811260418831
10057	0.549827301005237	7.89535641780917	5.70103526274833	8.83439121205161e-08	1.71295942280625e-06	7.51185086641801
10058	-0.309191307059026	8.56710871744093	-3.86827816538776	0.000179392517991698	0.00106297144807132	0.247588517219224
10059	-0.0769838445509624	9.70165120388334	-1.04954255127029	0.296057500968217	0.427150211003925	-6.21377403708116
10061	-0.237725597081898	8.1803036693228	-2.59587026806017	0.0106243265068248	0.0307164637544183	-3.49928190377039
10062	-0.0564000323668633	8.90737275996139	-0.505618173180897	0.614060960043375	0.721602437040586	-6.63223288668931
10066	-0.0666973404894708	8.51286203139089	-0.779508568737999	0.437229320270076	0.567758872100429	-6.45774306461205
10067	-0.0229762738098162	10.6474906275703	-0.373216290733388	0.709652155026079	0.799149826269251	-6.69003088741978
10068	0.884671975827465	8.44802905330649	6.23186218801081	7.24677024089303e-09	2.05698701683081e-07	9.92690962357523
10069	0.0901835698050334	7.7208458951206	1.47838566688329	0.141949357531763	0.240985838964476	-5.68183058719189
10073	-0.131462237251005	9.32115015416661	-1.66527734374789	0.0984907663236675	0.181754631330092	-5.3955549109679
10076	-0.483489565962511	8.19824774164204	-6.16063518251891	1.01992664912514e-08	2.78960070257405e-07	9.59635156243282
10078	-0.0771114417977858	9.06505582229301	-1.2651020740884	0.208308995134313	0.325261304311801	-5.96834771841026
10081	0.0389462450641634	11.4744270259124	0.591384393704984	0.555385776722537	0.673244278797792	-6.58554042104005
10084	-0.0265035544102108	8.79961892850478	-0.372111288187609	0.710472500968401	0.799793459509173	-6.6904401844418
10087	-0.0679107429988754	8.0170034234233	-0.953910290329406	0.342064726016971	0.474149125172038	-6.30829284478543
1009	0.694658899669442	10.6281997686226	4.45422965531189	1.91463483552476e-05	0.000162872129159985	2.36028228614374
10092	0.313999512407359	12.5663632253893	3.48510072183244	0.000689787201925223	0.00323362218382653	-1.00901581519026
10093	0.140676108665977	9.6744084990748	2.10776175773075	0.0371525276827829	0.0841689189961018	-4.58965805212871
10095	-0.344722282701785	10.8095982578277	-2.92472948676978	0.00412984716201796	0.0141428431004429	-2.65126434074204
10096	0.100491952395194	11.1374521117773	1.18678439522471	0.237678949389233	0.360632027001632	-6.06268163211246
10097	6.2045619405619e-05	10.8767166414757	0.000893539462600024	0.999288556483174	0.999772707915579	-6.75929414342883
10098	0.369072556731358	7.98522472491376	2.82856366037683	0.00548940068075514	0.0178373129909667	-2.90839132757415
10099	0.184773463226818	10.1184709596808	1.9631794415804	0.0519605296700855	0.110503083180975	-4.87250798618168
10101	-0.0550053228773769	8.05421783724615	-0.662785375304044	0.508751067333509	0.63091385865804	-6.54113412801569
10102	-0.251195207554178	8.4340643421275	-2.6169081928849	0.0100252601307655	0.0293024234536883	-3.44770540790854
10103	0.109915208083081	6.60994824523713	0.518826185473601	0.604846440963736	0.714944419341795	-6.62551554489868
10105	0.0225679625694393	9.12863634649218	0.231122123064107	0.81761725200369	0.875488527553861	-6.73272242902659
10106	0.207213919343956	10.8495454532333	2.92194315629027	0.00416443604202402	0.0142236415199107	-2.65881912590722
10109	0.0981511670230197	13.48295511859	1.99748088452977	0.0480565407582464	0.103912834205004	-4.8070992135485
10112	-0.297922064703532	8.62670316106741	-2.57190912751094	0.0113457523151542	0.0323046929069886	-3.55757275361031
10113	-0.142464495984272	9.51922520166827	-1.53415871279156	0.127647780560848	0.222300372640229	-5.5998186785899
10116	0.148024881379762	6.63172366203918	1.607978171848	0.110492707809101	0.198925406822837	-5.48678986598172
10121	0.115258575546579	10.1694982305304	1.56828567206205	0.119472529633169	0.211044288872964	-5.54819803672582
10123	0.221545726622279	9.02557228150203	1.88378825402236	0.0620366140832998	0.126579880644812	-5.01982016963093
10126	0.219984025307607	8.93569302191647	3.67661739844355	0.00035611743496248	0.00186919051433827	-0.393930693504807
10127	0.139556417701236	8.41119329633542	2.23433458334331	0.0273304000977353	0.065701136439841	-4.3267800974173
10128	-0.00247360198141145	9.70929058892788	-0.0343225630048123	0.972677497256822	0.981950150005053	-6.7587084037105
10130	-0.643145326348941	11.6725702110912	-5.31053921961102	5.16250272644492e-07	7.58759297516638e-06	5.81312306759871
10131	-0.326496627173748	9.17961843983413	-3.23591776771796	0.00157086903715241	0.00635736317828462	-1.76897797455293
10133	0.448806792294874	10.2645299742586	3.29408564173688	0.00130127667707251	0.00544781822231065	-1.59574688162243
10134	-0.325138434303928	12.7940813356665	-4.97012703507664	2.27102594610886e-06	2.7068794105136e-05	4.3928802887289
10135	0.183102036384987	8.44415827371297	1.60214765670855	0.11177691167566	0.200799758686593	-5.49590232337307
10137	0.118437665004616	8.75623758880932	1.7748430592713	0.0784832688157439	0.152212209536991	-5.21263507697682
10138	0.304027491974847	7.25879308352658	3.98300784623584	0.000117673976874305	0.000755234692293517	0.643655996941616
10140	0.667440816272841	7.23459455316806	4.32252018369361	3.22284034501863e-05	0.000251375460338564	1.86637077461352
10144	0.0287163504460317	10.6063177914067	0.217758431444628	0.82799067222836	0.883161538301427	-6.73570583620667
10146	0.114404100729264	10.1617273304553	1.02401398442177	0.307907955553763	0.439564416328047	-6.2398729543121
10147	0.0739841842736411	9.06050763294023	0.96428772941337	0.336859202332977	0.46874275796334	-6.29846556191678
10148	0.0112507381168792	14.1821033699113	0.0652956203048383	0.948048308587401	0.966655848528815	-6.75717324069701
10150	0.273483035154939	10.4087411274181	2.76537532099078	0.00659367552141093	0.0207774051445642	-3.07325984038848
10153	-0.158766945067994	10.7132492811305	-2.14803779182466	0.0337399334589089	0.0778903997681911	-4.50754437413867
10155	-0.181798267839823	10.2998728190278	-1.98587468089327	0.049348594046724	0.106095623848501	-4.82934944941902
10157	-0.223499858283423	7.43360591934895	-2.222783626504	0.0281214961589552	0.0671339763794712	-4.35135542850065
10159	0.158026948158101	12.5655183184001	2.98994667517615	0.00339197648773474	0.0120714027525588	-2.4726650043672
10160	0.627020207402839	9.10496853076415	5.50046663570121	2.2060526559014e-07	3.76487498713752e-06	6.63050215095859
10162	0.331711152492103	9.78352445604807	2.95595954746753	0.00375982269564053	0.0130872884391027	-2.56616299656554
10165	-0.176848008223462	9.55006137746694	-2.68247511625624	0.00834861403209841	0.025121876832471	-3.2845919142235
10166	-1.01254172867388	9.10534239184448	-5.76155582614414	6.68033114060671e-08	1.35910185274412e-06	7.78130662976387
1017	-0.0378991864593253	10.1835148691576	-0.550834923934332	0.582780561558106	0.697142279286018	-6.60852144505407
10171	-0.0931423774637297	8.79193150885729	-1.01518979125564	0.312077117919953	0.44359955154342	-6.2487474959361
10172	0.144693933323548	8.02644186510721	2.59652997526988	0.0106050617636507	0.0306822452426462	-3.49767020008148
10174	0.392300577690536	9.03697067066743	3.60568691964742	0.000456212011775263	0.00231468747989169	-0.624808237346599
10175	-0.0161265933825497	11.1367370858705	-0.241342879248921	0.809705169010099	0.869722327181199	-6.73032089947641
10179	0.129708328291521	9.06220768675371	1.74938914856053	0.0828045051610185	0.158598249124543	-5.2561173936729
10180	-0.0567719568327216	8.82935473642025	-0.768675423570407	0.4436104398737	0.572624196492696	-6.46604551721647
10181	0.0572129308501823	11.40364227877	0.936887804193325	0.350715739501868	0.483403080625563	-6.32418612941608
10184	0.273749761453012	9.31095992215008	2.91732222938683	0.0042223863610161	0.0143703796217523	-2.67133447075101
10186	0.907566756286874	10.5410182372759	6.46305256753854	2.36079286616253e-09	8.12506211437605e-08	11.0126456848025
10188	0.01503334875215	9.18908064424428	0.147923246345883	0.882653951917426	0.922642576922037	-6.7484083925189
10189	-0.328405213603344	9.53891627556231	-2.76578207176979	0.0065859625396883	0.0207713060625526	-3.07220899700915
1019	-0.0368707236047767	10.8096818160835	-0.522671971476885	0.602175292417869	0.712807095925996	-6.62352724063727
10190	0.125282816052214	10.2081081537622	1.37369787055518	0.172120430466858	0.279149550149141	-5.82785515948416
10194	1.02619511597177	9.11180572681181	7.26273843300519	4.29129721063047e-11	2.76922773123498e-09	14.901505320281
10195	-0.133227077533189	10.5349505096215	-1.55841148428315	0.121794052222484	0.214136914010708	-5.56324583304266
10196	-0.0182344012780164	8.67359020915173	-0.219976223804857	0.826266978222198	0.881778454795265	-6.73522300380309
10197	0.0626520063363482	9.48473823037087	0.711157442566571	0.478379747963197	0.604376983508108	-6.50819898079195
10198	-0.314935421084301	7.68033943222392	-4.43853656078744	2.0382545856352e-05	0.000171912996306517	2.30087741152009
10199	-0.140091905211243	9.94153890790572	-2.29887235326966	0.0232585702027119	0.0577618129508118	-4.18732453409244
102	-0.277628743251755	9.94093781906076	-2.41874683036146	0.0170904532537525	0.0448434383341791	-3.91869982346299
1020	0.347118713142389	8.12541077980562	4.12524473598205	6.89803103103087e-05	0.00047521047803432	1.146849432368
10200	0.184440964553578	9.10673501271332	2.05560607148895	0.0420106509041131	0.0930331778097434	-4.69384845727512
10201	-0.0823958974188422	8.79831713394088	-1.18676818271986	0.237685321428194	0.360632027001632	-6.06270055153101
10202	1.61898520581251	7.57989943671922	5.06894149237078	1.48592352855137e-06	1.8751829775654e-05	4.79899987256578
10204	-0.387332882878936	10.0119886449855	-5.71136040654377	8.42394447487932e-08	1.64495937027194e-06	7.55770861234096
10206	0.0223306419994943	9.90655003041659	0.184698187348256	0.853780493318827	0.902165392709928	-6.74232367428266
10208	0.0145022092445487	8.60534456204946	0.239769142689342	0.810922168557446	0.870350456377924	-6.73069743501585
10209	0.143243621981492	13.8106867597558	2.36529415036187	0.0196345107914447	0.0502731119458565	-4.04001424202702
1021	0.333094412552894	9.78251318692639	3.38058869826496	0.000979224320263772	0.00428366471566946	-1.33340567280319
10210	-0.0249161825551654	8.53141856383695	-0.430949726290593	0.667285337377502	0.764781030489547	-6.6669626772887
10211	0.253600049187971	10.1692752874792	3.3079425296521	0.00124376784284905	0.00523448286305546	-1.55410107090475
10212	-0.186989042331988	10.9978131454559	-2.64294455801327	0.00932612736684663	0.0274991638000349	-3.38336233956556
10213	-0.0292152545512089	11.7649362373113	-0.481044592986826	0.631369022112075	0.736493168005329	-6.64427155781505
102157402	0.0430036312301365	9.89130113517248	0.467927030582805	0.640693510652303	0.744306196772614	-6.65045336592133
10217	0.351273460250048	9.63825412485832	3.96940659423787	0.000123759054066531	0.000785741573089579	0.596239436907233
1022	-0.449226260767458	11.8501011419439	-4.34833735105972	2.91240280413401e-05	0.000230573595944636	1.9623454645438
10221	0.0574680893046454	10.2974398371164	0.732814751309819	0.465113943831412	0.592133878121287	-6.49270797998201
10226	-0.00412226311641177	11.501537210635	-0.0537937295281423	0.95718980315346	0.972256243734331	-6.75785474843791
10227	-0.229238002831511	9.86359527102314	-3.39629661293195	0.00092943366633552	0.0041252671058202	-1.28516693910711
10228	0.0616288129002699	8.88481025313931	0.934515108117837	0.351932630341348	0.484493921103256	-6.32637904653597
10229	0.113859685334894	7.59907131601409	1.31951196613937	0.189533678419402	0.301879711481731	-5.89935971765219
10235	-0.00255126799041066	7.47664977338367	-0.0286201714526907	0.977215516232491	0.98544258093604	-6.75888698700087
10236	-0.0433299638933918	11.4517718323999	-0.797233097925841	0.426905144613473	0.557419616583511	-6.44391115387393
10237	-0.215035368260688	10.8808403828639	-3.11957873639198	0.00227295842575828	0.00864792104871645	-2.10767567213613
10238	0.147097419815032	9.87712065604875	2.94360262465835	0.0039024238192213	0.0134865320739655	-2.5999285763461
1024	-0.000358445715457798	6.6290035102834	-0.00378162725915699	0.996989043904817	0.997955586846072	-6.75928742528432
10240	-0.277287811486432	10.349681361217	-4.27717244802655	3.84674616850106e-05	0.000292310242427035	1.6987959290218
10241	0.213626592291305	9.06796440706004	3.0905317961887	0.00248887393839288	0.0093023071181562	-2.19060522676132
10244	-0.0222573192089326	10.5779786259446	-0.324861830146664	0.745856645316797	0.824654484146328	-6.70680847710746
10245	-0.186608085132084	9.77466445597992	-2.93873762174157	0.00395991906950532	0.0136457786875736	-2.61318885345398
10247	-0.245377606130398	8.40956244226255	-2.25705386640159	0.0258309819329516	0.0627910273002297	-4.27810243450042
10248	-0.441477803968	10.578882549732	-4.5010615160022	1.58721997069809e-05	0.000138588128519728	2.53844223146007
1025	-0.066393004953441	9.04453845241581	-1.01351715840656	0.312871613964924	0.444251463163343	-6.25042116458674
10250	-0.100460215718157	10.8207278018212	-1.70291176915039	0.0911978196795033	0.17108652976441	-5.3339740122402
10252	1.0338215868664	8.39731912775196	9.02832059987204	3.75545579962311e-15	9.69377028277716e-13	23.9988280406264
10253	0.0442177302969896	9.50844211721859	0.610018141824874	0.543014125155282	0.661645769845498	-6.57443598091152
10256	-0.295037245569426	7.23320380004089	-3.60027964778485	0.000464845031586714	0.0023423860028657	-0.642261518325804
1026	-0.570766606612846	11.3440974441157	-4.84563422289894	3.84825825102881e-06	4.19348458489419e-05	3.88866942627076
10260	-0.0423495506475786	7.74110421204551	-0.424930648835098	0.671655380236984	0.768403523650621	-6.66952189654058
10262	-0.0343388203643702	9.92196436301628	-0.616903778429355	0.538477915871105	0.658060006671894	-6.57024600011804
10263	-0.459895308272087	9.10908358947138	-5.18338694436661	9.03684528388401e-07	1.21967879158304e-05	5.27571437764419
10269	0.0124020521151258	11.3582259880981	0.188689678605008	0.850657791510819	0.899671364645246	-6.7415823499614
1027	0.264287683901829	10.6144046749415	2.99764706595283	0.00331338243662482	0.0118529835108363	-2.45135384789131
10270	-0.0245806766021614	9.47933978889662	-0.463047718329968	0.644176733625722	0.746792957157679	-6.65270935532526
10272	-1.09388539447647	12.7508224035978	-4.40278962934118	2.3492349242797e-05	0.000192889467937876	2.16611832669536
10273	-0.203593927095107	9.8220617280966	-3.3740780448208	0.00100058593876521	0.00436369580475218	-1.35334589460004
10274	0.00298595842549937	8.6811483015428	0.0489458734798599	0.961044570756132	0.974579829917951	-6.75810255892721
10276	0.107463350291449	11.1693163499287	1.22959604303681	0.221276462672679	0.340488744723609	-6.0118426534516
10277	0.102734441986587	10.0877572895468	1.39749113583813	0.164868609267312	0.269773120552297	-5.79557681669225
10278	-0.138458731708974	10.1257363930933	-1.50327014376823	0.135421384807876	0.232892075476381	-5.64559998674998
10279	-0.391836931647684	8.51119370725972	-4.73674863276559	6.06350989669252e-06	6.05617796211369e-05	3.45466309749598
1028	0.0656669957137005	13.6838294881362	0.747432973947224	0.456278164180443	0.583233926977787	-6.48199161147402
10280	-0.213079641510517	10.3071654794723	-2.28049724037124	0.0243597803126661	0.0599379759852911	-4.22740032249512
10282	0.0933917327772559	10.3929310684313	1.02951900371533	0.305325991658296	0.437011382966128	-6.23429831120689
10283	0.0842671077978138	9.63377728738507	1.26243697483534	0.209262543055179	0.3263208145628	-5.97165430798039
10284	0.203958631677621	10.2838410350462	2.90438898217818	0.00438854013736599	0.0148259065581362	-2.7062718702932
10285	0.177840716553894	10.0745281451592	2.5028336942499	0.0136782830390841	0.0373743360578348	-3.72290572092126
10286	0.115742406030286	9.34601332772779	0.866652751868188	0.38787818246958	0.519603273953736	-6.38677791084052
10287	0.556837761109409	7.6573080645775	5.66744214224256	1.03101248155916e-07	1.94877874088757e-06	7.36297585734944
10289	0.151308304125115	10.406780163384	1.81299790239151	0.0723553592299307	0.142604454125323	-5.14634204622965
1029	0.12825239952003	7.09600937701176	1.37302920245038	0.172327667287253	0.279377140685517	-5.82875453408512
10294	0.0774818472185357	10.3894114608226	1.29652480061716	0.197305886593898	0.311376886370959	-5.92885022958909
10295	-0.146014130219688	10.3264462029095	-2.10199433909419	0.0376647820891979	0.0851193160210055	-4.60129864674671
10296	-0.212155998691034	10.7135701819348	-2.41906103050176	0.0170764080204156	0.0448208230850438	-3.9179794650844
10298	-0.0855786043043079	8.88891728525184	-1.2999377536194	0.196137223395041	0.310006403605634	-5.92450353643748
10299	0.101516910672033	9.96103056583967	1.06394709640558	0.289509059664951	0.419534181198683	-6.19876935070983
103	-0.014647368507687	11.4245977494491	-0.238100350159667	0.812213182308855	0.871396400294992	-6.73109402547236
10300	0.109311696848567	7.99736029370532	1.91811656694189	0.0574947579202101	0.119323291563049	-4.95682380261416
10302	-0.0980593151361782	7.96182702563867	-1.36722454074622	0.174134624619249	0.281808777303095	-5.83654412282618
10307	-0.276113822230166	8.78592799900738	-3.09442046066489	0.00245890541951795	0.00921113776200374	-2.17954117111204
10311	0.179352286184301	9.08784637230511	3.26440619909984	0.00143291346693451	0.00587499462351204	-1.68445716458621
10312	-0.217337194024923	9.733992607091	-2.15841924114044	0.0329055985224951	0.0763483830887104	-4.48614602027975
10313	0.190487007278119	10.9047208060798	2.36208363147306	0.0197974663207006	0.0505546486453023	-4.04722236716731
10314	0.323749359435058	9.33744275826128	4.64197513412065	8.96104662206084e-06	8.45922801122544e-05	3.08235966918527
10318	-0.0209725910249198	9.26848475741071	-0.252990308550758	0.800712667045158	0.864208834294185	-6.72745760819717
10319	0.950962365011646	9.65804869763257	5.29898079322744	5.4337560356221e-07	7.92982771276299e-06	5.76394046926204
1032	0.416640017144748	7.71873721366036	4.3054867409357	3.44483257082429e-05	0.00026617696010298	1.8032760374856
10322	-0.0252176634803374	7.56230547358609	-0.357264159135237	0.721527510922943	0.807125845100692	-6.69582217931992
10327	0.130517731529575	11.634775443328	2.37186400768934	0.0193047394723189	0.0496133005729167	-4.02523613800936
10328	-0.236773036123481	9.28541954843212	-3.04924575688005	0.00282859328982961	0.0103564630203868	-2.30734253603722
10329	-0.211844857287726	9.72815905158085	-2.66458570280977	0.0087788743800183	0.0262065422403148	-3.32945101470275
1033	-0.126440848646253	8.74961824730231	-1.00751992791094	0.315731361739588	0.447289793690579	-6.25639981330516
10330	-0.484022558342871	12.8571901571707	-5.74085957602943	7.3515688461108e-08	1.46322791973193e-06	7.68898166320916
10331	-0.0170384826826227	9.43392076386158	-0.0813260955870422	0.935319386219174	0.959473185304416	-6.75600383167153
10332	-0.0551452453238106	6.77300282152199	-0.415964131278124	0.678186216154317	0.773838671837913	-6.67326777263088
10342	0.00719048139573677	12.137085433633	0.0957499524513754	0.923880390185237	0.95184887771175	-6.75473309988614
10346	0.0522385769244735	6.84022776801714	0.394733361472155	0.693746998277292	0.787084141419454	-6.68181958696775
10347	-0.758132197956719	7.98711011244201	-5.11500287249858	1.21731595270014e-06	1.56864738990689e-05	4.99005555942242
10352	-0.0147303738725474	7.92618887230261	-0.114500336856649	0.909034346044325	0.941874523121691	-6.75277178455116
1036	-0.198191937577757	12.9589209435825	-1.78039851874345	0.0775652720320169	0.150963512484557	-5.20306566433421
10362	-0.285897511067113	10.9313664697094	-3.18271047931427	0.00186224316353399	0.00730742448018562	-1.92517429548928
10363	0.117833799851908	7.96290686269257	2.06099024147902	0.0414851268305183	0.0920405983400702	-4.68320490314852
10365	0.867013484454546	9.37498875884558	6.10100191899364	1.35586517486559e-08	3.57809787360696e-07	9.32108486595228
10367	0.0629660120827149	8.4860439137916	0.870028025190047	0.386038480534658	0.518134740312489	-6.38387997654927
10370	0.300505226329153	10.3855821031386	2.43893338984625	0.0162086579030807	0.0428564386297845	-3.87224674416823
10376	0.0345638099052459	14.4372592210351	0.529155510009001	0.597684285848468	0.708809636000291	-6.62014210679776
10379	0.238151454520332	9.48121605413196	2.63748485903245	0.00946897286762326	0.0278936219281627	-3.39690164947834
10381	-1.05348546624716	10.268373746762	-7.53500272781663	1.0548610891521e-11	8.45937145281196e-10	16.265675271257
10382	0.599403784013477	7.25357358373837	5.0598243112172	1.54554824280173e-06	1.9313507542424e-05	4.76131387973289
10383	-0.154570429778224	12.375467272617	-2.01890405039463	0.0457471502764006	0.0998603227492255	-4.7657109305509
10384	0.659738807298768	6.54486756095516	6.8136946086473	4.16700938496954e-10	1.87152313626688e-08	12.6940921602455
10390	0.126930950656788	9.767410028797	2.23168433491128	0.0275101696299426	0.0659796751287241	-4.33242899804501
10392	0.0792793718695951	6.62376282031405	0.862410719446656	0.3901979721399	0.521611142559569	-6.39040425301948
10393	0.0788031047576301	9.25359470532169	1.46769723966219	0.144827329222683	0.24473685339185	-5.69721356308277
10395	0.674327810571641	8.38756918573837	3.80754903074274	0.000223497429821858	0.00127580426422152	0.0415622976051502
10397	-0.103777633965879	11.0500399320476	-0.598909733719434	0.550372669693532	0.668147891191736	-6.5810970446847
10399	-0.0382225320977586	14.3882102468414	-0.772235917863706	0.441507256808825	0.571248424379839	-6.46332946573327
104	0.336029105829432	7.95409909269938	2.68287054488477	0.00833932312639165	0.0251122161954047	-3.28359734656368
1040	-0.1199623016914	9.33160910634821	-1.17677912817461	0.241634600283014	0.365817778287701	-6.07430944320212
10400	-0.209694984268017	8.71688775919278	-2.38168684620744	0.0188208274878026	0.0485660840516243	-4.0030714073135
10401	0.0347034015365587	7.55586302740813	0.388718243834064	0.698179925860723	0.790553069697341	-6.68416128296882
10402	0.103879463246331	9.36394476966029	1.13962069403208	0.256735420710055	0.382647884349522	-6.11665167379075
10403	-0.050630106183099	9.02695194993498	-0.398727459100058	0.690809331203935	0.784881028300482	-6.68024486527865
10404	1.0358359483649	8.04538961401508	6.30009534041801	5.21460151226327e-09	1.55259137578459e-07	10.2453470084319
10409	-0.263014477919763	14.1487183032723	-3.16985542834948	0.00193981462512909	0.00756152373929508	-1.96258555442425
10411	-0.115509879486644	6.2298741128097	-1.60091159429055	0.112050687409134	0.20107292591776	-5.49783008349142
10413	0.229106634551924	11.1998948239164	2.57413554542437	0.0112769094807164	0.0321752235961026	-3.55217682456063
10418	0.557114330682565	9.22630991715791	2.9826885314137	0.00346762676989793	0.0122824172896042	-2.49270915290798
10419	-0.00745870919357846	9.58808024077054	-0.0939341768495259	0.925319583934391	0.952689102541561	-6.75490445684689
10420	0.0792933807890759	8.26247006458737	0.675344568953016	0.500768403622968	0.62331627639652	-6.53280407267732
10421	-0.0234584652406265	9.57457522230221	-0.462901108972764	0.644281517553518	0.746809617596416	-6.65277677673985
10422	0.17887402566421	10.7873037958197	2.23563545605672	0.027242536500458	0.0655600764176671	-4.32400508559033
10423	-0.131108486711725	9.54467196724604	-1.67377638989208	0.0968038463567279	0.179121812479071	-5.38176264105755
10424	-0.0957368549138825	12.7018562008854	-1.30984755083667	0.192773027988086	0.305859625659161	-5.91181963706558
10425	0.0806258129830358	9.48354601239317	1.29535323851213	0.197708240483518	0.311773590376834	-5.93033975599223
10427	0.0964394144612898	9.40157678471854	1.09361660268371	0.276334262329697	0.404917687926787	-6.16723179538885
10428	0.0816547995255382	9.99346018214864	0.958121950759283	0.339945825189328	0.472004121039478	-6.30431708482135
1043	0.00743804353632336	6.75722057350492	0.0426922997319674	0.966018442739545	0.97809663361469	-6.75838768620495
10430	-0.110677089596129	11.3859919972601	-1.57057649276069	0.118938983432845	0.210326697314343	-5.54469390838425
10432	-0.160025869998805	10.1828536636776	-2.26640517539406	0.0252350557063455	0.0616691006314833	-4.25793543929457
10434	-0.178172295602262	11.0473856741174	-1.95664140067215	0.0527343624477542	0.111774655842558	-4.88485492673985
10435	0.632440951558311	7.7835618954	7.4696653443582	1.47950778501557e-11	1.09113699144898e-09	15.936685018021
10436	-0.128391337810788	10.5603895045811	-1.75473817710519	0.0818805627014787	0.157213725689032	-5.24702922314171
10437	0.305481291323197	13.4938545456784	1.35393671511302	0.178324944687438	0.287463708649149	-5.85425540193062
10438	0.562798389694503	8.04287510937188	3.21095641596185	0.00170182478184289	0.00677449286651678	-1.84252527325106
10440	-0.115598207184922	9.49448140697205	-1.44575765135303	0.150876406462222	0.252581904616529	-5.72845218430991
10443	-0.323235262512639	10.5132707122891	-3.89339518139544	0.000163689877380885	0.000986198677728744	0.33353620928743
10444	0.139117782849322	7.58126671755683	2.04978427594648	0.0425852987184573	0.0940268824951771	-4.70532796862812
10445	0.0136747577291735	9.72396019752243	0.183128484548994	0.855009172760035	0.902886188570428	-6.74261086959173
10446	0.65362183157142	7.3642336686028	4.27132377683389	3.93520761981549e-05	0.000297663140473223	1.67727685531315
10449	0.0337918045873057	9.51701491406738	0.418454710180345	0.676369699305495	0.772833547691713	-6.67223529072897
10450	-0.0968073051787909	8.69723560571963	-1.39814417429615	0.164672908840654	0.269559696199722	-5.79468333249538
10451	0.491538315406371	11.4715497460493	2.22171128438164	0.0281959420959156	0.0672922512892988	-4.3536309609387
10454	0.0347302781640152	7.38826830183461	0.531429065133167	0.596113101089877	0.707557725966717	-6.61894522025255
10455	-0.0275557848560158	11.4324029018412	-0.349082500048168	0.727644933203881	0.811348028519327	-6.69869454438608
10456	-0.150878198124144	10.2849541943864	-2.45809178912742	0.0154094633924696	0.0412301761960302	-3.82783718939184
10457	0.301670583967127	12.8178620930407	1.03306339004966	0.303671322207747	0.435473111360415	-6.23069356455585
10458	0.113736681318618	8.61438770221696	1.10477100255475	0.271489876208855	0.399306691147639	-6.15515526195483
10459	-0.0217180620257338	9.4343944738337	-0.284893740669234	0.776221276545233	0.846414223665165	-6.71892465507595
10460	-0.0237967389889696	8.27794792873892	-0.220928008838608	0.825527499238886	0.881216999704471	-6.73501429288823
10461	0.557189055738399	8.26138094082811	6.01053435237786	2.08304445854588e-08	5.12830482390513e-07	8.9061341691141
10463	-0.0220864428541669	9.3534701827373	-0.392084470603771	0.695697839988864	0.788158573351806	-6.68285522410649
10464	0.0465538381062035	7.96724237490552	0.7356400229606	0.463398773939397	0.59059927059704	-6.49065316996124
10465	-0.140676515159217	8.63330532346592	-1.93629883975173	0.0552047352966346	0.11549926888303	-4.92302446643952
10466	-0.0258007562233257	8.50192390957192	-0.459697676737858	0.646572843021282	0.748415314371607	-6.6542446322784
10467	0.0328214446398418	11.1953270282014	0.584667564347377	0.559879277638573	0.676903225013849	-6.58945923469717
10468	1.09689653669559	8.28828235419893	7.39206348457627	2.20835626065125e-11	1.53763450913156e-09	15.5472445558768
10469	-0.126623963347164	7.89757062713875	-1.48724092591701	0.139598845350784	0.23819179148884	-5.66900449522719
10471	-0.214496469528299	9.09497269041288	-2.28143723037442	0.0243023558676361	0.0598144992451353	-4.22535736053467
10473	0.0164793263423294	10.6158905432243	0.331665567268458	0.740725808205773	0.821261097420092	-6.70458801416446
10474	0.0907566720978245	9.55471061633538	1.38340254006044	0.169133933131794	0.275225824993818	-5.81475442221701
10475	-0.252363289359323	8.15971680411448	-3.58134587504628	0.000496305908780986	0.00245920024386979	-0.703209451413685
10478	0.0893609800221928	8.58917155849686	1.58542232724804	0.115527003240125	0.206191237416472	-5.52186631616824
10479	0.315552692288243	7.77515517937245	4.17773241743604	5.64648797319771e-05	0.000398972151451167	1.33586761655575
10480	-0.107245561370631	11.6720571022087	-1.60611006286415	0.110902878356138	0.199316313146583	-5.48971296479343
10482	-0.0632267318387852	10.3902698278179	-0.856658054450002	0.393357473497976	0.524138204725485	-6.39529390421044
10483	-0.318349012138001	10.1718244648269	-4.2253962861538	4.70111392974693e-05	0.000342426817105023	1.50904465086165
10484	-0.402118434637387	8.28565317530786	-3.77275050061848	0.000253229778988734	0.00140758948482298	-0.0753479771087404
10486	-0.0832491587808192	9.84600845911591	-0.927525199631832	0.355533277209289	0.488149080742806	-6.33280748435581
10487	0.119472352586555	12.100236389721	1.77051717928945	0.0792042716558645	0.153178947290433	-5.22006688189008
10488	-0.151816909273178	8.21215353188931	-1.93977508683363	0.0547757913607771	0.11479343525178	-4.91652834449358
10489	0.0512600446202952	9.44852041200571	0.663299759372544	0.508422801770889	0.630755833978303	-6.54079600363514
10490	-0.107043579521566	11.43793481198	-1.84148206881628	0.0680438308820582	0.136358891791213	-5.09598272019198
10491	0.149189670271459	9.288489874868	1.43290152700553	0.154510582260162	0.256999075607921	-5.74654636771848
10492	-0.0478321347688295	11.1088022856579	-0.537501371458555	0.591926087106875	0.704299101701479	-6.61572349227699
10493	-0.0771183545119249	9.81141722177532	-0.913160727380638	0.363006292326194	0.495793224850922	-6.34586879487801
10494	-0.0725766882969785	9.80358194590103	-1.0666721234256	0.288281433266398	0.418268863302379	-6.19590822176004
10495	0.435785558434434	7.35473040041185	6.5665139537712	1.42086903439782e-09	5.33471737460273e-08	11.5045907288147
10497	-0.347249119093133	7.52013397638249	-4.18384242306	5.5158231304625e-05	0.000392088632165407	1.35798602616604
1050	-0.195432948662405	12.4207793467037	-1.87418472129265	0.0633597756154615	0.128682504692331	-5.03725211668292
10509	-0.335346096402123	9.54773980381257	-3.53224418428054	0.000587521465980584	0.00282146936569746	-0.860063831800234
1051	0.0302061924246559	13.109124050498	0.376439968472083	0.70726086976633	0.797321520986746	-6.68882990702881
10513	0.209094634110261	10.1071885922746	2.54677030786237	0.0121496952696673	0.034076904219848	-3.61820934202468
10516	0.93510442588884	8.62959601946752	5.24673942322826	6.84353740015553e-07	9.70074391294588e-06	5.54246762582036
10518	-0.392988685390813	7.98195765290282	-3.91658501957246	0.000150361985895886	0.000922726599925718	0.413269584354444
10519	0.0657544112221709	11.4517882932597	1.14119275797272	0.256083399238716	0.381960171331663	-6.11488720587155
1052	0.461133514199072	12.6014074989972	5.32797077902769	4.77825007337951e-07	7.12425010940699e-06	5.88742017550458
10520	-0.14243553944325	8.03749183038583	-1.6918370342113	0.0932967912581347	0.174106855285475	-5.35223162618394
10521	-0.252324102280716	9.97102808778043	-1.65548595664356	0.100463577936554	0.18432455658728	-5.4113613651929
10522	0.113171589419792	7.78235674674053	1.47553371484826	0.142712889266886	0.241955760538685	-5.68594568834159
10523	-0.119839800918248	8.54134740245125	-1.60703296402265	0.110700090062861	0.199125162003317	-5.48826927379933
10524	-0.358934415035012	8.7543256655811	-5.04277989272681	1.66332392568867e-06	2.06602340243435e-05	4.69097711055769
10525	-0.46766615499808	9.24879017458603	-4.62618839676919	9.55894699718367e-06	8.9216838640381e-05	3.02084558938559
10526	0.128058201650538	7.47293736113088	1.09674715022798	0.274968670769026	0.403202773043167	-6.16385456469601
10527	-0.346078297733612	8.18086107820207	-2.54798846763154	0.0121095896497341	0.0340106122090458	-3.61528333871085
10528	-0.419132497259189	10.728262229475	-3.91563150222819	0.000150888984955399	0.000924341891018943	0.40998394038719
10529	-0.148149656381409	9.18553165627658	-1.41596201676509	0.159401414123475	0.262962987948852	-5.77014932062889
10533	-0.0263901043096761	9.24728091798381	-0.37555813517449	0.70791471373957	0.797840842610021	-6.68915945764065
10534	-0.206873888000621	8.76318816765012	-2.92199079220241	0.00416384247107804	0.0142236415199107	-2.65869001938808
10535	-0.293869736197769	9.18868694816478	-2.21331201004239	0.0287850229718535	0.0683623604794452	-4.37141947347061
10536	0.0375452989309006	6.85802882530005	0.313377203260324	0.754543275386494	0.8305606949217	-6.71045236675023
10539	0.0243865257513867	9.57006157189551	0.295800013620795	0.7678988899829	0.840044916951866	-6.71577579507308
1054	0.167937517641104	9.96722865469937	2.17787378902735	0.0313901611807341	0.0735136748944892	-4.44578965213221
10540	0.0143845421162826	11.475138623992	0.289946087251101	0.772362618799032	0.843526719668366	-6.71748062525528
10541	-0.104701931706749	12.6678810289117	-2.13513055220535	0.0348027575277495	0.0799418179030063	-4.53401590234784
10542	0.0711369399760119	12.5229403295421	1.61959877188441	0.107968416242945	0.19518912632233	-5.46853368955776
10544	-1.16680057660756	12.3576122166278	-6.95473734622755	2.05264096280687e-10	1.04659347856696e-08	13.381282400405
10548	-0.134111197269994	9.93728285236276	-1.96367571535054	0.0519021862585687	0.110407432010244	-4.87156920959226
10549	-0.0718884473536384	12.6684776359856	-0.991990032310721	0.323217256811992	0.454661876918776	-6.27171948154088
10550	0.181246428969219	12.1524219030567	2.41141603399907	0.0174210775611212	0.0455559877431059	-3.93548290638947
10551	-0.716024157957929	8.44136267676277	-2.31831124419618	0.0221414804035582	0.0555048947294054	-4.14460891792806
10552	-0.139457122214905	11.2262765275004	-1.99555698101341	0.0482687067403804	0.104262426170382	-4.81079590331289
10553	0.0971270611098115	9.89272540370207	1.17218914614677	0.243464896951354	0.36791438873366	-6.07961160691857
10554	-0.00635299636658395	9.1970528472647	-0.0806147820070195	0.935883871000961	0.959583015698602	-6.75606114230342
10555	0.466747221643198	7.16972233912672	3.75405340057294	0.000270719117189851	0.00148285139787014	-0.137816269503509
10556	0.121952652730423	7.25113866862355	1.8842362024288	0.0619754657968233	0.126542094428392	-5.01900502436737
10557	-0.046458573119332	8.41167420779257	-0.681819843270664	0.496679116956678	0.619947730042239	-6.52844864020552
10558	0.118104732903783	11.1713337438772	1.02493423908913	0.30747532225373	0.439250460362471	-6.23894310444476
10559	-0.0176190678955032	9.64760888346819	-0.350832471704447	0.726334986182266	0.810418342005338	-6.69808575779317
1056	-0.496191317748786	6.80098280786375	-2.6967354183867	0.00801942069558966	0.0243049047594882	-3.24864301832438
10560	-0.188199328527554	10.0336625699738	-1.30433006069748	0.194640778225451	0.30840836910459	-5.91889321299576
10564	-0.580239322309378	8.43406431204114	-6.24059347213339	6.94857248995992e-09	1.99983305808603e-07	9.96756167409697
10565	-0.102713370426177	9.4630775777796	-1.71539699140677	0.0888777934864805	0.16768628921844	-5.31325516783884
10567	-0.424120990113383	12.035337654251	-5.07157862661639	1.46909878378341e-06	1.85830872190673e-05	4.80990858646084
10569	0.049009527484885	9.50072417139186	0.735469081607133	0.463502447718054	0.590640268150436	-6.49077771766598
10572	-0.209888053138109	11.1400779510773	-3.02028825849372	0.00309192088357573	0.0111720325889482	-2.38842138257368
10573	-0.153284708691884	8.62153475263962	-2.21351329161525	0.0287707816005046	0.0683481898246096	-4.37099391129661
10574	-0.0135442878996193	12.2026842058418	-0.20567210370726	0.837398844838424	0.889406513869793	-6.73825121486557
10575	-0.137377836646187	11.028276879507	-1.8268883511577	0.0702253213988121	0.139437777585141	-5.12187670397908
10576	-0.0506282571035877	11.6436696020587	-0.508863722509446	0.61179091136604	0.720266950952607	-6.6305982432736
10577	0.350165423877646	12.7666494102821	4.94348007141333	2.54411539716339e-06	2.96813463002396e-05	4.28425137600406
10579	0.17512855114167	11.6765521867544	1.29899942333492	0.196458013296286	0.310454025220456	-5.9256996885265
1058	-0.0957131668444275	7.81872335386028	-0.885338170692501	0.3777615808076	0.510605573142002	-6.37059543919587
10580	0.230383503432541	9.23628479459543	2.04251532777591	0.0433122271745481	0.0954023990564714	-4.71961845247056
10581	0.704592577790285	12.0381293461376	4.99362292144408	2.05404359106754e-06	2.47684672441137e-05	4.48897843983119
10585	0.0564170491341701	8.77263021404676	1.00799487996395	0.31550425153177	0.447135618494626	-6.25592760430263
10587	-0.0445769490575527	8.22460520682588	-0.702914534489889	0.483483282891586	0.608966610877832	-6.51397391769344
10589	0.146621860950022	10.7677499341347	2.4879628219972	0.0142333457943835	0.0386607814079605	-3.75797079024846
1059	0.318011082406133	9.10716078195481	4.53368027255125	1.3918454449024e-05	0.000123752888857845	2.66330703459969
10592	-0.109012245934752	8.32194871928879	-1.64224407088605	0.103182214425426	0.188267084416616	-5.43259650457078
10594	-0.121838736384827	11.1593632310823	-1.81489459632029	0.0720613889079316	0.142092879536767	-5.14301179079501
10598	-0.116304891327075	10.6526286354688	-1.60174373362682	0.111866317844284	0.200882798906079	-5.49653243753975
1060	0.109555316702147	8.07768989142222	0.901508820434338	0.369140705836502	0.501827226828424	-6.35631598280751
10600	0.00765714261207008	10.4029046901573	0.103635584839567	0.917633182593821	0.946864470733912	-6.75395086854547
10603	-0.471059582874705	7.68912983625612	-3.45285016349553	0.000769157596279218	0.00355128102027185	-1.10997656959392
10606	-0.160210669669052	11.4764013942447	-2.21586647787432	0.0286047407088063	0.0680320064079298	-4.36601601644671
10607	-0.244218594615362	7.0037617149905	-2.7054950484287	0.00782308876985695	0.0238709690576352	-3.22647735905513
10608	0.362033422606179	9.57551165680386	3.57539785427714	0.000506597283628667	0.00250268753754354	-0.722302953491791
10610	-0.328857236121318	8.1895528117212	-2.13078563174896	0.0351669877869392	0.0806886997555883	-4.54289372097878
10611	0.320445752172672	9.01198505331444	2.57970202290525	0.0111064296273454	0.0318207106215308	-3.53866771415953
10613	-0.182435907706587	9.6842778625786	-1.75378272099887	0.0820449754779909	0.157419627746389	-5.24865450506158
10614	-0.389886941502884	10.4912720723082	-3.71257888571434	0.000313693677193363	0.00167926751368579	-0.275514265719868
10615	-0.435391761137391	8.31504806479869	-3.79277708348734	0.000235689171513195	0.00133122096096566	-0.00816842588504763
10616	0.116632472842552	9.26037840107559	1.4475013025287	0.150388632559753	0.252020715143753	-5.72598609343157
10617	-0.106390934520862	9.4500487308371	-2.21734714367326	0.0285006937780665	0.067804069875239	-4.36288134525519
10618	0.0493974011928938	10.4078939940514	0.711574079478548	0.478122584153773	0.604144492138621	-6.50790531497786
1062	-0.477251654464117	8.29936914165404	-3.97945326511502	0.000119236096542907	0.000762298883470908	0.631252126256907
10621	0.0292808828978977	8.10482269390028	0.478627943046698	0.633082474342304	0.737869843168926	-6.64542322569791
10623	0.00432720136700587	8.65396436557832	0.0739804924549947	0.941150249284679	0.96235467431189	-6.75657142442963
10625	-0.281800191525302	9.60611406132748	-2.75759234451315	0.00674285290114111	0.02109695642554	-3.09334108074654
10628	0.964369986287652	10.9634506472311	4.47661606676446	1.75072979482456e-05	0.000150478960512496	2.44528136036331
10629	-0.113263869854945	8.0144509209883	-1.93023084530487	0.0559602763055986	0.11669575417426	-4.9343376361501
1063	-0.313969055753093	9.60383588747714	-2.63539507694647	0.00952417001191273	0.028036223912473	-3.40207744599911
10630	1.72107111750976	9.02013646545133	8.43241011737189	9.29910891096876e-14	1.60022165842921e-11	20.8714477418112
10631	1.10274158118436	9.10910012457929	4.71528700463221	6.62707684447035e-06	6.51662556372917e-05	3.36990516517358
10632	0.0025219410668371	13.5195269729197	0.0419660837916988	0.966596139814688	0.978400923629948	-6.75841827560733
10635	-0.0694636219865463	8.28267799802601	-0.762819138312588	0.44708232119391	0.575666402659657	-6.47048583810871
10640	0.185866078162943	7.71341234340255	2.41656787727746	0.0171881385430969	0.0450425204206789	-3.92369312193128
10641	-0.00543738299621416	9.43615586021376	-0.10425499508078	0.91714268226981	0.946476581153002	-6.75388680439427
10642	-0.140780478627595	7.75780346736706	-0.863538196861984	0.389580570240486	0.521207565627861	-6.38944213231069
10643	0.00582558569615902	12.2840200859505	0.0818302666453635	0.934919305683134	0.959189351005178	-6.75596290568396
10644	0.0872361423267133	8.53031971137878	0.811485260523262	0.418708885560482	0.549846644631094	-6.43256590444818
10645	0.081966346569276	7.94582536878773	0.908785553905928	0.365302086796713	0.497965204968312	-6.34980711921142
10651	0.175279979944115	10.6940059029679	3.01444795475066	0.00314770028940273	0.0113438064530831	-2.40469363870256
10653	-0.286171947032773	13.2256716860107	-3.97780288475613	0.000119968095671206	0.000764611473953827	0.625495916050313
10654	-0.042613565368583	9.98700181522721	-0.556135482888549	0.579163527453136	0.693719654402973	-6.60560960822447
10657	0.0609199209021544	12.151892830958	1.05015019624209	0.295779247524445	0.426972489435847	-6.21314513013337
10658	-0.31020673911557	8.7907529007286	-3.66882637091702	0.000365998624492378	0.0019121749767913	-0.419465172421283
10663	-0.333390341020106	7.8304377291866	-1.71048434680274	0.0897848584509734	0.169011606837976	-5.32142473258797
10664	-0.169545152722524	8.57008173812622	-2.37028147785596	0.0193837226030848	0.049769831738104	-4.02879925358322
10667	-0.0604228259345259	8.63066812802236	-0.881387501528336	0.379886702721138	0.512519491997981	-6.37404530801161
10668	-0.0723789799214096	8.41705914764891	-0.969370974563004	0.334328270063718	0.465770199144259	-6.2936136144429
10670	0.0924439486557908	12.1316117754283	1.95796668494416	0.0525767203266185	0.111506687601536	-4.88235527503779
10671	0.0681315010741353	10.9562007002707	0.986926116200934	0.325683351783036	0.457494088418211	-6.27666425661812
10673	1.37342409630363	7.45210146323072	9.09187633777472	2.66072603949064e-15	7.37915691436774e-13	24.3347238901489
10677	-0.110529315329602	7.16841793883507	-1.44325801402182	0.151577790687074	0.253294062527863	-5.73198248239914
10682	-0.588930653808105	9.84990815206281	-5.81713099028023	5.16133079535521e-08	1.0793061359401e-06	8.03013504855725
1069	0.0646987937178512	10.1437735028228	0.931088542386859	0.353694794284091	0.486352422305075	-6.32953631244231
10691	-0.278067570354175	7.9427829965789	-3.49053331774687	0.000677200644922696	0.00318546544821268	-0.991933960206658
10694	-0.0720671697393999	12.625865872708	-1.40670492696005	0.162123806790239	0.266231141965682	-5.78293322064942
10695	-0.0394403121439702	8.5470728625532	-0.523339056074541	0.601712507190639	0.712463490452219	-6.62318086469936
1070	-0.132314553491654	9.67623858650415	-1.52498186845667	0.129919685523879	0.225212298515685	-5.613513541627
10712	-0.0814189717300687	9.48797915954584	-1.29312677593122	0.198474557686265	0.312683548824823	-5.93316687836408
10713	-0.0416695285058884	10.3596432972458	-0.514092561272819	0.608141617493547	0.717911540510279	-6.62794280090648
10714	-0.302997544850734	8.44639528062613	-3.43109947204772	0.000827452198949691	0.0037677812366728	-1.17763528685167
10717	-0.0168086763655789	7.79138483314461	-0.232880916581077	0.816254370768884	0.874255848359826	-6.73231656704844
1072	0.0742296286308615	12.8440648251148	0.900933231247888	0.369445420762836	0.502099234702366	-6.35682863115332
10721	-0.231837114432102	7.88726420236603	-2.25439641087988	0.0260025654525937	0.0631202066759535	-4.28381954642799
10724	0.326115803540121	11.1913709303292	3.98238793793239	0.000117944991642412	0.000755799558546413	0.641492192200222
10725	-0.103572049738831	9.42028978833383	-0.872111686961612	0.38490547317509	0.517260274562469	-6.3820854398795
10726	-0.0917158100613312	10.8892006600252	-1.55936479518049	0.121568372851421	0.213890921710824	-5.56179700840941
10728	-0.0228965810262142	12.757132423383	-0.258535079797724	0.796441075510234	0.86084837525707	-6.72604718120873
1073	-0.0166805201071681	8.41805141570496	-0.172358180718095	0.86344903967404	0.910053472975318	-6.74451534826348
10730	-0.322826380084739	11.1797450354447	-4.76046420597762	5.49475650120126e-06	5.61022110011402e-05	3.5486254924333
10732	0.184116410665976	7.98519880422955	1.8584093226104	0.0655845073349318	0.132381941346912	-5.06570479350667
10734	-0.00826016550843772	7.5020297852681	-0.0759165910723256	0.939613071341647	0.961616152804114	-6.75642703289294
10735	0.0022210429866709	10.0593424948186	0.0338147491663788	0.973081586340083	0.982238042670059	-6.75872561950654
10743	0.462075678372516	7.34885163954662	4.2667910844488	4.00510616725707e-05	0.000302396498551585	1.66061445850523
10745	0.228038247600513	7.85687496263574	2.95101094801888	0.00381634472031958	0.0132505285371331	-2.57969979046017
10749	0.10865002224892	8.66841146203725	1.31771437616457	0.190133105232128	0.302601049945545	-5.90168400599932
1075	0.557825861627341	10.4538983706177	5.13668697386839	1.10785339773362e-06	1.44792232045565e-05	5.08037712064314
10755	0.283132997300415	9.8631097125455	3.14403776134155	0.00210476218394424	0.00811640319298758	-2.03733563460171
10758	-0.214799714400968	9.28478831207546	-2.55100214889906	0.012010879959123	0.033764264017089	-3.60803913619592
10761	1.6756652767769	10.5376183981856	8.61758655934552	3.44635726888521e-14	7.11672776024796e-12	21.8385323165432
10762	-0.570708385829968	9.50081761641888	-5.23976151683084	7.05699166270681e-07	9.98129300239011e-06	5.51298780778453
10763	0.346697435743785	7.89073264683201	3.2287887856873	0.00160727821779651	0.00645411671317412	-1.79003175503744
10765	0.00495649268336412	10.209261062188	0.0938906630929263	0.925354076233771	0.952689102541561	-6.75490852304783
10766	-0.0282070364980243	7.72740086053818	-0.358576046124304	0.720548277554702	0.80679527892122	-6.69535543348353
10767	-0.0137798470321557	7.63303072144548	-0.171262312300779	0.864308690531805	0.910302148933007	-6.74470266220056
10768	0.0468378814559665	11.4758432256075	0.925392299064236	0.356636648505847	0.489176140262088	-6.33475958745585
10769	-0.0457177683347904	9.24142727177609	-0.365374700373656	0.715481014359425	0.803547561273343	-6.69290924971084
10771	0.397165521536196	8.89174353422282	4.49500774470376	1.62628219797469e-05	0.000141699271680073	2.51533815471647
10772	-0.1907026357091	9.56293454851093	-2.48905247447546	0.0141920009805199	0.0385611605589125	-3.75540780297145
10775	-0.142396615617342	9.45129440001883	-2.44792808553791	0.01582895975368	0.0420744834693859	-3.85143592055148
10776	0.129812362415117	10.6369195391241	2.1599748124913	0.0327821341143718	0.0761962733346651	-4.48293145076933
10780	0.085205680099331	7.66507191456337	1.04178174680496	0.299626939544751	0.431095370255991	-6.22177497624598
10781	2.96853765556172e-07	8.34794896540666	3.47570729885084e-06	0.999997232612705	0.999997232612705	-6.75929454067781
10782	-0.0878192327018322	8.66109491021521	-1.21033349181452	0.228552003194869	0.349557848439524	-6.03493443391574
10783	-0.367089781635602	8.86975188566747	-2.86196411963075	0.00497659566981096	0.0164098523882789	-2.81993188325409
10785	-0.236098504205713	9.00580652057172	-1.76164279165316	0.0807004602444264	0.155345094760886	-5.23525914366778
10787	-0.104947428270753	10.2142641350682	-1.64704050830564	0.102190714085274	0.186746747421319	-5.42492358067106
10788	0.972531235843122	8.92083322849428	4.93050969173022	2.68833877405489e-06	3.09205164083733e-05	4.23151444455818
10791	1.07498931703839	9.80013299719294	8.55804565999873	4.74446653195897e-14	9.11378919860025e-12	21.5270671138939
10795	-0.316928810003741	8.38034518218617	-2.90779772971214	0.00434417502245667	0.0147120812177146	-2.69707663875634
10797	-0.259250608980053	8.95537402298302	-2.17083193594274	0.0319315463642235	0.0745912253870154	-4.46043580510764
10799	-0.186868813576526	9.03293428691352	-2.13592669592441	0.0347363724348672	0.0798337329749592	-4.53238735695936
10800	1.00711875305102	6.91288497739721	7.05037805318836	1.26593919583292e-10	7.01069105941691e-09	13.850555403966
10806	0.0312257696844024	6.72299740162125	0.384368250870117	0.701392235642126	0.792869832544678	-6.68583239583166
10808	-0.0416309225159916	10.3789209374577	-0.392372181759872	0.695485848896141	0.788059433632512	-6.68274307432194
10809	-0.153476240132872	11.0549772885641	-2.20203186527081	0.0295930187814718	0.0700195746591111	-4.39521175005875
1081	-0.176347161734111	15.6008730812447	-2.43452450612552	0.0163977161442381	0.0432732061825579	-3.88242220387825
10813	-0.179908328950993	8.70756874056177	-1.67814406890584	0.0959460804563236	0.177933234074817	-5.3746487246169
10817	0.120351742203669	7.35431095989624	1.76790696280896	0.0796419541740862	0.153701528382699	-5.22454288320611
10826	0.0175813711808083	7.26135509341604	0.150942046111579	0.880277266843144	0.921728650383394	-6.74795957581606
10844	-0.052146002382979	9.04868905075721	-0.757482446303417	0.450259748905658	0.577955792690091	-6.47450291389555
10845	-0.0473374541072709	9.50833600000433	-0.787457037772195	0.432581604499429	0.562962667900628	-6.4515782730108
10847	-0.0562753798565952	6.2588176500213	-0.64967252751084	0.517157161814928	0.638809354956079	-6.54966577679846
10848	-0.148916407069582	9.76170860315214	-1.68956627405112	0.0937319767004145	0.174571843865935	-5.35596114766053
10855	-0.374150569743327	8.67211501854163	-1.80675011073493	0.0733307502892262	0.144079923260944	-5.15728876352745
10856	-0.258068191424007	9.98903713406665	-3.07948806649847	0.00257583890596533	0.00959261918993402	-2.22196247728178
10857	0.0354967526335982	10.3418062290186	0.542687810854521	0.588360764830824	0.70159609932376	-6.61294293045016
10867	0.243258578413598	10.382808782541	3.66146633364989	0.000375571170938774	0.00195847087875901	-0.443547621767567
10870	1.75219038664859	8.97885737019372	6.48057011929775	2.16685625149698e-09	7.6162692073894e-08	11.0956831234991
10875	0.682113902232566	8.59777506068563	2.66221178642749	0.00883745309477774	0.0263362974557179	-3.3353838210671
10884	-0.153658974716752	9.223216732287	-1.91040370731161	0.0584900659017974	0.121024034155523	-4.97107091097973
10886	1.15249568325829	8.34221640263589	3.55559472611129	0.000542331755306116	0.00264755336810196	-0.785688328555645
10890	0.23046445845351	11.1071535445251	4.67411923740915	7.85344320190721e-06	7.54295823811088e-05	3.20805638587989
10894	1.96975085128334	10.14974114442	5.87703573651194	3.90292226408396e-08	8.60029041118456e-07	8.29981421468602
10897	-0.450965306956328	11.3371516155507	-4.87576570257818	3.38957863708533e-06	3.7631612288071e-05	4.00993189660988
10898	-0.177405626468011	10.3849951402943	-2.7529343887008	0.00683359541848953	0.0213243287331785	-3.10533552982282
10899	-0.0396161177394918	12.9375703320627	-0.866286957536747	0.388077884114759	0.519786496317157	-6.38709130576715
109	1.04162476964213	9.63913759356317	7.64284167281558	6.02295479919714e-12	5.18225069180921e-10	16.8107896468707
10904	0.168299356000793	9.5010691168409	2.36707918361687	0.0195444223906018	0.0500890254254951	-4.03600270962649
10905	-0.564431855576309	11.6023610799242	-4.54811579865552	1.31299394192809e-05	0.000117969723833464	2.71876801672511
10906	-0.0334938639817353	7.83450288256382	-0.514195845636654	0.608069632644779	0.717911540510279	-6.62789007622074
10907	-0.144227734110551	9.1398331279352	-1.74018433750289	0.0844144807614118	0.16101103379251	-5.27169499947937
10908	-0.160763631929197	8.95516080949731	-1.79756720277612	0.0747841118489033	0.146378380064441	-5.17331319644058
10910	-0.0694592834168793	10.1855984987268	-1.02771745075462	0.306169350180802	0.437914949349511	-6.23612588046311
10912	-0.211219092815523	11.2894452128237	-2.0836823739392	0.0393317536086602	0.0880434376172176	-4.63806221049182
10914	-0.0309500702287684	11.3844755101447	-0.549119587925714	0.583953366835974	0.698039769908126	-6.60945781528846
10915	-0.0299629634712921	8.38510701380702	-0.451411403553271	0.652515504491608	0.753222082258443	-6.65799439620286
10916	0.152565508876627	10.391232329443	2.09314030884221	0.0384630239038296	0.0864502251552741	-4.61911149311872
10920	0.354746778787279	9.92753021538377	5.05006973146378	1.61191976360825e-06	2.00518934448858e-05	4.72104128421365
10921	-0.0851093907650894	10.7761828150989	-1.16377080116934	0.246847380844179	0.372344661390234	-6.0892835297576
10922	-0.04488539315799	10.7025767924067	-0.571432338834994	0.568785433967914	0.685063821022888	-6.59705083469041
10923	0.322687588134518	11.6339222208379	5.85415515633392	4.34331660852459e-08	9.39156942052699e-07	8.19663258219551
10924	0.662599730990853	10.4413325646258	4.83407470805867	4.03975715142126e-06	4.33919298709228e-05	3.84228139575938
10927	-0.149560818675098	8.91485979087298	-1.43270068823086	0.154567885093438	0.257042627515964	-5.74682779780597
10928	-0.1462002629535	10.6215332609304	-1.35474470664715	0.178067993678675	0.287188634860404	-5.85318322024235
10929	-0.0251373053193042	8.91057602952907	-0.356111064742721	0.722388598451593	0.807870271217189	-6.69623101997898
10930	-0.0902752483414419	6.95123925420563	-0.450403092473247	0.65324017086674	0.753808858809622	-6.65844604585973
10933	0.0150168936778238	13.3963100437979	0.267925895004704	0.789220693041323	0.855177018954612	-6.72358876806513
10935	0.21167319423926	11.7938135038558	2.40652249169904	0.0176449289630266	0.0460060332179925	-3.94666048026685
10938	0.304554603910023	11.7043528343091	3.89425974893005	0.000163173399105022	0.000984523211546739	0.336502301541453
10939	-0.174733302726029	9.61874746811409	-2.74644676976899	0.0069618338438976	0.0216590386254592	-3.12201175698892
10943	-0.220783163211035	8.1287478592581	-3.73043449262519	0.000294454113653211	0.00159174802275885	-0.216380142254351
10944	0.136584564476447	10.1602551209931	1.27820794624269	0.203666222781427	0.319454871363872	-5.95198855530979
10945	-0.140209773746497	11.3770335125672	-2.08674945861789	0.0390482056036827	0.0874930443720936	-4.63192546941481
10946	0.0265106270968609	10.1279290583023	0.377137633763805	0.7067437338213	0.796847289293467	-6.68856863568125
10947	0.434694436439473	8.43299536574639	6.75490927274251	5.58793729717761e-10	2.31941517963251e-08	12.4094494853067
10948	-0.398312519320317	8.11711841534242	-4.85104655911379	3.76165258156093e-06	4.12624928818613e-05	3.91041431400926
10949	0.158736518685428	10.4215380357385	1.42573185786769	0.156566356519373	0.259530023048368	-5.75656944054055
10950	0.182990410646211	12.0848282262292	2.09471612246693	0.0383198990964261	0.08626938308435	-4.61594631911121
10952	0.00129483460834836	12.8242984921483	0.030643429794181	0.975605294277557	0.984184139073354	-6.75882732772192
10953	-0.0274005799406145	10.0925506547166	-0.314249086161603	0.753882689090198	0.830094153640395	-6.71018032422728
10954	-0.5612756367097	11.5027931992731	-5.35621784462618	4.21411171219076e-07	6.38689224636618e-06	6.00812922342466
10955	-0.0712784579017022	11.1889693934852	-1.00235763657037	0.318206851650961	0.449527722701717	-6.26151818018841
10956	-0.243877675326155	10.3326872857641	-2.94977770713092	0.00383055175636647	0.013288684379499	-2.58307025450258
10959	-0.0974652038362368	11.5071818238998	-1.46283198429648	0.14615225303482	0.246370940830126	-5.70418009226529
10960	-0.253219487061357	10.1724735026787	-2.45343916265432	0.0156002502402377	0.0416073835919804	-3.83865090179042
10961	-0.14927285835537	12.3717070418153	-2.52468467738271	0.0128977888907028	0.0357382543566606	-3.6710413346849
10962	-0.0811804275233297	7.57659425747885	-0.738961510013278	0.461386933013564	0.588580087520006	-6.48822744551761
10963	-0.176107020331683	10.3838400606052	-2.44047756153725	0.0161429020921626	0.0427099203335243	-3.86867894851332
10966	0.314200138835901	7.72599487752941	2.55387099364961	0.0119175858906163	0.0335588711543683	-3.60113596961042
10969	-0.117473194231778	11.2969043007432	-1.43016486554022	0.155292806942882	0.258040351106056	-5.75037790244078
10970	-0.31792736010917	11.2560788532152	-3.41316438233999	0.000878616761732174	0.00395066654975926	-1.23316209434823
10972	-0.168206115317486	12.0387681810575	-1.84935832902981	0.0668901137184209	0.13451737742214	-5.08192689450062
10973	-0.17555306543009	10.5434102901916	-2.48672123557946	0.0142805865890704	0.0387763462280478	-3.76088991288034
10974	0.342661355966654	10.3990082697795	2.56024823825335	0.0117125264363973	0.0330753737998776	-3.58576584784242
10975	0.0375350137727165	9.89157164084036	0.549865498011339	0.583443238300322	0.697631897562342	-6.60905099376872
10978	-0.101671701288447	8.54070980822622	-1.25674137395046	0.211311101171045	0.328819037536052	-5.97869809161423
10979	0.346794288775163	10.7205770272404	4.63240207114277	9.31914522516083e-06	8.71756959907458e-05	3.0450403489359
10980	0.108844972101176	10.3230460407181	1.71829243785927	0.088346692928623	0.166836690349892	-5.30842969987334
10981	0.844270589962341	8.43824319156523	6.40997357643409	3.05906929519249e-09	9.98731714556917e-08	10.7616874936689
10982	0.140191093941509	8.61166611002525	1.60139016486451	0.11194462523844	0.200969920554122	-5.49708387487469
10983	-0.0212750239553247	12.6284545635414	-0.320111884105598	0.749445469755712	0.827153872285165	-6.70833143454546
10985	-0.668578000608974	10.5478151033765	-6.03320650867666	1.87107062560217e-08	4.69758157066076e-07	9.00982169876408
10987	0.148561410110541	11.8614287914823	3.2889175188347	0.00132335460446286	0.00552624319153852	-1.61124211779502
10988	-0.114776747422277	11.7137267674046	-1.61747421807441	0.108426438483279	0.195845699075418	-5.47188079509629
10989	-0.0363504466025598	11.4662926988263	-0.565034055757883	0.573115368131209	0.68867223461795	-6.60065884954665
10992	-0.266566259435489	10.9507600831575	-4.245523978783	4.34930736409744e-05	0.000322772924334846	1.58260831332879
10994	-0.685651344859852	12.1543839869866	-5.84109711270319	4.61614513135865e-08	9.92686837518247e-07	8.13784467380574
11000	0.0839308255034674	9.27604301722796	1.12500725690322	0.262852293127501	0.389096763661856	-6.13293976529742
11001	0.104293245535667	10.865909112832	0.861681352215422	0.390597691217847	0.521976529600295	-6.3910259895258
11005	-0.305154295164258	6.43998178707647	-2.5065205488447	0.0135436996073277	0.0371047956074716	-3.71418317914692
11007	-0.0910592487025041	7.57505822244714	-0.916293478298808	0.361368068240874	0.494106976273732	-6.3430373842593
11010	-0.223443775206483	9.24177086694614	-1.09038624525775	0.277748294079963	0.406412915695393	-6.17070678453659
11011	0.0854362099728574	8.44320068102143	1.4981471392524	0.136745752080089	0.234437507717213	-5.65310642186383
11014	-0.470559993141768	12.418790756925	-6.74452961102304	5.88443464840403e-10	2.42785881681227e-08	12.3593015565217
11015	-0.471385358493229	9.42782530943013	-3.91999395969302	0.000148492213762637	0.000913287926790307	0.425021183923458
11017	-0.0332549248502392	9.91634206125262	-0.603419443120716	0.547379314838528	0.665394134005334	-6.57840750416786
11018	-0.0641217714202918	9.89569258806406	-0.894745668371684	0.37273108938614	0.504962899512796	-6.36231918634239
11019	-0.243953047686097	7.99136825353174	-2.65383063244732	0.00904710495853985	0.0268423444531391	-3.35629222205355
1102	0.88467357116851	7.94866979009257	8.77246363607987	1.49739325453659e-14	3.57489637665504e-12	22.6508347738992
11020	-0.185108194005905	7.6862531262376	-1.65074454423889	0.101430296592461	0.185644637680861	-5.418983565828
11021	0.0740632531067154	9.72190356308565	0.788101872707573	0.432205823890836	0.562739613073504	-6.45107542834312
11025	-0.00021672729689591	10.6438496108847	-0.00205321670332398	0.998365212803244	0.998969916142313	-6.75929244313805
11030	-0.0367692047859858	9.2456837944289	-0.521333984338524	0.60310400082951	0.713497428652499	-6.62422064939289
11031	0.131965793315149	12.0900679410349	1.88884946589587	0.0613486545826356	0.125586093395928	-5.01059951764325
11034	0.0549577730549312	12.8613016820649	0.848240182319115	0.398008956664517	0.52854565627796	-6.40239067734901
11037	0.0912328405003555	8.49579293367456	0.768389840963832	0.44377938414662	0.572752767664232	-6.46626282987565
11040	-0.341822915546302	7.09237219563406	-3.30362271056224	0.00126143590775013	0.00530252447736185	-1.567099512463
11041	0.341378707739068	8.88370378306904	5.06084782781027	1.53874029738129e-06	1.92575679641961e-05	4.76554243730791
11044	0.156419029118272	9.07613083734254	2.41482628497184	0.0172665726939455	0.0452337108950175	-3.92768123368583
11046	-0.208133638511869	8.45734813969348	-2.76776537177562	0.00654847192338007	0.0206609541967607	-3.06708318564632
11047	0.00531089470110537	10.5438894993175	0.0761824566847912	0.939402003289246	0.961519274742152	-6.75640691376593
1105	-0.0922064302245104	9.69272100558805	-1.42616711936534	0.156440957143602	0.259426281069295	-5.75596233703614
11051	0.0458090178935863	10.1360225540067	0.61312118849742	0.54096747572943	0.65983333572432	-6.57255352925906
11052	0.00799101377936164	7.65950565513658	0.11304577075497	0.910184949992138	0.942711935665838	-6.75293644785933
11054	0.0278997788137994	9.16208101271743	0.358199431495252	0.720829347053195	0.806933576449616	-6.695489600891
11059	0.360060351443822	10.3260290656109	4.42863833892828	2.12014633334121e-05	0.00017779095140506	2.26348523927396
1106	-0.335422997989516	8.66182985944434	-3.36865453628691	0.00101871332144575	0.00442872212375891	-1.36993236389707
11060	-0.163850080650974	8.28594590465673	-1.77776329503175	0.0779996122472951	0.151594540508861	-5.20760843336385
11062	-0.124215260100657	7.68678276694782	-2.16343850136204	0.0325086661171865	0.0756825203291883	-4.47576609768007
11066	-0.0652177107134127	8.55428525842921	-0.921879306109913	0.358458713218657	0.491104490161902	-6.33796514280682
11067	0.00819236846008137	10.1778449057629	0.0412263152997783	0.967184636053257	0.978400923629948	-6.75844889629569
11068	-0.282889293205899	9.25933232402347	-3.69032252052652	0.000339345731465524	0.00179679214224694	-0.348909082793677
1107	-0.00940873134291986	7.01464482497955	-0.155368692906112	0.876794171204563	0.918842914761442	-6.74728506000267
11070	0.103096570830795	9.3891362168141	1.42467490139219	0.156871188291642	0.259774662247186	-5.75804294018673
11072	0.211019164904546	10.4376805721763	2.36956342101556	0.0194196546027997	0.0498269795032867	-4.03041526852706
11073	0.0740216664768317	9.46641626224299	1.07788487286428	0.283267518333634	0.412879777913502	-6.18405992944374
11078	0.0932844598575356	10.6601448159403	1.27538707601364	0.204659022442149	0.320531574776669	-5.95552350523334
11079	-0.188527543132455	10.867190770892	-2.60688398304783	0.0103067984788672	0.0299768152941702	-3.47232695303071
1108	0.0389633866905665	9.89766621570671	0.706530640952229	0.481240720648341	0.606961607580917	-6.51144871202411
11080	0.326647591676242	8.92018220789622	2.85885666166037	0.00502238516145658	0.0165212669986585	-2.82819995148891
11083	0.105880234586015	8.1098270668305	1.77002191461409	0.0792871652968996	0.153303367357769	-5.22091664336595
11091	-0.0967850499865897	8.27860109776914	-1.26065431544047	0.209902146724468	0.327130515461151	-5.9738622663786
11092	-0.205422605865493	7.99348022617437	-2.16793644341448	0.0321564957754839	0.0750106340314875	-4.46644536148033
11094	0.299470735986709	7.2776186376202	3.87674432434143	0.000173945932381757	0.00103515374745916	0.276510813225512
11096	1.12343445802602	8.91440512160452	5.54478436010199	1.80487568958857e-07	3.19234972077122e-06	6.82367354015564
11097	-0.061509472467127	7.97200383501234	-1.04344631824841	0.298858912230445	0.430215164695621	-6.22006380983583
11099	-1.01160696611332	10.0756327407196	-6.40724228586249	3.10005046280251e-09	1.00812664656491e-07	10.7488005389445
11100	-0.0132809645033863	9.79300339335416	-0.142268186306067	0.887109014385247	0.925779049461334	-6.74922476006847
11101	-0.156735606896582	6.90905988641268	-2.06134753328521	0.0414504535480786	0.091988378911104	-4.6824976840178
11104	0.0512323878758684	9.22487751864348	0.761163457894691	0.448066717012751	0.576125635511414	-6.47173510249882
11108	0.0926603799785026	8.76885470463393	1.56359827727469	0.120570169518853	0.212574087561521	-5.5553527712324
11112	0.0137103919935441	11.2937503903086	0.172087955219698	0.86366100213081	0.910131014620623	-6.74456164813053
11116	-0.194333277340355	7.60577490388645	-2.42894004962465	0.0166399990195722	0.0438226714033729	-3.89528693329213
11117	0.34921279558957	7.95868384578635	2.50452502548388	0.0136163955701912	0.0372545304437825	-3.71890571837058
11118	0.215905889582795	7.85631516519024	2.20001734623144	0.0297393789363651	0.0702652374182996	-4.39944903273781
11119	0.230169670807442	7.4493606113077	3.43147525232072	0.000826410740178682	0.00376511456915384	-1.17646933110379
1112	0.181775118464318	10.2463054305462	2.04897042483178	0.0426661647779906	0.0941550951285606	-4.7069303193927
11124	-0.15344671429865	9.30543161905483	-2.75043965541513	0.0068826514014258	0.0214611931203387	-3.11175225704437
11127	-0.183986335182267	7.47610362419056	-1.71416510482025	0.0891045422599505	0.167998977189498	-5.31530584775652
11128	-0.133157306557438	8.14264651967491	-2.3457399448295	0.020645693493283	0.0523429798202938	-4.08377847628397
11129	-0.290501471313545	8.95191113487309	-3.11110398818082	0.00233408749723164	0.00882359850212054	-2.13193916984722
11130	-0.309434892970149	9.64359210688531	-2.44287079652634	0.0160414595192205	0.0425505637857295	-3.86314536917956
11135	0.153952116167231	8.69039725497514	2.00259110699718	0.0474968404483202	0.10299918669024	-4.79726400611451
11137	-0.069967193451238	10.6250004263211	-0.999175551917683	0.319739164381795	0.451053348630115	-6.26466031314203
11140	0.0236422296327674	11.6128656209883	0.320437165651656	0.749199526770678	0.827103460455199	-6.70822785495937
11142	0.171508145217923	8.78449089994366	1.72073926499699	0.0878999032083966	0.166259033776358	-5.3043458553969
11145	0.0222243449247721	11.4743554533657	0.193502533276309	0.846895660732551	0.896495983294998	-6.74066741276092
11146	-0.133566874751474	8.53664679991798	-1.62303959618878	0.107229917059363	0.194236648006653	-5.46310396839137
11151	0.698731300978316	7.62284059785002	4.99697806134452	2.02475316722955e-06	2.44509666101113e-05	4.50272493120393
11152	0.158218747818251	9.33711958314438	1.88206411608374	0.0622724436780791	0.126973681752884	-5.02295593317682
11153	-0.760976290100045	8.83891727144356	-6.18578008130112	9.04195467226227e-09	2.52319410786778e-07	9.71282811824223
11157	0.243755522062276	10.1694016172452	2.03100116373132	0.0444854188702676	0.0976480361064073	-4.74215809116772
1116	-0.060609853615482	7.04119914681526	-0.306781085346084	0.759546716752387	0.833576443518447	-6.71248602066148
11160	-0.251133432381175	9.13336061272153	-3.04805186464785	0.00283902687617805	0.0103824658320836	-2.3106983976119
11162	-0.240514346710076	7.10192208408787	-2.80506401109498	0.00587866129744341	0.0188573756570418	-2.9700860860971
11164	-0.184676782371033	10.5784600200624	-2.32181785149298	0.021945076635093	0.055096149849808	-4.13686844754062
11165	0.0751580471292077	8.88012808280576	1.1953052284214	0.234346876303354	0.356614811765973	-6.0527032122914
11167	-0.169918757523685	12.353170278396	-1.87463311375513	0.063297475324775	0.128619224153171	-5.03644007983746
11168	0.215616193621488	10.3747401295156	2.54278393206827	0.0122817737754764	0.0343625591983253	-3.62777580626967
11169	0.00229147517689665	7.11756651499846	0.0204986232143517	0.983679976868746	0.988947980639708	-6.75908547127866
11171	-0.0810614968328159	12.2124425519657	-1.32674897594895	0.187134679618344	0.298981132233563	-5.88997113129287
11174	-0.356069553698478	8.79911493538717	-3.13702221906075	0.00215178384639951	0.00827026012918716	-2.05755863954065
11176	-0.170874235591809	7.4929385213569	-3.06799768973729	0.00266930118755629	0.00988718735839235	-2.25448659739612
11177	-0.0630709190239093	8.87513552489853	-0.895416361798892	0.372374059965233	0.504644747385205	-6.36172584778993
11178	0.371806015028028	7.98531375662502	3.5813656315954	0.000496272056899898	0.00245920024386979	-0.703145989269324
11179	-0.0419062166955451	8.75631601804056	-0.585838712246528	0.559094506337621	0.676548582236852	-6.5887791526241
11180	0.0639315385407473	11.1552441135688	1.1658067417977	0.246026301102083	0.371377420888744	-6.08695066103818
11183	0.256268816810483	8.52528174942896	4.31108861669558	3.37024986645621e-05	0.000261637818580153	1.8240063868228
11186	0.329133109093585	8.90620750644264	3.99215372241808	0.000113743990495346	0.000732859096327271	0.675609664289008
11187	0.0736161204541026	9.06666065870561	0.657868921539752	0.511894278288892	0.63392005077455	-6.54435276435415
11188	0.143717549063719	10.0161161368351	1.8059969583737	0.0734490629522743	0.144175204369246	-5.15860594336905
1119	-0.255107295603659	8.88623743322722	-3.55786944548012	0.000538109314359477	0.00263160623837139	-0.778421856613777
11193	0.115901838996885	9.20774035361295	1.59979127421005	0.112299289794117	0.201466148744919	-5.49957610170239
11194	-0.0180683035416476	6.81115635370346	-0.20027249478009	0.841609686143171	0.892616333788212	-6.73934144568732
11196	-0.0399513210285146	8.77914589989516	-0.676778658674371	0.499861187197184	0.622659237859861	-6.53184302291862
11198	-0.114219381746928	10.0025532574882	-1.65213157544963	0.101146723935771	0.185289851343861	-5.41675596118894
11201	0.199815842883297	8.09833232959964	1.26083973867984	0.209835551671316	0.327088442499541	-5.97363274717745
11212	0.0141711760019706	9.65240098563647	0.228543832059308	0.819616166573541	0.876946831074799	-6.73331184331653
11214	0.50852058808086	9.07688294955329	4.38231070624769	2.547487321946e-05	0.000206498972318685	2.08926790671373
11215	0.278342706598768	8.81231220348324	3.41871861565616	0.000862462717987365	0.00389073842194191	-1.21599171064017
11218	0.0913386376322445	7.61205213160147	1.1516313353824	0.251783491132244	0.377515272599807	-6.10311072679987
11222	-0.291699514258275	11.1625877014217	-4.61475320631419	1.00159512487511e-05	9.30615942797351e-05	2.97637794092402
11226	-0.266062561463391	7.25506372083803	-2.12139097300979	0.0359658114006948	0.0820656359584915	-4.56203225798235
1123	1.07695788723979	10.1988428338427	6.01022540963304	2.08609009785971e-08	5.12830482390513e-07	8.90472268397828
11230	-0.432567282576119	8.58446223141246	-4.14380928852765	6.42769239490633e-05	0.000446157472117028	1.21350090006465
11231	-0.349414913799272	9.71605677037099	-4.59618027231138	1.08035857407437e-05	9.95955560474808e-05	2.90431629959898
11232	-0.138541759486682	8.21550753458844	-1.72322827182072	0.0874473065337566	0.165554607373099	-5.30018594305661
11234	0.217852417850402	9.22740145240316	3.10938967139212	0.00234663693305719	0.00886698127495535	-2.13684051868282
11235	0.192989000063846	10.9135504311392	2.96779874296786	0.0036277099648489	0.0127023672359694	-2.53369789321514
112399	-0.516278180626364	8.21593222068221	-1.96114359770139	0.0522004512468198	0.110870590717082	-4.8763567662106
11243	0.0610594258601374	9.16389841158764	0.952465304092433	0.342793670482051	0.47507981848687	-6.30965292219803
112464	0.545279205983251	9.76796409997664	4.37545053613681	2.61743145714887e-05	0.000210311126809821	2.06358149561507
112483	-0.0621566164409594	9.62642299854234	-0.69788850215447	0.486609740157557	0.611866343451489	-6.51746236433303
11252	0.102449095291533	10.4225957847416	1.80835832495981	0.0730786443922328	0.143721333971391	-5.15447443673586
11253	-0.0912231707624509	10.1689341698221	-1.31924082965776	0.189624001537489	0.301944992727613	-5.89971049479109
11258	0.219076212324592	10.8412496915258	3.35562394992025	0.00106353227795905	0.00459935948478627	-1.40969337714427
11259	0.78779142790893	8.23205664616058	5.15239843490194	1.03459542314112e-06	1.36951253127335e-05	5.14597119542718
11260	-0.34195287704539	8.93899817454128	-3.0573200559854	0.00275895637362436	0.0101637481332811	-2.28461741631987
11261	-0.157683596685351	11.0501418980037	-2.20965084140581	0.0290451381240406	0.0688415612351723	-4.37915393400396
112611	-0.0213660676785349	8.25395805279239	-0.285577916542213	0.775698417065806	0.846067466653052	-6.71873059211506
112616	0.540194073824273	10.2606099588099	6.52990816484538	1.70115311732068e-09	6.19009900840037e-08	11.3301210296896
11264	-0.372001280660746	7.55228980838145	-4.67127255788661	7.94592189790599e-06	7.61407365158973e-05	3.1969006857647
11266	0.157546397517293	10.2736291143112	2.90681614838272	0.00435690798374049	0.014737125284888	-2.69972545023515
11267	-0.129637316706032	10.2298062088019	-1.69174871725747	0.0933136862407744	0.174106855285475	-5.35237676808287
11269	-0.393215782393977	8.97488244232851	-4.65953951080511	8.33833724231906e-06	7.89847082816002e-05	3.15096985062166
11270	0.11619435596885	8.21602975677464	1.58690756416944	0.115189987030027	0.205723090349844	-5.51957122869259
112724	-0.281181495545577	9.48482756224234	-2.12726185744237	0.0354647972925938	0.0812053931323725	-4.55008143059667
11273	-0.0029176721586401	8.29090118837392	-0.0328991371477809	0.973810195401816	0.982853398584921	-6.75875601194049
11275	0.219651942127666	7.99001639354844	2.45504948216672	0.0155339801967756	0.0414708068601702	-3.8349102616238
112752	0.256577201556777	8.63252848122366	2.99309857558228	0.00335960110299459	0.0119722931853213	-2.46394767130267
11276	0.0251152581474843	7.46964058710489	0.487496947725387	0.626804013133471	0.73282394175265	-6.64116834825742
112770	-0.088725504678369	10.8605694180267	-1.01160538126792	0.313781353405233	0.445102864352949	-6.25233080433557
11282	-0.0214534629938499	8.39200122182344	-0.263401914651549	0.79269683183388	0.858148863820163	-6.72478403237025
11284	0.073990662101361	9.09246251418496	1.15231815669362	0.25150237090383	0.377299234229139	-6.10233220027301
112840	0.146723470349028	7.31606891029839	2.074256928103	0.0402142289048488	0.0897097306053835	-4.65686853475162
112849	0.187039022618228	7.65118425699458	1.87535069005582	0.0631978809126785	0.128448448902245	-5.03514017155277
11285	-0.302039420888752	8.95105861304266	-3.00683931483528	0.00322176213894136	0.0115854398204857	-2.42585238501048
112858	0.00639916991075056	8.44335142280611	0.101029827091254	0.91969698289861	0.948520049786805	-6.75421619563986
112869	-0.104091766053726	7.77909680217198	-1.55878643820655	0.121705249017299	0.21407269098869	-5.56267608627845
112936	-0.165265850004334	8.05217996978634	-2.33477117969155	0.0212328095914453	0.053537885507129	-4.10818285794297
112942	0.141280421859117	8.33296468675701	1.66202451144369	0.0991426570450207	0.182477370805925	-5.40081589452815
112950	-0.203755656210677	9.53830981883817	-3.38007160021247	0.000980905173381245	0.00428691890588841	-1.33499054793578
113	0.2740367930169	9.22890467014857	1.59034562347318	0.114412858462807	0.204467808503416	-5.51425061158015
1130	0.32221260195589	7.32377816579102	3.26276108345778	0.00144056186129698	0.00590230207059178	-1.68935477759207
113000	-0.149287287582523	7.97457214439705	-1.70854916228607	0.0901442344046076	0.169572164924176	-5.32463676084246
113026	0.159859782335317	7.00352229573764	1.98588389134281	0.0493475571109891	0.106095623848501	-4.82933184013089
11309	1.50948708197938	8.24140275449114	7.97314570782307	1.06637727387438e-12	1.20661318934279e-10	18.4956671422934
11311	0.100656490063062	9.37965149115461	1.62471964678482	0.106870805353548	0.193713594957276	-5.46044879668517
113115	-0.294444705304306	7.30534738590551	-2.91675443144907	0.00422955789578891	0.0143837354979485	-2.67287111670792
11313	-0.0417626115503115	8.80685816351981	-0.52642004719394	0.599577202386852	0.710546297233199	-6.62157539034131
113130	-0.287160528741337	10.0148350965124	-2.31907476845327	0.022098584334139	0.0554310071667136	-4.14292442652914
11315	-0.0194451594493111	12.820586835259	-0.299133110913708	0.765360808506263	0.838324942811232	-6.7147899002281
11316	-0.0625203307035977	11.1846707593776	-0.851620200973249	0.396137232643826	0.527076923588596	-6.39954943474772
113174	0.0300597844698582	8.58473594218986	0.338207318368939	0.735803524577907	0.817406195200079	-6.70240973667584
113178	-0.0267346496504624	7.74197623757975	-0.359150088566276	0.720119940190924	0.806665449936122	-6.69515066259884
113179	-0.102761022545559	7.14088212307808	-1.11205118052371	0.268360024508202	0.395477930854192	-6.14720850067205
113189	0.262564872960547	9.98763572971568	3.72435769892298	0.000300872688881415	0.00161936901799137	-0.236530341808981
11319	-0.0174810931007102	9.44405339966225	-0.279840004715205	0.780086598737395	0.849557484761545	-6.7203437227705
11320	-0.289650729304843	8.70493477015207	-1.73186265000144	0.085891984749532	0.163283727049743	-5.28571088788769
11321	0.00680361926943636	10.2632388099404	0.128656637700116	0.897846759563582	0.933561839198813	-6.75105931248705
11322	0.0531849495397668	7.8117014499967	0.506532594401989	0.613421002074204	0.721426855779767	-6.6317733857637
113246	-0.483511377391316	11.8016333791492	-4.7836947735457	4.98794838372463e-06	5.18244699994534e-05	3.64097302947414
11325	-0.0565306886408182	10.1124834547426	-1.25860389992444	0.210639589921096	0.328032242222521	-5.97639810588853
113251	0.152021407324177	9.1671452891757	1.40835615584419	0.161635614551757	0.265535039020985	-5.78065883838089
11326	1.47650276368579	9.06042069739194	4.89929539763221	3.0687526427908e-06	3.45810325094843e-05	4.10497140804564
113277	0.118694310065792	8.91648318087295	0.831194274504279	0.407530285233643	0.538505864026539	-6.41654934559677
113278	-0.566871806379131	8.50682347556545	-4.51101907500616	1.52493044401733e-05	0.000133856806244242	2.57649263650164
11329	0.175752282277829	8.61772802014944	2.6513589601493	0.00910978601919868	0.0269992222886907	-3.36244712467766
11331	-0.187993441638159	11.4984489423042	-2.23446457142209	0.0273216093170171	0.0657006538783223	-4.32650287452881
11332	0.202267121514881	9.70822112470116	2.74139492989863	0.00706320330391333	0.0219001724062778	-3.13497340507572
11333	-0.0572817228360094	8.16309584975118	-0.647837320479784	0.51833941954983	0.639725706860161	-6.55084632146495
11334	0.161054921709279	8.90773750254838	2.69731333254937	0.00800633137998362	0.0242954802346307	-3.24718260049008
11335	-0.417003369155091	11.7198850360783	-4.93268762502601	2.66357838747297e-06	3.07708496231143e-05	4.24036347978405
11336	0.0524749824632431	8.47986597037625	0.844447024962645	0.400115875223669	0.531033294680844	-6.40556591271081
11337	-0.1945836832352	10.6175518258685	-2.32945243591394	0.0215227672872953	0.0541510989317877	-4.11997900122953
11338	-0.000963169479072803	9.13080626674568	-0.0112686559950883	0.991027993090126	0.993192334739679	-6.75923135977291
11339	-0.086128502007623	8.92001372742076	-0.594473976951977	0.553324878296922	0.671041476249094	-6.58372291787956
11340	-0.376952359248749	10.3950216303887	-4.81420575946126	4.39072853362036e-06	4.64966893432105e-05	3.76272049422713
113402	0.171139111394798	11.2569353311775	2.76930867383276	0.00651943323237695	0.0205850605884685	-3.06309231302036
113419	-0.0280070615821947	8.76385224131971	-0.475399680479028	0.63537448841849	0.739703068969236	-6.64695265785356
11342	0.372824042244781	10.9568001574607	5.31356775476355	5.09364365421518e-07	7.49973201137565e-06	5.82602069257198
11343	-0.050433656755086	9.5086429426387	-0.522315288999158	0.602422804995619	0.712979808182048	-6.623712263453
11344	0.034656945235997	8.45975957989724	0.453629356405663	0.650922645797731	0.751974972627868	-6.65699737362522
113444	0.244495654981542	9.11211042584966	3.69535915928955	0.000333372317512886	0.00177311998883222	-0.332330302535861
11345	0.236001374052696	12.1067363824456	3.11714532917184	0.00229035704982798	0.00870531122944511	-2.11464832168855
113452	-0.453855832351334	10.77208050739	-4.1857990685641	5.47459620541189e-05	0.000390165355105282	1.36507419669788
113510	-0.106980173402757	7.0955795971249	-1.98822897052249	0.0490841438527979	0.105692134573543	-4.82484584216983
113655	-0.191659109137146	9.27255973037086	-2.41088164280247	0.0174453996298807	0.0456009496654478	-3.93670453495488
113791	0.619765613320507	8.18020321918734	4.29803104360676	3.54656228078469e-05	0.000272507948272386	1.77571578831859
113829	0.0903416749298429	9.29508659247744	1.25589526763752	0.211616671815425	0.329119508415629	-5.97974183145428
113878	-0.0428278050988746	8.96812132932651	-0.693581764237378	0.48929753732903	0.613944654160381	-6.52043181510386
1140	0.183646319746041	8.10384039623325	2.10830580020635	0.0371045180249849	0.0841293765814919	-4.58855846489466
114034	-0.0276771916764625	8.69061679294791	-0.383103631220056	0.702327128796779	0.793600832265581	-6.68631469837294
114049	-0.249666936631665	9.72712916216701	-3.68684242763235	0.000343532177564482	0.00181662982502088	-0.360353826372744
114294	-0.142751273904443	8.2314820206799	-1.86861827697987	0.0641374666315366	0.129942475932424	-5.04731768784508
114327	0.210277244805939	7.41340131681449	2.61243016159748	0.010150160986761	0.0295941862868498	-3.45871477681496
1145	0.00806438499886756	6.76817322105825	0.081052837290164	0.935536234870792	0.959473185304416	-6.75602590767825
114569	-0.386888967526172	9.61099609902765	-4.32381672168616	3.20651859110167e-05	0.000250575195638814	1.87118076294991
114659	0.104723074171217	7.69473728628465	1.26471535776405	0.208447160486046	0.325391313995851	-5.96882793836146
1147	-0.0146273507209824	8.08515474199259	-0.2213721559777	0.825182477563243	0.881032473098921	-6.73491659057357
114769	0.83193488958308	8.26016395165693	4.48353661621389	1.70285989390679e-05	0.000147129944808264	2.47161902108867
114785	-0.0210322540842875	9.85905992374479	-0.242830900030041	0.80855488344443	0.868825723591908	-6.72996260900396
114789	-0.155418391317364	9.41290487812499	-1.77407700976221	0.0786105522200396	0.152261449293385	-5.21395239235664
114793	0.738248745137518	9.35103162083399	6.78067790105507	4.91415109002159e-10	2.11410875018637e-08	12.5340918688584
114821	-0.445122793688443	7.25586923547411	-5.88995797593893	3.67389564101942e-08	8.17961671019418e-07	8.35818440973209
114823	0.0134139829221262	7.45875295027388	0.0945883195263389	0.92480107807026	0.952475923299296	-6.75484310259655
114876	-0.698466652501539	8.67666411822676	-6.77519170727262	5.0505221616724e-10	2.16151881116135e-08	12.5075380229216
114882	0.158340552702763	9.10868166401918	1.96122435168754	0.0521909166554606	0.110870590717082	-4.87620417134168
114883	-0.108715198779254	10.9249460598754	-1.84069244023911	0.0681604044584551	0.136465282442925	-5.09738875419233
114884	0.158281820401609	9.39124568129496	2.45159344314158	0.0156765175046115	0.0417838123872511	-3.8429356329738
114885	0.174260681743334	9.13769417946301	2.20628936398934	0.0292857626920198	0.0693323014720791	-4.38624490304706
114897	0.117386035609013	10.0430885378111	0.761324281364653	0.447971043704893	0.576092296590755	-6.4716138738486
114907	0.710973662915411	8.05660796727015	4.24976067079179	4.27854699644002e-05	0.000318385569284636	1.59812542759769
114908	-0.0674159332382082	10.9959366803676	-0.93239153803564	0.353024044417483	0.485753557702551	-6.32833706799959
114926	-0.00918445935479989	9.69481677468258	-0.109950227385323	0.912634246532591	0.944183225996894	-6.75327987120551
114932	0.15719732897897	10.9925189659622	2.29007467826194	0.0237802280300579	0.0587751561863327	-4.20654879619528
114984	0.173646324794915	7.25078823748457	1.64642729341932	0.102317045739953	0.186894913271122	-5.4259057398249
114990	0.548986678479475	9.63498473477595	3.57639069474618	0.000504865560568385	0.00249711947921848	-0.719117647724272
115	0.390066350905828	7.31322378760207	4.22124459889107	4.77700440023747e-05	0.000347342045298957	1.4939028093662
115024	0.0152748248859284	8.58484326270691	0.200299883688281	0.841588315435289	0.892616333788212	-6.73933598874785
115098	-0.183895233335563	8.19477385025772	-1.99861480939881	0.0479318648076886	0.103673556671007	-4.80491887181162
115106	-0.173550927521068	9.29223414129181	-1.56202422822822	0.120940549697796	0.212999774094626	-5.5577507573646
115111	-0.0834989534198714	7.18349902248141	-0.320270536972395	0.749325510264793	0.827131994492475	-6.70828092774263
115123	-0.128735584723874	6.87075202632303	-0.662741106744213	0.508779323549782	0.63091385865804	-6.54116321527075
1152	0.119162482448883	8.61401034446623	0.786123112661404	0.433359563311827	0.563730142547274	-6.45261718006929
115201	-0.0357344150350394	7.67379443145418	-0.430102512069017	0.667899755719213	0.765379020843605	-6.6673250696705
115207	0.492017117610971	9.80798843553799	3.45768698993541	0.000756729944783271	0.00350173072487945	-1.09488352931903
115209	-0.116926651783642	8.85543938857765	-1.95082884051299	0.0534304974809419	0.112931399486331	-4.89579941236379
115265	0.238175952656904	7.69649028729731	1.61099824270951	0.109832174453914	0.198038367384704	-5.48205737355496
115286	-0.358323197932708	7.67041007372874	-2.97429706806117	0.00355702598301734	0.0124919364879776	-2.51583092861424
115290	0.299622067098562	8.03534958518076	2.70317371059895	0.00787468836896283	0.0240106777141502	-3.23235752853446
115294	0.0518317440607095	9.27421996303494	0.630653542921945	0.529477628638882	0.649656151597915	-6.56173933091023
1153	0.0681126853393489	11.9592827149644	0.972472094533035	0.332790344649537	0.464254052829788	-6.29064127228926
115330	-0.270548797302454	7.69354291599925	-1.30552696122277	0.194234472403942	0.307882698533211	-5.91736121655189
115353	0.11815841630824	10.2224223772788	1.93275611223976	0.0556447961005945	0.11621391044018	-4.92963357545035
115399	-0.0842377534233388	6.63473899976794	-1.09603731762926	0.275277900601262	0.403512947465204	-6.16462116035045
1154	0.514558020067593	8.54753660024954	2.93948949932605	0.00395098268749149	0.0136263536528934	-2.61114073703737
115416	0.0548429294977936	10.8110406626669	1.05879837268285	0.291838282958454	0.422242812618116	-6.20415563131286
115426	-0.066008351530513	8.93713379674109	-1.09759729122735	0.274598633466667	0.40287472689781	-6.16293580072545
1155	0.117171024981601	10.531793538766	1.60627618684642	0.110866354170289	0.199294033829508	-5.48945315620931
115509	0.118993129716949	7.78880320766314	1.67538425698239	0.0964873587294042	0.178674451724189	-5.3791458610954
115548	0.123846795377746	8.89528107957191	1.44511243442349	0.151057210447654	0.252723533063603	-5.72936400420478
115677	0.974556655072582	8.56640042389923	6.08366392262893	1.47251259235135e-08	3.83868990688844e-07	9.24131093556478
115703	-0.0694104507950533	9.62658349427237	-0.812730684289586	0.417997138802711	0.549086572282187	-6.43156505615848
115704	0.106698494175396	8.34026966432188	1.06444508256848	0.289284450745761	0.419396093931778	-6.1982470285996
115708	-0.145777218972993	7.15639304454855	-2.11478879503864	0.0365365227351113	0.0830695507272281	-4.57543517121921
115752	0.0748545308478135	9.45893726688213	1.09023179738063	0.277816025661102	0.406440023372424	-6.17087267627772
115817	0.0836572593977349	10.1407504673935	0.936731932953334	0.350795598591392	0.483412019413563	-6.32433035842734
115825	-0.393069446998761	8.30708626251872	-5.24662809030576	6.84689310078383e-07	9.70074391294588e-06	5.5419970831619
115908	0.277876150268087	10.7256618184397	2.34975462432605	0.0204344135263164	0.0519508327877419	-4.07482019351257
115939	0.297970591551138	8.63055976553366	4.16173513502606	6.00280871126998e-05	0.000420085134528803	1.2780703739997
115948	0.819818136883281	6.96898030283624	5.83582826882596	4.73093163990757e-08	1.01130426453231e-06	8.11414440491312
115950	-0.0593439937750659	7.23115465505682	-1.06430435497852	0.289347911685443	0.419396093931778	-6.19839465766916
116028	0.032445417047444	10.4585697420476	0.331243379264506	0.741043851920898	0.821393212139911	-6.70472713596104
116092	0.175637865679312	9.87007873454896	2.66704586903465	0.00871853827122622	0.0260641064496303	-3.32329771417215
1161	-0.0808531805339407	6.99396905596219	-1.04759441915118	0.296950787637807	0.428214648374352	-6.21578792720338
116115	-0.197567131911721	8.30205204265652	-3.25261401290952	0.00148858582285201	0.00608096879167042	-1.71951774789503
116138	0.0492137393202852	10.1825986386378	0.723802942518943	0.470608659913572	0.597046256999056	-6.49920987973049
116143	-0.244158346752947	8.55154374163955	-2.88580439391205	0.00463781904912634	0.0154843918131704	-2.7562401903381
116151	0.139223759489153	10.4086086756521	1.45863194112358	0.147303561428578	0.247755531948698	-5.71017617042928
116224	0.185047559286589	8.14477776215424	2.66765548571769	0.00870364542181028	0.026029004773408	-3.32177218016834
116225	-0.27993498223248	8.22346540580277	-3.26815226808436	0.00141563862188918	0.00582329433107799	-1.67329720818653
116228	0.0665500016527155	9.89519816756225	0.728933345257334	0.467476090893705	0.594145639449454	-6.49551813709539
116236	0.443781230682285	6.7384496126574	4.43716380199115	2.04942701925024e-05	0.000172561337196809	2.29568803942428
116238	-1.12310004576872	9.52279884139795	-7.3554724952039	2.66611784894077e-11	1.80509290428285e-09	15.3641188939505
116254	-0.242876463138343	10.9165084397702	-2.60219102726014	0.010441036865116	0.0302819397843604	-3.48382491567127
116362	1.02886417262833	8.00559418836619	4.88992178505716	3.19286115952042e-06	3.56874603215679e-05	4.06707397818815
116379	-0.191433778645774	6.58124545684587	-1.70548690378818	0.0907153095483953	0.170452333227876	-5.32971244301114
1164	-0.166949867022608	11.5039500809488	-1.6755436157499	0.096456036748405	0.178674451724189	-5.37888637659793
116441	0.50560778912771	6.89235820078705	3.50489728879465	0.000644954878002934	0.00305992377501679	-0.946665016601425
116447	-0.0877056128502569	8.74552665697478	-0.774858098750289	0.439962039672645	0.569963370090347	-6.46132124322193
116461	0.0495701295255907	9.57210643109059	0.696229981002759	0.48764385081824	0.612614176084968	-6.51860805577871
116496	0.258275964551777	7.00970645428026	1.64797091358803	0.101999276435806	0.186562006944145	-5.42343272485096
116540	-0.350501504129281	10.6209197486728	-4.58077768571444	1.15018933044754e-05	0.000104747120942632	2.84470831574028
116832	-0.402538084819209	9.21337589991633	-3.55439367946438	0.000544573783986298	0.00265222845266912	-0.789523500180903
116835	1.03293645251566	6.80829665336016	8.59621234567655	3.86562829484346e-14	7.78782675985536e-12	21.7266672977609
116841	-0.0881722341366479	8.68416425113141	-1.55326533585987	0.123018044640876	0.215784465647406	-5.57105217464522
116843	0.48053534736074	10.3032271867053	3.97511879719136	0.000121167749567013	0.000771067497244628	0.616138217318456
116985	0.261589176434731	8.20096271695454	2.47453237882498	0.0147518467162014	0.039820344403864	-3.78947777205565
116987	-0.329395857312001	9.55603907203878	-3.92445490621516	0.000146078889451682	0.000901802411712179	0.440411206330805
116988	0.0889107012658641	9.62248100087218	0.759642841663921	0.448971906991723	0.576571509911635	-6.47288008875197
117143	0.0514582226136522	9.08208182981249	0.703529524655431	0.483101486087614	0.60866660693772	-6.51354536345588
117177	-0.252766568797794	9.00246942032954	-3.11284526032308	0.00232140447059687	0.00877967075418047	-2.12695841069718
117246	-0.124534019834871	8.470895300199	-1.4038621762565	0.162966915950555	0.267296808131768	-5.78684274666504
117283	0.0286857668458562	6.72728223307624	0.277111887439697	0.782175481277649	0.85043694555132	-6.721099224799
1173	0.169065009634262	11.4566724309263	1.94720269923342	0.0538687028629094	0.11359598816636	-4.90261162803829
1174	0.0486081701964281	8.26439754659659	0.420500222850446	0.67487921843592	0.77145064271806	-6.67138271721889
1175	0.217629585067566	12.0305410112717	3.12558159749306	0.00223056148651937	0.00852194166450046	-2.09045547098134
117581	0.1634329219585	7.15863268922895	1.4281018045317	0.155884505232537	0.258919367227178	-5.75326166882863
117608	0.0220846973967178	8.53751194606394	0.12667124133506	0.899414612373941	0.934838894955172	-6.75131150199202
1178	-0.867357014513629	7.20347923971885	-4.392619395673	2.44575738988351e-05	0.000199624071545828	2.12792081992742
117854	-0.382265729448509	9.70050307918835	-4.73402509889805	6.13236765746501e-06	6.10281407839289e-05	3.44389264226478
118	0.144632836231342	11.8335965596601	2.72467200126114	0.0074084101981834	0.0227738996043896	-3.17773008171229
1182	-0.32423932997776	9.47222243462167	-4.9916968612802	2.07104388112362e-06	2.49370589767947e-05	4.48108979581094
118424	-0.117635346628532	8.28027144713059	-1.61730888918739	0.108462146131659	0.195867364898885	-5.47214108451518
118426	0.422601651631672	6.94931788432028	4.469440960964	1.80173038295648e-05	0.0001539016852453	2.4180053099533
118429	0.931869996424644	10.2498278486099	6.43531573972911	2.70341689073077e-09	9.00412238606296e-08	10.8813832037832
118472	-0.0838601954809104	9.36998123068916	-1.24427900087166	0.215844623272627	0.333809509124115	-5.99400222266193
118487	-0.365673179905752	10.2682117736128	-3.75563431581746	0.000269197055448588	0.00147549281884893	-0.132543744169307
1185	0.0743760753606391	7.64982617852102	0.899892248967238	0.369996915220649	0.50232980271574	-6.35775496160386
1186	-0.0556729968487601	9.42401272380604	-0.761953239756529	0.447596991491448	0.575708755083193	-6.47113952181022
118672	-0.204077303036589	6.49457394541499	-2.27290168238956	0.0248281818636863	0.0609271486019159	-4.24388013863156
118788	0.786629953241865	8.0327578099787	4.42021554008918	2.19232089036369e-05	0.000182730278046459	2.23171356779686
118813	0.0648900805349955	8.21313822007849	0.615722993792938	0.539254439192064	0.658424488946999	-6.57096783920746
118881	-0.121708936818405	9.33935144687499	-1.36661340069322	0.174325699678731	0.282007496934258	-5.83736238482302
118924	-0.0304468696863476	6.9883607413356	-0.457199118812187	0.6483623520467	0.749541361498354	-6.65538245464301
118980	0.0334635824563001	7.42116120087711	0.296190098514152	0.767601717928382	0.839898024915675	-6.7156609820163
118987	-0.0351733057545697	7.43578802445552	-0.487231812882957	0.626991311451975	0.732939178119631	-6.64129667410286
119032	0.0651455349102333	10.0269373593751	0.826468249918401	0.410194253162863	0.541419707754114	-6.42042458376026
1192	0.0481707917800874	12.3773868074777	0.824043990892382	0.411564818174708	0.542881730776603	-6.42240394861108
1195	0.0749399765736516	10.1226499581341	0.646712857606735	0.519064507580509	0.640089535278077	-6.55156802325438
119504	0.404407089180583	9.59277243604468	6.49212848433686	2.04758796466385e-09	7.22781050774503e-08	11.1505302459079
119559	-0.310729474367525	9.52598048125425	-3.8874604244724	0.000167277469819799	0.00100342185963075	0.313189399501987
119587	-0.347395829253479	9.80304072387693	-1.14434672174912	0.254778791818281	0.380624492750769	-6.11134005663786
119710	0.107981778092521	7.89656130126808	1.22288086794937	0.223793484991105	0.343657591750609	-6.01993310537779
1198	0.0899278856999557	9.29869448748804	1.20954121864498	0.228854898832906	0.349933629092892	-6.03587659158779
120	0.509844206580654	10.1622700883093	4.37718789331245	2.5995450372926e-05	0.000209281111189444	2.07008391840894
1200	0.00880262969194691	10.7959829543037	0.0665168538845845	0.947078079406479	0.966120275129749	-6.75709315018939
120071	0.425836645259002	8.84549329137525	3.43540741523531	0.000815586529038352	0.00373226854839711	-1.16426251893202
1201	-0.490164937813218	11.1693905206962	-5.42790652859471	3.05857240633353e-07	4.9211541524139e-06	6.31620318717924
120103	-0.124730688127526	7.92956297096194	-1.61015361831395	0.110016586974521	0.198198503185178	-5.48338176734898
1203	-0.219861470144941	9.61894269934858	-2.40734693025639	0.0176070377382042	0.045965275511241	-3.94477878119612
120534	0.255290961370568	7.91402549813555	3.38375032852184	0.00096900587715455	0.00425517732339	-1.32371112807857
1207	-0.0263599025023675	11.1468964547708	-0.538629573651484	0.591149670821598	0.70358736037268	-6.61512089996495
1209	-0.0809822246286221	10.0291732659801	-0.771427480989371	0.441984292179992	0.571507553758099	-6.46394725586595
121053	-0.23553216559113	8.65362109525603	-2.8123921858662	0.00575465114977007	0.0185098981686529	-2.95089530491493
1211	0.127621323544801	12.5069750009826	2.40906101960569	0.017528489235435	0.0458036447594727	-3.94086467409429
1212	0.145508691620904	10.9415179880241	1.63514514280029	0.10466387614476	0.190507628240572	-5.44391352588301
121227	0.35793110663259	6.78620349105278	3.00497397530161	0.00324016298183981	0.0116364114043464	-2.43103268726934
121260	0.169861286903053	9.42067220736858	2.4832241008765	0.0144144018990116	0.0391139814999461	-3.76910505966284
1213	0.188671728313591	12.0191465857273	1.77391379749677	0.0786376928190776	0.152261449293385	-5.21423298606732
121441	-0.186294976749895	7.13199973651882	-2.42661933385032	0.0167416165400293	0.044054078566627	-3.90062523370629
121457	0.280318511592179	8.31465401039881	2.94593145705924	0.0038751739938798	0.0134153131556778	-2.59357430977238
121506	-0.714442529269109	8.14667222564301	-3.68647130607379	0.000343981501131566	0.00181710683298421	-0.361573804044774
121536	-0.0344579576461046	9.33512437344965	-0.513883510902504	0.608287328560772	0.717911540510279	-6.62804948484035
121642	-0.364100063732913	8.17410782913345	-3.82937648460193	0.000206574511065544	0.00119909027505368	0.11532139917889
121665	0.0979812891896804	9.27965258853179	1.2511730285966	0.21332804626893	0.331090128251827	-5.98555452305351
122416	-0.0993362817694638	10.8446002806194	-1.4786869162973	0.141868892167764	0.240920445992132	-5.6813954653128
122509	-0.152235309566327	8.78137563790242	-1.5739231453608	0.118162929297294	0.20931284494867	-5.53956592373762
122622	0.236274208126404	7.26720281931811	1.73886767599957	0.0846468557660239	0.16128789587713	-5.27391684978635
122704	-0.130264369703338	9.74615512202964	-1.52483959369102	0.129955156996424	0.225226520518352	-5.61372524069379
122769	-0.246098195822891	8.01537411461251	-2.84665213070375	0.00520598002568247	0.0170437554546719	-2.8605971490811
122786	-0.119711490952736	9.58417966301095	-1.46016864771993	0.146881510297659	0.247196673809834	-5.70798426132385
122809	0.278700730759125	7.23928836533976	3.81371454054294	0.000218588249927419	0.001253846489167	0.0623634597580951
122830	0.060630019318158	8.33852843081167	1.03257902363239	0.3038970883431	0.435494439575643	-6.23118689734094
122953	-0.0376548649904812	7.83969649900044	-0.386839628558351	0.699566546619763	0.791455920432714	-6.68488528148813
122961	0.149369260932812	9.22157795030363	2.36456210245539	0.0196715624013361	0.0503367736787596	-4.04165858915189
122970	-0.372302005609882	8.93533465037586	-3.5214780496403	0.000609531753382029	0.00291361821929141	-0.894222593410428
123	-0.320315211693976	12.6812479453401	-1.862094938989	0.0650589865601207	0.131486965741766	-5.05907766771962
1230	0.348651271923699	8.3127268420615	2.021862376304	0.0454358089657162	0.0993382165317141	-4.75996324874027
123016	0.115233881347541	6.84456406058768	1.56749654586726	0.11965676108088	0.211306463046925	-5.54940397906452
123036	-0.447677899358721	7.59564695592773	-3.27665166017696	0.00137716245753438	0.00570765775174812	-1.6479370613939
123096	-0.0798328470351024	7.44847888628835	-0.523068119214491	0.601900448132544	0.712583875816944	-6.62332159855165
123169	-0.198831711588666	8.60339622783019	-2.73555076539984	0.00718214452712771	0.0221939819656098	-3.14994175757671
123207	0.122592383689244	8.10530675393726	1.65554819119326	0.100450938658999	0.18432455658728	-5.41126117943537
123228	-0.034104077200621	6.88601599253448	-0.355228812217873	0.723047672077797	0.808169657829851	-6.69654294049749
123263	0.191734221507619	7.7750569351614	2.75620530626038	0.00676975872440485	0.0211570968836867	-3.09691462953066
123355	-0.118991291776194	7.61360378924378	-1.66390925217639	0.0987645180421597	0.181975221732822	-5.39776879583644
1236	-2.29346007870272	11.0135841085632	-10.3925853206418	2.16851898582523e-18	1.79119668229164e-15	31.2676556462484
1238	-0.304238286984169	9.89468929604365	-3.33235817397224	0.00114818113267828	0.00490381393791241	-1.48036941908538
123803	-0.0926526613478044	9.57927433913916	-1.46449931600183	0.145697145344554	0.245754221063104	-5.70179516192205
123811	0.244574134291365	10.0020796427546	3.29866082705277	0.0012820194681019	0.00538356929665566	-1.58201255455264
123920	0.311846261014995	10.6202186185102	2.51846502778408	0.0131157826599313	0.0361724089385752	-3.68584517331588
124152	0.282104088693923	8.22345765251794	3.28404272310148	0.00134449977002028	0.00559788662856794	-1.62583936391114
124245	-0.118721610344653	7.77362378708146	-1.45837356617067	0.147374615319885	0.247824577064791	-5.71054448961964
124359	0.406385741257295	8.9844642889099	2.62832299277204	0.00971312603021122	0.0284909165516849	-3.41956595485251
124402	-0.29080561280127	9.24395550025722	-3.32923385396771	0.00116001723617338	0.00494924709235131	-1.48982943680348
124454	-0.280392187289505	8.26245994782288	-3.9668473032851	0.000124937142851325	0.000791979916804795	0.58733107992533
124491	-0.265167515000966	9.3452898162129	-4.35814372600755	2.80220109718032e-05	0.000222559433295283	1.99890849978058
124540	0.17835641118169	8.76688471361461	1.88394729802971	0.0620148976086548	0.126573524647267	-5.01953077332665
124583	-0.185936827958219	9.85519165260044	-2.25767773986376	0.0257908443861044	0.062730381221797	-4.27675937060577
124790	-0.154992173852742	7.56662620736128	-1.95406774037722	0.0530416414205805	0.112368288826364	-4.88970464227325
124808	-0.116973098138491	8.91335916575447	-1.96881972590612	0.0513007033755446	0.109437967428202	-4.86182545457901
124935	-0.179725808905797	11.6975810827283	-1.66110792803708	0.0993269752631132	0.182685552365468	-5.40229656290417
124936	-0.315620273448036	9.51632455950629	-4.82141830641424	4.2600325465609e-06	4.52286231807108e-05	3.7915762854772
124995	-0.0248722699319338	10.153816438077	-0.399507515933485	0.690236146044604	0.784445592505288	-6.67993547288258
124997	0.013398153796571	7.8433779260206	0.137472882163781	0.890889598381809	0.928314379037939	-6.74989209188648
125228	-0.400234970659188	7.60567283620434	-3.44656131888922	0.000785603080553471	0.00361508715619592	-1.12957479316639
125476	-0.0207283362019295	9.65699446770144	-0.281538489390603	0.778786902476954	0.848651690561958	-6.71986962518284
125988	0.0455213501625573	10.862025850157	0.828596425911708	0.408993347010378	0.540179892277858	-6.41868222835545
126119	-0.0124669317166731	7.52913098413813	-0.130809825747575	0.896146859467242	0.932592578642031	-6.75078137778809
126133	-0.00820190958700313	8.65311117508673	-0.104929133560648	0.916608879895273	0.946462513291423	-6.75381664606593
126208	0.0684118756655842	7.7205305836705	0.895418969055574	0.372372672466362	0.504644747385205	-6.3617235403872
126231	0.134587354420403	8.1363439535259	1.52857696202549	0.129025892205521	0.224086179482255	-5.60815788877534
126282	-0.465674910854625	8.96604760287074	-3.61800277473953	0.000437111160780222	0.00223424392824544	-0.584977660763538
126295	-0.103223075772393	7.38017140945608	-1.7930738364001	0.07550390341002	0.147507625867258	-5.18112609116212
126299	0.200800205958716	9.91664640201788	2.76298647654113	0.00663914004810257	0.0208911606846961	-3.0794286989162
1263	-0.168144330407925	7.78176593441392	-1.45118182146942	0.149363032159654	0.250556183111036	-5.72077122471871
126308	-0.211978380582608	9.10632110376711	-2.12490144246989	0.0356655027480621	0.0815380716022676	-4.55488998905449
126321	-0.547478454795993	10.6042212997669	-4.22837001584899	4.64746877730231e-05	0.000340193782323559	1.51989702340943
126328	-0.13968611494062	12.0580784275572	-2.23284297891371	0.0274314507305298	0.0658865318505891	-4.32996015128535
126382	-0.340039618824098	8.97438612076546	-3.42617423134568	0.000841216763134626	0.0038157333681999	-1.19290747439882
1266	0.374270141004471	11.8290337638299	4.03754274749158	9.6025083415723e-05	0.000634026529987108	0.835010824728544
126626	0.0033516073214161	10.2839941198637	0.0493133741375737	0.960752319538864	0.974579829917951	-6.75808459238522
126695	-0.197978860668539	8.14026120595786	-2.42751372729369	0.0167023884455174	0.043964859324402	-3.89856842315384
126731	-0.267852001784542	10.6476603223011	-1.60268567199018	0.111657913597539	0.200629620690814	-5.49506279113549
126789	-0.500082587777587	8.35790218456154	-4.83569106617051	4.01243428136933e-06	4.32468407602751e-05	3.84876336223223
126792	0.32340193541003	8.36290433978234	3.7970503900401	0.000232098810612064	0.00131581069022351	0.0062024324885499
126969	-0.126676968856675	7.74870250040484	-1.13498986313808	0.258662860858946	0.384511209664102	-6.12183544254457
127002	0.0382539318211987	7.83478002648687	0.392970886269862	0.695044789214099	0.787742859345288	-6.68250943633841
127018	0.129913246665609	10.4238163979023	1.9646617269255	0.0517864324835552	0.110189575557487	-4.86970336097442
127253	-0.224924167781378	8.84561272805414	-2.53143499926907	0.0126648738451948	0.0352228477984207	-3.65493735315328
127262	0.187762808616855	9.23329457730716	2.32493286805198	0.0217718947468354	0.054694601766685	-4.12998342405209
127428	0.050473289603328	6.83223740498992	0.884149172294119	0.378400378567367	0.511301672986496	-6.37163531760908
127544	0.260051268586135	7.85185515600804	2.51210697837475	0.013342031885448	0.0366617376493015	-3.70094455685531
127687	-0.155134697945716	10.6355687814756	-2.5526266618904	0.0119579710349912	0.0336534380746261	-3.60413099920411
1277	0.161152541622355	11.9845665815133	0.697564689025971	0.486811547741775	0.611866343451489	-6.51768626390707
127700	0.164726553699813	7.70435038773924	1.34018754826329	0.182740274862678	0.293037210321436	-5.87240509050358
1278	0.120750751446116	13.2372711157914	0.601103278050732	0.548915668444265	0.666771091374945	-6.57979134389652
127845	-1.15369616390287	9.26766941839323	-6.839359217301	3.66482750779237e-10	1.66326786892115e-08	12.8186935731182
128	0.0193933509140488	9.24551339871528	0.267917777212304	0.789226926814892	0.855177018954612	-6.72359093104411
128061	-0.0305638585809499	9.48901980743801	-0.476877695499709	0.634324680857307	0.738897456477416	-6.64625370831868
1281	0.173633326090171	13.9641895279669	1.00408612238674	0.317376555372743	0.448584932816369	-6.25980727955075
128178	-0.339037739001526	8.95728493682993	-2.85392067206174	0.00509591222966133	0.0167364751558658	-2.84131716739207
1282	0.14758874971737	12.4981778847019	1.24540217807344	0.215433151950953	0.33329796499623	-5.99262902027101
128218	-0.153666313345393	8.28809827862247	-1.37122672970751	0.172887239688068	0.280174337811151	-5.83117679086716
128240	-0.053366689044039	10.0771686390644	-0.932626235476262	0.352903314638938	0.485668340372814	-6.3281208827507
128272	0.288507294938422	7.13413131244703	3.08189175701041	0.00255667464207567	0.00953845191668702	-2.21514562859723
128344	-0.174955208137996	6.73674718769635	-1.4198453157005	0.158269866596179	0.261566446195366	-5.76476241735063
128346	0.778913547385631	7.93161673493082	5.06737682580874	1.49599450882578e-06	1.88367601263734e-05	4.79252921922025
1284	0.366635781253052	12.3492211769101	2.98767946815963	0.00341544216373967	0.0121392221482314	-2.47893063275336
128637	0.161260523851613	8.65655718338857	1.90456639941116	0.0592529425211648	0.122204570592964	-4.9818176606671
1287	-0.0729768484682892	8.79446253178914	-0.675610913235679	0.500599845333028	0.62331627639652	-6.53262573602665
128853	-0.122137982927545	7.19672218037787	-1.48559121979592	0.140034423767076	0.238836328787126	-5.67139954624479
128866	-0.039211512201648	10.8757681672031	-0.59120218018643	0.555507440236225	0.673292950308323	-6.58564731745664
128869	-0.58955625500465	8.49350856528654	-6.10823276658518	1.30994770723491e-08	3.47915371760784e-07	9.35438930304942
1289	0.0120491501583612	11.2235448989082	0.0783150024220346	0.937709153771739	0.960619651794983	-6.75624299092216
128977	-0.00419025830192738	8.33263085001613	-0.0434674879444589	0.965401808677961	0.977711983776356	-6.75835445494666
1290	0.339136051507937	11.0166456876297	1.94555291307687	0.0540690765547785	0.113815130566379	-4.90570705098857
1291	0.651021107289415	11.5079267741348	3.60520943423572	0.000456968203530563	0.00231567936267635	-0.626350280905879
1292	0.447913493503581	10.4631208309295	2.5469969768445	0.0121422236056548	0.0340679657375233	-3.61766498102757
129285	0.315480309895514	8.76322340729162	3.65959733245165	0.000378039478089599	0.00197009847887703	-0.449656981883101
1293	0.449557367096198	11.6530179399752	3.10810738475779	0.00235606461604942	0.00889446696918108	-2.14050516711449
1294	-0.138012647815198	7.73511580823544	-1.36623287110187	0.174444753645031	0.282144833582917	-5.83787170096961
129401	-0.0298996780964857	9.04590329574681	-0.343340431946905	0.731948822084815	0.814777149460517	-6.70067077752975
129531	0.113875329862821	9.55737936461465	1.66449167548529	0.0986479014867688	0.181939685528258	-5.39682651395193
129563	-0.281265705925545	7.19491379805374	-5.43252723738635	2.9957993912874e-07	4.84252504345086e-06	6.3361442298943
129685	-0.0660415721570952	6.91169233125351	-1.2138122704572	0.22722544539538	0.347892896935281	-6.03079040898442
129787	0.145532599671537	9.15787579215374	1.8851336419149	0.061853110588943	0.126368215054333	-5.01737137777758
129804	0.343711309792284	7.53599395005367	2.26837122588842	0.0251113103495317	0.0614212092055468	-4.25368574442103
129831	0.0236682175250095	7.96919072555735	0.260063114374817	0.795264983992923	0.860053834246617	-6.72565312583728
130162	0.293586877434612	6.94248240237164	2.92918237163457	0.00407511769415103	0.0139786013927274	-2.63917799081069
130502	0.218887152227969	8.29608738712164	1.59444360588885	0.113492027794634	0.203217894988874	-5.50789431508351
130507	-0.28631924715265	8.45939154603082	-4.0429184602454	9.411045357365e-05	0.000624379394793855	0.853979980453905
130557	-0.163266093807808	7.9280148435763	-2.30822603312153	0.0227150042116572	0.0567157663821436	-4.16681146105328
130589	-0.138207991219715	8.06883291876077	-1.82700639544261	0.070207445540786	0.139435801915579	-5.12166803573458
1306	0.694956011554333	10.1282682260474	3.79247099331516	0.000235948358544674	0.00133123868960315	-0.00919730273359054
130612	0.112572928057417	6.56741078370395	1.4273284899953	0.156106742331814	0.259126472412624	-5.75434157928513
130617	0.226076209275086	9.42262491935135	2.83567518855601	0.00537633173996911	0.0175112382382275	-2.88963259568029
1307	0.247657609481273	8.80719486952767	1.69564430186745	0.0925708231120796	0.172994343643841	-5.34596782451363
1308	0.229383474933241	7.9357694537403	0.843152443862183	0.400836504780359	0.531787589059712	-6.40664638299204
130814	-0.0694563751498493	9.21623896953995	-0.752921502217799	0.452985540072797	0.580552453219753	-6.47791392891322
131118	0.0544869724945002	8.6538209226331	0.72360117377248	0.470732097134264	0.597089545812196	-6.49935454062447
1312	0.0676146415457273	12.0487300970854	0.885135487607554	0.3778704261222	0.510669129543418	-6.37077279997963
1314	-0.0250783760153934	11.4900039813485	-0.431399641344132	0.6669591408905	0.764513253366019	-6.66676993898585
131408	-0.137755973858186	9.26274091824565	-1.52707953622026	0.129397584809562	0.224542867757769	-5.61039009414961
131474	-0.0778225411342881	9.66314018775285	-1.17219944783822	0.243460778043462	0.36791438873366	-6.07959972947928
1315	-0.107005423003129	11.265436039099	-2.01255388468944	0.0464216078868825	0.101172158613628	-4.7780220452168
131583	-0.287577281143704	10.330868386116	-2.5913770096925	0.0107563789125827	0.0310222380649208	-3.51024948880603
1316	0.171562978271039	10.2369158254278	1.2291850642993	0.221429915515966	0.340611574208847	-6.01233904168512
131616	0.204104109993891	8.88104663944246	2.56815087026519	0.0114628185870586	0.0325258954067689	-3.56667177481116
1317	-0.387367541333999	9.2547880498971	-5.72306637191814	7.98119514609438e-08	1.56963504539856e-06	7.60975548385664
1318	0.329277802502692	10.9072700206972	2.65403755836041	0.00904187509360175	0.0268364672199606	-3.35577670914171
131870	0.126092836720625	7.01451488085112	1.4801024577775	0.141491268274691	0.240543709231248	-5.67934972669288
131965	-0.390367507487646	7.90250933486331	-3.70559924247484	0.000321533474448099	0.00171466128506065	-0.298568562731758
132	-0.435475235607896	10.8917653900582	-5.32245727091539	4.89666361465728e-07	7.26147961527274e-06	5.86390436732937
132001	-0.185716792585219	8.30065712567581	-2.05042426512983	0.0425218001883177	0.0939117833036107	-4.70406750992034
132158	-0.0901907056636452	7.68213156376291	-1.02138703144878	0.309145190965176	0.440721311248249	-6.2425227836519
132160	0.711209171383488	7.67469152069082	6.43091303071623	2.76213529902257e-09	9.12609502797058e-08	10.8605722879538
132299	0.29327567530325	8.19938304413498	1.96063256797188	0.0522608225363395	0.110970281272536	-4.87732228507064
132320	-0.0668804865236936	6.8555194628178	-0.783915312715321	0.434648973829035	0.564941073773065	-6.45433286140857
132321	-0.0560007704356144	8.25249844886823	-0.687699905093584	0.492981394795268	0.616693369833245	-6.52445784177101
132332	0.181062112525692	8.57189555184203	1.21659616190842	0.226167878921415	0.346588502092677	-6.02746579976249
1326	0.0637644896971869	9.63820474728689	0.510374979018029	0.6107351717689	0.719639446335394	-6.62983353519365
1327	0.0350354911269026	13.1996135040863	0.789451216765444	0.43142010703733	0.562165092033874	-6.45002188710655
1329	-0.0474617582851378	12.6625479591381	-0.721450018772219	0.47204924593778	0.598535666074411	-6.50089435598951
132949	-0.107617910483837	8.71591444303148	-1.28015147025626	0.202984271817036	0.318633615585085	-5.94954862528584
132989	-0.317399601216872	6.80346717518118	-2.57667185263819	0.0111989424268828	0.0319969783625222	-3.5460247705216
133	0.246170079139893	14.3401420147785	1.74211004292092	0.0840755583648079	0.160495519319	-5.26844251903251
133383	-0.356188698752918	7.62091288944655	-3.20601763621965	0.00172891162911743	0.00687238212536572	-1.8570205874031
133584	0.675410169634448	9.69376857952396	4.75560950882457	5.60680449614997e-06	5.70290736654107e-05	3.52936510468699
133619	-0.0343694442125687	10.7618132283559	-0.513950644349296	0.608240533880948	0.717911540510279	-6.62801522957511
133686	0.303954425648083	7.93766047972758	3.55496560497864	0.000543505065736951	0.00264906858802946	-0.787697362728187
133746	-0.220982210901355	8.00598464895995	-2.12575883158596	0.0355924859997413	0.0814613284449607	-4.5531439161632
133957	-0.0583126765718287	8.3394627325773	-0.814768371111685	0.416834179347859	0.548372891571679	-6.42992425600791
134	0.244563490390902	7.8003326156447	1.56123063127949	0.121127627845513	0.213283778726058	-5.55895888471353
1340	-0.103321287520217	13.0893673362598	-2.01980815076988	0.0456518080281487	0.0996785446239779	-4.7639552019996
134145	-0.00549774270479068	7.53588688157257	-0.0644104155219409	0.948751622996917	0.967192803224567	-6.7572303662274
134147	-0.093615823415835	7.98821352136072	-0.992798485138577	0.322824689446688	0.454496665217257	-6.27092774584175
134218	0.193639124568941	8.28144594023236	2.30933606355947	0.0226512453531184	0.0566281133827961	-4.16437206173752
134265	0.0804388215054795	8.34978259669276	0.762140252094243	0.447485806769881	0.575708755083193	-6.47099840478923
134266	0.103555421350758	9.02409667165477	1.42723133715737	0.156134679563878	0.259126472412624	-5.75447721035075
134429	0.630652190437404	7.21531820300754	5.21134428099418	7.99536832705506e-07	1.10622684056072e-05	5.39318370839977
134430	0.0300475901583259	8.39805165412788	0.542716017000216	0.5883414025334	0.70159609932376	-6.61292773589051
134492	0.178324226701822	10.2928589781869	2.10505765317727	0.0373919499357185	0.0846184949230231	-4.59511952864385
1345	-0.0233728465143713	13.9043079088619	-0.330362606921993	0.741707501734165	0.821709888262973	-6.70501680367896
134510	0.25916937136341	9.33872972877352	3.79266499661367	0.000235784051560867	0.00133122096096566	-0.00854519686055699
134553	0.159860202481498	8.46604907935889	1.62840411844123	0.106086626539993	0.192588029718756	-5.45461662042388
1346	0.61332644553294	8.25571577040643	2.79062939230805	0.00613008987542143	0.0195048314217955	-3.00775891578688
1347	0.0260698588766453	13.3136434782623	0.437110173002487	0.662824459798685	0.761146953696252	-6.66430619459078
1349	-0.000852258182748964	11.5648300291807	-0.0126435431591388	0.989933375386663	0.992818076820524	-6.75921500185889
134957	-0.336729526118146	7.3603034116759	-4.336028840448	3.05663577444996e-05	0.000240939985879693	1.91653735428611
1350	-0.0943059032600255	13.391315627972	-1.71156646956563	0.0895844111471557	0.168711180135774	-5.31962711230368
1351	-0.0526473676351177	13.0184722794076	-0.791309130166392	0.430339625893503	0.56101725219071	-6.44856834697064
135114	0.0540141988649371	8.88992163200808	0.43992127859107	0.66079289818983	0.759447521782106	-6.66308151358653
135154	0.285170303359399	8.39910100199711	4.26205528115704	4.0794107454664e-05	0.000305493497348617	1.6432192207907
1352	-0.145529276676948	8.67836570391085	-2.5342303589031	0.0125695309353552	0.0350048299143742	-3.64825728711868
1355	0.0177332533715004	8.87827801479774	0.194457034845209	0.846149959094208	0.896011968206023	-6.74048322289558
135932	0.640951144382002	7.93514092015024	4.47232205622554	1.78108168428349e-05	0.000152453209452659	2.428954028413
136	0.268577389592144	8.81369615183244	2.43752445078364	0.0162688629274502	0.0430018584898363	-3.8755003061113
136051	0.0715825254593761	8.43038560589017	0.706414500367917	0.48131265708245	0.606961607580917	-6.51153001521223
1362	-0.00446258457813566	10.4195426864004	-0.0491209774694567	0.960905320398592	0.974579829917951	-6.75809401512377
1366	-0.75802013811442	11.0342154673611	-6.3201869993372	4.73152612691389e-09	1.44749651141884e-07	10.3394378441885
136647	0.270182560232624	9.75332726744955	2.23094356476932	0.0275606012978424	0.0660715454229369	-4.33400681945938
1368	-0.224753962108705	9.37487094233454	-1.80999837802325	0.0728222873922018	0.143319536302022	-5.15160195413414
137075	0.494270341914572	8.30577977991738	3.1230673284282	0.00224822913546604	0.00857084773827451	-2.09767147754632
1371	-0.0124955228073641	9.20300853809019	-0.142265003826639	0.887111522577053	0.925779049461334	-6.7492252105381
1373	0.462715519485337	9.59891512544334	1.93462575150907	0.0554121909691247	0.115845279019228	-4.92614709873114
137392	0.17393551928603	7.93113768188051	2.41230466393725	0.0173806994677435	0.0454894098870601	-3.9334509384796
1374	-0.136005668326314	7.98784521623501	-1.82885286147174	0.0699283205298509	0.138981695759521	-5.11840235878547
137492	0.176425731844728	10.1550211182446	2.81081810073409	0.00578108519437856	0.0185876853661218	-2.95502115601664
1376	0.083254650159997	10.6902534712678	1.16214814982804	0.247503174705746	0.373129443889298	-6.0911399803593
137682	-0.0635679786294719	7.67029615020863	-0.871984474419394	0.384974586922505	0.517260274562469	-6.38219512209706
137872	0.593359157619616	10.9144187807165	3.25557262179108	0.00147443127129471	0.00602911004994769	-1.71073113971062
137964	-0.175935487993311	7.85807106987249	-2.15007340855419	0.0335749061170143	0.0775961736224226	-4.50335605274411
1381	0.60452980976289	6.27270273506219	3.16319332123033	0.00198118780372348	0.00767931077370057	-1.98192372304664
138151	0.2997931157459	6.93343559370646	2.46044200008023	0.0153138828548011	0.0410588761913108	-3.82236776529347
138162	-0.799182915637586	7.2313266256994	-6.80557201836399	4.33968267837131e-10	1.92719241523371e-08	12.654698795
1382	0.178291885874369	8.87546528372191	1.15399642641196	0.25081637772335	0.376612121431534	-6.100427936874
1384	-0.114945431028334	8.33358060197187	-1.21155153037084	0.228086896320521	0.348953095685775	-6.03348478973322
138428	0.0429429727032223	7.59967935475921	0.512718921038695	0.609099352333878	0.718396678749186	-6.62864301524823
138429	-0.120830492687057	6.53302451654961	-1.19666605209567	0.233817844506463	0.356006524538873	-6.05110315200166
138474	-0.207074164103286	6.82789182503776	-2.50725525614579	0.0135170221527966	0.0370685932875499	-3.71244359436081
1385	0.124106207474081	10.6817836273546	1.81849679906582	0.071505807282574	0.141199609886221	-5.13667790476155
1386	-0.104894556913231	7.05558295378719	-1.47939998522915	0.141678568949272	0.240696211337102	-5.68036517476486
1387	-0.0416557711697431	9.22049772707423	-0.628228235907245	0.53105953624335	0.651113517792796	-6.56325334331844
138716	-0.0605221507824247	10.340363427245	-0.78513457967855	0.433936614169472	0.564234796856414	-6.45338595937848
1388	-0.106751697500954	7.65280411370086	-1.77301845845336	0.0787867163092739	0.152442791453409	-5.21577181322744
1389	0.339003204768509	8.37233133358376	4.26260039270925	4.07079098042203e-05	0.000305493497348617	1.64522076940355
1390	0.201912905806	9.14901671095868	1.31916948102307	0.189647775093324	0.301944992727613	-5.8998027889614
1392	-1.10599935250774	11.881352622922	-3.21495979234268	0.00168015878003461	0.00670116442447413	-1.83076164539895
139221	0.0405711092415503	7.71965433390089	0.198798522697644	0.842759954328436	0.893492134867524	-6.73963401850336
139322	-0.442197826442124	7.93517626351671	-4.03434588341568	9.71812879424276e-05	0.000640125548966868	0.823739161124261
139341	-0.0387929577584087	9.08760505374673	-0.735923085362081	0.463227128933847	0.590543322528638	-6.49044686790595
1396	1.19554441122989	8.82437652523674	4.85491065038616	3.70098179809142e-06	4.07004854363618e-05	3.92594875652849
1397	0.838779811634176	9.25323871644878	5.74269665690121	7.28940610475806e-08	1.45788122095161e-06	7.69716929676156
1398	0.148662134178167	9.67695481365997	1.92986295142877	0.0560063627373665	0.116731643229338	-4.9350224662823
139818	0.876777564840201	8.82775870496759	5.19820175714395	8.469493127809e-07	1.15557304567321e-05	5.33791321668472
14	0.102054402298256	9.86041755872201	1.89448878555805	0.0605896608802712	0.124371421190616	-5.00029823691857
1404	0.33547362236309	11.0331170912018	2.29007085986065	0.0237804566555356	0.0587751561863327	-4.206557125355
140459	0.270919268759747	7.36502452675587	3.6074803148879	0.000453382366163622	0.00230457744277632	-0.61901499185336
140460	-0.137031364508196	6.85916653005119	-1.70101632327169	0.0915543079842973	0.171581560369997	-5.33710685434948
140461	0.264287874964032	8.48842895393544	4.30897284037481	3.39823470369139e-05	0.000263068590932436	1.81617442789884
140465	0.155033506331196	9.86699285057469	1.6641449608758	0.0987173095064337	0.181939685528258	-5.39738748903519
140467	0.219599308978722	8.67429434243736	2.90003118676698	0.00444586279278681	0.0149950292643606	-2.71801359725342
140576	0.379421822230399	8.65652663604474	2.84431219197448	0.00524187397639132	0.0171408863994427	-2.86679478616808
140578	-0.0700282205053308	6.80113981177411	-0.534434029306961	0.594039391158776	0.705972054587043	-6.61735545665842
140606	0.012548763343379	9.63919936363553	0.0753282479909211	0.940080166283518	0.961855837173524	-6.75647130517646
140609	0.00131029239598361	9.1521627309979	0.0116213367964751	0.99074720422564	0.993031416928016	-6.75922734307782
1407	-0.0121653223706468	8.86886475211747	-0.135704324382622	0.892284555926156	0.929533413034437	-6.75013243768506
140700	-0.0487280182419323	6.38669907079763	-0.488593391301386	0.626029714972951	0.732022288459311	-6.6406369288666
140707	-0.218948468679133	9.04802383449761	-2.2741664355389	0.0247496433372907	0.060770527338294	-4.24113954040284
140735	-0.0342991479256507	9.65141451664056	-0.479936141989954	0.632154687345747	0.737060712196738	-6.64480051352136
140739	0.0901459117562198	11.3366724749697	1.13281913453819	0.259569846873943	0.385550608735618	-6.12425825585787
1408	-0.252806537013403	9.34939113457513	-3.24912368118619	0.00150544721554318	0.00613770681164199	-1.72987492082443
140809	-0.146358455528188	9.36954575688176	-1.26951479577784	0.206737183561978	0.323173568550708	-5.96285793567147
140823	-0.029532046724542	11.9607856415402	-0.414343376642308	0.679369341025911	0.774974555568847	-6.67393636375374
140831	-0.0334215624744608	6.98826379323239	-0.579552769134325	0.56331296255768	0.680059203555457	-6.59241352239672
140890	0.0349038325565578	8.73064089955344	0.407100691411142	0.684666127658359	0.779509609160309	-6.67689230270168
140893	-0.266245111491378	6.44213813764976	-3.31829199300023	0.0012023753834357	0.00509961722739533	-1.52290202782647
1410	0.204270569146693	11.1838829044754	1.07448855153401	0.284779868295264	0.414572032449573	-6.18766158155866
142	0.0358692518554609	11.7607140965029	0.439148650936764	0.661351018134017	0.759877508664207	-6.6634188949021
142678	-0.165738799389107	7.806897511404	-1.49172928835452	0.138419109665754	0.23666773873714	-5.66247531490354
142891	-0.334948367687835	8.11582925407452	-3.41950315594247	0.000860203551905034	0.00388479023440983	-1.21356453720103
1429	-0.100576205035969	9.25196990900463	-0.737762502747818	0.462112607092043	0.589414782980277	-6.48910434458765
142940	-0.102183452530945	6.47295870038671	-0.92790807319702	0.355335443903429	0.488039701802847	-6.33245659660041
143098	-0.148769458570923	7.63755902174276	-1.11935438268031	0.265245581078317	0.392077397943253	-6.13918526171415
1432	-0.0718714757755988	8.40253647722258	-0.675229208933216	0.500841419666308	0.62331627639652	-6.5328812928512
143384	-0.294347877519845	8.12232014711889	-2.28311544911589	0.0242001280569721	0.0596517629813757	-4.22170802668505
1434	-0.215399843161067	11.4804009949431	-3.55491247195642	0.00054360426836682	0.00264906858802946	-0.787867024510023
1436	0.730292983382149	11.9041162582796	4.99115801196501	2.07582445773881e-06	2.49582387495234e-05	4.47888316142702
143662	-0.606182540575893	10.0076981419232	-3.43265408758562	0.000823151633960039	0.00375711054330234	-1.17281101195487
143684	0.214204872890417	7.82234837530064	2.62797081010806	0.00972262369677124	0.0285086516632341	-3.42043577354936
1438	0.135836375358642	11.9799950181584	1.42343063152796	0.157230625927999	0.260265525083221	-5.75977622003033
143884	0.0352572870488414	7.99079729253964	0.452309549914529	0.65187029228624	0.752711061610998	-6.65759124475861
143888	-0.13594061693784	10.7123848659939	-0.986832324017635	0.325729144550545	0.457494088418211	-6.2767556073496
1439	-0.176073592372322	8.2631314221652	-1.28305465688644	0.201968729910085	0.31740139061212	-5.94589720583493
143903	0.569291994519328	7.25800076992581	3.79493121362805	0.000233872761667362	0.00132314315847426	-0.00092580221417915
144097	0.18557696821829	7.3734939500677	2.55154110945329	0.0119933032512141	0.0337335726612632	-3.60674279024787
1441	-0.11349545566418	12.1960079061656	-0.955288029147071	0.341370641268657	0.473504869333183	-6.30699417273284
144100	0.0569326839638969	7.92215652205231	0.665507958828974	0.507014869271333	0.629765837621235	-6.53934151161459
144108	-0.281512251666725	7.7187740289466	-3.20368330344759	0.00174185356441072	0.00692049564311329	-1.86386534043176
144233	0.0305074394813837	8.43800468325346	0.555948811878602	0.579290727870941	0.6937714096294	-6.60571262631384
144402	0.185227137875058	8.65180167777505	3.10159127454674	0.00240451762831862	0.00904019827488019	-2.15910776334536
1452	0.0025239480671485	10.3077679690017	0.0422089916662073	0.966402907186559	0.978365977860151	-6.75840810234069
1453	-0.1822445812106	9.82200324801119	-2.43568888691383	0.0163475964006282	0.0431823301148669	-3.87973649401762
145389	0.785461738323177	8.25700795083432	7.59020184946696	7.9204659443911e-12	6.57360980720478e-10	16.544377213315
145407	0.36980633113296	6.82864707569612	1.83267001749449	0.0693542157034934	0.138106514395095	-5.1116414236164
145482	0.088401014128707	8.00831169016859	0.5242077624829	0.601110091902535	0.711921491968056	-6.62272913979253
1455	-0.00119508607797596	10.477348224717	-0.020251859518137	0.983876411070134	0.988996553156671	-6.75909047455353
145501	0.139839391202836	11.3451349726466	0.859634250320337	0.391720920728302	0.522973252351023	-6.39276823131503
145508	-0.232138577156278	6.88815491404652	-2.31147166485901	0.0225290217414681	0.0563737411646551	-4.15967585976409
1456	0.169772523747995	7.55569681356137	2.46560554443007	0.0151057410550923	0.0406295737919448	-3.81033458525723
1457	-0.120958380850003	9.10086516434513	-2.08744470606165	0.0389841758656816	0.0874075170061158	-4.63053322648223
145748	0.103957705727805	7.49214436895562	0.932733933716547	0.352847922868843	0.485668340372814	-6.32802166146244
1459	-0.334357945887331	9.18774323327042	-4.23465591931515	4.53600076465831e-05	0.000334231635290612	1.5428553424104
1460	0.0654367139077576	11.5938312537148	1.04544646039995	0.297937815409142	0.429113575462861	-6.2180041323275
146059	0.00194940388465543	10.3082197414028	0.0322497826368196	0.974326940362195	0.983254798703938	-6.75877706072534
1462	0.492790476226093	10.9471715095642	3.52032525557686	0.000611934040569395	0.00292340958652586	-0.897875180777897
146223	-0.433166054029878	9.67141388775265	-3.41572899774463	0.000871122801538079	0.0039191036714077	-1.22523667013787
1465	-0.125806622091607	12.0487716529805	-1.30162884320504	0.19556006700196	0.309415970181486	-5.92234567293056
146542	0.0079317082826362	6.97910319145262	0.11652374707547	0.907434091753165	0.940858150505722	-6.75253922526723
1466	0.249878948228325	12.4642887734168	2.66623473075822	0.00873839001955936	0.026114002012142	-3.32532706676119
1468	-0.151933341936246	7.39559240638524	-1.82085849707965	0.0711434862140138	0.140685945924767	-5.13251880181263
146923	0.0743536735877788	8.23076697454091	1.05846771566784	0.291988302949388	0.422385881324334	-6.20450066855195
146956	-0.182601232669737	7.06075203669127	-2.05486426833174	0.0420835001612155	0.093093120335201	-4.69531284103982
147007	0.0745522115379919	9.14144710159201	1.36769932723957	0.173986290335664	0.281623899308756	-5.83590818149292
147015	-0.549700006469236	8.38268015760677	-5.00171784463688	1.98406607974615e-06	2.40142056026254e-05	4.52215468875641
1471	0.32412261635119	11.2440565508125	3.04115334323963	0.00290001402278427	0.0105757685775709	-2.33006720329307
147111	-0.173687797699294	9.9847300715007	-0.605194900738188	0.546203082424179	0.664467114926945	-6.57734314002133
147339	0.0578946919094482	8.31919246415352	0.848054513886111	0.398111928812141	0.528597417133626	-6.40254642678915
1474	0.0953098633825714	8.15955665506063	0.35894908452645	0.720269914702763	0.806665449936122	-6.69522240140756
147495	0.556982167642771	7.79995396051031	3.01966298795566	0.00309784877537175	0.0111885574484349	-2.39016479965099
1475	0.458575531395235	9.45708309798967	2.28179954384614	0.0242802537071026	0.0597834850345424	-4.22456970750469
1476	-0.417319530409077	12.1610179924941	-4.71170555336645	6.72593527125276e-06	6.56692970928461e-05	3.35578648277354
147657	-0.464624260201922	7.97589210145714	-4.18092563155349	5.57783386239707e-05	0.00039547560260429	1.3474241676427
147686	0.0340587865550569	6.83809225706892	0.382437138766726	0.702820029198271	0.793940569088856	-6.68656824827636
147798	-0.53862157484425	8.94045918324795	-2.18741895083782	0.0306690593367316	0.072152215927486	-4.42586712003742
1478	-0.107069366924585	8.7327803262456	-1.43316544650425	0.154435306238424	0.256925605141869	-5.74617648635744
147807	-0.010263372238727	8.01655586372815	-0.133144217094914	0.894304448456162	0.931050509736312	-6.75047484327015
147808	0.123719958488133	6.844415739171	1.3646390606072	0.174944067434132	0.282841651400652	-5.84000342828996
1479	-0.200709991812953	9.60856545531427	-2.26598702460495	0.0252614433926138	0.0617153275430316	-4.25883885325428
147906	0.0456665531466918	7.96113086165475	0.461935606409374	0.644971755572974	0.747295090620391	-6.65322025218574
147912	-0.0807801621743372	8.41953857110973	-1.25413885426468	0.21225203152753	0.329797174645862	-5.98190632320485
147923	0.203757264898991	6.85822947477529	1.96679736806694	0.0515364666222829	0.109827454669777	-4.86565903974609
147929	-0.0328629505685988	6.80084523329626	-0.49128221639396	0.62413266002414	0.73023843514921	-6.63932868787958
147968	-0.118170974889098	6.73041806879935	-1.36777055135632	0.173964046520822	0.281623899308756	-5.83581276361721
147991	-0.247128261968169	7.22272875112955	-2.40658632792372	0.0176419924650017	0.0460060332179925	-3.94651480128045
148022	0.0643738225918959	8.09377759088245	0.606700716448883	0.545206481670912	0.663729629860241	-6.5764379872294
148170	0.253302427699671	11.3393334500827	3.05384213142294	0.0027887550697294	0.010242381892381	-2.29441231797455
148213	-0.305017490074056	8.69994297321761	-2.35563830207034	0.0201282243248841	0.0512828910930113	-4.06166628043943
148223	0.319459577946694	7.67195053972818	4.10197248482183	7.53432960075487e-05	0.000511789165314434	1.06361167657377
148254	0.121817219329159	7.11115463506519	1.35258436455474	0.178755633432052	0.287989376272429	-5.85604854526908
148304	-0.158365798449114	7.06728759412618	-1.87435109248329	0.063336653779574	0.128667181559095	-5.03695084051061
148362	-0.18395444388739	6.64449050707584	-1.82888973548826	0.069922755796941	0.138981695759521	-5.11833711132426
148423	0.109355352680681	9.5113273292669	2.08081359827891	0.0395985686692261	0.0885686913641504	-4.64379458071641
148479	-0.0942735852282834	10.3075829736381	-1.67199183429116	0.0971560966824027	0.179612658593699	-5.38466417432687
148534	0.00491466233099664	6.18235593518038	0.0411637710461529	0.96723439172088	0.978400923629948	-6.75845146017729
1486	0.173066880007411	9.49876011480785	1.84759579926311	0.0671468632329263	0.134914398030643	-5.08507718765492
1487	0.029788531619822	10.2774028887349	0.542094320109314	0.588768239640973	0.701764164420553	-6.61326245979137
148741	-0.0903674938850316	6.39630879667867	-0.876974074606055	0.382269530745203	0.51485111687406	-6.37788126764937
148789	-0.132045496324379	7.80797345877563	-1.14248168028964	0.255549681933668	0.3815001577394	-6.11343875831855
1488	-0.126151303662055	9.85802850622338	-1.660720234807	0.0994050208153669	0.18278839535506	-5.40292261630848
148867	0.0580732113336575	9.60074331441654	0.764607985700496	0.44602015139534	0.574762879976841	-6.46913307437807
148932	0.75541667330455	8.07002495929444	6.32982731801055	4.51566597452292e-09	1.39698130897226e-07	10.3846361613508
149076	0.286040056069969	9.53328332471268	3.1384078430083	0.00214242011038835	0.00825091389948253	-2.05356746349096
149371	0.342562945229782	8.53057854459705	2.54256745194011	0.0122889830353333	0.0343625591983253	-3.62829492899418
149473	0.0831430783253662	7.61693920021691	0.83123353771911	0.407508197158192	0.538505864026539	-6.41651705913766
1495	0.0526838859490577	11.946310287457	0.962013900823993	0.337995362950197	0.469927907417712	-6.30062779906314
1497	-0.144966214615192	9.62309274056871	-1.39503581858377	0.165605997600083	0.270765150470445	-5.79893255744632
1499	0.119071908501084	10.5877740080753	0.908722486603953	0.365335247228568	0.497965204968312	-6.34986375306182
149951	0.0267867484928635	11.5609886406274	0.451364369293895	0.652549300319784	0.753222082258443	-6.65801548649214
150274	0.0945674747290566	8.49295233076909	1.10989087713214	0.269286139588909	0.396701179419367	-6.14957193759501
150275	0.017121616483237	9.2611120921514	0.157315834138977	0.875262828741362	0.918001012158891	-6.74698219070462
150290	0.470599196079446	6.68302303885742	4.83679055725386	3.9939510885932e-06	4.32430796213718e-05	3.85317339830315
1503	-0.0411171785113768	8.94828661431896	-0.348508070941067	0.7280750999586	0.811702028027809	-6.6988937166348
150368	0.238958566895641	8.28101564399	3.02974663027155	0.00300351874845216	0.0108955049899933	-2.36201133267213
150383	-0.104348412246508	7.44135971477431	-1.07793219206423	0.283246486527702	0.412879777913502	-6.1840096707636
150468	-0.283224504906044	7.96677023105051	-2.98915367635036	0.00340016710010339	0.0120901335543926	-2.47485699105103
150684	-0.0174561423803369	10.6711196327366	-0.298994144703685	0.765466577532477	0.838324942811232	-6.71483122531234
150737	0.293948608896748	6.30512802765587	3.65790452596451	0.000380288336526762	0.0019793205165161	-0.455188260619459
1508	0.0744466299528396	12.605122722779	0.564079302552825	0.573762837111129	0.689249714156185	-6.60119377387545
150864	0.351657680338241	8.94684703656454	3.79828955771225	0.000231067442171698	0.00131176431088538	0.0103720370299927
1509	0.11980678229696	10.4483322166277	0.874082374515744	0.383835792938352	0.516113242661694	-6.38038430241803
151011	0.244553290865458	8.81721668308766	2.92041672133178	0.004183497507419	0.014267419244955	-2.66295522458539
151050	0.0295176817049878	6.18606240721549	0.341427392476152	0.733384621165258	0.815420241058693	-6.70132191913628
151188	0.0232771118129784	10.2024380157766	0.3097236776083	0.757313359457277	0.832079146080169	-6.71158412392003
151194	-0.0610612220070612	11.2902610574541	-0.398878502518106	0.69069833058924	0.784862871188214	-6.68018500430698
151195	-0.127174889546742	8.55049649340637	-0.926893875296468	0.355859640309176	0.488515976226325	-6.33338575528963
1512	-0.321003875816788	10.3802257770255	-1.83012478707917	0.0697365841567965	0.138700742869044	-5.11615100699617
1513	0.761530050196075	8.03848822260647	5.39574838249579	3.53249006374863e-07	5.49498454360898e-06	6.17770309193788
1514	0.325640634269582	13.5075516504029	3.35568943189496	0.00106330250345551	0.00459935948478627	-1.4094938855473
1515	-0.351523411182463	10.755259547014	-2.55557629728449	0.0118624386862023	0.0334379978919336	-3.59702928848073
151525	0.0572819646199485	9.97329661325733	0.700975165612659	0.484688362854557	0.610293578838208	-6.51532292773423
151636	0.280554211052519	7.14258553039547	2.48066641039718	0.0145129779053564	0.0393168899633468	-3.77510676250589
151648	-0.47788736401843	7.30059086679838	-4.47435212563654	1.76666955673936e-05	0.000151691169840614	2.43667168210381
1519	0.570419224151709	8.83140723197465	5.14988666266166	1.04598153732292e-06	1.37863718660928e-05	5.13547627937051
151903	0.0115976567138923	10.0514873219267	0.196700253592541	0.844398001217158	0.894654629303967	-6.74004678408777
151963	0.0509211216979791	9.755581279676	0.69190886969094	0.490343755152726	0.614697134248219	-6.52158034216946
151987	0.056136858117497	8.50632713499519	0.513130671998369	0.608812198397017	0.718295780425562	-6.62843332056578
1520	1.10058306782021	7.02581031580079	7.40523115779383	2.06345640575362e-11	1.48209999230651e-09	15.6132241222078
152002	0.135446410728411	8.87181373568352	2.03458572546508	0.0441173066058009	0.0969172746180627	-4.73515383193173
152006	0.0747087683143049	9.60757943714306	0.944958095389064	0.346596958444617	0.478984587042419	-6.31668632381009
152007	0.338899351441409	8.59981829342629	2.44117349648685	0.0161133446308168	0.0426727241585595	-3.86707032990029
152100	0.0894976252467763	9.22384730693941	1.24131078164561	0.216934776070734	0.33527963202871	-5.99762537466892
152137	0.401556260949524	9.86000089906634	6.29300212788401	5.39649707123855e-09	1.59767260962116e-07	10.2121640139246
152189	-0.0397193243454148	10.1556042086137	-0.452234319644783	0.651924326242746	0.752711061610998	-6.65762504405295
1522	0.950351823824773	7.80683530041229	5.93199192645593	3.01647127348934e-08	6.94443685864376e-07	8.54853086345618
152273	0.818575430347876	6.88610610354866	6.23712873433475	7.06542858552454e-09	2.02640417070947e-07	9.9514267811264
1523	0.280512490912934	9.21586603363462	2.40714981114531	0.0176160907636794	0.045971571818587	-3.94522873908123
152503	0.240400994362282	9.25737104268312	2.45397317785001	0.0155782458624074	0.0415621158990584	-3.83741067369333
152518	-0.26499616450657	7.98930569740588	-3.59916109923834	0.000466650019689476	0.0023488904098934	-0.64586928793696
152579	0.0655651738519952	6.85897397146228	0.747446247857978	0.456270184620631	0.583233926977787	-6.48198178531559
1528	-0.21769843951057	11.0069178849447	-2.39095784465861	0.0183739883777472	0.0476274765587705	-3.98207561925329
152815	-0.114607554766599	7.45691252933368	-1.36991939616618	0.173293957562621	0.280723296620367	-5.83293172571725
152816	-0.79956754286346	10.2170996818362	-4.57718937027381	1.16707358638989e-05	0.000106167707308156	2.83084151419055
152926	-0.0824184692542027	8.32809014022086	-0.679019260591452	0.498445534865689	0.621513813568175	-6.53033744315846
152992	-0.0356773296348118	7.31680311699326	-0.434967586246836	0.664374578189109	0.762502989557044	-6.66523437477
153	0.646109910830328	7.77590012590477	6.092628397369	1.41101945844694e-08	3.70000657992752e-07	9.2825427955908
153090	0.253481462208322	7.59636700099127	3.11580365781412	0.00230000262062619	0.00872844594529581	-2.1184907568797
153129	0.0956084479438617	11.3507949403948	1.52551580309462	0.129786634582186	0.225028883637459	-5.61271889929539
153222	0.325579634169515	8.90451693956881	2.26803043667993	0.0251327218053042	0.0614553825079374	-4.25442261540756
153339	-0.178411250764651	10.2975994675662	-1.8926035199717	0.0608425163930853	0.124846349885516	-5.00374524461857
153396	-0.116950729068985	8.33190232839453	-1.31173757115121	0.192136305259823	0.305142449806987	-5.90938991030584
1535	0.22295819312704	10.2135667163223	1.94702011523508	0.0538908475476606	0.113613680639019	-4.90295432358909
153527	-0.0814493989305983	10.3128518277563	-1.56978008943416	0.11912425578233	0.210609236464479	-5.54591267397636
153572	-0.382712714254694	8.63603374878766	-3.94038207550161	0.000137763995638903	0.000862722216813752	0.495468540420434
1536	1.56013232841306	8.03105726860075	6.74070813152544	5.99746613440581e-10	2.45242922129663e-08	12.3408470702987
1537	-0.0741828910960823	11.1029045704739	-0.876476562500113	0.382538720499495	0.515123872077899	-6.3783124917016
153830	0.405892476510431	8.9415253982028	5.19797436653813	8.47793299852261e-07	1.15557304567321e-05	5.33695769772348
1540	0.168890550642395	6.62532774887147	1.97157596796092	0.0509808577885786	0.108924440075959	-4.8565947797681
154007	0.112580077913828	7.58653877949145	1.15005192687229	0.252430794549583	0.378211203152468	-6.10489929820561
154043	0.287269952953342	7.83777164219017	2.83913749372322	0.00532205755404378	0.017357440864946	-2.88048489652333
154214	0.074427038947946	8.56190229062113	0.90894683014724	0.365217297314883	0.497965204968312	-6.34966227702087
1545	0.371866023435419	9.18034909979172	1.45192612936731	0.149156284519813	0.250311034159622	-5.71971507361802
154796	0.202263341954071	10.7869418899179	2.21362390080184	0.0287629582317401	0.0683481898246096	-4.37076003923638
154807	-0.131399222868354	8.89152227127872	-1.67737203429193	0.0960972500573746	0.17813359189271	-5.37590747219674
155054	-0.134587369859241	6.60515050956637	-1.51322469284649	0.132876708048087	0.229231747802255	-5.6309436877692
155061	0.0914830496773618	10.0384912457091	1.25538593931022	0.211800771235079	0.329227466597608	-5.98036979876212
155066	-0.0957542397807706	8.41979713967355	-1.23486073660533	0.219317534468503	0.338140259846299	-6.00546954952594
156	0.268905172008371	9.40112930236087	3.6240793911334	0.000427967762645761	0.00220112933963511	-0.565285372846168
1573	-0.187763425715218	11.0627305151161	-1.87674469703918	0.0630047776482905	0.128119021017942	-5.03261355225783
157506	0.411574892900282	9.06435298505292	3.39408459486512	0.000936298651217904	0.00414682405311522	-1.29197111538719
157567	0.201550205445399	9.86720148327854	3.47649745303257	0.000710171100408333	0.00331788081978101	-1.03602309316875
157638	0.230778649399121	7.83694838800292	2.32810784767813	0.0215966196951804	0.0543203650067569	-4.12295720507502
157697	-0.184631585379383	9.01632792301264	-2.43240752470453	0.0164891900410673	0.0434868166472591	-3.88730216742461
157769	-0.156856262491925	8.25157827248769	-2.02363461424308	0.0452501619474016	0.0989585220242355	-4.7565162380231
157922	0.0145695668087338	7.50105966700897	0.239542602004691	0.811097394837044	0.870425423067946	-6.73075143499737
158	0.00503747263685994	10.4513099729417	0.0573963786321927	0.954325811968269	0.969943547047853	-6.75765544327906
158056	-0.0531480420427621	6.21311431606194	-0.584810583799351	0.559783413137034	0.676903225013849	-6.58937625625473
158234	0.0411701580031899	6.93815248883834	0.62243296457138	0.534849311773905	0.654663477037452	-6.56684760934662
158293	-0.185217617391567	11.1520178773023	-2.14539144367776	0.033955522586555	0.078300562971788	-4.51298380520336
1583	-0.28644216783121	13.1474088357009	-2.92131778483503	0.004172235743656	0.0142407715878506	-2.66051388713566
158747	-0.0731058264527648	7.94601743346923	-0.679541709554745	0.498115752950437	0.621328317633737	-6.5299856720255
1588	0.0897805141445816	13.8860128286046	0.534341547866506	0.594103162254459	0.705972054587043	-6.61740451661948
159	-0.124232801346867	9.85007840747912	-1.72049260655113	0.0879448591500741	0.166305983649179	-5.30475778782987
159013	-0.107713346334	8.24791816066559	-1.47046684584376	0.14407727319226	0.243923648007832	-5.69323782185983
159090	0.141050482680586	8.16907481223943	2.24696930192552	0.0264874122934023	0.0639912329755784	-4.29976508803218
1592	-1.14880197039965	8.68844921967282	-3.69133032818717	0.000338142423423403	0.0017915692222433	-0.345593178857449
1595	0.0823782625100394	9.44210304405505	0.677588808262349	0.49934907092687	0.62211513210497	-6.53129921014076
16	-0.24933070218028	11.3049717802179	-3.93746641328437	0.000139251584677923	0.000869401428147878	0.485376850871036
160	-0.161549284018194	8.82516105182114	-1.71564739219691	0.0888317607703723	0.167637729943632	-5.31283816277626
1601	0.173553395016768	13.89483604591	1.67260181205675	0.0970355776777352	0.179470190689228	-5.3836727351111
1603	-0.26529699878101	12.4902499467829	-3.85341387162473	0.000189350230960369	0.00111490448080966	0.196927091617458
1604	-0.0962174253748949	11.646874201061	-0.770393328952683	0.442594950865393	0.571797968308634	-6.46473659889095
160418	-0.0180002783180719	8.78732373959716	-0.182347790900268	0.855620390800519	0.903416135499462	-6.74275279433733
1605	-0.0058113546214931	11.0522056885223	-0.0840135567604433	0.933186968295624	0.957981380849462	-6.75578275862738
1606	-0.077762461453611	8.16862502908187	-0.735830312116477	0.463283381354186	0.590543322528638	-6.49051449173492
160622	0.144635460317423	6.63104112040339	1.03416109930914	0.303160091010055	0.434966536693253	-6.22957469416314
160760	-0.0150107082516126	8.26916416303973	-0.156131654332634	0.876194079026752	0.918680260568796	-6.74716683394445
160897	-0.187755433516181	7.85185908728648	-1.91331573518374	0.058112592592117	0.120333420609397	-4.96569818201171
1611	-0.102640171702898	10.1831606211548	-1.56400237806786	0.120475228127091	0.212452046184837	-5.55473676988427
161198	0.423110443321652	7.65626814103201	3.32055399552774	0.00119350182139475	0.00506854758083324	-1.51607234508655
1612	0.0753060554098747	10.0409390546518	0.70494966925841	0.482220468942433	0.607742000833765	-6.51255431957909
1613	0.411018741374573	7.67375076291148	4.2318150090107	4.58605697492547e-05	0.000337018065950928	1.53247624282932
1615	-0.196865910874675	12.3107990865626	-3.21731015540714	0.00166755876600413	0.00666055870754066	-1.82384955533926
1616	-0.119761123506229	8.35075245908224	-1.73712964691359	0.0849543992771778	0.161836563198683	-5.2768473070164
161882	-0.0948560689415758	9.1934928496928	-1.06796756239743	0.287699085407238	0.417790865939484	-6.19454556460502
162	0.135579924228013	9.62163545709219	1.80099791028801	0.0742383763931048	0.145482559669524	-5.16733555477807
1622	0.20041014341163	12.9782471297538	2.45793745877062	0.0154157584058564	0.0412301761960302	-3.82819618292192
162282	0.209351968194464	6.64588650503998	1.5689095462873	0.119327037689157	0.210886828026449	-5.54724422042583
1627	-0.0309147860702045	7.63745194848488	-0.241647644528907	0.809469542138711	0.869695423785868	-6.73024769626118
1629	-0.112542586087271	8.94512095277562	-1.70125775329096	0.0915088378043072	0.171581560369997	-5.33670799710619
162963	0.0604766710970979	6.5821721196262	0.669421803212352	0.504524535409256	0.626914322268063	-6.53675176170113
162966	0.0928654437708822	8.46465932621057	0.812918763399385	0.417889716293303	0.549032775025081	-6.43141377999287
162967	-0.107173002581074	8.49951826161325	-1.33194791923656	0.185425346460829	0.29688183015438	-5.88319577499955
162989	-0.168466405307442	10.0015639639594	-1.80617567464496	0.0734209741260215	0.14415432523911	-5.15829343546325
163	-0.127544910263007	8.63712492735019	-1.65572874830597	0.100414276396171	0.18432455658728	-5.41097049657427
163033	0.163864211934596	9.27609370787966	1.9914588917808	0.0487232969426159	0.105106929419171	-4.81865909203884
163049	-0.0509885342506339	8.71788674662967	-0.874856408299957	0.383416155413922	0.515968954662593	-6.37971510410961
163050	-0.0872568845382276	7.8336983808401	-1.50036456072245	0.13617128109687	0.233938182583225	-5.64986039231783
163071	-0.937845569185468	7.55685349154637	-6.56005314776533	1.46678957317117e-09	5.45751435783508e-08	11.4737647930663
163081	-0.175169767772413	7.87382345255543	-2.18967004996337	0.0305011113154406	0.0718389448148103	-4.42115695478422
163087	-0.24645921705045	7.4198865563192	-4.96885265609394	2.28341109090606e-06	2.71771982865764e-05	4.38767649964246
163126	0.392365857132973	9.57063929929279	3.349416535095	0.00108552635946929	0.00467977438894383	-1.42858976078897
1632	-0.103081709054712	10.9794130196234	-1.28052729096778	0.202852596983422	0.318487445558462	-5.94907639821842
1633	0.392386352735266	7.78703755950581	4.9579780183115	2.39180238693006e-06	2.82460626777599e-05	4.34330643307293
1634	0.520770138635145	13.2205461215058	2.7868456709434	0.00619759920763782	0.0196788201099924	-3.01760589144448
1635	0.420568343360864	9.12584221941959	5.44920859029673	2.77948986877833e-07	4.53727002294645e-06	6.4082179661887
163590	-0.44672699361476	9.3046914205883	-5.19410161387349	8.62294034494258e-07	1.1713960436698e-05	5.32068799240399
163732	1.16470388384997	6.80284855681277	5.43320993167553	2.98663233250634e-07	4.83717315029459e-06	6.33909130955288
163782	-0.0380131882236692	10.281561461435	-0.426220748585451	0.670717773306794	0.767543475687741	-6.66897638732457
163882	-0.328868198318212	9.16883100393267	-2.7624058283065	0.00665023398688593	0.0209181008117585	-3.08092743539894
1639	0.0538748782424543	10.0203508377251	0.820512311092079	0.413566385295325	0.544825891952055	-6.42527721705774
164	-0.089450302385073	8.81549578530694	-1.13585926259093	0.258300228011386	0.384447983557685	-6.12086380796448
164091	-0.243157396383707	8.73152979244709	-1.73560168789495	0.0852255263126051	0.162240803720239	-5.27942126998201
1642	-0.0109767484008772	13.3097507006088	-0.169682718662251	0.865548084227407	0.911103246555165	-6.74497055686215
1647	-0.282158513402289	8.94193984786957	-1.72077611467409	0.0878931886018897	0.166259033776358	-5.30428430969932
1649	-0.0481974620465299	8.56464183172237	-0.37966085928345	0.704874569036329	0.795558362160016	-6.68761967436116
165	0.950057009114317	8.23525984240967	5.43993212921249	2.89782032181097e-07	4.71181020829894e-06	6.36812170970774
1650	-0.296827023395671	12.9052385728112	-4.4454320749025	1.98301674939841e-05	0.000167824983094579	2.32696144689553
1652	-0.41335388924865	11.4721710086341	-5.03484921682195	1.72105884692585e-06	2.11546816601303e-05	4.65830171980385
165215	-0.0988495857626568	8.09398544664431	-0.58246247869711	0.561358343831284	0.678095922791227	-6.59073604926007
1653	-0.0132758701593415	12.2050185612291	-0.287949837817315	0.773886550735938	0.844648904476591	-6.71805420971556
165324	-0.139743613644086	8.85242673307255	-1.85249461269606	0.0664352721931013	0.133777510559487	-5.07631418809151
1654	0.0309351984148173	11.1539988183587	0.279645807954083	0.780235239636935	0.849557484761545	-6.72039774635127
1655	-0.103780213256368	12.6546388692613	-1.4153016770903	0.15959444433586	0.263102408808489	-5.77106392399287
1659	-0.137035729773736	8.08602594288973	-2.28900308160363	0.0238444653283183	0.0589157294681152	-4.20888579442595
166	0.0614732439720116	11.6696030468269	0.648879842137627	0.517667643699835	0.639344308756076	-6.55017609906344
1660	-0.0427520382060377	9.59309284342322	-0.39340356461914	0.694726104398738	0.787597807072959	-6.6823403671118
1662	-0.173418632043465	9.44000236301384	-2.52052297640601	0.0130432906671215	0.0360326357559944	-3.68095052686078
1663	-0.19720739070893	7.86795716329742	-2.21912222889524	0.028376393117135	0.0675667359894883	-4.35912083039399
166379	0.154398976461973	6.56484127116593	1.94658116344763	0.0539441172672933	0.113667961384654	-4.90377807770216
1665	0.0958949326867205	11.8038467035757	1.85278051809433	0.0663939371928218	0.133759492978709	-5.07580208447246
1666	0.134983611410266	10.3058899362272	1.57746590187575	0.117345788851957	0.208361555333918	-5.53412605361728
166785	-0.103489236397026	7.46454839120321	-1.28055564735197	0.202842664424836	0.318487445558462	-5.94904076232331
166815	-0.104720842574286	9.98079384521612	-1.07728859485242	0.283532635828123	0.413120404293579	-6.18469306302639
166824	0.0073222395267069	7.90879682376915	0.0576536404196377	0.954121319448625	0.969943547047853	-6.75764071704818
166929	0.0449997816434131	7.31429324124858	0.278945194340416	0.780771566610931	0.849847886514663	-6.72059233869035
167153	0.177175338320233	9.26624037745719	2.86344019860745	0.00495497932335277	0.0163581651522358	-2.81600171858051
1672	-1.06732895524293	7.99972375563228	-3.92199163317659	0.000147406831240991	0.000907964523527654	0.431911387725837
167227	-0.213886865196471	11.2008915443415	-2.7934794522411	0.0060796825394676	0.0193817745179477	-3.00033403316174
167359	-0.253424152936286	6.96364447396944	-1.79940161036564	0.0744918944200112	0.145910137042754	-5.17011827865074
1674	0.38666572722408	7.63910555218332	2.27386576968172	0.0247682942880056	0.0607982498718948	-4.24179118081371
167410	-0.0836798131095658	6.55275296682602	-0.690172006789545	0.491431266042042	0.615780075471369	-6.5227698759202
1675	1.29462028961608	10.014689984216	5.2857721129929	5.76079168397697e-07	8.304387314075e-06	5.70781612454096
1676	0.0205459364984444	9.24472886406468	0.336207077797861	0.737307433651582	0.818392142942672	-6.7030802852504
1677	-0.182339853945115	7.3898877581444	-1.76063863293375	0.080871211951475	0.15563751414706	-5.23697362603707
1678	-0.230402141018033	8.87740011380217	-2.53867981153966	0.0124190977898924	0.0346325954572961	-3.63761081331796
168374	-0.100933833344843	7.76630841708658	-0.981740185901987	0.328221675464743	0.45981465662137	-6.28170237735002
168537	1.13219907544884	7.33932889064114	6.44521217208265	2.57588464996034e-09	8.68441110558059e-08	10.9281867186495
168544	0.295741930435097	9.00546123408795	2.26035731044969	0.0256190718696032	0.0624044628849668	-4.27098696918019
1687	-0.0572360716912238	11.7248947317894	-0.664168683331267	0.507868534317041	0.630257526060511	-6.54022423521618
168850	0.000926796420132884	7.92629083623314	0.0136620386377266	0.989122511513149	0.992366323952218	-6.75920167130326
169792	-0.263677494613701	7.89792148456108	-1.58305133649753	0.116066632961235	0.2068861433448	-5.52552586280099
170384	-0.310256131866417	8.68097162245489	-2.86435603826461	0.00494161062766588	0.0163205532924911	-2.81356234530521
170394	-0.3292614892698	9.55770129992802	-3.39432268955939	0.000935557447666711	0.00414598440371012	-1.29123890989479
170463	0.388116541149191	8.59564026999976	4.18209284340025	5.55293920373286e-05	0.000394048778546679	1.35165005053471
170506	-0.140157078532894	10.3388144584211	-2.38070624567546	0.0188686483116716	0.0486590805664713	-4.00528781875619
170622	-0.0409681385546491	11.5479568621563	-0.758378890853358	0.449725108680249	0.577448996999666	-6.47383008677921
170626	-0.00654637270283322	13.7475023420785	-0.0854516563115935	0.932046078858124	0.957430743858737	-6.75566150777169
170959	-0.0932750707409604	7.20612728992214	-1.32241597219797	0.188568285783324	0.300806110577492	-5.89559833252761
171017	-0.115617971887809	8.94861651214662	-2.26192903627805	0.0255187841734779	0.0621785124698901	-4.26759819631342
171019	0.569447956452998	7.77112587687899	4.96658994683231	2.30556339364661e-06	2.74013721316849e-05	4.37843911001751
171023	0.173817173679523	8.40552503205481	2.69138520731376	0.00814152331714409	0.0245882934550677	-3.2621501430614
171177	-0.0139125654420808	7.84999528242683	-0.115466555685446	0.908270145590463	0.941436993672634	-6.75266124091327
171546	-0.0461391682786184	10.8706412733523	-0.669354408546914	0.50456736252277	0.626914322268063	-6.53679648356535
171558	0.294046430528549	7.115420419871	3.38794004437533	0.000955618648632168	0.0042143139549929	-1.31085268060247
171568	-0.020449703136271	8.85049317770465	-0.243784419257246	0.807818003967555	0.868598895179901	-6.72973186095496
171586	-0.23240992683524	9.18582516630705	-1.82331208078776	0.0707686839170015	0.140146087066515	-5.12819247980575
1716	-0.0650309914462004	10.1637513425958	-1.29375285857008	0.198258846882383	0.312462903119345	-5.9323723675058
1717	-0.168870447968263	8.78937874660248	-1.31492355446541	0.191066536500336	0.303796938170356	-5.90528645002504
1718	0.0778802946374464	9.45937417257964	0.558423586573717	0.577605459409182	0.692858131675841	-6.60434407775444
1725	-0.184850679489646	9.49070709868051	-1.99207949573127	0.0486542219810005	0.104985337921386	-4.81746928177448
1727	0.13724773119834	12.9295111608343	1.84665414025647	0.067284371991347	0.13512494837066	-5.08675911942666
1729	-0.422247340375306	10.0477897097774	-4.37578212307693	2.61400858121777e-05	0.000210240612277106	2.06482238595729
1730	0.105317760502104	9.6942875762959	1.04545471201881	0.297934019391675	0.429113575462861	-6.21799562707549
1734	-1.22432383914546	10.1927802778341	-5.53844300221897	1.85756085989782e-07	3.2576332702242e-06	6.79597742656115
1735	0.0208097733721761	9.15729742791525	0.0983920721464639	0.921786683461546	0.950082106986819	-6.75447790084683
1736	-0.0776748890323729	10.4175393357061	-0.985905202295148	0.32618202729533	0.457818784275179	-6.27765813630491
1737	-0.010675989442362	8.61191492734609	-0.155977665019284	0.876315190473297	0.918690629941544	-6.74719074226453
1738	0.0673634558681121	10.4616222771268	0.907612271733959	0.365919303582219	0.498349200982053	-6.35086008108875
1739	-0.0949850665639817	8.66538984807796	-0.918745588925901	0.360089055111594	0.492439668083073	-6.34081447355074
1741	0.310576384524159	7.26334334147327	3.47738413243044	0.000708044366715438	0.00330981690383108	-1.03324214665767
1743	-0.0316728379672278	8.8746090460797	-0.256041263514153	0.798361510776598	0.862247133762382	-6.72668531417661
1747	-0.712197411821616	8.66303566801136	-5.62383060828327	1.25906947580897e-07	2.32660265552172e-06	7.17044862983499
1748	-0.0226466250100988	7.73884140052642	-0.222448386735597	0.824346583632277	0.880540485644804	-6.73467903105567
1749	-0.461129113317214	9.39384077763279	-5.62620234827145	1.24548651885705e-07	2.30666337348862e-06	7.18089705786157
175	-0.238174775423257	8.58270766616513	-2.73407049662193	0.00721255871247935	0.0222796316249362	-3.1537286315185
1756	0.306207118066514	7.56431326829837	2.19857511791449	0.0298445474155456	0.0704532614039459	-4.40248038200474
1774	0.23193875237947	8.95232393572495	2.47260385386183	0.0148276681713614	0.0399988697241819	-3.79398936237611
1777	0.0252094733138486	9.63572126085582	0.28280035512902	0.777821716296866	0.847935512288783	-6.71951554603262
1778	-0.0228302194971505	10.3830117885607	-0.355756437563208	0.722653492369749	0.807947732400396	-6.69635649127109
178	-0.00128149519296589	10.7113265238851	-0.0127005025848398	0.989888027486092	0.992818076820524	-6.75921428359699
1781	-0.0362197530956289	10.3327098297087	-0.473156698510403	0.636969056465953	0.741037240339264	-6.64800922953764
1783	-0.0287848558907256	11.134826342878	-0.596665239598374	0.551865506188632	0.66966491569239	-6.5824281621808
1785	-0.151197933617883	9.50358895987598	-2.02815537418041	0.0447795296084742	0.0981371489960194	-4.74771058685045
1786	-0.0742470026590821	11.8970222570713	-0.999094500685257	0.319778257818154	0.451053348630115	-6.26474021848558
1788	-0.207956153330863	7.98858393303513	-1.83671316629222	0.0687504015644343	0.137234972673327	-5.104465694748
1793	0.120946709586441	8.421950272104	1.71444230219189	0.0890534784685408	0.167941034737477	-5.31484452883921
1797	-0.207193430624372	8.24370850044771	-2.97490321293327	0.00355049789568818	0.0124849351291547	-2.51416263720153
1798	-0.375502381234458	9.35353676134412	-4.74282723487655	5.91251891661862e-06	5.92812548471488e-05	3.47871659694942
18	0.723869543634872	6.92400276316755	4.0207266351703	0.000102257762410674	0.000669294070928814	0.775795376777144
1802	-0.292609893660908	8.98564329869041	-3.53583981815153	0.000580338987637067	0.00279510206290506	-0.848636861434338
1803	0.41097342719624	10.3542417390291	3.50775215432401	0.000638720682624416	0.0030373246047655	-0.937649788460228
1805	0.775441644701668	6.94100169459793	4.91740877483354	2.84206729574463e-06	3.2424690418302e-05	4.17833893175344
1806	0.702576731652635	6.08831997322171	5.89284211315591	3.62460919710618e-08	8.11854324805521e-07	8.37122161962391
1808	0.709684032621895	10.7601442723061	6.28432632110083	5.62748978567482e-09	1.65420162383181e-07	10.1716024218945
1809	1.16091858910973	8.02345716899718	6.40418007532325	3.14664061348609e-09	1.01543413701012e-07	10.7343553350961
1810	0.0226278024572731	9.32359915605277	0.357486166158907	0.721361765408914	0.807083981352201	-6.69574331320275
1815	-0.305827332006369	9.59496348855137	-3.87842817412158	0.000172881592306297	0.00103030443899712	0.28226904381347
1819	-0.0185764881963111	8.91124965787268	-0.334825154414192	0.738347047896165	0.819283532458668	-6.70354123410009
182	0.834651960911278	8.22188593307838	8.0996757751286	5.46420326518079e-13	6.83511933992174e-11	19.1466602788013
1820	-0.268271345601628	12.0643727833778	-2.76107094355014	0.00667580249126205	0.0209725203255638	-3.0843719162457
1822	0.120451317204505	9.21928196742636	1.16797707497902	0.245153158924449	0.370176489009564	-6.08445941222707
1824	-0.34208036459854	10.2929112129274	-2.92185818578491	0.00416549501654529	0.0142236415199107	-2.65904941500182
1825	-0.361257824756677	9.03341290382406	-3.29105002364686	0.00131420258603765	0.00549914557278165	-1.60485082049782
1827	1.0840111122948	8.5893266716632	8.23759136574811	2.62824221873743e-13	3.87665727263771e-11	19.8594102850271
1829	-0.203789154739311	10.550653502989	-2.37145776371505	0.0193249876512001	0.0496498905128812	-4.02615101517072
1831	0.729515160643534	8.34981396039718	7.39145977247455	2.21523615722343e-11	1.53763450913156e-09	15.5442205286655
1832	-0.292052798252879	11.9768988569156	-3.61912473705571	0.000435409178874645	0.00222692248761893	-0.581343741214577
1836	0.276788160422272	10.3727232301281	1.93483501876224	0.0553862067937134	0.115820270409132	-4.92575666333661
1843	0.441013253559674	11.3267685877378	2.8897876391918	0.00458332267989747	0.0153458635330171	-2.74555385761901
1845	0.130037535378146	10.6350416956427	1.79127533445155	0.0757936053352889	0.148003588668909	-5.1842480708743
1847	0.00552445267909962	11.3325766392331	0.0601259258699614	0.952156304507793	0.96893077186576	-6.75749584066436
1848	0.464442513375683	10.4001906640559	3.50256306688749	0.000650094676179988	0.00307900345484329	-0.954031713901114
1850	-0.166354217915286	8.21818423727243	-1.85592048452742	0.065941384011807	0.133009971169115	-5.07017298407579
1852	0.287010751358946	9.93281962261249	2.47569284190039	0.0147063891391327	0.0397106159820974	-3.78676145860116
1854	-0.00752524539308901	10.3533723793147	-0.0928449911140574	0.926182997632574	0.953304867345178	-6.75500567070374
1856	-0.00572838613491618	8.30831996998695	-0.0781548152703025	0.93783630313406	0.960619651794983	-6.75625546123868
1857	-0.00532192734539308	10.6831829395287	-0.0610911171700254	0.951389233154963	0.968508142206063	-6.75743762962382
1859	-0.00523004681682153	9.31070480765861	-0.0701405813811625	0.944199622635763	0.964715728977176	-6.75684676569128
1861	0.00780785489579648	9.60702164877063	0.131397737331868	0.895682798262706	0.932250493151455	-6.75070468836158
1869	-0.0989984992630625	7.27162969132479	-1.13176265926574	0.260012075196331	0.385929872618454	-6.12543577694434
1871	-0.138727592597491	8.57729078355937	-1.15127691138097	0.251928645850281	0.377664358388988	-6.10351229641909
1874	0.0175792291789654	9.9096065480778	0.252517351295658	0.801077306245218	0.864228477875919	-6.7275765008735
1875	0.0247309073386524	8.07934731776107	0.257461763715268	0.797267461305314	0.861504804567503	-6.72632258520755
1877	-0.0385095779003401	9.42979503998393	-0.73275717828399	0.465148932466894	0.592133878121287	-6.49274977118575
1880	1.09902901547006	8.4969091008509	8.17406959525335	3.68329263667456e-13	4.98754052113637e-11	19.5307310484951
1890	0.117449510241445	10.116098186545	0.792528153493886	0.429631560295218	0.56029810936095	-6.44761280637157
1891	-0.0752203893807741	12.081588242313	-1.15614638006889	0.249939517442639	0.375705261888298	-6.09798451495168
1892	0.237350490777897	11.4136210633141	2.69253233322666	0.00811520255994992	0.0245267373381582	-3.25925610848412
1893	0.913202078474531	9.91106791341823	5.98690261058151	2.32910347653138e-08	5.64175798127542e-07	8.79827685405769
1894	-0.0667716087311686	9.85762258842573	-0.561992961455123	0.575178916345609	0.690749905352535	-6.60235956724569
19	0.464290425236303	10.4074158554815	4.31538078630652	3.31415779096936e-05	0.000257767828186506	1.83990325688622
1901	0.840912443991326	8.08005755179705	6.1148654878593	1.26917552701452e-08	3.38173866230321e-07	9.38495666616839
191	-0.522702243984865	12.457097938376	-6.4973471161421	1.99588261237799e-09	7.07553235117691e-08	11.1753088300601
1910	0.476551479553479	9.35318625038338	4.03798096516141	9.58676226801301e-05	0.0006334932506703	0.836556440080948
1912	0.346147139522236	8.95443461693362	4.06492806652527	8.66454203972677e-05	0.000580447017422085	0.931843150842226
1915	-0.0202187722673728	14.9388592157433	-0.377183037354402	0.706710083706574	0.796847289293467	-6.688551615591
192286	-0.0212180091013193	10.9990842802088	-0.287311092932973	0.774374353755625	0.845062684694457	-6.71823690530646
192666	-0.792218421636008	7.28210377805384	-4.39095839159544	2.46188006669754e-05	0.00020074165203279	2.12168840776774
192669	-0.216374567312587	7.76006319492634	-3.58577128389677	0.000488777393929468	0.00243064495716882	-0.688987103996848
1936	-0.281644092235213	12.5499091927582	-3.54651598776779	0.000559497462041266	0.00271371053227296	-0.814652606044241
1938	-0.158910910036933	13.527461004214	-2.26523518144406	0.0253089497966491	0.0617583235805973	-4.26046282480948
1939	0.233696573566208	9.44425748210331	2.94565527198371	0.00387839648130546	0.0134208441288576	-2.59432811278148
1942	0.00549618044401118	12.1311024649896	0.0350353603927694	0.972110306044215	0.981737514112387	-6.75868380572136
1945	-0.290570015546392	7.77315212322339	-2.57114478444098	0.0113694734650454	0.032361078849509	-3.55942424798683
1947	0.135597774139775	8.77505688862166	1.03914434159732	0.300846556268294	0.432699382687813	-6.22448071706127
1956	0.183407205822014	11.0775646593439	1.52324092813975	0.130354254520842	0.225823435893909	-5.61610268491429
1958	0.880183628986008	8.7564126403333	5.49930706792195	2.21764277532689e-07	3.76908010786011e-06	6.62546004403326
196	0.203643160744699	11.7515985988018	1.49298475475176	0.138090514857839	0.236214180180644	-5.66064560896299
196074	-0.103333267025888	7.51447083089158	-1.34311793608888	0.181792410202088	0.29197069964403	-5.86855187239552
196294	-0.175280861797025	7.21922645986362	-1.93313273488857	0.055597873665983	0.116145279838396	-4.92893150926807
196383	0.45001356043069	7.94654018882021	3.92858186343219	0.000143879588932481	0.000891556942672391	0.454660940895934
1964	-0.0443394525754161	11.0623005012215	-0.425259928982216	0.671416019760915	0.768236088547605	-6.66938281953515
196403	0.455073621989207	7.29579159906986	3.62021042413569	0.000433768190840275	0.0022240380237993	-0.577826456778605
196441	-0.0541589839487255	8.69841928957008	-0.629885263575778	0.529978476503115	0.65017410009145	-6.56221956092101
1965	0.171217212558007	9.21562596900732	2.3685598710646	0.0194699715840781	0.0499292037517806	-4.03267305151643
196513	-0.123282425140166	7.52266300150854	-1.37470576257329	0.171808416624156	0.278846916319921	-5.82649871936011
1967	-0.0546104537848952	10.2538207868251	-0.542285498425188	0.588636967337422	0.701724018043688	-6.61315956932543
1968	-0.0465186390725178	9.76500114385368	-0.615240744300576	0.539571745842119	0.658714546357657	-6.57126225352471
196883	0.979587454559544	7.68150459859276	6.15185475727434	1.06367875717025e-08	2.89966552284696e-07	9.55573544094481
1969	0.103563317786579	6.77430172748387	1.14749744151171	0.25348020707648	0.379136042062868	-6.10778699718505
197131	-0.396183075515804	8.33468114697279	-4.2686185533939	3.97678245125938e-05	0.000300532690278156	1.66733076881008
197335	-0.174893010759353	7.84468913511065	-2.08668707181455	0.0390539556191887	0.0874930443720936	-4.63205037882845
1974	0.0290375476640208	13.1338621514841	0.440352705870674	0.660481332859789	0.759195075065664	-6.66289286616776
1977	0.15232300388009	9.21348769384607	1.03770992600711	0.301511278102425	0.433429021428129	-6.22594947162837
1978	0.120027121655697	8.59540027199838	1.16077651203969	0.248058484121333	0.373761962576105	-6.09270727595204
1979	-0.0256029375825637	10.9862247770218	-0.373788735942325	0.709227309729122	0.798884164511461	-6.68981837552139
1981	-0.12646577784427	10.6908033684183	-1.8197335105001	0.0713158860642234	0.140925650452269	-5.13450061219032
1982	0.0472562278294099	13.963473518967	0.788879404250661	0.431752968413384	0.562414595495109	-6.45046856476971
1983	-0.273089762369397	10.5707323868824	-3.26855107327599	0.00141381104366129	0.00582135279283442	-1.6721084953269
1984	0.0658284164856934	11.0793953306862	0.647021247143042	0.51886559580842	0.640070482260819	-6.5513702168346
1992	0.00631357250916108	10.3165294597158	0.0836091555043131	0.933507817626096	0.958010945204511	-6.75581648434779
199223	0.0598904641943487	6.44570785526924	0.711666458018411	0.478065575047298	0.604144492138621	-6.50784017902675
1994	0.126079539662034	8.01537123576711	1.55550615692441	0.122483883032658	0.21503015384692	-5.56765605366979
199692	0.0722582501283957	8.78631493196948	1.42321843773493	0.15729198631023	0.260314928255359	-5.76007166199532
1997	0.123016760548427	9.76067085335686	1.77524504552064	0.0784165445329082	0.152154253662631	-5.21194359708186
199704	-0.173434556106829	7.79965981346618	-2.57706337331088	0.0111869502204514	0.031984842097933	-3.54507461801401
199777	-0.737104322196812	8.79887061787188	-5.52536110174094	1.97104719149514e-07	3.43477843918773e-06	6.73890017190409
1998	0.178982499023881	9.63331351090329	3.38222152610559	0.000973934442661272	0.00426809345742425	-1.32839984328316
199857	-0.0722689920031458	8.45961350456684	-1.04896004637449	0.296324408748026	0.427460638536273	-6.21437658890958
1999	-0.486157485506247	9.39933306868287	-4.72115703739665	6.46808336776011e-06	6.39071394948546e-05	3.39306159086389
2	1.4497033077285	10.1162857927824	5.29107938557529	5.62714195614017e-07	8.14013880170189e-06	5.73035668104136
200081	0.063269275815998	8.75228402632787	0.927927259218985	0.355325532209895	0.488039701802847	-6.33243900965173
200185	-0.532771742188755	12.2305815516166	-6.0835655483711	1.47320181656614e-08	3.83868990688844e-07	9.24085863982258
2002	0.00556113784159198	8.98821949238277	0.0448755758716766	0.964281779739341	0.976937017128291	-6.75829256260934
200205	0.019480668461012	6.997385706319	0.252439014409015	0.801137706428076	0.864228477875919	-6.7275961718602
2006	0.852071669128447	6.35757547659319	9.06984970285365	2.99838919930935e-15	7.98925638267589e-13	24.2182678950544
200845	0.34463350494242	8.61345138430277	5.94524687277126	2.83422970338109e-08	6.61320264122255e-07	8.60870503114832
200894	0.448478904269034	6.97687096622541	4.69568801318237	7.18582081745754e-06	6.95022013491795e-05	3.29273206414319
200895	0.0754354963454637	7.21344255652443	0.999481020242223	0.319591856312022	0.451021481827661	-6.26435910621091
2009	0.819450200964065	8.3569257593022	6.66252823094388	8.84282147022138e-10	3.49481843751333e-08	11.9643170856684
200942	0.320880242605445	8.76815087183484	4.67052278608601	7.97045421702385e-06	7.62873138269027e-05	3.19396321965601
2010	-0.345647532392376	10.1275040162511	-4.33138389472351	3.11283247106563e-05	0.000244410610370742	1.8992748243865
2011	-0.192491776105851	8.66069583527358	-2.46351831966333	0.0151895710901463	0.0408151780106078	-3.81520141511379
201158	0.0261912092297295	8.61615184581588	0.24060391441217	0.810276566331644	0.869996677225969	-6.73049801223894
201161	-0.42697290476706	7.86036369609259	-3.55532133522766	0.000542841335219367	0.00264847574064499	-0.786561409618328
201163	-0.513275736849044	8.14117726522237	-4.90317236638084	3.01880209550064e-06	3.41112247726885e-05	4.12065993451661
201164	-0.140033914932201	7.64140659017619	-1.78508266499091	0.0767981518679991	0.149752770167534	-5.19497509577568
201176	0.0359314087855419	6.68244192017424	0.385550487405546	0.700518659515859	0.791990710046674	-6.68538007880024
2012	1.24814274248899	8.1672056794065	6.64685416452823	9.55651369034609e-10	3.72343410765371e-08	11.8890626631573
201254	0.0366617407009009	11.5483714355639	0.43297632385241	0.66581652120245	0.763627390326609	-6.66609292451183
201266	-0.305012876231016	8.98678412490441	-3.64703420853581	0.000395033809521297	0.0020521882180163	-0.490658747114534
201294	-0.175138334052614	7.93286411200483	-1.68987118520667	0.0936734455920321	0.174532740035932	-5.35546063551675
2014	0.219047345115924	9.44621613811391	1.5720569899727	0.118595173866947	0.209853499601752	-5.54242667353415
201516	-0.188588661847305	7.68198794263634	-1.55140824142935	0.123462129122683	0.216361384105054	-5.57386317050979
201562	-0.120048639046493	9.99404097068732	-1.76679176389568	0.0798295574156633	0.154027597349539	-5.22645331836206
201626	-0.233369303262788	8.23956910199442	-2.8624052263784	0.00497012687973483	0.0163950671032786	-2.81875758988176
2017	-0.0702191057754243	9.59501622679601	-1.20224902263987	0.231656390167992	0.353236437656934	-6.04452008475079
201799	-0.798265060088192	8.72294852773223	-8.55000721290653	4.95352654563604e-14	9.29912028794401e-12	21.4850534386251
201895	-0.301115015602782	10.4568604416284	-4.32022294620512	3.25195608223253e-05	0.000253168305742137	1.85785088618095
201973	0.100561900633182	7.84081029246958	1.53202050049146	0.128174320290368	0.223123263561315	-5.60301664713392
202018	0.50693061683997	8.05399899950069	5.56443361503756	1.65074406541767e-07	2.95773231677874e-06	6.90960938314294
2022	-0.803848992250281	11.7875574065071	-5.14863779290205	1.0516881493996e-06	1.38327135573896e-05	5.13025933643899
202243	0.0849390181066955	10.1169361543432	0.655290473103355	0.513546837069166	0.635490168418174	-6.546031278152
2023	-0.266000715370406	13.2732891639212	-2.91922975595969	0.0041983751803301	0.0143063444676265	-2.66617018983489
202333	-0.581186586475927	7.91147532848536	-6.80424301327684	4.3686005583704e-10	1.92965992578286e-08	12.6482552344135
2028	0.724010232906554	8.79150960519683	5.17274856240069	9.46694112258691e-07	1.25920988200592e-05	5.23111845166924
2029	0.0343034951094898	9.81146029194063	0.378838030051897	0.705483910091129	0.796078838436165	-6.68792982627734
203068	-0.0804958341988225	12.706791893279	-1.01535084262966	0.312000690082143	0.443567246140878	-6.24858620170484
203100	-1.26390705227801	12.5941586185034	-4.86853059689349	3.49461462799211e-06	3.85902631379878e-05	3.98076916357801
203111	0.0541695617283642	6.33460446140171	0.387531939414919	0.699055428159721	0.790986005013602	-6.68461887925486
203197	-0.0960468490732351	7.82263921043326	-0.922680795286507	0.358042488072562	0.490697021980979	-6.3372348535224
203228	0.302953296285792	7.73608940691445	2.92690043049161	0.00410308072989907	0.0140628410078698	-2.64537378831009
203238	-0.266162304359088	7.13842845033203	-3.05403291693461	0.00278711274263387	0.0102409035828095	-2.29387525383587
203245	-0.149258010868932	8.53909852920158	-1.73088529467044	0.0860668930739364	0.163465747709983	-5.28735282032176
203259	-0.231752109954164	8.63181120399059	-2.85223566614003	0.00512123698549457	0.0168062842670581	-2.84579049577523
203260	-0.365230325847134	7.81553355957536	-3.98573818344497	0.000116487374850683	0.000748308449858296	0.653189354166596
203286	-0.0875294263310978	6.8673827860484	-1.29425406630604	0.198086285710132	0.312250519077422	-5.93173605592191
2033	-0.14043820890474	8.65369665871862	-1.67291889482469	0.0969729765088184	0.179394576923368	-5.38315722227668
203328	0.233909383856889	6.94040436307584	1.7740610978722	0.0786131978716736	0.152261449293385	-5.21397974907472
2034	0.233859381926086	13.1534607072723	2.23741822177711	0.0271225258452762	0.0653726476457488	-4.32019969444912
2036	-0.187419812793615	7.65607946711435	-2.38306128253406	0.0187539811982819	0.0484087139680651	-3.99996343054955
2037	0.532952153203149	8.23573468008897	5.79277805877484	5.77993666676194e-08	1.19631615841793e-06	7.9209364506648
204	-0.0794004738564248	10.9709100274125	-1.18205324861012	0.239543630807408	0.36311807496223	-6.06819200444684
2040	0.788815177568469	11.4687469813855	5.95491039330816	2.70822773913505e-08	6.40973098144857e-07	8.65262019835151
2041	-0.224337884978652	7.47642929565731	-1.93896229625105	0.0548758309627987	0.114956724258868	-4.9180481989243
2049	-0.0141604291088163	7.61639101009351	-0.106670759711063	0.915229986688458	0.945565939968313	-6.75363330032615
205	-0.675454185815228	8.20553720654059	-3.78147599285713	0.00024544019903389	0.00137260395668242	-0.0461123397535061
2050	0.0133010724253123	9.75636189863223	0.116460780539525	0.907483884392142	0.940858150505722	-6.75254652368183
2052	0.740097929332362	7.49034478623832	4.95655410386904	2.40636020311235e-06	2.83545439054323e-05	4.33750135003195
2053	0.547182304415354	7.95227311414725	4.03915030978188	9.54486601826679e-05	0.000632242127593293	0.840681396232185
205327	0.0177808234872383	10.0943192018016	0.167657585895965	0.86713755005728	0.911847905686367	-6.7453103841988
2054	0.375239200698531	8.44983981166425	4.90953501662524	2.93853303239965e-06	3.33788108217602e-05	4.14642470771569
205428	0.811626043915391	8.33679074417968	7.22174772905684	5.29256829899072e-11	3.35871270748638e-09	14.6977158025262
2055	-0.49333076291454	7.44544719522166	-4.73211190083264	6.18119052248826e-06	6.13661462929723e-05	3.43632924228006
205564	0.204507606670403	8.71006401941662	3.0252057218391	0.00304566457384433	0.0110241846537924	-2.37469945321135
2057	0.325757915489776	7.71413189954495	3.7712199766396	0.00025462011384869	0.00141436593166791	-0.0804707010300802
2058	-0.307661941414699	10.9840596124313	-4.44852188994792	1.95873614429159e-05	0.000165996572985696	2.33865879282638
205860	-0.106697367421144	8.68450043248073	-1.05966036885701	0.291447439571808	0.421825100904701	-6.20325564997511
2059	0.602763099537457	9.61295241103314	5.63210347556156	1.21231059754249e-07	2.25026641251706e-06	7.2069047347555
2060	0.247274838831698	8.5926689193894	3.64556610404075	0.000397066253074728	0.00206145018881034	-0.49544282121868
2063	-0.217709914958571	10.2891922925773	-2.79217560790738	0.00610269576612254	0.0194401338326927	-3.00373158878667
206338	0.717168281243049	8.94793644908662	2.25791686999013	0.0257754741869365	0.0627299401249545	-4.27624448524372
2064	-0.231190996548315	11.5420210998332	-2.44422143797659	0.0159844604347687	0.0424266205627216	-3.86002028693805
2065	-0.505415399067709	10.2929773384806	-5.8636737900675	4.15447673075447e-08	9.07830100424126e-07	8.23953097294947
2067	0.153201678692854	9.26609409818991	2.11571921206686	0.0364556247506383	0.0829312752520716	-4.57354869797857
2068	0.0539497856556234	7.13834756891213	0.605025745191288	0.546315092493541	0.664467114926945	-6.57744468054586
207	0.126682650634585	9.70210632873856	1.52999685301238	0.128674221689732	0.223616467737679	-5.60603932236772
2071	-0.0325144073012745	8.17003979318349	-0.444576033834274	0.657434511410202	0.757045009865151	-6.66103642625012
2074	0.00145562667122692	6.59278394513974	0.0160270716494333	0.98723966205095	0.991561236447087	-6.75916673512096
2079	-0.123328013799548	11.9659820706971	-1.57849221756644	0.117109909053573	0.208027494361831	-5.53254796536947
2091	-0.111413667093732	11.7925172560993	-1.27216712901273	0.205796627257314	0.321886033165199	-5.95954927028726
2098	0.0478056933799942	10.9229385356288	0.671622717463653	0.503126993492967	0.625406917419399	-6.53528881972894
210	0.169211670482074	8.62804652407119	1.93526359371893	0.0553330238385509	0.115738358294867	-4.9249569361685
2104	0.171160095613444	10.6352476395508	1.54074727901758	0.126036038910696	0.220143303320438	-5.58993770104089
2107	0.0364118475209215	11.6689283367779	0.507021755816437	0.613078784710413	0.721166442852181	-6.63152724049366
2108	-0.00444170811397594	11.7286970797672	-0.0687659108531092	0.945291487974855	0.964916916790942	-6.75694177041198
2109	-0.0575074265577089	11.0686579911598	-0.761942962142052	0.447603102317708	0.575708755083193	-6.47114727616731
211	-0.332186343302793	9.69905310584603	-3.3719774739445	0.00100757065229276	0.00438489651630043	-1.35977258017372
2110	0.150641948198803	9.70616701417236	1.44200037075622	0.151931627975582	0.253680058030788	-5.73375645292304
2114	0.0911257901485384	9.30815102039982	0.922378800650229	0.358199282170564	0.490830469596692	-6.33751009405593
2117	-0.121475843519243	6.89650380776462	-1.60662210549036	0.110790331013001	0.199216024724301	-5.48891207634641
2118	-0.557193015658325	7.53440414525604	-3.74046507853573	0.000284142620960704	0.0015461251970589	-0.183062901610215
2119	0.152702645033034	10.0040043258967	1.61701308683935	0.108526056881951	0.195931615012069	-5.47260672440273
212	0.844135756872516	9.36281428763645	2.00570729000504	0.0471582700589996	0.102399398182791	-4.79125503767516
2120	0.244353928667753	7.77331454923107	3.72767419381428	0.000297353396039108	0.00160217811564451	-0.225536296627369
2123	1.06822080409363	7.57210719832173	6.25945598970112	6.34500020386416e-09	1.85193292169322e-07	10.0554804026685
2125	-0.0899428926873	7.24744643300151	-0.796515623497261	0.42732024477318	0.557873434775797	-6.44447703323009
2130	0.0353114645996159	10.2413250680912	0.627904164388799	0.531271095775973	0.651179589124431	-6.56345520804087
2131	0.039307378983398	8.57185795149834	0.410782165132489	0.681971775865118	0.777138239299867	-6.67539628720707
2132	0.290216013085384	10.3518586363606	3.7067926494578	0.000320179962899372	0.0017106582946473	-0.294629075778014
2135	0.0456010418925353	10.2626028508756	0.635606241312684	0.526254782434441	0.646439976330315	-6.5586295824684
2137	0.234406486233141	8.44577995251196	1.83293729491866	0.0693141641268456	0.138060042365022	-5.1111675239616
214	0.209732358765704	8.06220100280488	1.44529573477383	0.151005828661322	0.252723533063603	-5.72910500428179
215	-0.367660333634555	8.62625577389069	-4.13853697195744	6.55804739832907e-05	0.00045482343837278	1.19454928644452
2152	0.980246289742541	9.32505359551795	6.34005634487602	4.2972310354798e-09	1.34451243761603e-07	10.4326312847001
2153	0.443947974263321	10.5396836280736	2.17026196898246	0.0319757185276513	0.0746521862742793	-4.46161934906026
2159	0.169534851167201	6.83412828188059	1.43661421517564	0.153454228296545	0.25565387771873	-5.74133701563446
2162	2.14230271223255	10.3123295996283	4.62401910248505	9.6440628989645e-06	8.98082971200077e-05	3.01240408480456
2166	-0.20082257883369	7.26070697807171	-2.07028528041762	0.0405911437672692	0.0904214799130646	-4.66476932610507
217	-0.346059570097506	10.3416195846265	-2.95008550730546	0.00382700132346224	0.0132819457696631	-2.58222914613423
2177	-0.319291197012022	8.78854204873715	-3.68020913383724	0.00035164768389117	0.00185242976335527	-0.382144601025247
2178	-0.461134973530575	10.5057967638738	-4.51411358837834	1.50605810736443e-05	0.000132623027364927	2.58832961621575
2180	0.16738711655786	8.72845939011539	1.29091099282644	0.199239380519169	0.313768786098824	-5.93597574724066
2181	0.325264961393639	9.39522256748822	3.22557770524094	0.00162393348009567	0.00650518455169264	-1.79950224315727
2184	-0.217697821469854	8.31221570808004	-1.88172465685471	0.0623189636859942	0.127005832727933	-5.02357300375688
2185	-0.25880809936701	7.33394834047906	-2.8047624000663	0.00588381715064511	0.0188665876026121	-2.97087499749252
2186	-0.0355238250356244	8.07691922879443	-0.428828926638852	0.668823811914529	0.766196820319157	-6.66786850300241
2189	-0.332524684779291	9.49059382705406	-4.07664920625528	8.29046144724904e-05	0.00055810278365344	0.973438689573563
2191	0.601539165814934	8.40612010737626	3.95173529735743	0.000132114672819762	0.000831125055210384	0.534818760660731
2192	0.262041405881975	13.7340866531093	1.72816309631152	0.0865555965095769	0.164129532815392	-5.29192140245639
2193	-0.233493878430992	9.11631564129999	-2.91119128955623	0.00430041690347617	0.0145699112480366	-2.6879131065577
219333	-0.0823011438404799	8.08979169039626	-0.995923331163547	0.321310292971632	0.452841457720319	-6.26786155196821
219402	-0.0563982809245887	10.0034487587051	-0.984470291275747	0.326883772932586	0.458569966783824	-6.27905333993651
219541	-0.143268744362584	9.98514279993956	-2.13017556464553	0.0352183919683131	0.0807660383493495	-4.54413890918482
219654	0.425050742019398	8.1283707858208	4.20674788490444	5.05132685189697e-05	0.000363765996483601	1.44111697590888
2197	-0.0545824749241025	14.0522007030519	-1.08021997147554	0.28223092270947	0.411733974268765	-6.18157719370693
219738	-0.405081750287967	7.05396618398278	-3.93026246321484	0.000142993056631128	0.000888062141182793	0.460467078359575
219743	-0.132267174079844	8.84910985823081	-1.93087622284596	0.0558795064868196	0.116634050292775	-4.93313597750762
219844	0.0628612232758205	8.4285050054803	0.865128114192621	0.388710961402104	0.520226401580416	-6.38808328440045
219902	-0.441901808264042	9.75717027621425	-4.38752232164447	2.49555814776142e-05	0.000202886912406588	2.10880096377784
219927	-0.0115220257167017	10.8093396664135	-0.150489326808775	0.880633621296631	0.921728650383394	-6.74802746104193
219988	0.0809654168228063	9.36389434395632	1.23994998100176	0.217435903109372	0.33583032155636	-5.99928361583302
22	-0.0134708740077888	8.88643082835007	-0.234514686994514	0.814988873276503	0.873304770355333	-6.73193680163127
220	-0.318333341029055	9.07338586379567	-1.77392335770152	0.0786361028379271	0.152261449293385	-5.21421655088568
2200	0.569108434145884	9.57950868143073	3.52221289494815	0.000608005063138261	0.00290800337088711	-0.89189375744337
220002	0.03642324471008	9.01833285163906	0.325281287526682	0.745539990893869	0.824589808728095	-6.70667291206486
220042	-0.22793288228628	7.67521832928986	-2.11682310377866	0.036359843994957	0.0827589725539666	-4.57130949791473
220064	-0.114088943563673	7.75286259921855	-1.25262181424218	0.212801923320418	0.330465103708715	-5.9837734529012
220074	-0.103792520625987	7.8457232474399	-1.25682718357437	0.21128012914412	0.328819037536052	-5.9785922003599
2201	0.25221440823732	12.7332917660549	1.83099331094886	0.0696059098259603	0.13850754400444	-5.11461284072047
220134	-0.242836691107318	6.75294099653898	-2.0783460878362	0.0398293064604959	0.0890150937512048	-4.64871927720887
2203	-0.142590816730115	7.43600326229873	-0.904097069052257	0.367772452835507	0.500461360860179	-6.35400676935897
2207	1.71734287445504	9.03046523283901	6.19846160264863	8.50833078001353e-09	2.39043579057523e-07	9.77166247680094
220929	-0.0779373045067493	7.43648831814905	-1.27847506604494	0.203572394810016	0.319374735257499	-5.95165342268708
220988	-0.092159133217329	10.1667205963988	-0.686143130198868	0.493958928612304	0.61744866076538	-6.52551773382072
221	0.866948971007677	7.18094381843763	6.17032169517853	9.73712627284843e-09	2.68095543379093e-07	9.64119312334251
221078	-0.178999348713997	7.25972641049485	-2.58479511258082	0.0109524825454265	0.0314740041699489	-3.5262846398005
221079	-0.45416688187679	8.92967064839519	-5.09182161282428	1.34598267564978e-06	1.72102428805994e-05	4.89376574932153
221120	0.316645491517702	7.44890294190979	2.73575953804353	0.00717786439450222	0.0221890568482741	-3.14940752317339
221143	-0.0773252419470794	8.66661976911627	-1.05569563149098	0.293248068860765	0.423837103900248	-6.20738915125524
221154	0.172584872992966	11.0992292443344	2.64782052563518	0.00920020330648583	0.0271988830750082	-3.37124960172413
221178	-0.0959758643256389	7.71270487113218	-0.529033707154846	0.597768513847219	0.708809636000291	-6.62020608435837
221294	-0.0706204922558699	8.8022629864766	-1.06043237150552	0.291097703340924	0.421466613426123	-6.20244901796024
2213	2.43653374845657	8.58101354083208	12.4729402798895	2.43226942485332e-23	2.00905454492884e-19	42.3645781520572
221301	-0.00782343325203017	6.90702189884513	-0.0614114696043674	0.951134647893638	0.968420227081808	-6.75741810416371
221302	0.0522499767894881	8.0003828509953	0.636753606865603	0.525509613268821	0.645746713121164	-6.55790571665671
221395	0.652568699364092	8.0958861506882	6.36590410965718	3.79059109449101e-09	1.20424163232676e-07	10.554077718533
221443	-0.0433852795203153	9.94537893189632	-0.694606842097512	0.488657061997828	0.613535918337629	-6.51972668783869
221472	1.00122450865277	7.75667781575368	5.32142739470755	4.91909768319923e-07	7.2816750650942e-06	5.85951345804858
221477	-0.140253184336477	8.96057101530412	-1.56610418669602	0.119982374401638	0.211763763366994	-5.55153036226055
221491	0.0294686992949436	8.85096941138112	0.363240563201417	0.717070303773238	0.804536906977309	-6.69368205747379
221496	-0.331487401093427	8.63925425331763	-3.73158320514892	0.0002932554804883	0.00158734617878988	-0.212568189169763
221504	-0.111655031538961	7.44824400980901	-1.2132280517091	0.227447835496935	0.348140167009349	-6.03148715820076
2217	1.36359582828401	10.0179255047201	5.82808191838625	4.90479660579012e-08	1.03615396326922e-06	8.07932109454572
221786	-0.00799499378663668	7.5816672984285	-0.101063233425635	0.91967052106981	0.948520049786805	-6.75421283683859
221830	-0.0432551618109214	8.27477255973881	-0.509554648327266	0.611308140138175	0.719903797767511	-6.63024890933532
2219	0.128592067702206	6.37684109874771	0.821980000359985	0.412733869811922	0.543989431090869	-6.42408463065806
221908	-0.228258012802969	10.2015727125522	-3.72939781791245	0.000295539827797888	0.00159657225481397	-0.219819509421943
221927	-0.203772433862678	8.88206401256487	-1.67533428357291	0.0964971827047952	0.178674451724189	-5.37922722814574
221955	0.0922011910061193	9.24332918616988	0.835620601992485	0.405044746526676	0.5359932083163	-6.41290004851223
222	-0.0253536408258676	8.35322487062417	-0.228858041008329	0.819372500773461	0.876799696384089	-6.7332403665655
2222	0.225703301861582	12.2171113244991	2.97826027026046	0.00351454231305496	0.0123901491702236	-2.50491772516781
222229	-0.211380438520275	8.48352765271647	-2.7743316108675	0.00642573210658981	0.0203124941448266	-3.05008983704442
222236	0.000538166832527672	7.69446079371552	0.0070113243504133	0.994417570885723	0.996226699274236	-6.75927008150334
2224	0.0296635197607033	10.4393779592594	0.342351071672656	0.732691251246116	0.81508817983743	-6.7010079796051
222484	-0.0817181043725707	8.19940332147517	-1.29353359021716	0.198334373938092	0.312522306129081	-5.93265066577247
222658	0.00950084910428128	9.19473679274692	0.129136697691305	0.89746772012457	0.933402589804703	-6.7509977455454
223	0.24787400551517	10.9375153347067	4.31030658027965	3.38056774376263e-05	0.000262192390267412	1.82111120143022
2230	-0.209372348142493	11.0949833720482	-1.69034618780735	0.0935823226795929	0.17441109777379	-5.35468074661009
223082	-0.0967475325633885	7.59986322703595	-0.999247187350815	0.31970461510294	0.451053348630115	-6.26458968517361
2235	0.228810928387992	8.46896870512928	2.16518743528014	0.0323713362377756	0.075426583166157	-4.47214404087131
2237	-0.0251415394980112	9.65319388322091	-0.274869342807613	0.783893760260889	0.851520575980397	-6.721714721062
2239	0.373206540806986	8.32689903504366	2.81336641434428	0.00573834600469311	0.018479040155464	-2.94834073360538
224	-0.170472923651608	7.9297545040417	-1.67823110460342	0.0959290503741655	0.177933234074817	-5.37450678447006
2241	-0.133210838071815	6.99139885278628	-1.63135674605051	0.105461549332038	0.191706073389664	-5.44993377181938
2242	0.300606735411231	7.99255825434244	3.05624205981822	0.00276816094930031	0.0101848594392965	-2.2876544000824
2245	0.242604224081968	6.85974519736267	2.43213975407356	0.0165007925762879	0.0434896447607334	-3.88791914601528
2247	0.452418632325967	6.88105359928819	3.51825279803342	0.000616275249946556	0.00293904940217007	-0.904439257830332
2261	0.426287070708623	9.75853783268661	2.74026839342601	0.00708599043360537	0.0219625819818313	-3.13786092999814
2271	-0.0301967601576319	10.8855733807001	-0.428834568995723	0.668819716952836	0.766196820319157	-6.66786609897629
2272	-0.214334446562787	8.77116957492801	-2.72285082595822	0.00744691506896866	0.0228837494306849	-3.18237249795194
2274	0.25991929908773	12.08492897771	2.30478988135151	0.0229133749074072	0.0571450714780143	-4.17435594842479
22794	-0.196394799982616	9.90728542905878	-2.34749204613704	0.0205532498513885	0.0521878608671113	-4.07987058395667
22795	0.381191823211187	9.8848405687659	2.22109357377468	0.0282389038599327	0.0673466894063265	-4.35494129762823
22796	-0.121363710305645	8.84570742302971	-1.85253133179917	0.0664299622985024	0.133777510559487	-5.07624842230661
22798	0.088361748147208	5.85244336408384	0.869319935899441	0.386423978647052	0.518327714131966	-6.38448884794603
2280	0.34716606869529	10.4243236935173	3.97558429887727	0.000120958875804191	0.000770331776517051	0.617760779464299
22800	0.168069447465589	9.54719425619991	1.9426141983395	0.0544275565821279	0.114336627001113	-4.91121474220694
22803	-0.252429626639657	8.75451146393124	-2.53876826724444	0.0124161235978772	0.0346325954572961	-3.63739899041183
22809	0.00126093895633598	7.86552934630288	0.0148636188486628	0.988165901456406	0.992009035735283	-6.75918461717394
22818	0.0193083404850685	10.9508190300704	0.288538397659932	0.773437153549699	0.844269973347498	-6.71788550954542
22820	-0.148444867270062	10.0615570969391	-2.69583423183452	0.00803987060602388	0.0243346761472177	-3.25091981008859
22823	-0.00349126065579025	9.08437904108764	-0.0267841941885028	0.97867677100213	0.98631895174202	-6.75893759863008
22826	0.153815533080156	11.0818360848847	2.60369931780953	0.0103977225805742	0.0301775082626643	-3.48013154480312
22827	0.0586395309090564	11.1067350472585	0.840308056985255	0.402422605365783	0.533463444121548	-6.40901458426687
22828	-0.0586100973872057	8.77395382408161	-0.907313661081002	0.366076495836633	0.498399844339968	-6.35112785503548
22834	-0.0209444586372913	10.4564145420058	-0.221287842145826	0.825247971472924	0.881032473098921	-6.73493515278407
22836	0.348070688339443	11.0523469958931	2.44920864070665	0.0157755520586947	0.041993573962236	-3.84846750482762
22837	0.228562001430176	11.4556187725587	2.14203441001288	0.0342307240883142	0.0788031719535885	-4.51987509353062
22838	0.207311570463727	8.73913115737941	3.6200150605796	0.000434063045795442	0.00222416920488235	-0.578459435369513
22839	-0.116146377431758	8.68812613562296	-1.39729146848585	0.164928480308279	0.269817636630301	-5.79584992004504
22841	0.37933503025466	9.1660417723866	4.89787181180474	3.08729476231896e-06	3.46953125670131e-05	4.09921278296045
22845	-0.203788343846842	8.8767286143193	-2.2175340018374	0.0284875866733122	0.0677924131148254	-4.36248561686755
22846	0.694685284162666	8.12913386098635	5.47330079583097	2.49380437511968e-07	4.1529887375985e-06	6.5125424223148
22850	-0.0657801660766954	8.6130605866874	-1.15366945368313	0.250949924070948	0.37674416081898	-6.10079915183664
22852	-0.154448614259299	7.18558534505997	-2.03954927492753	0.0436118819388913	0.0959703577755749	-4.7254360217323
22856	0.054964299986846	13.1566561868907	0.685164672167449	0.49457386143727	0.617843329623692	-6.52618267352303
22858	0.0146727946055323	9.68685614317311	0.122101255492789	0.903024997208252	0.937593468475002	-6.75187709210717
22862	0.110575418510098	11.6857398426463	0.909006376513305	0.365185994513622	0.497965204968312	-6.34960879202431
22864	0.061731918500842	8.52618693711864	0.881763318018032	0.379684225870717	0.512449625113093	-6.37371778659049
22868	-0.093494104701013	8.86228570628606	-1.51401583040644	0.132676088851091	0.229077026318982	-5.62977488783939
2287	-0.00266085381377514	11.1742439354253	-0.0357285328715382	0.971558744572877	0.981420475745624	-6.75865940007737
22870	0.0760911293892779	8.05709350871984	1.15470459829725	0.250527309423888	0.376294261378304	-6.09962359067242
22874	0.301321662712009	9.71643326105078	2.50926150466743	0.0134444139577188	0.0369062343937378	-3.70769101748873
22876	-0.275920451949039	8.10155102135554	-4.12969349429318	6.78240470776564e-05	0.00046920153170975	1.16280129333329
22878	0.0217158480318756	9.95984010554411	0.382734782996025	0.702599892586265	0.793800453120305	-6.68645507160866
2288	-0.30574666825753	9.88001690551595	-4.12677840443954	6.85795824398509e-05	0.000473239223853942	1.15234724164989
22880	-0.195751406253141	8.75485058091464	-2.64285676614593	0.00932840883386173	0.0274991638000349	-3.38358024802228
22883	0.271502348283538	10.0160140447885	2.0317731814273	0.0444059164579247	0.0974994337965066	-4.74065053562665
22884	0.0776762958370454	9.44135268921768	0.878961186474326	0.381195534134178	0.51390160142783	-6.37615650803071
22885	1.1665882923574	6.75226154196705	9.44258629553144	3.94808743924094e-16	1.81173345822945e-13	26.1945748697674
22887	0.0852085020772615	10.5066845024382	1.42209730265424	0.157616491651158	0.260695278541963	-5.76163193606137
22888	0.0744076518863344	8.22359458204842	0.615830256484391	0.539183876219159	0.658424488946999	-6.57090232395289
22889	0.0261495172059023	9.9290087731741	0.460372454093901	0.646089910444693	0.748065974246308	-6.65393628462958
22893	0.046473892490972	7.9598671898195	0.694410123946819	0.48877993729059	0.613549625420821	-6.51986208577428
22894	-0.0352770354877102	7.35530761416749	-0.455729414857343	0.649415940974629	0.750339302343046	-6.65604885917819
22897	0.0255648790185156	6.31403202965097	0.308320087469165	0.758378396246314	0.832895300225309	-6.71201539275975
22898	0.311628865828959	6.60682522733615	3.44458119826573	0.000790849181440341	0.00363720169192495	-1.13573950466106
22900	-0.0823182006049106	7.82155146294498	-0.957317578851058	0.340349847854751	0.472247563124515	-6.30507773500739
22903	0.664780788291406	9.77646644729383	5.8637991260916	4.15204475863942e-08	9.07830100424126e-07	8.24009608778333
22904	0.179960850378747	7.00118549633862	2.170904796014	0.0319259035642463	0.0745912253870154	-4.46028448953139
22905	-0.151776238153249	8.95949561578678	-1.35469193084764	0.17808476849334	0.287188634860404	-5.85325327114525
22907	0.0140739453481001	9.12425345948978	0.217923547361984	0.8278623131997	0.883138668091117	-6.73567005748697
22908	0.113705903033275	9.92342731122839	1.50430855977022	0.13515416697152	0.232564469890365	-5.64407545181205
22909	-0.0612332288056286	7.9768687677614	-0.801457162903603	0.424466110088827	0.555146758100422	-6.44056937309667
22913	0.0940348839041051	9.77237317097672	1.44079664381001	0.152270892115984	0.254041116719456	-5.73545297368604
22916	-0.0304628966141953	9.96558633546149	-0.361416578855856	0.718429606956082	0.805624294523111	-6.69433897353834
22918	1.36738437429278	9.54436078231866	9.9464446761822	2.50976906849372e-17	1.32749588375259e-14	28.8808456482872
22919	0.00643562635666982	11.2996142701874	0.096913261790877	0.922958477082984	0.951052522543094	-6.75462159303724
22920	0.114056033487089	9.04198591874676	1.78536220496311	0.0767525704802837	0.149699228374768	-5.19449163106164
22921	0.266252930213933	10.6573356450519	2.99494750083045	0.00334074233334495	0.0119250352953454	-2.45883036054199
22926	-0.337967498005923	10.3012954428907	-4.22868561035775	4.64181017401919e-05	0.000340193782323559	1.52104908783162
22927	0.00359535321179332	6.69518600493279	0.0490161992447343	0.960988644484607	0.974579829917951	-6.75809913120652
22928	-0.0574176263975914	10.0460784641045	-0.848524905715685	0.397851079977026	0.528420955235607	-6.40215176944107
22929	0.000868019897782488	9.93863700018455	0.0122600575260787	0.990238685992461	0.992916354095358	-6.75921975359752
22930	0.0551904205652086	9.95216502451951	0.851857662545646	0.39600593824013	0.526987119359348	-6.39934940504589
22931	0.345961191715962	9.7792917845583	4.02230098438425	0.000101658230896844	0.000666426180323757	0.781331282271557
22933	0.207915928468434	8.06507775560126	2.51814371757049	0.0131271334348436	0.0361795536108803	-3.68660905711345
22934	0.0054446715870469	11.3831312072815	0.0747813405689115	0.940514383520184	0.962086118519574	-6.75651215058803
22936	-0.283962972244361	10.4130579887698	-2.34541825016465	0.020662706446115	0.0523539740015061	-4.08449569648741
22937	-0.451613870735202	11.1698908270698	-4.08237547216038	8.11337605619095e-05	0.000546627130702587	0.993792553029968
22938	0.0355726677510285	9.99953579174945	0.752195032704072	0.453420574946807	0.581019849373352	-6.47845535352708
2294	1.01712777087715	7.90881175149591	9.13473623103014	2.10852785163674e-15	6.69863079019981e-13	24.5614563618358
22941	-0.15866397838774	7.99051375603855	-2.04881139504029	0.0426819816797695	0.0941648420606027	-4.7072433560184
22943	0.338188551089467	9.82682763471856	1.94904588431979	0.0536455827754788	0.11327006997072	-4.89915043038892
22948	-0.018835757206329	9.8773814524929	-0.199880265551848	0.8419157432905	0.892826298572285	-6.73941951125069
22949	-0.217991154721624	9.12054585294638	-1.55687970996853	0.122157367040732	0.214553304202358	-5.56557201559996
22950	-0.00521282569754266	8.94217633452057	-0.099110114339659	0.921217776294565	0.949732754891801	-6.75440734587002
22954	0.267751777536662	7.69918024316126	4.23240625039531	4.57559592077787e-05	0.000336726706267579	1.53463588730311
22955	0.196225621510069	8.12583434350603	3.04347818052485	0.00287932704615978	0.010509607335961	-2.32354399958527
2296	0.657413191367338	8.51866699840858	3.27900328837714	0.00136669058060342	0.00567850311659167	-1.64091068747608
2297	0.850133800438054	6.50569680697409	5.90989395509917	3.34620666028957e-08	7.59331511373403e-07	8.4483716622113
22974	-0.407781604831443	8.85414596924061	-3.33867577588639	0.00112459222452424	0.00483759420772594	-1.4612181688524
22976	-0.194005503698404	9.31682225933808	-2.89629026439124	0.00449561827127897	0.0151257869331015	-2.7280810298142
22978	-0.0926787514876294	10.2937462569978	-1.57417464666767	0.118104771610234	0.209271708284224	-5.53918013239736
22980	-0.114207237844431	11.8166407158505	-1.76367562761958	0.0803556951744155	0.154805633993987	-5.23178547827421
22981	-0.220139602715435	7.66521106372697	-2.5973196358854	0.0105820434958716	0.0306478538835551	-3.4957405326622
22982	-0.0466549332027749	7.28084279974163	-0.511754964679351	0.609771851250104	0.718860683392966	-6.62913327921641
22985	-0.0223636514550195	9.45036491861388	-0.278823855879934	0.780864463197381	0.849847886514663	-6.72062599038756
22990	-0.0303651221287151	8.25700997277521	-0.465767329527977	0.642234286524517	0.745168592034346	-6.6514548274059
22992	-0.0765135328699442	9.19182160365863	-1.15668003396761	0.24972220262255	0.375515272831288	-6.09737732872083
22995	0.0222118747109448	8.14678470193268	0.252520414982533	0.801074944071549	0.864228477875919	-6.7275757314346
22998	-0.43615560066822	10.21427222952	-2.50672701405776	0.0135361980353765	0.0370965480332482	-3.7136943725777
23	-0.253396787446933	11.1170682929634	-4.36336294138271	2.74519694126068e-05	0.000218546313463654	2.01839251606843
23001	-0.119235928377233	7.47998082632976	-1.35149196268758	0.179104106973227	0.288210114725112	-5.85749574257816
23002	0.530167873962976	8.96334430266411	5.02045219304192	1.83089131464593e-06	2.23384966897716e-05	4.59906871232341
23005	0.0538626422712362	6.97012399503337	0.61604990486122	0.539039394722578	0.658424488946999	-6.57076812897454
23008	0.294571376105989	7.65539289644321	2.80866136736156	0.00581748383853637	0.0186901658912137	-2.96067091577757
23011	0.0103654483394782	9.91655101139207	0.187996440444718	0.851199970487575	0.900093791970252	-6.74171223904992
23012	0.268524224222124	7.27598192826272	3.37359510831723	0.0010021877453752	0.0043660710848097	-1.35482372780137
23013	-0.040546154818905	9.38196778165172	-0.600845968405657	0.549086479430256	0.666880505821778	-6.579944752319
23014	0.0383246502500282	10.5627101708243	0.653225920440144	0.514872058398352	0.636843845817668	-6.54737053963686
23016	-0.253711983624564	9.68265528243915	-2.90024373205374	0.0044430510995355	0.0149916675172235	-2.71744126531943
23019	0.113454674007514	9.56075418722923	1.86989292017815	0.0639586845345772	0.129730279325701	-5.04501529300205
23020	0.0724735380341548	9.69668809661831	1.14146018188414	0.255972599853603	0.381924435475209	-6.11458681534379
23022	0.0435358970375813	11.0752001121663	0.45054958584581	0.653134866478363	0.753792650148285	-6.65838049002866
23028	-0.161810828346806	9.31604660625791	-1.87840228859278	0.0627758046899795	0.127779237737612	-5.02960688854206
23029	-0.0808885100866746	10.1871229271079	-1.33965956460156	0.182911450453384	0.293254771107328	-5.87309847766017
23032	0.0939056594595457	9.53858227162548	1.2346998345471	0.219377216777004	0.338140259846299	-6.00566472039282
23033	0.118900431683521	7.07273032368603	1.64427776320301	0.102760875882703	0.187622642526774	-5.42934578962246
23037	0.142066160708136	10.2191187385726	1.31288844012483	0.191749360598481	0.30470367805761	-5.90790873740094
23039	-0.0842862613866889	8.57708528928432	-1.10565935280182	0.271106611261512	0.398956103513289	-6.15418831122429
23041	-0.0913168908274584	9.20671060879308	-1.27486090492776	0.204844601060855	0.320664111639707	-5.95618203154326
23042	-0.127521160944992	11.5776982024782	-2.63286276817603	0.00959144482001779	0.0281988611503282	-3.40834437275986
23047	-0.0322835640765017	9.0492664696957	-0.474687648790973	0.635880496947089	0.740083543015775	-6.64728860441758
23048	-0.492831533811613	9.47853760270734	-6.56881510079372	1.40485854242788e-09	5.29869021025309e-08	11.5155733688943
23049	-0.214478119654487	9.04455822466461	-1.76026531066071	0.0809347690661062	0.155723548214777	-5.23761079327787
2305	-0.275814417835983	8.00638366024732	-2.49657286578573	0.0139095680157756	0.0378809864194878	-3.7376914630168
23053	-0.0973810118671214	9.39023245112276	-0.856304798690398	0.393552000095126	0.524254292651238	-6.3955931114135
23054	0.162126808502272	10.6016803736322	2.85009147030547	0.00515362966033853	0.0169058701328023	-2.85147955070914
23057	-0.506558815952518	7.19251453928627	-4.61404361369085	1.00449956677508e-05	9.32265890063162e-05	2.97362107780738
23059	0.0261791064965982	10.8671254916328	0.478254189874132	0.633347651080312	0.738071613702508	-6.64560082396396
23061	0.221925563868091	9.64366768543727	3.23390643500787	0.00158106268488509	0.00638298034073845	-1.7749219063977
23062	0.033110168710974	8.57412388017486	0.542670833944384	0.588372418888098	0.70159609932376	-6.61295207547807
23063	0.211033365560787	9.03289639129111	2.51605788926542	0.013201032648785	0.0363347316491049	-3.69156578435425
23064	-0.199655653926178	8.43243801561905	-2.84036370729832	0.00530295622371766	0.0173200547283147	-2.87724280591951
23065	0.0369365746535399	9.034324964903	0.588711260780946	0.557171941283599	0.674927930969288	-6.58710534340879
2307	1.10817269413115	7.26684313524546	7.42977463061526	1.81807407656532e-11	1.31730630459908e-09	15.7363161798583
23070	-0.0274358070335678	9.17913437581945	-0.360988452169818	0.718748794390285	0.805763442136775	-6.69449268713175
23071	0.253407654123791	9.32039770779892	2.12294695059017	0.0358324344863581	0.0818291149729937	-4.55886787382261
23074	-0.0531730934938643	7.44372883808338	-0.801411619026406	0.424492363700032	0.555146758100422	-6.4406054973359
23075	-0.228052273264614	11.068774236409	-3.10304390016033	0.00239363675513541	0.00901159507630743	-2.15496358480863
23077	-0.0756146662218976	9.62784579019698	-0.973588067898312	0.332238038264806	0.463839736083599	-6.28956935531263
23078	0.175609749004218	7.68203988729234	2.05685970024794	0.0418877831154185	0.0928093048640978	-4.69137256763919
2308	0.245758516789812	7.36236014784608	1.29600274626561	0.197485102612523	0.311540669896761	-5.92951413216836
23080	-0.640567966313719	7.92873818427852	-6.01395215503096	2.04964112021634e-08	5.09940832921295e-07	8.9217518328214
23081	-0.160797677792242	7.0564254015434	-2.0920970714329	0.038558029887143	0.0866166241141695	-4.62120572026276
23082	-0.303911453853617	9.87995209462806	-4.21480616536101	4.89702631682846e-05	0.000354819626114062	1.47044250834398
23085	0.029770197324307	9.08283004207841	0.330758411283906	0.741409244505349	0.821577724659805	-6.70488672709081
23086	-0.045856343397547	9.9183344898147	-0.30984184491564	0.757223715988121	0.832079146080169	-6.7115477264343
2309	0.180279795048783	9.95182069168466	2.30810535913304	0.0227219450934244	0.0567157663821436	-4.16707658928926
23092	0.406950406900479	7.43363172383797	3.29088501663362	0.00131490862599007	0.0054993140509762	-1.60534548330544
23093	-0.241273055926021	7.58897424142789	-2.97467420857791	0.00355296293914415	0.0124880396330155	-2.5147929598078
23095	0.321126045865765	8.39398865720679	3.05163822615402	0.00280779180591885	0.0103031365246067	-2.30061427137375
231	0.0434016603998729	13.4837572474327	0.545659113314938	0.586322735002001	0.700061548296693	-6.6113379811114
23102	0.256570046185382	10.9102857964198	3.83154399456133	0.000204962211724433	0.00119151968363004	0.12266372128999
23107	-0.21891335984581	9.80457914767973	-2.81381700756924	0.00573081894289808	0.0184619986225968	-2.94715895010026
23111	0.0978491499891812	8.6306469911129	1.10512416841882	0.271337463290274	0.399153596932799	-6.15477093942688
23113	-0.231859292607815	7.70271092267525	-2.58048291024818	0.011082700373983	0.0317756226881667	-3.53677051978328
23118	0.407610910969176	9.12521587829203	4.06356632796557	8.70903465267483e-05	0.00058248280349064	0.927016504068691
23119	-0.342974718478726	10.5495223712056	-4.57241247238187	1.18992261237551e-05	0.000108008360200239	2.81239324974959
23126	-0.00534345856235103	8.08737874939234	-0.0507217691250756	0.95963235733203	0.97389891529212	-6.75801449373056
23129	0.155295750644489	8.58017727007195	1.55830392836251	0.121819534980184	0.214136914010708	-5.5634092412201
2313	1.10810696870741	7.69101977917784	9.12497915599779	2.22322406257672e-15	6.80141879884581e-13	24.5098257330495
23130	-0.163779183562152	8.97026086546597	-2.25711484160295	0.0258270566197019	0.0627910273002297	-4.2779711831543
23131	0.0851664501332733	7.57303491075432	1.15171230100507	0.25175033986657	0.377515272599807	-6.10301897414292
23132	-0.0190367220070923	9.36670489529993	-0.230344891258377	0.818219703640989	0.87585893528106	-6.73290080488936
23136	0.0704165452259758	10.6032536812085	1.14328711469962	0.255216565156449	0.381140630662135	-6.11253282640379
23137	-0.104822717783613	7.74972438762583	-0.882433988988717	0.379323058681057	0.512213252363173	-6.37313295922783
23139	-0.157834330956344	8.14960547466416	-2.353949702003	0.0202156823052815	0.0514739629598104	-4.06544448090507
2314	0.0295069645998576	9.11570609644974	0.434347906171124	0.664823175798258	0.762600925976157	-6.66550197597427
23140	0.0109005970050507	8.51023903880884	0.149773377392994	0.881197225209258	0.921728650383394	-6.74813440153554
23142	0.331305440756864	7.81357557972774	4.26487644507428	4.03498882739261e-05	0.000303266676198935	1.65358003292109
23152	0.0585171384707164	8.33816913686436	0.804731387314678	0.422581214207127	0.55343599640889	-6.43796702198547
23154	0.0517156922292166	7.13981637561285	0.748541537573513	0.455612029316803	0.582799814840246	-6.48117038949693
23155	-0.331180813811757	9.44128210818216	-4.51320947898935	1.51154850701651e-05	0.000132964756847246	2.5848706716032
23157	-0.279798923837657	8.79251656834957	-3.17142820580277	0.00193016523472954	0.00753101787381484	-1.95801523842879
23158	0.429043489521368	9.57108109347678	5.25715765982919	6.53651975939915e-07	9.34111647277457e-06	5.58652702147437
2316	0.126680340235979	8.61972292007716	0.896900151678098	0.371584958855032	0.503906051574875	-6.36041163348519
23161	-0.0228032419188813	9.10860458077824	-0.316395623971646	0.752257132336219	0.829038547444585	-6.70950735176841
23163	-0.0956019280568822	8.44801030573212	-1.04686965762122	0.297283581485268	0.428395391323851	-6.21653621539959
23165	-0.182706208595278	10.374080026002	-2.34543573334526	0.0206617815230513	0.0523539740015061	-4.08445671993137
23167	0.13818347395885	10.2797206119373	2.32600773288878	0.0217124168724461	0.0545783820348159	-4.12760573068919
23168	-0.229381297110328	7.78829419337967	-3.32432881499383	0.00117882995882349	0.00501397294535636	-1.50466642386806
23169	-0.163686952639075	7.20426888678915	-1.62512377139493	0.106784567651493	0.193599764881768	-5.45980972158359
2317	-0.398135138047769	10.5652098047082	-3.48402559841169	0.00069230406813371	0.00324358003561228	-1.01239379389024
23170	-0.449569949838981	8.353710336238	-2.89842019953739	0.00446722717006641	0.0150609373162239	-2.72235040663039
23171	-0.0327021829949859	11.2094941091924	-0.351211220275304	0.726051579190725	0.810211570401971	-6.69795359744638
23172	0.127110842458299	8.63074938765537	2.65617403521284	0.00898803716886184	0.0266862642037379	-3.35045203789816
23173	-0.221587796659648	9.88430865370063	-2.46875082810428	0.0149801950620434	0.0403707703792751	-3.80299363847041
23174	0.388329424046282	8.23614804845178	4.89593574409476	3.1126866468587e-06	3.4933140900887e-05	4.09138285895627
23175	0.177752919274417	8.81253476386072	1.99323078323539	0.0485263009487705	0.104764047526619	-4.81526113748402
23177	-0.359957423278575	8.01999866090942	-2.93762155907423	0.00397321821829019	0.0136809197967747	-2.61622817754648
23179	0.734136059396672	9.4628250009163	7.75960869497854	3.27395521980554e-12	3.1083758753556e-10	17.4038838308343
2318	-0.551811128558149	8.02863754858387	-3.7373430343489	0.000287314799273947	0.00156132910658079	-0.193440517788829
23180	1.06746981406128	9.30413067539931	6.8135985902369	4.16901037618773e-10	1.87152313626688e-08	12.6936263675595
23181	-0.558759217809371	7.43669246469582	-7.80534592208038	2.57661328948428e-12	2.53366973465954e-10	17.6369716346389
23185	-0.203170563390415	10.5802310819895	-2.29019447549746	0.023773056191845	0.0587751561863327	-4.2062874734968
23189	0.211251039630198	10.2789719931782	2.09916909400159	0.0379179294504248	0.0856211310170882	-4.60699015005773
2319	0.107194076359961	11.0258140687951	1.55286130277708	0.123114552844468	0.215862068880346	-5.57166401507959
23190	-0.121094842177838	10.2403524654555	-1.63973076806033	0.103704838702115	0.189053623411933	-5.43660853498136
23191	0.207965651897841	10.5858664032925	2.14322941868382	0.0341325397000454	0.0786209642839864	-4.5174231342521
23192	-0.222127990099926	9.60100771779414	-2.18543176917503	0.0308179849368551	0.0724661817004618	-4.43002135807153
23193	-0.122592853662263	10.9828027882152	-1.83442612568293	0.0690914143965389	0.13771599491202	-5.10852653938398
23196	-0.160638523908759	11.1169338090711	-3.03001555739529	0.00300103971518241	0.010891295275662	-2.36125939140972
23197	0.0489531767516047	9.70825706889057	0.954308344019908	0.341864098526752	0.473950562912214	-6.30791782448266
23198	-0.362830669084419	9.39428002708651	-5.34856871457676	4.36010625635284e-07	6.56015907444071e-06	5.97540376400419
23199	-0.212937524468489	10.8474234046165	-2.53024653450708	0.0127056055037369	0.0353123490783534	-3.65777542346274
23203	-0.188397031584366	9.87044575179501	-2.64899810855066	0.00917002298903187	0.0271387996737382	-3.36832131504294
23204	-0.141098487688705	12.2788058848266	-2.08292839895824	0.0394017280912065	0.088176178280511	-4.63956950922567
23210	-0.0432602959398655	6.97870583898921	-0.379590926060321	0.704926350199656	0.795558362160016	-6.68764606063825
23212	-0.42735986770045	9.37552774318926	-3.84429369645734	0.000195717985878348	0.00114573392158409	0.165917930085712
23214	-0.213897191109122	9.89895276385157	-2.52225220736	0.0129826555465391	0.0358891348107138	-3.67683493289853
23215	-0.46976208153195	10.7995653163174	-6.65890372409214	9.00302919092388e-10	3.54119148176339e-08	11.9469080364481
23216	0.193380560313731	8.83816135015079	2.55622177203569	0.0118416247638254	0.03341708935743	-3.59547422830274
23219	-0.107519408669014	8.81990069098969	-2.05536945264908	0.0420338764631916	0.0930331778097434	-4.69431561680009
23223	-0.772570533635915	8.03888113173698	-7.0920618633285	1.02469364183242e-10	5.91885977729775e-09	14.0558853720807
23225	-0.434422024935263	7.80611182511285	-4.8284267279485	4.13665536919408e-06	4.41097289780347e-05	3.81964304220007
23228	0.259399842962409	9.71638514205394	1.91309465146664	0.0581411786173986	0.12036243994479	-4.96610635401169
23230	-0.0914428204044551	7.97438439181671	-1.55601560855879	0.122362697583193	0.214863070160964	-5.56688328863916
23231	1.34083573430058	9.13163358747711	5.67912692395199	9.77129525475814e-08	1.85969812913139e-06	7.41470298141492
23234	-0.0607927666090179	10.2082064993648	-0.6466214673863	0.519123462085695	0.640089535278077	-6.55162662454813
23236	0.897656999395768	7.71170005585457	7.8298297402142	2.26615906701839e-12	2.25523781850264e-10	17.7619211175323
23239	-0.0138195613855807	8.2037769352853	-0.157476781737967	0.875136271487476	0.918001012158891	-6.74695698729925
2324	-0.143811971036369	6.65723483821716	-1.00118015745426	0.318773290529176	0.450173940805436	-6.26268202057861
23253	0.294186402266244	8.83937525272163	3.06534215420452	0.00269134308151817	0.00995989867981185	-2.26198851169799
23256	-0.0647046719356155	10.5634353543884	-0.830360054774541	0.407999758104012	0.538953782494665	-6.41723497500913
23258	0.0863487496129103	10.3646812555387	1.98435361298519	0.0495200938805319	0.106342414457412	-4.83225650344267
23265	0.189793860445781	10.3208922773695	2.78910622138896	0.00615718530721136	0.0195835004380308	-3.01172431052554
23266	0.846397084791434	7.95076558493611	6.41209889919589	3.02755016134618e-09	9.92363663996803e-08	10.7717171444233
23271	0.0323452393122228	9.52326491922506	0.353192854557247	0.724569397453846	0.809105596884843	-6.69725980699339
23272	0.1365226739789	7.52792817279714	1.5852114950404	0.115574906899165	0.206232173468806	-5.52219194133332
23276	0.0126036058709993	7.39901010122814	0.168242344604428	0.866678534364623	0.911828390504622	-6.74521267755594
23277	-0.244680314790888	7.99071404353783	-2.58648769057374	0.0109017482796357	0.0313976432321445	-3.52216456955803
23279	0.0190890798331229	9.35128983448035	0.276108794874176	0.782943936772131	0.851024944595325	-6.72137515432286
23283	0.286900660222387	7.47675610216777	3.01523463671864	0.00314013311588235	0.0113214751362672	-2.40250335597466
23284	-0.876397274087102	7.69400052593275	-5.76295469785107	6.63719646409646e-08	1.35366031588733e-06	7.78755360167608
23286	-0.21653751153442	9.74542611328418	-2.56238929970121	0.0116443949038299	0.0329167357651044	-3.58059788193464
23287	-0.246226520750813	8.13622839992942	-3.61330519834318	0.000444305761269731	0.0022682111174833	-0.600182848894391
2329	0.211540282887047	7.04796877532402	2.1683152262658	0.0321269903492525	0.0749636580458002	-4.46565962351388
23291	0.164471381703396	9.65720407835635	2.70067972899579	0.00793046939778697	0.024136211210656	-3.23867005689685
23293	-0.123149079226412	7.29314212088172	-1.68472544801287	0.0946652129931296	0.176151083424927	-5.36389584543376
23294	0.515061610795063	10.2381182714228	7.95559456148199	1.16974859061413e-12	1.28828311446303e-10	18.4055982186535
23300	0.289441243219094	10.1839115039873	2.44242588991378	0.0160602748205923	0.0425751405607712	-3.86417444202474
23303	0.160250448618908	8.17682874024703	1.44581191768811	0.150861207458115	0.252581904616529	-5.72837547727535
23306	0.144260606853033	8.16356312322445	1.72399836469629	0.087307660488309	0.165366034311725	-5.29889771810485
23309	-0.224256025404159	9.26917421029818	-2.27159554295059	0.0249095197314788	0.0610360821661272	-4.24670895182288
2331	0.278228372952307	9.37295475161887	1.49912166946605	0.13649304613799	0.234285117993181	-5.65168039978994
23317	0.0714503242670329	9.12828972051304	1.01801944699724	0.310736107382392	0.442444391947139	-6.24590991384136
23318	0.158772266051181	8.05417575410476	1.52838604616712	0.129073234770985	0.224121277950039	-5.60844260305215
23321	0.364843611699192	6.97874150385769	2.36380518108344	0.0197099379565548	0.0503881422225759	-4.0433583212817
23325	0.314186829919668	9.93087618861576	2.25145626520756	0.026193563282752	0.0634297369438675	-4.29013762712028
23327	0.462748439913465	8.03605499332671	4.28670658332394	3.70662491233733e-05	0.000283225918371012	1.73392097739766
23328	-0.323601154690046	11.1330110891089	-2.50218213551756	0.0137021912610151	0.0374160730350993	-3.72444601113421
23335	0.277487872553369	7.79855783034966	4.10054808391235	7.57504742600783e-05	0.000514132224641123	1.05852846308111
23338	0.177371978758045	7.90264480749343	1.78304504714598	0.0771310784050977	0.150295519609839	-5.1984969921044
23339	-0.0909568118805938	8.0543091367536	-1.32175033294159	0.188789242354667	0.300919669668096	-5.89646120422651
23344	-0.0406977192404301	9.62880489075569	-0.614758835392379	0.539888922946572	0.658821174274375	-6.57155623095762
23348	0.198410588092198	8.38358002647419	1.97434867695234	0.0506608092114915	0.108338820176904	-4.85132594571402
2335	0.268670103698486	9.77860224078372	1.2207360575698	0.224601767952996	0.344735074122121	-6.02250807568859
23351	0.332023846589744	9.27257693848447	3.61426176279779	0.000442831715047251	0.00226208408552276	-0.59708790609313
23352	0.112653248666935	10.181182712461	1.40305985533038	0.163205474871288	0.267475639372389	-5.78794476416575
23355	0.0818697669294148	8.16054489508161	1.39054320733069	0.166961733926062	0.272591606114628	-5.80505793719805
23357	-0.189806418152321	7.31346499653405	-2.40482780817908	0.0177230440377789	0.046165986676775	-3.95052659342153
23360	-0.183014268845784	9.61701247522138	-2.4577513675511	0.0154233519678351	0.0412301761960302	-3.8286290295293
23362	0.414984043475482	7.35448810116854	3.38253242557954	0.000972930262326323	0.00426787252618982	-1.32744648042496
23365	0.196812500687639	7.91646594381231	2.3488955996555	0.0204794600210123	0.0520387798384421	-4.07673817794916
23368	0.356102004847631	6.9945778030922	2.97732769817793	0.0035244967741635	0.0124146453537699	-2.50748680967987
23369	0.144291004505727	10.1789338919461	2.60478334767951	0.010366692058887	0.0301086063313665	-3.47747588943709
23370	0.137788233027797	9.91036235184339	1.8916759222887	0.060967252215004	0.124991189698668	-5.00544007334939
23376	-0.252500470216489	8.81095024789837	-3.26636834874602	0.00142384070160904	0.00584829646707641	-1.67861303201043
23378	-0.135254637919394	9.2557409937064	-1.62279653320553	0.107281951962311	0.194288297129728	-5.46348789052285
23382	0.211401033764679	8.48598704634402	2.12547920889527	0.0356162849516665	0.0814932170916248	-4.55371343941591
23384	-0.149402797063435	10.6795579124923	-2.24801636014621	0.0264185842039087	0.0638623077331828	-4.2975200415239
23385	-0.00335606619128438	11.8085150556548	-0.0416014677615494	0.966886194711949	0.978400923629948	-6.75843343594413
23386	-0.0118374655406821	8.09191112916013	-0.175960255056472	0.86062456136368	0.907423905650242	-6.74389124171518
23387	0.382830757527978	9.27001480375031	4.05283826322026	9.06728134567061e-05	0.000603025313327208	0.889033741456458
23389	0.51801695828819	10.3112093965465	5.01219783885267	1.89690714013971e-06	2.30080073091836e-05	4.56515751496378
2339	-0.0981135914085934	10.7540906588242	-1.20196795768693	0.231764860205488	0.35333660858201	-6.04485221251232
23390	0.00570889598532033	9.38435648349028	0.090977649374405	0.927663471447964	0.954129824476585	-6.75517644928828
23394	-0.0207788754598336	10.1730213761878	-0.423535114209103	0.672670196995211	0.769457945877364	-6.67011013191908
23395	-0.0675533127222163	7.99763032863179	-0.776056017594791	0.439257168606355	0.569579702453395	-6.46040156324622
23396	-0.18521136352054	8.58058224532079	-1.46048578772597	0.146794525589462	0.247151178487614	-5.70753162591586
23398	-0.0684844130332534	9.00875597433415	-0.859259099379463	0.391926978245296	0.522991412004223	-6.39308707006656
23400	-0.105423697432055	8.17986931426753	-0.985757673808299	0.326254130583764	0.457842188009156	-6.27780167451306
23401	-0.137279716695637	9.49304155100228	-1.4702017313927	0.144148939874251	0.243939816300208	-5.69361870359532
23404	-0.178863591666616	8.03255258195622	-2.06306058489209	0.0412845559477377	0.0917434576616394	-4.67910530642675
23405	0.272245859398312	9.93364247349997	2.57218040143961	0.0113373441169384	0.0322918835882452	-3.5569155193132
23406	-0.520474288280606	10.8186735078952	-4.06456254143858	8.67646358400459e-05	0.000580774628880696	0.930547437256553
23408	0.0160768376109156	8.34160836042309	0.214921855602436	0.830196514099597	0.884486418994282	-6.73631625819642
23411	0.022603925043343	8.52608722922973	0.317719424486436	0.751255182193512	0.828376425699961	-6.70909004008753
23412	0.181647548879826	11.0098019114819	3.29610111817964	0.00129276034836865	0.00541765625445206	-1.58969853840037
23417	0.0636878663671692	7.52900174443628	0.866836493547599	0.387777894526064	0.519579270004853	-6.38662044055374
23421	0.0162076754840491	8.79816034044911	0.164746781676003	0.869423104353666	0.913901099766007	-6.74579168806501
23423	-0.635622004209278	12.1776725772952	-8.20785950663453	3.07825245641231e-13	4.35839531924554e-11	19.7054864658497
23424	0.878432732171483	7.68031130423213	6.84899079316879	3.49222302712489e-10	1.60254234466953e-08	12.8655061897093
23428	-0.298018490769897	9.0536614040608	-3.70661067362016	0.000320386002641571	0.0017106582946473	-0.295229850455359
23429	-0.0663405549013284	12.6704886734568	-0.540215350163025	0.590059159268531	0.70279576864572	-6.61427178375854
23433	0.392128904197832	9.42259299427676	3.11359401241906	0.0023159704070973	0.00876627007608249	-2.12481594388867
23435	-0.0318556107396587	9.88169737279168	-0.471973199135104	0.63781111038864	0.741912374568395	-6.64856471867088
23438	0.00677637055592541	9.94789181730114	0.129910188396133	0.896857047407177	0.932884927790364	-6.75089806434541
23443	-0.195690295142301	8.86189081806467	-3.11347960572454	0.00231679994867894	0.00876627007608249	-2.12514333355471
23446	-0.15930603041584	11.3634904524126	-1.41539742235488	0.159566445028287	0.263102408808489	-5.77093133758532
23450	-0.367653308636151	9.47954069180138	-4.74574543006926	5.8413324307374e-06	5.87690692787953e-05	3.49027153895251
23451	-0.0826524019438631	11.8756308247287	-1.38578285568043	0.168407465616705	0.274313876157362	-5.81152750202045
23456	-0.00414725116090992	8.85008029611107	-0.0485552610607899	0.96135520718085	0.974689334885703	-6.75812150803624
23461	0.127074933430883	7.2665310548274	1.22030734623498	0.22476358306915	0.344826745198957	-6.0230222402749
23462	-0.142088573036066	9.28505988670889	-0.858551600554501	0.392315764205305	0.523341119563278	-6.39368799548813
23463	0.248349761605676	9.55178669961083	3.84578072183267	0.000194666016068858	0.00114119325246896	0.17097002181294
23468	-0.226758650967669	9.13663680657145	-2.15908080688696	0.0328530414180246	0.0762485932526258	-4.48477916398284
23469	0.128133798024423	9.98942069634347	2.45666511274095	0.0154677437989304	0.0413206868626018	-3.83115505918257
23471	0.0860647171653158	12.2668360905079	1.44620232422099	0.150751896584984	0.252475804094072	-5.7278235444547
23473	-0.231619471990986	8.99717670181422	-3.46845062291913	0.000729748396075766	0.00339398747273977	-1.06123449280922
23474	-0.0537394801949211	8.40438572676933	-0.650821666611846	0.51641759608395	0.638086663224147	-6.54892487513731
23475	-0.0365933706243448	12.3755979763708	-0.532841595122331	0.595137905496665	0.706908124734319	-6.61819903832107
23476	-0.300472495331001	7.40173289420492	-3.05631882534194	0.00276750454122347	0.0101848594392965	-2.28743816266139
23478	-0.2338950652945	12.4346541128074	-3.54703122973661	0.000558509704692292	0.00271051125778985	-0.813010404822975
23479	0.0175629991106514	12.3305887657456	0.253470097698865	0.800342805541026	0.863935124643084	-6.72733677104017
2348	-0.281485781674455	11.8793591277887	-2.71272045322667	0.00766443690784667	0.0234735813343765	-3.2081462237462
23480	-0.1142670554452	12.2110645815646	-1.6251706836162	0.106774560491115	0.193599764881768	-5.45973552563154
23481	-0.232735795625054	8.35086064248981	-3.16825665543667	0.00194966945755564	0.00758204789049417	-1.96722945401537
23483	-0.190908094822156	8.71556649995288	-2.73973059850464	0.00709689228720574	0.0219864512505565	-3.13923903146277
23484	0.5855264181552	9.94647286912429	8.57731030063569	4.278500006092e-14	8.41438334531426e-12	21.627790999118
23492	0.266925119595811	7.99888079552449	2.39376387661718	0.0182406110925379	0.0473499206864748	-3.97570628631301
23498	0.138241123536155	6.38672350524292	1.18741461484104	0.237431347372157	0.360379075577731	-6.06194599261534
23499	-0.0175638677779709	10.3655855428771	-0.244764644823052	0.807060665787811	0.868336674823913	-6.7294937083848
2350	1.88911981834498	8.68150606294758	6.08267165719449	1.47947910398009e-08	3.84292371033822e-07	9.23674896586517
23500	0.691497278279974	7.0800719450757	5.38682180273848	3.67630124774856e-07	5.686563353259e-06	6.13934520547568
23503	-0.0233003825469868	9.495013069608	-0.344819302410462	0.730839531774491	0.814124684080552	-6.70016492577682
23506	0.129720533586235	8.45391208230219	1.70360206132247	0.0910682731876665	0.170882311796939	-5.3328322545721
23509	0.0132238382068344	10.0208031000619	0.168582625871257	0.866411446090713	0.911663508880164	-6.74515566385608
23510	0.214480412743897	7.92088974652842	3.20863173241308	0.00171452494634346	0.00682176110635691	-1.8493505474936
23512	-0.0333959515533644	11.4715245807599	-0.497467358365112	0.619778421554455	0.72656397417539	-6.63629218237524
23513	-0.18515513708145	10.1686047449617	-3.10171486568436	0.0024035900891781	0.00904019827488019	-2.15875523569463
23515	-0.161093930541379	8.60856209644926	-1.72100374680827	0.0878517196352192	0.166244033032511	-5.30390409464162
23516	-0.320897683808547	7.78023634169904	-2.23667999069946	0.0271721652685019	0.0654350102384332	-4.32177581871059
23518	0.0353629328353502	8.01070024739779	0.328566750161577	0.743061257377707	0.82280895499076	-6.70560503862212
23521	-0.0580683264856576	14.6907046986521	-0.819098194043622	0.414369464589442	0.545622792524915	-6.42642427971841
23523	-0.0126165038715876	8.10475826790417	-0.139060226386591	0.889637864839703	0.927478071888925	-6.7496737237003
23524	-0.345280349063783	10.9976793089308	-4.80316573427497	4.59834597712631e-06	4.83851436574055e-05	3.71860778488777
23527	0.132275784767655	8.06349766102065	1.70511783880363	0.0907843343637495	0.17050445699058	-5.33032358182582
23528	0.216934901355418	9.43698615782647	2.83943064286083	0.00531748531146493	0.0173537845407745	-2.87970992545895
2353	0.275633830610262	10.4718665201498	1.18028900520654	0.240241637099646	0.363975774475987	-6.07024131931503
23530	0.400169780627073	7.43466195353652	3.80790007382933	0.000223215127041036	0.00127507396221228	0.042745940717154
23531	0.0699186089851197	11.4984608870344	0.539042452571304	0.590865650667378	0.703350666452304	-6.61490005994206
23534	-0.413633321049763	7.9989431156841	-4.72683326630954	6.31785698090313e-06	6.25904753036147e-05	3.4154720962121
23536	0.0542985665916991	7.93285026370054	0.813587311693811	0.417508004261096	0.548879321552637	-6.43087577171579
2354	0.106238055575933	9.64673357631818	0.723845765464922	0.470582464202844	0.597046256999056	-6.4991791720848
23543	-0.0132075760657785	10.1207163026545	-0.14666315429788	0.88364633355882	0.923329375736351	-6.7485930540966
23545	0.0361554972196716	7.53651826154532	0.539696448447328	0.590415895855285	0.703119276205977	-6.61454990707242
23549	0.253179335566452	9.11543267395326	3.80464637877236	0.000225844731686035	0.00128742407434551	0.0317784281288169
23550	-0.000979921110100195	8.28685719683949	-0.0122184864998797	0.990271782692199	0.992916354095358	-6.75922025990884
23552	-0.00969377473548545	7.65867041847216	-0.100500091698926	0.920116608965168	0.948834355811771	-6.75426930888212
23553	0.0639089019161562	7.49293814096803	0.8593875941994	0.391856392960259	0.522991412004223	-6.39297787849025
23554	-0.534672968053942	8.32179570989411	-3.88174393603267	0.000170803845302035	0.00102012997989502	0.293613537312247
23556	0.103624288465651	8.3869419355387	1.46816531404015	0.144700354490917	0.244622375786936	-5.69654215443834
23557	-0.115393828074362	9.13311706943932	-1.82641323231778	0.0702973085505486	0.13949635717774	-5.12271644823788
23558	0.0942923598292276	11.1014973278465	1.02107864676423	0.309290651104019	0.440727931458416	-6.24283341531516
23560	-0.403502877623466	10.9797745645876	-4.66065395161535	8.3002727415397e-06	7.87144119920986e-05	3.15532909685806
23562	-0.097306405833037	8.69987905308862	-1.15947895477556	0.248584614029147	0.374281609894414	-6.09418825879091
23564	0.232229571185298	8.32712058837737	2.46633326624731	0.0150766104291309	0.0405776481409648	-3.80863686614673
23568	0.344044955428421	9.82682367427298	4.71394990697083	6.66381884662468e-06	6.52943578566072e-05	3.36463324811148
2357	1.29825328865039	7.43733361605457	6.93221359844936	2.29924727800201e-10	1.1510171221998e-08	13.2711480024888
23580	0.169642252060309	10.2522565511211	2.15774235572473	0.0329594481027379	0.0764303877957932	-4.48754412803321
23582	0.132392319697405	11.150087411672	1.2037938860805	0.231060840253184	0.35248831644131	-6.0426932037736
23583	-0.0314417416720297	10.1111888279019	-0.326218173936924	0.744832879094145	0.824155335742484	-6.7063694878247
23585	0.126111979276913	10.0527807882645	1.9072711062243	0.0588984314833239	0.121777482866647	-4.97684201493793
23586	0.0226957377779193	7.44374421927735	0.211484405089118	0.832871437280342	0.886096423948705	-6.73704526850693
23587	-0.12951637237281	8.25542186555315	-0.775666044589417	0.439486561681633	0.569615408675708	-6.4607011121663
23588	0.0951456659816761	10.8538728247957	1.48134091703893	0.141161526479855	0.240114128649836	-5.67755836050744
23589	0.131999910570414	11.2552311368932	1.32122706587078	0.188963074675091	0.301046540642577	-5.89713922206475
23590	-0.285377609193924	7.91718684035018	-2.66138707723061	0.00885788621667412	0.0263851929858378	-3.33744380820342
23592	-0.12833356090165	9.84572092931093	-1.74565710958914	0.0834541975252551	0.159604462041817	-5.26244265020334
23593	-0.0787399974411962	12.2941527915075	-1.15462660754766	0.250559132879016	0.376294261378304	-6.0997121967056
23594	-0.0974415413322115	11.4288942974202	-0.912319134860933	0.363447191197998	0.495957571283221	-6.34662780526368
23595	-0.0063981151251471	9.17703480920236	-0.122807328197869	0.902467050341834	0.937303889830699	-6.75179106411146
23596	-0.115106554844583	10.3219301084175	-1.25534328627452	0.211816193717998	0.329227466597608	-5.98042237581193
23600	0.089299899898707	6.94377474252082	1.02245615573326	0.308641256656769	0.4401548307985	-6.24144515593153
23603	-0.0889445468484246	9.94087926119681	-0.92929537267019	0.35461920640078	0.487380140577444	-6.33118399884533
23607	-0.0734386620011662	8.09244625267557	-1.29539554526267	0.197693700347602	0.311773590376834	-5.93028598987887
23608	0.0938723520132338	11.4371186558138	1.83572914490302	0.0688969535872828	0.137494206416627	-5.10621349801145
23609	0.0899816919155819	8.80677663408539	1.84578097147686	0.0674120888687211	0.135348530397578	-5.08831799542284
23612	-0.281355150388799	8.71790815893239	-2.59933495871606	0.0105235015296844	0.0304996921526994	-3.4908133853239
23613	-0.580128635859969	9.22007370571773	-7.14285497687512	7.91480445718158e-11	4.77199159243211e-09	14.30672995063
23621	0.645177418902286	7.09416354104805	5.47276253453471	2.49986160308161e-07	4.15469956568492e-06	6.51020866088503
23623	0.03612734600163	10.1184515781717	0.529691720850037	0.597313555172416	0.708620788311625	-6.61986028505955
23625	0.217662258869191	9.44050680976197	3.33568622994773	0.0011356975866893	0.00486871798742604	-1.4702844484966
23630	-0.238413749557367	7.79096065631816	-2.64464652273623	0.00928199753172754	0.0273916754598319	-3.37913661852257
23633	-0.161174367780659	9.94023927380275	-1.95060257417865	0.0534577524460025	0.112939034146444	-4.89622483291021
23635	0.281664257672644	7.28611344785383	3.5898140027289	0.000481994283551676	0.00240705730479858	-0.675982333670037
23636	-0.0401310113528604	11.2663690321123	-0.5951507278707	0.552873960566593	0.670593085797366	-6.58332355009266
23637	0.0971124333843273	9.67352406766855	1.11542886425085	0.266916466658286	0.393701788320972	-6.14350419542763
23640	-0.046372570246409	8.06406090601848	-0.597655674717194	0.551206509202687	0.669061831890404	-6.58184138807307
23643	1.27511717313895	9.16251351693057	6.80298708686546	4.39610328869104e-10	1.9314794236483e-08	12.6421664855532
23644	-0.496229800706839	8.00622271674514	-5.94096809934035	2.891843350112e-08	6.70972642469806e-07	8.58927261500163
23645	0.137596822825131	9.94391684305988	1.23851007387467	0.217967079215732	0.336389260164152	-6.00103632506775
23646	0.22191333679314	10.8971972613648	2.29328797470647	0.0235885161640355	0.0584757333478192	-4.1995350635409
23648	-0.277274758064195	7.97830558616723	-3.3924383152437	0.000941438714540945	0.00416066547999369	-1.29703271631325
23649	-0.259256571238158	8.36685636106552	-2.82155831274751	0.00560290236606399	0.0181134925807	-2.92682980692423
23650	-0.279719244690523	8.62750234045257	-2.41218233757623	0.0173862528683283	0.0454895307863134	-3.93373069384342
23658	-0.139150896765537	10.4154661096755	-1.53102555294603	0.12841991066585	0.223409532876984	-5.6045032568763
23659	0.77805780956071	8.22003721038302	7.69086723509121	4.68891862510467e-12	4.20983346123528e-10	17.0543753732966
23660	0.0422595903215462	6.6997529348058	0.545328996022834	0.586549000188625	0.700230487289788	-6.61151672454539
23670	0.163621252091807	11.381590840396	1.83537083976162	0.0689503811097422	0.137534447709846	-5.10684969433073
23673	0.368915986346604	9.47027667002762	4.36424732050751	2.73564905120714e-05	0.000218112559488137	2.02169568255144
23677	-0.0814139936547019	9.56699608884698	-0.951191627374077	0.343437028461276	0.475891604611665	-6.31085007298914
23682	-0.0662199610757674	10.1353829845196	-0.728578433310408	0.467692418818258	0.594237714111492	-6.49577435712964
23705	0.808531113388419	9.19549158039714	5.30263974413017	5.34641641785587e-07	7.81617692238751e-06	5.77950269453448
23708	-0.0484565953643684	8.04094329744175	-0.465640124213175	0.642325086184715	0.745169271332267	-6.65151366904823
23710	-0.0283839886557299	12.0577153492763	-0.252052518203864	0.801435724671815	0.864432113359323	-6.72769313474669
23729	-0.339804149024667	9.95141260170506	-4.54093789970729	1.35164680417126e-05	0.000120883870797428	2.69117526033057
23731	0.312342325820783	10.0265094334539	3.89799708992169	0.000160958582127495	0.000974005779027918	0.349329921104959
23741	0.296774482295561	9.49531894445893	3.11468863160363	0.00230804744212642	0.00874116087664568	-2.12168303331373
23753	-0.807717724550903	12.246545873782	-4.4736863834052	1.77138343577594e-05	0.000151780364932668	2.43414047690639
23760	0.221164509947679	9.56715031552352	3.37951579515524	0.000982714861937762	0.00429255672110308	-1.3366938355073
23761	0.239613487348578	10.4418677577384	1.93675199712111	0.0551486587118174	0.115411178353081	-4.92217826305525
23764	-0.111753023320691	11.5261924845625	-0.850384534812264	0.396820871895685	0.527476730263656	-6.40058942958874
23765	0.201364607131092	7.27545565818571	2.75476901782687	0.00679772284397988	0.0212364563885302	-3.1006134018518
23770	-0.00489101204754547	7.86592722025942	-0.0468043740005661	0.962747680944957	0.975741821423968	-6.75820458032416
23780	0.338817841335248	8.34030501959409	2.68183125076593	0.00836376222186953	0.0251582942289302	-3.28621106382627
23786	0.0250563253154787	9.71960329156914	0.371810573446445	0.71069580828935	0.799793459509173	-6.69055136070949
23787	0.102204186815177	13.1300549149793	2.19901087391127	0.0298127376455642	0.070405531243441	-4.40156468071748
23788	0.031824251037268	8.87219210116218	0.35367730568159	0.724207206455793	0.809027796230032	-6.69708960315262
241	1.71421724132238	9.06523992511548	7.07196105429803	1.13473936707476e-10	6.41982683016268e-09	13.9568109932794
24137	-0.339445761761152	7.48799073153078	-2.34725841692118	0.0205655553417007	0.0521878608671113	-4.08039182476025
24138	0.388911049723956	7.29099522745198	4.02652476941486	0.000100066313803826	0.000656511320110885	0.796191536219061
24139	0.0936708734848202	8.66241436329267	0.687443253644072	0.4931424796963	0.616801466125293	-6.5246327406559
24140	-0.320571218792551	8.3323881166427	-3.46942433761706	0.000727352711007643	0.00338846909035487	-1.05818628917998
24142	-0.0785350210469227	6.62352857826438	-0.897716079834427	0.371151484275502	0.503566238520967	-6.35968803939753
24145	-0.22521198736111	7.90376099668017	-2.28379014544971	0.0241591357955335	0.059568496021226	-4.22024018866167
24147	-0.37189634570717	9.08761242224715	-3.88920315922849	0.000166216282610352	0.00099890952100005	0.319161736224163
24148	-0.140912531227086	8.63434108614332	-1.76934670470392	0.0794002918830712	0.153415143051963	-5.22207478685208
24149	0.207014462287492	8.23672700070072	3.40745086437519	0.000895530155556607	0.00400491558467654	-1.25080103176813
245812	0.393179711338977	9.03362057560111	4.81178105119425	4.43553318440349e-06	4.691101677743e-05	3.75302626315062
245973	-0.433308091334326	9.56509187371481	-4.59899277862559	1.06805797880652e-05	9.85716078764452e-05	2.91521568445627
246175	0.126072817704689	7.97083414209101	1.14902970518112	0.252850366598809	0.378427981175243	-6.10605561462158
246243	0.0924034131310721	8.76838618146867	1.32765954729272	0.186834449462811	0.298616979985065	-5.88878631566223
246777	0.592660184579561	8.83484713084515	2.93207778586432	0.00403988924265871	0.0138808174477375	-2.63131052505496
246778	-0.645211189926299	7.98062031062684	-4.16261278683495	5.98271345280226e-05	0.00041914514944993	1.28123701666222
2475	-0.13336715217749	8.72295047695189	-1.76794770906869	0.079635106552788	0.153701528382699	-5.22447305958865
2487	0.0596954034950026	10.8686770133355	0.405863719962797	0.685572342036934	0.780218730397503	-6.67739194812624
2495	0.233360699682419	12.3391563714718	2.59441251345179	0.0106670076021814	0.0308075114664401	-3.5028419899963
25	0.163500503551044	9.65431165817679	1.83975918320459	0.0682983963989912	0.136535207022487	-5.09904980302804
250	0.614695102315872	10.0832912828254	2.82630274211608	0.00552580065973344	0.0179062822477043	-2.91434655407482
2512	0.67256475660164	13.6474120144479	4.95517256562533	2.42056708058613e-06	2.84813163613126e-05	4.33187006753412
2517	0.0325778371298769	12.1036435347654	0.287185496306085	0.774470281251457	0.845062684694457	-6.71827278113961
2519	0.156087506238063	10.806132534102	2.20999017795773	0.029020943426754	0.0688075123456562	-4.37843755842226
2521	-0.399847146715567	9.66375602008519	-4.23226937707665	4.57801563121661e-05	0.000336726706267579	1.53413590647729
2526	-0.148254833597521	8.8436040710563	-1.87995626960878	0.062561777242605	0.127437800252507	-5.02678589159313
252839	0.181291913774026	8.61621070094656	2.00608795888893	0.0471170519722617	0.102336799708357	-4.79052039195066
2530	0.18528522765265	9.70974489074424	1.9772023945711	0.0503331915086898	0.107763650041933	-4.84589594098196
2531	-0.0651248062909954	10.3132842042214	-1.2385540835632	0.217950830232897	0.336389260164152	-6.0009827842078
2533	0.401387776950109	8.87525522797419	3.62920181933803	0.000420400878910768	0.00216896393491752	-0.548664805518517
2534	-0.104113328845204	7.9089450244117	-0.950154740587992	0.343961355765874	0.476225444804901	-6.31182349601884
253558	-0.322334362809043	8.66685339589845	-3.04954441009748	0.00282598886828826	0.0103515157658807	-2.30650288898215
2537	-0.0300272590112438	13.1028662958586	-0.215818059862169	0.829499440259432	0.883971794161128	-6.7361242621261
2539	-0.144761183516391	8.53992049775924	-1.97663091492981	0.0503986551970073	0.107875846573537	-4.84698393013844
253943	-0.114758866750278	8.88805379564392	-1.60104307519377	0.112021540244726	0.201064303003355	-5.49762509386373
253959	0.0130354980234632	8.90301795349932	0.170702513595967	0.864747885867344	0.910492993915139	-6.74479788632813
254065	-0.137333964341356	6.94294255750742	-1.63297957405838	0.105119255607057	0.19116799896836	-5.4473565246561
254170	-0.205086207137455	10.1800952151092	-3.00188902555143	0.00327080771297932	0.0117260727904554	-2.4395939683933
2542	-0.086557799312488	9.60259628971681	-1.21316657968727	0.22747124471543	0.348140167009349	-6.03156045175907
254295	-0.430906410755004	8.1117479448977	-4.74392267019735	5.88569884418764e-06	5.91433971447566e-05	3.48305353998301
254359	-0.328716079311482	8.2925903347134	-4.40743196562859	2.30640594951573e-05	0.000189750130906374	2.18357508448581
254427	0.317013362795037	8.56428607828024	2.75792378620816	0.00673643800583526	0.02109695642554	-3.09248692462822
2548	0.273985093531553	10.5443370615528	2.25343202756671	0.0260650789434152	0.0632112601505019	-4.28589274352078
254863	-0.193565064119843	10.624054399809	-1.9343759037513	0.0554432273934724	0.115880834582511	-4.9266131943491
2549	0.0114920055504187	7.77386523955764	0.11200745683137	0.911006403244024	0.943207933165661	-6.75305270213424
2551	0.209271868948491	8.491134660964	2.23225921992288	0.0274710870016782	0.0659265784526846	-4.3312041761399
255104	-0.282459807438794	7.96427082243404	-3.22630775882602	0.00162013276463188	0.00649310850842276	-1.79734977752453
255252	-0.058019917580628	7.96677460273147	-0.954486240375221	0.341774459650687	0.473946623677112	-6.30775017229745
2553	-0.292015834082396	9.38258185019826	-3.23282424398116	0.00158657282751795	0.00638649685930714	-1.77811874128162
255394	-0.223546290292245	6.45190129537597	-2.26523729718293	0.025308816000549	0.0617583235805973	-4.26045825553343
255488	0.265524622508037	7.82572604293009	3.15088475198786	0.00205979195375328	0.00796157301731497	-2.01756172580174
255520	-0.440187506956953	9.12476509884346	-5.56340256166844	1.65850125211015e-07	2.95776021025367e-06	6.90509569278819
255758	0.055059727412585	8.60624613816193	0.515761554553934	0.606978870961169	0.716952019753933	-6.62708952044577
255919	0.113837458373984	9.90143919778727	2.09276285246974	0.0384973749721947	0.0865038947960631	-4.61986932260625
255967	0.0603927448136944	9.45736703363908	1.03689600681097	0.301888896040597	0.433745395946309	-6.22678198971782
256281	0.430711306083557	9.10651662957854	4.01401784050003	0.00010485064524277	0.000684096626939397	0.752223549134772
256364	-0.0220193525779559	8.15550382911717	-0.260259425451125	0.795113922155137	0.860053834246617	-6.72560233225316
2564	0.0655852769173484	11.0361918216245	0.394250457045813	0.694102492585757	0.78721496481647	-6.68200890652943
256471	-0.17801448109999	8.55663040075184	-1.66197834659047	0.0991519338443366	0.182477370805925	-5.40089048885078
256586	0.999842457861222	8.10767481388875	8.77032159610425	1.51478660027756e-14	3.57489637665504e-12	22.6395801685463
256714	0.156461543950031	8.49915939851367	1.53300721234445	0.127931128123095	0.222746863047379	-5.60154142645572
256933	0.544893180309761	8.37616754906728	3.92542685590555	0.000145558059547157	0.00089949415566779	0.443766161651745
256949	1.22998001187289	7.21263784192636	11.5494757720621	3.77023548855356e-21	1.03807150451508e-17	37.4579130233359
257068	0.185954762603609	6.80136358555169	1.42232657733416	0.15755008782183	0.260637637774547	-5.76131295308013
257218	0.224161975614478	6.98231911426343	2.17397503058771	0.031688908333662	0.0741292503075752	-4.45390397702932
257415	-0.00508681561039687	9.18038678114319	-0.0873456989880798	0.930543691529124	0.956160756401118	-6.75549867527036
25771	0.0675607019144521	8.52318276885632	0.94845411606134	0.344822438227953	0.477011110327063	-6.31341776843087
25776	0.184814575675483	9.12840641138481	2.57781725057155	0.0111638916222677	0.0319443420146278	-3.543244726184
25777	0.184006390733939	9.86147828498975	2.35154513013481	0.0203408021988059	0.051744695461083	-4.07082039638972
25778	0.684756268898524	8.33627774822925	6.87889959166466	3.00584903513435e-10	1.42691454196608e-08	13.0110501753776
25782	0.12871670755277	9.74193441982459	2.05710615957184	0.0418636639698275	0.0927807524525826	-4.69088565063166
25788	-0.227858367316611	7.13491636060607	-2.27825439608046	0.0244972780603934	0.0602224752318003	-4.23227177875289
25793	-0.00529994682860409	10.2648304878807	-0.0931012308627867	0.925979864622507	0.953214566523169	-6.7549819654974
25796	0.00963566824452697	10.1237337193346	0.153811624978946	0.878019074279705	0.919776481109748	-6.74752454197278
25797	-0.722066614214828	8.63210648734447	-2.81835185714926	0.00565556571654142	0.0182765934345196	-2.93525607181235
25799	-0.0636702043901569	7.42165958966691	-0.482131441721547	0.630599077738868	0.736010793008768	-6.64375173061787
2580	-0.0525328216692496	10.6517440094327	-0.857519747950579	0.392883214029037	0.523759739812757	-6.39456353963302
25800	-0.421147543713144	9.8164532577857	-3.16937783405138	0.00194275365355613	0.00756940810300642	-1.96397301244141
25801	0.801090751776482	9.36029517858618	6.53431043595071	1.66475431368946e-09	6.10691079616488e-08	11.351079246473
25802	0.397966190264121	6.7222713861829	3.43260418404617	0.00082328935634107	0.00375711054330234	-1.17296590009933
25804	-0.227357499003892	10.9172413284803	-2.44908399346244	0.0157807436203168	0.0419938602782915	-3.8487565073474
25805	0.510066427334266	11.507031503563	4.60472467541387	1.04340712852365e-05	9.64042827920058e-05	2.93744296959515
25807	-0.532432407701098	8.07646234989923	-5.39255513211402	3.58329168711591e-07	5.56353182999575e-06	6.16397717976297
2581	0.251221157566637	9.24918108853616	2.69558791249253	0.00804546835663838	0.0243347508230697	-3.25154200363266
25813	-0.117465055130572	9.33359107263473	-1.17431961261733	0.242614131089457	0.36683007922367	-6.07715309418921
25814	0.0231569669624634	8.73012245432529	0.279221444297795	0.780560081780573	0.849799166404051	-6.72051566969641
25816	0.123314344571001	10.5819266875261	1.40887578125308	0.16148221801065	0.265388603415832	-5.7799425791791
2582	-0.0983658984669897	9.41002762724156	-1.13506984922926	0.258629483161067	0.384511209664102	-6.1217460810637
25820	-0.354834478334696	8.77098643265605	-4.33575850534168	3.05987948169247e-05	0.000240939985879693	1.91553231122445
25821	-0.189591947297659	8.81902347305615	-3.27842292557673	0.00136926802054335	0.00568635186007445	-1.64264512939462
25824	0.0684164516964131	13.1234746203704	1.24603553171737	0.215201377934382	0.333019579091048	-5.99185414669834
25825	-0.240303800599492	10.6027064671736	-2.64973318743699	0.00915122901644193	0.0270928859053084	-3.36649281439894
25828	-0.345322555743901	9.24703219705719	-3.81445725563633	0.000218003842174978	0.00125136326363122	0.0648709968534185
25831	0.101289418783892	11.0463590963834	1.5390042500211	0.126460861318994	0.220745290468067	-5.59255570570652
25833	-0.167068305258306	6.77741621874797	-1.67440570449496	0.0966798740061459	0.178932502641892	-5.38073872609991
25836	0.0996816863760433	9.01118844874493	1.14348543106313	0.255134591114547	0.38108711077869	-6.112309669463
25839	-0.132177891909413	8.52771621622239	-1.76606614112572	0.0799518198023355	0.154191461958275	-5.22769576106155
2584	-0.246330442554697	9.50975238247054	-2.47104953512697	0.0148890302945565	0.0401512863966819	-3.79762322877296
25840	0.104348444575264	11.1796516664196	0.882032103177381	0.379539455001514	0.512337947101243	-6.37348345770807
25842	-0.24901019578217	8.95942010021311	-2.88413131877729	0.00466088574029777	0.0155551176625695	-2.76072493877351
25844	0.048207544528831	11.4897372188103	0.743472298444048	0.45866265525132	0.5856696183092	-6.48491582438853
25847	0.167995069538766	11.0792758667541	1.99112705847038	0.0487602651186146	0.105159214067822	-4.81929513449099
25849	-0.220183697542712	8.5113700948238	-1.00469938343292	0.317082315013517	0.448399233352448	-6.25919956127577
2585	0.121700547235067	8.37799971098006	1.60171908003925	0.111871776630504	0.200882798906079	-5.49657089185558
25850	-0.135321208873303	6.7524589109506	-1.89925488678792	0.0599543523953502	0.12337392894509	-4.99156953337299
25851	0.134951140660232	8.00614446441817	1.25654036260934	0.211383666987462	0.328819037536052	-5.97894611715917
25852	-0.16770545012508	8.00039198932184	-1.69056247877518	0.0935408540082307	0.174395945491718	-5.35432555743314
25853	0.211329082256447	9.450173348229	2.82814312422524	0.00549615452820299	0.0178412222127868	-2.9094993282256
25854	-0.153641409340707	6.95492607996694	-1.13547067056111	0.258462268442911	0.384465611230306	-6.12129818557664
25855	-0.231320173324748	8.57951793952951	-2.99701348506771	0.00331978510943751	0.0118656101271977	-2.45310908465767
25864	0.0312209329096844	7.7702680090369	0.369839132399936	0.712160399920493	0.801095588089782	-6.69127799483585
25865	0.0283603186542473	8.2821748607767	0.401035760037676	0.689113715086031	0.783493363607793	-6.67932758040606
25870	-0.345189910433249	10.9394681562958	-3.1986468551205	0.0017700843338865	0.00701578531569219	-1.87861901555019
25873	-0.168237078465301	13.2912839907887	-2.14637634680716	0.0338751468917862	0.0781588584709926	-4.51096011214728
25874	0.350136460055869	10.7854024900221	3.83660469605959	0.00020124428518006	0.00117392499688368	0.139819135424203
25875	-0.0258827977146284	9.28525399000012	-0.452945829512142	0.651413360079354	0.752436631835473	-6.65730515434769
25879	-0.0397119905335477	9.87450467814735	-0.36525694197976	0.715568676426811	0.803547561273343	-6.69295200979148
2588	0.00532652275655785	7.73637944778909	0.0597064927636369	0.952489656731481	0.969031231013922	-6.75752084789613
25880	0.0458767961882712	7.62450585182889	0.803960777013859	0.423024389517302	0.553928576000779	-6.43858044671629
2589	0.156126431802819	9.98170589522059	1.86561975494785	0.0645596889509276	0.130733765808939	-5.05272810109702
25891	0.559263617705922	8.93291001663799	3.93236401998263	0.000141891793844616	0.000883214933802958	0.467730216719179
25893	0.1652065283238	6.87356512683171	1.18867666998662	0.236936063380845	0.359718551738919	-6.06047168118486
25895	-0.126168345713575	7.78335800827951	-1.45300433777977	0.148857181163446	0.249859848894547	-5.7181842009347
25896	-0.0580292678832997	7.55066110524531	-0.771278335888777	0.442072331047894	0.571531922750916	-6.46406115936794
25897	0.319071133400242	8.09896160872182	4.71762018738974	6.56343294068252e-06	6.46866140261541e-05	3.37910688726542
2590	-0.475983206445617	8.29405765245209	-3.31135842887185	0.00122996092926173	0.00519135272136021	-1.54381257738065
25900	0.0421835480199099	9.13963442538712	0.490505044363318	0.624680722082155	0.730651764995553	-6.63970755363307
25901	0.192995662061632	10.6612181646748	2.45437680441551	0.0155616325718205	0.0415312067991074	-3.83647310617498
25902	-0.922156716291151	8.76720124218919	-6.4703563898802	2.27793520003099e-09	7.93913280685908e-08	11.0472547383306
25903	1.18576319710059	7.39428469578592	8.06218435013554	6.6634006282673e-13	8.09407193963058e-11	18.9534683651768
25904	-0.323108456637576	8.14985828193393	-3.44045315107564	0.000801892012019131	0.00367979334404334	-1.14858206237599
25906	-0.203816546491933	8.83483158783707	-3.0027327514813	0.00326240000158227	0.011701009124216	-2.43725322840577
25909	-0.121330939878565	9.42300573493915	-1.869545491607	0.0640073736770825	0.129742553760172	-5.04564300172855
25911	0.219330943883744	7.55193381366576	2.23348881556296	0.0273876577097692	0.0658004807104984	-4.32858348720362
25912	-0.0476025939282508	10.9479774354205	-0.800483286748713	0.425027707077122	0.555605089575759	-6.44134138425425
25913	-0.0209550115286159	7.88590581381686	-0.291906144119873	0.770867180716184	0.842330518910875	-6.71691358998664
25915	0.212737662265998	12.0219345410019	3.34601942662133	0.00109774261587661	0.00472997079141409	-1.43891889159094
25917	-0.170373762393035	8.39729984175883	-2.94674616100759	0.00386568248936826	0.0133880659799505	-2.59135035069967
2592	-0.631573475972861	10.0718368270891	-5.56300496677574	1.66150210358075e-07	2.95776021025367e-06	6.90335525271409
25920	0.22064178612676	9.01439144358039	3.03251170779524	0.00297811964438901	0.010812865170397	-2.3542772384786
25921	-0.125326520640282	9.87630282843738	-2.28176242541223	0.0242825172265	0.0597834850345424	-4.22465040655535
25923	-0.0326814156166971	8.78138487893896	-0.366139344067995	0.714911888411484	0.803315494256409	-6.69263125998065
259230	0.377578923812323	7.92582237673925	4.67272756068662	7.89852300037402e-06	7.57744482962711e-05	3.20260203691963
25926	-0.0441719158465026	10.4393903151749	-0.651219654230915	0.516161587745535	0.637961202271154	-6.54866797155188
259266	-0.200060037538867	9.25850394335628	-1.80917701071388	0.0729505821578678	0.143503645778516	-5.1530408515633
25927	0.793604846181112	8.8262655448241	7.49055781940031	1.32795194091642e-11	9.93637783738871e-10	16.0417762490323
25929	-0.138173727125727	7.29200868206639	-1.64662129605357	0.10227706462546	0.186863205885047	-5.42559505215173
2593	-0.0534774513965869	8.55838324762743	-0.525696913020288	0.600078064011507	0.711037843743372	-6.62195305088812
25930	-0.0948893309054832	8.71694352864012	-1.35589689114805	0.17770206801584	0.286739418208799	-5.85165323200926
25932	-0.0701145392932455	12.1903736721462	-0.637021160936177	0.525335925955524	0.6456553339461	-6.5577367320343
25934	0.345455658202003	9.29437158489589	4.17871856188891	5.62519982925499e-05	0.000397809508472999	1.33943587151647
25936	0.134515754538499	9.24542953758523	2.49384845221256	0.0140112993433384	0.0381203335230484	-3.74411511663418
25937	0.101663586414399	8.4747020064887	0.913808152071896	0.362667346158426	0.495555381185872	-6.34528442985223
25940	-0.00302897581687307	10.6615862136454	-0.0368016321510298	0.970704900347082	0.980677895898593	-6.7586206747074
25941	-0.0872083142573415	9.41796492743348	-1.22548932496453	0.222813315685115	0.342470782947349	-6.01679556220011
25942	0.0734353275895966	9.45914234173982	1.28059437243339	0.202829100540784	0.318487445558462	-5.9489920946907
25945	-0.134625824835513	11.5714857705905	-0.934653082256996	0.351861793125991	0.484477148061458	-6.32625167670733
25946	-0.176527323270107	9.01454460621161	-2.10635265846016	0.0372771243417873	0.0843817613217766	-4.59250481914929
25948	0.339406828932408	9.45939212604978	5.93186832014402	3.01822376786091e-08	6.94443685864376e-07	8.54797005961684
25949	0.0514402609483152	10.6263411231884	0.864974237250101	0.388795072393804	0.52024093600726	-6.38821490562239
25950	0.10148374557235	8.2046248396052	1.32540254453557	0.187579280863486	0.29957557229938	-5.89172163293873
25953	-0.0338829603937644	10.0109671468841	-0.362130274598428	0.71789762573244	0.805137052077386	-6.69408232579313
25957	-0.0628472089502361	10.4482430656621	-0.597104861944689	0.551572950222043	0.669408252840739	-6.58216783138567
25959	0.462225881382375	8.97173346634098	3.500524215154	0.000654615625765308	0.00309509162496934	-0.960462982980868
25960	0.803896227542342	8.56651250547036	5.04074878996858	1.6779281123419e-06	2.07791397420452e-05	4.68260556295868
25962	0.0599004525331897	9.50305054266778	1.22964396655765	0.221258573827601	0.340488744723609	-6.01178475994869
25963	-0.0207601438295384	11.6769793678815	-0.428543586670603	0.669030911474885	0.766250045588263	-6.66799003603359
25966	-0.462062683595968	9.55485186953345	-5.81427702264088	5.23032187280096e-08	1.09097117851858e-06	8.01732481010511
2597	-0.239187379028349	14.1897109734017	-2.55445732481874	0.0118985988244085	0.0335206092392954	-3.59972425417197
25970	0.154351689442043	7.39424751678175	2.15536761512909	0.0331489750354549	0.0767836606261518	-4.49244595477118
25972	0.0163985867489184	11.4749284123439	0.222622710128416	0.82421120795768	0.880540485644804	-6.73464044381978
25973	0.0187340466650096	7.57221153677345	0.3430378804703	0.732175833820013	0.8147928877058	-6.70077399874352
25975	0.706243491855411	11.833631830061	4.00740500100591	0.00010746785030853	0.00069786512857583	0.729018062014348
25976	0.280781944779176	8.14981188148431	2.67731455271883	0.00847072814180499	0.0254244965302722	-3.29755968756818
25977	0.0357442330358739	8.81756870892253	0.607417838321854	0.544732187199849	0.663347761502396	-6.57600613621081
25978	0.0537092333090038	9.91589973674597	0.762535806816939	0.447250689424721	0.575708755083193	-6.47069981149418
25979	-0.386228659407764	9.26128643747241	-4.20873251985482	5.01289747203499e-05	0.000361313552521894	1.44833558276357
25980	0.0190695793383821	9.05452588194797	0.322437572122188	0.747687602836311	0.826207304271295	-6.70758855569893
25981	-0.0674874499144117	6.66085173421656	-0.785791715468501	0.433552964558786	0.563871435562207	-6.45287501338904
25984	-0.0755037142655934	12.5435789847808	-0.781261051665294	0.436202094880437	0.56660313000667	-6.4563891666155
25987	-0.0452204102432679	9.92362769536278	-0.427414062969436	0.669850969153911	0.766763997396246	-6.66847033541753
25988	-0.0418622475979114	7.80102312021578	-0.505671392008181	0.614023706665517	0.721602437040586	-6.63220616663591
25989	0.0936323976249984	7.88874733348758	1.05661197798072	0.29283122970024	0.423308707967095	-6.20643515010218
25994	-0.162705046659671	11.5754873942017	-2.21073894743821	0.02896761829886	0.0687367213871255	-4.37685646831904
25996	-0.0647273761855373	12.0848386284895	-0.970055826624048	0.333988235675389	0.465374970762266	-6.29295800547887
25998	0.0170359618623763	9.96894714584669	0.188836888079854	0.850542668724102	0.899671364645246	-6.74155470644496
25999	0.345697167555511	8.13393908248018	3.07702090812836	0.0025956474490472	0.00966203151380345	-2.22895461766933
26000	0.0392348070025525	9.75853957182211	0.507934121088386	0.61244072211354	0.720826498241356	-6.63106750763699
26001	-0.195885851832199	10.7443414467322	-2.61541470345957	0.0100667615019042	0.0293925238620463	-3.45137905911833
26003	-0.175535486763289	11.3221487119745	-3.29667520338256	0.00129034411937536	0.00541027534316774	-1.58797517566923
26007	-0.0149429128066882	7.26631606825966	-0.176804485445983	0.859962838459953	0.906957743319613	-6.74374310152925
26009	0.0238975140649192	9.09412758706192	0.496379040876284	0.620543606846014	0.727151396304167	-6.63682921870907
26010	0.41983860880819	9.75479901016735	3.8398667122144	0.000198881892590794	0.00116096426346287	0.150886453376811
26012	0.201627653868083	7.16753808239982	2.05123169191882	0.0424418045112319	0.0937852609049693	-4.70247676036144
26015	0.0689524129319881	7.63062500838423	0.693330861399987	0.489454372766151	0.613986112129168	-6.52060424799805
26017	0.371790151945777	9.58492055098525	3.91898193683114	0.000149044972818081	0.000916005562111124	0.421531629992125
26019	-0.0127728496050147	9.46566618595244	-0.214483701309414	0.830537362821498	0.88473544195326	-6.73640983452705
26020	0.0878434719626598	10.7523332067131	1.19906874106495	0.232885872533926	0.35491463231185	-6.04827372598033
26022	0.273578431972879	9.39139290691186	2.24586166945077	0.0265603929122923	0.0641487852209166	-4.30213897021455
26031	-0.291847315312403	7.72246719236579	-3.72314487163568	0.000302169514065656	0.00162389081729494	-0.240548889375787
26035	0.707147283229414	8.68406617266038	5.83400277459841	4.77135146598958e-08	1.0157567811617e-06	8.10593571123042
26036	0.150604828062239	8.94109873979981	2.87037564601132	0.00485456014903292	0.0160780540621539	-2.79751202693299
26037	-0.182139837200034	8.50781732826726	-2.18438386215012	0.0308967712614117	0.0725226855979711	-4.43221062461941
26039	0.0131935897570195	8.75610328342674	0.208656894347984	0.835073194437722	0.887621230994156	-6.73763611980046
26040	0.354689236108315	8.29011610698505	2.51583427539593	0.0132089771726149	0.0363444874902727	-3.69209695781067
26046	0.0112032302283576	8.44102035595188	0.14879498735144	0.881967523988457	0.922158449132235	-6.74827971812791
26053	0.473635612885659	7.3553473771977	3.79985500334325	0.0002297707356827	0.00130619840105926	0.015641033373365
26057	0.119590392656853	10.0765805173567	2.27122645950231	0.0249325461501558	0.0610743864769534	-4.24750803627874
26058	0.0842773083078481	9.08434496423414	1.39055184592577	0.166959118974193	0.272591606114628	-5.80504617738562
26060	0.146869891709664	9.37598290826822	1.93990523406382	0.0547597869389637	0.11479343525178	-4.91628492393059
26061	0.0149203899829524	9.65535673942872	0.20609072443126	0.837072582126385	0.889174322063264	-6.73816548090826
26063	-0.0559125274514499	8.95567946112782	-0.470330547543405	0.638980633412773	0.742958900899423	-6.64933341947503
26064	-0.0501716055415446	11.3141848254386	-0.566982675301727	0.571794995730231	0.687847800750114	-6.59956429472566
26065	-0.0163005955825037	11.2086457115131	-0.269872560971187	0.787726214677157	0.85422325498665	-6.72306819068045
26073	-0.0352024542447428	9.25745196191352	-0.570637626217586	0.56932238092235	0.685510621926911	-6.59750117346397
26088	-0.00350922758464502	8.14087137521006	-0.0377030188548075	0.969987710713677	0.980073209846479	-6.75858726049178
26090	-0.214296206228918	10.6793402535387	-1.92930615550301	0.0560761739959474	0.116819469661167	-4.93605870236251
26091	-0.0389759359015165	9.10221648968053	-0.630963271306025	0.529275783016893	0.649504972176428	-6.56154556387858
26092	0.257042785810979	9.07474156963254	3.79783164995937	0.000231448053822212	0.00131302261302986	0.00883112569591926
26094	-0.203168107265575	9.38492947542485	-2.34261423212164	0.0208115229806568	0.0526825558750306	-4.09074347942009
26098	-0.0256731253451243	7.81122748105812	-0.275289973195315	0.783571383918351	0.851506332214917	-6.72159965400853
26099	0.0174475689382098	10.7468353554405	0.269245916398331	0.788207211007069	0.85440834159034	-6.72323617877268
26100	-0.0897160093599262	9.93348381685558	-1.29868606980405	0.196565227082423	0.310504642513064	-5.92609895421173
26112	0.109700016189229	7.38052737188727	1.04446812147499	0.298388115593349	0.429687209693352	-6.2190120757887
26118	0.0766270252776185	11.4902872448967	0.789327117284303	0.43149233456353	0.562165092033874	-6.45011885599549
26119	0.283625605743609	7.95225712496131	3.1295464641755	0.00220296214002516	0.00842819234673821	-2.07906623783876
26122	0.168859210745769	7.69774240012549	2.47693205503891	0.0146579848480896	0.0396187679467344	-3.78385954739321
26123	-0.387538330717094	10.4452098497455	-4.53287469130224	1.39637795531688e-05	0.000124022386138897	2.6602156457535
26127	0.255422182264405	8.99468710009081	3.78785793041856	0.000239887493369941	0.00135020960437717	-0.0246955760268754
26128	0.237645296124432	8.87401561210245	3.73525937102839	0.000289450584467668	0.00156983705036306	-0.200362782631995
26130	0.0357552241410308	10.7372358054326	0.740623672221672	0.460382011233949	0.587570366624292	-6.48700948266755
26133	0.0201842552691687	9.80798740129699	0.300434319067783	0.764370656924033	0.837583128972209	-6.71440202311578
26135	-0.0527667064971504	10.5535114574319	-0.814717995634328	0.41686290659206	0.548372891571679	-6.42996486867003
26136	0.0083506155961817	8.26235401292219	0.070635562030086	0.943806498159916	0.964473793740061	-6.7568120967307
26145	-0.0206158236200549	7.73203174771101	-0.230265453786369	0.818281283724448	0.87585893528106	-6.7329190020946
26147	0.398643803460148	7.65671100570317	4.23694995854629	4.49596360088158e-05	0.000332467854460894	1.55124021078171
2615	0.109882078593324	10.5080263559707	0.757836368086474	0.450048626128351	0.577774580637268	-6.47423737178504
26151	-0.0119366388259931	9.45913097231829	-0.210871730980152	0.833348409078198	0.886244091539323	-6.73717397046958
26152	0.0595612071252637	7.91550971318571	0.772898215981141	0.441116676321906	0.57083248416402	-6.46282287438243
26155	-0.0399977242006565	7.66675148060553	-0.473879787066172	0.636454815998063	0.740543284989999	-6.64766915751808
2617	-0.205521324758235	10.0791011907297	-2.38666130159618	0.0185798885718829	0.0480193615781454	-3.99181508968027
2618	-0.159675984816709	9.74457771076858	-1.98477092842402	0.049472991400358	0.106280080355516	-4.83145914049382
2619	0.432737554444268	9.54967467103481	3.581652790442	0.000495780270313559	0.00245920024386979	-0.70222354362271
26190	0.0782126050173392	7.27791263578338	1.00412015430452	0.317360222236337	0.448584932816369	-6.25977356477853
262	-0.0976308155006078	10.5922819715982	-0.94290359920054	0.347642527440256	0.480188507802092	-6.31860160032021
26205	-0.235705452323556	8.86468717128768	-4.37314519300767	2.64134844418888e-05	0.000211820758728157	2.05495612959531
26207	0.289525953776564	6.99743309543052	2.44240795625968	0.0160610336546444	0.0425751405607712	-3.86421591917272
26224	0.291090687324076	9.85773009689328	4.41627451649761	2.22689908815758e-05	0.000184743699655264	2.21686243413164
26225	0.208834915623315	11.0816164658592	3.41266794230562	0.000880074363127952	0.00395506759490581	-1.23469567854919
26227	-0.241697330957312	10.9653112251809	-2.22002451564273	0.0283133918187533	0.0674556147744166	-4.35720827699805
26229	-0.201085012287446	8.3992730959383	-1.86407348345396	0.0647783259051685	0.131011734025254	-5.05551493171509
26233	-0.196467892053243	7.3942243641967	-2.55555157022979	0.0118632366855909	0.0334379978919336	-3.59708885324149
26234	0.14098989351552	9.84489663797928	2.25195824949234	0.0261608666971593	0.063369137512767	-4.28905944807
2624	-0.574971264229757	9.84511949999008	-4.92994077488016	2.69484340412991e-06	3.09205164083733e-05	4.22920333297499
26240	0.246985289337697	6.78719593614326	2.82798836851436	0.00549864182950404	0.0178412222127868	-2.90990703210288
26249	0.77828227767599	7.7121901169366	4.2649814838966	4.03334389869752e-05	0.000303266676198935	1.65396588798261
2625	-0.433830930362807	10.7624048039085	-3.6663685119657	0.000369169357039091	0.00192752142170853	-0.427511692837127
26258	0.140940896427753	9.99077393122402	1.34749434618276	0.180383698945778	0.289933713425205	-5.86278205995768
26259	-0.0579413144985709	7.62208741594289	-0.620778410431113	0.535933824847217	0.655738704112043	-6.56786770263451
26260	-0.00761666767746299	7.82355133104964	-0.11677795819699	0.907233070584828	0.940858150505722	-6.75250971969982
26263	-0.146183698814353	8.75412436806186	-1.65158282447146	0.101258837200104	0.185454100947418	-5.41763748163293
26266	0.145161532347967	11.2992726765835	1.26243266816138	0.209264086530163	0.3263208145628	-5.97165964578053
26268	-0.380164345409141	9.34253585977683	-4.14532115565192	6.39077287885659e-05	0.00044434161598784	1.21893869554051
26269	0.522004817437622	10.333699901927	6.95915056642528	2.00748113701879e-10	1.04572381394024e-08	13.4028789518824
2627	0.357830302065774	7.64143520428304	3.23939911358443	0.00155336989338353	0.00630507878100637	-1.75868253060792
26271	0.505586477392114	8.34764093755942	3.45427138388705	0.000765486173748235	0.00353828527988832	-1.1055435188166
26272	-0.0891126047052882	7.89603533706799	-1.2967432173869	0.197230942087881	0.31131809318668	-5.92857238935533
26273	0.0287965371863316	8.13803670146205	0.352821574068937	0.724847020765386	0.809195349577252	-6.6973900926362
26275	0.172415668289349	9.3368406568574	1.78929909094123	0.076112996295151	0.148486856258372	-5.18767516784788
26276	-0.0425661693880566	8.55970058944785	-0.640029738264529	0.523384906074113	0.64409405902446	-6.55583168961042
26277	0.204296703997741	10.4118433217393	2.94485773503103	0.00388771586828175	0.0134474594103883	-2.59650452040771
2628	1.14205359455338	8.76943364665735	7.00136064234653	1.62228041837304e-10	8.87419619586844e-09	13.609720974355
26284	0.0109091253770615	9.92707111494624	0.16863711863326	0.866368675914463	0.911663508880164	-6.74514652296629
26286	-0.0247724011122333	10.3269153196267	-0.291826898478102	0.770927625007411	0.842330518910875	-6.71693658937764
26289	-0.369929930437975	7.98819385454505	-2.30149476619387	0.023105033207736	0.0575117248219664	-4.18158113084064
26297	0.208386933966684	7.30516545184049	2.00181155974295	0.0475818604327909	0.103129406238482	-4.79876585097771
2631	0.226191288154239	9.22252288053259	3.29706651135823	0.00128869958903423	0.00540612422824922	-1.58680035432674
2632	-0.203770411008055	9.95650920537202	-2.41925894343595	0.0170675662707514	0.0448118554979041	-3.91752567185471
2633	-0.29381774968812	9.61653695570271	-3.08599649475524	0.00252425316755704	0.00943027189688881	-2.20349417272051
2634	-0.505288488928319	9.16243638663335	-4.28082196355406	3.79251882949806e-05	0.000288720788310175	1.712234506721
2635	0.588359604340796	8.05460687902788	2.64693824510244	0.00922287410273331	0.0272561503000276	-3.37344280531329
26353	-0.218619052338883	12.798059762495	-1.88174828541604	0.0623157246497108	0.127005832727933	-5.02353005504006
26354	-0.412930209795032	10.9477667052021	-4.85872427274031	3.64203527323628e-06	4.01109484759089e-05	3.94128835358071
26355	-0.333684741160564	9.35977949798457	-2.6025860615952	0.0104296767944005	0.0302596172538631	-3.4828577741516
2639	-0.221379960365554	8.1702334174196	-2.61983448472144	0.0099443908610613	0.0290969424415042	-3.44050197391485
2644	-0.243168756871392	9.54315917985771	-3.40426207518837	0.000905102130723711	0.00403519009135482	-1.26063502416559
2647	-0.185972224908266	9.93929161649033	-2.13015352048639	0.0352202506215929	0.0807660383493495	-4.54418389662691
26471	-0.266043897492095	9.95615285863067	-1.7342891878965	0.0854589867428989	0.162535397305168	-5.28163055798564
2648	-0.0664773120272454	9.53328435881063	-0.801519678138963	0.424430074961761	0.555146758100422	-6.44051978430351
26499	0.0974276172309656	7.08177750286701	0.848733684691136	0.397735338113413	0.528352186043229	-6.40197653523453
2650	-0.91003518819922	8.57289169565179	-6.26902117620968	6.05896655718946e-09	1.77471857313422e-07	10.1001142672209
26502	-0.00877320050359449	8.79746163036153	-0.104851039546858	0.916670715052226	0.946462513291423	-6.75382479654879
26504	-0.375481384462462	8.15758205712329	-3.7670792566092	0.000258417986068354	0.00143065185316663	-0.0943216926851891
26505	0.0212321796497323	8.80466389244928	0.309512516625523	0.757473557536892	0.832122833522373	-6.71164913048043
26508	1.05996636611797	8.34593441279958	7.2024907284404	5.83970210986419e-11	3.62676236296829e-09	14.6021282340848
26509	-0.326958903540501	11.8748897120876	-3.57576856545163	0.00050595003026915	0.00250098578696779	-0.721113692979281
26511	0.163762193097767	9.05571598033734	2.67091980196384	0.00862428963111747	0.0258197290152339	-3.31359814693036
26512	-0.0534946146469091	9.05847942566317	-0.895432625433755	0.372365405030346	0.504644747385205	-6.361711454486
26515	0.0247316813907911	8.21474196220853	0.373210227158099	0.709656655651932	0.799149826269251	-6.69003313669415
26519	-0.0524938288202802	9.93225183816345	-0.475045260008565	0.635626337390267	0.739891987999381	-6.64711994111575
26520	-0.214902186804887	10.3026994929219	-3.3089498405049	0.00123968134313574	0.00522170723829741	-1.55106802314736
26521	-0.0749679001152445	10.3693536539319	-0.92882681089493	0.354861013017468	0.487631337135964	-6.33161402952517
26523	-0.19919337421653	7.53963019836315	-2.14117000776241	0.0343018974255591	0.0789230286170246	-4.52164791520582
26524	0.0655834797925867	8.64626541259515	0.750347318868848	0.454528124585851	0.581897444060621	-6.47983008867347
26525	0.268147639171551	7.64171236397402	1.80560381499218	0.0735108846000611	0.14426227293811	-5.15929330113515
26528	-0.799546569673801	8.89857079448647	-6.76863816574116	5.21833248420197e-10	2.21125584815726e-08	12.4758302790569
26574	-0.216096735954197	9.84719919323934	-3.53085610697198	0.000590316580693526	0.00282995644604093	-0.864472648358367
26577	0.159409902346381	11.7158678048112	1.38796070622878	0.167744869979722	0.27345029130304	-5.80857035433429
26578	0.0824134082741679	11.3746309146414	1.1608839671819	0.248014948914301	0.373761962576105	-6.09258455813167
26586	0.0449767125579206	8.88829302771863	0.377775800547696	0.706270820417155	0.796617500646423	-6.68832922353885
26589	-0.102218914156625	10.5345837992657	-1.0499455401685	0.295872944047748	0.427032164934719	-6.21335698718073
26608	-0.240737182780228	10.199954498189	-3.1197546701988	0.00227170528092167	0.00864713623060505	-2.107171375422
26610	0.057254567285447	7.91587555698941	0.628476360049118	0.530897585738617	0.651011588212734	-6.56309871641941
2664	-0.692736553895741	9.12211144458659	-5.14977385033341	1.04649578208719e-06	1.37863718660928e-05	5.13500499216505
2665	0.0326042580049229	11.8386879514094	0.65383455371221	0.514481194191964	0.63645569327926	-6.54697615940977
266675	0.0503554762010739	7.24045868255781	0.512509236004147	0.609245609520345	0.718396678749186	-6.62874973830227
266812	0.0339428439240439	8.06564414547439	0.361146671434267	0.718630829118986	0.805740552263177	-6.69443590163817
2669	-0.842539738287088	7.14697901508729	-5.49838484481087	2.226903097635e-07	3.77704714301131e-06	6.62145042043961
267	0.471527948721479	10.2577359168104	2.77077674653964	0.00649191894923776	0.0205060231436726	-3.05929416745616
267002	-0.0598301492350029	8.17795926727799	-0.844956827885743	0.399832309619849	0.530796348032779	-6.4051399766787
2673	-0.140942202090832	10.3429097776035	-1.83739632817872	0.0686488097101583	0.137065305343463	-5.10325175334423
26750	-0.0214561018226248	8.24262678703622	-0.283825899109069	0.777037545400833	0.847192466342514	-6.71922661389401
26751	-0.00759791026610702	9.81227385070549	-0.0742240587181336	0.940956855955913	0.962276046823801	-6.75655346468221
2677	0.0274099508861435	9.05755376109996	0.447918226106083	0.655027440951316	0.755238227562516	-6.65955478781488
2683	-0.164992147638999	10.2879866311447	-1.33640093917809	0.183970581467362	0.294799766070289	-5.87737208035
2688	0.36141401648446	15.3738017868343	2.09336202293474	0.0384428587323035	0.0864284194689239	-4.61866629254238
2690	-0.171831806804029	9.32396638738169	-1.77598362694919	0.0782940718672226	0.151988022003116	-5.21067273346705
26953	0.0688436715526967	8.48132772697829	0.992018119228595	0.323203613125003	0.454661876918776	-6.27169198603692
26958	0.252490273854518	7.37554504914255	2.14381322335348	0.0340846617913325	0.0785544939722116	-4.51622480431834
26959	0.0992835392269127	9.82405982647024	0.923522410735435	0.357605756358192	0.490318099213607	-6.33646732931265
2697	0.552994498010041	11.6045172940847	4.77258271073599	5.22444662761393e-06	5.38078917008616e-05	3.59676192530384
26973	-0.0445011908939195	9.4093193541273	-0.459281668164497	0.646870652082623	0.748451408656816	-6.65443450784964
26985	0.0948844160366927	9.83644513419468	1.44348596563498	0.151513724713259	0.253238236772869	-5.73166078514206
26993	0.155294627252627	8.08022680256514	2.10087983898509	0.0377644689948576	0.0852979255940726	-4.60354467369445
26994	-0.289571950084618	10.9370446361508	-3.21818374932396	0.00166289801601509	0.00664837251320653	-1.82127935896981
26995	-0.270507713706147	8.46695612417868	-3.14418972311292	0.0021037542999669	0.00811630570655143	-2.03689716743821
27005	0.0346839579747792	8.47266011121574	0.555704588351628	0.579457165483764	0.693870134371686	-6.60584735395004
2701	1.37193637459905	7.70545108858342	7.72785255242299	3.86537064607983e-12	3.58741140860892e-10	17.2423001790839
27013	-0.0103598726227921	8.79839544053646	-0.10685326562122	0.915085506630733	0.945534936798831	-6.75361391275659
27018	0.200528165557631	13.6253419185419	2.60964412738062	0.0102285750454326	0.0297912658234391	-3.46555585489258
2702	0.150925331946094	8.94042892248751	1.0286692651558	0.305723583974655	0.437428859108028	-6.23516071256588
27020	0.279610489481024	11.1363767621306	4.19070236384008	5.37257725933082e-05	0.000384553623588151	1.38284769975432
27030	0.0791806540420277	6.8530062912576	0.950145119734645	0.343966223208964	0.476225444804901	-6.31183252312237
27031	0.28196535346672	8.86847310530579	3.8803762092379	0.000171658002072227	0.00102449067710737	0.288933112583597
27032	-0.368901621759814	8.70374222170927	-4.00087442676136	0.000110113679708402	0.000712246667495223	0.706129740592666
27034	0.0656557543979196	8.04843465461277	1.08721929089902	0.27913940814673	0.408014778144043	-6.1741037901071
27040	0.0537939672103928	6.44856238305848	0.553491300232157	0.580966549949152	0.695475898924637	-6.60706564492689
27043	-0.169044132158925	9.27488476190397	-2.54890780769285	0.0120794008189011	0.0339373642054841	-3.61307426713194
27044	-0.148551050393094	11.952822221222	-1.96614319781658	0.0516129250355028	0.109908776991269	-4.86689829661183
27065	0.72100759085503	10.1016532802529	3.42567209864119	0.000842632088939292	0.00382005546357769	-1.19446348010302
27067	-0.0515228253818026	8.03897787805319	-0.692448053690295	0.49000641985775	0.614460760289208	-6.52121046541024
27068	0.0401515425386504	11.0536532804056	0.251922764080536	0.801535781624582	0.864432113359323	-6.72772565375599
27069	-0.0241636106307824	11.8075345064024	-0.438150019988983	0.662072677643379	0.760495107402907	-6.66385408872311
27071	0.150415397879624	9.91785500214087	1.09611012315846	0.275246172711255	0.403512947465204	-6.16454255517342
27074	-0.365130588809838	7.4165907722401	-3.69177848750258	0.000337608627039658	0.00178988912666725	-0.344118408184706
27075	-0.0775284318722814	11.4057549822704	-0.828097668629501	0.409274599961302	0.540464939357371	-6.41909096243502
27076	-0.946629636256285	10.780931830837	-5.95566888917934	2.69857402245411e-08	6.405236041802e-07	8.65606873652218
27077	0.0696436498880055	6.90723903074145	0.710081962910668	0.479043927697186	0.604938517471145	-6.50895624258367
27079	-0.232342125567475	8.95457686524147	-2.51374053648546	0.0132835711805132	0.0365132439104956	-3.69706837940962
27086	0.0378587036270883	8.58655919978211	0.380555213989547	0.704212477662681	0.795078603812704	-6.68728180077508
27089	-0.031527611425771	13.3303746254731	-0.503083745763467	0.615836235143133	0.722823622524011	-6.63350212748125
27090	-0.335126609741739	7.89893933409314	-3.22733817515025	0.00161478244399693	0.00648109960515775	-1.79431103886739
27095	0.1106740613734	10.7191135089238	1.64589660079987	0.102426478097996	0.187053439993245	-5.4267554448315
27101	-0.388712536908404	10.426423644114	-4.01124870320854	0.000105939105355788	0.000690108052238811	0.742502683986573
27102	-0.0605170803478515	11.791931071582	-0.877902425610235	0.381767540827488	0.514336957630901	-6.37707596347773
27106	0.0482758915237389	6.78753880139913	0.439664916445521	0.660978064331063	0.759554648215718	-6.66319352410779
27107	0.100264055904065	8.81244076055414	0.635007395540659	0.526643926431385	0.646544187448776	-6.5590068755996
27109	0.0209784020683242	8.74310422408058	0.315118269533829	0.753224329597544	0.829772334285905	-6.70990837294837
27113	-0.142818139729029	9.66882920074159	-1.64077186475588	0.103488091822794	0.188741805797367	-5.43494732566648
27122	1.27348980321326	8.27002231297226	6.32442904381034	4.63531630107505e-09	1.42864599428657e-07	10.3593223917752
27128	1.29729236329479	7.36052665518762	6.60474016999443	1.17680602877051e-09	4.45890724662589e-08	11.6872597981923
27129	0.0989082343782445	7.06840326119376	0.770109409909307	0.442762688293224	0.571797968308634	-6.46495312397749
27131	0.0501185582404824	10.6264254638645	0.692091918905088	0.490229217991743	0.614646833729781	-6.52145480362577
27143	0.181608679641495	7.27978090153747	1.82749645994884	0.070133273788588	0.13935550673412	-5.12080160686132
27147	-0.193966750532451	9.38899639983384	-1.56886284169997	0.11933792466321	0.210886828026449	-5.54731563779437
27148	-0.0147239669912473	8.08845989185808	-0.229940813164693	0.818532957565811	0.876014800400829	-6.73299330423495
27152	-0.12688040948598	6.95221710399444	-1.70572225497857	0.0906713150390245	0.170408432815095	-5.32932265663477
27153	-0.0827197635271166	9.31462941769924	-1.07404016232058	0.284979944366887	0.41479019215339	-6.18813624616904
27154	-0.22826763078151	8.17615485337814	-3.60013739379232	0.000465074218486652	0.0023423860028657	-0.642720394560294
27163	0.345199427680977	7.91080800202585	3.499900469056	0.00065600462367009	0.00309988454892159	-0.962429895517501
27166	-0.255948533483864	10.9770592204759	-2.76084025690531	0.00668023014244046	0.0209725203255638	-3.08496702233006
2717	-0.498056882017454	11.6492699068426	-4.73337403871999	6.14893995860395e-06	6.11194272660273e-05	3.44131858905705
27173	0.0333857055451676	10.7937969027957	0.3657659960212	0.715189752136399	0.803409132686884	-6.69276706481887
27175	0.35741972369771	8.07089225584659	4.08357842315117	8.07663762174129e-05	0.00054459613678027	0.998071136412541
27183	0.108949019099453	9.39966207386919	1.95794044735488	0.0525798374040998	0.111506687601536	-4.88240477779148
2719	0.822750681931237	12.1750237674299	4.74832012008807	5.77921568178933e-06	5.83573612855499e-05	3.50047032319241
2720	0.394462487429301	11.2664707842805	5.03144592643687	1.74642838302692e-06	2.14346187872249e-05	4.64428986870008
27201	-0.139093932178207	6.57578171158032	-1.31176534120848	0.192126961583267	0.305142449806987	-5.90935418498376
27229	-0.101112846117767	8.22342790194893	-1.7693443030669	0.0794006944972329	0.153415143051963	-5.22207890547567
27230	-0.218534354981045	11.0785608028748	-3.67491272112102	0.000358257605563896	0.00187886210917954	-0.399521310578434
27235	0.0714879979616628	9.08614856621062	1.11815123490974	0.265756920193447	0.39255224620849	-6.1405105674504
27236	-0.160537781607307	10.1859874568343	-1.66483236258548	0.0985797385390823	0.181878186359799	-5.3962751826414
27237	0.320014938717675	8.19535941977825	1.98011879208004	0.0500002373685735	0.107189712085237	-4.84033909028108
27238	-0.19332483595215	9.47729943750235	-2.56271360923261	0.0116341060351436	0.0329167357651044	-3.57981474624598
27241	0.13657740889222	6.92116534172722	1.69049870673811	0.0935530792341166	0.174395945491718	-5.35443028723669
27242	0.147209375114012	10.858031750274	1.52118412527758	0.130869139209556	0.226407800958381	-5.61915791876482
27243	-0.0950435197326047	11.8336227394323	-1.48308731624284	0.140697561622453	0.239670418437092	-5.67502983346312
27244	0.323644924671068	9.86299598516669	4.52069229110816	1.466683270049e-05	0.000129431664643213	2.61351309440775
27246	-0.0511710072290783	8.85075082376718	-0.755889852441799	0.451210471908329	0.578911867749303	-6.47569629275185
27247	-0.204828364449802	10.6748280141281	-1.77446332733503	0.0785463421527468	0.152261449293385	-5.21328813962868
27248	-0.08099282940422	11.3113950406771	-1.05770332345686	0.292335310608255	0.422813809424651	-6.20529789933042
27249	0.130843342922374	11.827732952551	2.15907680952952	0.0328533587634498	0.0762485932526258	-4.48478742405635
27250	0.276793504948978	11.9324681670096	2.57777933571065	0.0111650502901005	0.0319443420146278	-3.54333676861547
27252	0.205232954286991	8.07417320387738	3.73691530833809	0.000287752001482011	0.00156267687852821	-0.194861740146525
27257	0.0869845539889916	11.4484629474999	1.93680034976726	0.0551426780868123	0.115411178353081	-4.92208796077796
27258	-0.055185559150069	11.3766988472991	-1.03623178976732	0.302197295749381	0.433939897744723	-6.22746090953467
27286	0.674156236973727	7.14790930418619	4.85462593881602	3.70541949735401e-06	4.07004854363618e-05	3.9248038771215
2729	-0.131980909096597	8.84600696974521	-1.40322309808974	0.163156915323034	0.267449120970086	-5.78772059355521
27292	0.207419581009693	10.2691616487858	2.80594005178983	0.00586370930039976	0.0188313525743787	-2.96779424251586
27295	0.855980641737607	7.66597229888139	5.48674553623624	2.3470791232236e-07	3.92446833154391e-06	6.57087927352348
27297	-0.0426454706729298	9.91559466621485	-0.45001758164474	0.65351732250209	0.75398837663786	-6.65861846056095
2730	0.161228466059129	9.41298976735796	1.90746900960907	0.0588725620714223	0.121754472386066	-4.97647768641206
27300	-0.126228829517388	9.39172659594583	-2.55378706233403	0.0119203060492635	0.0335588711543683	-3.60133802816261
27301	-0.1173336128249	9.4402655424928	-1.91571178936063	0.0578035417747068	0.119836765983705	-4.96127166610995
27303	0.310328902651458	7.68835774506065	2.54197365588299	0.0123087772294728	0.0343946210810032	-3.62971865804447
27306	1.5315731141177	8.20805724969704	6.53356075013185	1.67089811129935e-09	6.10691079616488e-08	11.3475097006328
27309	-0.0422203228383819	9.00732659826262	-0.564428430584584	0.573526034100098	0.689065460606082	-6.6009982705261
2731	0.191325846347922	11.249403397971	1.75546712409027	0.08175530919435	0.157009731212586	-5.24578868051779
27315	0.177586175138536	9.58563811549653	2.0104028691995	0.0466519832305983	0.101540284976217	-4.782184029319
27316	-0.134119551116799	10.7952001021151	-1.42728202487477	0.156120103344517	0.259126472412624	-5.75440644843388
27327	0.130515165589369	7.71926974711053	1.93160288676315	0.0557886812829054	0.116484961424873	-4.93178251681093
2733	-0.101719565832766	8.42805742832837	-1.70366656250443	0.0910561759690762	0.170882311796939	-5.33272554577304
27332	-0.0134580013341665	9.19682297815817	-0.130306143855975	0.896544463565662	0.932677237915915	-6.75084680652823
27335	0.0510967703144098	12.3610195772023	0.770296076581014	0.442652402756415	0.571797968308634	-6.46481077533175
27339	-0.26376021365776	9.3196387163072	-3.0339806762606	0.00296470703183503	0.0107831264125748	-2.35016599037847
27341	-0.214399392690568	9.49289941946614	-1.65289019916825	0.100991897276045	0.185170493118787	-5.41553683823381
27342	0.154453589908026	8.6940077660769	1.59047637613208	0.114383386205825	0.204459374607252	-5.51404804576353
27344	-0.617599533790243	7.71328412993052	-4.82622627213181	4.17501424310548e-06	4.44402289279011e-05	3.81082790600062
27345	0.370785234969424	6.81653342370451	2.94146872447548	0.00392754734850279	0.0135568496024376	-2.60574716230139
27346	-0.16224539736713	10.1067253139565	-1.53035951120095	0.128584521611415	0.223539528610947	-5.60549791058522
27348	-0.291889986227741	9.06498958196026	-3.69488248073561	0.000333933357711134	0.00177496109053666	-0.333900121040741
27349	-0.250825251210877	7.7898439462962	-1.73162360310719	0.0859347378890666	0.163289853011769	-5.2861125620281
27352	-0.122979658499926	8.93677519238068	-1.87758886116712	0.0628880810383269	0.127962406761203	-5.03108265645369
2737	0.304259740641071	8.86348482457598	3.12062947201949	0.00226548373609552	0.0086314094373381	-2.10466348579178
2739	0.0440719347839379	10.4683097571429	0.513722436272227	0.608399610601931	0.717911540510279	-6.62813165602141
274	0.691172318498596	8.80906829684559	5.20927469692091	8.06827404540546e-07	1.11258357597217e-05	5.38447437030479
27429	0.0771574933130729	8.44238197947706	1.03551319699462	0.302531181393555	0.434290503703643	-6.22819492767624
27430	0.255589665375149	11.2398567000368	4.23504327119432	4.52921649061069e-05	0.000334034350886595	1.54427090587413
27434	-0.283135003928585	7.96155066418222	-3.78121011250947	0.000245674161138642	0.00137298279499674	-0.0470039790189869
27436	0.158651434138293	11.5599485857231	1.85182835115716	0.0665316807845354	0.133906355575113	-5.07750728291945
2744	0.00698398340659535	8.07548312567998	0.0636803120767891	0.949331736482472	0.967192803224567	-6.75727689576998
27440	-0.308104311303613	9.16707673664592	-3.46926614204695	0.00072774142449026	0.00338846909035487	-1.05868156610393
2745	-0.154428234639263	14.0403643028778	-1.29605858541831	0.197465927832094	0.311540669896761	-5.92944313327897
2746	0.0271734289287186	11.1236893866232	0.459147834781826	0.64696647188979	0.748451408656816	-6.6544955559672
2747	0.330278790428265	7.62339127830908	3.35709956505414	0.0010583656531853	0.00458181357196573	-1.40519711981211
275	-0.308897840332797	8.80292593739347	-3.95083648800733	0.000132553735395738	0.000833252552792081	0.531700335567264
2752	0.381706445958654	9.87148139090628	1.82622603666986	0.0703256881421872	0.139502926045741	-5.12304724873619
2760	-0.206592896644707	11.4884816700979	-1.46869151034498	0.144557716152157	0.244481313557906	-5.69578712897196
2762	0.0624415927455271	7.98807104956492	0.844404788698884	0.400139373619077	0.531033294680844	-6.40560118936055
2764	-0.0200161303154411	10.6932005704346	-0.337864221648279	0.736061414031258	0.817406195200079	-6.7025250364178
2768	0.0477511540467479	10.1119092874487	0.521468455485242	0.603010633755978	0.713489161269786	-6.62415103999557
2770	0.202343870999184	9.5138789703723	2.00094016043548	0.0476770514285968	0.103276095917315	-4.80044400797286
2771	0.344275248115184	10.5802511310885	3.89949148116908	0.000160081019868523	0.000970647978423355	0.354461749502843
2773	-0.0296194855030866	8.83373248504043	-0.418150339964335	0.67659159132026	0.772980158271832	-6.67236179852952
2776	-0.167716602402409	9.61891771909956	-1.66875361770373	0.0977979322377433	0.180677906572078	-5.38992169834145
2778	-0.00871994966728537	14.5433186387172	-0.148528090388917	0.882177674982255	0.92226143467326	-6.7483191940543
2782	0.243951718662576	11.3553157653929	3.59059613750245	0.000480692277583347	0.00240346138791674	-0.673464976923786
2783	0.0895927365731622	9.43658567610459	1.13164308779616	0.260062159678142	0.385934861469899	-6.12556898061815
2786	-0.660640216338634	7.7436350963168	-4.21775353722939	4.84172801150247e-05	0.000351120925153735	1.48117884333671
2787	0.081289872676447	10.6836803179293	1.30240317860984	0.195296213249946	0.309150387398343	-5.92135669605837
2788	0.0387792505742866	6.78318728834324	0.34220314274087	0.732802280882219	0.815089387023977	-6.70105831452869
2791	1.06208656731376	11.3542118081275	6.90949800589448	2.57759896276561e-10	1.2450858147628e-08	13.1602253609102
2792	0.130663886335959	10.5052763391498	0.513749612375654	0.608380666004834	0.717911540510279	-6.62811779410632
2794	-0.117124810191149	8.89320314238974	-2.07833354140349	0.0398304826276577	0.0890150937512048	-4.64874430370903
2799	0.0774794873032203	11.0098449148105	0.644272953185348	0.520639654681947	0.641671672287807	-6.55312971944111
2800	-0.0103924709229219	7.5421382439454	-0.155396866144802	0.876772010825002	0.918842914761442	-6.74728070466158
2801	-0.241366580864904	9.1426639424238	-2.97767810295701	0.00352075344073479	0.0124067506060023	-2.50652158254185
2802	-0.182995903678279	10.2571666862071	-2.74607952352658	0.00696915811016275	0.0216736618938043	-3.12295471814201
2803	-0.0983000913092455	10.3737762470292	-1.22314132694826	0.223695473271989	0.343570957461255	-6.01962010907078
2804	-0.0645878621694464	10.9108867730497	-0.622428559020188	0.534852197998082	0.654663477037452	-6.56685032911201
2805	-0.0955400445973244	9.88448101687307	-1.14866679784364	0.252999440607242	0.378582496270981	-6.10646588621535
2806	-0.18863335362244	10.4033302624619	-2.44118692791635	0.0161127746508263	0.0426727241585595	-3.86703927975218
280636	0.159766355307873	9.34668289707952	2.41679556753038	0.0171779077392745	0.0450299961683299	-3.92317153650432
2815	-0.406796536698956	8.10339021564902	-2.48082921549929	0.0145066853381745	0.0393127365135569	-3.77472490101449
2817	0.112242959691765	9.49599926282176	0.977536101068377	0.330288933446778	0.462091224639294	-6.2857674733775
2820	-0.124212083239582	7.30285991267652	-1.4355116451985	0.153767355272597	0.256123886781942	-5.74288541374078
2821	-0.313772333823624	11.159820242932	-3.50220815105591	0.000650879546937552	0.00308095418779609	-0.955151463754494
28227	-0.14379265532813	7.17283166603624	-2.09397000993497	0.0383876082450961	0.0863512102681084	-4.61744523376179
28231	-1.14293324931344	8.67500524373398	-4.055425669851	8.97961096021063e-05	0.000598157955897901	0.898187546683166
2828	0.384079218198318	5.96842546031786	4.92851830483769	2.7111740078032e-06	3.10600517398813e-05	4.22342559587721
282809	0.266576291525491	8.01621083512574	3.82176264595206	0.000212334189595272	0.00122306862347068	0.0895555364246201
2829	-0.00525745255283365	6.87277211641414	-0.0457526633981204	0.963584157949508	0.976349993211843	-6.75825301313168
282969	0.52327625091636	7.16698311965066	4.22437724689034	4.71963347252791e-05	0.000343472885313485	1.50532704485183
283130	0.00700062445176392	7.44713578269959	0.0808961307323891	0.935660594143713	0.959473185304416	-6.75603853417763
283229	0.0664543309958925	7.41609622433422	0.760106062410448	0.448696050450793	0.576428803547852	-6.4725315351687
283232	-0.0580317277948173	8.57480176326056	-0.748976878210971	0.455350585161955	0.582696146308246	-6.48084756025284
283237	-0.359098266684189	8.4403462105399	-4.8901410023136	3.18990378185619e-06	3.56874603215679e-05	4.0679597249562
283248	-0.488077527727703	9.97994908101726	-4.11995125756626	7.03807323735681e-05	0.000484050665616713	1.12788537743447
283254	0.0771742149123913	6.93342196997113	0.871038471059468	0.385488785365605	0.517665634059548	-6.38301026750873
283377	-0.226666512197829	8.17326569043405	-2.53220653370224	0.0126384941258922	0.0351731676145114	-3.65309427880967
283385	-0.480393775227336	7.57256645504687	-3.85699445920578	0.000186904554624825	0.00110352510450397	0.209116872833906
283635	-0.0770242375996394	11.6064769937029	-1.26791685777007	0.207305359128695	0.323877863893138	-5.96484804784758
283849	-0.183089835809679	6.4858825255263	-1.73642561603543	0.0850792373920504	0.161999654416398	-5.27803356775496
283899	0.036843365032524	8.70407947872255	0.609035175020789	0.543663265597774	0.662339022689913	-6.57503031461285
283987	-0.256119957105717	8.35026655535789	-2.90647245844013	0.00436137438221187	0.0147461941862751	-2.70065271960621
283991	-0.0339027100609802	9.58081649949329	-0.392332719700604	0.695514923871793	0.788059433632512	-6.68275846148447
284	0.182147889403823	8.20984806697112	2.11923456074844	0.0361513655880502	0.0823979800654787	-4.56641419091996
284018	0.770233650527365	9.41864369612891	7.52372505582469	1.11836767614602e-11	8.8024809449619e-10	16.2088189883156
284086	-0.0169249792886243	6.79691250996793	-0.226284339027479	0.821368898180837	0.878367050618036	-6.73382294680391
284119	0.479925014490647	11.6198764640803	3.57260892334091	0.000511491813818961	0.00251933356120728	-0.73124681259751
284161	-0.172956305116775	8.6124794895676	-1.11765433552519	0.26596830339872	0.392728486287404	-6.1410575109076
284207	-0.110157344026187	10.0142117437572	-1.11817681292224	0.265746042364326	0.39255224620849	-6.14048240696704
284252	-0.20301556776487	8.70059060026416	-2.69806607090364	0.00798931147822074	0.0242527426718498	-3.24527997886542
284273	0.410611977216208	7.84668359396258	3.81605282195738	0.000216753385078245	0.00124678479160606	0.0702591957567824
284309	0.251932476049259	7.07474329234406	3.67190574591139	0.000362062491904512	0.00189520670667381	-0.409377898644025
284348	-0.0737271479156424	10.0657665981935	-0.312710149882045	0.755048794436982	0.830691271397239	-6.71065998943852
284361	-0.22519344459755	10.0014144680538	-2.49135892642055	0.0141048407656239	0.0383495670586088	-3.74997943440107
284370	0.046357905919827	8.11695051343571	0.770229592657836	0.442691680655245	0.571797968308634	-6.4648614786913
284406	0.0118081319701849	7.15489588339728	0.151240460238752	0.880042385920522	0.921728650383394	-6.74791471717818
284443	0.0297883895566077	9.22796239207383	0.221874223728003	0.824792503265754	0.880887778248659	-6.73480591096097
284459	-0.010082935124335	7.43555624441315	-0.167691063639221	0.867111269941856	0.911847905686367	-6.74530479961826
284695	-0.242062037089319	7.92221012404177	-2.45543302163792	0.0155182332987633	0.0414421619941108	-3.83401900438897
284996	0.120776893006991	11.0820837310537	1.72469654194513	0.087181212925496	0.165202298408946	-5.29772932203141
285	-0.200188569426231	13.4568157717786	-0.908174125365829	0.365623652692427	0.498276088308768	-6.35035601300994
28511	0.141684328973372	9.54310123835578	2.29021543622629	0.0237718015422217	0.0587751561863327	-4.20624174900152
28512	-0.0339728025132528	8.21440852735691	-0.434339572951439	0.664829209195437	0.762600925976157	-6.66550557198115
28514	-0.0796145865600652	7.28155472737701	-0.702908467620483	0.48348705013763	0.608966610877832	-6.51397814352381
285172	-0.206008826287816	8.12976748584547	-2.22604223689898	0.0278963231336064	0.0667507616117002	-4.34443439658668
2852	1.02650431721828	6.67587233246111	7.67545554667913	5.08147498613151e-12	4.46521099845173e-10	16.9761532496025
285268	-0.105640567679242	7.47385471747816	-1.34351203630194	0.181665216656084	0.291823160167104	-5.86803304054495
285282	-0.232511283290551	8.3393882463033	-3.4047110929945	0.000903748503662629	0.00403324633755261	-1.259250742653
285343	-0.247100231982907	7.48524764146314	-2.76206122429139	0.00665682601263645	0.0209308651939007	-3.08181677712607
285362	0.111627904771508	10.2357488333811	1.83479599580779	0.0690361691325172	0.137639091729325	-5.10787012579246
285367	0.187563809304224	8.60784605615359	2.69683368075129	0.00801719375974023	0.0243049047594882	-3.24839472394039
285381	-0.212410025256183	10.1637168938103	-2.51944805298217	0.0130811103488426	0.0361008925764917	-3.68350758342426
285613	0.062076744406138	7.6974877722337	0.575578628341334	0.565987978184731	0.682524393755359	-6.59469115387282
285753	0.111578846595873	7.32403655671993	1.24604252965282	0.215198818075904	0.333019579091048	-5.9918455829637
285761	-0.138068287796005	7.52850951008665	-1.61015188465258	0.110016965751094	0.198198503185178	-5.48338448509333
285955	-0.107845189755825	8.12683285073464	-0.568771856190686	0.570583949111403	0.686797532015895	-6.59855599760998
285973	-0.300365830188906	7.4089740947884	-1.82668521379379	0.070256092052344	0.139465349760241	-5.1222357624241
286006	-0.027380317172047	6.32177923907151	-0.314201889542247	0.753918443173153	0.830094153640395	-6.71019506970497
286053	-0.0644610906017862	8.80820596953636	-1.02275207282288	0.308501872671473	0.440032026984349	-6.2411466895318
286097	0.334075651769682	9.3871859528423	1.75559640177366	0.0817331121089802	0.157003606051204	-5.24556862105888
2861	0.272436112408601	7.47577970052255	2.57841226727834	0.0111457222342282	0.0319111492737347	-3.54180010039064
286148	-0.0140785919962463	8.46400202089175	-0.19069352191799	0.849090996024391	0.898501341069052	-6.74120421175721
286257	-0.817709586538551	9.30565137912712	-5.22237962082628	7.61733920298234e-07	1.05924615852919e-05	5.4396595334185
286319	0.127839821520739	9.47607983534101	2.03785252393205	0.0437840975116192	0.0962620828975179	-4.72876046145756
286451	-0.333200952428769	11.5810429515227	-3.39343897104511	0.000938311291369192	0.00415351086104476	-1.2939563708646
286676	-0.2436558734603	9.15740007907269	-1.72938569358265	0.0863358293917563	0.163824653796868	-5.28987040018331
286826	0.0902998980873256	8.24240826153728	0.995323798649527	0.321600480032098	0.453159325326702	-6.26845056599665
2869	0.188627418850425	9.70118470389108	1.87036268637053	0.063892900075553	0.129637768269238	-5.04416637880666
2870	-0.0471406566899497	7.18708092473704	-0.695036044093887	0.488389029756139	0.613457023385905	-6.5194311429873
2872	-0.135215958909344	12.0764558985111	-1.38998470430294	0.167130862127087	0.272718475142184	-5.80581808336169
2873	0.0541722243551358	10.1454381744302	1.00027167395903	0.319210782814304	0.450714712144641	-6.26357906205569
2874	-0.0328203129837513	9.13106927516269	-0.583070054943453	0.560950619711324	0.678000017385944	-6.59038472208329
2878	0.298797694284065	11.7548979138054	1.57302257980263	0.118371364537648	0.209553346862831	-5.54094686490164
2879	-0.0500155626396436	12.5434692079831	-0.814613095279269	0.416922731122293	0.548372891571679	-6.43004943126872
288	0.266440507290531	10.8691152768384	1.42600900237131	0.156486501920913	0.259449720165945	-5.75618289959972
2882	0.356023810431691	9.66301914695412	2.15480288809185	0.0331941844021919	0.0768452811552985	-4.49361090365416
2885	-0.313247560165886	10.7907844624628	-3.39274438913329	0.000940481082793162	0.00415865832113036	-1.29609182344971
2886	-0.183321431227853	8.98401623553305	-2.06155575712261	0.0414302579884561	0.09196826954707	-4.68208547565777
2887	0.0121952808502774	8.41157500479628	0.109530806665268	0.912966171300507	0.944408337500587	-6.75332566895953
2888	1.65994221570671	6.83977589642187	11.349188450547	1.13108490419156e-20	2.33569032715557e-17	36.3882432429818
2889	0.23378676611321	9.03486289130973	2.42886983626162	0.0166430653985933	0.0438226714033729	-3.89544851150302
28955	0.250644272282986	10.0650136994112	3.23197833030881	0.00159089238762509	0.00639764903689546	-1.78061698064096
28956	0.289914620563381	10.8085710413856	4.43919089067557	2.03294989705798e-05	0.00017169904038547	2.30335134423103
2896	0.0680973367062467	12.7492656125451	0.748876175941426	0.455411054382742	0.582696146308246	-6.48092225310323
28960	-0.195048121075203	8.1616710500515	-2.01485227181313	0.0461765213742047	0.100744338761471	-4.77357032300871
28962	-0.105029141854056	9.45121804272646	-1.24924877340945	0.214028303858009	0.331675622528207	-5.98791701051156
28965	-1.1361733794073	9.04743914273029	-8.05567469575067	6.8967860819987e-13	8.25615261410279e-11	18.9199497197842
28966	0.45577541280597	9.83379001839061	4.80881535674328	4.490937616707e-06	4.73756637471262e-05	3.74117355567105
28969	-0.253949005029041	13.3026334127323	-2.91673580028818	0.0042297934049052	0.0143837354979485	-2.67292153430936
28970	0.0206116516478971	9.49857530210535	0.274912308525769	0.783860829078511	0.851520575980397	-6.72170297547902
28971	0.16820690366635	8.79520344825968	2.41954019738111	0.0170550082634328	0.0447931218619888	-3.91688072879438
28972	-0.109742110214071	12.5242274775419	-1.5842377305167	0.115796363353618	0.2065381043621	-5.52369535838127
28973	-0.191617682561178	10.9065852205446	-2.96136045254966	0.00369901451457559	0.0129246446236863	-2.55136664228129
28974	-0.201936772401787	10.5887585756277	-3.05581748826982	0.00277179398507004	0.0101936858043983	-2.28885027337139
28976	-0.317904562411827	9.93335140227991	-4.54186866722502	1.3465733074497e-05	0.000120636610840938	2.69475152871041
28977	-0.294579226217561	9.57299244802155	-3.35288104992905	0.00107319892710609	0.00462904602501112	-1.41804677051889
28984	1.64783014296321	9.8183193738137	6.95844226277236	2.01466232802152e-10	1.04572381394024e-08	13.3994124154456
28985	0.00541272739562166	10.7014970155203	0.0613473169763625	0.951185629820183	0.968420227081808	-6.75742202243921
28986	0.628650371065438	8.22675152919512	4.58569134364578	1.12745143349e-05	0.000103017133192781	2.86370906754662
28987	-0.207421217914692	8.5831835636681	-2.70171912274788	0.00790717864311575	0.0240805117655997	-3.23603986763416
28988	0.122861267565255	10.1951266558079	1.89021246393478	0.0611644824074204	0.125271169026852	-5.00811239233136
28989	-0.372927189055495	9.25940005336403	-4.50795337445789	1.54385207833776e-05	0.000135373865892461	2.56477149913014
28990	0.0658243863901102	7.9300350796574	0.999671392777839	0.319500074413287	0.45096900455464	-6.2641713436573
28991	0.2588830330891	8.85092618074628	4.79815540475742	4.69568181183405e-06	4.92425803120439e-05	3.69861035217683
28992	-0.316177790843857	7.38606702353097	-3.12302176667638	0.00224855049017444	0.00857084773827451	-2.09780219543291
28998	0.0620297238020938	10.9304859893847	0.794213159851933	0.428653959344647	0.559349400345464	-6.44628960555072
29	0.436128845242942	9.0043603231525	4.1064385735786	7.40801657505768e-05	0.000504869776484954	1.07955822562284
290	0.327090688767581	7.5701839334398	3.0095644592851	0.0031950529408713	0.0114994062272754	-2.41827933731644
29028	-0.316736107015566	8.19976266648847	-3.53797353912336	0.00057611598354405	0.00277962501406183	-0.841851433702448
29035	0.166224683923612	9.31136176128658	2.24118087139002	0.0268707509495753	0.0648414849089956	-4.31215901457748
2905	0.67493678947811	6.516962744902	5.29482117806405	5.53473892202821e-07	8.03461221370001e-06	5.74625680393241
29058	0.093981677241835	12.0940705268099	1.67854339900537	0.0958679645871865	0.177871275211454	-5.37399742864312
29062	0.0372465179046073	9.21690589372276	0.468111289625893	0.640562128846109	0.744273904103089	-6.65036771061521
29066	0.163044860876401	9.54242710484626	3.24692186911697	0.00151617538671682	0.00617230591142479	-1.73640378064669
2907	0.098292561869963	9.95955889481155	0.856814299562728	0.39327145314959	0.524108132141919	-6.39516152591467
29071	-0.122332927894764	9.84898021271209	-1.27385811810528	0.205198623358383	0.321072291900028	-5.95743633158218
29072	0.0981741177855668	9.49626077265425	1.63725560873048	0.104221611275536	0.189828116678263	-5.44055393972359
29074	-0.0627002718068305	11.2721316079895	-1.03527389713408	0.302642424377967	0.434374704667595	-6.22843925339633
29078	0.0262596907827875	8.90224498078458	0.217606008734065	0.828109167847994	0.883173883334336	-6.73573884040191
2908	0.886651654286784	8.58806731021462	8.6177565875741	3.44321045273035e-14	7.11672776024796e-12	21.8394224235905
29080	-0.0437465999999664	10.7403768662452	-0.697659813501651	0.486752259290963	0.611866343451489	-6.51762050107611
29081	0.0186641389082678	10.7214928648881	0.326365918529085	0.744721389229103	0.824142373396623	-6.70632155908136
29082	0.0542359770376962	10.3929011166328	0.7287556298661	0.467584405956315	0.594191875876794	-6.49564644984998
29083	-0.0846208207346494	9.57113449226253	-1.21564582063417	0.22652850141572	0.347018809661322	-6.02860156160052
29085	-0.262083501739067	11.4679821428483	-4.43053883123429	2.10418071862331e-05	0.00017663143024216	2.27066005298108
29086	0.021601385489231	10.4286812231907	0.372011375569984	0.710546692142405	0.799793459509173	-6.69047713275735
29087	-0.0448309966854377	8.90014275820906	-0.61709806771081	0.53835019920302	0.658001279286319	-6.5701270952513
29088	-0.0489956999542411	11.8510161816747	-0.698980121305455	0.485929756170398	0.611239698152874	-6.51670680842394
29089	-0.272485363757545	10.224668345114	-2.73878637826256	0.00711606984462713	0.0220227564318547	-3.14165802375453
29090	-0.0370907829864311	10.4005441137754	-0.566386821374524	0.572198587145788	0.687970935927832	-6.59989938831488
29091	0.431520665818348	8.79409314803707	2.6862563739878	0.00826015305500255	0.0249039913416249	-3.27507612671466
29093	-0.0153389116852004	10.7325744007828	-0.24530094899382	0.806646385939794	0.86801708544329	-6.72936300552893
29094	0.565452090183465	7.54655979391393	5.99574625799233	2.23384632173238e-08	5.42693253456161e-07	8.83861378337045
29097	-0.0527813814635973	11.679250771092	-0.900505517962987	0.369671953222466	0.502122461434442	-6.35720936473699
29098	0.211678674152205	9.81166478171051	1.41626648297491	0.15931247295625	0.262960466210069	-5.76972748088056
29099	0.0515049981057588	9.09175254423117	0.849217883312972	0.397466989576291	0.528080639198997	-6.4015699694827
291	0.083908963120616	10.2745361027526	0.968941343904725	0.334541700359393	0.465988945188631	-6.29402466733877
29100	-0.317463659807967	11.7156938694985	-5.13461363863866	1.1178905106134e-06	1.45413789254594e-05	5.07173054779355
29101	-0.0775378896778468	11.6662611179771	-1.30810601927907	0.193361115613636	0.306674887666788	-5.91405546125439
29102	-0.206954475174584	9.93538658354449	-2.86063286056449	0.00499616523536975	0.0164481167174787	-2.82347494384411
29103	0.264501073575572	10.4362014300064	2.37993806541652	0.0189061851969944	0.0487406647088558	-4.00702352655675
29104	-0.138162945321764	7.89661214844395	-1.77855953199719	0.0778681647525402	0.15144597147539	-5.20623650072515
29105	0.11178636444643	10.7442915673891	1.69672827486703	0.0923649737069498	0.172648717542296	-5.34418199611215
29107	-0.00848914038459581	10.3953020934629	-0.134429694359701	0.893290135414239	0.930346301667081	-6.75030372995955
29108	0.604662000185173	9.09229269891565	4.12605450084098	6.8768450444554e-05	0.000474146411245422	1.14975204245345
29110	-0.0358602228111671	10.4187235054559	-0.550686587720291	0.582881937654706	0.697162583988976	-6.60860253381449
29115	0.0918339694960357	8.52833477447494	1.69987581872572	0.0917693557392965	0.171846492497526	-5.33899030954
29116	0.274689462544051	11.8805251664536	2.68255691550273	0.00834669132580713	0.025121876832471	-3.28438618637727
29117	0.0493915981494509	10.3194419425689	0.819210063863184	0.414305899540157	0.545622792524915	-6.426333607638
29123	0.0131774880627743	10.0955142940349	0.174902279438157	0.861453961475548	0.908066580115879	-6.74407588802277
29124	-1.15980123070969	12.9163178880357	-6.44793939928762	2.54179485224864e-09	8.61152004059645e-08	10.9410906621918
29126	-0.0547749694507769	8.64265752962405	-0.307790382863212	0.758780454137861	0.833115319842979	-6.71217764215576
29127	-0.334118585448366	9.66971144029902	-2.73255203599235	0.00724387918093942	0.0223524845232892	-3.1576113348872
292	0.141172424492475	13.8027234265212	1.82065728590009	0.0711742956201403	0.140713183777491	-5.13287334650784
2926	0.148324959001146	10.2952582553683	3.11680081769277	0.00229283023204647	0.00870748400767993	-2.11563510757415
293	-0.0331395680572918	12.5485442606272	-0.444334519928001	0.657608591289835	0.757051841680005	-6.6611430641261
2932	-0.178232510076312	9.18155699580025	-2.37863605114307	0.0189699587590076	0.0488620663271279	-4.0099642740672
2934	0.0330060676550529	8.97540595988231	0.2626647118548	0.793263681736404	0.858649981803525	-6.72497687967841
2935	-0.244050001803773	10.2532935435276	-3.77581240792862	0.000250469937418255	0.00139694914454746	-0.0650947688408294
2936	0.259926723034487	8.65111852940895	2.55604637046182	0.0118472775001474	0.033421623002465	-3.59589683574816
2937	-0.0111931109425624	9.69106972311346	-0.166160015077558	0.868313298726787	0.912850686964905	-6.7455590610549
2940	0.566241980447195	10.3520369384597	3.15057852819546	0.00206178397824169	0.00796554521060633	-2.01844686654882
2941	0.208471780111418	11.765185122081	2.03487140889312	0.0440880810384441	0.0968788372911807	-4.73459510929178
2947	0.178293249096765	8.25872934326017	0.888223612237424	0.37621415698529	0.508930385964378	-6.36806614611071
2948	-0.066597308409718	6.49176140175296	-0.534977383444693	0.593664782319246	0.705767285831458	-6.61706704512051
2950	-0.202550903369774	14.0868322575074	-3.26785893079163	0.00141698428681814	0.0058250801342042	-1.67417147731013
2954	-0.0743788950935104	8.80443047400147	-1.01659133259623	0.311412427286551	0.442807135373887	-6.24734299858597
2956	0.162005209311604	11.0890155999792	2.39350681122438	0.018252794196892	0.0473666604041245	-3.97629007369692
2957	-0.321466003192268	7.48845622676823	-2.98013972400847	0.00349455931490804	0.0123523455777803	-2.49973803532878
2958	0.111554501358547	10.7107992933538	2.09857712888103	0.0379711559540028	0.0856944667158643	-4.60818177397784
2959	0.0671081712087622	9.63852493422665	0.970716344277622	0.333660497546768	0.465153706284609	-6.29232526019721
2960	-0.00999146728049109	8.65586612818404	-0.149236319803409	0.881620043358968	0.921911831642623	-6.74821428654301
2961	-0.0785133236085712	9.96950499661253	-1.43525425398194	0.153840524469284	0.256194099216993	-5.74324671677574
2962	-0.0509503156263377	9.3912447128635	-0.82627017820033	0.410306130688402	0.541480849893945	-6.42058652144119
2963	0.00590046263459932	9.90563547624269	0.0956472578050642	0.923961779841745	0.95184887771175	-6.75474287881721
2965	0.2132993987453	8.4519440988741	2.63353594989656	0.00957351893561584	0.0281614196610352	-3.40667891305024
2967	-0.282710167472676	8.12472142366491	-3.0927254500886	0.00247192690308158	0.00924314903551554	-2.18436527930086
2968	-0.10682815441284	7.73151245398028	-1.38954159814832	0.167265138087862	0.272861040201131	-5.80642095931226
2969	0.33497633224691	9.58597450589065	2.67741162733379	0.00846841622285478	0.0254244965302722	-3.29731595650488
2971	-0.0338794935143894	11.1708093749881	-0.459262515673546	0.646884364202186	0.748451408656816	-6.65444324534822
2972	0.0445526468164476	7.47503472575134	0.575537057422827	0.566015992400025	0.682524393755359	-6.59471489634686
2975	0.248503693877808	7.49327078923006	3.06435750118929	0.00269955876828258	0.00998135874038234	-2.26476876066587
2976	-0.0774710026866687	10.3846481562088	-1.6880687743175	0.0940198698638411	0.174989663153521	-5.35841804706633
29760	-0.178116806724884	8.01433598815904	-1.32691711119752	0.187079215555238	0.298950342520075	-5.88975241674427
29761	-0.0233727455850185	9.28801113134662	-0.274985762602695	0.783804530925092	0.851520575980397	-6.72168289101511
29763	0.0239160686458864	7.9885683843547	0.235558743996207	0.814180415885277	0.872826766413028	-6.73169272434921
29766	-0.222806031522749	7.97443885349644	-2.30038446360874	0.0231699300582368	0.057593626927787	-4.18401355876532
29777	0.194761149823318	8.48875194524803	3.26434749574039	0.00143318573442818	0.00587499462351204	-1.68463196357769
29781	-0.218893028635531	8.70779706031711	-3.59547450357989	0.000472646020325279	0.00236896609701869	-0.657753688871878
29785	-0.776105920906025	7.80228206115718	-5.4026340272825	3.42532948989377e-07	5.36982352335424e-06	6.2073170299412
29789	0.0627481331125875	7.59616239670942	0.741107292255624	0.460089853830346	0.587288238701694	-6.48665459700561
29796	-0.149368959924432	11.2735792109259	-1.83392041184751	0.0691670093260337	0.137833413035715	-5.10942383445483
29801	0.122986127533739	10.4843532433019	1.10137576340655	0.272958161528585	0.401323320438966	-6.15884389433949
29803	0.0467686047178184	10.1609980265703	0.642658429858665	0.521683323837731	0.642574448985931	-6.55415989590736
2982	1.13819286141262	8.88089978450058	5.90839589963898	3.36979897819827e-08	7.62590124929252e-07	8.4415889873988
29841	-0.305062934929648	9.14702429598239	-1.90000145887638	0.0598553448926994	0.123231592426146	-4.99020038266856
29842	0.0174965055447876	8.88234172714605	0.171842980846863	0.863853166419574	0.910131014620623	-6.74460355877358
29844	0.42903098945887	8.86386069344048	5.81927522398947	5.11008493244244e-08	1.07402802905788e-06	8.039761867311
2987	-0.239553710199161	11.6361345538545	-2.76406679372748	0.00661854419844981	0.02083428928323	-3.07663950949163
29880	-0.0785025040481675	11.2547990944171	-0.9126938052626	0.363250864587321	0.495793224850922	-6.34628998499237
29883	-0.221572557040757	9.90447907771315	-3.2587632433602	0.00145930753279246	0.00597022299200876	-1.70124802436492
29886	-0.0666509634495521	9.12896408838129	-0.900508669117887	0.369670283936992	0.502122461434442	-6.35720656035456
29887	-0.682147691329101	10.9211618142424	-4.93468330602636	2.64108464878303e-06	3.05537243682742e-05	4.24847426282114
29888	0.161987057639938	9.000910555948	1.99294048382318	0.0485585294922979	0.104806232977889	-4.8158180378227
29889	-0.2556091938222	10.5195012255905	-4.2023195156567	5.13809726812402e-05	0.000369692364413801	1.42501895207748
29890	-0.152687683178867	8.06238377746834	-1.87681983424365	0.062994383394248	0.128119021017942	-5.03247731685029
29893	-0.0565648088965888	7.26048339995134	-0.548471757427082	0.584396589235751	0.698266429493317	-6.60981069811997
29894	-0.156038208476935	8.30372554007194	-2.20911071167935	0.0290836856384874	0.0688933878330675	-4.38029399659379
29896	-0.167136345045387	8.95772994784537	-2.20926623819787	0.0290725815872713	0.0688868399055825	-4.3799657499559
29899	-0.499739384902641	9.36859567443653	-5.67642638639264	9.89332047552549e-08	1.8742850258679e-06	7.40274266299138
2990	0.13986595112296	11.0065604670228	1.66245216596004	0.0990567534703969	0.18243228175373	-5.40012478571618
29911	-0.181818683905012	9.30169240104438	-2.805286919312	0.00587485347031704	0.0188524823872645	-2.969502986714
29914	-0.377109409314362	8.55477912283706	-4.94948550633717	2.47991268118513e-06	2.91380921004114e-05	4.30869985410665
29915	0.215202415337145	8.1885219009357	2.71425268225101	0.00763117058312357	0.0233803668459201	-3.20425335765652
29916	0.0879056088230439	8.96928186705854	1.51355890402825	0.132791928710453	0.229173212784161	-5.63045000711913
29919	0.179669803394062	8.97485766899288	2.74312745352945	0.00702828851552784	0.0218328932449266	-3.13053058429125
2992	0.213598524978466	9.87970472857617	3.60081082525708	0.000463990188710199	0.00234143348543811	-0.640547942755268
29920	0.180951760805188	9.46916724139082	3.07657805115408	0.00259921799429147	0.00967096424903043	-2.2302092082161
29923	-0.447246390283799	11.0922700378131	-2.9046653025569	0.00438492837649807	0.0148197661169697	-2.70552683282147
29924	0.0432469529233512	9.53103331029667	0.686462133922952	0.493758533506827	0.61738502675846	-6.5253007420581
29925	-0.608729330377753	8.96406632433477	-5.52099914432707	2.01037484147445e-07	3.48127802737505e-06	6.71988617909089
29926	-0.518489809204313	9.39875875334462	-6.44076768099189	2.63240835612949e-09	8.83889960228845e-08	10.9071630317785
29927	-0.0535994626880191	11.1929400774076	-0.83692365189964	0.404314790227342	0.535456175609724	-6.41182209659236
29928	0.172198156636066	9.32135539007403	2.00676391883133	0.0470439359673663	0.102231757719138	-4.78921554878955
29929	-0.132046489945112	9.73882987292789	-1.94149569830268	0.0545645236967881	0.114508179326897	-4.91330896577582
29935	0.199467715442467	6.69286793087767	1.51015692321603	0.13365689285411	0.230385211806125	-5.63547035065584
29937	-0.429726778709926	11.2866279156183	-5.54613823155939	1.79381842293195e-07	3.17960089558325e-06	6.82958901443924
29940	0.442657445558453	8.92071407183836	3.07969253975485	0.00257420350967788	0.00959085294990495	-2.22138276857407
29941	-0.0479451454180119	6.52037799479538	-0.495746780801408	0.620988333794676	0.727569310233195	-6.63714067310168
29945	-0.158795039780482	10.2866009915851	-1.464306712483	0.145749661378832	0.245792609838536	-5.70207079338593
29946	0.137443768471083	9.44512390675147	1.7971531984047	0.074850192884326	0.146437873006875	-5.17403382553933
2995	0.582182584703339	9.28159387591578	3.2708103475002	0.00140349913454254	0.00579066076489581	-1.66537202932689
29950	0.0700837909107782	9.0935794126746	0.787750219161385	0.432410727917841	0.56291766944072	-6.45134969956934
29952	0.41233792499064	8.47135953299691	3.04133414270955	0.00289840031140669	0.0105745523728884	-2.32956005508425
29954	0.196531784559264	8.1594794415247	2.53992711281035	0.0123772180947199	0.0345508014404822	-3.63462331816086
29956	0.404593042397009	10.1952022506396	5.06106625883931	1.5372911822981e-06	1.92575679641961e-05	4.76644493435616
29957	0.0251750959398638	8.55198500191174	0.205395845383794	0.837614169305223	0.889520832921207	-6.7383076974454
29959	0.0159737044223867	9.52725410553388	0.246964019862596	0.805362060356294	0.86708688979966	-6.72895588089924
29960	-0.0702058593713653	8.62619053465346	-1.11266666460548	0.268096574468239	0.395198966539699	-6.14653431890845
29965	0.0695473233615064	6.50898439604094	0.865109329243192	0.388721228880669	0.520226401580416	-6.38809935366054
29966	0.0705477661131978	9.17089628138136	1.23815136595896	0.218099552000611	0.336477829571357	-6.00147264918423
29968	-0.684185580457539	8.43991854006783	-4.3043351391213	3.46036033342506e-05	0.000267126881813935	1.79901683489993
29969	-0.0304046346832289	7.06182734606845	-0.35297442820775	0.724732720333345	0.80917711137516	-6.69733647131154
2997	-0.452279497696269	7.89256989272491	-3.41980718198464	0.000859329571839972	0.00388296622724189	-1.21262383336083
29978	-0.013116500525247	10.0902587025261	-0.273089622822668	0.785258174792589	0.852587977308229	-6.72219963405699
29979	0.0887046645623301	10.7974236406208	1.19966565004734	0.232654753626203	0.354627839998604	-6.04756994232246
29980	-0.214850768253878	9.346679073123	-2.98444794356949	0.00344914728906613	0.0122432129813864	-2.48785418653167
29982	-0.275417209605299	9.5448748050333	-3.02906377412318	0.00300982197896983	0.0109135775005666	-2.36392039555514
29984	-0.0256332680513965	9.24754273001472	-0.213991402208007	0.830920370359192	0.884915195869898	-6.73651474688633
29985	-0.186466460218071	8.70264018285874	-2.81670056483388	0.00568286283872497	0.0183432774708356	-2.93959225045171
29988	0.104591400376662	10.2460235403181	0.901583184616469	0.369101349243785	0.501827226828424	-6.35624972681518
29992	0.010041690960264	7.3957675154501	0.0776081805745273	0.938270209255059	0.960624069752763	-6.7562978236731
29994	0.134373476449362	9.38798747796532	1.22578525643377	0.222702311542621	0.342363873691057	-6.01643919390873
29995	0.288106458935546	8.59759771347467	1.76397542396669	0.0803049529591005	0.154764095063502	-5.23127287141389
29997	0.00727731322735699	13.1108236632005	0.126195305867921	0.899790514401999	0.935111933689043	-6.75137137377042
30	0.0212980001565378	9.73317230321017	0.309921376035492	0.757163384364722	0.832079146080169	-6.71152322172957
30008	0.575583850811848	9.00006582409675	4.87056590341227	3.46475170772388e-06	3.83117123236938e-05	3.98897002994003
30011	0.404246592786934	11.9560479529133	3.16196684769547	0.00198889330760288	0.00770556225178225	-1.98548008502045
3005	0.0747519359962127	10.5854458199933	0.713734127913633	0.476790549486548	0.603291963657917	-6.50638007491464
3006	-0.558246634212678	12.8686962953813	-3.80815251730165	0.000223012325912404	0.00127479710175533	0.0435971793333358
30061	0.13802238530672	12.9405835794452	1.50791171024585	0.134230158957072	0.231276827906845	-5.63877768613255
301	0.159948558148133	13.7942060026006	2.10266744999859	0.0376046852959068	0.0850300302612072	-4.59994160646962
3014	-0.285513422152342	9.64136484604796	-2.68104052647067	0.00838239961153505	0.0252051768442954	-3.28819905380324
3015	0.0221500542794129	13.2891022729976	0.333912384786073	0.739033985983346	0.819825506879189	-6.70384465473671
3017	-0.294784237591755	10.3296653173738	-2.44814512075116	0.0158198966195365	0.04207094207256	-3.85093291649409
302	0.0479301570370181	14.2891482076302	0.771713093712942	0.441815726199769	0.571379035292014	-6.46372906991938
3021	0.408853888971908	11.7323482042637	5.54153482703724	1.83168804164592e-07	3.2259580434958e-06	6.80947877836651
3028	-0.229633585492086	10.2543137653371	-2.56789283425541	0.0114708958609811	0.0325264674945772	-3.56729606316535
3029	0.0978218064052924	9.67076291359399	1.62149192828716	0.107561587874604	0.194647341182234	-5.46554759684578
3030	0.0963931720661873	9.34291893515483	1.28374410784837	0.201728110301959	0.317143926740422	-5.94502888219949
3032	0.0172180033046348	10.940459922214	0.257204483066833	0.797465585438636	0.861504804567503	-6.72638843124399
3033	0.116145515585622	10.3197913167226	1.46557275489108	0.145404725940284	0.24545719848753	-5.70025834247478
3035	-0.367918449134357	9.68000286985911	-4.36325347057785	2.74638103359894e-05	0.000218546313463654	2.01798367482656
3043	1.72634434001979	12.2334996345361	3.41661510439116	0.00086854752364114	0.00391177892326926	-1.22249720427663
3045	0.107770908371613	6.63504041428721	0.45671033479624	0.648712668415517	0.749841399539907	-6.65560432016167
3046	-2.79682748579767	11.6367344540329	-4.09716089824199	7.67272123836661e-05	0.000519907115905727	1.04644603093087
3048	0.996525336985761	12.1957142872925	2.42595806217807	0.0167706725600538	0.0441164825942817	-3.90214550018722
3052	0.241080436371541	8.81565767125802	3.31294637770467	0.00122359143227371	0.00517239776385919	-1.53902676996439
3059	0.0298635150529871	11.5656948060523	0.370474894296454	0.711687972018513	0.80067320197125	-6.69104408662144
306	0.419237691138731	11.3169334700907	3.35490869510514	0.00106604511868006	0.0046054041214944	-1.41187220025215
3064	0.128356729076094	7.0528125210154	1.72443439645845	0.0872286727915955	0.165254320472151	-5.29816807389225
3065	0.0160436123141175	11.5658587275224	0.319370021844475	0.750006482852466	0.827441371492103	-6.70856727329127
3066	0.0757408164985243	10.7463398914955	1.16984910741689	0.244401795844498	0.369127598039048	-6.08230693591902
3068	-0.114310978407916	10.6719349562708	-1.84730970796488	0.0671886158332127	0.134965458847845	-5.08558827139154
307	-0.405830185529056	11.5214575487147	-2.73298726069117	0.00723488942350422	0.0223402566871569	-3.15649865954345
3070	-0.404286860569795	8.10759612973081	-3.49790664618364	0.000660463233458641	0.00311916884412143	-0.968715284188579
3073	0.355136490079748	8.07895362718607	4.22823653005506	4.64986416759441e-05	0.000340193782323559	1.51940975816485
3074	0.173703523291577	13.3106360893924	1.35176980861603	0.179015426323497	0.288183087396625	-5.85712776401256
308	-0.120620103608156	13.7946744529754	-1.83901667325048	0.0684083504263921	0.136651263487787	-5.10037078449156
30812	0.570659690601977	7.71288659006816	3.60674107921641	0.000454546728130956	0.00230907501498259	-0.621403240819562
30815	0.359581579127936	7.42063061301587	3.80673829904433	0.000224150703737594	0.00127864973264677	0.0388290066681218
30816	-0.407013018874795	12.6162541193111	-3.78685990748695	0.000240747895746724	0.00135354846090616	-0.028046643736408
3082	0.795606688388297	8.77681730068668	4.95778858904137	2.39373412523389e-06	2.82460626777599e-05	4.34253409600577
30833	-0.0396432481451017	9.44334731340047	-0.457797728637788	0.647933429777315	0.749150354137825	-6.65511041559404
30834	-0.148189599722159	9.15691929761261	-2.34370586104134	0.0207534753003735	0.0525517185717611	-4.08831197137572
30836	0.175813053763034	9.63599638026028	1.20488421999551	0.2306411765828	0.351948294582289	-6.04140244978502
30844	0.312720542125376	8.47512919433991	3.44973941266852	0.000777251412904014	0.0035806451035065	-1.11967439034796
30845	-0.218039847912144	8.89746606508949	-1.57885941590649	0.117025606887547	0.207932062453357	-5.53198311323865
30849	0.120599708272965	7.8706199735366	1.82408513319767	0.0706509349404778	0.13998002461222	-5.1268282419949
30850	0.145453548366011	9.33185822861041	1.71856099311239	0.0882975644442472	0.16678204489126	-5.30798174122749
309	-0.0352745999041023	10.3787681236844	-0.335044505797205	0.738181998506922	0.819210440369095	-6.70346819464636
3091	0.288844095127648	9.60300973091608	2.58599042441183	0.0109166316245378	0.0314076549002725	-3.52337526351057
3092	0.429149099773277	7.15603508722102	3.95927961070514	0.000128483636023224	0.000809515509955632	0.561015171205113
3093	0.0632332745211664	10.727066195232	1.00295388406304	0.317920275260296	0.449199704695526	-6.26092832614255
3094	-0.00187475807353205	12.923186970111	-0.0278593618449233	0.977821035681371	0.985697065502578	-6.75890836691768
3096	0.0404935227186612	6.76318835231499	0.537166330731738	0.592156749705789	0.704380004690354	-6.61590220119785
30968	-0.0559887579298838	10.6040993234883	-0.690785407073626	0.491047044839964	0.615391987616159	-6.52235011220555
3097	0.279964193153502	7.35917398693907	2.45917166628241	0.0153654801233913	0.0411539772435836	-3.82532467858064
3098	-0.103236978216317	11.3498733501963	-1.46590722737451	0.145313704127866	0.245380280759765	-5.69977926357298
3099	-0.858962770991782	9.7689230887966	-4.47992237581086	1.72770006450323e-05	0.000148654193049966	2.457860654049
310	0.0301418873038538	10.4999049040563	0.469960558023518	0.639244181466004	0.743160723280674	-6.64950619260914
3104	0.117156580276353	7.57903140248316	1.5306528600261	0.128512000558263	0.223475605181317	-5.60505988043269
3106	1.39256951941082	10.8755834300565	5.47789537733019	2.44268096968996e-07	4.07606965851295e-06	6.53246885335528
3108	0.559050080848927	7.56136390467325	2.79784916536369	0.00600313184613313	0.0191786665349382	-2.98893732208731
3109	1.19626708988441	8.26914048117035	5.42541464261192	3.09295689656731e-07	4.95112867551279e-06	6.30545345081958
311	0.100014469291886	10.0173097107773	1.38500339857004	0.168645092732337	0.274646779568041	-5.81258477910655
3113	0.821059450603974	7.6207983229103	2.78344742764586	0.0062588078772539	0.0198455865896803	-3.02643970443371
3122	1.17747975621106	8.58611282627701	3.71446109133775	0.000311610740654465	0.00166919890908293	-0.269291334474261
3133	0.210475170729392	11.3000931120744	2.05095551931821	0.0424691517502006	0.0938205919916173	-4.7030209266044
3134	1.4612889655683	8.9554325303204	6.16625859099481	9.92841110777593e-09	2.72454072259897e-07	9.62237953540851
3135	-0.269712482783897	12.6410507730551	-0.974607186178229	0.331734190592186	0.463563595718399	-6.28858941303205
3140	-0.01725603277303	7.82094515441639	-0.177806582435994	0.85917750616115	0.906476714892209	-6.74356634007354
3141	-0.0161929315674297	7.46761954355052	-0.171074006008142	0.864456423272459	0.910302148933007	-6.74473472867764
3145	-0.455392146542094	10.2855787884523	-3.15878405737411	0.00200901978769684	0.00777624341442171	-1.99470368785992
3146	0.400844023984568	10.2548889541799	3.60839640158256	0.000451943358439742	0.00229867742654697	-0.616054847119218
3148	-0.0992047665440519	12.2494133886988	-0.840533000136043	0.402297032891379	0.533382582934637	-6.40882758730536
3149	-0.0481768102021254	10.6462598703826	-0.484490830901746	0.628929039537034	0.734788382825446	-6.64261924039704
3155	-0.0245763755104289	9.17023528492154	-0.41115928251125	0.68169600681715	0.777092053037491	-6.67524228229558
3156	-0.105878589253819	10.0725098476162	-1.13361740731808	0.259236049136109	0.38512405860868	-6.12336780791483
3157	0.185930919025273	9.67216362938275	2.00967943279471	0.0467296824404502	0.101682607207091	-4.78358286764199
3158	-0.0232501925778271	8.54698808212442	-0.0841321707145954	0.933092862837113	0.957981380849462	-6.75577283575663
3159	0.0300426318499717	10.9685596242259	0.274061123230721	0.78451329514866	0.852022100951062	-6.7219353232553
3161	-0.352762206829674	9.74516707053964	-2.6562987662425	0.00898490299655405	0.0266862642037379	-3.35014105750209
3162	0.421586675811211	10.7449606830208	2.8033355803331	0.00590826373708834	0.0189229385297982	-2.97460606519903
3176	0.362540376801452	9.12085445624064	3.88835084152348	0.000166734472721112	0.00100089152956133	0.316240593079316
317781	-0.01477783880464	9.6476414930983	-0.167960355952353	0.866899880189255	0.911847905686367	-6.74525983715676
3178	-0.54276707684837	10.7464367483485	-3.67465650154295	0.000358580332399005	0.00187936138681205	-0.400361424167071
318	-0.175037047722243	9.13421898171776	-1.5552711855835	0.12253980866747	0.215082622098025	-5.56801238965488
3181	-0.0239546515908283	12.9776116423147	-0.386636052023154	0.699716869111822	0.791517575850951	-6.68496352763924
3182	-0.0767355988261102	11.2251343846455	-0.87422311035826	0.383759472722439	0.516094634432977	-6.38026267138818
3183	-0.0203284561813268	11.9845278310945	-0.292595140516913	0.770341710930571	0.842115210731408	-6.71671336039449
3184	0.0534465546413399	12.6795917075258	0.767645722727168	0.444219762576561	0.573142024192813	-6.46682868740295
3187	-0.174937353019522	11.4797797905299	-2.13773370370666	0.0345861043942822	0.0795326342697023	-4.52868896276675
3189	0.09845846465954	10.5556135656463	1.53996177053696	0.126227348624084	0.220384252723511	-5.59111787583876
3190	0.0418897835977077	12.2760878626362	0.947026701561915	0.345546259312051	0.477692401994567	-6.31475374545596
3192	-0.0767852435292413	10.7872862536733	-0.732285286445774	0.46543576933783	0.592372797339057	-6.49309218619693
3209	0.91955991627726	7.02173917796603	7.14946976554861	7.65266798796893e-11	4.68229908004618e-09	14.3394487708533
3212	-0.917011391975503	8.98968422810521	-6.4682867327083	2.30111859529761e-09	7.98623512485641e-08	11.0374458323679
323	0.23797917323737	7.72353518010322	1.96220626543029	0.0520751004351544	0.110689739988259	-4.87434825041862
3241	-0.0397733881538255	10.6000697023261	-0.307162338016255	0.759257240097661	0.833528017438421	-6.71236965242292
3248	0.796575482094057	11.4280553030686	3.38109362924076	0.000977585623255519	0.00428147255996319	-1.33185789672499
3251	0.235601626284879	9.72858247063714	2.78011433342032	0.00631937790424925	0.0200145941292557	-3.0350949890439
3265	0.11075528958956	9.18815060108133	1.48954434150042	0.138992432906154	0.237500516302199	-5.66565610374236
326625	-0.0217998590196774	7.81708099746374	-0.295324589875797	0.768261121069191	0.840174349269366	-6.7159155214977
3267	0.368922895393616	10.6440823635691	5.23901270249155	7.08028016921857e-07	9.98679642277787e-06	5.50982570599087
3269	0.339646228907156	7.03838083324245	2.84086974030525	0.00529509179235422	0.0173012097329295	-2.8759045066371
327	-0.0393389428453855	10.598644705985	-0.713740591515189	0.476786566675065	0.603291963657917	-6.50637550399864
3275	0.265015243095821	9.39067950389029	3.768683723549	0.00025694002843867	0.00142437894959961	-0.0889560556311348
3276	0.00797333260713168	10.2768597760741	0.0915852956452911	0.927181686660007	0.954008438912934	-6.75512125749509
328	-0.14845594567289	11.054039918289	-1.8270511460523	0.0702006697882269	0.139435801915579	-5.12158892623612
3280	0.120157548207686	9.82151212075853	1.10933325680337	0.269525549871799	0.396983067393198	-6.15018126030447
3281	0.215804659794851	11.7688386490619	3.18228177846849	0.00186478288181442	0.00731391576628069	-1.92642396956771
3283	-0.102346262024928	14.368641005281	-0.778638962631254	0.4377395666881	0.568085799764029	-6.458413770371
3284	1.37689804517657	7.12048738674909	10.1096155056029	1.02558304852167e-17	7.05942998399086e-15	29.7531976583776
329	0.160278194829391	10.4073543912693	3.13108553923188	0.00219233432398722	0.00840214682716604	-2.07464189555
3290	1.98488545605299	7.20598349477655	8.72965450028795	1.88594409983647e-14	4.21024277422952e-12	22.4260128341496
3291	-0.175944868162319	12.0593512572807	-0.882173024052738	0.379463567087679	0.512319232452472	-6.37336057368883
3292	0.182112712264143	14.0967405596989	1.52411930894966	0.130134852836527	0.225490640744643	-5.61479670376879
3294	1.9453051429524	10.0786464810182	9.18987178779916	1.56285444073372e-15	5.16367107218422e-13	24.8533727367073
3295	0.0256275436521636	11.0821768713081	0.37791939881745	0.706164422758857	0.796617500646423	-6.68827529612393
3298	0.288577406925923	8.09925913718184	4.61220837793425	1.01204921645704e-05	9.37166651113803e-05	2.96649229894287
3299	0.00361853552190465	6.58219755716346	0.0488394393663421	0.961129212410609	0.974579829917951	-6.75810773723074
3300	0.064955012332129	10.397468757725	0.709523862703879	0.479388792274709	0.605281477252995	-6.50934876172351
3301	0.037845953502033	12.5103247394585	0.606126677292719	0.545586292747153	0.664094131755303	-6.57678330846721
3303	0.622892586501246	11.1060670466408	3.58868045301083	0.000483887196504822	0.00241213533079652	-0.679629964336071
3306	0.0415622647072454	10.6690961115736	0.29199966686685	0.770795848433583	0.842330518910875	-6.71688643894238
3308	-0.167285839973526	11.4375964769669	-2.04321339474434	0.0432419594161702	0.0952730287483504	-4.71824813037912
3309	0.224405448465895	11.1140090530319	2.22316255992426	0.028095230256301	0.067090662595272	-4.35055108252201
331	-0.159672812270868	8.76127554240187	-2.45713713667799	0.0154484396885739	0.0412824690480816	-3.83005751555785
3312	-0.0219478435665563	14.1288838631127	-0.310194000060494	0.756956585497859	0.832079146080169	-6.711439174617
3313	-0.197671973797881	10.8034715724584	-3.39665544277996	0.000928324501565576	0.00412255934566218	-1.28406283417184
3316	0.555101761818868	7.4097554620369	4.10376350545807	7.48342897928132e-05	0.000509169055756703	1.07000510875786
332	-0.181377641491603	9.74079565558996	-1.28249345113392	0.202164748081355	0.3176490049747	-5.9466036771871
3320	-0.0349887417510855	13.8331730573648	-0.508330163569565	0.612163842393007	0.72060329744424	-6.63086768917258
3321	-0.146984439407768	9.90101281270623	-1.49795795759461	0.136794851220248	0.234473017447447	-5.65338314639018
3326	-0.00772011235953568	12.2193300877562	-0.118793695091082	0.905639311177456	0.939653399111391	-6.75227348298362
3337	0.0766585972674836	9.83905237134284	0.663767875465418	0.508124160921249	0.630480031426997	-6.5404880666903
3338	-0.162029087195302	8.66692469326144	-2.74766687323357	0.00693755064848916	0.0216067830625744	-3.11887815808783
334	0.0253819078384446	11.3368804801041	0.305409285080561	0.760588576074622	0.834324254764459	-6.7129035361369
3340	-0.114688574004738	7.10420738742646	-1.30262729838973	0.195219894083104	0.309088810643365	-5.92107034489724
3344	-0.0688521010356572	9.63576791192566	-0.766095868968898	0.445137795802912	0.574057485297744	-6.46800551617242
3376	-0.244415381375732	10.3581273727649	-2.82744605292194	0.00550736628392113	0.0178572481778865	-2.91133560880829
337867	-0.175004910669355	10.1263467236317	-2.31711309575592	0.0222089422271503	0.0556571185668268	-4.14725125944069
3382	0.120291170381981	7.77026346213481	0.986104260144733	0.32608475609515	0.457816058666978	-6.27746442899005
338382	0.357466356029942	7.50645557614868	1.74241532993445	0.0840219306964221	0.160430223659835	-5.26792658129463
3384	1.18040217082323	9.32125838787961	7.66311238768577	5.41925112290265e-12	4.71189623949219e-10	16.9135421697667
3385	-0.0713386016012859	7.82962673791493	-0.64177773812715	0.522253084533079	0.642988594163546	-6.55472075565532
3386	0.28314776408727	6.65772574192196	2.70908982409455	0.00774378777987794	0.0236464647178528	-3.21736266275152
338657	-0.14151884370592	9.19388014019012	-1.50291049757093	0.135514029639398	0.233002890262578	-5.64612775977932
338692	-0.0668563184016711	6.9143656900437	-0.857792907074551	0.392732945803731	0.523748386155703	-6.39433186075488
339123	-0.182947530227073	10.0283377341619	-2.65708086283321	0.00896527342254661	0.0266378267878543	-3.34819083303605
339175	0.0669957815556637	7.90750713772525	0.859833901599715	0.391611286290282	0.522973252351023	-6.39259849274283
339448	-0.086221652434206	9.91373806190167	-1.37739107972281	0.170979213614214	0.277900099262772	-5.82288006675681
339487	-0.273044171166039	9.73425229795571	-3.77097846355325	0.000254840166479201	0.00141463694564395	-0.0812789061279346
3396	-0.1645053987471	9.95877439355869	-1.63070780471296	0.105598677189879	0.191913107500199	-5.45096368376236
3397	0.0711355522409188	9.86308016547504	0.604174603371787	0.546878869637587	0.664981519682978	-6.57795517505034
339745	0.128045539216495	7.65043434029712	1.48807983829312	0.139377749409088	0.238060423928674	-5.66778557652698
3398	0.0370692165505509	10.7921077706537	0.405950658517678	0.68550863522646	0.780218730397503	-6.67735688088594
3399	-0.628194159702748	11.211291067707	-4.42514258103825	2.14981887330834e-05	0.00017991391989389	2.25029364378743
34	0.321478010049619	9.01909463314816	3.84055290462344	0.000198388313499847	0.00115890202935554	0.153215485669225
340252	-0.0694203548098548	9.54276055080871	-0.612923592085073	0.54109768622269	0.659894712564509	-6.57267368331185
340348	0.801701133120139	7.04814700875834	4.94638448083688	2.51286584836975e-06	2.94415204362186e-05	4.29607297625346
340371	0.290283338951151	7.59305137547988	3.03875670101048	0.00292148367098078	0.0106388481384687	-2.33678742835147
340481	0.103758966992606	6.52048378183972	1.42132427484728	0.157840538595531	0.260961338830882	-5.76270706031682
340485	-0.598633810177974	10.0893520480203	-5.99957094174756	2.19384555464994e-08	5.34547618920604e-07	8.85606835520603
341	0.0308671597571105	10.3641719360812	0.217155820667466	0.828459173682982	0.883319062168767	-6.73583618511835
3416	-0.288575176604812	8.49725006405244	-3.61959311620496	0.000434700517403975	0.00222553383178458	-0.579826443511679
3417	0.142115510177939	12.1854471888711	1.73531784460083	0.0852759705257524	0.162262040207951	-5.27989918859544
3418	-0.111255036812698	11.1596751369114	-1.50915236653609	0.133913146903994	0.2307787593213	-5.63695070896365
3419	0.0910458719049686	8.67058582854363	1.14977735966326	0.252543442672698	0.378286179006559	-6.10520998180648
3420	0.0549264584886058	10.1571906965015	0.822044645122123	0.412697224584513	0.543989431090869	-6.42403205443046
342035	-0.0966141219154744	10.8412321039298	-0.614314448743309	0.540181487818745	0.659069289421393	-6.57182711595852
3421	-0.0934049388900255	9.72140602959114	-1.44223410509538	0.151865818799806	0.253621444255236	-5.73342687153501
3422	0.217745930718423	9.57743741616114	1.97486764332391	0.0506010956589399	0.108281101073275	-4.85033901129922
3423	-0.557908103191605	10.6725051060374	-5.83071148340414	4.84508492504856e-08	1.02616414053593e-06	8.09113932571777
342538	-0.151151968187648	9.19065118235941	-1.36210546634214	0.175740021733168	0.284017331151627	-5.84338715809412
3428	1.04875607105152	8.83680934146819	6.95512364055393	2.04864827128062e-10	1.04659347856696e-08	13.3831725471
3429	0.362422050246756	9.96626905792542	1.31662677691649	0.190496463484565	0.303120937850608	-5.90308878094724
3430	0.0901075603856622	8.35736884212551	0.994401889136779	0.322047042716809	0.453669186710195	-6.26935562063091
3431	0.353381955480174	8.59190871864156	4.22560728892256	4.69728799280237e-05	0.000342426817105023	1.50981450253314
3433	0.729100259850603	7.93768632042405	4.57186970610457	1.19254597862313e-05	0.000108127659532679	2.81029794786045
3434	-0.0178860679476584	9.35502961260922	-0.110783378132176	0.911974946382063	0.943812833321218	-6.75318837800172
3437	0.422374345751736	7.6346917283328	2.90177378192402	0.0044228586657111	0.0149296332565483	-2.71332014729245
3454	0.449726574977485	8.00601857701378	4.75533730593094	5.61315216585701e-06	5.70290736654107e-05	3.5282855674902
345757	0.267979959467454	8.96870998372545	3.72404912037659	0.00030120213743289	0.00161974586926802	-0.237552875042533
3459	-0.0112716325517745	11.7981572644101	-0.107997077259107	0.91418007771183	0.944954003491393	-6.75349165125569
3460	0.588473522408875	10.1156147892029	6.61210595493822	1.13477647261579e-09	4.31947173447302e-08	11.722513546265
3475	-0.0670820910028985	9.50556773352879	-0.904244756430927	0.367694475887137	0.500437694979032	-6.35387480703591
3476	0.130007314028506	10.555202208268	2.28018831173071	0.0243786788963083	0.0599666133661425	-4.22807157576337
347734	-0.026735976974136	9.38751303711949	-0.33855782710344	0.735540094997	0.817376723351974	-6.70229182547151
347735	-0.120009154129346	10.011929507631	-0.863158458743471	0.389788446004977	0.521401214559964	-6.38976631635997
347862	0.0995396248941254	9.45588340745412	1.33389475970038	0.184788273189987	0.29591918118443	-5.88065200153134
3479	1.88718851898129	8.12005357907404	7.67813720448373	5.01089960666867e-12	4.45054094097669e-10	16.9897603719919
348	1.2320252940712	9.78268748830822	5.29612533417437	5.50288239512415e-07	8.00243108868406e-06	5.75180021488879
348094	0.515962581128806	8.29545388096914	4.00153450994455	0.000109843449274245	0.000711055557214157	0.708441909577335
348110	-0.0675202231061881	7.75509826968802	-0.78183664847837	0.435865013896357	0.566343403300914	-6.45594382717618
3482	-0.135845142817444	10.0373961528381	-1.95160115834855	0.0533375562522485	0.112850464816489	-4.89434697056595
348235	0.138833556822373	9.63642846660012	1.94469434237765	0.0541736026573126	0.11394804123998	-4.90731697726425
348262	-0.194799219006186	10.1657700768162	-2.76469688290973	0.00660655865640957	0.0208044889446981	-3.07501228800805
3485	0.293076149807835	8.33059822495	1.39589030378138	0.165349091442453	0.270398633006268	-5.79776535969749
3487	0.911709707485307	8.16016331564421	5.30757088026995	5.23087474630834e-07	7.67442724769216e-06	5.80048615360088
348793	-0.201821193938649	7.53541278012391	-3.04847734507499	0.00283530447087486	0.0103764355026257	-2.3095025610874
3488	0.93423047976502	9.32810418560226	5.19540583491435	8.57383841377969e-07	1.16672002138089e-05	5.32616627148007
3489	-0.16961298441508	7.39602811047395	-0.995933691233633	0.321305279990046	0.452841457720319	-6.26785137059493
348995	-0.152870041095076	8.64656091160906	-1.58112968128969	0.116505465503562	0.207221176800048	-5.52848802446075
3490	1.02335030394451	9.52018131508026	3.80871789194469	0.000222558765886032	0.00127308546137024	0.0455037804364364
3491	0.226138281177036	9.76084570567473	1.14904548910385	0.252843884332078	0.378427981175243	-6.10603776781059
35	0.21412579994957	7.85053329119609	2.66902665723793	0.00867023198830441	0.0259478681968821	-3.31833976678205
351	-0.0249039236628021	10.5900224206643	-0.232095469869627	0.816862940638412	0.87479422918103	-6.73249819784005
353	-0.201168272055388	10.4972770383076	-2.24909121394207	0.0263480917957892	0.0637105498340804	-4.2952143992536
353088	-0.171805881552495	8.64224616988414	-1.57300771130866	0.118374808288374	0.209553346862831	-5.54096965812227
353116	0.307224995674168	9.92708411632599	4.76128048049751	5.47613102478294e-06	5.59812404266176e-05	3.55186525924126
353322	-0.243846003561479	9.12473079175527	-0.77868967939746	0.437709798808711	0.568085799764029	-6.45837467412545
3550	0.0121268178021969	10.4974616876001	0.224904620621154	0.822439616780938	0.879284394849928	-6.73413254787667
3551	-0.109049088640144	7.88732025692445	-1.44436095651784	0.151268001804461	0.252929897754017	-5.7304254968605
3554	0.233644221862585	10.3259408366784	1.86027288806952	0.0653183459679595	0.131978849729781	-5.06235545379683
3556	-0.024567155677762	10.2288371925727	-0.143630766092606	0.886035236620271	0.925006452791132	-6.74903096588041
3560	-0.471899903518441	10.3813586444124	-2.05243919660551	0.042322411723289	0.0935464599503258	-4.70009671084554
3566	0.233312178000679	9.460475964479	2.29219639872142	0.0236534889700248	0.0585664924737424	-4.20191867871103
357	0.128768616411483	7.91216002733106	1.61063435271735	0.109911594647969	0.198138317719822	-5.48262804433091
3572	0.625759960998387	10.8425869940827	5.03584112665752	1.71373247846627e-06	2.10960212699424e-05	4.66238670605623
3587	0.566809166986031	7.36827685216406	3.00622568020953	0.00322780473437903	0.0116021179747479	-2.42755683602055
3588	0.386673064700911	11.1963446918576	4.10879706211725	7.3421329473127e-05	0.000501206761527297	1.08798464496731
3597	0.353427792779092	9.38983069000374	3.93937283268496	0.000138277193949139	0.00086462499774405	0.491974702127194
359845	0.669068110447239	7.71586589192119	5.11222649090147	1.23207050291699e-06	1.58272198352944e-05	4.97850846176975
36	-0.239622731994717	7.13889414890922	-2.87369244815686	0.00480719785039315	0.0159541223919723	-2.78865580092277
3600	0.133601760112641	6.10687673471432	0.866810813808697	0.387791909807915	0.519579270004853	-6.38664245058373
3607	-0.0114492211978258	7.77702842991038	-0.17940426723524	0.857925710340419	0.905387296206958	-6.74328245696205
3608	-0.0222402306954582	11.4606753081423	-0.243982901718278	0.807664638444913	0.868547052929955	-6.72968371535474
3609	-0.0472838392723736	10.0147614875164	-0.755882534415549	0.451214843168282	0.578911867749303	-6.47570177062982
3611	0.0326875461863993	11.5505866389184	0.48449552069201	0.628925721889001	0.734788382825446	-6.64261698384715
3612	0.214149126929075	8.36858661726706	2.07969080577573	0.0397034185676638	0.0887791655032223	-4.64603614075966
3613	-0.285198155382274	12.4758858609995	-3.43000301930602	0.000830498021553981	0.00377332984490423	-1.18103671938642
3614	0.0457391182551268	9.47897948487116	0.477230628331798	0.634074109040813	0.738709751858549	-6.6460864876215
3615	-0.45256490932772	10.9098088283917	-4.63918923484451	9.0638616478694e-06	8.51734894327659e-05	3.07149373492181
3620	2.88222545578315	7.03026416652532	10.9884328984198	8.20277083088913e-20	1.18123845547673e-16	34.4585419596076
3621	-0.0497213872542092	8.40588452984781	-0.58478666527908	0.559799444919468	0.676903225013849	-6.58939013494383
3622	0.0948787565800018	9.67056386150654	1.12845313473629	0.261400821219309	0.387434197608378	-6.12911753236239
3623	-1.4315551882936	10.9338404753657	-5.67707188254816	9.86401826306508e-08	1.87302967477971e-06	7.40560118587529
3635	0.728943618349535	7.51554845506203	5.62332671693965	1.26197389611546e-07	2.32676437096287e-06	7.16822911935457
3636	-0.0934006510837633	9.72780936255249	-1.25369560904808	0.212412590029174	0.32998457657344	-5.9824520843119
3638	0.404184222168834	10.8195718502865	3.75697609473414	0.000267911603367852	0.00147137622594312	-0.128067397973943
3641	-0.615462192681943	13.5452563776631	-4.16546021567719	5.91796011115416e-05	0.000415313088514302	1.29151419254408
3646	-0.128064767409816	13.2725420918865	-2.35286561387437	0.0202720075026929	0.0515855767012456	-4.06786880191018
3652	-0.0736466610335392	8.19013993549153	-0.81613909792801	0.416052959166778	0.547577667737028	-6.42881822445353
3654	0.0256385508380773	8.86469144544403	0.337954223202183	0.735993761237318	0.817406195200079	-6.70249480214838
3655	0.336643273629641	10.1582171079004	3.10917259776484	0.0023482304476341	0.00886894535777671	-2.13746098372335
3658	-0.0672654585138742	7.90261177302173	-0.937324949345609	0.350491834779384	0.483396653076927	-6.32378150908901
3659	0.338840332121604	8.66119034725641	3.60279303394234	0.000460813243919823	0.00233087409355648	-0.63415156224439
3660	0.333224020820406	7.12058422161735	2.87296249149275	0.00481758478609584	0.0159748094472708	-2.79060562760238
3661	-0.0619921246102784	8.98360894791189	-0.912064816380653	0.363580491916159	0.495982636371177	-6.34685703272511
3663	0.414805696720286	7.23405857484715	2.89511088724811	0.0045114099679391	0.0151627989151092	-2.73125259221387
3664	-0.035012300097259	8.73333935821026	-0.483467896289509	0.629652864402707	0.735322021768183	-6.64311091798124
3665	-0.237454727203677	8.48646069210758	-1.86619712216808	0.0644782096900518	0.130600787650767	-5.05168695923516
3667	0.977556900207355	7.56636196355284	7.20853909796105	5.66207950324883e-11	3.54308914369965e-09	14.6321405804741
3669	-0.298808392606839	9.17293596537512	-2.23445516619177	0.0273222452871715	0.0657006538783223	-4.32652293336611
3670	1.11824767231762	9.10167870655502	4.96088042642815	2.36239337596271e-06	2.79962256606198e-05	4.35514247559285
3671	0.0905693882136983	6.94486468527875	0.475499905802262	0.635303276674975	0.739703068969236	-6.64690532986428
3675	0.297856727914777	7.9898094104939	2.75355499994867	0.00682144134962722	0.0212944465411643	-3.10373845590966
3678	-0.0624680715759931	11.2641135377355	-0.405880115134108	0.685560327814574	0.780218730397503	-6.67738533559866
3682	-0.187585374773788	8.80424867095472	-2.69650143885118	0.00802472566954801	0.0243066498094854	-3.24923421765648
3685	-0.0567208147009093	11.4674374577986	-0.69373933120195	0.489199058696292	0.613914345917862	-6.52032349562606
3689	1.40011824116418	9.27157563229498	6.30214978910591	5.16305540251707e-09	1.54517527626054e-07	10.2549614195635
369	-0.070284616491877	9.29469459599952	-1.07364365505574	0.28515695034938	0.414964205131586	-6.18855582672618
3690	-0.149593232048229	8.26722925892106	-0.873911635349761	0.383928396409076	0.516153736057775	-6.38053183788772
3691	0.354378081814513	9.73314529527402	2.6738240781185	0.00855423761217817	0.0256413374490951	-3.30631823650533
3692	-0.2617268979772	10.7504034834864	-3.28550752998487	0.00133811300617685	0.00557941112116144	-1.62145498991395
3693	0.428380331329717	11.2061138185538	4.18528885725485	5.48531788187749e-05	0.000390592462968173	1.36322566214527
37	0.171613682508644	13.2694108414749	2.15169801366392	0.033443701558683	0.0773362191698548	-4.50001076533776
3703	-0.27278587034113	10.9654794192969	-3.89842495413206	0.000160706857092888	0.00097319548356837	0.350799077514625
3704	-0.145271457468509	10.0131796287804	-1.96614634945726	0.0516125564462676	0.109908776991269	-4.86689232708457
3705	0.148780356065132	9.3076045046618	1.50519273004099	0.134926966875675	0.232380472559022	-5.64277657207047
3706	0.0263310026456669	6.80673854858286	0.314266967528926	0.753869143092356	0.830094153640395	-6.71017473703558
3707	0.66667598258284	7.07415699458439	5.90073275346653	3.49306172892913e-08	7.86176835993314e-07	8.40690741049508
3708	0.481252244058445	7.85557840562164	4.64761235189447	8.75644280258925e-06	8.28501919236966e-05	3.10436042536639
3709	0.330752275432858	6.9855348996989	3.90156692684607	0.000158869800515122	0.00096632146705074	0.361591465042288
3710	-0.0155927854182391	8.06510967550377	-0.0939907843346169	0.925274712766811	0.952689102541561	-6.75489916426572
3712	-0.177889784054357	8.04372046549711	-1.65705843438404	0.100144615148807	0.184016022730746	-5.40882887404777
3716	0.218339987971874	8.22695693776295	1.69086581107409	0.0934827223716271	0.174343483131551	-5.35382735761671
3717	0.271314789978996	7.7035907948802	3.18074622949296	0.00187390627538894	0.00734272572804204	-1.93089897317684
372	-0.227357156168229	11.0383957094176	-3.38334528579937	0.00097030937477787	0.00425863731969458	-1.32495353139505
3720	0.113070406627856	9.30181633115914	1.64009887929794	0.10362815957202	0.188955540411675	-5.43602127925667
3725	0.621287182232716	8.60988957568506	3.28055327619198	0.00135982914889654	0.00565283783084319	-1.63627722335877
3726	0.632521456058891	8.25768534468986	4.84969179819643	3.78315162441545e-06	4.1389182010161e-05	3.90496984145708
3727	0.221557429776109	12.8180567879219	2.8869615153161	0.00462192709455646	0.0154438178806781	-2.75313715825169
3728	-0.371884507774892	11.2889942878758	-3.67954677076182	0.000352467948592479	0.00185556740304262	-0.384318796865825
373	-0.0490503316427616	7.65620872746028	-0.753309638897097	0.452753208359435	0.580434813138125	-6.47762444549512
373156	-0.0330993144313871	11.2848962618495	-0.434626243202245	0.664621667540719	0.762574659520258	-6.66538182660163
3735	-0.251480635270103	9.38475957742046	-4.18465807659648	5.49860107241005e-05	0.000391201075435892	1.36094052591594
374291	-0.151397524081411	10.7398419580775	-1.92532828085122	0.0565770590423562	0.117773817462163	-4.94345364021618
374378	-0.395006236810678	8.60492968843539	-2.37014713318518	0.0193904408150187	0.0497716100472512	-4.0291016353359
374395	-0.0972702012271312	11.324453736906	-1.25996896715205	0.210148425125878	0.327390794330394	-5.97471031391495
374659	-0.32574255840572	9.07620816751806	-4.69284291980817	7.27063132431168e-06	7.01581947883346e-05	3.28154742292764
374868	0.148076469471715	7.33611929174128	2.44067362762695	0.0161345699755486	0.0427099203335243	-3.8682257935298
374969	0.167219132483954	10.095236370928	2.00098633787804	0.0476720029754834	0.103276095917315	-4.80035509571773
375	0.0175714971295694	12.25901029849	0.239860770710573	0.810851298196361	0.870350456377924	-6.73067557937132
375061	0.30756614237675	11.6256329136188	5.92659752216999	3.09389116586317e-08	7.07682040298881e-07	8.52406218892602
375748	-0.107685121987035	7.08477731916338	-1.37463012642527	0.171831816473172	0.278846916319921	-5.8266005453507
375790	-0.326573470485148	8.14606225263828	-2.82343149154189	0.00557234467246417	0.0180217568498646	-2.92190339944373
3759	1.17711324148824	7.20232187793986	7.89380201509468	1.61943834328242e-12	1.63128789213571e-10	18.088955064435
3762	0.846416800044274	6.52510351160998	8.24108996861357	2.57979084795275e-13	3.87437680074358e-11	19.877532270021
3764	0.615617923556146	7.47328698700098	4.6410276533275	8.9958866091934e-06	8.47275067182868e-05	3.07866367482804
376497	0.325755573671786	9.01558982974136	3.60070958669625	0.000464153000897926	0.00234143348543811	-0.640874553397686
376940	0.116333602483215	7.25612681132881	0.88317875867894	0.378922238995241	0.511755672678334	-6.37248300334889
377	-0.02025229736968	10.0762667433473	-0.33809267722142	0.735889691512607	0.817406195200079	-6.70244827552465
3775	0.121772316362899	7.81675690730012	0.807785762572516	0.420827365011336	0.552014298077439	-6.43552994689137
3777	0.879167426228419	8.4298192228558	5.98250463462557	2.37795023581454e-08	5.72649240461461e-07	8.77822888153746
378	-0.0463835063050948	12.8314716852664	-0.842606021988333	0.401140907722921	0.53210597362957	-6.40710194062057
3783	-0.216990126133199	10.7496981109128	-2.67848775918454	0.00844282542855967	0.0253591774690556	-3.29461352398448
378708	0.0913990705161343	8.08568522593427	1.20553146172632	0.230392316357229	0.35169849068762	-6.04063569589399
379	-0.106904872190525	7.23627697300644	-1.21886172098316	0.225309849384323	0.345472314073605	-6.02475471809037
3790	0.79785019735008	8.30265138756078	6.19469789264168	8.6633827907732e-09	2.4257471814165e-07	9.75419487457457
3791	0.642566431520115	7.54218724128101	3.88417456996432	0.000169295874069532	0.00101258792166136	0.301934420288764
3796	-0.252235852286886	10.7475362602307	-1.83978496219738	0.0682945815806059	0.136535207022487	-5.09900393120602
3799	-0.2188618649084	9.54727605421115	-2.66566442796394	0.00875237205414432	0.0261431985316756	-3.32675355594055
38	-0.249470819300466	9.4624799615031	-2.36409769102013	0.0196950999996192	0.0503771679556483	-4.04270152366787
381	0.152442198430402	9.84797072261495	1.9138488261328	0.0580437128060059	0.120251082964035	-4.964713789806
3815	-0.0789685457645142	8.25822264605379	-0.509353126024453	0.611448932345082	0.719966953837545	-6.63035084829727
382	0.150139338565298	8.28889256243996	1.23784773044932	0.218211732032117	0.336588031108363	-6.00184188825935
3824	-0.27483737032273	6.59032429550601	-2.13952217750675	0.0344379316190459	0.0792139557709049	-4.52502565361454
3831	-0.0157796970536178	9.67513355124667	-0.276775326106406	0.782433292354348	0.850605290187801	-6.72119191709278
3832	-0.284102478592111	8.87204949985335	-2.61424587493232	0.0100993491351319	0.0294564349774681	-3.45425281535864
3835	-0.520436711324896	9.54469507436867	-4.7798376267045	5.06883916101282e-06	5.25327621956913e-05	3.6256189224893
3836	0.0335336637110585	8.64763093488284	0.563234792078819	0.574335837008455	0.689837721926689	-6.60166618205038
3837	-0.0777707031064268	12.0431853724274	-1.28181002161274	0.202403646189996	0.31796388693978	-5.94746360354814
3838	-0.0258299017900147	11.3067471842144	-0.20648361450238	0.836766399063276	0.888963402734747	-6.73808485814942
3839	0.0632585861673418	8.92342643950514	1.11260518393953	0.268122882383592	0.395198966539699	-6.14660167930207
384	-0.23932716864226	8.50712695694668	-1.83974386779141	0.0683006628834038	0.136535207022487	-5.0990770553923
3840	-0.0585464455291095	10.5171376733117	-0.980574230620906	0.328794152551186	0.460389845748906	-6.28283150546456
3842	-0.0606073576243882	11.1672268619659	-0.830517185529627	0.407911304876528	0.53892312512478	-6.41710588422515
3843	-0.192369739753154	8.94703019474591	-2.28221264240203	0.0242550750395806	0.059751541851159	-4.22367151038935
3845	0.171087321891957	9.59475287800537	2.51698799381688	0.0131680339028409	0.0362680760378345	-3.68935595493171
3855	-0.196616990730273	11.4566355456962	-1.53612940003745	0.12716400435987	0.221703862236129	-5.59686747084884
387	0.225231002467859	12.9238652407711	4.93104564126944	2.68222502866269e-06	3.08998308741336e-05	4.23369179279965
387032	-0.00966660886741799	7.04264743096038	-0.156631823633656	0.875800719869671	0.918384403468768	-6.74708901516223
387338	0.14095095041067	8.96988668935273	2.40241906249388	0.0178346013115245	0.0463980493962812	-3.95601746392015
387758	0.439491536391416	7.47910653858459	3.7220392019308	0.000303356377256108	0.00162837713954496	-0.244211485233582
387893	0.0908401857125316	8.57410340049094	1.40842378921586	0.161615642469828	0.265535039020985	-5.78056562601976
388	0.541615830341292	9.56927283955125	4.30031565951209	3.51508664960779e-05	0.000270592877220507	1.78415726384812
3880	-0.482772935081472	14.0139380358398	-3.42220971382786	0.000852452313607844	0.00385822252624701	-1.20518761942231
388272	0.0181860033863512	8.61016359089129	0.254192418692876	0.799786065775336	0.863559856641081	-6.7271544197724
388403	0.53360528278336	7.55078218632651	4.82437933571258	4.20747669678388e-06	4.47281306504953e-05	3.80343105571581
3887	0.0186214911557528	7.58379769570257	0.0792103760508283	0.93699847613606	0.960368211053959	-6.75617281732424
388886	0.346214835829605	6.85550664041294	3.61143630646155	0.000447199076380798	0.00227875655206995	-0.606227717274299
388962	-0.151286735829463	10.6124145385377	-1.48386172693679	0.140492204770762	0.239419354529914	-5.67390768329026
389	0.181001576234815	12.3257109833773	2.72754387877593	0.00734805777842556	0.0226136204358402	-3.17040373225496
389119	0.612529475297055	7.961932304679	5.33661202761977	4.59826664474716e-07	6.89322731136326e-06	5.92430596830632
389136	0.0430842940684785	10.6839237440901	0.325761714332125	0.745177363252186	0.82442606756805	-6.70651742769829
389421	0.1229221638373	11.678241980708	1.47045555692359	0.144080324289372	0.243923648007832	-5.69325404165166
3898	-0.0724125976046392	9.54796902478951	-0.614744485424142	0.53989836908756	0.658821174274375	-6.57156498131616
39	0.109107826032288	9.88787545085906	0.730807032913005	0.466334961717759	0.593151645178425	-6.49416342434871
390	0.848235150618152	9.5903254268863	5.77570991425152	6.25627952548297e-08	1.2791304178339e-06	7.84455369548392
3903	0.318144442889482	11.4044642500973	1.74268605883239	0.0839743970754969	0.160376536380024	-5.26746897526067
3904	-1.63272085204484	12.3915526925297	-4.44960028548368	1.95032950542064e-05	0.000165567540747939	2.34274271506329
3908	0.935921992095631	9.45899749755231	5.4231212926311	3.1249356224434e-07	4.99264376042214e-06	6.2955627804149
3909	0.0932291859764622	6.6256408042978	0.539182194944325	0.590769536036409	0.70333761424917	-6.6148252766235
391	0.205082030618983	10.0502982108319	2.2011107624861	0.0296598613228874	0.0701331706683447	-4.39714961477266
3910	0.414084389667529	9.15062953197929	1.90496585852869	0.0592004720615606	0.122157356789531	-4.98108322347943
3911	0.0501989509738767	11.3641733165199	0.479854618587087	0.632212487398775	0.737060712196738	-6.64483936871729
3912	-0.0103277602360562	11.844920920275	-0.113667359285167	0.909693231962373	0.942320804616152	-6.75286633882586
3913	-0.00908159946679322	9.86437435009163	-0.0700433640198726	0.944276836414101	0.964715728977176	-6.75685354625496
3915	0.292685246753343	11.8926483471615	3.62693229351568	0.000423737694611704	0.00218209062187823	-0.556030969058589
3916	-0.176411241385597	12.8544566729806	-2.36764553175167	0.0195159160135574	0.0500314917045264	-4.03472937215261
392	0.19994650309906	10.4890521418235	2.81299691366495	0.00574452516900841	0.018484525865216	-2.94930971005943
3920	-0.23495203617514	11.8389564499612	-2.15987020851824	0.0327904238299254	0.0761962733346651	-4.48314768069461
3925	-0.0274965923183176	10.8730440736181	-0.304436743364404	0.761327471816507	0.834802192646269	-6.71319840321727
3927	0.337686914897295	10.564026145358	3.31821715414083	0.00120267001924529	0.00509961722739533	-1.52312792355315
393	1.13208301510011	7.87507107646333	7.12760840503246	8.55334944009391e-11	5.08278175360976e-09	14.2313604595906
3930	0.0193606116247861	9.50195263521573	0.16356555611279	0.870350915283052	0.914294615317056	-6.74598460137002
3931	0.0326900170450943	7.72838673921403	0.364089291348218	0.716438107890273	0.804046028692073	-6.69337525939647
3936	-0.437271447541985	12.0607766608638	-3.48779610828841	0.00068351510247547	0.00321100592338353	-1.00054333949949
394	-0.141815467021933	7.54846389489038	-1.79046743013308	0.0759240408635834	0.148223251603214	-5.18564952863608
3945	0.247557835421835	13.53018260588	2.41466641860741	0.0172737883220591	0.0452382661826912	-3.92804718489072
3949	0.213642933848153	11.0307016686119	2.50324512935738	0.013663205112374	0.0373578531043393	-3.72193289933078
3952	-2.32180657514954	13.2180693030371	-8.10242306168719	5.38528206655004e-13	6.83511933992174e-11	19.1608266539852
3956	0.159932088713164	13.0213821515841	1.342342909311	0.182042740724764	0.292202300502633	-5.8695717624634
3958	0.197994337388164	12.7466411723198	1.49903677692475	0.136515045145421	0.234285117993181	-5.65180465783498
3959	0.403798771802049	9.72060439441281	3.06397110977886	0.00270278905212997	0.00998883112778235	-2.26585956088012
396	0.314136805877595	9.87514818292765	4.25444349345192	4.20162225263033e-05	0.000313540720911425	1.61528970297276
3964	-0.024672455975996	11.0335849724492	-0.255356020213754	0.798889419169224	0.86270448455194	-6.72685957635806
397	0.242485038289357	12.1131121393685	1.84408158396402	0.0676612345138131	0.135716803565832	-5.09134993261004
3972	-0.404977299406471	15.1980780649494	-5.18211938314845	9.08707384696625e-07	1.22202689720962e-05	5.27039777268002
3977	0.104850160519382	11.8042410973873	0.688948759608086	0.492197970468182	0.616273341832224	-6.52360586735702
3978	-0.213072940740523	9.22849316746084	-2.43499695692082	0.0163773634596756	0.0432471298519567	-3.88133260942083
3980	-0.493237996880229	8.11523487415363	-5.46675513425347	2.56844899817131e-07	4.23221527996431e-06	6.48417133898522
3983	0.576915810556876	7.97149273249425	3.4376327572056	0.000809519913673296	0.00371067396611622	-1.1573492178733
3985	-0.0973432072316649	10.8234759058339	-1.32304099435805	0.188360987794533	0.300533467101187	-5.89478772912747
3987	-0.0429121748956315	10.9542542791789	-0.522212945062237	0.602493833064249	0.712979808182048	-6.62376532937368
3988	0.557538017603195	11.4529300573473	5.12959951297329	1.1425317609272e-06	1.47920256195277e-05	5.05082890333245
3992	0.478635137021735	9.12714108273732	4.3263417116361	3.17496013940229e-05	0.000248348540671991	1.8805511466561
3995	-0.00417643897619421	7.93573598115762	-0.0318250023659696	0.974664978988652	0.983355652430227	-6.75879060293619
3996	0.112689357139249	8.05982104547128	0.983985113335468	0.327121274493043	0.458809219904288	-6.2795246396773
3998	-0.585763000274145	10.1378064789594	-4.3235757016993	3.20954669474413e-05	0.000250575195638814	1.87028653091587
400	-0.152746083740977	10.5151458599235	-1.91939006278404	0.0573317988065845	0.119074844893736	-4.95446622930301
4000	-0.0954030731912156	10.8556255810801	-1.39133231852771	0.166722994073444	0.272321916362794	-5.80398341995414
400073	-0.101099968701247	8.06570788321427	-1.22051948799879	0.224683500599204	0.344767920295267	-6.02276783518017
4001	-0.563738415686774	7.88094412190715	-3.592627326408	0.000477326490485426	0.00239097441565168	-0.666925397359364
400451	0.277131051697002	7.02370238944322	2.02840588038267	0.0447535734393975	0.0981062942169382	-4.74722210883316
4005	0.176601257067503	10.9770829582372	1.21839995598337	0.225484541210888	0.345676004157746	-6.0253076882911
400569	0.0589459400595971	8.36624405597082	0.836951076452886	0.40429943581949	0.535456175609724	-6.41179939171592
4008	0.493853654731206	7.85802488205211	5.4977390275139	2.23341045683382e-07	3.78032179783757e-06	6.61864278396317
400916	-0.388937017304746	11.5611020854947	-3.88697398881121	0.00016757482068738	0.00100411371759882	0.311522757203417
401152	0.114695850828042	10.1392951231223	1.2853895281563	0.201154711180425	0.316362893059846	-5.94295473765629
4012	-0.550521038636307	11.5191376827656	-3.26568322201804	0.00142700254188448	0.00585837027632493	-1.68065396890831
4013	0.298830929222889	8.30532824490249	1.53846406877991	0.126592746740429	0.220928816411567	-5.59336647253999
401494	0.213864551739462	9.56740725429774	1.40369185379008	0.163017536678546	0.267326752623544	-5.78707674181326
401505	-0.246052703677417	11.1276871941382	-3.00127219158547	0.0032769670941287	0.0117379653935399	-2.44130488762663
4016	0.773357912305773	8.70137903641898	5.19313341355637	8.6595688244791e-07	1.17259079492127e-05	5.31662169740207
402	-0.0378220115039736	10.8188571631218	-0.503922568233064	0.615248417466553	0.722455146991877	-6.633082748436
4023	1.25844554847937	7.78798337915085	4.48034126661844	1.72480327270565e-05	0.000148654193049966	2.45945484846576
4026	0.243217232513593	9.4662284541816	2.30082122699621	0.0231443822711782	0.0575647689129576	-4.18305683451566
403	0.298895612738874	8.00563909575793	3.51125918147036	0.000631140037482588	0.00300473585568079	-0.926566999917992
403313	0.249728715871777	8.94216633144655	2.54278462511228	0.0122817507016951	0.0343625591983253	-3.62777414427576
4035	-0.0579749162234963	8.37307404854692	-0.602242644268102	0.54815963725962	0.666146624064214	-6.57911126744488
4036	0.19699816521262	8.51403848991125	1.97022065624764	0.0511379217442519	0.10919249487251	-4.85916768648584
4041	0.310119254238434	8.65017903525652	2.57920686057825	0.0111215000654859	0.0318528399933818	-3.53987046364266
404217	0.264649969913422	7.44029046940058	1.99860146108655	0.0479333308627815	0.103673556671007	-4.8049445450345
4043	-0.139958924810806	11.9430793604838	-1.41428822721681	0.159891043747419	0.263297452422982	-5.77246680061191
404550	-0.535144501636303	8.60874489174026	-4.9068845714217	2.9717149896717e-06	3.36712836964174e-05	4.13568938333436
4046	0.595201386784584	7.95854908596651	3.75829426319126	0.000266654445556085	0.00146544625435347	-0.123668597686036
404672	-0.0702942662405734	10.4886803994733	-1.34505614633372	0.181167508354114	0.291136890857001	-5.8659988018886
4047	0.0619401046326428	10.2140697973341	0.35015821598549	0.726839606793624	0.810779518381522	-6.69832068011155
4048	-0.153318766383825	10.7454738487063	-2.00934099696606	0.0467660692950735	0.101734983507323	-4.78423710661107
4053	0.700709817958948	8.00182805863537	4.05453221132901	9.00979240847792e-05	0.000599684813005863	0.895026144650179
4054	0.386981369388052	8.72763235725525	3.43197860653119	0.000825017645047142	0.00376291869027576	-1.1749073806456
4055	0.0622957566353131	9.78550573110343	0.761953324280363	0.447596941235777	0.575708755083193	-6.4711394580374
4056	0.744599897290015	6.27969761562521	8.27834211693832	2.11587236673531e-13	3.29756712249692e-11	20.0706123983111
4059	-0.236054838238965	10.0196755254743	-2.36480042521617	0.0196594932358333	0.0503214794322848	-4.04112331248098
406	0.10707662709427	8.05883013250763	0.900295145975928	0.369783405920788	0.502122461434442	-6.35739656420524
4060	0.447623740123101	12.404586663066	2.76528219093761	0.00659544265000574	0.0207774051445642	-3.07350042342959
4061	-0.516590163958521	11.8392082891183	-4.33599020293813	3.05709917694386e-05	0.000240939985879693	1.91639370623531
4066	0.95009843728059	8.17750589052944	7.39648280290433	2.15863458321099e-11	1.5239591160105e-09	15.5693838572567
4067	-0.139441671004273	11.0762196512423	-1.09800768721267	0.274420125439038	0.402755905495105	-6.16249202817352
4070	0.345618418106652	10.6173346449664	1.3702411385648	0.173193794806054	0.280616073969793	-5.83249997642612
4071	0.896526124566067	10.1856442999668	3.78937183679323	0.000238587918840107	0.00134521242977425	-0.0196110061409493
4072	-2.11901880334575	8.58544313457426	-6.7970445133745	4.52857367013449e-10	1.96873781659531e-08	12.6133633535627
4074	0.0911710479531316	9.58315432509217	1.22010929969977	0.224838363297295	0.344877415196965	-6.02325970314758
4076	-0.0312546753838528	10.0580880947116	-0.525024902193217	0.60054368803067	0.711385467249868	-6.62230354880282
408	-0.062540143403217	9.11682293997661	-0.985362861188053	0.326447143477285	0.458035231038283	-6.27818570450648
4082	0.554246417942175	11.4263523696364	4.8779259550158	3.3588158386494e-06	3.73402676005977e-05	4.01864483762064
4085	-0.152830463568702	9.22217764162262	-1.26013639140252	0.210088242048994	0.327358777461741	-5.97450318517325
4087	-0.0977662341375082	8.6134146610034	-1.75203864284505	0.0823457917317407	0.157960111403664	-5.25161910916795
4088	0.368414442368964	8.05335967528835	3.04462557149949	0.00286916762972934	0.0104817888640267	-2.32032299567896
4089	0.260397428964929	9.55735529839878	4.88092500508003	3.31655730518145e-06	3.69699910132237e-05	4.03074512894835
4090	0.334238162688353	9.13203196683642	4.37112591403914	2.66247040940165e-05	0.000213100829279628	2.04740374715315
4091	0.381441896723983	8.38786827764336	3.75670820981865	0.000268167776284136	0.00147176280439178	-0.128961196577523
4092	0.579006389387376	9.62246000581946	4.50325786475179	1.57327307288938e-05	0.000137515720445146	2.54682995975949
4094	1.15266149116072	8.10014090593732	5.5111946501003	2.10159647368135e-07	3.60897855979375e-06	6.67717998382294
4097	-0.197057048398319	9.13178065978304	-2.53677012838114	0.0124834640517144	0.0347886008998519	-3.6421822769363
4107	-0.0899527794129394	11.2220406572957	-0.875991569954705	0.382801249505449	0.5153933693423	-6.37873263180621
4109	2.21813256610085	7.82711497272619	6.55757959906479	1.48475548652431e-09	5.49958758685687e-08	11.4619666302562
411	0.309194318453191	7.60261694487018	3.5145185722895	0.000624170730465811	0.00297327003093864	-0.916258747634623
4110	-0.310558524479804	6.67128289156188	-3.16098346200335	0.00199509168580442	0.00772595280109918	-1.98833073429207
4116	0.101793710724988	10.3322080263838	1.13493951317372	0.258683873136007	0.384511209664102	-6.12189169100716
412	0.445237388371636	9.13056451972157	3.41025755487437	0.000887183844545636	0.00397835969378228	-1.24213916106785
4121	0.587935743152085	8.26881979538436	4.28121990507625	3.78665052924769e-05	0.000288695681363103	1.7137003482968
4122	0.141772291440966	8.58201772045731	1.32165281874351	0.188821628073819	0.300919669668096	-5.89658757698621
4123	-0.0804075019423053	8.47191452915261	-1.02667545330156	0.306657852084256	0.438537717835172	-6.23718149044722
4124	-0.374557270431713	9.91475505841085	-4.66128672652468	8.2787347838125e-06	7.86004015106796e-05	3.1578045773491
4125	0.36622708656067	9.2381458919045	4.40926508590971	2.2897021100616e-05	0.000188563703181544	2.19047185962851
4126	0.235310561710449	9.65018033159011	1.73009561226474	0.0862084280371809	0.163696923123475	-5.28867882369189
4128	0.0838620638697316	12.8282730460627	0.601780353315096	0.548466329521824	0.666323265458195	-6.57938735865619
4131	-0.317646910568874	7.01959477852346	-2.91240824570731	0.00428482375566234	0.0145349668261893	-2.68462474251444
4134	-0.0293912031464892	7.95499229809252	-0.398396401343914	0.691052646480174	0.785049492494325	-6.68037598978082
414	-0.26526492928749	8.95825635948995	-2.08752425624136	0.0389768553470477	0.0874075170061158	-4.63037389866221
4140	0.100862498164636	8.59322643053107	1.79421258769482	0.0753209474879242	0.147219835837732	-5.17914782461529
4141	-0.205279400416118	9.89069249419265	-1.81250121959583	0.0724325046214417	0.14268840643289	-5.14721358847671
414328	0.0884470906044455	7.52631359579952	1.03629242963394	0.302169131516008	0.433939897744723	-6.22739894509275
4144	-0.013260230271473	10.9272788222777	-0.149600559647502	0.881333278538504	0.921728650383394	-6.748160138734
4149	-0.0493049804469193	8.82303289986704	-0.580814859087971	0.562464736355734	0.679333049027396	-6.59168694219927
4150	0.790292170209837	7.12793230781334	5.42775114078609	3.06070556866426e-07	4.9211541524139e-06	6.3155327743141
4152	-0.182096433222811	8.23802888857837	-2.20101936512573	0.0296665010066824	0.0701331706683447	-4.39734186066413
4154	0.277334208220061	8.90444876293231	2.49710993405519	0.0138895916396996	0.0378445952746087	-3.73642441326609
4157	-0.219365549562674	9.22782311536602	-1.78973516261376	0.0760424250615225	0.148401169787965	-5.18691926339315
4162	0.314556064108198	8.67301914352709	1.67625932003157	0.0963154665647356	0.178457997717523	-5.37772070245634
4170	0.215016955675899	11.7514966814767	3.02680155686233	0.00303079119252529	0.0109799716009907	-2.37024225514087
4171	-0.146615942019273	10.1799493012969	-1.71793913704139	0.0884113584325319	0.16692064472062	-5.30901891540626
4172	0.02927800741582	11.4685353528715	0.399868918984388	0.689970648312021	0.784251762083018	-6.67979192588656
4173	-0.362821138503921	9.7404637247131	-4.87511818478906	3.3988527012338e-06	3.76334092656718e-05	4.0073207618971
4174	-0.143104259713333	10.1978166276233	-1.64107323746395	0.103425416861128	0.188669157083241	-5.43446625716096
4175	0.00232342684613026	10.3568159815562	0.0258939079872845	0.97938537641062	0.9868846162366	-6.75896093316072
4176	-0.251231764134724	12.1097797049216	-2.6572642595234	0.00896067602899877	0.0266337473909787	-3.3477334441155
4189	-0.196353749701317	12.3878986888036	-1.9510222307517	0.0534072119293522	0.112931399486331	-4.89543576801379
4190	-0.0203896097813559	12.8829164363791	-0.316699742217776	0.752026915676983	0.828895426139829	-6.70941163616446
4191	-0.0860040166932591	12.3620445205506	-1.36070321754967	0.176181726604353	0.284675481563372	-5.84525730581221
4192	0.0314976735226103	10.8334302695526	0.24903370044749	0.803764468509354	0.865931199933124	-6.72844537909428
4193	-0.33330958350095	7.29501805102519	-2.96021304394937	0.0037118568078049	0.0129585533526917	-2.55451203535234
4194	-0.140675097953282	7.4207649501398	-1.31122650039678	0.19230832354209	0.305298241871548	-5.91004725593149
4201	0.00962192930994279	10.4282894857771	0.158200605520877	0.874567150174747	0.917556796703087	-6.74684332249934
4204	0.165814690272822	7.62079211588509	1.95347731196652	0.0531123481283407	0.112431572409045	-4.89081638157899
4208	0.885127680054145	6.83077258839218	6.07734357156184	1.51744458627177e-08	3.916903838314e-07	9.21225951815966
4209	0.211099524736	8.5610110847377	2.16378677272294	0.0324812789087565	0.0756614111072557	-4.47504504022781
4211	0.47531750026257	8.3259198016229	3.88687411519284	0.000167635934209294	0.00100411371759882	0.31118058673726
4212	0.35957749299286	8.30727526158125	3.63695133821269	0.000409193300358902	0.00211775480010309	-0.523484627219418
4215	-0.0510090638686106	7.97713666986834	-0.536168201419027	0.592844170656949	0.704893169659767	-6.61643394077776
4216	-0.20159353664104	9.98155542735463	-2.69978504448585	0.00795056731318968	0.0241706610257441	-3.24093334344003
4217	0.144239171219438	7.52042232245666	0.857682013164499	0.392793945666075	0.523748386155703	-6.39442592379185
4218	-0.0325152862984993	10.2574334718705	-0.596134010394341	0.552219126826575	0.669897193066164	-6.58274248544404
4221	-0.409081864886928	8.24634785074752	-5.53847541135426	1.85728780965398e-07	3.2576332702242e-06	6.79611892769287
4232	0.390730382855369	11.2718524896994	2.44860134039073	0.0158008604925471	0.0420338511009466	-3.84987544378962
4234	-0.325467531188421	9.48235148727986	-4.01829578119104	0.000103190103052451	0.000674327730390223	0.767250954444449
4236	-0.0347509273306429	10.0905081393164	-0.525245541563169	0.600390792808782	0.711306360958195	-6.62218852004033
4237	0.185121242751947	10.2791771560935	1.39924222833878	0.164344247012644	0.269128366440215	-5.79318006988343
4239	0.467681257748914	10.825042339284	2.33366247023412	0.0212929663662928	0.0536546376405058	-4.11064382491311
4242	1.12306584915006	7.43903702866061	8.97321222914219	5.06167062552213e-15	1.26695149596402e-12	23.707898780275
4245	-0.409850461697364	11.8345759650854	-3.45200771177037	0.000771341700305414	0.00355738829956601	-1.11260363130637
4247	0.289022972674037	8.94370768291127	3.85167994904043	0.000190545482153763	0.00111942082687773	0.191027263312447
4255	0.11804997329863	9.30391155085276	1.17318476304919	0.24306705027159	0.367447627240727	-6.0784632290789
4256	0.748502422794462	11.058446741353	3.42165891029623	0.000854024409476173	0.00386110652560109	-1.20689282046504
4257	-1.62690913496039	8.6260052575392	-5.4611750783335	2.63380405190561e-07	4.31651219617864e-06	6.46000137467254
4258	-0.00484527932453298	11.4853780863375	-0.0630260470594768	0.949851614644011	0.967539072260393	-6.75731814151293
4259	0.058406060025355	13.875637316002	0.8984018007539	0.370787430178654	0.503237622950326	-6.35907941581381
4267	0.34545354699484	11.1624127187687	3.55748785069125	0.000538815476690306	0.0026335004955396	-0.779641102276792
427	-0.215075352984519	9.87710785184061	-1.50145473430167	0.135889540697457	0.233599918035587	-5.64826281956659
4281	-0.621227472438942	9.23957893000861	-5.89243825762063	3.63147130883542e-08	8.11854324805521e-07	8.3693958576022
4282	-0.270881761886662	14.1691027391926	-3.49367941815501	0.000670010756910462	0.00315703870626378	-0.982031722683711
4285	-0.344064347683352	7.69841063414156	-3.72770835379873	0.000297317351184806	0.00160217811564451	-0.22542301756746
4286	-0.00112189462267145	6.96608640471242	-0.008483741855188	0.993245255309435	0.995293680559982	-6.75925872966861
4287	-0.117568920830957	8.10250392069276	-1.43041965878815	0.155219850660666	0.257971019407868	-5.750021471086
4289	0.287868771823054	8.81171446863528	4.09572203121367	7.71457669214278e-05	0.000522314782599175	1.04131570996406
4292	-0.0442392091932711	10.8677878425439	-0.79249238344079	0.429652327444583	0.56029810936095	-6.44764086572075
4294	-0.0822399126645868	7.46789684735699	-0.980040732536785	0.329056315380729	0.460678841533021	-6.28334771263295
4296	0.277001935707553	7.96902752465291	3.0177100294997	0.00311643148109571	0.0112409275256989	-2.39560816766424
4298	0.329028325098924	9.85747723629872	2.93146549054434	0.00404731560521757	0.0139005517251963	-2.6329748231513
4299	-0.0482668960534015	10.4320075943375	-0.35744516222675	0.721392377036719	0.807083981352201	-6.69575788318352
430	-0.564263751949267	10.2502398627305	-2.45006423148887	0.0157399577145453	0.0419123309871516	-3.84648340517823
4303	0.137818360745242	11.8158970960094	1.6569738673853	0.100161747965791	0.184016022730746	-5.40896512842363
4311	-0.017935436230465	10.5743880506201	-0.163103539193945	0.870713862486316	0.914559575805821	-6.74605967874283
4313	-0.921743358532898	9.04307386313291	-3.56779966610348	0.000520036993033191	0.00255380830110235	-0.746656511188848
4320	0.490607222874136	11.4152239317563	2.46251655222834	0.0152299526058379	0.0409103767558441	-3.81753593956287
4321	-2.66439853984089	10.6578932216946	-5.40922372433476	3.32575330637509e-07	5.25932923790871e-06	6.2356793390961
4324	-0.452912052433794	10.0595553935897	-3.12493927061918	0.00223506279347891	0.00853519125017835	-2.09229943023477
4329	-0.304233807924137	8.95811914759195	-4.1892712808967	5.40216263420861e-05	0.000386002278188262	1.37765871029283
4331	0.0856305396700006	8.90337747750434	1.09234479083492	0.276890381078325	0.405516763777831	-6.16860112246075
4335	-0.0595361477190518	10.0116771667154	-0.867237922185993	0.38755884666686	0.519512507865671	-6.3862762935425
4337	0.364509929391222	8.97551211960944	3.468827761009	0.00072881962270533	0.00339157751185692	-1.06005394856837
4338	0.300096731710136	8.4468114511232	2.35294358199456	0.0202679519460975	0.0515855767012456	-4.067694477528
4343	0.229438307840766	8.52910069553331	2.91952943538521	0.00419461435618089	0.0142994282220611	-2.66535859714755
4345	0.564240562592935	9.98790641020569	3.0444668108793	0.0028705713758519	0.0104822809745962	-2.32076873688427
435	-0.28205372983228	7.71036463988375	-2.52435089676309	0.0129094046943561	0.0357464575177275	-3.67183662177473
4351	0.177561702409113	7.73291153594311	1.95234104390136	0.0532486462307629	0.112691216465822	-4.89295501654437
4354	0.474122698343427	11.5338231401477	3.89934187633301	0.000160168667626033	0.000970647978423355	0.353947929387573
4357	0.0859660074910174	9.30625908876429	1.06850226499904	0.287458951234122	0.417515550763821	-6.19398264424056
4358	-0.0946502450747672	9.68802757729118	-1.26250446749638	0.209238355355561	0.3263208145628	-5.97157065356192
4361	-0.117499961121742	8.15119166849413	-1.4955389270661	0.137423887535468	0.235402612520135	-5.65691860640008
439	-0.408303457527873	8.0619700086066	-3.7565299707336	0.000268338351502908	0.00147176280439178	-0.129555863967275
439921	0.407575228180029	8.57250930519591	2.81759179299892	0.00566811524584889	0.01830282718167	-2.93725222293435
4436	-0.019344298346699	8.71384771893793	-0.186764622809279	0.852163546053843	0.900687254050512	-6.74194186068685
4437	-0.0655966065488484	10.6444310401724	-1.54205812120429	0.1257172941194	0.219725952058028	-5.58796695996729
444	-0.225395630273073	8.56199114131677	-2.74201415078512	0.00705070634754811	0.0218778491475385	-3.13338578092601
445	-0.0900411286335209	10.5623240780009	-0.966976680628686	0.335518831270909	0.467113693965567	-6.29590209103988
4478	0.646573425027252	9.55170248331684	6.0230250878263	1.96350125127273e-08	4.89985508625763e-07	8.96323325116346
4482	0.63680056000494	7.61137488762419	4.81043176893779	4.460657464102e-06	4.71164074852717e-05	3.74763310960996
4485	-0.383651007283137	9.53602167172144	-3.63333369503423	0.000414389608266858	0.00214196380743695	-0.535244608186808
4488	0.0860689472576624	9.30546991614437	0.734286107254668	0.464220265300434	0.59146373459534	-6.49163884565427
4494	-1.50960959591387	10.4653194257094	-6.91922480398182	2.45454900698103e-10	1.20681992843234e-08	13.2077038434639
4495	-1.25139547390577	11.4713091097785	-5.26091702949029	6.42906793772535e-07	9.20348373754097e-06	5.60243887349537
4501	-1.19605331961573	10.9006852094624	-6.79730990862067	4.52257427334959e-10	1.96873781659531e-08	12.6146494702064
4507	-0.160222131850056	8.87856419861516	-2.27065250253315	0.0249683913223524	0.0611440593900477	-4.24875044612574
4520	-0.562635938462514	8.90764413754943	-5.48963929606726	2.31662144229309e-07	3.88928721815872e-06	6.5834463576735
4521	-0.284172088182858	9.44418015378334	-2.89048753470645	0.00457380801153727	0.0153264317141168	-2.74367484354364
4522	-0.388295989341577	8.98875727202607	-2.38527858775488	0.0186465848684378	0.0481615981905241	-3.99494606653016
4528	-0.193739454704914	9.27678935550216	-2.34687019822559	0.0205860176057903	0.0522237424520357	-4.08125785954901
4534	-0.0577157364886943	8.2998249930408	-0.585292679835336	0.559460328405955	0.676792957327649	-6.58909640035995
4542	0.360943394995181	6.83311912513297	4.27587889495836	3.86614506852459e-05	0.000293219785861696	1.6940346965017
4548	-0.372008193352491	9.93697035404278	-4.43427705038917	2.07311428774724e-05	0.000174378044977518	2.28477912187169
4552	0.0822566014733445	8.78011535209116	0.958361683379023	0.339825471718378	0.47191634102115	-6.30409026123785
4585	0.0193298537512515	7.15930898697452	0.116646265814296	0.907337207515307	0.940858150505722	-6.75252501288817
4591	0.0703677836658862	8.35027171669329	0.950927242269026	0.34357067216037	0.47599693928961	-6.31109837542372
4594	-0.0689958761501539	9.56500229492462	-1.10860816144674	0.269837085494586	0.397371069029289	-6.15097313781347
4595	-0.111423740157304	9.7371194263394	-1.45819622719732	0.147423399425312	0.247855312391543	-5.71079725381929
4598	0.00675974914391139	8.40385611775342	0.0775772099881682	0.93829479355512	0.960624069752763	-6.75630021489487
4599	-0.24550543982497	9.71414773460359	-1.17647336125057	0.241756221881106	0.365867789068878	-6.07466328213519
4600	0.154069425922559	6.62436975553237	0.963118690148421	0.337443023509962	0.469363989909324	-6.2995778564491
4601	0.129655477948552	7.50706274452551	0.833653807751663	0.406148035887128	0.537023015275761	-6.41452394161854
4608	0.373295623364004	6.86234877710381	2.7117744684874	0.0076850409041293	0.0235279606627532	-3.21054867729772
4609	0.344770702201997	9.48346990552788	3.33564868158075	0.00113583771934261	0.00486871798742604	-1.47039827729427
4613	-0.904455431773044	10.3024443380531	-5.38617057915964	3.68701383042329e-07	5.6924736895881e-06	6.13654836420828
4615	0.189458740359437	8.5186748364511	2.01220281819381	0.0464591410123455	0.101200555053263	-4.77870160483978
4616	0.763717030428515	8.08664468282329	6.25356830036032	6.52763229685472e-09	1.8918681674393e-07	10.0280235723871
4624	-0.780038079603974	7.21936882742345	-5.21806683728386	7.7629567695286e-07	1.07768105741691e-05	5.42148878210103
4627	0.13130826300638	11.3980042882379	1.36690657911639	0.174234016650317	0.281914393248113	-5.83696988929854
4628	0.117785851652153	11.2767877288634	1.51669183907864	0.131999258074228	0.228003737284217	-5.62581708887401
463	0.0170084959019385	10.3767909081196	0.202024792692681	0.840242661667606	0.891624407165266	-6.73899081721376
4635	-0.242849121831013	7.61435086865892	-1.41460895872424	0.159797131842807	0.263195275976389	-5.77202293033422
4636	0.171699625977407	7.42942975564811	2.15960086060429	0.0328117776338158	0.0762163338738242	-4.4837044131192
4637	0.0241235485450775	14.0699109648919	0.493503509553269	0.622567364859457	0.728902400246508	-6.63824252996893
4638	0.88786319672483	9.46423737955943	5.43744442944809	2.93038204729049e-07	4.75539404923761e-06	6.35737586972681
4641	-0.138170273968459	10.1683108660582	-1.321907759679	0.188736967664478	0.300900859468942	-5.89625716918311
4642	0.117788609510241	7.59310223351299	1.135822550319	0.258315533746387	0.384447983557685	-6.12090485205338
4643	-0.0238651042149655	7.16873354942779	-0.205161311135444	0.837796982376957	0.889600600904186	-6.73835558975951
4644	0.550516823841329	6.6254610292641	4.78748310688721	4.90971988094811e-06	5.11403357082363e-05	3.6560613126741
4646	-0.69246238118948	8.38598242436137	-8.75007419569656	1.68946480358946e-14	3.87638313268027e-12	22.5332241410267
4647	-0.0826786215122389	8.67144112746473	-0.806178262731129	0.421749865630362	0.552926606914565	-6.43681370344741
4649	0.135363307060996	9.21997908325534	1.1411791578279	0.256089034967887	0.381960171331663	-6.11490248073141
4651	0.0530323596973854	9.73369995013424	0.520794479209297	0.603478660513471	0.713736216472118	-6.6244997461946
4659	0.196602566522657	9.1470480402899	2.52031300250112	0.0130506706006115	0.0360409692949016	-3.68145009530241
466	0.11024341329256	8.81486452753707	1.19544401375406	0.234292883033334	0.356598344178245	-6.0525401094698
4660	0.0674039529044797	8.23914714593369	0.70509282731542	0.482131706877252	0.607722859576698	-6.51245430718643
4664	0.457914367798733	8.35526556214204	4.53716218674301	1.37241775343324e-05	0.000122428027633177	2.67667318006654
4665	0.0730216128348933	8.310138188403	0.765541561251409	0.445466397636148	0.574391577345392	-6.46842583921506
4666	-0.106805272979298	13.2698071767819	-2.14267251088328	0.0341782660295315	0.0787043427387595	-4.51856597387076
4668	0.28732823878354	8.0532107549706	3.09462995165081	0.00245730047935702	0.00920930215947776	-2.17894479062563
4669	0.0320904750609022	9.8611372489885	0.411444974176804	0.681487121959554	0.777068419020695	-6.67512551945276
467	0.366044278849719	11.4727299765624	2.66217826175941	0.00883828287496973	0.0263362974557179	-3.33546757116715
4670	-0.0141803441615936	12.3404308611046	-0.223949302715746	0.823181179393141	0.879735611565189	-6.73434580739445
4673	-0.0184908788737946	10.9394744139116	-0.233084817280491	0.816096405340696	0.874200014020769	-6.73226931575548
4676	-0.0183316369029775	9.98629995253907	-0.319870322643588	0.749628129298569	0.827244936273371	-6.70840828714722
4677	-0.0484406670198401	11.7479150159351	-0.87090968807042	0.385558817978337	0.517671624918898	-6.38312116876793
4678	-0.0943927380032829	10.1208005696542	-0.949811984603218	0.344134792512146	0.476378982093234	-6.31214504334084
4682	0.0999419611553339	8.94036755358175	1.58247270382223	0.116198631903808	0.206933671885835	-5.52641816679236
4683	0.105323837147971	8.69975013638273	1.75844367338493	0.0812454872665997	0.156212226448351	-5.24071803151327
4686	-0.124559540232089	9.24889805538884	-1.96682017180877	0.0515338030883302	0.109827454669777	-4.8656158334902
4688	0.95385754175354	7.53578598846982	5.59831396148109	1.41469815354646e-07	2.58526697971101e-06	7.05819793660519
4690	0.0661249538141949	9.75131010947493	0.850466566896167	0.396775464855733	0.527476730263656	-6.40052043374666
4691	-0.0304853146830731	11.9154722136752	-0.505451582039714	0.614177580984857	0.721636816349206	-6.63231651049502
4694	-0.0569368483845069	13.3385140862781	-1.08113808393784	0.281824069052876	0.411283888759145	-6.18059959086064
4695	-0.188789949917383	12.2116229452422	-3.72199994530919	0.00030339859779173	0.00162837713954496	-0.244341509337817
4696	-0.268199127071711	11.9233636742493	-3.61948220194481	0.000434868232990352	0.00222553383178458	-0.580185760507366
4697	-0.0933285472090464	13.1969389189678	-1.51128687654962	0.133369110455462	0.229985146630923	-5.63380407014714
4698	0.288027731797535	9.42590242416521	1.70520436565936	0.090768147738592	0.17050445699058	-5.33018031233764
47	0.0241402949906719	10.1323241236051	0.339126505126075	0.735112764342458	0.817011764460267	-6.70210026275583
4700	0.0190382024576387	12.1660828903324	0.250817985823319	0.802387839711524	0.865012210391176	-6.72800185603455
4701	-0.119662967931601	10.774561616088	-1.69972824337844	0.0917972118070696	0.171859693908974	-5.33923393096738
4702	0.154558156413032	11.7070860027667	2.54568841524508	0.0121854144467938	0.0341537313017713	-3.62080698335285
4704	0.359788389216255	9.85968622170857	4.1862055337026	5.46606906092807e-05	0.000389894045278634	1.36654697015437
4705	0.0470816551098406	9.68239595033223	0.694691792429164	0.488604005015615	0.613535918337629	-6.51966820613371
4706	-0.0429580996250735	12.4883622710817	-0.799987157000181	0.425313974967185	0.555766227533649	-6.44173431927533
4708	0.0249200008677153	12.6195806544075	0.360184147498899	0.71934857353159	0.806326396712028	-6.69478097121646
4709	-0.0285043794077491	11.6836051825824	-0.416865472734215	0.67752859860821	0.773301951707035	-6.67289482659534
471	-0.338279811447355	11.6971940396211	-4.83420146915789	4.0376078773113e-06	4.33919298709228e-05	3.84278968464925
4711	0.0563603410076343	11.4591180665415	0.970878562386139	0.33358003970312	0.465153706284609	-6.29216979794521
4712	0.0659861455950785	10.1394023028138	1.03131610838601	0.304486271702418	0.436187409688167	-6.23247212262678
4713	0.0252974462675445	11.0014700977636	0.301350586330323	0.763673659185003	0.837041457652351	-6.71412788442007
4714	0.00130841470102792	12.1676530319954	0.0201371096107513	0.983967757123671	0.988996553156671	-6.75909278053322
4715	0.0707641002139268	12.3529710381149	1.05692126983704	0.292690626120797	0.423179515448588	-6.2061129654586
4716	0.0337752120221993	11.7155346850183	0.575195316818245	0.566246313428423	0.682702459337144	-6.59491001065067
4717	-0.167580617516475	11.0666936307659	-2.30568952067648	0.0228612915804084	0.0570323976001731	-4.17238167315195
4718	0.0322924686662628	9.59223909671954	0.475653332158056	0.635194271338048	0.739703068969236	-6.64683286025084
4719	-0.117663988733454	8.94952461654857	-1.2495877186831	0.213904836277269	0.331554503218285	-5.98750113032142
472	0.0407051485463117	8.47078396730081	0.531688160969177	0.595934168881438	0.707447001287823	-6.61880849812194
4720	-0.0496797760827997	9.47313692337747	-0.686900419494284	0.49348327855508	0.617134274165778	-6.52500244958645
4722	-0.0437330710363953	11.2189545260417	-0.818248204387293	0.414852624175921	0.546171927907732	-6.42711280855022
4723	-0.0951431990916103	11.2483904388184	-1.28935500700141	0.199777762830339	0.314496725934553	-5.93794541628439
4724	0.175560558948425	11.5615484363988	3.59579424711843	0.000472123110471265	0.00236896609701869	-0.656723324650003
4728	0.0744681891406639	11.83782300682	1.12682184846309	0.262087250410995	0.388242591175541	-6.13092841183456
473	0.289848094507772	7.95388326623634	3.83151759597114	0.000204981776082117	0.00119151968363004	0.122574278082943
4731	-0.166587646415156	9.13726933030505	-1.82159466585862	0.0710308585701269	0.140597865274203	-5.13122131811551
4733	-0.0541229742749578	10.8275198585917	-0.732869371785856	0.465080750907588	0.592133878121287	-6.49266832897252
4734	0.00140672248681795	8.63804685591888	0.0145755338508339	0.988395252089832	0.992118699995384	-6.75918883692686
4735	0.19471710290257	11.8115983808823	2.97334114634909	0.00356734358546228	0.012517526769719	-2.518461316398
4738	-0.0252581875840175	13.3469318941235	-0.467676162430219	0.640872404930079	0.744320312812493	-6.65056993136221
475	0.190566217228606	10.9759322055301	2.56481898733925	0.0115675103429707	0.03276667881788	-3.57472857027272
4750	-0.138756156303055	8.29711535727356	-2.04637560398604	0.042924870442639	0.094624881199946	-4.71203517724835
4751	-0.142830243715996	8.28977665669432	-1.49404009350061	0.137814770936694	0.235878576033379	-5.65910642099969
4752	0.198265025427399	8.53826710331833	2.34762495748806	0.0205462521762952	0.0521869750849319	-4.07957402968285
4758	-0.308112238875463	11.0125410843116	-2.92292006615233	0.00415227871828366	0.0142078799556848	-2.65617106574863
476	-0.142870920702228	10.8621726205861	-1.58282597118258	0.116118029591969	0.206933101279323	-5.5258734336894
4763	-0.136091533173308	7.36849095011173	-1.87923928123938	0.0626604509110796	0.127607328531932	-5.02808773896455
4774	0.895491954026879	7.02936849463931	6.23464000934179	7.15055845664037e-09	2.03667630523619e-07	9.93983982516788
4775	0.00124621259132525	7.80787279494982	0.0207441636803017	0.983484517404224	0.988871833689457	-6.75908043266127
4778	-0.113543672852553	7.86251749748462	-0.776795245617889	0.438822525063967	0.569111957454603	-6.45983333302051
4779	-0.0421766326097813	9.71912193484411	-0.586777782370988	0.558465638333876	0.675886618701511	-6.58823286004951
4780	0.446530131875069	10.7371770876988	5.06877698970982	1.48697923765779e-06	1.8751829775654e-05	4.79831951442254
4782	0.236317924186954	6.82270187115552	1.7543879787533	0.081940792614815	0.157292806646147	-5.24762502677026
4783	0.0915439112097186	11.0246950077078	0.93828453124182	0.350000661177387	0.482933419991414	-6.32289267071898
4784	0.555482138894966	7.51707567177482	3.93408644156728	0.000140995242232753	0.000878959019503801	0.473685253996271
4790	0.237957146176519	9.96398659805209	3.59867828347736	0.000467431177642527	0.00235138948071088	-0.647426285928619
4791	-0.14562194560067	6.90828169866639	-1.48222944979181	0.140925321908718	0.239860531416857	-5.67627225545013
4792	-0.0543017492847533	12.2554382865311	-0.549120089892627	0.583953023469673	0.698039769908126	-6.60945754169899
4793	-0.155661850883933	8.09946801867334	-2.17040690562193	0.0319644809822001	0.0746470491696276	-4.46131841339568
4794	0.367871753307296	7.23754301893805	4.17997081520974	5.59827805400154e-05	0.000396385456628155	1.34396791016756
4798	-0.084230032318353	7.06329020223234	-1.24257520776732	0.216469894472151	0.334713839075246	-5.996082985433
4799	-0.0608411264873094	8.66405391394997	-1.01704217763241	0.311198812047726	0.442732033674513	-6.24689079795433
48	0.0972086027307083	10.6918945560591	1.56054390241317	0.121289698463515	0.213523637960067	-5.5600038467767
480	0.0472232428452574	6.65959152834787	0.281823314573584	0.778569012811003	0.848526196835847	-6.71978984150275
4800	-0.0798484527984306	7.64141109112661	-0.994123409608673	0.322182015646732	0.453669186710195	-6.26962884666109
4802	-0.0479523451794642	9.75223261879639	-0.824199935737972	0.411476571373707	0.54285201717726	-6.42227679535596
4809	-0.0956844266439184	10.9910455621863	-1.60914550160593	0.11023702011519	0.198551632392383	-5.48496165159432
481	0.378161128120212	10.4903612697217	3.36317443626611	0.00103734214665564	0.00449787198497405	-1.38666959087114
4811	0.0252241881400732	8.5309856303852	0.166488647505324	0.868055262775774	0.912695579242349	-6.74550468149515
4814	0.829728150692368	11.0259384473268	8.40024838005115	1.10433601977901e-13	1.86159500477033e-11	20.7039772495281
4817	-0.0834801554275533	8.6162242076709	-1.26368914525692	0.20881413001856	0.325865239741791	-5.9701015848362
4820	-0.132961441046438	9.59051399190501	-1.6291393252759	0.105930704276798	0.192431848983143	-5.45345134511717
4824	0.101526937991981	6.82554294224024	1.04274327938041	0.299183129373477	0.43053182031793	-6.22078685542384
4826	1.56572216322207	8.97875866427356	10.7762994414724	2.63208310601389e-19	2.71762580695934e-16	33.3226855033323
4828	-0.455347013405008	7.85071731765568	-3.36086538027395	0.00104528664425025	0.00452756564316048	-1.39371514850632
483	-0.372864048521703	11.6415201460855	-3.13776332868762	0.00214677087776743	0.0082560350497815	-2.05542411931765
4830	-0.490262753538304	11.6387159715449	-4.11090957436091	7.28359731054891e-05	0.000498034054512699	1.09553530952117
4832	-0.263210728331443	9.5771577886284	-2.86507367945414	0.00493115816748411	0.0162925465853675	-2.81165040734524
4833	0.351487501833754	9.75428988011982	3.55081273650215	0.000551310443717368	0.00268187530336011	-0.800951943292
4835	0.226694898280564	8.98858199341407	2.04180876259563	0.0433834498321941	0.0955338031495396	-4.72100501268569
4837	1.60478730219503	7.5360894036638	5.95293933754868	2.7334731761392e-08	6.43261778772359e-07	8.64365979204598
4839	-0.479507093279775	8.95112836184432	-4.84423997717606	3.87087992638493e-06	4.2070352884131e-05	3.8830704451963
4841	0.0713063939699332	11.6892332118015	1.47620091519762	0.142533979282052	0.2417020465756	-5.68498366641916
4843	-0.303910402936848	7.75380514517889	-1.58258006532315	0.116174131343546	0.206933671885835	-5.52625262925148
4846	-0.360094592428655	9.57440325922012	-2.48106687333617	0.014497504017562	0.0393127365135569	-3.77416743095556
4848	-0.0775438997050601	10.3461663344403	-1.40623838683369	0.16226194516461	0.266364616348089	-5.78357535987116
4849	-0.0923911819306526	7.63463940397436	-0.992465691498021	0.32298624876047	0.454569162508346	-6.27125373480458
4850	0.0950391456341277	8.6010430964103	1.26655044051347	0.207792122664864	0.324515585784038	-5.96654788390413
4853	0.616582128075291	8.75421537233722	5.26531718532514	6.30548920090475e-07	9.05797231295187e-06	5.62107180813884
4860	0.179227899334589	12.7481332980507	1.82243304307249	0.0709027742209183	0.140377975806516	-5.12974309039138
4862	0.398707260563657	7.38074242739101	3.40991917142761	0.000888186217233139	0.00398069351836447	-1.24318377323852
4863	-0.342820971143395	7.617037573332	-2.6300823815081	0.00966580410901251	0.0283823469393684	-3.41521907567945
4864	0.351310512414632	10.0706277087668	3.82854766358363	0.000207194210786433	0.00120113137648441	0.11251466640315
488	-0.0722439609671036	9.45552637622861	-1.09110030595516	0.27743529788391	0.406120323816673	-6.16993951594856
4891	-0.173882140776959	10.5889981636951	-2.14133806200523	0.034288050119887	0.0789131496211386	-4.52130330086085
4893	-0.25518267556637	8.68616105296518	-3.41164249073754	0.000883092389572096	0.00396294001213514	-1.23786288717031
4897	1.76250275513524	7.63093294196282	6.65703164429184	9.08689642492054e-10	3.55724002226747e-08	11.9379178146856
4898	-0.0887511815512897	11.0622036800374	-1.48774388422744	0.139466257545427	0.238063915545614	-5.66827378884049
490	0.507221411416743	8.85415505921621	4.05940018719248	8.84651792869308e-05	0.000590244249523464	0.912257284622263
4905	-0.101166794940914	10.9001264318708	-1.64706889202579	0.102184869649592	0.186746747421319	-5.42487811126646
4907	-0.2700270328885	11.2030085898543	-1.6222019630466	0.107409322865669	0.194476327678743	-5.46442679252617
4913	0.15546502746228	7.27705110093333	1.22191603306641	0.224156827014775	0.344151559691829	-6.02109199136822
4921	0.267539328432684	6.76459156389794	1.92294696554772	0.0568787093949419	0.118193242667225	-4.94787369092435
492311	-0.0395302399722591	8.09932255007427	-0.321332665564958	0.74852257936533	0.826798141957425	-6.70794215791186
4924	0.0394335050672786	10.8953408307267	0.441121653138497	0.659926167328701	0.758873749427129	-6.66255617658034
4925	-0.375044648296082	13.2088959217147	-3.24948020830864	0.00150371673875156	0.00613367914177179	-1.72881739156789
4926	0.188216804437394	8.89287209096885	2.61439995857852	0.0100950477551692	0.0294542898119737	-3.45387404089767
4927	-0.13996716292016	9.89482328842785	-2.07377333327612	0.0402599614217398	0.0897805835160829	-4.65783130140847
4928	-0.00649027584788479	8.72761878741981	-0.117383187761427	0.906754500680166	0.940692310426799	-6.75243921369472
493	-0.309117512879394	9.48172091835541	-2.97925026543752	0.00350400325816525	0.0123741200993779	-2.50218969296304
4931	-0.125669975271589	9.23700063572565	-1.51283594992845	0.132975373829739	0.229354058850208	-5.63151778816823
4935	0.0590233588932282	7.41662525813718	0.548026931563114	0.584701014894575	0.698529126848306	-6.61005276135138
493753	0.268891991175612	9.07632915943002	5.03722967692977	1.70352743221749e-06	2.10016964031589e-05	4.66810604695617
4938	0.0229721965549576	7.61023188919257	0.183489710657136	0.854726392619338	0.902702979546827	-6.74254499610342
493856	-0.0538516806758982	8.67483049466512	-0.78087093579878	0.436430641006066	0.566810863948129	-6.45669081483874
493861	0.454275160198159	6.32267287051575	4.70953800972142	6.78645800933259e-06	6.61819871984501e-05	3.34724520709387
493869	-0.0486221851106072	10.7296470572052	-0.46821333449101	0.640489372935459	0.744273904103089	-6.65032025922536
493911	-0.0283369551104199	7.82412435633023	-0.30969771792985	0.757333053296697	0.832079146080169	-6.71159211807346
4940	-0.240010323651562	7.97431265767273	-1.90660577405751	0.058985472042506	0.12183963205922	-4.97806659195073
494115	-0.15548779027333	8.26470821469035	-1.89839139015781	0.0600690374669673	0.123565734146984	-4.99315248285431
4942	-0.0745071698054331	10.5668283749121	-0.994187061326373	0.322151161757741	0.453669186710195	-6.2695664023629
4943	-0.0701788894286976	7.1317359906805	-0.719063752745564	0.473512755686386	0.599971676939645	-6.50259714973933
4946	0.149524151816832	14.8065289141934	3.26508585156408	0.00142976473700353	0.00586679420151475	-1.68243319595153
4947	0.58615769803397	9.08412799471126	5.84059662338336	4.62693017487318e-08	9.92686837518247e-07	8.13559287442865
4952	0.0697955995344791	9.28504625024854	0.742178511458212	0.459443098909218	0.586553322564163	-6.48586770749634
4953	-0.245569748753062	9.09076314230095	-1.681003577866	0.0953878475722713	0.177176438261066	-5.36998168972119
4957	-0.271166791509362	8.42506327377319	-4.5845065413142	1.13289400803049e-05	0.000103400049793722	2.85912622936118
4967	0.193856532360185	9.46042417680592	1.7297297236447	0.086274070854928	0.16378391755038	-5.28929301442693
4968	0.151965553213885	7.71020173541835	2.06853970915098	0.040757757834793	0.0907192346309325	-4.66823733565687
4973	0.286557876142308	11.0999385200525	2.36564054248999	0.0196170001473052	0.0502594358612719	-4.0392360047974
498	0.0216347701113184	13.3705476284929	0.304071851012485	0.7616047583843	0.834995394777584	-6.71330879349739
49854	-0.0190610692173722	8.46253327169338	-0.198349315970669	0.84311057695199	0.893749148565636	-6.73972275338997
49855	-0.0553833833890135	8.68071663345807	-0.718521354695258	0.473845763449847	0.60030153467726	-6.50298341462643
49856	0.204313842092766	7.88197426726372	3.38219688783904	0.000974014063831079	0.00426809345742425	-1.32847539262505
4999	-0.2021558761436	8.69308156606192	-3.32786982739819	0.00116522040808215	0.00496888000555422	-1.49395722328545
50	-0.249574745875324	10.4322875879899	-3.76519085987428	0.00026016782702228	0.00143457026115089	-0.100634550260012
5000	0.0864734582134529	7.81026098762176	1.31645601685285	0.19055356006012	0.303153391004736	-5.90330923734628
5001	-0.0993209682716689	9.21811608282019	-1.48754992045282	0.139517377846602	0.238101971283664	-5.6685556108951
5002	0.41387477294962	9.16150327451805	1.82126899196295	0.0710806656711414	0.140629053519432	-5.13179537339052
5007	-0.101169492023807	10.5109489589501	-1.26251822249329	0.209233426156601	0.3263208145628	-5.97155360426674
501	0.012693213574696	11.2122749097524	0.144788099121239	0.885123369390302	0.924629661242049	-6.74886491280822
5010	0.174548733407572	8.58518882357699	1.14633095963941	0.253960433213875	0.379745325551523	-6.10910354977539
5016	-0.268180572478001	9.04147983165328	-2.89730723232209	0.00448204194761647	0.0150924037861036	-2.72534531721834
5017	-0.149318705253415	8.36798159575076	-1.52135430311138	0.130826477637758	0.226407800958381	-5.61890528232331
5018	0.0168242935354882	10.0857909578186	0.221609504218819	0.824998115093564	0.88099346227186	-6.73486429895451
5019	0.215056285873768	6.72417695730253	1.66847618742345	0.0978530799114477	0.180739364952719	-5.39037167833337
5025	0.195556145637593	9.22042239847523	2.38933736215106	0.0184514068569967	0.0477644480594864	-3.98575082052095
5028	1.0102522989573	7.48441021213903	7.90506428526279	1.52629791011296e-12	1.57590259219164e-10	18.1466118258374
5029	-0.517878751468638	8.88659351351676	-5.11299472070365	1.2279705506145e-06	1.57991226605541e-05	4.98170316702034
5031	-0.430545651396385	10.3684946985124	-5.09904452375694	1.30453396884011e-06	1.67061249342935e-05	4.92373832995839
5033	-0.229226898012553	9.56703169235238	-1.59936201723354	0.112394659831613	0.201515061907776	-5.50024478840857
5034	-0.188920129979627	13.6380251246857	-3.08349526683843	0.00254396361248144	0.00949531831861577	-2.2105955727846
5036	-0.113563222659148	10.7627711696544	-1.41847155356519	0.158669458550074	0.262069531618398	-5.76666972655569
5037	-0.0355903761726127	12.3752653406595	-0.635523445278689	0.526308576370626	0.646439976330315	-6.55868176781655
5042	-0.383040990708445	9.06291130142265	-5.22579042959267	7.50406598806341e-07	1.04618578435642e-05	5.45403665567729
5045	-0.0363317549111744	10.2417930387161	-0.286614302813199	0.774906588219326	0.845315427719445	-6.71843574111395
5046	-0.318386449765643	8.36471245538511	-1.76222777614689	0.080601123566542	0.155226225381123	-5.23425992437892
5047	-2.28468427191902	10.5728053295993	-5.68601663296657	9.46662319341053e-08	1.81425307604573e-06	7.44523115773067
5048	0.340128665098293	10.3335984714362	4.71172538580706	6.72538392548588e-06	6.56692970928461e-05	3.35586464549182
50484	0.231705765130056	7.91376015851529	1.92427774311892	0.0567099680807032	0.11793160532392	-4.94540421663442
50485	-0.0126805680470613	8.4483342720531	-0.211565568892442	0.832808255265623	0.886096423948705	-6.73702819076862
5049	-0.292541099066844	8.30316974145413	-3.12043335322967	0.00226687714646309	0.00863273638994243	-2.10522577263742
5050	-0.0760481876773313	8.63983137401595	-0.760450857319867	0.448490781956468	0.57640172070335	-6.47227195531962
50507	-0.0165602106012757	7.17577433014689	-0.118897254783967	0.905557441167568	0.939653399111391	-6.75226123701906
5051	-0.311634056657758	8.33463515471639	-3.76914151689925	0.000256519805181902	0.00142300442632808	-0.0874247809565913
5052	-0.0392246447377877	13.5208633696285	-0.706899061356459	0.481012563588009	0.606775164208454	-6.51119071488229
5054	0.0182168953749479	10.3506699355981	0.111154545857295	0.911681248631418	0.94376464599422	-6.75314739554188
5055	0.439369303738432	13.0979432428834	1.9585234988783	0.05251060660678	0.1114720150532	-4.88130458143941
5058	-0.11699954759286	9.29017191785251	-1.42043022900364	0.158099964816223	0.261337944643187	-5.76394979168224
506	0.0253844561941785	13.3422409348909	0.331740417623067	0.74066942643149	0.821261097420092	-6.70456333059025
50619	0.20395661561517	8.455638160167	2.88620226198071	0.00463234906886551	0.015472383060586	-2.75517335623724
5062	0.264991432953284	9.66560883840095	3.621265041208	0.000432179763597209	0.00221727009149872	-0.574409022831905
50626	0.116130907145158	7.25031683560431	1.40723793430697	0.161966098079921	0.266025048745306	-5.78219934485467
50628	-0.329045045313078	8.66067859810421	-3.31969584926563	0.00119686098839825	0.00508020131766164	-1.51866380671742
5064	0.667521785917171	9.19532506506845	5.40792152668323	3.3452036853534e-07	5.27316458798074e-06	6.23007298917302
50640	-0.0479663006487241	10.3867331440871	-0.664550514307129	0.507625074343498	0.630144742121625	-6.53997274824472
50650	-0.0112590013925507	9.11111533582432	-0.160804553690544	0.872520287874157	0.915991049547602	-6.74643010590678
5066	-0.227306368089659	12.3761479071651	-1.61858439064954	0.108186907917406	0.195513079360701	-5.47013230972884
5069	1.21464541337011	11.8756895956419	4.51175495727155	1.52042197702343e-05	0.000133603037555463	2.57930697981313
50717	0.0164447335820811	8.63914241858881	0.291802052285016	0.770946576630292	0.842330518910875	-6.71694379918179
5073	-0.0711750381128402	9.08666821734982	-1.4137749291745	0.160041428097714	0.263335098822135	-5.77317696727578
5074	-0.604980946518778	9.90809975568798	-6.95736674689608	2.02561513596173e-10	1.04572381394024e-08	13.394148968336
50807	0.508833932077167	9.67168728928712	6.18004452905712	9.29399096241707e-09	2.5847934461133e-07	9.68623869009079
50808	0.123481513882997	10.3214667252267	1.59496038119507	0.113376327527586	0.203054740975251	-5.50709164328775
50809	-0.521897604579421	9.57102716862889	-5.38482839309381	3.70918900783718e-07	5.716026344167e-06	6.13078465443125
50813	0.101785863891908	10.5015178970223	1.79658780272469	0.0749405161487268	0.146510926245795	-5.1750177173748
50814	0.0212229685731897	8.42165974082592	0.271895764871986	0.786173815614281	0.853211892914724	-6.72252315666093
5082	0.0680755468051465	8.58183932036304	1.0890681756089	0.278326686546737	0.407042923313748	-6.1721217766489
50848	-0.0696122322764617	9.5261276129741	-0.590361963817144	0.55606862106732	0.673874238558694	-6.58613981070347
50855	-0.0326887257863841	6.43560894007112	-0.380158329220505	0.704506263736969	0.795301590606446	-6.68743183567024
50861	-0.0883407336124896	10.0055024533546	-0.739319020711309	0.461170681973431	0.588395093157328	-6.48796570550369
50862	0.106526844842075	8.48980509958604	1.12880259143383	0.261253937116577	0.387303346711449	-6.12872926953672
50865	0.334051047196003	10.5975315606009	3.21479715532913	0.00168103393005533	0.00670141904549083	-1.83123978164881
5087	-0.19977539352651	8.60952921911703	-2.09403242032449	0.0383819406051954	0.0863512102681084	-4.61731987240521
5089	0.309830459652423	8.14178269614061	3.73624333805206	0.000288440133978793	0.00156538469557479	-0.197094264310605
509	0.053291033812525	11.8236507669946	0.714121048914888	0.476552164851523	0.603267568072579	-6.50610638064789
5090	0.523433973887297	7.52617299997936	5.37069537234395	3.95074606384984e-07	6.04317823840734e-06	6.07014614800818
5091	0.16147655266423	8.14203073674346	1.11720040653074	0.266161509229647	0.392728486287404	-6.14155694830257
5092	-0.0954098738000609	9.8392886844484	-1.01229900183812	0.313451083176275	0.444710743221579	-6.25163836878297
5093	-0.0403933010965559	13.0208675737389	-0.689728574983599	0.49170912428601	0.615983648983925	-6.52307309600399
5094	0.062410184344823	11.2045397503765	1.08531755611914	0.279977064793826	0.409094726067306	-6.1761390156946
5095	0.202081122476608	8.81567515949017	1.6441547356127	0.102786325186127	0.187627634483404	-5.42954254979808
5096	-0.084337649265156	10.5104262634121	-1.11720966446713	0.266157567796533	0.392728486287404	-6.14154676420091
5097	-0.182715397897463	7.85422431286411	-1.58563104695649	0.115479595139881	0.206151168328381	-5.5215439128403
50999	-0.146517206931378	10.6524886733387	-1.89574541195465	0.0604216099664128	0.124149875204619	-4.99799883623886
51	-0.270153957492114	9.10486935718738	-3.62729586964168	0.000423201460267498	0.0021806887472299	-0.554851163131006
51000	0.17772007552916	8.68190406032222	2.82946030151673	0.00547502586701993	0.0177976047467865	-2.90602843747504
51001	0.000978214869389352	9.84884348358535	0.0135065551371082	0.989246297262029	0.992369980007816	-6.75920377310943
51002	-0.224536109261124	9.61302447737889	-2.76013211064716	0.00669383855018255	0.0210072592798282	-3.08679356608626
51004	0.050691970647113	8.48379329320778	0.605264344132179	0.546157102289381	0.664467114926945	-6.57730144644213
51005	-0.0385747152753717	7.45816524310514	-0.421912432215712	0.673850952231125	0.770488491892177	-6.67079168707901
51006	-0.0264279763373496	9.61086580610502	-0.404156919611478	0.686823508693321	0.78131967797918	-6.67807888041031
51009	-0.161573514797418	10.18484510053	-2.09896466533364	0.0379363033715133	0.0856392090321672	-4.60740169956011
51010	-0.088117184789145	10.0011347947168	-1.18168259956439	0.239690154323201	0.363273518295347	-6.06862279202962
51011	0.194787262798478	8.39802968323876	2.22047927986806	0.028281684628063	0.0674071961015349	-4.35624405437924
51012	-0.191305486300249	9.48724461895112	-2.27262595785907	0.0248453327719221	0.060951128213863	-4.24447742180722
51013	-0.2267753403013	10.0229888372334	-4.16701688846707	5.88284451250719e-05	0.000413551452538803	1.29713486774807
51014	-0.153799141458192	10.510120062704	-1.84868337680132	0.0669883378316098	0.134628630289318	-5.08313361878523
51015	-0.195368168913334	10.4660546058738	-2.67996125453404	0.00840789878802745	0.0252634572532218	-3.29091165558378
51016	-0.136912310452951	8.69414374772102	-1.81167983084921	0.0725602333757883	0.142871877874615	-5.14865440527701
51018	0.028585949258542	8.33618703331075	0.252869738554857	0.800805619574781	0.864208834294185	-6.7274879383618
51019	0.157248699315271	9.91309286023979	2.53977912185998	0.0123821804436435	0.0345529765082755	-3.63497784995917
51020	-0.297175344324172	10.4639792131501	-3.60172490931826	0.000462522596605331	0.00233665850028137	-0.637598638950632
51022	-0.159616004438925	9.38421197584459	-1.77676686544818	0.0781643663997954	0.151807586753423	-5.2093244819738
51023	-0.260836006746516	10.6195785069847	-3.82472973996813	0.000210071728722006	0.00121512078378415	0.0995916874624969
51024	-0.0227289661330205	10.8448646353401	-0.339575554868051	0.734775386497424	0.816795421210922	-6.70194877084696
51026	0.0354029524537156	10.1032287021126	0.442171417943154	0.659168562875353	0.758332671400667	-6.66209558360554
51028	0.254501476200778	9.70081334788533	3.98630546180281	0.000116242273929175	0.000747789083064629	0.655170710086469
51029	-0.225796875874036	10.1899333843296	-3.98569929111759	0.000116504196914984	0.000748308449858296	0.65305352122891
51031	0.00418781655773231	10.2995927391494	0.0638327913450427	0.94921057977732	0.967192803224567	-6.75726722207378
51035	0.0490781545952961	10.9332603012823	1.11760648605309	0.265988664961918	0.392728486287404	-6.14111016686657
51042	-0.501728047403169	10.8512216214192	-6.45317096128511	2.47764187317529e-09	8.49183480183729e-08	10.965851146473
51053	-0.207171423386703	10.4338396104111	-1.73507129917877	0.0853198060514992	0.16230806033749	-5.28031424699221
51056	0.613606406361391	9.82685640443764	6.53850148640121	1.63081633113462e-09	6.01363522105891e-08	11.3710379527407
51058	0.0276984323758346	6.99127497321861	0.416337565769159	0.677913728685344	0.773634622677665	-6.67311335513165
5106	-0.00236850311331893	8.66520631252291	-0.0214351532696886	0.982934469076466	0.988613883254756	-6.75906593121639
51060	-0.516159433075901	10.7920344348057	-6.4341583925579	2.7187319671266e-09	9.01876548131154e-08	10.8759119504641
51061	-0.108683772793229	9.19739994945436	-1.79350269652507	0.0754349581113316	0.14740779607277	-5.18038120444384
51063	-0.129560225690974	9.39773788760149	-1.73285340017421	0.0857149762390491	0.162984738428763	-5.28404555365265
51065	-0.128461984566204	12.0609801217744	-1.61771537150793	0.108374371179753	0.195794467616964	-5.47150108389445
51068	-0.368513641656102	10.1290374280007	-4.34111034149151	2.99627578463175e-05	0.000236834813215868	1.93543761683779
51069	-0.0761475233860226	7.58652099391429	-0.804966159196287	0.422446252470887	0.553346978339602	-6.43778002228554
51070	0.0780914294574779	10.8295552006486	1.44957350229822	0.149810533860594	0.251102883459518	-5.72305159827756
51071	0.147144081457181	10.7375110041793	2.09117637913156	0.0386420435791229	0.0867581625342635	-4.6230531416986
51073	-0.102123205275517	8.40816356277484	-0.978404437957279	0.329861251706636	0.461571055242558	-6.28492925040193
51075	-0.035896386046172	10.8444714878667	-0.691230044231716	0.490768635554626	0.615136408145859	-6.52204560568727
51076	-0.248210525170532	8.32384358619746	-4.03816831488238	9.58003793837017e-05	0.0006334932506703	0.837217270449561
51077	-0.0875668072492729	7.56506802939983	-1.13583224648114	0.258311491251822	0.384447983557685	-6.12089401193126
51079	-0.0135053145414111	11.6486664809858	-0.251428985766844	0.801916577713322	0.864617012388989	-6.72784925165181
5108	-0.0674195464289617	10.1557008593544	-1.24113850082664	0.216998173465555	0.33527963202871	-5.99783541016711
51081	-0.113739451700293	10.0275730659699	-1.24915276536862	0.21406328616197	0.331675622528207	-5.98803479080819
51082	-0.129824677523731	10.938853237618	-1.96277832960305	0.0520077261693992	0.110574985369173	-4.87326658754682
51084	0.189377676694015	8.14037745296359	1.96581077159219	0.0516518153229654	0.109959792414354	-4.86752789530768
51088	-0.060003045643803	10.5988008946591	-0.460692324257691	0.645861034754336	0.747905810608554	-6.65378995865495
51093	-0.0925231145246635	8.3908670734878	-1.23564373811054	0.219027269527113	0.337782906328222	-6.00451943121237
51094	0.134956408622799	11.0192860143561	1.77324171603825	0.0787495347457155	0.152406550374791	-5.2153881673437
51095	-0.0413949533981837	8.56390862472984	-0.642671436611998	0.521674911587338	0.642574448985931	-6.55415160696321
51096	-0.0496326042569153	9.87694711106884	-0.578810978145846	0.563811797176983	0.68046251383429	-6.59283983526498
51097	-0.403814549408013	10.7211783526458	-3.24052978335532	0.00154772574906765	0.00628525795835732	-1.75533679171315
51098	0.269350330584385	7.9098125806324	4.89305192850634	3.15088488302713e-06	3.53138522846732e-05	4.07972379785263
51099	-0.227382439204115	9.80528528772895	-2.55548991623982	0.011865226612743	0.0334379978919336	-3.59723736869126
5110	0.168945644364234	10.7096518952793	2.93292083191781	0.00402968466225702	0.0138572836428988	-2.62901852559181
51100	0.0863807072396596	11.1225582984195	1.24123771358499	0.216961662643321	0.33527963202871	-5.99771445878201
51101	-0.259355339419912	9.42089672621702	-2.30327967213106	0.0230010409987337	0.0573117944644164	-4.17766854859943
51102	-0.193797563719906	7.85743411853794	-2.30227516656892	0.0230595147523276	0.0574401664216604	-4.17987080417566
51103	-0.395957517902023	9.45630752656029	-4.29216285263652	3.62865651231907e-05	0.000277782231619606	1.75404823524869
51105	0.186993818900079	8.66911395438314	3.40649598598626	0.000898386457929189	0.00401334350594651	-1.25374659832789
51106	-0.220020867918415	8.14363738840825	-2.40705208189058	0.0176205806752598	0.045971571818587	-3.94545181034647
51107	0.213862544802186	9.33665222971221	2.69194013702782	0.00812878083092431	0.0245587891965745	-3.26075027082664
51108	-0.0354485111702214	9.00455962867622	-0.494625797282431	0.621777169916471	0.728183669858223	-6.63769190328816
51109	-0.220475745796665	10.2753920426112	-3.05535153719243	0.00277578617871364	0.0102038245821872	-2.29016253571239
5111	0.0769395911441358	11.5778858567546	1.04729892232209	0.297086442521113	0.428335488780659	-6.21609307759951
51110	-0.0671301980662012	8.58868282503338	-0.705934654088804	0.481609932380244	0.607157820735778	-6.51186578686317
51111	0.00102973692740775	8.65620604927618	0.0188426972070423	0.984998181688871	0.98991178741332	-6.75911788510494
51112	0.175676093704235	8.71888273938675	2.59869568919756	0.0105420396367671	0.0305427034022086	-3.49237666749492
51116	-0.25962175248975	9.60799267869401	-2.6636359870611	0.00880226725765272	0.0262668813396718	-3.33182507222906
51117	-0.000457928937230227	7.84711167596483	-0.00588714207956277	0.995312635417507	0.996881577367359	-6.75927729617432
51118	-0.0247702030356474	9.85592386120396	-0.393573619033161	0.69460086750942	0.787563921156872	-6.68227386748912
51122	-0.103649802344386	8.9545828612502	-1.46824808841424	0.144677909242889	0.244622375786936	-5.6964234009153
51123	0.153437849482095	10.2213225584871	2.1531520500218	0.0333266491936104	0.0770871247099472	-4.49701472280171
51124	-0.0675469329548123	10.5625180859787	-0.713773885619294	0.476766051448401	0.603291963657917	-6.50635195849483
51125	0.364699866207367	11.1065369382812	5.93463041310423	2.97930021033805e-08	6.89328283960568e-07	8.56050321195674
51126	0.302252016371089	11.1527944864671	5.04002225296458	1.68318235404093e-06	2.08130033598474e-05	4.67961153867464
51127	-0.74583137276224	7.15509808169128	-6.00061715709963	2.1830268035494e-08	5.33485248441362e-07	8.86084395291275
51128	-0.100834484564152	10.0057260454683	-0.754406501162681	0.452097014675147	0.579779256583442	-6.47680557553315
51129	0.465690473708758	11.5063415283127	3.00150820711297	0.00327460910393928	0.0117346078952444	-2.44065028432634
51130	-0.0517027273808337	9.40838636276343	-0.793856992310617	0.428860490080377	0.559530508302625	-6.4465695283217
51133	0.116191264947395	10.358913099448	2.07461719841266	0.0401801879270375	0.0896995546695485	-4.65615115361174
51134	-0.14650018110521	7.13093471939859	-1.70732214404387	0.0903727060991796	0.169885879012113	-5.32667157929702
51135	-0.0856147464332353	7.87835371116717	-1.23972159805625	0.217520089726185	0.335857783255077	-5.99956174454027
51136	0.028347688486528	8.3231183258265	0.311280139973057	0.756132869491296	0.831645472969122	-6.71110359664378
51138	0.0418633666994335	10.8503978306575	0.897454835713261	0.371290239700019	0.503671765465947	-6.35991979060089
51141	0.353850114706723	8.57167383097645	4.02125940162593	0.00010205450111817	0.000668493401456056	0.777668567057718
51142	-0.123949944472695	13.8307938118105	-2.1962064150099	0.0300179778216484	0.0708221927468769	-4.40745507092641
51143	0.329434414839345	7.81054072182656	2.80949891839917	0.00580332392502396	0.0186519282570809	-2.95847732445998
51144	0.115715540276332	11.1327218661235	1.62933471771549	0.105889296527106	0.192398941776044	-5.45314157086115
51148	-0.00209195461449581	8.44224392102087	-0.0153720514790879	0.98776112978415	0.991843779724906	-6.75917696836089
51150	-0.167273858318542	11.0294130466081	-2.33475530541148	0.0212336698452003	0.053537885507129	-4.10821810109066
51154	-0.371026030701493	8.48043212446743	-3.40354476660087	0.000907268506220873	0.00403829729094963	-1.26284611149115
51155	-0.0966390353912306	11.0101999582664	-0.634911096267566	0.526706517838113	0.646544187448776	-6.55906751443949
5116	-0.0943076345985439	9.09084535298678	-1.80244620263177	0.0740089825357746	0.145101874138499	-5.16480882273302
51160	0.0648206511728599	10.8459263991019	0.887852113896219	0.376413164104529	0.509116216719078	-6.36839224604806
51162	0.984740077036361	8.3520921935712	7.50342934742578	1.24235353213242e-11	9.50170386612388e-10	16.1065719378609
51163	0.105306167746046	7.7627504026864	1.402402199757	0.163401218349273	0.267743317509421	-5.78884762411296
51164	0.277206255568879	9.86583450852556	3.6310090209559	0.000417761590800097	0.00215804298937386	-0.542796571868819
51166	-0.80514817995817	7.9132073304033	-4.83567250900969	4.01274695106409e-06	4.32468407602751e-05	3.84868893557317
51167	0.00388468241722224	7.81548535891827	0.0636012195507204	0.949394582148279	0.967192803224567	-6.75728190450116
51170	0.243834983290369	9.82216769306556	2.55150092550122	0.0119946129426308	0.0337335726612632	-3.60683945197764
51172	0.179535821334097	8.27107103909439	2.20750440987853	0.0291985863858816	0.0691457349619789	-4.38368293452081
51174	-0.00565866098736399	7.14627991337574	-0.0582556807014422	0.953642781014667	0.96972662454526	-6.75760599755669
51177	0.227663737402915	8.36682494900488	2.40321204564186	0.0177978069417046	0.0463315112948252	-3.95421036496777
5118	0.425618054520798	9.87908453376193	2.75407470748188	0.00681127851833589	0.0212707601366557	-3.10240080318558
51181	-0.337069147805042	11.0786388326366	-3.76617791981224	0.000259251791305013	0.00143294707358319	-0.0973351458721359
51182	-0.224684502375353	9.50179434731783	-2.34386086450896	0.0207452445450973	0.0525469855696116	-4.08796663107381
51184	-0.0251607140305705	9.71559833907154	-0.412280741271509	0.680876188771796	0.776586208126904	-6.67478347518019
51185	0.388023980672407	9.70711179790811	4.90926785983079	2.94186129276531e-06	3.33788108217602e-05	4.14534244699038
51186	0.0317942723968728	12.6026106003254	0.460753323811462	0.645817391789537	0.747905810608554	-6.65376204265101
51187	-0.0355583169449113	10.9444091864145	-0.532152785714123	0.59561336002099	0.707167795568978	-6.61856315445869
51188	-0.0809530036837889	10.6827208738075	-1.15252321232818	0.251418483355318	0.377299234229139	-6.10209967739782
5119	0.0278493767818127	9.18129938953529	0.370973574594682	0.711317486411564	0.800365404952938	-6.69086033269422
51191	-0.0709368630693785	9.30778857342149	-0.785079180173467	0.433968966637869	0.564234796856414	-6.45342901509183
51192	0.253810969598132	9.85588191448518	2.75766852464219	0.00674137797932583	0.02109695642554	-3.09314476543667
51199	0.486832750221215	9.30463795948611	5.36918397786945	3.97747044235684e-07	6.0728106938757e-06	6.06366711157881
51201	0.339963974105957	6.53685173563051	3.4590788936417	0.000753188748995368	0.00348729768312878	-1.09053698420882
51202	0.084423995004688	11.5213893889091	1.72805334019954	0.0865753479995962	0.164129532815392	-5.29210545946817
51203	-0.290543647473982	9.84127911072267	-3.13932282509508	0.00213625762081723	0.00823401210823628	-2.05093111646735
51204	-0.037545958234837	8.33179776001035	-0.484167830217124	0.629157554699433	0.734951407412999	-6.6427746037743
51205	-0.307793362983087	7.67520605872499	-3.72429836422162	0.000300936010002029	0.00161936901799137	-0.236726963720958
5121	-0.687589095265615	7.49904863746345	-6.7676900003866	5.2430630961096e-10	2.21125584815726e-08	12.4712439087702
51218	0.175760554265507	12.0278462507043	2.87075007776887	0.0048491921230716	0.0160667175838634	-2.79651269777788
51222	0.287759271478711	8.21346449245272	2.82737519956275	0.00550850706504295	0.0178572481778865	-2.91152223424945
51225	0.40842909833836	6.69207423846475	4.98190608571251	2.15959960453458e-06	2.58901200775843e-05	4.44101982219327
51226	0.107461596224288	8.11415902356947	0.724561805298449	0.470144568138896	0.596894271876311	-6.49866544467643
51227	0.064288109010997	10.430308005258	0.90980380708917	0.36476695846443	0.497519002132792	-6.34889220093293
51228	-0.206715060331078	10.707295283727	-3.42169721039081	0.000853915005857577	0.00386110652560109	-1.20677425666415
51231	-0.309272500411941	8.9084718754224	-3.67898772447767	0.000353161676478662	0.00185803531701513	-0.386153615692373
51232	-0.344841992323928	10.9291766988099	-2.30174129883806	0.023090645154305	0.0575003705078563	-4.18104088675225
51234	0.0367259760997319	11.4655021374757	0.560121306533504	0.576450701835404	0.691805945063032	-6.60340174328764
51244	0.146418791877467	8.6677819563597	2.52699871825783	0.0128175157838206	0.0355516052298046	-3.66552515980729
51246	-0.191077037385179	12.6524150602488	-2.61036719116634	0.0102081718247358	0.029744435837743	-3.4637810035486
51247	0.162846167584905	11.5657708927852	2.61999730439672	0.00993990860238102	0.0290941336129225	-3.44010096261316
51249	-0.244653197267211	9.93229372998247	-3.86889143595675	0.000178992585916568	0.0010613630722691	0.249681945234824
5125	0.076305233250339	9.16819302353309	0.530977817058288	0.596424793270888	0.707825975922059	-6.61918318074566
51250	-0.074594574862572	8.99129857003421	-1.01259370990882	0.313310826899542	0.444672469634696	-6.25134402302695
51251	0.116343174353418	9.62790165212159	1.96471430737215	0.0517802658994384	0.110189575557487	-4.8696038373573
51253	-0.217220690174935	10.7410215208529	-2.90694185190358	0.0043552754614218	0.014737125284888	-2.69938628066619
51255	-0.0757570686225652	11.1850079390936	-1.1164954182379	0.266461767352677	0.393101303506539	-6.14233222104019
51256	-0.179712585742559	9.22187720519399	-2.26680507991196	0.0252098420673765	0.0616257163292482	-4.25707130352199
51257	0.54324386962634	7.35588154807801	5.85510238213887	4.32415331087514e-08	9.38597032742843e-07	8.20089982047879
51258	-0.122384203527639	11.9451385874223	-2.2554491583292	0.0259344738858418	0.0630055159697215	-4.28155545874452
51259	-0.0942105090655407	9.28171241317911	-1.5905666560265	0.114363040229574	0.204459374607252	-5.51390817222052
51260	0.0579045990060763	9.51823129027642	0.975969653390006	0.331061374380917	0.462814422441436	-6.28727774473867
51263	-0.287203410447397	9.32946152012517	-3.78074294331197	0.00024608576107404	0.00137435320248247	-0.0485705288775886
51265	0.00293112696078715	6.92750897434429	0.0392812174720766	0.9687320742451	0.979174548419692	-6.75852680999786
51267	0.280950330184955	9.77570455309375	3.26020055199846	0.00145254200909224	0.00594548909568974	-1.696973548171
51271	-0.0763833143474578	9.3317970504926	-1.20874429315439	0.229159864945176	0.350163254098735	-6.03682367467558
51272	-0.339101126780036	8.08448777186468	-4.22715531188611	4.66931026419145e-05	0.00034101240302583	1.51546338734463
51274	0.528964240986453	8.39824711997363	5.38433707315833	3.71733898328184e-07	5.71791806367002e-06	6.12867500981015
51276	0.0365029973624287	6.70536531007895	0.542267095577701	0.588649603029626	0.701724018043688	-6.61316947514413
51278	-0.0797178534782718	10.8282974380934	-0.796252312368752	0.427472645090538	0.557984204874817	-6.44468458295893
51280	-0.0389472729186084	8.73437785021347	-0.355947573969157	0.722510716072896	0.807897456986885	-6.69628888044699
51282	-0.0815206402383177	9.47030770650986	-1.19716377588976	0.233624564389462	0.355843426490311	-6.05051748322091
51283	-0.00486280438654234	9.23016104263088	-0.069788080549543	0.944479594915507	0.964776340778378	-6.75687130659685
51284	1.76294260875539	6.93715368633806	7.76686030682212	3.15204144116675e-12	3.02742584930667e-10	17.4408112296084
51287	-0.00452433984353248	10.0661973875985	-0.0696595758370584	0.944581660963738	0.964776340778378	-6.75688022227035
51290	-0.0532917209810658	10.118413551196	-0.51049863304156	0.610648825273292	0.719639446335394	-6.62977086533118
51292	0.0341245004838263	10.8688644602798	0.584711183000988	0.559850039638992	0.676903225013849	-6.58943392973312
51293	-1.0425766531136	11.9210758330796	-5.44348307550683	2.85195377298854e-07	4.6463783362693e-06	6.38346540157503
51294	0.958879032919967	7.05349868512429	9.11179209740478	2.38818438329383e-15	7.0451439307168e-13	24.4400588322569
51295	-0.0317425714488594	7.35532662878126	-0.325237261544877	0.745573224698557	0.824589808728095	-6.70668714908793
51296	0.95650455836262	9.29603467588764	6.35494001622616	3.99787444270395e-09	1.25887804572896e-07	10.5025334136696
51299	0.630949227431991	6.71138642664476	4.49155961297051	1.6489444532329e-05	0.000143251186579221	2.50218823949137
513	-0.0912992604379963	10.7549047239891	-1.18935500597855	0.236670161297017	0.359611166368585	-6.05967862886621
51300	-0.0382584583472066	10.3455254545981	-0.565147549315304	0.573038425454161	0.68867223461795	-6.60059520211303
51303	-1.17147062378491	11.95922737629	-8.29299408135786	1.95704540788898e-13	3.10869135945443e-11	20.1466150604294
51304	-0.0166747645063267	8.14342935173805	-0.294883470921535	0.768597260762009	0.840430682273523	-6.71604496507271
51306	0.321188839386352	9.48732912877271	3.5764176785645	0.000504818573195964	0.00249711947921848	-0.719031066288891
51307	0.0307132966723412	8.93042648314517	0.441900255368479	0.659364224234964	0.758438726107897	-6.66221466294908
51309	0.534803580027296	8.55219489884062	4.38117227046741	2.55896854262482e-05	0.000206820745225842	2.08500328303595
51310	0.105733283957249	8.31958131213847	1.38939901473334	0.167308363074341	0.272861040201131	-5.80661491415716
51312	-0.0304456989492135	8.5490617153718	-0.238886188727	0.81160517607859	0.87085720374242	-6.73090761476684
51313	0.724973198070032	8.20255626266951	5.42050585473244	3.16180016762031e-07	5.03207502592365e-06	6.28428606830839
51315	0.210539509398729	9.40478341777138	2.69100555089449	0.00815025154526661	0.0246056570774496	-3.26310772191438
51316	-0.250392231684164	10.1431226886125	-0.931179709390875	0.35364783724651	0.486352422305075	-6.32945245838779
51317	0.241941758350813	8.36281167702777	3.20037713606093	0.00176033792018248	0.00698385745471051	-1.87355255990957
51318	-0.148653501455045	9.90034317993253	-2.11108228066992	0.0368603365054133	0.083690593604924	-4.58294270656497
51319	-0.0853768611615433	8.00700732799513	-1.13545929171221	0.258467014426379	0.384465611230306	-6.12131090293926
51320	0.176675689173642	9.09007237439422	2.46902902695514	0.014969135509991	0.0403541316294144	-3.80234392924068
51321	-0.0549185933991152	10.6139011584448	-0.68265224654506	0.496154745550862	0.619443500340103	-6.52788575376055
51322	0.0767870265865957	11.7517800453389	1.30384139134731	0.194806845770321	0.308592898817006	-5.91951830255943
51324	-0.385515440929015	11.4708679552887	-3.53707100813831	0.000577898701040999	0.00278659852340844	-0.844721967763392
51327	0.218009461675713	8.66872564992796	0.657329000385325	0.512240087550593	0.634158141961615	-6.5447047828986
51329	0.124448406309503	10.7073551046926	1.6880735836537	0.0940189441247111	0.174989663153521	-5.35841015986546
51330	-0.122420016862993	11.2316699571106	-0.93014386609513	0.35418159996449	0.486859713048209	-6.33040473542626
51337	0.143201342895059	8.52439223588889	1.61416348353008	0.109143285839385	0.196925194633753	-5.47708828029209
51338	2.55531616121845	8.32429016192296	7.69976873835953	4.47605597114511e-12	4.06288157380864e-10	17.099578068633
5134	-0.0662940926313453	9.22244381512796	-1.12235120626464	0.263974912924862	0.390408734245185	-6.13587809956236
51340	0.360426198894824	7.27700278620835	4.90082658950969	3.04892970510956e-06	3.44045892953619e-05	4.11116654667642
51341	-0.19946263465336	8.16377035109152	-2.31588838203828	0.0222780868226889	0.0557965424970924	-4.14995089872355
51347	0.179041298632736	8.78230511522376	2.28239620074541	0.0242438943772295	0.0597418160966335	-4.22327235311404
51360	0.30734164277321	8.39344448960903	3.8852328423181	0.00016864328934613	0.00100941563043408	0.305558500469413
51361	-0.474987521125153	7.75502706888131	-4.08746355638297	7.95906907506749e-05	0.000537986174795888	1.01189600191205
51363	0.228112869996847	7.29207396249626	2.01316968575725	0.0463558339663664	0.101073202382819	-4.77682977150189
51365	0.0702569924829205	6.33044730925214	0.540767015640518	0.589680008430385	0.702546786331311	-6.61397580790365
51366	-0.200857596747201	9.1496469003784	-2.57349283865468	0.0112967438848159	0.0322206852515812	-3.55373491174781
51367	-0.266220919848797	8.90125772280288	-3.03318793823121	0.00297193828373707	0.0107951672047793	-2.35238486243366
51368	-0.137520254184363	9.09892819667829	-2.10210409068862	0.0376549775876751	0.0851193160210055	-4.60107740708482
51371	0.0290822139389868	12.4349053848063	0.497232217607698	0.619943711428726	0.726654612799954	-6.63640831308292
51373	-0.237898049026598	10.2210239207251	-2.45964005212507	0.0153464376435353	0.0411163071474543	-3.82423459286527
51374	-0.270590750163687	11.7455332863338	-3.87259035877255	0.000176598350083904	0.00105018169308355	0.262313831418667
51375	0.245311027600623	9.8499873259152	2.89377121997521	0.00452940965031791	0.0152023257666095	-2.73485384657773
51377	-0.0374460317298016	8.70148553972715	-0.506139646827592	0.613695970038183	0.721426855779767	-6.63197094504107
51379	0.0347965305813098	9.63997536537449	0.512632071486079	0.609159928754339	0.718396678749186	-6.62868722419754
51380	0.228276376671395	7.45624417332305	2.0289006327196	0.0447023474895196	0.0980460409621434	-4.74625719448518
51382	0.0295746293947438	10.9420083294918	0.483078538296465	0.629928467441625	0.73548287667558	-6.64329779247855
51386	0.0288838889507055	13.7772467014987	0.58826862780544	0.557467978035337	0.675074842189105	-6.58736379226955
51388	0.00549991073280428	9.19138735428122	0.0672056193418193	0.946530913273663	0.9658240078617	-6.75704732533567
51389	0.0396486861231267	10.3057066028673	0.7294886690933	0.467137719511316	0.593806950317555	-6.49511698646979
51390	-0.356587298645295	8.9553431051362	-3.2323913441345	0.00158878201262052	0.00639227443947663	-1.77939729397471
51393	0.634397354102083	8.06818343415591	4.71489422189651	6.63784968607576e-06	6.51945759892815e-05	3.368356393468
51397	0.105922571806538	9.94376290875912	1.49976884991626	0.136325427204919	0.234056958784584	-5.65073289281927
51398	0.125324810161277	11.6180141774364	2.70251934603484	0.00788928951188591	0.0240463215380729	-3.23401429137302
51399	-0.091468294156376	9.98755951118536	-1.15500045050581	0.250406615454775	0.376202008667959	-6.09928741697234
514	-0.0107267509484268	11.881944723329	-0.171168784796145	0.864382065464738	0.910302148933007	-6.7447185933065
51400	-0.471302351631947	9.15351298247732	-4.77932340077362	5.0797189595897e-06	5.25795471255776e-05	3.62357257748399
51406	-0.062158723593473	12.1936464664304	-1.21649659053286	0.226205643436032	0.346588502092677	-6.02758483904184
51409	-0.202697064447002	7.75267093224526	-2.68076086035458	0.00838900034801774	0.0252158452964434	-3.28890204889588
5141	0.0518764087653106	7.58569450646779	0.65255258497447	0.515304656303697	0.637188092974332	-6.54780642055286
51421	-0.10102718856428	9.04546320050069	-0.863043186180179	0.389851561879218	0.521401214559964	-6.38986469718249
51422	0.126635000657685	9.91410693326864	0.900782830379526	0.369525068550311	0.502101836852371	-6.35696253243134
51428	-0.135615525899409	9.39793317180865	-1.84517869024856	0.0675003011701632	0.135459788062572	-5.08939284806633
5143	-0.0724152834973948	10.7428871420322	-0.895248680680546	0.372463301324136	0.504682885324371	-6.36187423041087
51430	0.0371584424466671	10.1463434500997	0.243071557307311	0.808368887295208	0.868825723591908	-6.72990445608186
51433	-0.138219751618579	11.3573676715137	-1.94840598060815	0.0537229552896236	0.113375475394045	-4.90035241186255
51434	-0.229360363633647	6.91720307756074	-1.8630834698321	0.064918634691027	0.131235419125767	-5.05729808046786
51435	-0.125892104539578	9.88787841623335	-1.2884991987349	0.200074336939208	0.314843593659336	-5.93902777029007
51439	0.0991409814441181	8.71086393379221	1.58188731287783	0.116332294081729	0.206997556364905	-5.52732057457605
51441	-0.0757892504965169	11.3516282103073	-1.63441912905749	0.104816366471565	0.190743156434265	-5.44506828786278
51442	-0.26587515034844	12.4041893964932	-3.07522433212952	0.0026101606014292	0.00970730597379792	-2.23404327089876
51444	0.080025375709784	8.20662861454289	0.813173086860106	0.417744484118827	0.549016617155372	-6.43120916699408
51447	-0.0318508515953862	9.43795049525104	-0.330900416581503	0.74130224641122	0.821569375467151	-6.70484002077659
51449	-0.0475731153044946	9.54067408225401	-0.490052751460581	0.62499977605897	0.730921442764702	-6.63992776817452
51450	0.115389890341493	7.7723002815949	1.41396032788826	0.159987098111727	0.263325196275474	-5.77292049010031
51451	-0.00460031928962034	10.8673874067472	-0.0546162007586381	0.956535914090019	0.971831076307941	-6.75781038545086
51454	-0.348472834241059	10.775833627422	-2.33937976404782	0.0209843589813986	0.0530225772977524	-4.09794191816077
51455	0.0324186013852854	9.02553300812433	0.64692115707387	0.518930149701556	0.640070482260819	-6.55143442661128
51465	0.0463029139847216	9.65508298536456	0.784924297592838	0.434059423199395	0.564263587602613	-6.45354937169545
51466	-0.123352422414045	10.3261296323408	-1.27736721848996	0.203961743188573	0.319681973194994	-5.95304290080792
5147	0.0197393620786378	8.60639977308983	0.313240131836095	0.75464714477051	0.830564345876671	-6.71049506676328
51474	-0.127918484397886	10.5243970588321	-1.10000625653451	0.273551964398977	0.401838738384412	-6.16032859698802
51477	0.223121711625175	11.6056385255722	2.45773844331135	0.0154238794728491	0.0412301761960302	-3.82865909010423
51479	0.396158146061598	8.68117464916039	4.71736119206187	6.57046842226916e-06	6.46866140261541e-05	3.37808529594425
51490	-0.413183176795717	8.05429038670678	-4.45223138051369	1.92996453316009e-05	0.000164007274114222	2.35270971459699
51493	-0.214235172026502	11.2682279967599	-2.94393946693178	0.00389847153283954	0.0134790183596712	-2.59900976335333
51495	-0.119623276411172	12.2083331124609	-1.82003337365952	0.0712698993324364	0.140868477742504	-5.13397247732561
51496	-0.0146587350724644	8.39504954002507	-0.216906548653403	0.828652988995516	0.883406714738643	-6.73588999886377
51497	-0.0190480781095073	10.3777477791596	-0.236275157589498	0.813625782484434	0.872458647711466	-6.73152461616019
51499	-0.105444345575676	10.1765927620408	-1.7698009311661	0.0793241748714107	0.153339032164253	-5.22129572796298
515	0.00967628231069685	12.6285091097014	0.211913376375313	0.832537516697281	0.886096423948705	-6.73695493417849
5150	0.106386156957892	6.75847977163595	1.07244752373599	0.285691374933356	0.415532797490671	-6.18982064217117
51501	0.138291394450453	9.73211250756435	1.75046352335079	0.0826182438749515	0.158410082269003	-5.25429410981301
51503	0.281001972706577	11.0697838881129	5.40051897438552	3.45790319108557e-07	5.39929685413362e-06	6.19821815255028
51504	0.0221332588682447	12.7677657308883	0.394536577262259	0.693891854457199	0.787084141419454	-6.68189676284951
51506	-0.262880505572537	11.4486323754931	-3.86147229170581	0.000183888322793803	0.00108862825702784	0.224373575713532
51507	0.116071240341597	11.0261627729005	2.58005996224143	0.0110955470604064	0.0318005616651481	-3.53779815105669
5151	0.145601388187304	7.53355774381824	2.3972277881573	0.0180771475920131	0.0469698770399585	-3.96783430921134
51510	0.349227725920833	11.6981500098949	5.06184657410205	1.53212525646788e-06	1.92330617301287e-05	4.76966918632877
51512	-0.427728956507601	7.46600946696396	-3.97308930123161	0.000122082428065459	0.000776290112256116	0.60906585633133
51514	-0.260551496815709	8.61775835833321	-2.14979766987716	0.0335972192200738	0.0776043150888729	-4.50392360516688
51517	-0.15894900717261	8.41114883732158	-2.3043278797145	0.0229401623712013	0.0571946094736258	-4.17536954616723
51520	-0.250146912787166	9.95526360293364	-3.36226884867701	0.00104045112802831	0.0045089854761353	-1.38943325996268
51522	0.0557651571737553	12.2442713527689	1.12067867415424	0.264683549683797	0.39138670253995	-6.13772489939538
51523	-0.252496031736252	10.7872763986946	-3.117169389077	0.00229018442082979	0.00870531122944511	-2.11457940333657
51524	-0.198313267823552	9.60481597130655	-3.3887093351261	0.000953179492661203	0.00420580267595167	-1.30849026859259
51526	-0.120584892219429	10.6669000217145	-1.54338713389156	0.125394780623518	0.219335347886489	-5.58596725814265
51527	-0.235785333220699	9.67841981194288	-2.20184894318804	0.0296062826127847	0.0700308975892329	-4.39559665059607
51528	0.352589815571835	9.59762686614521	5.47119496082154	2.51758411072847e-07	4.16052114038566e-06	6.50341284037535
51529	-0.172314983742902	11.8659881433604	-2.31041182490447	0.0225896051990391	0.0564911107914209	-4.16200695043283
51530	0.00366148816666055	9.46211435471425	0.0500659669678557	0.960153844339184	0.974188767257297	-6.75804737987853
51531	-0.11330774460264	8.6085143388874	-1.84542841531236	0.0674637138632708	0.135419265251669	-5.08894721994291
51534	0.125580676515597	8.38729821188302	1.72692853756866	0.0867779777276732	0.164475928414544	-5.2939910722882
51535	0.0396928084199412	9.52439267565731	0.693291078191908	0.489479243144137	0.613986112129168	-6.5206315833113
51537	-0.44087858463044	9.37392435067232	-3.99352034782556	0.000113167626003566	0.000730284836554262	0.680389135689975
51538	-0.123434699293115	9.71826743299392	-1.98983720474016	0.0489041889641609	0.105365136535695	-4.8217665244501
5154	0.127232195505817	7.49212941956663	1.14743216079395	0.253507065413223	0.379136042062868	-6.10786071101165
51542	0.24581060686201	8.31594074367997	3.85194224746518	0.000190364211224089	0.00111915187523913	0.191919625344202
51545	-0.0989871882989656	8.64154756583187	-1.12668315696128	0.262145668541798	0.388259498324412	-6.13108225405855
51547	-0.274845456556142	8.08076262917076	-4.28447447359107	3.73898307841233e-05	0.000285434382880646	1.72569247377239
51548	0.132277253690299	7.38378633268881	1.85189416213673	0.066522152691052	0.133906355575113	-5.07738945121097
51550	-0.264708132346305	7.39357299346226	-2.65231849031146	0.00908540607556696	0.0269463031181986	-3.36005832818454
51552	0.195772725360121	8.78439907259729	2.28827078946691	0.0238884504977808	0.0590067587056428	-4.21048224299272
51557	0.471510415788648	7.18400083639564	1.73667338788173	0.0850352855935553	0.161953299285858	-5.27761613529328
5156	0.62083261892451	9.6512713153546	4.04906942208058	9.19644894759047e-05	0.000610632381889849	0.875708099436289
51562	0.0132226361570389	8.55261144944216	0.195213800667814	0.845558837069856	0.895654782533599	-6.74033654630764
51564	0.368790899288526	7.08845512154841	3.48815437471997	0.00068268547830554	0.00320943770677505	-0.999416791352542
51566	0.353017845076821	8.53412564910116	2.58566013929648	0.0109265272737021	0.0314251794153132	-3.52417929393781
51567	0.179772218146425	9.82035765203409	0.964553812810814	0.336726411555431	0.468636926612951	-6.29821220856723
51569	0.0285639630322909	10.1337609310192	0.397287906910622	0.691867584283712	0.785651119904243	-6.68081424864009
5157	-0.67813667342681	9.13578717987996	-4.83368488301826	4.04637371622617e-06	4.34065544104262e-05	3.84071832408914
51571	0.156879923999437	9.65080799706632	1.4677407607813	0.144815519586628	0.24473685339185	-5.69715114483499
51573	-0.374924508139773	9.82401929118823	-1.94542545789509	0.0540845827172246	0.113818765157777	-4.90594608732854
51574	-0.00528754445504897	10.1207177011692	-0.0849385845442179	0.932453098670652	0.957610667042097	-6.7557050026224
51582	0.0276534978588553	12.1606824494486	0.319628704563697	0.749810845879544	0.827336038867891	-6.70848509982655
51586	0.212816585959411	8.10594903766949	2.93392920931988	0.00401750996502818	0.0138211713082602	-2.62627629084845
51588	-0.163276707310401	8.88430010280879	-2.60923730832058	0.0102400707096709	0.0298037294086967	-3.46655425123637
5159	0.872008943324734	9.55887288172978	5.886833986674	3.72802340107117e-08	8.27781540130318e-07	8.3440668855803
51592	-0.0773224484394675	11.3295016452662	-1.52859991625927	0.129020201024768	0.224086179482255	-5.60812365464996
51593	-0.207570701913442	11.2066292895314	-3.4097501276122	0.000888687363524053	0.00398077962185937	-1.24370559091465
51594	-0.135244457864213	8.68179850035142	-2.29253312892398	0.023633429357535	0.0585396106943893	-4.20118348991382
51596	-0.0647221145762145	12.3811835570124	-0.936996474791448	0.350660070100882	0.483403080625563	-6.32408556158181
51599	-0.0186593798154702	8.82245384860873	-0.21793625606703	0.827852433805828	0.883138668091117	-6.73566730253372
516	-0.306497744904982	11.3833395806466	-3.33430519660764	0.0011408623450264	0.0048826543885586	-1.47447038825596
5160	-0.202613624713472	11.3350775169453	-3.79832010003637	0.00023104207664758	0.00131176431088538	0.0104748205594349
51601	-0.174969731362454	7.56162065016797	-2.12258188377079	0.035863689253643	0.081877853298809	-4.55961050136582
51602	-0.370585893032641	11.3622686008933	-4.6948464468521	7.21080711445062e-06	6.96623003103651e-05	3.28942321385315
51603	-0.0768914120079373	9.67099205125399	-1.11018711909482	0.269159010364632	0.396584628186205	-6.1492481062105
51604	-0.122344705271913	10.1820409729189	-1.95371223046829	0.0530842059354873	0.112400805185113	-4.8903740826233
51605	-0.108495879383758	8.15308132840883	-1.21029471645628	0.228566820753253	0.349557848439524	-6.03498055891094
51606	-0.0929063571390801	10.6872493937961	-1.41354427116213	0.160109040768858	0.263393881049745	-5.77349600995821
51608	-0.390690626703238	9.72885904765031	-3.89767570525035	0.00016114790916736	0.000974437576663536	0.348226464914641
51614	-0.310206548554796	12.5882051881903	-3.78867957705201	0.000239181339493815	0.00134763837941263	-0.0219362102063352
51616	0.0969894690371531	8.32679421909332	1.35561321703444	0.177792108257749	0.286828674650197	-5.85203004043573
51619	-0.000304870964588132	8.32753748960479	-0.00451909691947368	0.996401869490888	0.997488721608864	-6.75928437948031
5162	0.193592860672519	11.3172849592566	3.23341400314059	0.00158356776200998	0.00638373338906901	-1.77637668042204
51621	-0.348603321787998	9.63041314206064	-3.44823575105384	0.000781192407580804	0.00359679447414573	-1.12435952692424
51626	0.234804482897079	7.67650712147181	3.33274702000586	0.00114671597197209	0.00490008997852531	-1.47919153263853
51629	-0.164556976379931	11.1081870868274	-1.94507962429604	0.0541266756723008	0.113878334450638	-4.90659460840146
51634	-0.0360029934973367	8.3069085974156	-0.627990762000438	0.53121455910936	0.651179589124431	-6.56340127636476
51635	-0.222236912087213	9.47116978208952	-2.1616060115599	0.0326530988370284	0.0759759426461562	-4.47955830048116
51637	0.0090960674645344	12.0175016755504	0.137782149718008	0.890645697271198	0.928177322667183	-6.74984974305836
51639	-0.000311433214487977	11.6505468422127	-0.00513427865902834	0.995912062392978	0.997119228529212	-6.75928142470524
5164	0.349140889112045	7.24813771510012	3.27467320259361	0.00138603058493296	0.00573765166669888	-1.65384519919055
51642	-0.122060990958952	9.62204708309819	-1.59411370809692	0.113565937494751	0.203306164652502	-5.50840659254366
51643	0.118990201025631	11.7848314017091	1.94156048185013	0.0545565826228962	0.114508179326897	-4.91318769915514
51645	-0.177926924668906	9.93170839288652	-1.76362663391321	0.0803639901411884	0.154805633993987	-5.23186924232085
51646	0.340133412570506	11.3439418323399	4.41618844485037	2.22766010722329e-05	0.000184743699655264	2.21653819202794
51647	0.0488067829563836	11.1021134748483	0.856269331956004	0.393571533744591	0.524254292651238	-6.39562314496249
51649	-0.00253026272744895	8.69858203116653	-0.0347754495528223	0.972317122144423	0.981826336052926	-6.75869283357346
5165	0.101213718503103	8.97195323774254	0.914271992723577	0.362424635149222	0.495305672788315	-6.34486551658507
51650	-0.274562426128897	10.3293105354624	-4.53714766589973	1.37249822746152e-05	0.000122428027633177	2.67661742347652
51651	-0.273745278721358	10.2319171805414	-3.91343221759325	0.000152111228664359	0.000930695369457488	0.402407956817707
51654	-0.180099014434255	8.85807573614611	-3.07267817172736	0.0026308577774244	0.00977845599381221	-2.24125073001399
51657	-0.177480299842818	9.33113708396933	-2.22103167423596	0.0282432121190696	0.0673466894063265	-4.355072585372
51659	-0.1699898844065	9.12038432333008	-1.37659009445837	0.171226232771536	0.278246839010995	-5.82396016595059
5166	1.7154623987365	8.49016550789233	7.56067034710206	9.23346055031367e-12	7.47729256329322e-10	16.3951863328655
51660	0.176151540817891	9.75162927858475	2.36187881828232	0.0198079024347802	0.0505603442865528	-4.04768190333194
51663	0.155802687371397	9.89755306714426	2.98214586054645	0.00347334494336033	0.01229739787062	-2.49420611650281
51666	0.612980495825637	6.0181549378991	6.79216745517813	4.64023276553422e-10	2.00671846300066e-08	12.5897327693985
51667	0.128118736323092	8.92787522345701	2.02797819076758	0.0447978962083089	0.0981513588012285	-4.74805605412822
51668	0.0611616841512709	10.1867110355791	0.859285346364113	0.391912559512602	0.522991412004223	-6.39306476736784
51669	0.1383769589507	11.6692055688304	2.09492502812402	0.0383009594986212	0.0862502523060554	-4.61552654598234
5167	0.773601225586879	9.15386343094315	4.25408819519248	4.20741184702619e-05	0.000313657236971447	1.61398691856137
51673	1.60330725334322	8.19066651079953	8.12038986905601	4.89636156982242e-13	6.41967405821162e-11	19.2535048089909
51676	0.481623660682265	8.37118618000137	1.91817241643245	0.0574876031379365	0.119323291563049	-4.95672044143417
5168	1.16866869846296	10.2824597612722	7.34159842543882	2.86327375561224e-11	1.90730977591589e-09	15.294769817168
51690	-0.417259515426652	11.3223637856624	-4.26542480178157	4.02640854897774e-05	0.000303173515173712	1.65559447139047
51691	0.0281421247819474	8.76964676990741	0.349737732742561	0.727154361992672	0.811003919802791	-6.69846695540611
51692	-0.165541933690112	9.99891342173266	-2.58900520251763	0.0108266781862144	0.0312031967264938	-3.51603199685619
51693	-0.130760014004166	10.0416290891501	-1.73162356515448	0.0859347446782277	0.163289853011769	-5.28611262579643
51696	0.121553964591749	9.43675871741488	1.14970671867679	0.252572430656316	0.378286179006559	-6.10528990313168
51699	0.161841059513723	11.0713052610411	2.86659770054936	0.00490902789569623	0.0162387315164063	-2.80758873352909
517	0.215354527521394	12.6430246259474	2.83301298401269	0.0054184074113273	0.0176274301762755	-2.89665974623097
5170	0.0182984791367848	10.2284927338872	0.273997911570101	0.784561755427818	0.852022100951062	-6.72195254941826
51700	-0.0972692904439916	9.1148031866201	-0.77328404990237	0.440889228939729	0.570716977126181	-6.46252755212828
51701	0.217221373605151	8.45856631627727	2.7573534822685	0.00674747941221271	0.0211034380707599	-3.09395659510925
51706	0.0771014768249416	12.1774113188562	0.624869252544073	0.533254437453717	0.653319734999659	-6.5653406385127
51714	0.0978027251266789	10.6154689130205	1.28870900592055	0.200001599685422	0.314789103163413	-5.93876248852171
51715	0.49773942782716	9.4789627612561	6.01311582581253	2.05776586393429e-08	5.10424805888805e-07	8.91792979167075
51719	0.404909441181179	10.3204951009418	6.07495959855348	1.5347403997849e-08	3.94920738387018e-07	9.2013056751569
51720	0.212415995412265	9.35166179887087	3.38978020926698	0.000949793840248908	0.00419534605371978	-1.30520099194671
51726	-0.115535522275588	12.1398044687996	-1.56270320310155	0.120780673715148	0.21280895155442	-5.55671665674107
51727	-0.035104909940302	9.69911381716478	-0.587054224692339	0.558280579283157	0.675835716486385	-6.5880718773811
51728	0.179329072044014	7.55813265822268	1.70015596040979	0.0917164956003635	0.171786452076871	-5.33852778858562
51729	-0.176018508264286	9.58726881452884	-3.18775191681869	0.00183261701485871	0.00721516517766108	-1.91046775912882
51734	0.0421351936348529	10.7175788255694	0.409011338865229	0.683267276574734	0.778238789921029	-6.67611756212146
51735	-0.217769291095926	7.83305595063355	-3.23346697335536	0.00158329811683103	0.00638373338906901	-1.77622020128222
51741	-0.145485372452252	7.6306287800016	-1.55445851185463	0.122733389301096	0.215330882673545	-5.56924441781102
51742	-0.00957070726191445	8.71215611870727	-0.107622781416897	0.914476353895725	0.945141977374711	-6.75353180283342
51747	0.107626952919235	9.91515518376706	0.986658369652397	0.325814086644598	0.457535592601901	-6.27692501100135
51750	-0.168194416748092	8.64213708640282	-1.4430510450827	0.151635977560175	0.253340043415664	-5.73227452533739
51751	2.54553169108541	6.93391405511429	10.5543786571832	8.91342438179556e-19	8.18054282151459e-16	32.1341043467466
51752	-0.0093564962804669	7.10149384302036	-0.0908078912985175	0.927798072421602	0.954134969895721	-6.75519180256499
51759	-0.0647730637079188	10.2699504321211	-1.18863445121097	0.236952619856109	0.359718551738919	-6.06052102516009
5176	0.672743160221248	12.1375367366555	6.51203182502994	1.85719984708617e-09	6.61227186936714e-08	11.2450830732159
51760	-0.0217440840629766	6.57610560448742	-0.256047607224109	0.798356624046344	0.862247133762382	-6.72668369874738
51762	0.172060367560896	9.71673943706553	1.34153282565459	0.182304671141402	0.292509048878784	-5.87063717514929
51763	-0.0327851975116317	8.75891840325926	-0.550516079213859	0.582998477053895	0.697201016427563	-6.60869571633234
51768	0.00359137801293302	8.99438440978677	0.0464944369286441	0.962994184820379	0.975871913460475	-6.75821896776184
51773	0.212383976240275	8.1417634912567	2.19241565190294	0.0302973531833285	0.0713793888460619	-4.4154060571794
51776	0.407095074693769	9.62335296726859	3.94307747596931	0.000136402279175843	0.000856634336080092	0.504802946442851
51780	0.0404634902282165	9.6166506473179	0.751457412446481	0.453862531444199	0.581405786248307	-6.47900455896954
518	-0.0309182746539647	10.9276228418785	-0.330336105790504	0.74172747298895	0.821709888262973	-6.70502550742059
51808	-0.22100909232849	9.48180186248529	-3.35466543265261	0.00106690101755812	0.00460561849876122	-1.41261314378655
51816	0.751711041735039	8.01251465534187	3.19847998494536	0.00177102693974423	0.00701615468694835	-1.87910750847152
5184	0.400481621428768	9.97021772485203	5.92548964254999	3.11003124247571e-08	7.07682040298881e-07	8.51903839428306
5188	-0.199975814694278	8.40247345229337	-3.21147190030793	0.00169902049225967	0.00676659077438035	-1.84101124926626
5189	-0.166888389134001	7.60051245773915	-2.32950644805867	0.0215198052913643	0.0541510989317877	-4.11985933395721
5190	-0.0718754945548629	7.50153631828226	-0.388698807499874	0.698194266760545	0.790553069697341	-6.68416879143749
5191	-0.20771741153755	8.75655046385059	-3.03342529276213	0.00296977145964467	0.0107920423478509	-2.35172055955903
5192	-0.169749530913674	7.47796814957677	-2.01123660397328	0.0465625742398678	0.101399120279807	-4.78057133499783
5194	-0.350752322864161	9.24282741788294	-4.35688842691499	2.81608049313957e-05	0.000223446924815878	1.99422480885329
5195	0.132194686864653	9.44019341849645	2.06172778698572	0.0414135792361852	0.0919559581964758	-4.68174488914686
5198	-0.198247809361054	8.59851422524304	-1.95834871805208	0.0525313517561805	0.11148740120916	-4.88163441850407
52	-0.188021197788348	11.1640946721991	-2.16059920714464	0.0327326895163563	0.0761182475802654	-4.48164054522716
5201	0.161139409707397	10.3109402805156	2.54545126150533	0.0121932567655753	0.0341537313017713	-3.62137626121687
5202	-0.106904137020876	9.24349874776962	-1.45426425428345	0.14850825833692	0.24937552629863	-5.71639394476849
5203	0.239197294293543	8.55792499461849	2.98270581837459	0.00346744475825006	0.0122824172896042	-2.49266146279053
5204	0.122141167486629	13.1166976301152	2.02669066076888	0.0449315532230929	0.0983715767796417	-4.75056559910912
5205	-0.316374863774317	6.62217143040703	-3.47474532857248	0.000714391321243435	0.0033338261658027	-1.04151669268999
5209	0.208020366473515	8.14822915526458	1.07768248738736	0.283357484016799	0.412938041280657	-6.18427486274577
521	0.00422958780542989	12.6738041305011	0.0577668071176771	0.954031366352696	0.969943547047853	-6.75763421828148
5210	0.0154870654303141	9.53383372299243	0.150278534715922	0.880799552998177	0.921728650383394	-6.74805899975128
5211	-0.149750029790798	9.87939888252755	-1.96862997767334	0.0513227849843587	0.109456804536742	-4.8621852984433
5213	0.295554949303485	8.25613774843059	3.12324712879305	0.00224696138904635	0.00857084773827451	-2.09715560973336
5214	-1.43423986370795	9.5937953547269	-5.3895193869891	3.63224920134016e-07	5.62896405310877e-06	6.15093281505075
5216	0.0680076322851233	12.8113411497214	0.834453625204044	0.405699152677715	0.536515370015678	-6.41386402471196
5217	0.140239482574699	8.95478145316429	1.47770679873382	0.142130817050457	0.241096580874316	-5.68281082498072
522	-0.0481270922794827	12.1301221337933	-0.686192996066883	0.493927600442496	0.61744866076538	-6.52548382080629
5226	0.253883725558127	10.3195714838624	2.62546105717672	0.00979054980472884	0.0286772841798086	-3.42663134724022
5228	0.396564279955805	11.4228279552276	2.33951358089565	0.020977183347338	0.0530206653760745	-4.09764428300137
5229	0.278785173848878	7.06031061346786	3.33656259932038	0.00113243151919823	0.00486421442983745	-1.46762741245681
523	-0.102141857171439	11.2012082108373	-1.07452491519612	0.284763646658936	0.414572032449573	-6.18762307848716
5230	-0.26925164537498	12.2425170601489	-3.43937225517854	0.000804807333980008	0.00369112080992497	-1.15194270610811
5236	-0.386058178868571	12.4431499781733	-4.4145499510574	2.24219505507804e-05	0.000185762599347488	2.2103666519459
5238	-0.295207571857903	10.8236138679966	-3.78328018286846	0.000243858178926337	0.00136636904485277	-0.0400606288524683
5243	-0.280596550168603	10.487050690311	-1.20353964825546	0.231158773967864	0.352542738732378	-6.04299401049887
5245	0.0847180414280363	9.86969423559809	1.18591754865497	0.23801981954146	0.36101706212735	-6.06369285740384
525	-0.0584884935165722	10.1440361370668	-0.468351050175228	0.640391190004619	0.744273904103089	-6.65025620438337
5250	-0.0753116782387233	13.725906138684	-1.33430794864077	0.184653274773291	0.295760335394102	-5.88011165846206
5253	0.0544282518406919	9.04138031071625	0.648269917638299	0.518060608975624	0.639542763434263	-6.55056834075981
5256	-0.256235557471235	9.59258183523547	-3.51885328006019	0.000615014434117827	0.00293642729815795	-0.902537677844363
5257	0.0452135528950168	10.215291566194	0.770156309588094	0.442734977746135	0.571797968308634	-6.4649173623386
526	0.202319165623028	11.0780793309973	2.88263183922564	0.00468164839859691	0.0156181000696327	-2.76474243996261
5261	-0.308000022659229	8.31329671201785	-3.43298191024668	0.000822247456160099	0.00375654403333895	-1.17179348641011
5264	0.107158117817715	10.3297086298605	0.878322526329016	0.381540513208878	0.514206841170689	-6.37671126798654
5265	1.53694792983676	7.39371022280061	5.23629845970257	7.16532458851276e-07	1.00655750171965e-05	5.49836631468537
5269	0.282361275088733	10.8696334488871	3.62569372548827	0.000425569270795089	0.00219015711948127	-0.560049418836121
5270	0.425950887827419	12.7657068378513	3.1069347263547	0.00236471701626974	0.00891490760127248	-2.14385538734575
5272	-0.106567026070031	8.80664108261714	-0.700378755465796	0.48505928973745	0.610481446477425	-6.51573704295018
5277	-0.126942637119573	9.52572436443342	-1.97984281335333	0.0500316645172699	0.107229255037013	-4.8408652632861
5279	0.0861863651884305	10.0413465145024	1.41202768874138	0.160554140541134	0.264073516700472	-5.77559247091522
528	0.25232535066857	9.38365497056653	2.52537359547572	0.012873843653906	0.0356838753628402	-3.66939957613047
5281	-0.0573709001568362	9.97676342594384	-0.928467859394584	0.355046325296154	0.487804831494716	-6.33194331890665
5283	-0.0943363660736075	10.1035857103352	-1.02006789379818	0.309767728185226	0.441304145362188	-6.24385088693487
5286	-0.108336162281782	8.91668625761247	-1.27481694540158	0.204860111031808	0.320664111639707	-5.95623703686486
5287	-0.0896812363158124	10.8279645477818	-0.729994068543301	0.466829887772671	0.593506983685125	-6.49475163671196
5289	0.161215589047901	8.990418322035	2.83674522018126	0.0053595044116336	0.0174702077506289	-2.88680652135453
529	-0.014418532955476	11.9961933039323	-0.200820097720073	0.84118243116536	0.892392355693023	-6.7392322002158
5290	0.216122751977772	7.98083698207586	2.64816684486211	0.00919131817272272	0.0271823444707088	-3.37038853216027
5291	-0.680323054132531	9.1473530953052	-6.62974295952604	1.0400660484412e-09	3.99578863261596e-08	11.8069990490632
5292	0.246663499306062	10.0544712294336	2.7383352787819	0.00712524850726822	0.0220429036217361	-3.14281343395733
5295	0.356750350822315	8.85680414782542	2.61877504939912	0.00997360058425813	0.0291720753633046	-3.44311073358894
5298	0.19230476543548	9.34145425807107	2.74474352479803	0.00699586209123245	0.0217403389291121	-3.126384165017
53	-0.0587467199478759	9.58206468150928	-0.483021724674402	0.629968686740887	0.73548287667558	-6.64332504794973
5300	0.181508202315012	10.0333292528282	2.941640971957	0.00392551388278605	0.0135554952641358	-2.60527762361265
5305	-0.055962107984332	9.90535744880938	-0.499982425120427	0.618011698555215	0.724904378026991	-6.63504662792234
5306	-0.430971757740479	10.1873123265841	-3.92722947723746	0.00014459678870957	0.000894658782577563	0.449990098630423
5308	0.736727233611821	10.6070257965714	4.71997890153361	6.49969458916125e-06	6.41427446911253e-05	3.38841244594516
5310	0.0961384337119054	6.7115211877137	0.990967673780935	0.323714143242	0.455205792165291	-6.27271979162683
5311	0.379040828656694	9.15007437350613	5.01307962348371	1.88974588911252e-06	2.29548544765727e-05	4.56877841540615
5315	-0.296806063014234	11.0533050542859	-2.45188179399583	0.0156645806639273	0.0417654733002065	-3.84226643491395
5318	-0.290410686639976	9.19246811378227	-2.39811673634643	0.0180354077789414	0.0468761699981297	-3.96581244944227
5320	0.998696610479748	10.6043142772555	4.76699207637576	5.34750738697298e-06	5.48700757967662e-05	3.57454487692333
5322	1.29254022778747	6.99646010353541	8.39071800576237	1.16201687465517e-13	1.91965187693035e-11	20.6543806625301
5324	-0.12485946771758	8.57886218276962	-1.313095612643	0.191679766833676	0.30465169791152	-5.90764197158738
5325	1.12471963877085	10.4744807612091	5.77578648162848	6.25405898848261e-08	1.2791304178339e-06	7.84489606837641
5326	-0.0480185910826416	7.85893163776616	-0.862674005111424	0.39005374414119	0.521529227671809	-6.39017969210884
5328	0.487218712946267	9.99429126371507	3.38073977854738	0.000978733736269088	0.00428366471566946	-1.33294258299727
5329	-0.0233258843845109	7.64548841580873	-0.159843959439033	0.873275273783629	0.916445383219785	-6.7465833260826
533	-0.159476281332615	12.2511151840882	-1.83839198867389	0.0685009704698746	0.136803195377458	-5.10148175580869
53339	0.265831012986286	9.2797184344506	4.00385186490397	0.000108899758278402	0.000706053377848981	0.716561536635309
53340	0.220706706580612	7.66751981812823	2.12040999460504	0.0360501200757591	0.0822125874726035	-4.56402616477361
53342	-0.669698917151637	7.11890200656161	-3.74518335836984	0.000279411558707907	0.00152540613015685	-0.167366500847428
53343	-0.16898457855457	9.7485053420131	-1.98082194685142	0.0499202411770821	0.107073796967722	-4.8389981658506
53349	0.0803306809636161	7.8245953094979	1.00196246188767	0.318396880155349	0.449719259590148	-6.26190892749306
5336	0.532739147444554	8.45024958498297	3.237400671119	0.0015633928036883	0.00633470471683437	-1.76459368981714
5337	0.399457663255923	7.31338374218987	3.70540131977106	0.000321758473588863	0.00171466128506065	-0.299221817089999
53371	0.113458643086167	9.99375720779895	1.86935064762672	0.0640346929567988	0.129766085334435	-5.0459949835969
5338	-0.110178163641466	7.62109681524625	-1.46205406335341	0.146364967544487	0.246578550258508	-5.70529192444956
5339	-0.152744876954218	9.00120913908407	-1.58030352588538	0.116694533032859	0.207423465214422	-5.52976045325159
53405	0.430413258363231	8.06233849873369	1.98588188981486	0.0493477824465004	0.106095623848501	-4.82933566682166
5347	-0.263424874900437	8.10780157024704	-1.76204138607549	0.0806327636894297	0.155250962255172	-5.23457833373226
5348	0.502120796624299	6.88138804070715	4.79430916284138	4.77175577214841e-06	4.98920287062606e-05	3.68326856785852
5349	0.329079308444872	10.2323504450686	1.80643686717951	0.0733799385138035	0.144108010490732	-5.15783665481409
535	-0.0766974399051951	10.9987190703756	-0.812923932231068	0.417886764316669	0.549032775025081	-6.43140962209916
5351	-0.131759117703451	10.6854433930443	-1.11872310959174	0.265513787184535	0.392403628939749	-6.13988080317765
5352	0.192045356964182	11.1565694771793	1.35688640180637	0.177388259206688	0.286288984182735	-5.85033825259181
5355	0.499571342001656	8.00272446784723	4.19585950306836	5.26724571088315e-05	0.000377668833089365	1.4015579200415
5356	-0.0916289071558023	9.63912056528293	-1.45976272211909	0.146992905231437	0.24733375376078	-5.70856347691652
5358	0.0572455377622192	10.1972581862738	0.498659744799766	0.618940544901157	0.725787748563821	-6.63570244807971
5359	0.029965821654479	9.0633435219724	0.314223567778613	0.753902020628425	0.830094153640395	-6.71018829712259
5360	1.09251281083703	11.00957874447	6.4667275501684	2.3187374086719e-09	8.01371171365268e-08	11.0300572374842
5361	0.10139587748017	9.04314400494122	1.03034872825694	0.30493809920893	0.436647175303996	-6.23345554728855
5362	0.473581189454074	7.03845217831127	4.44843658264444	1.95940264722826e-05	0.000165996572985696	2.33833576103968
53635	0.052844209054342	11.2475854983182	0.786094810820721	0.433376078108376	0.563730142547274	-6.45263920364096
5364	0.200387723718985	8.22531700363882	1.98981408843091	0.0489067716074887	0.105365136535695	-4.82181080218709
5366	0.104588748361488	9.59613897672998	0.639705685249341	0.523594868808185	0.644256460055952	-6.55603730953822
537	-0.087066129060582	12.4855247536555	-0.948993795179582	0.344549030135347	0.476776251749258	-6.31291214392187
5372	0.723807112377646	9.01597388155369	6.63432620273107	1.01675951898596e-09	3.92450169477757e-08	11.8289704961943
5373	-0.369843494900588	9.7935912112943	-5.35322198893132	4.27071395774186e-07	6.46082367966076e-06	5.99530860893226
5376	0.984072076449997	11.4438684727434	5.61350613127729	1.31990790586444e-07	2.42816020098893e-06	7.12499475540616
5378	0.0937716592010067	7.74674516661406	0.920811186435792	0.359013882302667	0.491620468803056	-6.33893740433123
538	0.258402519833396	6.6943304805047	3.06514272182502	0.0026930052222384	0.00996158671549	-2.26255168688293
53826	0.784014867438608	7.6562417434432	6.02691822015287	1.92763970661492e-08	4.82494059898159e-07	8.98104269458724
53827	-0.0887507266305704	11.089957708523	-0.685853600241873	0.494140846721652	0.617530576030367	-6.52571459040996
53834	-0.68716626953941	7.9504130259703	-3.39317885169629	0.00093912332272554	0.00415487876042473	-1.29475613503598
53836	0.0932888251135423	8.41844971653192	0.526758074196664	0.599343141817946	0.710472782924259	-6.62139867678329
53838	-0.220162860689146	8.81710155746904	-3.10795904791211	0.00235715748789652	0.00889452756967804	-2.1409290164827
539	0.0285300044726609	13.3695496023645	0.431715008337247	0.666730532155692	0.764357279057046	-6.66663471997261
53905	-0.0132606988156481	7.4355029756402	-0.110691431209873	0.912047704064161	0.943812833321218	-6.75319850913483
53917	-0.0533692737056972	9.97691731991244	-0.719553614286019	0.4732121150001	0.599774753705819	-6.50224805005733
53918	0.101847230442805	10.07007301314	1.18903694896432	0.236794810396941	0.359611166368585	-6.06005052886832
5393	-0.171058211198853	10.0794845786972	-2.47754313972103	0.0146341679670769	0.0395827707417202	-3.78242806638822
53938	-0.233454608328561	11.0665653487636	-2.56279046348939	0.0116316689960266	0.0329167357651044	-3.57962914725343
5394	-0.0987779193417695	10.375654430109	-1.80245257848138	0.0740079739687397	0.145101874138499	-5.16479769499594
53944	-0.00811419297382678	7.55458618610242	-0.144171950535767	0.885608816177857	0.924795046982188	-6.74895348305906
53981	-0.043904478206492	8.63615635092167	-0.582781058611389	0.561144537391829	0.678064910892066	-6.59055187782397
54	-0.129714133359961	9.03825266820973	-1.03886543183085	0.300975728216061	0.432809804154711	-6.22476645974308
540	-0.478108498407529	9.61539179722323	-4.58916406268162	1.11164416726465e-05	0.000102137717704182	2.87714635021626
54014	0.0322771226105425	9.95828434967203	0.326378660623169	0.744711774143697	0.824142373396623	-6.70631742449704
54020	-0.316478697545161	7.87109364027592	-4.02697239066637	9.98990116052819e-05	0.000655934686692869	0.797767062871986
54058	-0.020974358139372	9.68741779516797	-0.162787986281321	0.870961767631886	0.914703649159489	-6.74611083383451
54059	-0.0291612290971267	7.80296652021345	-0.288714827826127	0.773302454575727	0.844269973347498	-6.71783487197729
54069	-0.0905813757205038	8.85719393575502	-0.96202213685723	0.337991243170864	0.469927907417712	-6.30061997629214
54093	-0.277781894385471	8.05792595797482	-3.09505847645277	0.00245402051317446	0.00920118449333682	-2.17772475631427
54097	-0.342310968556731	12.1472714370621	-1.98524059159573	0.0494200259459838	0.106193916314731	-4.83056156944334
54101	-0.129093467394264	7.8345590857846	-1.9308057154166	0.0558883257940441	0.116634050292775	-4.93326727693098
54107	-0.00499322025442552	10.6969215101193	-0.0835701653018236	0.933538752778585	0.958010945204511	-6.7558197274009
54108	0.0731945532827647	7.83507790814116	0.885728230235586	0.377552165234569	0.510464523313438	-6.37025399915829
5411	-0.100397257856118	10.3966068883173	-1.58041008684034	0.116670132618037	0.207423465214422	-5.52959636590057
5412	0.234990564235284	9.31223310459668	3.18981369926186	0.00182062771935651	0.00718165470959159	-1.90444763338526
54148	-0.0725702099728415	9.43466351102217	-0.874639647854226	0.383533642029293	0.516042984714442	-6.37990256536471
54149	-0.287426384655634	8.70747367300816	-2.81462327311735	0.00571737294935975	0.0184330603285369	-2.94504392232118
541565	0.0609644129179022	8.76561402956802	0.649910999578417	0.517003639726462	0.638715235438316	-6.54951213002382
54165	0.0716764999800469	7.90403307866	1.09916290381044	0.273918077299713	0.402304999732509	-6.16124198785253
54187	-0.752520231995425	10.0054585810685	-6.43577912704266	2.69730880112103e-09	9.00412238606296e-08	10.8835739558991
5420	0.962159135098235	7.75540022488895	4.63428843640849	9.24750429865543e-06	8.66036116858207e-05	3.05238989493535
54205	-0.064102962022126	8.51713274648847	-0.661640767625474	0.509481927497147	0.631500708452346	-6.54188558828537
54206	0.0946007681292197	11.9518325360687	0.66471324858685	0.507521331889873	0.630110657058523	-6.5398655222705
54209	0.193499090664018	7.49017744752714	1.41473042628586	0.159761576519639	0.26318919466538	-5.77185480221418
54210	-1.70533869548599	10.0364404534407	-5.4943970413692	2.26738321134522e-07	3.82216027055338e-06	6.60411687823323
5422	-0.0318730515904711	8.26304892343042	-0.295746885262016	0.767939366574279	0.840044916951866	-6.71579142056729
5423	-0.171903988852174	8.27633129841218	-2.90206229737166	0.00441906050902386	0.0149229107949865	-2.71254283347851
5425	0.0651906718852175	9.11253115111473	0.712232152298476	0.47771655305602	0.604001029885615	-6.50744112611196
5427	-0.341306089156825	8.26670189888838	-3.25402804587961	0.00148180507547518	0.00605626418774123	-1.7153191211987
5428	-0.0744940971615874	9.13411784401173	-1.27810946215178	0.203700824149336	0.319454871363872	-5.95211209778536
5429	-0.00771876634656363	6.56476687897837	-0.108523517146264	0.913763391415698	0.944796140478561	-6.75343494297331
5430	-0.104487812081493	9.16427213123995	-1.28996865627445	0.199565307399147	0.314222157666214	-5.93716889448958
5431	-0.0202048063633523	10.1216937342819	-0.357040215586436	0.721694715620418	0.807203568182079	-6.69590168384337
5432	0.0350723557618441	9.74231497862325	0.387598816778962	0.699006061327307	0.790986005013602	-6.68459311958162
5433	-0.280466660786843	9.01471290371237	-3.36387405663492	0.00103494623599566	0.00449219963705947	-1.38453407206758
5434	0.219292483749295	8.65642945333117	2.58471347806538	0.0109549348654483	0.0314740041699489	-3.52648329356993
54344	-0.227172726489391	9.52907340986906	-2.5848928104857	0.0109495483267725	0.0314740041699489	-3.52604688916784
54345	0.845245828717664	7.6432174999168	6.94451535779737	2.16113618098569e-10	1.08847468627694e-08	13.3312816785812
5435	-0.0834352286608995	11.3546176566249	-1.48005724191588	0.141503318402277	0.240543709231248	-5.67941510174925
5436	0.127983328443252	11.5913415917206	1.80696196910765	0.0732974979317455	0.144048853893937	-5.15691815315215
5437	-0.133268753686546	11.0594688632643	-1.81723628661943	0.0716998153270907	0.141548870602717	-5.13889566053058
5438	-0.298472859821877	10.4328665360193	-4.7267640683905	6.3196678454255e-06	6.25904753036147e-05	3.41519878358237
54386	0.126988895017235	10.038016595127	1.81916776591409	0.0714027151868039	0.14106348420067	-5.13549680754094
5440	0.284466136132872	9.44525548843913	3.50163717461915	0.000652144092954905	0.00308517194032504	-0.956952686047368
54407	0.395601240166272	11.7423761596221	4.30281100193932	3.4810147405491e-05	0.000268219979075892	1.7933810815184
5441	0.030029091774498	10.4395805807279	0.296829029395692	0.767115046326084	0.839587953180529	-6.71547260012688
54431	-0.0704590364685315	9.65457965321761	-0.966295576266226	0.335858014461572	0.467507111468248	-6.29655207597243
54432	0.0969139373323554	10.7255043162474	1.59363028894105	0.113674311181101	0.203449037089482	-5.50915708028553
54433	-0.102387479060946	10.9003402657583	-1.65720544102142	0.100114838030171	0.184011696067916	-5.40859200111248
54436	-0.344556454278449	7.61813418307918	-3.38743166055166	0.000957233769954586	0.00421918406607518	-1.3124136327678
54438	-0.0460124968450512	8.3875660722972	-0.299180869329105	0.765324459965474	0.838324942811232	-6.71477569363983
54440	0.855761251426442	6.43567528875378	7.62691166491649	6.54381448098841e-12	5.57236160958394e-10	16.7301029151902
54442	-0.101384880009138	9.32804389090045	-1.81495298679798	0.0720523546545532	0.142092879536767	-5.14290921532361
54443	-0.154313653259402	8.67193858591373	-1.54262184041378	0.125580415697991	0.219533171146117	-5.58711896064823
5445	0.331734312830855	10.9843452920981	3.73051693941416	0.000294367929345028	0.00159174802275885	-0.216106576911592
54453	0.691411275082341	9.13190284789032	6.17322501479894	9.60266874777469e-09	2.65277738650899e-07	9.65464034905376
54460	-0.116585108911291	11.972719384872	-1.8865544135563	0.0616598192520857	0.126098070567524	-5.01478359083856
54461	-0.267064559427614	9.37590387449632	-3.43741494720061	0.00081011181917627	0.0037113275798092	-1.15802603308671
54462	0.045646562498182	8.90560757576847	0.578464239288681	0.564045043685957	0.680644566960702	-6.59303892250441
54463	0.439577989426063	9.29720078645605	2.38689734236052	0.0185685241052702	0.0480193615781454	-3.99128044136258
54464	0.278786980794757	8.99155963774329	3.79495862139035	0.000233849736765003	0.00132314315847426	-0.000833631057308715
54465	0.358820394854313	7.18684181754436	3.63448492418409	0.000412729274537526	0.00213471747506573	-0.531503285011859
54468	-0.0459464004751141	9.10932744166602	-0.810411584999579	0.419323059302505	0.550565644545969	-6.43342751407608
5447	-0.0525922207883125	10.2124523480838	-0.634931381679439	0.526693332658009	0.646544187448776	-6.55905474164611
54472	0.417782426603498	7.5144834115214	4.74105671738331	5.95611794036877e-06	5.96333747726618e-05	3.47170836628877
54475	-0.286459725771791	7.99203669147658	-2.61853455001512	0.00998024216852125	0.0291811682520303	-3.4437028099677
54476	0.0618129700713	8.00015400485769	0.963052461089275	0.337476118168459	0.469363989909324	-6.29964083102261
54477	0.0294835608676057	8.63937463700162	0.270178518650332	0.787491399166466	0.854080745419513	-6.72298602919841
54480	-0.246825755681617	9.51909178510867	-3.02826765689075	0.00301718611323321	0.0109354792871024	-2.36614563842464
54482	-0.0451353045720693	7.88212025081127	-0.739417064766793	0.46111138711664	0.588395093157328	-6.48789390377188
54487	-0.0674065689951759	9.56307804634055	-0.611024547151799	0.542349911450239	0.661031469467165	-6.57382648878221
54494	-0.0572927719265524	7.32711523302782	-0.777268672876973	0.438544295765294	0.568908955978313	-6.4594691374006
54495	0.158612507909253	7.46573588332405	1.85745780486805	0.0657207554525048	0.132597322920784	-5.06741371210419
54496	0.0279879649716252	7.93389731225366	0.260031268986371	0.795289489827561	0.860053834246617	-6.72566136191336
54497	-0.140038603348114	8.68901195102645	-3.02116597930264	0.0030836173002908	0.0111517858583196	-2.38597354745913
54499	-0.101441666385284	11.012304132051	-1.55486306894683	0.122636992711773	0.215207469683289	-5.56863117913898
54502	0.0344219855166723	10.9668384185853	0.65981617999726	0.51064812158828	0.63247165756773	-6.54308080486893
54503	-0.0245611581234412	7.70444850601757	-0.265235514321897	0.791287422218702	0.85684768058816	-6.72430203377007
54504	0.19340816449124	10.7725983785521	1.47399600119493	0.143125892382485	0.242606170958203	-5.68816128889532
54505	0.040315102191174	9.81276831189562	0.719234540199171	0.473407926935845	0.599930880099736	-6.50247546486866
54507	0.288103159418602	9.88715146597686	2.00709031221184	0.047008665858237	0.102181994733957	-4.78858534652599
5451	-0.181681585640091	8.72319903292475	-2.51957129077473	0.0130767694203792	0.0361008925764917	-3.68321447173585
54512	-0.10674107776507	9.0435050104223	-1.41495341719606	0.159696319605444	0.26313417114322	-5.7715461152431
54516	-0.0623728825551634	8.08867550820903	-1.00660582375866	0.316168769410014	0.447643818191073	-6.25730802251105
54517	-0.245610151905822	9.07956309460175	-2.16366838991028	0.0324905859976062	0.0756617536905067	-4.47529015080944
54518	0.290960232416273	7.78393068753713	2.99302015960752	0.00336040310034999	0.0119722931853213	-2.46416464498418
54520	-0.155365904055237	8.40072823906382	-2.31132784640582	0.0225372344166851	0.0563772126837733	-4.15999224197315
54522	-0.0793839928581677	7.36143912685325	-1.1001744401836	0.273478993719786	0.401816151942714	-6.16014636407406
54529	0.0657597319144919	10.9937920703977	1.05178225844545	0.295032769665684	0.425969354560138	-6.21145419258574
54534	-0.03883385798691	9.99717910901856	-0.471529413882174	0.638126983518884	0.742175286379327	-6.64877265714197
54536	0.729048342910514	9.21028435359402	7.76784984300638	3.13575869402206e-12	3.02742584930667e-10	17.4458510857725
54538	0.541375031638876	6.66334108336221	6.35573158321422	3.98254242928385e-09	1.25887804572896e-07	10.5062532829697
54539	0.0714121770055619	11.6295920901899	1.05470105903231	0.293700948563601	0.424417395929906	-6.2084236737534
54541	0.0570375854960032	9.10530210527936	0.282430917054836	0.778104259246364	0.848131588991155	-6.71961937395493
54542	-0.1228844138007	8.13675146911905	-2.00913514477996	0.0467882132547459	0.101756356367615	-4.7846349944414
54543	-3.78632717917113e-05	13.6351408132044	-0.000579168891207602	0.999538860898589	0.999838393979082	-6.75929437378536
54552	-0.207410041073572	9.07437516814558	-1.53463170599105	0.12753153532635	0.222144766300221	-5.59911067832707
54554	0.191503920718663	6.58322570254724	2.88987430653619	0.00458214350433104	0.0153458635330171	-2.74532120262948
54555	-0.178730200479984	8.07176004021611	-2.46448866275844	0.0151505473537254	0.0407368232883372	-3.8129393060048
54556	0.136204352621454	8.78432618206733	2.00436368690108	0.0473039983800841	0.102688837482127	-4.7938469914959
54583	-0.75539370682584	8.1406948824883	-4.66705522504562	8.08486865453956e-06	7.69366533254571e-05	3.18038216467277
54585	0.458052365674695	7.12452068224886	4.78145494365602	5.03476765970054e-06	5.22452020968925e-05	3.63205594663087
54587	-0.177876239856438	9.29454797558984	-1.02308931991959	0.308343072676266	0.439882871981397	-6.24080643362513
54596	0.141011399783682	10.1589455201853	1.08163628080682	0.281603466095253	0.411179888624146	-6.18006877187148
546	-0.0221401645518051	7.74151021980091	-0.204215297752913	0.83853446401617	0.890154822358767	-6.73854821230775
54602	0.0494585071183621	10.7418432099384	0.637900066113242	0.524765578990291	0.645120357562107	-6.55718112765468
54606	-0.150598658660235	9.17898304011682	-2.18540413854887	0.0308200600864071	0.0724661817004618	-4.43007909584972
54617	-0.10356334065115	8.66652883159503	-1.27226384644008	0.205762389428542	0.321886033165199	-5.95942849273904
54619	-0.171191150002875	7.0095040598274	-2.47751965736204	0.0146350825478467	0.0395827707417202	-3.78248308027032
54622	0.177518713100755	7.76704203211264	2.18489352327086	0.0308584308207151	0.0724944933387676	-4.43114597161286
54623	-0.246796874027386	9.63511932386858	-3.87039762454798	0.000178013954821817	0.00105707783380892	0.25482447968129
54625	0.318259424283506	8.36205063610029	2.57720008857063	0.0111827653784438	0.031983948069926	-3.54474280352329
5464	0.0358545114873961	11.9679397666427	0.457909718013033	0.647853199094104	0.749150354137825	-6.65505948248635
54662	-0.0145932847758082	8.99488269088966	-0.217345587899554	0.828311631936683	0.883275765530209	-6.73579517607678
54663	-0.0550886597680073	9.05991721643816	-0.519998310955307	0.604031753551669	0.7140836244936	-6.62491109451094
54664	0.30162381762545	10.8258286042549	2.89505751062965	0.00451212587570683	0.0151627989151092	-2.73139610530232
5467	-0.17891645031505	9.89682101626231	-2.45054020730946	0.0157201871202356	0.0418866921332728	-3.84537935504906
54674	0.204483189214057	8.62141432400833	0.866800826429635	0.387797360723961	0.519579270004853	-6.3866510105636
54675	-0.212244908270261	10.5849276871725	-3.70558096994641	0.000321554240465149	0.00171466128506065	-0.298628873333644
54677	0.204843759042696	8.02859605015243	1.41607621427696	0.159368050102615	0.262960466210069	-5.76999110956747
5468	-0.181544016455278	10.5057205316235	-1.91558362468423	0.0578200377788754	0.119836765983705	-4.96150857169295
54680	-0.030996610613867	8.38398777468774	-0.459734508774633	0.646546478743956	0.748415314371607	-6.65422781306303
54681	-0.388078326123947	10.9423924233926	-3.82377114581532	0.000210800154707773	0.00121837432345052	0.0963485947150922
54682	0.16444476207596	8.20283067435734	2.19896883885192	0.0298158048776703	0.070405531243441	-4.40165302082379
5469	-0.0565334156979207	9.67593920570656	-0.652313437825982	0.515458347176031	0.637282734272416	-6.54796112406596
54700	0.0182425085270138	8.4340404547504	0.292680050338427	0.770276961014377	0.842115210731408	-6.71668865208411
54707	0.186239347283814	9.73608959294784	3.11570517556368	0.0023007121134055	0.00872844594529581	-2.11877274666941
54708	0.165359432820794	8.72527217583797	2.37345343369251	0.0192256989584385	0.0494409319416881	-4.02165532116329
5471	-0.278644895073336	9.52214018405095	-3.93846575555573	0.000138739996678204	0.000866862611620247	0.488835129910908
5473	1.41510694822245	8.08532398501151	6.96244196599551	1.97444180179842e-10	1.03878275686974e-08	13.4189894175498
54732	-0.318957318069263	12.3055506330927	-3.1037804972058	0.00238813674117926	0.00899498836394924	-2.15286152699139
54733	-0.794143046448718	8.94098775440759	-5.4932578243924	2.27907898670833e-07	3.83405141144822e-06	6.59916647171749
54737	-0.175125041160637	8.90836608461472	-1.90572841927751	0.0591004152609784	0.122011854550283	-4.97968079324657
54739	-0.0435621641616514	7.81006955754066	-0.459481258909306	0.646727763423256	0.748451408656816	-6.65434343156802
54741	-0.054894781093512	12.080580467488	-0.635003239264922	0.526646627796498	0.646544187448776	-6.55900949295995
54749	0.934762624615426	7.04551096290168	5.32651537319008	4.80923332414159e-07	7.15752563196568e-06	5.88121124674272
54751	-0.0766866493898014	7.49372736202075	-0.687948725703926	0.492825252108544	0.616591424177003	-6.52428821749923
54757	0.773379073628875	6.94125277278165	5.52128058477619	2.00781434963495e-07	3.48127802737505e-06	6.72111272714821
54758	-0.0784241091864247	7.99752732116557	-1.04983407381816	0.295923984514084	0.427032164934719	-6.21347235851048
5476	-0.299816463245052	11.473115872366	-3.16613973360213	0.00196278978211137	0.00761514495079374	-1.97337536698744
54762	-0.0550954555612227	8.37177320694119	-0.529411868895034	0.597507028734425	0.708703052462141	-6.62000740511433
54764	-0.114627910681793	8.69087852633307	-1.58593716712409	0.115410091751401	0.206071629456673	-5.5210709842781
54765	0.125582470551881	9.4316721847367	1.77398079391156	0.0786265510382942	0.152261449293385	-5.21411780912619
54776	-0.151811475329478	8.31516165940158	-1.4291171150256	0.155593091947075	0.258487316871046	-5.75184296054815
54778	0.0974220719070447	7.99327921630022	1.57584333704557	0.117719475882088	0.208840822763325	-5.53661894213954
5478	-0.282670544824119	10.783175451704	-2.49705526661247	0.0138916238344568	0.0378445952746087	-3.73655339572278
54780	0.15347054383239	10.3348390038157	2.24731540357343	0.0264646440582037	0.0639549326860044	-4.29902310146046
54784	0.00804618767340265	7.23282317859725	0.116931702057777	0.90711149829377	0.940858150505722	-6.75249184388771
54785	0.11078369565318	7.83565697182737	1.32394417638563	0.188061734713773	0.300175723976025	-5.89361571803505
54788	-0.133945579652051	9.16760976278839	-2.21513801151723	0.0286560517807194	0.0681344236352165	-4.3675575230547
5479	-0.510428012654615	12.7594765999921	-2.92088755897626	0.00417760935754526	0.0142532231694853	-2.66167962035518
54795	0.018256293580113	7.56749095679288	0.14485916846998	0.885067378579788	0.924629661242049	-6.74885467242947
54799	-0.0255973191224302	8.21746222235406	-0.248672954347934	0.804042869841566	0.866118167043732	-6.72853466600583
5480	0.302103477327396	10.4212486451918	3.35457768625815	0.00106720990395024	0.00460561849876122	-1.41288039620584
54800	0.238624240116833	9.28233646325573	2.02956424554535	0.0446337166157587	0.0979221816625216	-4.74496260748162
54801	0.101791344426892	7.51197950427967	0.859629685478751	0.391723427638714	0.522973252351023	-6.39277211177511
54802	0.0662221295591635	9.84632808601708	0.891332364662233	0.374551414904209	0.507262614708766	-6.3653320186098
54805	-0.433254366057342	7.44860400854398	-4.83955389755121	3.94786150084868e-06	4.28506386294482e-05	3.8642600465442
54806	0.147835243471617	7.55153520690396	1.16312280161272	0.247109121609041	0.372603385266645	-6.09002519972562
54807	-0.175063631561715	8.11005170563177	-2.25775357001872	0.0257859694990731	0.062730381221797	-4.27659610158095
54808	-0.407011701464353	9.759303209401	-5.81779035928814	5.1455188210527e-08	1.07873059547958e-06	8.0330951648062
54809	0.471806671071473	7.22581239828977	4.28108127065435	3.78869392975307e-05	0.000288695681363103	1.71318966877866
54811	-0.195377727744515	7.79454014615763	-1.98249003193255	0.0497309018076362	0.10672310962096	-4.83581532702537
54812	0.0162592898620349	9.53472168946669	0.213245571432589	0.831500702400923	0.885419079777185	-6.73667322968349
54815	-0.311580966913569	10.1061711124311	-4.33639940182608	3.05219484421504e-05	0.000240939985879693	1.91791508890379
54816	-0.0312084902151249	7.998828123801	-0.354953296448449	0.723253534698072	0.808290379732928	-6.69664019094067
54819	0.0399674529866132	7.67080771552411	0.617186290856451	0.538292210522751	0.658001279286319	-6.57007309048389
54820	0.262291801054054	8.28634660106717	2.94347602643475	0.0039039101923549	0.0134865320739655	-2.60027387801213
54822	0.0882879903992119	7.51862758905133	0.712379714711103	0.477625533229484	0.603978399337957	-6.5073369807181
54823	-0.168218775677495	7.74834057419851	-2.70968428732302	0.00773074439120042	0.0236328455482293	-3.21585434893272
54826	-0.0483067068985489	7.97066864843064	-0.66508007073961	0.507287525582143	0.629915057322384	-6.53962372678228
54832	-0.0602420668227424	7.52092384129363	-1.0043636246292	0.317243388384605	0.44855022048217	-6.25953233060703
54834	-0.21069302838973	7.7945728019857	-4.15949543098109	6.05438408903368e-05	0.000423089784902015	1.26999157579404
54836	-0.522593265115128	7.70281331599454	-4.55417772831105	1.28118418485845e-05	0.000115404376956716	2.74209456861631
54838	0.0933445455635519	8.53976106727433	0.771770725872924	0.441781716753019	0.571379035292014	-6.46368503372957
54840	0.0529197609530758	9.22858320427946	0.936601313421015	0.350862529207587	0.483423601543731	-6.32445120360779
54841	0.244229508626654	8.19869666315639	3.18877342338949	0.00182666778664634	0.00720204101083472	-1.907485506916
54845	-0.826341445160173	8.44194859895575	-8.21609527692821	2.94643816917934e-13	4.26975075042479e-11	19.7481090911278
54849	0.0398006537027155	9.00369669013166	0.407145422027448	0.684633366280091	0.779509609160309	-6.67687420641966
54850	0.262463654020851	9.02354593176703	4.11713032042439	7.11381112910688e-05	0.000488852578422819	1.11778670331671
54851	0.192381959461058	9.36902447820389	3.78169876629401	0.000245244331929812	0.00137243779250694	-0.0453652233043513
54862	-0.0175416204996287	7.88939024517881	-0.244644307298612	0.807153630665618	0.868336674823913	-6.72952299662428
54863	0.562418781653911	6.39778260589906	5.40893478182404	3.33005955378481e-07	5.25932923790871e-06	6.23443528551912
54867	-0.260541809268933	9.92461048978006	-3.252259604394	0.00149028985816964	0.0060849205281667	-1.7205698391208
54868	-0.0140657596330793	7.11297070444153	-0.138370039725	0.890182091947498	0.92792832906188	-6.74976897941895
54869	-0.11488693967268	11.0335768284505	-0.950590915958457	0.343740729932521	0.476152679732119	-6.3114141446176
54870	-0.102392272269947	10.3097186051414	-1.82635926988166	0.0703054884904275	0.13949635717774	-5.12281181058234
54872	-0.245555442228512	8.57984419318196	-3.27244024691723	0.00139610350522767	0.00576302596360848	-1.66050976071829
54876	0.0828130683093799	8.00917770901191	1.05888608858517	0.291798494818104	0.422242812618116	-6.20406408291498
54878	0.136880247523489	9.61844520873341	2.52768438986588	0.0127938162535917	0.0355097184995521	-3.66388979616624
54879	0.0334153651603666	6.55645509111746	0.507631783659228	0.612652128841337	0.72097258644101	-6.63121994397937
54880	0.13584902725986	7.56719023596632	1.84372878542234	0.0677130540258006	0.135787770394055	-5.09197904259503
54881	-0.0913355463095701	10.6094430081509	-1.46381783982564	0.145883025217582	0.245967297060059	-5.70277025339187
54882	0.00831485708964102	9.53442918937677	0.128656481828262	0.897846882638664	0.933561839198813	-6.75105933244013
54883	-0.124933616146405	7.94935324155281	-2.32561842687542	0.0217339426421361	0.0546158704667005	-4.12846702477688
54884	-0.087798785186642	7.80577809711999	-0.80961678369712	0.41977805422449	0.55098787984972	-6.43406460442575
54885	-0.0258264238417842	7.30919846403793	-0.262167090329633	0.793646375392629	0.858768755524676	-6.7251067489359
54888	-0.191366697053413	10.2536770627315	-3.31746473923557	0.00120563598378742	0.00510695037235083	-1.52539879953141
54890	0.0539871258308281	10.4941774154614	0.912828426777462	0.36318033957243	0.495793224850922	-6.34616857057408
54892	-0.139018590621543	7.78177797952161	-1.64717643797722	0.102162727519301	0.186746747421319	-5.42470582084739
54897	0.542664369921086	6.59010690059564	4.49150643232977	1.64929634911428e-05	0.000143251186579221	2.5019854836775
54899	0.1030746587486	7.86084377200277	1.40948083042283	0.16130374416483	0.265148045134626	-5.77910824876461
549	0.0650308840084361	9.58987016867331	1.13879582807468	0.257078004523405	0.383089359076912	-6.11757654296083
54901	-0.295295584016516	7.1557092396829	-2.59695793896009	0.0105925812150597	0.0306676203422339	-3.49662446432592
54902	0.0730956822284414	9.98594643440804	1.1459033580342	0.254136632014741	0.379871259580485	-6.10958583540564
54904	-0.227798208425449	8.50309336028954	-3.08408200405194	0.00253932718802289	0.00948229772742725	-2.20893016795573
54908	-0.0770805069904662	8.1036485080339	-0.9598723140503	0.33906772309386	0.471101664046305	-6.30265968938108
54910	-0.253815765376356	10.5367553003147	-1.85967339993418	0.0654038685141117	0.132119333315374	-5.06343324413408
54913	0.835126054265568	7.37499946341102	8.20573843158157	3.11313951374681e-13	4.35839531924554e-11	19.6945110653663
54914	-0.240986197512236	9.04543071286875	-2.80404265220695	0.00589613747353229	0.0188914257297815	-2.97275731234472
54915	0.100203673039081	10.7991236086134	1.54986330122481	0.123832533498939	0.216936739491249	-5.5761992138622
54916	-0.0344194596852891	7.57517198479315	-0.478624130629457	0.633085178999779	0.737869843168926	-6.64542503796196
54918	0.0336503176275234	11.9127835329235	0.506363820471303	0.613539096132681	0.721426855779767	-6.63185825765711
54919	-0.29446987082354	8.32131493370176	-3.62803857573123	0.000422108044897083	0.00217641226644813	-0.552440785803692
54920	-0.107101724073517	9.04722633792285	-1.74342010606237	0.0838456265682527	0.160217211556143	-5.26622789462319
54922	0.693947527528844	7.74511199699945	4.28998140151915	3.65963770954489e-05	0.000279894513711489	1.74599899399715
54923	-0.194956585981749	7.25707049670745	-2.62655998196523	0.00976075502986373	0.0286001548586997	-3.42391919005051
54925	-0.101172443066098	7.76522088112512	-1.67000939611821	0.0975486227017623	0.180297969012432	-5.38788398739825
54926	0.14521735478944	9.30148761151221	2.51849205237239	0.0131148283758169	0.0361724089385752	-3.6857809209972
54927	0.00904913957514881	8.98871204922521	0.120068175471064	0.904631830627448	0.938961915177522	-6.75212203305831
54928	-0.0370209053450747	9.60686808807527	-0.534096970185365	0.594271827443239	0.705980913948102	-6.61753422054398
54930	-0.0430910258943997	8.74997038798664	-0.42692905650626	0.67020321633447	0.767060907152934	-6.6686761834917
54931	-0.00141626608318581	9.7374388814718	-0.0154757883794295	0.987678543501067	0.991843779724906	-6.75917537615574
54934	-0.0287214789129721	9.76724010266929	-0.440749179980293	0.660195062320752	0.758971637407017	-6.6627193399848
54935	0.210910707705471	9.53820197130839	1.59959558800852	0.112342758298669	0.201466148744919	-5.49988095849977
54936	-0.213592004841477	9.21069001259391	-3.19948618758292	0.00176535024303785	0.00700038070450919	-1.87616164360417
54937	-0.686101459154409	7.44894921598442	-4.30714726465152	3.42256061607955e-05	0.000264703658134992	1.80941894554606
54938	-0.223466680493787	9.18451116240752	-2.75886106194153	0.0067183275353224	0.0210761053709696	-3.09007098992707
54939	0.128235674221209	10.8639671482004	1.93409485821579	0.0554781567775847	0.115924506699431	-4.92713742250682
5494	0.359207411103129	9.30748548684081	3.85823894630373	0.000186061586223746	0.00109933383562814	0.213355667626431
54940	0.0792590242785035	11.9223624169783	1.02121706964631	0.309225353573199	0.440727931458416	-6.24269399524267
54942	-0.092604201757966	9.15206011317801	-1.94149448544378	0.0545646723765942	0.114508179326897	-4.91331123605836
54946	0.0831493315761678	9.51821975297998	1.17590393176151	0.241982833939459	0.366128077558119	-6.07532199673004
54948	0.10534150909557	10.3138335325047	1.41523707692901	0.159613337837692	0.263102408808489	-5.77115337629605
54949	-0.134936723201975	10.2613615718231	-1.80646449545664	0.0733755989830802	0.144108010490732	-5.15778833407361
5495	-0.18642875383144	9.71000971348632	-2.14696923147102	0.0338268423979037	0.0780692143634212	-4.50974149047041
54951	0.0595343897201951	10.6303342998543	0.764635319516436	0.446003932602539	0.574762879976841	-6.46911237964136
54952	-0.0137982986641734	7.70468056979458	-0.237447871351861	0.812718094747172	0.871824865274239	-6.73124833531477
54953	0.141492247670573	8.07327513306236	1.15237438211111	0.251479367313461	0.377299234229139	-6.1022684474751
54954	0.163633877261264	7.60615221311013	1.99588255855895	0.048232746491473	0.104212002620865	-4.81017055537453
54955	-0.178163456993746	7.98967978057553	-3.06261151634018	0.00271418388948035	0.0100219753809154	-2.26969682267559
54956	-0.157029943864801	7.63933626765084	-2.1498680982593	0.0335915188503109	0.0776043150888729	-4.50377864895111
54958	0.232466515856117	8.55930236332028	2.14338043059243	0.0341201496129749	0.0786143475043716	-4.51711319291516
5496	-0.105891532407001	10.2969175404564	-1.5153926217729	0.132327524116704	0.228522966590838	-5.62773946198313
54960	-0.134432491848718	7.27093565140338	-2.22455172922815	0.027999122541051	0.0669385679273752	-4.34760127374424
54961	-0.229977586378724	9.79203282653216	-2.98011264884814	0.00349484644252695	0.0123523455777803	-2.49981267317838
54962	-0.430352972955616	8.42400377879502	-2.85667153380285	0.00505481443037176	0.0166147103839518	-2.83400928257584
54963	0.158049122818522	9.22252182028437	3.0354404590899	0.00295143359949265	0.0107395777673169	-2.3460787655975
54964	0.0896305790135567	8.25487595360668	1.00874330960052	0.315146591754055	0.446809277014846	-6.25518305326731
54965	0.10198170094141	8.01877218910377	0.925274844414828	0.356697472408386	0.489178336724767	-6.33486695728155
54968	0.253356987032822	9.32137215856857	1.81866911332548	0.0714793199198293	0.141181057517406	-5.13637462073771
54969	0.19637581829492	9.41907906138758	2.25436486652906	0.0260046081499116	0.0631202066759535	-4.28388737222303
54970	-0.0924321911300012	7.41283156415744	-0.883328753857036	0.37884154662648	0.511730363881395	-6.37235203802898
54971	-0.1334577522986	11.4377841259933	-1.47224325533962	0.143597781294375	0.243306189434162	-5.69068400170592
54972	-0.0366726206742656	10.060830615681	-0.397577916489023	0.691654341432843	0.7855169613963	-6.68069970690321
54974	0.149487218849539	7.16120982051726	1.35891223799727	0.176747098939596	0.285421512657099	-5.84764318075166
54977	-0.249998917849797	8.09142034238682	-3.13689128746266	0.00215267061474	0.00827026012918716	-2.05793570025828
54978	-0.244197354981456	8.72184307885566	-2.52448515027748	0.0129047314500492	0.0357455002606997	-3.67151675208637
5498	0.0389276304683272	8.80869877012924	0.67557416048439	0.500623102818692	0.62331627639652	-6.53265034878638
54980	0.0751040121149814	8.44344624984013	1.52734041904422	0.129332767696121	0.224477550151284	-5.61000134862634
54981	-0.0414615359700929	9.8763099802762	-0.572561148861792	0.568023175842919	0.684345308118803	-6.59641010201226
54982	0.195217027413814	7.67174680731665	1.92602948388493	0.0564884923444869	0.117619094218669	-4.94215113170997
54984	0.0250269209843973	7.63867519701317	0.278356688927008	0.781222155242837	0.849847886514663	-6.72075541674945
54985	0.0622615988453251	10.565947868326	0.768809003354289	0.443531429838203	0.572611692788927	-6.46594384290502
54987	0.0905337765660175	9.90754103642581	1.45887163707025	0.147237668037337	0.247695140119838	-5.70983442231041
54989	0.202528102111103	8.40045903703603	4.13560259049022	6.63169178827695e-05	0.000459159884083551	1.18400928048401
5499	-0.0176362338358428	10.8857143093009	-0.211146951051679	0.833134140309245	0.886130311480088	-6.73711620226395
54991	0.0187798719490909	6.86671188168355	0.194962916523703	0.845754796994831	0.895747483418041	-6.74038523583812
54994	-0.0419179626540964	10.2231764903603	-0.612343833659877	0.54147982224761	0.660263261258527	-6.57302599962302
54995	-0.199791020075823	8.16634783716208	-2.35899314906234	0.0199554575987926	0.0509055218548569	-4.05415258319651
54996	0.571205780872021	7.33431927111879	6.15008331225848	1.07272702534815e-08	2.91471224650517e-07	9.5475447359572
54997	0.845569326192979	7.76613694919745	3.90091517133327	0.000159249217908814	0.00096791651208742	0.359352194610144
54998	0.0264259402546821	12.2630382648325	0.50374788507998	0.615370808760352	0.722455146991877	-6.63317014065959
55	-0.523017379677869	8.76660539328129	-5.56196899996431	1.6693460647049e-07	2.96533300956182e-06	6.89882072918992
550	-0.250243510707008	10.6248633383995	-3.82328505323147	0.000211170448728458	0.00121857213859475	0.0947042995228911
5500	-0.0969310423772322	11.299207795937	-1.35195815394158	0.178955330571729	0.288168944611999	-5.85687827815997
55002	-0.0773521433886313	9.16679404531608	-0.770620800505454	0.44246058878829	0.571797968308634	-6.4645630653275
55003	-0.0964680637345463	8.97976099654319	-1.05400405960262	0.294018611046857	0.424727829179265	-6.2091481000942
55004	0.0486089316689803	10.4550098988514	0.65412673894402	0.514293608383051	0.63631893427861	-6.54678670062731
55005	-0.0549283497670577	8.18562137884685	-0.943196821381174	0.347493177395474	0.480062492939725	-6.31832849905729
55007	-0.416611601227768	7.71854005425428	-2.05376441554286	0.0421917111248947	0.0933075057273441	-4.69748314066595
55008	0.0786470690298881	7.5105078482584	0.836943632965003	0.404303603230705	0.535456175609724	-6.41180555427633
55009	-0.353499565848114	8.78524976495505	-3.94130287106754	0.000137297357957738	0.00086110567709257	0.498656786061733
5501	-0.0484877190216041	12.082662972373	-0.673666267224637	0.501831231862269	0.624171958316871	-6.53392621129114
55012	0.290306746677631	10.0214854451083	4.23591336148553	4.51401280339708e-05	0.000333503987084614	1.54745096585103
55013	-0.0777613212976314	10.5385052446775	-0.987988647907565	0.325164881080352	0.456856934465675	-6.27562878679577
55014	-0.294119313504989	7.68414259836559	-3.52827481900242	0.000595547773759064	0.00285337854480851	-0.872667624720942
55015	0.0825883914382455	7.70617533889043	0.843659534188694	0.400554138556275	0.531498342887523	-6.40622335546216
55020	-0.00783707176156422	8.47359322275002	-0.10577033241036	0.915942847702489	0.946184082293967	-6.75372846752653
55023	-0.193539892467606	10.6080972176626	-2.72493202464476	0.00740292733506074	0.0227655174190625	-3.17706702473157
55027	0.152527512314653	8.18794560950418	1.4219177548377	0.157668508296025	0.260729104809844	-5.76188170086407
55030	-0.00324603123347066	8.56420438901509	-0.0478179227881666	0.961941595179408	0.975044493334386	-6.75815686347774
55031	0.254719010307251	8.74053181193407	1.62900671389417	0.105958814813083	0.192440591547068	-5.45366156635247
55032	0.0317906402012258	9.91288418607033	0.354505385017219	0.723588252909217	0.808555055334163	-6.69679813220261
55033	-0.0306723436018454	10.5506088486707	-0.258881196989577	0.796174636298813	0.860673013457427	-6.72595812638209
55034	-0.672228714768736	9.26192921768415	-3.92919543492133	0.000143555318426784	0.000890215413066991	0.456780487505069
55035	-0.0635541038055774	9.75306043813498	-1.01475769144335	0.312282235050486	0.4437383900769	-6.24918012312086
55038	-0.280708745522759	8.92140684232746	-2.71051114101104	0.00771263516692651	0.0235949505477085	-3.21375591237905
55039	0.00163396566858445	8.38970779483892	0.0256286764989469	0.979596485293448	0.9868846162366	-6.75896773242844
5504	0.273715968778315	9.52886777544387	3.27811164626411	0.00137065230787353	0.00568689251963695	-1.64357529725644
55040	-0.807543149318304	8.47310912025567	-6.22230383067992	7.58767073644845e-09	2.14637535215973e-07	9.88243937080265
55041	-0.282544120164898	9.98697507482112	-2.56242781193341	0.0116431726579984	0.0329167357651044	-3.58050488805928
55048	-0.100628606746228	10.3661505274409	-1.44997251443209	0.149699415501061	0.250967560795364	-5.72248608194815
55052	-0.155490636095074	11.0591596044007	-2.10964399355788	0.0369866551457386	0.0839312559076377	-4.58585266656127
55055	-0.170861986398582	8.10272112921758	-1.7392682255148	0.0845761081712365	0.161227475996864	-5.27324109637188
55062	0.135161452347204	10.7716209744363	1.83561774399587	0.0689135610853311	0.137494206416627	-5.10641131082301
55063	0.367836939130122	6.71208610643858	3.33466935524999	0.00113949834239595	0.00487934489797331	-1.47336675517505
55065	-0.261161423947569	10.4007001709053	-2.29675015283431	0.02338347670403	0.0580196808577013	-4.19196803109943
55069	-0.160974576631187	9.92676144463135	-2.52391981617478	0.0129244204743165	0.0357760432700584	-3.67286360245992
5507	0.16378426444618	8.81137400002542	1.15588462219657	0.250046159509097	0.37579717568143	-6.09828224040242
55070	0.0458909509640963	8.17805266824665	0.762841910803405	0.447068790347855	0.575666402659657	-6.47046863679075
55071	0.00400797635812369	7.95874355591826	0.0591098947589967	0.952963828525387	0.969394239362031	-6.75755611639315
55072	-0.1768382732196	8.88046111712694	-2.5625193961917	0.0116402665514746	0.0329167357651044	-3.58028373836555
55074	0.208394443464463	9.32086584120371	3.76375706545374	0.000261503927797386	0.00144097561281282	-0.105426028019128
55076	0.0615266805450357	9.3657519677164	0.352519329953832	0.725073049493779	0.809338295786299	-6.69749605183343
55080	0.616504057790305	7.802372566467	4.62057212067819	9.78082089913222e-06	9.09792574626488e-05	2.9989962617647
55081	0.429118712276698	7.42746182844197	5.33180892997519	4.69747388941747e-07	7.01647998672483e-06	5.90379911552838
55082	0.212745995090241	10.5868247638737	1.62767478716297	0.106241484759271	0.192741951391418	-5.45577208647186
55086	-0.0618992685850209	9.35947218077023	-0.619003371896887	0.537098557524822	0.65676300298372	-6.568959079699
55088	-0.526287313165585	8.80698743195592	-5.87732272044097	3.89768689997925e-08	8.60029041118456e-07	8.30110977689952
5509	0.374643242853396	8.08945294181244	3.98269426255337	0.000117810996632241	0.000755527043619804	0.642561393572018
55090	-0.0217735226441589	7.89663423644796	-0.393817006177982	0.694421639281172	0.787468800173322	-6.68217864129995
55093	-0.0963199875533151	7.79169408733016	-1.13433358411119	0.25893683617422	0.384817968117858	-6.12256841319943
55094	0.00981129370208128	7.01162029127989	0.141985380132745	0.887331905485979	0.925892059034131	-6.74926475103675
55096	-0.0318133140001966	8.63290050739071	-0.307968655429668	0.758645133809505	0.833077480093926	-6.7121230680708
5510	0.32763463585961	9.22244464855511	4.85938241330746	3.63195514410807e-06	4.00533371032478e-05	3.94393641199362
55100	-0.150509151168451	8.83635500674078	-1.90120792993095	0.0596956376383669	0.122964081519429	-4.98798674635668
55101	0.00792987393591366	10.0510436007407	0.123404050531937	0.901995551431799	0.936931998846411	-6.75171797272569
55102	0.122707967893319	7.35551108291283	1.82604852254635	0.0703526087693082	0.139522820752578	-5.12336091105812
55105	0.0257283717474252	7.61015407058853	0.385899211161897	0.700261057704143	0.79180784895773	-6.68524639442746
55107	-0.578323488737141	9.04155830832246	-5.22844337445334	7.41709905857778e-07	1.03663685657957e-05	5.46522328218374
55108	-0.0535165616142905	9.97018495024332	-0.681559976700694	0.496842880835743	0.620021482958639	-6.52862422721278
55109	0.253855897622967	8.89818609601254	3.74475178131127	0.000279841179616157	0.00152573474827027	-0.168802883531362
5511	0.0199131409822462	9.44727187098258	0.250277934282389	0.802804440081219	0.865122592964236	-6.72813643142679
55110	0.0518603864107376	8.36560308703363	0.537388964774121	0.592003470110577	0.704299101701479	-6.61578346175767
55111	-0.26734882008992	8.69932696852717	-2.9376038670077	0.00397342936954751	0.0136809197967747	-2.6162763495493
55112	0.088680634427154	7.25482090900682	0.878311526911606	0.381546456360188	0.514206841170689	-6.37672081893466
55114	-0.0506087258877509	11.5033566292761	-0.466991214604801	0.641360949331465	0.744436919972006	-6.65088787400213
55116	0.0652781507575491	9.02729282869337	1.03615188427074	0.302234410620508	0.433939897744723	-6.22754255499504
55119	-0.00614753216789526	8.17224695402259	-0.0802040656273517	0.936209822506473	0.959798080414976	-6.75609400452448
55120	-0.0935637191022531	9.02974458341079	-1.15954257552501	0.2485587988524	0.374281609894414	-6.09411568221245
55122	-0.0243225682113104	9.86039939518887	-0.507503730632627	0.612741678612216	0.720975251472493	-6.63128448014645
55125	-0.157966476646811	8.43443059497689	-2.26933371785117	0.0250509242480921	0.0613098175671825	-4.25160404993855
55128	0.139143028338169	8.62220577570737	2.16629150031013	0.0322849021759203	0.0752464142136291	-4.46985612181718
55131	-0.31926879486878	8.66047246165065	-4.26217123387632	4.07757573579765e-05	0.000305493497348617	1.64364496202524
55132	-0.194112586470302	9.73443408841176	-2.49899824935124	0.0138195587978016	0.0376855581610569	-3.73196756092782
55133	0.0634790164534278	8.29878257475125	0.809273838901365	0.419974468399085	0.551070549479975	-6.43433930840668
55135	-0.217335574659229	7.08568849467412	-2.05321240399714	0.0422461115485714	0.0934028055115631	-4.69857199751857
55139	-0.293747577701573	7.7029685626334	-3.55973337958805	0.000534672531963085	0.00261789870421759	-0.772464829057414
5514	-0.0915705491362569	9.26568100939782	-1.54936332464477	0.123952592412509	0.217054995405412	-5.57695473032245
55140	0.0138489935435421	9.20172555449129	0.25045201926293	0.802670143236399	0.865122592964236	-6.72809308285511
55142	0.0745885529404017	9.0173374179082	0.789345609319624	0.431481571506333	0.562165092033874	-6.45010440763984
55143	-0.331643465700575	8.57256418349847	-2.49748832675975	0.0138755326428971	0.0378257094489539	-3.73553156328874
55144	-0.0507110973559842	7.79898323224634	-0.520217126711436	0.603879720659515	0.714006082543315	-6.62479810357979
55145	0.0757783034153505	8.27128512925441	1.1406319173057	0.256315876956019	0.382229489737626	-6.11551696046241
55146	-0.0669907907114496	9.4175417657116	-0.990983840924439	0.323706281771098	0.455205792165291	-6.27270398104131
55147	0.166901902258207	10.7869379605336	2.46041297024996	0.015315060235524	0.0410588761913108	-3.82243535242849
55149	-0.180683856531161	8.78079641711785	-2.68697301653947	0.00824348354195595	0.024868945966602	-3.27327131222174
5515	0.0191464001840279	11.4795026120481	0.367835316633217	0.713650145483349	0.802115961585585	-6.69201261210474
55151	-0.768741616220108	8.47081462328611	-7.32562212482791	3.10825225736439e-11	2.02158768864802e-09	15.2149719318414
55152	-0.175186036615731	7.45157885572222	-2.12027051246524	0.0360621214974074	0.0822172574023144	-4.56430960256381
55153	-0.0338420095492939	9.6018399696439	-0.509921104064848	0.611052155571565	0.719799782383107	-6.63006343681597
55156	-0.0111289920516861	9.82689003911846	-0.163644289731506	0.870289067172152	0.914294615317056	-6.74597178605203
55157	-0.372833499795685	8.52705960453069	-4.53142211439969	1.4045867618938e-05	0.000124617472107871	2.65464240743377
55159	-0.0358029367341363	8.65859424522874	-0.602057119278402	0.548282707617883	0.666198170774303	-6.57922209271739
5516	0.101193428618499	8.86019568971959	1.20557176976649	0.23037682457534	0.35169849068762	-6.04058793175087
55161	0.0323097224687329	10.6134076167754	0.518601118016143	0.605002931496221	0.714994530222058	-6.62563145397078
55163	0.558594906737253	8.87335823501005	5.05650105779822	1.56785570213367e-06	1.95626708453537e-05	4.74758796136156
55164	-0.290725613663439	7.75041456835688	-5.06355732074562	1.52085865627203e-06	1.91206887379101e-05	4.77673908064644
55165	-0.0844622326763401	8.70520407913569	-0.713400685715758	0.476996038507832	0.603367117622464	-6.5066158221955
55166	-0.104521036482542	7.71138539148506	-1.00834040885365	0.315339096545542	0.447005480944942	-6.25558393354515
55167	0.20436462862435	7.90215830591704	2.58606868702068	0.0109142879862829	0.0314076549002725	-3.52318473130059
55168	-0.184816827499377	9.31927289722743	-2.6007704989221	0.010481979422055	0.0303900140492012	-3.48730163890378
55170	-0.0232669799813966	9.72873852015119	-0.32321682974542	0.747098898948539	0.825888236792683	-6.70733844201178
55171	-0.0253289153880945	7.17080265970932	-0.303692776319349	0.761892855135204	0.835200395941179	-6.71342333434879
55172	-0.0805001938364041	8.3701644896502	-0.832065638605281	0.40704025704399	0.538030488587512	-6.41583246140612
55173	0.132822617640659	10.5517149143832	2.52236191394041	0.0129788172393648	0.0358891348107138	-3.67657374428493
55174	0.0499606787248654	10.3687111167108	1.09876384631675	0.274091432671073	0.402452342341233	-6.16167394679154
55176	-0.214995794620474	6.83529557779735	-2.64466834857544	0.00928143284217233	0.0273916754598319	-3.37908241258792
55177	-0.17133774251464	11.6191492878225	-2.11684599239008	0.0363578603319431	0.0827589725539666	-4.57126305783432
55178	-0.180672683868009	8.85929751027812	-2.5107327939756	0.0133913885215797	0.0367851244390582	-3.70420352915698
55179	-0.104396245374313	9.07328580072483	-1.21273338598054	0.227636258927622	0.34832817686961	-6.03207684921497
5518	0.160550357699462	11.0301225428991	2.16831148040156	0.0321272820196286	0.0749636580458002	-4.46566739446411
55181	-0.143360357633771	9.40912479561095	-2.29715310638917	0.0233597147885554	0.057978138267268	-4.1910866468811
55182	-0.084748132243713	9.73985812959125	-1.66611945524521	0.0983225672021162	0.181484783260219	-5.39419131919257
55183	-0.122478467114993	8.88663628683696	-1.89806169062461	0.0601128749885634	0.12360775389732	-4.99375670467903
55186	-0.106414133202841	9.96520978957694	-1.35261116880465	0.178747089365657	0.287989376272429	-5.85601302116211
55187	-0.0133029072887607	7.04842625054282	-0.150440853115136	0.880671778437008	0.921728650383394	-6.74803471758773
5519	-0.234517395048293	7.54679000197952	-2.5419933589972	0.012308119967576	0.0343946210810032	-3.62967142118667
55192	0.0165198833032272	7.52154540624668	0.269247795353327	0.788205768646974	0.85440834159034	-6.72323567565377
55194	-0.202775566046562	11.1038839681736	-1.77153775560963	0.0790336804056213	0.152884824391202	-5.21831509453362
55196	0.718868319232175	9.2528003680391	6.6691549943689	8.55715517213133e-10	3.39817796739446e-08	11.9961573521083
55197	0.0713670753557418	8.51983045684739	0.822374834401646	0.412510080384988	0.543868038943337	-6.42376344445162
55198	0.130880048747905	8.9248566325761	1.86529191486672	0.0646059927137984	0.13079546564117	-5.05331914610344
5520	0.294445892720445	10.1581224827612	4.89837668871125	3.08070635214496e-06	3.46684393306776e-05	4.10125496204971
55200	-0.146408759174685	8.64698545042286	-1.53129244121799	0.128353996306039	0.223388961122605	-5.60410457445431
55201	0.0988168411123829	8.48092094422433	1.06312927061646	0.289878185263731	0.419921748558123	-6.19962662242902
55204	-0.0135578120192682	9.02705476158861	-0.203011582528097	0.839473049305936	0.890922187751129	-6.73879202069062
55206	-0.412333386860177	8.22795939905888	-5.51120690064088	2.10148000489489e-07	3.60897855979375e-06	6.67723331669933
55207	0.0409015480804184	11.5674774441701	0.57405138193301	0.567017616105044	0.683333164433567	-6.59556229343328
5521	0.138201810010068	8.02720663397878	1.0134317284435	0.312912229138539	0.444251463163343	-6.25050657466177
55210	-0.331769457474323	8.35404761014224	-3.80005931351918	0.000229602010372733	0.00130619840105926	0.0163288280699234
55214	-0.529145365581228	10.6699307483924	-5.3244212602174	4.85415810952369e-07	7.21139316270965e-06	5.87227933070566
55215	-0.194515755268919	8.99039917834032	-1.71881875166267	0.0882504320464973	0.166747599031851	-5.30755172921697
55219	-0.109824922726039	7.51032395652683	-1.39749915993021	0.164866203558127	0.269773120552297	-5.79556584061658
55223	-0.149575143425161	7.69350870343228	-1.09708965658895	0.274819548017622	0.403127236126009	-6.1634844952777
55226	-0.342016312529434	9.37317663078353	-4.27634745486235	3.85910742674511e-05	0.0002929800307437	1.69575922236266
55227	-0.462675931792982	11.4921093776021	-5.17459087468958	9.3910565107462e-07	1.25113107707683e-05	5.23883728766063
55228	0.590096191502573	6.97474424303783	3.18570319617339	0.00184460308690518	0.0072554388084937	-1.91644650641059
55229	0.220234337215431	7.50514290572595	2.99507602527899	0.00333943503831678	0.0119250352953454	-2.45847453986311
5523	-0.141845299535196	8.5535035677719	-1.68185273733744	0.0952225829477593	0.17702870473745	-5.36859430940437
55233	-0.00890186909325138	9.05794454040744	-0.126789206688272	0.899321444836746	0.934838894955172	-6.75129662733015
55234	-0.104795812140742	8.86529783094831	-1.5752089329682	0.117865840080986	0.209010699671306	-5.53759296401843
55236	0.178695929670893	9.05241624663685	2.17894567847834	0.0313084563592529	0.0733431223844097	-4.4435564229339
55238	-0.0687995431680711	7.9449153261512	-0.857295162402401	0.393006787755428	0.523839933332231	-6.39475396643171
55239	-0.164272663694932	9.07506430558458	-2.40293154296314	0.0178108145428867	0.0463507650044879	-3.9548496535547
5524	-0.0490633825327666	10.0601049162993	-0.750477129908074	0.45445026335633	0.581887951530505	-6.47973361609617
55240	0.707171604474873	8.46118257282456	5.81093882454484	5.31216744434608e-08	1.10525196701004e-06	8.00234545410319
55245	-0.102584981326219	9.08438916824013	-1.63782795486895	0.10410193107164	0.189660900109639	-5.43964212584316
55246	0.0643708954420659	8.95315722017691	0.925414624901235	0.35662508781741	0.489176140262088	-6.33473917702791
55248	-0.166176465262574	8.62583064917913	-1.98428575639877	0.0495277564670294	0.106342414457412	-4.83238614193418
55249	0.00967044125022757	10.4870342346216	0.211626703753771	0.832760665515732	0.886096423948705	-6.73701532301192
5525	0.129817060354082	8.36740275666936	1.92461630724319	0.0566671058530633	0.117909858420366	-4.94477569990347
55250	-0.37108011458435	10.507002814691	-5.38333259700814	3.73405564672955e-07	5.73295532378924e-06	6.1243623196241
55251	0.092406053686373	9.3182057092667	1.29746443583498	0.196983623055289	0.311097267307784	-5.92765462990294
55252	-0.0592237681939043	9.08700567639855	-0.737333288296169	0.462372536879033	0.589655265496498	-6.4894179094906
55253	-0.386859067691972	8.7728705743032	-5.34856375088367	4.36020258095393e-07	6.56015907444071e-06	5.97538253690909
55254	-0.12982174765128	8.97084959968907	-1.89747750338259	0.0601906156784619	0.123736805750148	-4.9948270694864
55255	0.0464297238878149	8.12205911740527	0.447225022112722	0.655526394119006	0.755391743223073	-6.65986300340651
55256	0.0286706634633917	11.0272229413716	0.225358685624123	0.822087206468448	0.879021401350082	-6.73403086709085
55257	0.234676340360296	9.44757700417117	3.84089988351779	0.000198139174982452	0.00115826580704533	0.154393303136122
5526	0.280105212005298	7.13236911397852	3.36793544060768	0.00102113978764615	0.00443693563701061	-1.37212989244191
55260	-0.16493315407196	7.61242914317804	-2.2704941506741	0.0249782887759672	0.0611501675428243	-4.24909317018376
55262	-0.122629625503389	8.75906175098836	-1.30011797971682	0.196075653455137	0.310000575379536	-5.92427369415916
55266	0.340601467771864	7.57752752679743	3.96672933717248	0.000124991702075363	0.000791979916804795	0.586920570181442
55268	0.0807051391074518	11.77582140961	0.979621458553678	0.329262444335498	0.460889305238301	-6.28375320381214
55269	-0.135331553754104	9.08173022994879	-1.5978812940259	0.112724135424082	0.202018086049668	-5.50255010680446
55270	-0.351713166173711	9.19427821601174	-3.54120064887322	0.000569783983747776	0.00275712695123411	-0.831582656514873
55272	0.0879096521652865	10.95878040547	1.47995503335676	0.14153056015301	0.240543709231248	-5.67956287223291
55274	-0.221211984123987	9.10266368318637	-2.1236624027514	0.0357712501070191	0.0817119817157017	-4.55741214117365
55276	-0.112941857212917	10.2384185508375	-1.17506218940615	0.242318093686124	0.366516655163411	-6.07629515163653
55279	-0.144317160787141	7.09118485457861	-1.66694777964761	0.0981573485582774	0.18122031718627	-5.39284941078881
5528	0.172875058388968	8.26074431306347	3.0511337559811	0.00281216615047544	0.010310027697704	-2.30203335104929
55280	-0.00317180900595974	9.03531713393702	-0.0504132814452837	0.959877661339157	0.97402819197315	-6.75803001659735
55281	0.108418802987164	9.43469610762484	0.730474824316593	0.466537171944417	0.593317481179505	-6.49440386899618
55282	0.500652129985684	6.1875579864731	5.37923476176522	3.80301689431072e-07	5.82799991595669e-06	6.10677339592193
55284	-0.023804921655476	8.23212616314795	-0.393135769958093	0.69492333938019	0.787713295358909	-6.68244502985857
55285	-0.147826271605124	7.52857148839917	-2.23212732183564	0.0274800495899023	0.0659265784526846	-4.33148521737017
55286	-0.0506602206713581	10.0433784283825	-0.502827485156875	0.6160158634846	0.722871293135785	-6.63363010922424
55287	0.286833889391544	9.64072360873076	2.3320189852504	0.0213824157532239	0.0538471811346432	-4.11428985635764
55288	0.0749680742469737	9.00679718925029	1.0525941970702	0.294661879060547	0.425582640503606	-6.21061200406814
5529	-0.0238048229890829	10.0060283325388	-0.341758175773674	0.733136289704836	0.815253870888792	-6.70120958999716
55290	0.0372680055233697	8.17787461495948	0.566589385468882	0.572061368462474	0.687944456259472	-6.59978551056629
55291	0.066433174346709	8.89559910785247	1.14921997959482	0.252772231004245	0.378427981175243	-6.10584045621929
55293	0.15329491925236	7.97691846652586	1.83321217120553	0.069272993925187	0.138011319301024	-5.11068008297874
55294	-0.324615648225651	8.85227933897928	-3.81507102529509	0.000217522016836864	0.00125033532294537	0.0669434783595886
55296	0.308881927605629	7.00905217336719	3.5042631328471	0.000646347447132427	0.0030631616504568	-0.948666777010479
55298	0.096683331095962	8.84533953877364	1.58983612632313	0.114527759232477	0.20458462181234	-5.51503978719003
5530	-0.16413410008735	9.72457144307517	-1.36057899489151	0.176220896810165	0.284683083835706	-5.84542288878918
55300	-0.166351775940073	9.49158373758673	-2.6969422831942	0.00801473313734635	0.0243049047594882	-3.24812029242143
55301	-0.660695717318978	10.7262631651748	-3.28560654742435	0.00133768230057608	0.00557941112116144	-1.62115855808848
55304	-0.0390126324304948	10.8114550677018	-0.188743269752288	0.850615881048342	0.899671364645246	-6.74157228892003
55308	-0.0503755375002875	8.7752057729008	-0.821628747603866	0.412933018866086	0.544165082296406	-6.42437023657399
5531	0.0957863926398462	10.6663003246677	1.74538629317077	0.0835015048774621	0.159657969974036	-5.26290114512961
553115	0.0903341133326954	10.0649846814795	1.51941701773303	0.131312778235765	0.226960357444532	-5.62177966144813
55312	-0.324968816813983	9.3649311126578	-1.59194710748625	0.114052293178985	0.203999987366483	-5.51176844734376
55313	0.179039481915916	8.439618840918	1.42479722115087	0.15683588733619	0.259774662247186	-5.75787246861319
55314	-0.215986875835298	7.84457123560808	-2.70337455173505	0.00787021182531939	0.0240058898364617	-3.23184895485988
55315	0.201055223656147	8.98472704771326	2.0554886583994	0.0420221743284993	0.0930331778097434	-4.69408027365544
55316	-0.159856222006415	8.77512677596789	-2.98071212399665	0.00348849419251757	0.0123457420866303	-2.49815996913399
55317	0.11822629585486	8.35513916660038	1.38695993394785	0.168049101254302	0.273892181602316	-5.80992978957362
55319	0.115798544889791	8.22512293814679	0.77527188307976	0.439718489309294	0.569826595810287	-6.46100372695446
5532	0.150548786799097	9.66840469439025	2.30110064860867	0.0231280509391421	0.0575414761317209	-4.18244467824623
55320	-0.0942195616448411	8.92101710686628	-1.13400077573691	0.259075850711643	0.38495530255049	-6.12293995449261
55321	-0.556744410173829	9.85027053235526	-3.71789841479202	0.00030784063223993	0.0016511452092869	-0.257920465819067
55322	-0.1998103809544	7.66844672833048	-2.66116684812586	0.00886334987190785	0.0263919502314199	-3.33799380841165
55323	0.519699168760091	7.28507997677255	3.96419808151858	0.000126167899469915	0.00079735795686419	0.578114308890055
55324	-0.176631765532252	8.19481193148783	-2.27734471941467	0.0245532396888621	0.0603420886135081	-4.23424634541343
55325	-0.112116915575605	9.60686939047573	-1.70023141194061	0.0917022628320179	0.171786452076871	-5.33840320381219
55326	-0.306223933020936	10.1586775616195	-1.89088006300181	0.0610744438435043	0.125148823157367	-5.00689357770319
55327	0.270110747685814	8.34528933495584	1.94613641475317	0.053998135865901	0.113723763960312	-4.90461253294874
5533	-0.0128086456792181	8.12032107729546	-0.149602443969167	0.881331795059239	0.921728650383394	-6.7481598582681
55330	-0.135963844446052	9.32535419653598	-1.59093967915997	0.114279004253049	0.204361241638923	-5.51333015486916
55332	0.326835203171386	9.21913603176734	4.21839653415465	4.82974406752259e-05	0.000350559630911569	1.4835218096722
55333	0.0956569060760312	9.13762547924797	1.09677918468372	0.274954721018597	0.403202773043167	-6.16381995707962
55334	-0.428210188027272	7.8295447047303	-5.70860693482593	8.53153585541556e-08	1.66203976805973e-06	7.54547487069023
55335	0.516772995014143	6.49460140908197	4.56346011469595	1.23391351474503e-05	0.000111673405998604	2.77785559778388
55337	0.555045651925151	7.46366061187611	5.04148750834405	1.67260214260727e-06	2.07442848317358e-05	4.68565007023536
55339	-0.211154329431279	9.77872978426392	-3.9094974212561	0.000154321558430813	0.000942125700398018	0.388861732305566
5534	0.141819655406362	8.10806697135026	1.63806547847603	0.104052296268294	0.189645182519	-5.43926363376018
55341	-0.165305784052068	8.86405933654135	-2.77673463322989	0.00638133990861822	0.020195351588194	-3.04386201985067
55342	-0.0812619092094546	7.93818618741886	-1.06365244489089	0.28964201364197	0.419653224466352	-6.19907828857349
55343	0.223856176238629	9.37319343014566	3.27706864199807	0.00137530017518	0.00570280092720222	-1.6466914771978
55346	-0.427822106806635	7.30915601029487	-3.07994269316928	0.00257220406682053	0.0095877281552065	-2.22067350607771
55347	0.00583855026773757	8.59583064169956	0.0892704976923399	0.929017164758669	0.955031957797959	-6.75532954207502
55352	-0.0215751199311772	10.5351376665654	-0.309760052943867	0.757285764236829	0.832079146080169	-6.71157292119156
55353	-0.452562866502468	10.64800811176	-3.32514824748979	0.00117566738405957	0.00500825817036206	-1.50218902597012
55355	-0.410427548335496	7.46467514961822	-3.17604834866142	0.00190207698582183	0.0074425181917993	-1.94457858373175
55357	-0.241080147461797	8.68315455822229	-3.13338704490387	0.00217653043487554	0.00835415492196653	-2.06802238106619
55359	-0.0875302601962642	6.7192202372955	-0.574393947139635	0.566786586668202	0.683254116444738	-6.59536709486729
55361	0.116332675161075	8.21419424659244	1.46547291570856	0.145431904285469	0.24545719848753	-5.70040132587956
55362	0.426615934645736	7.95324871552275	2.63675014237379	0.00948834582626074	0.0279407260338373	-3.39872174915428
55363	0.129847049981678	7.204650220653	0.560570029986078	0.576145672829308	0.691763386181481	-6.60315219996592
55364	0.00633793296860605	7.65449050919105	0.0767884172928233	0.93892095335208	0.961146000085287	-6.75636079545821
55365	2.00532861814924	7.38603890064684	11.8484983894962	7.33119873399252e-22	3.02778507713891e-18	39.0518157711857
55366	0.0346019359337032	9.48072950061647	0.396253837335764	0.692628132699257	0.786359471236437	-6.68122198465971
55367	-0.467243886804805	7.69803242445626	-4.10785255705157	7.36844975166499e-05	0.000502587902136687	1.08460967840877
5537	-0.0628151578784658	10.6991676794112	-1.1282845070978	0.261471719687415	0.387469753250456	-6.12930484352161
55374	-0.0451074010156911	7.70724620705055	-0.54052284235667	0.589847810785382	0.70264535868002	-6.61410684719237
55379	-0.0906412147632677	10.1791213020293	-1.02971432166743	0.305234651588087	0.436956364318475	-6.23409998377828
5538	0.215689089941119	12.042263638669	3.06934212594484	0.00265820569847332	0.00985492776902585	-2.25068644339796
55422	0.016364665636113	9.89611617556097	0.154594577621648	0.877403109530099	0.919247803744117	-6.74740442276314
55425	0.0943287508027093	7.91647731045267	1.25107208238747	0.21336474003444	0.331090128251827	-5.98567854687337
55435	0.506967541009398	7.14162083024792	3.31685429613081	0.00120804733170817	0.0051145417529008	-1.52724087470001
5546	-0.00468278054662729	8.2617161687047	-0.0909598846912288	0.927677556945697	0.954129824476585	-6.75517805730669
5547	0.420412902443972	11.5885274328829	5.60510047753218	1.37155771136162e-07	2.51620398877024e-06	7.08802397830511
55471	0.0410124334009294	8.97544022138731	0.394571433902008	0.693866195070474	0.787084141419454	-6.68188309538365
55486	0.0386320242936254	9.98652039655874	0.679072211332703	0.498412105774932	0.621513813568175	-6.53030180301575
5549	0.58099165565851	6.32373492850273	4.96342288248034	2.33692070031782e-06	2.77341450928523e-05	4.3655143387156
5550	-0.125587511208067	9.56576546443487	-1.70497691190019	0.0908107026676145	0.170515208918958	-5.33055691104711
55500	-0.268460837295316	8.30822858644337	-3.23418221420107	0.00157966136780118	0.0063804415149329	-1.77410710079413
55501	-0.45446388658925	9.25823979182411	-5.23190016191324	7.30525501438604e-07	1.02447209539607e-05	5.47980473874904
55503	0.0257310932977786	11.2123624364616	0.161427239290585	0.872030946445081	0.915593697424223	-6.74633029384843
55505	0.0258340112055527	12.5949010667374	0.463216732570352	0.644055945473831	0.746757735768367	-6.65263160415414
55508	-0.0642041602706235	9.26937026394984	-0.90781460220453	0.365812818623684	0.498340132935759	-6.35067859535291
55509	0.424018692149274	6.78640310797891	3.57366049866305	0.000509641096532895	0.00251471652172145	-0.727875160233459
55510	0.475557636846523	7.59071271108308	3.97793248543494	0.000119910458539327	0.000764611473953827	0.6259478725786
5552	1.82195424730686	9.25530720337649	7.35906898215299	2.61724525259954e-11	1.78664841210514e-09	15.3821035678822
55520	0.11498655695991	7.37818862493156	1.80126423375711	0.074196149535437	0.145434313042883	-5.16687106346911
55526	-0.298269871844664	8.42742046124971	-3.09723131655575	0.00243745175230701	0.00915152339729815	-2.17153635144294
55529	0.39538788367048	8.13098643083917	4.93859596423459	2.59751876109392e-06	3.00918723234723e-05	4.26438219463809
5553	0.902040810389078	12.9284572219809	2.8732732593658	0.00481316019602246	0.0159665474775685	-2.78977557132519
55544	0.00498678226569673	7.34894239312127	0.0483909837622977	0.961485851278369	0.974702151639584	-6.75812943198618
55556	-0.308995252954146	10.3904311082878	-3.2344203785544	0.00157845211489922	0.00637867635472974	-1.77340338367523
55559	0.118225926459593	8.3221156586801	1.17883096922243	0.240819589779962	0.364784487728312	-6.07193269296039
5557	-0.236000808895962	8.79505009450127	-2.15801898948424	0.032937431296215	0.0764007813835259	-4.48697278956071
55571	-0.0931692907317454	10.8352573345736	-1.83112626345971	0.0695859243471398	0.138501140989729	-5.1143773193878
55572	-0.393375580924939	8.60372367752195	-4.29605532705499	3.57400050331855e-05	0.000274106259585991	1.76841830098218
55573	0.242255287447021	10.3268123655708	2.09168993141755	0.0385951622366357	0.08667646549065	-4.6220227629199
55577	-0.0835091005421638	11.6352004182796	-1.15240501716916	0.251466834171236	0.377299234229139	-6.10223370975838
55578	-0.153508646884727	8.13842849400734	-2.11174037233578	0.0368026632922759	0.0836120683311471	-4.58161063462162
55585	0.12408228888344	8.2496337734525	1.68978570745647	0.0936898510071817	0.174532740035932	-5.35560095605636
55588	0.0938384861793365	8.72718254942672	1.49331090689016	0.138005250343222	0.236155659381606	-5.66017003515226
55589	0.482120871697743	7.78265747807693	5.34477891037001	4.43425886612839e-07	6.65945058804008e-06	5.95920024665098
55591	0.114155380262125	10.1191307608634	1.37359116754671	0.172153487706988	0.279149550149141	-5.82799870601713
55593	0.0401885441278067	8.56698818410394	0.544589664148626	0.58705589313986	0.700734346435729	-6.61191664855382
55596	-0.17332603036522	8.79700840711669	-2.52620581338053	0.0128449707633046	0.0356157967455174	-3.66741578455107
55599	-0.0335088393470875	8.82250792648604	-0.343249433953626	0.732017097596428	0.814777149460517	-6.70070183278248
55601	0.0859217150717097	8.57236667317174	0.745436056827393	0.457479507950218	0.584498180304532	-6.48346788231092
55602	0.0769705353915131	8.53550392345375	1.07320993735532	0.285350653753212	0.41511032053567	-6.18901460907898
55603	-0.105246208133373	13.63273412263	-1.02536079193314	0.307274928043129	0.439116073639488	-6.23851182579649
55604	-0.188371299850773	8.03438028581658	-2.64980583370968	0.00914937354008766	0.0270928859053084	-3.36631208316318
55605	-0.152657417537563	9.64565987047991	-1.48281218372546	0.140770577019048	0.239734108767183	-5.67542837497458
55608	0.10933592647165	9.3512647106862	0.873752842396786	0.384014533061935	0.51618552369269	-6.38066902511902
55611	-0.203327938029163	9.56113430264218	-2.64405309404504	0.00929736293146396	0.0274272206478187	-3.38061028633283
55612	-0.278524704854702	9.18035158195467	-2.87894668235276	0.00473303596681625	0.0157577094259985	-2.77460824549964
55614	-0.172368595105839	8.06157268928584	-1.97429128319579	0.0506674167485933	0.108338820176904	-4.85143507829369
55615	0.131692825021448	10.4815541104375	1.61015492499234	0.110016301487412	0.198198503185178	-5.48337971895528
55616	-0.191814715430449	9.6131792768707	-1.23968114264027	0.217535004892816	0.335857783255077	-5.99961100664341
55617	0.395243041964238	6.98301253898774	5.20866094583613	8.09001915760552e-07	1.11258357597217e-05	5.38189196292235
5562	0.211479846584898	8.61374677437545	3.39558905708774	0.00093162440815264	0.00413276993090269	-1.28734377938525
55620	0.0606134928337904	6.91864556784021	0.775798195280168	0.439408819132872	0.569604024801871	-6.46059962030388
55621	0.14266421222131	8.4480580177628	1.94355330168657	0.0543127820961043	0.114182636832227	-4.90945553867018
55622	0.0494885631396045	9.33896753172329	0.647161483177616	0.518775156518955	0.640070482260819	-6.55128023602964
55623	0.0521658149765446	9.91821165114997	0.87501207674477	0.383331795125657	0.5159394863513	-6.37958044885198
55624	0.144811751091303	9.37018667740059	1.94728507270395	0.053858714721776	0.11359598816636	-4.90245700976711
55625	-0.0204540361111083	10.4825866716369	-0.362203906436225	0.717842749219133	0.805137052077386	-6.69405581875182
55626	0.0373069272242772	7.51632436160334	0.504749895738014	0.614668899920351	0.721906030618812	-6.63266843501254
55629	0.175249414248588	10.5715476405586	2.9244568246588	0.00413322023920586	0.014148528460771	-2.65200390440555
55630	0.356948943595375	8.12353622189471	3.46719638208168	0.000732845213816649	0.00340073116074468	-1.06515985475435
55631	-0.00849853918183419	8.55251028404813	-0.105534317810516	0.916129709900304	0.946258772511755	-6.75375327876736
55632	0.0079619319017422	7.44232051703859	0.108111959687115	0.914089144237002	0.944954003491393	-6.75347929959952
55633	-0.142014164319573	6.74308465216629	-1.60735163190572	0.110630138344847	0.19906825040604	-5.48777059844737
55634	0.118574138834861	7.60687213622516	1.5954180618845	0.113273936477807	0.20291535790646	-5.50638055115382
55638	0.85677981416573	6.50486742842018	6.0395691911821	1.81549404803273e-08	4.57194537705804e-07	9.03895714991317
5564	0.0235546421329494	7.87541714608691	0.244144629119936	0.807539678743751	0.868525748232212	-6.72964445643408
55640	-0.391706972139348	10.0000145863135	-4.91009649168277	2.93155004997965e-06	3.33534482270412e-05	4.14869938735284
55643	0.298372215779154	9.53422272132233	3.05788190003233	0.00275417024393028	0.0101514708678555	-2.2830341998787
55644	-0.122440668483307	9.01044142862691	-1.63381952627312	0.104942440346979	0.190888473302366	-5.44602161730342
55646	-0.212127185682811	9.41883862616297	-2.66557811384284	0.00875448996835528	0.0261431985316756	-3.32696942851322
55647	0.22016786368805	7.8339094828222	1.57110233185731	0.118816779571035	0.210155588705943	-5.54388887242238
5565	-0.247267817972867	8.65904682923128	-2.10416587097194	0.0374711996553784	0.0847513990014857	-4.59691923468639
55650	-0.041617443730518	8.53291598837664	-0.498921363546886	0.618756775339318	0.725675275351805	-6.63557286777314
55651	-0.291436879104344	11.3285319300591	-3.64312301728162	0.000400470407478803	0.00207781756644153	-0.503400645924907
55652	0.110667705996197	7.77607465755334	1.48902699315203	0.139128454271943	0.237683770896846	-5.66640858871707
55653	-0.207088129118411	7.83462980941509	-2.7875984171292	0.00618411490370981	0.0196464573479396	-3.01564783321939
55654	0.0823146793204321	8.27551070831917	1.1184901520925	0.265612810532029	0.392479752235163	-6.14013738049066
55655	-1.15913511905125	10.5452914270581	-5.83549919166204	4.73819310380149e-08	1.01130426453231e-06	8.11266454092469
55656	-0.0584192256766786	8.94194178163949	-0.921247828973159	0.358786865564491	0.491391064427574	-6.33854008242456
55657	-0.425489691026011	7.78471801582679	-4.94542768480621	2.52311891543396e-06	2.9519776546012e-05	4.29217809992356
55658	-0.118866363324498	9.3988583676806	-2.01761115173344	0.0458837885278614	0.100132125030419	-4.76822041652784
55659	0.193965739057813	6.94086783841587	2.9939138581499	0.00335127327183941	0.0119522958658867	-2.46169153005865
55661	-0.28769893752088	9.329391445657	-3.78387488843107	0.000243338832086253	0.00136454769384416	-0.038065340932838
55662	-0.241925035573711	8.18812894042442	-4.19945731852217	5.19493885323978e-05	0.000372807948981412	1.41462093493166
55665	-0.0853814437929991	8.61925142109452	-0.899676264854579	0.370111404729877	0.502402662788626	-6.35794702532094
55666	-0.0228851562872376	9.1849482956682	-0.305818956534498	0.760277391315797	0.834093671439564	-6.71277904586757
55667	0.0390933292630553	9.81769308461153	0.600676108761862	0.549199252649396	0.666919410009411	-6.58004598714021
55669	-0.0690753171636445	8.0574666759196	-0.949498871173537	0.344293279331635	0.476518513284066	-6.31243868244451
5567	0.141006576457702	6.51530229290852	1.45348308377986	0.148724522069559	0.24968791713304	-5.71750411155246
55670	-0.24836573450628	7.54186353632055	-3.20710248914961	0.00172292754728042	0.00685189289385474	-1.85383814825636
55676	-0.411528335348353	7.37116994644383	-4.31300657311278	3.34507318201445e-05	0.000259927605676758	1.83110848687961
55677	-0.133186629733985	10.0691102859397	-1.71877111663022	0.0882591407950671	0.166747599031851	-5.30763120214485
55679	0.377917453136554	7.17593473969658	3.33368865109921	0.00114317517950504	0.00489001915210337	-1.47633868750195
55680	-0.109407004121632	6.59062590384728	-1.20674017211784	0.229928092802531	0.351184550027534	-6.03920272352985
55681	-0.11107639095933	10.5276859646294	-1.49547339559361	0.13744095948411	0.235402612520135	-5.65701430540275
55684	-0.26499077750392	8.91963366867085	-4.23503968055709	4.52927933405553e-05	0.000334034350886595	1.54425778358365
55686	-0.12490865855898	8.03552613537753	-1.34075976575257	0.182554894208176	0.29279678177855	-5.87165331300861
55689	-0.105413621672265	8.94702376880597	-1.25895594083434	0.210512841686834	0.327896675906704	-5.97596300701901
5569	-0.763779401559733	8.38585867398871	-5.64120935157929	1.1628093533704e-07	2.17303286399084e-06	7.24706707230043
55691	0.18044912721631	7.76893948478813	1.76575850295601	0.0800037011872624	0.154255502289166	-5.22822236636962
55692	-0.0957187207515282	8.78655185580165	-1.52006568209468	0.131149791633243	0.226726094368059	-5.62081762058427
55695	-0.329314688127815	8.99250047680809	-3.66943881625926	0.000365212568603797	0.00191048500105596	-0.417459487351276
55696	-0.0891889953040446	11.0177055761347	-1.0657657670709	0.288689352288039	0.418713617190377	-6.19686064295547
55697	-0.0176234893882031	8.23452923319063	-0.163843858534747	0.870132302244479	0.914294615317056	-6.74593927501051
55699	0.0558733574179254	11.3518640998509	1.09583403622667	0.275366501897173	0.403571203986986	-6.16484060795504
5570	0.0320702579555598	11.2812623259182	0.240869175552198	0.810071443955664	0.869996677225969	-6.73043449771287
55700	0.184942988308803	11.1749272255682	2.74793461145411	0.00693223228851161	0.0216067830625744	-3.11819036077521
55701	0.145260914316687	7.79529900568177	0.986022595814523	0.326124659709019	0.457816058666978	-6.27754390289364
55702	-0.104327085881521	8.65427742706807	-1.4602567813574	0.146857333125077	0.247196673809834	-5.7078584828412
55703	-0.204713040302352	9.99600692672213	-3.45108900117633	0.000773730155012109	0.00356641243325894	-1.11546789942345
55704	0.273197544323283	7.13428561414801	2.72217509550646	0.00746124811772952	0.0229192671820178	-3.1840943285437
55706	-0.35590497757694	8.23808291810622	-2.88187526439425	0.00469215652295293	0.0156342125371485	-2.76676881553612
55707	0.28233222576021	9.95155961189124	3.06174557460681	0.00272146455378101	0.0100443687284322	-2.27214006565672
55709	0.0411843283266741	7.84634942266757	0.699538508428262	0.485582130791055	0.610953297842211	-6.51631987228106
5571	0.0795185539490721	8.78047815477946	0.852982805117744	0.395384199781921	0.526499031146005	-6.39840087370735
55711	-0.181684413912544	10.2757488956795	-1.74338272722995	0.0838521798495409	0.160217211556143	-5.26629110438073
55715	0.191382820881689	6.75669453721268	2.18363257363707	0.0309533641961392	0.0726348830284403	-4.43377960597204
55716	-0.0384329143052813	7.69146689654995	-0.438695067738381	0.661678760061599	0.760148339097192	-6.66361668452853
55717	0.0800700365384703	8.61791221519826	0.503010278041242	0.615887730668764	0.722823622524011	-6.6335388253902
55718	-0.169664759327512	9.52259455535814	-2.53104700693165	0.0126781584260734	0.0352479261525972	-3.65586401556124
55719	0.302441268657952	8.59844001364733	3.56128119911667	0.000531834361966396	0.00260554675554118	-0.767516178106345
55720	-0.163386409543507	8.62941141394296	-2.58047308472607	0.0110829986639962	0.0317756226881667	-3.53679439443216
55722	-0.265611211831321	6.98603839146299	-2.40825242348496	0.0175655044778543	0.0458858529370893	-3.94271141021184
55723	-0.10363964603924	8.77203032688696	-1.0261809903429	0.306889845571683	0.438717570858792	-6.23768204504923
55726	-0.161258964704206	8.24691637096029	-2.06268186882755	0.0413211829526042	0.0918001536278943	-4.67985550824188
55727	-0.228105877686662	8.81033402173825	-2.68869648437638	0.00820351943213871	0.0247574243732063	-3.26892913605769
55728	0.0804791798785907	9.90012561971374	0.5676781787147	0.571324081867104	0.68751994700208	-6.5991727174978
55729	-0.0272493233180444	8.01000484136289	-0.371788302019529	0.710712347796287	0.799793459509173	-6.69055959103974
5573	0.472902946920614	10.7927680242107	5.47111642246385	2.51847526657728e-07	4.16052114038566e-06	6.50307238740024
55731	-0.0837153012088101	8.58465445998613	-1.33636533671459	0.183982178461542	0.294799766070289	-5.87741871630594
55732	-0.222068182700938	8.13534188386709	-2.0619218100144	0.0413947750977672	0.0919389196847424	-4.68136072862319
55737	0.0501691419797595	11.5858698277228	1.01719721091183	0.311125378228992	0.442732033674513	-6.24673525300475
55738	-0.260921561615717	9.47695464917101	-3.31330824412217	0.00122214425508609	0.00516892552330316	-1.53793590022229
55739	-0.0508048857842942	9.85918381758455	-0.715591838090246	0.475646605335035	0.602366975221121	-6.50506465441713
55740	0.12407277839828	8.95230260871616	1.25211666945678	0.212985257568566	0.330677191097144	-5.98439468243981
55742	0.151776192726442	9.39741155800822	1.95499727545809	0.0529304864169894	0.112161574603472	-4.88795374873059
55743	0.145236297595002	9.08112241254842	2.75810519466217	0.00673292928466776	0.02109695642554	-3.09201937997726
55744	0.00596630487073519	8.7967441340302	0.0677003667109042	0.946137893913593	0.965542253981502	-6.75701411756291
55745	0.00353004189230075	9.13147590899155	0.063797165231819	0.949238887404502	0.967192803224567	-6.75726948436165
55746	-0.0328965328476659	9.94788591000697	-0.589132709204326	0.556890145018386	0.67477080795832	-6.5868590843961
55748	-0.132529557222291	11.5034171536086	-2.02040189434496	0.0455892868480835	0.0995946864229489	-4.76280177569339
55749	-0.106391074633139	9.74827669380144	-0.781414953260395	0.436111952134073	0.566575137563298	-6.45627012469308
55750	-0.0538508860897463	8.04852651582921	-0.80610728845428	0.421790623507104	0.552926606914565	-6.43687032552627
55751	0.0724198886817323	9.96566591709653	1.15615716543839	0.249935124094691	0.375705261888298	-6.09797224617457
55752	0.048524559225664	10.233156994759	0.605029393369929	0.546312676650132	0.664467114926945	-6.57744249091842
55754	0.0651552083303822	9.39822594551955	0.83459566291911	0.405619467948467	0.536495885549134	-6.41374676621886
55755	0.0433384548212468	8.5238554362415	0.448230494404639	0.654802727950863	0.755189965494851	-6.65941579020555
55756	0.0582608954407591	9.41487566765906	1.08920034924458	0.278268648978781	0.407030111663667	-6.17197995946487
55757	-0.194883133021176	9.09152190053816	-2.66069237304517	0.00887513146592686	0.0264175084355156	-3.33917862553921
55758	0.276296204281409	8.93714195759778	3.18797181948695	0.00183133478659773	0.00721355523953137	-1.90982582889706
55759	-0.266396905821964	9.34026343896368	-2.95811785916828	0.00373541297567089	0.0130132902484359	-2.56025286146573
5576	-0.250962812863584	8.33827958877741	-3.03372253011525	0.00296706002006627	0.0107869347560508	-2.35088859527574
55760	-0.42262912549996	10.4732905993392	-5.13422112223533	1.11980065023918e-06	1.4543322910339e-05	5.07009385758021
55761	-0.0627895577136069	8.28205236071149	-0.641366051397446	0.522519534989795	0.643220768854799	-6.55498267229037
55762	-0.0547270771012953	7.17374225856392	-0.809327008560832	0.419944013051191	0.551070549479975	-6.43429672624203
55763	0.183061300289433	10.0668136064333	3.29770722712057	0.00128601111428364	0.00539758729877179	-1.58487648774415
55764	0.261377334961433	8.19942716797683	3.58338316619133	0.000492826565466412	0.0024478336925752	-0.696663769705848
55768	-0.0663635886345916	10.2560199267658	-0.999897758956797	0.319390962086184	0.45089204355356	-6.26394803517396
55769	0.0436910972224007	9.87010522435493	0.344137679675519	0.731350741533842	0.814429137575345	-6.70039834629373
55770	0.406609234413825	8.11372088425689	5.2157225827926	7.84324389846958e-07	1.08699990941877e-05	5.41161580991518
55771	-0.416314622833776	8.00014188202094	-3.3244506617615	0.00117835919165663	0.00501397294535636	-1.50429807537673
55773	-0.27811659841997	9.37641977202957	-3.0514071064197	0.00280979510188	0.0103059092102703	-2.30126443834351
55775	0.0045427157872307	10.1165744886417	0.0429150551152738	0.96584124680101	0.978037109056803	-6.75837819821141
55776	-0.0565891114725298	7.90678781061219	-0.796131504360252	0.427542577582568	0.557987310923054	-6.44477978473668
55778	-0.0993746497493854	8.4445873145024	-1.75755563958059	0.0813973150449318	0.156467726849229	-5.24223167911632
5578	0.516589301908205	8.53632491927648	4.19984621841083	5.1871802523172e-05	0.000372574859862087	1.41603345456411
55783	0.103482546700633	8.58504991289229	1.55777291505951	0.121945407530827	0.214266978558738	-5.56421584357516
55784	0.312233639964372	6.86925508895892	2.36543846751965	0.0196272136623358	0.0502700108064787	-4.03969001807415
55785	-0.346473762486017	7.54454992083581	-2.74766016205509	0.00693768400720585	0.0216067830625744	-3.11889539779277
55786	-0.0655269426263321	7.79375692529828	-0.880180042505885	0.380537694433746	0.513182262207794	-6.37509666751712
55787	-0.141252536241443	6.99481629523524	-1.6642870949844	0.0986888512245757	0.181939685528258	-5.39715753328221
55788	0.0433068690581101	12.0991836663594	0.492432713795513	0.623321715373835	0.729682166806672	-6.63876673202474
55789	-0.0600694380915286	10.7266585858261	-0.337683835176439	0.736197014027286	0.81744687940118	-6.70258560954309
55790	0.489349764599007	10.2975718308763	4.48897187766024	1.66615176955067e-05	0.000144343168037989	2.49232423765068
55793	-0.209498479332392	8.87010183124536	-1.64960461265487	0.101663830459164	0.186030846165861	-5.42081298560477
55794	0.0824429139182733	9.72171259310675	1.22974581178817	0.221220560624965	0.340488744723609	-6.0116617195922
55795	-0.0438531902442352	9.83341481602634	-0.73143910580247	0.465950364823065	0.592911290635937	-6.49370564594115
55796	0.142665323349285	11.9647290953934	1.24729279157417	0.214741826346893	0.332506449158407	-5.99031482124411
55799	-0.291347737314532	7.67126887657075	-3.05053117139744	0.00281739952058202	0.0103246317834993	-2.30372816535219
558	0.344698082106323	8.85842083768326	2.34728997549735	0.020563892739189	0.0521878608671113	-4.08032141844095
5580	0.106589088663776	8.59757289256934	1.46488637883053	0.145591651633237	0.245676617464869	-5.70124113751249
55802	-0.30670540083636	9.6470262554005	-4.2099991223113	4.98851853158828e-05	0.000360184991878664	1.45294383954433
55803	-0.141786951086926	10.4114362025356	-1.19414537069056	0.234798458272545	0.357236188125109	-6.05406557369181
5581	-0.115449985467259	7.63454504830939	-0.948903150129822	0.344594942244924	0.476776251749258	-6.31299708891662
55810	0.123590108287823	9.01365190707605	1.73910516926408	0.0846049023513849	0.161245153073936	-5.27351620084533
55813	-0.13702708612591	10.3794173316854	-2.3080087277648	0.0227275044461132	0.0567157663821436	-4.1672888852729
55814	-0.11388641509278	6.81002944654868	-1.40610373939479	0.162301829791759	0.266364616348089	-5.78376064840415
55818	-0.30667380140311	9.35254606158507	-3.16508860696339	0.00196933493903361	0.0076369514537172	-1.97642574490962
55819	0.662701600778318	9.31440998548529	4.82948078497341	4.11840214739006e-06	4.40077642140257e-05	3.82386659674322
55823	0.109402017334494	8.38441193595349	1.89169943513739	0.0609640877496564	0.124991189698668	-5.00539712229861
55825	-0.270672919345371	6.90461841987906	-2.47660830208166	0.0146706170593312	0.0396399401079738	-3.78461781785658
55827	0.0871955494720442	9.94131495983957	1.52064792356899	0.131003630093959	0.226568254726989	-5.61995375600736
55829	-0.0938499364007415	12.7046424660356	-1.5634297534769	0.120609780832057	0.212598546665128	-5.5556096196679
5583	-0.147781454714184	10.441092301985	-2.52179789278713	0.0129985614892854	0.0359210832724984	-3.67791645318832
55830	0.046459837622874	10.4010450381021	0.583587210678419	0.560603688177336	0.677679857214225	-6.59008539309792
55831	-0.387268445765073	10.7650668482068	-5.39932705997228	3.47639290887549e-07	5.41792555232293e-06	6.19309152295113
55832	-0.0768796694017713	9.36234471011112	-1.69418323593661	0.0928488735673844	0.173404857740307	-5.34837318811202
55833	-0.548555816702515	9.52260350942438	-6.85754140501998	3.34573890464716e-10	1.56134482216867e-08	12.9070883524603
55835	-0.15904178282201	8.4025170402533	-2.22865346402129	0.027717022522202	0.0663986676430941	-4.33888163216637
55837	0.298144636623335	10.5588130654413	3.39809266554335	0.000923894395324653	0.00410509290230319	-1.27963959852177
55839	-0.123571081997962	9.55466396071149	-0.955992457931927	0.341016113268121	0.47309255888389	-6.3063294572849
5584	0.00201917069767175	8.69436559925853	0.0223739720578143	0.982187154527299	0.988289182165366	-6.75904546740833
55840	0.0674833680405178	7.24962331358253	0.774593466869691	0.440117841103795	0.570075798575717	-6.4615242198014
55841	0.260592324842703	10.0243874566167	2.76091249129137	0.00667884343466828	0.0209725203255638	-3.08478068280487
55844	0.0327800730879413	8.10731992866949	0.353302790637812	0.724487200280362	0.809105596884843	-6.69722120320135
55845	0.300744438612608	11.628039879478	5.29143442154643	5.61831012627684e-07	8.14013880170189e-06	5.73186505155704
55846	0.334055980438439	8.81737517461418	4.55783353908052	1.26236172538698e-05	0.00011395746286007	2.75617276472445
55847	0.103753955678423	10.9508459785514	1.51346780875595	0.132815032638956	0.229173212784161	-5.63058457905903
55848	0.106169954334419	10.6104662400542	1.54362776351836	0.125336456549677	0.21929233872068	-5.58560501739343
5585	0.517079443968441	7.54333156709076	3.97985607932704	0.000119058083418868	0.000761750402044808	0.632657341004209
55851	-0.15030119583779	9.34645741961047	-2.09572663825345	0.0382283594853071	0.0861453266982969	-4.61391543742177
55852	0.305295917678028	8.6152815281221	3.58760574850719	0.000485688325457188	0.00241965353937055	-0.683087385118518
55854	-0.120151623795776	10.9002847922421	-2.29314172825733	0.0235972119401046	0.0584797391614955	-4.19985447414863
55856	-0.0559774527984722	9.93757731250527	-0.674230418830045	0.50147383333359	0.623915328111982	-6.5335493198863
55857	-0.145491551442255	7.69454503855429	-1.97027769162684	0.0511313037852704	0.10919249487251	-4.85905944461386
55858	0.129246583032417	9.62539605221622	2.23852205280213	0.0270484509596986	0.0652131362892909	-4.31784212308238
55859	-0.321648281459071	8.11851397469525	-2.20996914938541	0.029022442253301	0.0688075123456562	-4.37848195491831
5586	-0.0309385302627334	10.8509181778957	-0.322999908980942	0.747262760568987	0.825958838792966	-6.70740812631169
55860	0.0873218644562342	10.9107078021245	1.38249363041347	0.169411957685085	0.275593195107034	-5.81598518631797
55862	0.262611354770363	9.86293009729006	2.30142459241221	0.0231091301070347	0.0575117248219664	-4.18173489785234
55863	0.149608048276345	9.7069903585916	2.66843423880877	0.00868465408451884	0.02598161634847	-3.31982294203613
55867	-0.222593621989644	12.4185618907433	-2.18875790765265	0.0305690669839292	0.0719531220148138	-4.42306604533246
55869	0.011011551106049	6.93411867125196	0.141485900180784	0.887725588077208	0.926185847861278	-6.74933518703098
55872	0.00318361116780173	8.92106049800266	0.0234369951364635	0.981340990550052	0.988025975948432	-6.75902123748237
55876	-0.0136266461417009	7.77373660606177	-0.123964354283404	0.901552860452874	0.936589941811185	-6.75164901974996
55884	0.13395481689389	10.00322945491	1.37822405721056	0.170722615010161	0.277537650065721	-5.82175618202144
5589	-0.210445503809858	10.301087577371	-2.93651586580963	0.0039864342895611	0.0137199780132395	-2.61923828091225
55890	-0.521603169208955	10.0270478469524	-2.33740779949425	0.0210903526539969	0.0532578150174303	-4.10232615972262
55892	-0.0149366145852365	8.50717617789708	-0.291451584858243	0.771213913073274	0.842511165452353	-6.71704543161074
55893	0.00717922117736475	10.7343571171758	0.0688658074350367	0.945212139164816	0.964916916790942	-6.75693492982282
55898	0.0972330297984492	9.79466781143088	1.41512361054051	0.159646527310799	0.263104612048524	-5.77131048445967
5590	-0.128150803835094	13.7288306948244	-1.286715164963	0.200693627265179	0.315729242702433	-5.94128181939102
55900	0.270595006065516	8.9872569897568	2.97134347624152	0.0035889942090855	0.012588149540147	-2.52395591258923
55902	0.230289899972962	9.92773529969879	3.03864774023779	0.00292246324772221	0.0106388481384687	-2.33709284869131
55904	0.0210742689867392	8.90066209540725	0.209412662533577	0.83448455559196	0.88726681442231	-6.73747896873985
55905	0.193333342037168	11.1947345066193	2.80017502971017	0.00596274582952975	0.0190678592922632	-2.98286484818691
55907	-0.241245886673039	11.1066223204894	-3.27395629696372	0.0013892571440979	0.00574050225625246	-1.65598531440776
55909	0.00314430512416771	8.00372363011529	0.0412512317616893	0.96716481436106	0.978400923629948	-6.75844787380893
5591	-0.144578568683027	9.1846889663215	-1.78179019823051	0.077336700214118	0.150660647115239	-5.20066402508185
55914	0.152109462551619	7.59290529369152	1.47020221647224	0.144148808720557	0.243939816300208	-5.69361800675698
55915	0.211805479456611	7.84770556465066	3.02328626360365	0.00306364345660605	0.0110844042713824	-2.38005787455985
55917	0.19411395499425	7.53538369748372	2.61676620874205	0.0100291989654145	0.0293035668391666	-3.44805473751297
55920	-0.104562776382485	10.7961439314129	-0.990107312643435	0.324132686073833	0.455639208129657	-6.27356081201041
55922	-0.208761741895429	9.03819092796336	-3.46731127526817	0.000732561020170824	0.00340073116074468	-1.06480032487025
55924	1.06140878754942	7.30350216582592	8.45145500989738	8.39847380829856e-14	1.47598709907545e-11	20.9706882715584
55929	0.231272355781855	9.44389257038237	3.10628659962373	0.00236951181782389	0.00892890858358822	-2.14570658975853
5594	0.0013305452628648	8.45551082987967	0.0213671536441639	0.98298859844689	0.988613883254756	-6.75906737936749
5595	0.101010479531995	9.70332339414471	1.16001389051581	0.248367614097314	0.374159491600185	-6.09357789947186
55954	0.129113031334055	7.94858616876752	1.89517472062373	0.0604978809930933	0.124275676946767	-4.99904327665704
55957	-0.305929061263319	8.87120844278195	-4.47076055818235	1.79224437790005e-05	0.000153249881588555	2.4230194145124
55958	0.289806767031982	10.2716226044521	3.92393227576778	0.000146359680835049	0.000902861063254297	0.438607465151482
55959	0.178118455395561	7.54319752407093	0.89807886825806	0.370958849355395	0.503387562949822	-6.35936609729624
5596	0.490801538872396	7.06802687368481	3.22254111354244	0.00163983154533776	0.00656568519849244	-1.80845085472209
55967	0.185112754629069	11.6713597869974	2.68403652177302	0.00831198208631419	0.025048147403486	-3.28066396943407
55968	0.0842745743356392	9.62559098834316	1.30270895327046	0.195192093776113	0.309088810643365	-5.92096600499391
5597	-0.371688118894814	9.77818506542764	-5.92574737123964	3.10626917182633e-08	7.07682040298881e-07	8.52020704671728
55971	-0.595231185278828	8.79419484282355	-4.91748899954929	2.841100431229e-06	3.2424690418302e-05	4.17866427457671
55972	-0.245903579681228	7.40693950828431	-3.13527498515607	0.00216364542388383	0.0083085593683312	-2.06258928044699
55974	-0.0777285779778272	8.74659884702444	-0.973612609073548	0.332225899334028	0.463839736083599	-6.28954576938021
55975	0.332362865732421	8.59523821067219	3.13079099879055	0.00219436453259306	0.00840308346741709	-2.07548874622969
5598	0.255294661822855	7.69857779282048	2.89559549775708	0.00450491495130832	0.015150894746664	-2.72994952072929
5600	0.0548404302396489	6.78108668117131	0.771813910396745	0.441756234028882	0.571379035292014	-6.46365203470874
56006	0.231596749711638	7.82142532639017	2.36947513098489	0.0194240767555185	0.0498269795032867	-4.03061393797545
5601	-0.318317805442332	9.49407675227957	-3.61254524677955	0.000445480135381638	0.00227280167896994	-0.602641188406225
5603	-0.2615007677406	9.63064608021101	-3.12361687273714	0.00224435646199161	0.00856672106102158	-2.09609469309212
5604	-0.192759500131501	10.3964778587798	-2.72853669288405	0.00732729793901027	0.0225647865827476	-3.16786941692562
5605	-0.0737284499586592	9.37843073219789	-0.968027660974126	0.334995891918378	0.466475053365957	-6.2948982452689
56052	-0.115072092840181	7.01597430753966	-1.13504033812763	0.258641797608133	0.384511209664102	-6.12177905195986
5606	0.0664008455528732	9.74276835059343	0.74344353933631	0.458679995259348	0.5856696183092	-6.4849370012907
56061	-0.684296352529743	9.03807994426061	-4.62497286367032	9.60655056222034e-06	8.95599409073815e-05	3.01611517609975
56063	0.0011139210326019	7.66344951626993	0.020811624174056	0.98343081648413	0.988871833689457	-6.75907903783115
5607	0.412631838059266	7.48400034327137	5.36375989231147	4.07484092350628e-07	6.19856096282907e-06	6.04042423750746
5610	-0.14929083388754	9.87335134059763	-1.66730456416051	0.098086253093628	0.181129544053961	-5.39227121402627
5611	-1.37017425433946	10.1620256286681	-9.96793472254253	2.23084788225573e-17	1.31620025053088e-14	28.9956851773961
5613	-0.622046542053947	7.85213830939673	-5.02532227694158	1.79299605970885e-06	2.19735125418325e-05	4.61909325019259
56160	0.18319414813497	8.08928160692383	2.43608585794378	0.0163305403132239	0.0431510758116536	-3.87882059272598
5618	-0.1459117562339	9.77866447018178	-1.28351731576941	0.201807237767332	0.31720795127653	-5.9453145637723
56180	0.052026482525837	8.56097817044353	0.415243729543056	0.678711998886242	0.774331645138171	-6.67356527291173
56181	0.137622956464715	8.44995346990164	2.25370722710513	0.0260472264908488	0.0632050795577001	-4.28530121223385
56204	-0.0398266360761908	9.25402898913856	-0.394938368384068	0.693596101279163	0.787072921632901	-6.68173914544211
5621	0.553926514936452	12.5293270844159	4.79604098620635	4.73735563910901e-06	4.95951300114581e-05	3.69017539624976
56241	-0.317288180078963	9.60877828310299	-2.15941363010699	0.0328266283017388	0.0762293926826995	-4.48409137402912
56242	-0.0115852081659877	8.11439457518505	-0.133244019756871	0.894225692317083	0.931050509736312	-6.75046161712202
56254	0.209636791911145	8.60584497198709	2.71482141054493	0.00761885627497219	0.0233512997518628	-3.20280792180326
56255	0.368323261504776	8.55463982155076	2.82446172691607	0.0055556031334369	0.0179816935275035	-2.91919269346043
56257	-0.0152226260496206	9.30268242811593	-0.226969476381955	0.820837328296521	0.877912253234399	-6.73366850284571
56259	0.157108329277172	9.44336798968758	2.30052458698246	0.0231617310617662	0.0575905775346747	-4.18370663850247
56261	-0.11417624958895	9.33290500379257	-1.41030948163722	0.161059558339716	0.264799353480504	-5.7779650211979
56262	0.083239850344222	9.54380062419668	0.93146844913478	0.353499143512859	0.48624528316673	-6.32918682648194
56265	0.377964817545004	7.88076548318597	2.57089149870548	0.0113773439386882	0.0323611780074259	-3.56003768226301
56267	-0.208660152390545	10.0367404298329	-2.47716355535696	0.0146489581099257	0.0396073302743	-3.78331728957593
56270	-0.204957057065688	10.1393928628716	-2.88957164973897	0.0045862625928825	0.0153494850150768	-2.74613364627067
5631	0.195435895415326	8.72526613852485	2.08769426347016	0.038961214580578	0.0874034851807643	-4.63003337920287
56339	-0.0743007615810388	8.80785262100589	-1.23004768929632	0.221107914263474	0.340419640599495	-6.01129695967146
5635	0.0292847277206183	10.3597284332478	0.51277993336254	0.609056798663617	0.718396678749186	-6.62861195374157
5636	0.0966065941155454	9.35887025386544	1.25059208083924	0.213539282850871	0.331276452017288	-5.98626814967742
5638	-0.383420890767218	9.1662572931577	-3.10110464084058	0.00240817299156191	0.00904570664406611	-2.16049570690872
5641	0.485540609551883	12.2433255785596	3.63796107232942	0.000407753977570702	0.00211295348477666	-0.520200589538398
56477	-0.357033524841812	7.26513756940577	-2.86911827544124	0.00487262625272842	0.0161314199789727	-2.80086702242686
56478	0.187526333725603	8.33539014947633	2.86510939046551	0.00493063856505837	0.0162925465853675	-2.81155525528193
5652	-0.740119073897279	11.931358919661	-5.42106812062368	3.15383934010834e-07	5.02909516395654e-06	6.28671005774198
5654	0.0146663882449751	13.248849172626	0.0737816017933602	0.941308172477916	0.962397017535287	-6.75658604617115
56548	0.246115046750995	7.9480404321908	2.35739471224761	0.0200376091720579	0.0510993058849021	-4.05773374188656
5660	0.150564264389668	13.5113096807745	2.10882678380057	0.0370585933715681	0.0840483199475982	-4.58750523638404
56603	0.850871514306301	6.9332209848744	7.11099372702378	9.3073457172919e-11	5.4523883421866e-09	14.149299482365
56616	0.0600426628356297	11.1541638095279	1.43219739488041	0.154711555351492	0.25722975990405	-5.74753288219445
56623	0.223746414717173	7.42870348546127	1.91990231474937	0.0572663597880903	0.118968846038638	-4.95351750276701
5663	-0.0378542293731965	8.91186857213568	-0.411579081164334	0.681389077505943	0.777063893441819	-6.67507068172712
5664	0.261704765967698	9.24522743395599	2.12043898423007	0.0360476261626537	0.0822125874726035	-4.56396725359271
56647	-0.271797728128343	9.54231191562934	-3.67352837472923	0.000360004565795473	0.00188562949490844	-0.404059865558977
56650	0.0960246223498724	10.7996795211993	1.37394191562983	0.172044841899241	0.279082952491698	-5.82752680739996
56652	-0.144948337261834	7.41798315209018	-1.44646081472191	0.150679554847104	0.25240582499231	-5.72745802731051
56654	0.837153103201349	6.98457276985418	5.70552084899076	8.6537255640912e-08	1.68187701551514e-06	7.53176726080141
56655	-0.0284459410693532	10.8557178809256	-0.362672540375318	0.717493519149466	0.804902413170527	-6.69388698719155
56658	-0.166986445021244	8.15728681593647	-2.18322673007203	0.0309839729803852	0.0726654221516133	-4.43462695752689
56660	-0.279226875346496	8.23110931364717	-1.57419803245407	0.118099364987818	0.209271708284224	-5.53914425668294
56672	0.105061093185804	9.8278293788978	1.3505765128046	0.179396527042971	0.288571628700085	-5.85870764369437
56674	0.0523977619591466	11.2996431311227	0.619716226000333	0.536630647001304	0.656385183508184	-6.56852115657302
56681	0.121104896808618	11.7087525286365	1.2529299284452	0.212690154854854	0.330353644058122	-5.98339441275817
56683	-0.786263121014216	9.4202358985598	-7.45095122201568	1.62975337693571e-11	1.19130645075124e-09	15.8426381054738
5669	-0.188596923631935	14.1479008873397	-0.857650484883852	0.392811289616777	0.523748386155703	-6.39445266468936
567	0.272778845800682	14.1237431887494	3.01787312832098	0.00311487564077877	0.0112402240248286	-2.39515368707732
5670	-0.00382450633516315	14.8786647242414	-0.0254047930261722	0.979774684680722	0.986943767739362	-6.75897341724684
5671	-0.0965786583272965	14.9979155246083	-0.720947952191961	0.472356956249365	0.598782759149747	-6.50125308557128
5672	0.0524180066211341	14.4271094912957	0.272608087839563	0.78562745654631	0.85284305310455	-6.72233029517609
56731	-0.0412150269424824	8.69446599274035	-0.468991317169589	0.639934802195388	0.743858917271869	-6.64995815451348
5678	-0.0581316789111435	15.0631631075293	-0.396180910984085	0.692681781200523	0.786359471236437	-6.68125069968235
5680	-0.17821326164976	12.8941012324692	-0.61361154110741	0.540644415619955	0.659536681881675	-6.57225519033223
5682	0.0926237219283031	12.4907155919037	1.84042879231245	0.068199364050524	0.136465282442925	-5.09785808607767
56829	-0.0686315889923221	9.02198234671116	-0.579664123950038	0.563238098026882	0.680059203555457	-6.5923494790804
5683	0.210592055925181	10.555337133732	2.95163467815217	0.00380917777415087	0.0132367725765613	-2.57799466537394
5684	-0.00827539810390702	12.1181765498909	-0.11374224258993	0.90963399662893	0.942320804616152	-6.75285786678927
5685	0.0540331576803303	12.2746272417771	0.860591589560381	0.39119538897411	0.522606164147849	-6.39195397105312
56850	-0.0200340990196953	8.24838843633372	-0.278418996056855	0.781174446322181	0.849847886514663	-6.7207381673845
56851	-0.164487338650504	12.4565412786348	-2.11809335212293	0.0362498978717089	0.0825542201324278	-4.56873151125751
5686	0.0966831796844238	11.784478251737	1.66411552180702	0.0987232046655752	0.181939685528258	-5.39743511553691
5687	-0.0359305612914592	13.1693145493854	-0.638860271839912	0.524142840976031	0.644594376253818	-6.55657325916334
56882	-0.118676959018076	9.87597252382261	-1.35770680361633	0.177128397844217	0.285981346011186	-5.84924730021902
56886	-0.562728189015784	9.06551991114903	-5.07673393284003	1.43674226954172e-06	1.82296330974111e-05	4.83124437839665
56888	-0.0472933992490556	8.52153270707034	-0.687985768613602	0.492802008823893	0.616591424177003	-6.52426295965672
56889	-0.00587052002317855	10.7294603397324	-0.0800291942066075	0.936348606730196	0.959821232513207	-6.75610794538635
5689	-0.0918379122251298	14.1203368661761	-1.68196909471449	0.0951999554119512	0.177026481698045	-5.36840414948034
56890	0.0478818343301596	6.3402087395574	0.67036027445655	0.503928369271225	0.626308806828215	-6.53612854506314
56891	-0.0839697857713793	12.9768577965094	-0.35319109334645	0.724570714304743	0.809105596884843	-6.69726042534077
56895	0.326239061188151	8.59411075083868	3.602045632195	0.000462008705606311	0.00233549076395846	-0.636563680534218
56897	0.124675811195449	9.97970966136588	2.49190818889835	0.0140841549331929	0.0383059334040741	-3.74868604660011
5690	-0.0903812570803195	11.1755233901379	-1.6555066788331	0.100459369303608	0.18432455658728	-5.41132800681839
56900	0.165356919466807	9.25769283826389	2.03565636799905	0.0440078644969144	0.0967283024865654	-4.73305955668196
56901	1.29746549457561	7.66265052875365	6.93060814439727	2.31790374017595e-10	1.15336655987069e-08	13.2633034444486
56902	-0.0767977746467119	9.08952791768256	-0.992490240416906	0.322974329321989	0.454569162508346	-6.27122969151232
56904	-0.595078639251381	10.1246193013244	-4.43205758960791	2.09150534418672e-05	0.000175746023835018	2.27639530567364
56905	0.0270036471240369	8.93319514494765	0.290348954621943	0.772055178412304	0.843318668829097	-6.71736438907579
5691	0.0552150873751139	11.6957812617945	0.826513108725233	0.410168917959741	0.541419707754114	-6.42038790317498
56910	0.0511076401974444	10.9113911071199	0.918870788881681	0.360023828532099	0.492431995972038	-6.3407008189608
56912	0.115955328006516	6.95183941235011	1.36031143910717	0.17630528551296	0.284763718877015	-5.84577947835134
56913	0.0143564541831945	10.271674702138	0.160118391409562	0.873059570061087	0.916440722925985	-6.74653964627335
56915	-0.781215324146026	7.99783208320295	-5.08180333713984	1.40560197835813e-06	1.79095273525444e-05	4.85223813859129
56916	0.0115817587600463	9.11250362327285	0.16148564076234	0.871985053818653	0.915593697424223	-6.74632091273137
5692	-0.0194273312615833	12.8946675681179	-0.317043539665642	0.751766688876299	0.828719184588046	-6.70930332171662
56920	1.08481411810075	7.0482318296473	10.9802417777803	8.58042461605372e-20	1.18123845547673e-16	34.4146941973754
56922	-0.0382445740472688	9.21715019281395	-0.417489767813486	0.67707325952773	0.773209612014247	-6.67263604162242
56925	0.0822235547049613	9.61840959709515	0.716834657075866	0.474882151780597	0.60152224715653	-6.50418273803184
56926	-0.218403444095142	9.38338985337625	-2.52817131454437	0.0127770100576782	0.03547499263073	-3.66272821309013
56928	0.130369688438136	8.59396677145032	1.3824463754961	0.169426421882993	0.275593195107034	-5.81604915328696
5693	-0.141222799259365	12.0268789296929	-1.93711255544645	0.0551040752797284	0.115376340129419	-4.92150484180616
56931	-0.403663138429812	7.94696962307587	-3.1836438788678	0.00185672462458134	0.00728923260410734	-1.92245292209397
56934	0.493039355698254	7.09987151063851	1.95057183846097	0.053461455631065	0.112939034146444	-4.89628261790357
56935	0.671679628727659	8.3985042214054	6.29165450937956	5.43175464736331e-09	1.60236762097218e-07	10.2058617508713
56937	0.281003463500928	7.02190442198496	2.79488203688348	0.00605501491501866	0.0193180468126899	-2.99667763058395
5694	0.0138235390963998	12.7495144267079	0.209112023381912	0.834718700664139	0.88735861872404	-6.73754155030648
56941	-0.113975660204564	8.90022719360654	-1.70962240284636	0.0899447823555562	0.169274072056709	-5.32285581841577
56942	0.0135965252545478	10.9356198163357	0.251666814936698	0.801733160671699	0.864532102760866	-6.72778975075206
56943	0.0836183995677575	11.1079428366284	1.59856930131522	0.112570951221933	0.2017873387789	-5.50147921159633
56944	1.03617096807718	9.50921324516681	6.47678243511246	2.20741150475768e-09	7.72594026665186e-08	11.0777196429701
56945	-0.15184440030317	10.6015006816843	-2.53194677299853	0.0126473701615198	0.0351860146629012	-3.65371486246074
56947	0.246654294297153	10.5436675028062	3.5238867047973	0.000604541052255285	0.00289311071357396	-0.886587734756124
56948	0.00599119297771056	8.33786448054362	0.0602824198599833	0.952031930181325	0.968923576059358	-6.75748646541746
56949	-0.575745771935882	8.040004131633	-4.97759125042653	2.19978541487593e-06	2.62899367963644e-05	4.42337702772464
5695	-0.00746350716943651	12.4771790350026	-0.109198908617096	0.913228842525861	0.944443500596421	-6.75336178582835
56950	-0.0933879575023933	10.6544848400967	-1.34376355969166	0.1815840739124	0.291749552716674	-5.86770183353015
56951	0.239107254728886	10.8833939298317	3.44438679622972	0.000791365998265954	0.00363755322519576	-1.13634458090313
56954	-0.0916430250015018	9.69317043580795	-1.44436491641669	0.151266890448868	0.252929897754017	-5.73041990474115
5696	1.00753170722347	7.83613391320947	6.44777486328154	2.54383884976457e-09	8.61152004059645e-08	10.9403120828321
56965	-0.0899945948168006	7.60558639412959	-1.25202493526347	0.213018563417422	0.330677191097144	-5.98450747142687
56975	0.726057826597545	6.98880358202999	4.3498661795385	2.89495187316893e-05	0.000229484668640838	1.96804178892957
56977	0.298595006354759	6.95179338516463	2.36204271799714	0.0197995506498248	0.0505546486453023	-4.04731416699117
5698	0.781934984099545	6.88997397438442	5.69334801594512	9.15264519914635e-08	1.7705116942611e-06	7.47773935162892
56980	-0.212342277597002	8.35819017629182	-3.74423702206449	0.000280354425346319	0.00152752477134604	-0.170515944587529
56983	-0.187309252745285	9.50326321525252	-2.23216403159535	0.0274775548737325	0.0659265784526846	-4.33140699975371
56984	0.116952625570774	10.940825649996	2.56790432889652	0.0114705359366122	0.0325264674945772	-3.56726825440008
56985	0.189074631157032	7.0243803137794	2.26576146910782	0.0252756872619658	0.0617216734667963	-4.25932610206367
56986	0.257993612796588	8.08520662498869	3.77366307695745	0.000252404224517769	0.00140471311701497	-0.0722927737272414
56987	-0.146386267610312	10.8651264644575	-1.77876592881199	0.0778341213772147	0.151415412759254	-5.20588077978151
5699	0.072680353956886	10.5839814712376	0.879811981190773	0.380736269630937	0.513366240148798	-6.37541686323548
56990	0.00850546692964903	9.06968755438916	0.0873021316990922	0.930578247059151	0.956160756401118	-6.75550246089357
56992	-0.283021175549618	7.54162584524269	-2.27167911727553	0.0249043082774908	0.0610360821661272	-4.24652799264568
56993	0.0770279183979928	9.86883209875248	0.889110230755008	0.375739472096011	0.508538102492717	-6.36728733156306
56994	0.389887414199515	9.96658509089021	4.381375033204	2.5569200223869e-05	0.000206820745225842	2.08576278174837
56995	0.0212677690256895	9.00693855524651	0.246033804712093	0.806080364399299	0.867698051893976	-6.72918393896395
56996	0.0830341917671286	10.5370178734732	0.871033139301651	0.385491684636838	0.517665634059548	-6.38301485926442
56997	-0.069659733235543	7.94311359473137	-1.0677982903362	0.287775133798531	0.417815802224517	-6.19472371204165
56998	0.403089510847393	8.43528194446796	3.93183008009993	0.000142170821346156	0.000884285379758472	0.465884598311173
57001	0.0533373270109736	8.58471554716298	0.605881678226243	0.545748436017498	0.66419361743105	-6.57693059215501
57002	0.0323374053792435	8.57737806915425	0.456200252024374	0.649078333765053	0.75015909289203	-6.65583560130783
57003	-0.186402839650344	10.4703335686867	-2.84603846379302	0.005215371672075	0.0170677377224007	-2.86222295628651
57007	0.965145626051832	8.88123596980495	8.09693015046936	5.544225130445e-13	6.83511933992174e-11	19.1325037900313
5701	0.0919224177410951	11.5374063411648	1.70183744618035	0.0913997352924155	0.171426388173331	-5.33575008879826
57017	0.00449659872467157	10.2680323727331	0.0754192857963737	0.940007888550753	0.961855837173524	-6.75646447718697
57018	-0.070725007130951	9.80481378937266	-0.850798041425959	0.396592016821322	0.527427154877495	-6.40024156899956
57019	0.0908345846488052	9.49483750493819	1.49152606983014	0.138472355626333	0.236709780106273	-5.662771344484
5702	-0.0893134731775965	10.8110731860978	-1.21717096936108	0.225949960306684	0.34632523142201	-6.02677842192042
57020	0.209422342847024	8.21879408629484	2.63280160388017	0.00959307504024482	0.0281988611503282	-3.40849567522443
57035	0.0169694858273429	10.0921426463021	0.141178762983157	0.887967682934548	0.926310569000483	-6.74937837590503
57037	-0.095965910401349	9.11279135959832	-1.74013271304801	0.084423582004281	0.16101103379251	-5.27178214520263
57038	-0.106028893360264	9.93640017420682	-1.43329470020597	0.154398450350328	0.256925605141869	-5.74599531418927
5704	-0.208871905080614	10.3924514808006	-1.76920970413967	0.0794232615577412	0.153422857920239	-5.22230972385778
57045	-0.0810742968235481	9.74953249190543	-0.615921976645037	0.539123541646786	0.658424488946999	-6.57084629296741
5705	0.0589376641446097	11.461936655131	0.902782245483678	0.3684671216422	0.501324069307292	-6.35518065969488
57050	0.0414348855049968	10.0729293456046	0.466903626830223	0.64142343334634	0.744436919972006	-6.65092849747073
57060	0.271155497679003	6.89326849943162	2.47776547503184	0.0146255110755852	0.0395827707417202	-3.78190716152641
57062	-0.541847463368425	9.99007908556269	-5.9018460711343	3.47488275357269e-08	7.84222173347279e-07	8.41194451543172
5707	-0.0749100122278067	11.2353338344041	-1.25551035596598	0.211755789360649	0.329227466597608	-5.98021642434591
57085	0.324750329720463	7.65101601678395	3.37332222181164	0.00100309391949096	0.00436771522139976	-1.35565871039305
5709	-0.126867313875072	9.4276015457597	-1.31361234281004	0.191506267894565	0.304434521325848	-5.90697642558222
57092	0.0494726674966721	11.2633428281169	0.925712017520002	0.356471115799056	0.489153092821996	-6.33446725244299
57095	0.094501668451313	9.63808808003247	1.18441805798646	0.238610289431718	0.361769638529	-6.06544039438401
57099	0.0857132371859493	9.27069151462535	1.10541437270731	0.271212266619568	0.399040492033779	-6.15445504296473
5710	-0.205289671003926	11.4611161616746	-2.46620143708424	0.0150818838173285	0.0405786190003692	-3.80894444695149
57102	0.610116044018638	8.53073339750895	7.14101395314753	7.98933034352985e-11	4.7820194664896e-09	14.2976257600488
57103	-0.0989183052133049	9.33628890212024	-0.973526019183002	0.332268731041968	0.463839736083599	-6.2896289862291
57104	-0.0892367927854396	8.6781136258729	-0.900901230206505	0.369462366649029	0.502099234702366	-6.35685712339611
57106	0.287799221153819	8.30989227637883	3.51513860601866	0.000622853194221557	0.00296870593437395	-0.914296933356197
57107	-0.7526509161902	7.98889759530572	-6.04896482447489	1.73638106194198e-08	4.38608794239779e-07	9.08201014695549
57109	-0.0648440347103094	8.2190674455413	-0.656579793477045	0.512720144670473	0.634657334778677	-6.54519277658432
5711	-0.313232612763347	7.76780052315854	-3.63021217932371	0.000418923383649229	0.00216269196808915	-0.545384314041401
57111	-0.565723838751884	9.9345791522213	-5.75194342076792	6.98425950606408e-08	1.40707276878267e-06	7.73840312861945
57117	0.0571960964414321	8.72249328703197	0.931643780222367	0.353408871929523	0.48620207897033	-6.32902548754214
57120	0.118856651394542	8.78908029993148	1.84917559022872	0.0669166953786409	0.13451737742214	-5.08225364805012
57122	-0.192418403694458	10.2123991989441	-2.45017711979882	0.0157352666735376	0.0419123309871516	-3.84622157250995
57124	0.812114472525609	9.81278707573704	4.4383652371462	2.03964571889088e-05	0.000171912996306517	2.30022970288049
57128	-0.528284195691544	8.72053005758983	-5.65468195229106	1.09318237480193e-07	2.06157224106483e-06	7.30655712653751
57129	0.0189819287883207	9.71960074795385	0.234417187523681	0.81506438143117	0.873304770355333	-6.73195953953631
5713	-0.014903448367274	12.1293748563384	-0.24736950992219	0.805048996472584	0.86697584235509	-6.72885619905026
57130	-0.290548431280155	8.86032718668124	-2.80294546222379	0.00591496399133527	0.0189370552590811	-2.97562591709724
57132	-0.0364180634221915	9.94978964478133	-0.575675186736371	0.565922911074591	0.682524393755359	-6.59463599972143
57134	-0.0854037636203545	12.7454297448024	-0.56654227920179	0.572093277245316	0.687944456259472	-6.59981199644325
57136	0.0698688541320931	11.9811201299871	0.805699016075777	0.422025124507395	0.553041874997987	-6.43719594258055
5714	-0.0289733235410659	11.1185961246001	-0.445154433926144	0.657017685139264	0.756687964201105	-6.66078080512043
57140	0.245000397616098	7.48656867897093	2.92715018692412	0.00410001162971658	0.0140581552766538	-2.644695866999
57142	-0.213735102640623	12.2679717327093	-2.85327159030377	0.00510565398443135	0.0167618052112095	-2.84304061205244
57143	0.171015613538809	7.2214727605337	1.7588473162844	0.081176553134946	0.156116025353819	-5.24002978516051
57146	-0.0645702161791179	6.93129015281129	-0.536407540855451	0.592679301600008	0.704798593610145	-6.61630652570259
57147	0.0889559622961742	8.69588481586414	1.40423782957232	0.162855312256184	0.267166808189886	-5.7863265635457
57149	0.140963926299613	9.06283727789948	1.80724004589796	0.0732538711802454	0.143997376475209	-5.15643164248288
5715	0.277798292070396	7.84410360294016	3.53466574009833	0.000582675121842152	0.00280276354822464	-0.852369128172937
57150	0.0294567915183646	6.79333068994403	0.383132195561215	0.70230600704464	0.793600832265581	-6.68630382196292
57153	0.143479131162104	11.8140959971802	1.72214187017646	0.0876446212157035	0.165890140064553	-5.30200236449944
57154	-0.238627211916558	7.20621932606775	-2.74755340288757	0.00693980574636922	0.0216067830625744	-3.11916963623712
57157	0.0950897696940774	7.24583336507337	1.31036205236858	0.192599543919487	0.305684500052445	-5.9111585536101
5716	0.0830441178062463	10.0029185140574	1.07683541130278	0.283734244360768	0.413341244871242	-6.18517402784056
57162	0.25569858163475	8.51660244574345	2.52725572381103	0.0128086280473422	0.0355388873601098	-3.66491223435712
57169	0.152714762239711	8.2235696011856	2.2685297773081	0.0251013541691555	0.0614150430797467	-4.25334288227476
5717	-0.0322677277193366	9.52899164936673	-0.463385587838594	0.643935280438479	0.746722647258435	-6.65255389788375
57171	-0.238051787581633	9.022133367267	-3.5251737923971	0.000601890035779076	0.00288209373654213	-0.882506246639098
57175	-0.153655910480603	9.34195080603253	-1.55933249374429	0.121576014216988	0.213890921710824	-5.56184611345984
57176	-0.265361924245023	8.86413189794795	-2.65983334261337	0.00889649792157239	0.0264715680231225	-3.34132324396434
57178	0.381730227987232	9.75287385602765	3.72865252961689	0.000296322716472605	0.00159875349210133	-0.222291681168314
57179	0.0313616135827185	10.0403083551489	0.518421545258157	0.605127802517833	0.714994530222058	-6.62572389750189
5718	-0.148983292946923	10.052815941826	-2.06854723674538	0.040757038070704	0.0907192346309325	-4.66822238606442
57180	-0.472667850062551	7.3878408731937	-4.92990518490526	2.69525082494295e-06	3.09205164083733e-05	4.22905876158507
57181	-0.16486900032072	9.08205460694892	-2.17203952989119	0.0318381333942721	0.0744572428756193	-4.45792727287704
57185	0.154579765680057	7.16746117150359	1.00746785228756	0.315756269613773	0.447289793690579	-6.2564515748636
5719	-0.0366998154321665	9.2072391143865	-0.477250099855549	0.634060286074003	0.738709751858549	-6.6460772583647
57192	0.187012931661469	8.69704133681053	2.29249760296871	0.0236355449958581	0.0585396106943893	-4.20126105899654
572	0.314136483386997	9.91801643003581	4.37188702407529	2.65449005439914e-05	0.000212668165366992	2.05025010950231
5720	0.0175089608532703	12.2426200295661	0.306500535722117	0.759759753620848	0.833636499057944	-6.71257155955079
57205	0.404773012213445	9.40406143297101	3.53663594366399	0.000578759915470191	0.00278912304654829	-0.846105495779912
57211	0.391687524904431	11.2553952528467	2.31941507263865	0.0220794890705592	0.0553999330871261	-4.14217348254665
57213	-0.105069971581519	8.18928659374338	-1.44185064475453	0.151973795699356	0.253699181988012	-5.73396754972438
57215	0.255084041134136	8.98932101231868	4.93890452039773	2.59411297787914e-06	3.00918723234723e-05	4.26563706104596
57217	0.13364840072212	7.1100623065085	1.56313858265381	0.120678244484013	0.212673842423287	-5.55605333281757
57223	0.060181105094208	9.51714438132559	0.894060790827148	0.373095890953823	0.505374230777071	-6.36292462049693
57226	-0.0374834541221662	9.77448626532592	-0.556748759178668	0.578745725324302	0.69342032073959	-6.6052709174003
57228	0.541987916896948	11.6437575472763	4.32905783886411	3.14134641932526e-05	0.000246415208201583	1.89063527183204
5723	-0.103095562592736	8.32627377265986	-0.824415852739588	0.411354406020803	0.542777538934798	-6.42210070314721
57231	-0.0945853215302954	10.5014742013335	-1.3893694305252	0.167317332762558	0.272861040201131	-5.8066551548578
5724	0.0877686039133111	7.37349496450775	0.838569944592381	0.403393693034825	0.534664939741279	-6.41045782303901
5725	-0.0239283376134132	10.6993012837684	-0.375254118126663	0.708140180758477	0.797877219078573	-6.68927289335762
5728	0.334039545495956	11.1587438841431	3.1971817928903	0.00177837605957442	0.00704189177952287	-1.88290708339574
5730	1.26963088683717	10.4996171824126	5.33481516097152	4.63513873114095e-07	6.93591411580149e-06	5.91663292279389
57325	-0.182812959529027	9.59537183138335	-2.46200664763191	0.0152505437356371	0.0409390611817882	-3.81872389532783
57326	0.33033835104305	7.6689460812135	3.74562593542635	0.000278971637677818	0.00152401172435104	-0.165893372677679
57333	0.401491512836392	8.09128764329271	3.40654899638514	0.00089822766543079	0.00401334350594651	-1.25358309193496
57337	0.468891875893962	8.11415453414732	4.77479861739738	5.17643386023744e-06	5.34466796069516e-05	3.60557273862313
57379	-0.0565947754760887	6.60192581752232	-0.462056906504031	0.644885021071121	0.747295090620391	-6.65316458719774
57380	0.242481946410927	8.53684279071004	3.50424876710145	0.00064637902624046	0.0030631616504568	-0.948712120156434
57396	0.217684874466709	7.97852097338293	2.74546212365171	0.00698148717352081	0.021703832914295	-3.12453973736471
57403	0.12340499242204	9.06789840686154	1.90137011316483	0.0596741958640347	0.122950575663988	-4.98768907139014
57404	-0.0116157537733323	8.79376425736186	-0.220139756742635	0.826139911970237	0.881756773856333	-6.73518720775836
57405	-0.312263879309649	7.91069101274426	-2.07556863181908	0.0400904084880826	0.0895233236311335	-4.6542560741022
57406	0.110160380148074	6.81122672421999	1.32904364781141	0.186378779337498	0.298004010322829	-5.8869838434152
57407	-0.10150927828495	10.2755142748299	-1.49104723722491	0.138597879331987	0.236875332770994	-5.66346870912898
57409	0.176556829625711	8.25916360531995	2.25479534218891	0.0259767442326724	0.0630896522675314	-4.28296170021882
57410	0.016342465958799	11.2702335505395	0.278539989270981	0.781081803518384	0.849847886514663	-6.72070466010693
57415	0.272919651566484	8.35640825134713	2.24203271470745	0.0268140349893507	0.0647235327329154	-4.31033692707041
57418	-0.0851907227453653	10.3536630932861	-0.961134302257259	0.338435538502359	0.470452865248163	-6.30146288222525
57419	0.515771480234714	8.61145850413277	2.56884282189194	0.0114411837266991	0.0324865361452162	-3.5649974010491
57446	0.0509924031718903	8.11139211292388	0.67424714568115	0.501463238705652	0.623915328111982	-6.53353814044058
57447	0.316930458988977	8.04542988873223	2.59137766460255	0.0107563595582331	0.0310222380649208	-3.51024789147171
57448	0.110543184759517	8.84943888848824	1.85549963621448	0.0660018897200483	0.133099513937402	-5.07092797152534
5745	-0.061229474005112	9.37314707379769	-0.418955717487263	0.676004516869627	0.772523147391135	-6.67202685323199
57458	0.302973695326519	7.10164212098659	3.40357145617365	0.000907187812773296	0.00403829729094963	-1.26276384833528
57461	-0.0444782119294646	8.8944160824917	-0.760492970154737	0.448465714410472	0.57640172070335	-6.47224024256135
57462	0.051805561901253	7.01281316948357	0.560302868530271	0.576327272038537	0.691805945063032	-6.60330079728116
57466	-0.194498654874555	8.40118719775417	-2.67142803075324	0.00861199363903185	0.0257922652133441	-3.31232471707165
5747	0.212789012407885	10.4427283102002	3.89366750209423	0.000163527029732137	0.000985936690209818	0.334470411600408
57470	0.0858132626167604	10.3539764273495	1.36358054127637	0.175276280009932	0.283323301933863	-5.84141786965845
57473	0.0767940564996523	8.48914526824646	0.974153677176373	0.331958341690073	0.463719922604431	-6.28902561323335
57475	-0.698763055254187	10.1129380274888	-5.72171080978541	8.03127409536821e-08	1.57573216217913e-06	7.6037253439508
57477	-0.228858297544789	8.84055995093671	-2.36401001773272	0.0196995463071119	0.0503771679556483	-4.04289839176167
57486	-0.0263155401445035	6.8254619160968	-0.296868868997247	0.767084703707675	0.839587953180529	-6.71546084042477
57488	0.150481597133955	11.176042465283	2.02007831337571	0.0456233508491622	0.099642749342697	-4.76343041420962
57494	-0.421479027355938	10.2505116975879	-4.38153585371524	2.55529636937373e-05	0.000206820745225842	2.08636519326913
57496	0.658204913826684	8.53007369399037	6.42530239651212	2.83878886345336e-09	9.3419904430776e-08	10.8340614991069
57498	0.212378829353545	9.13303278	3.17720572574873	0.00189510047439566	0.00741873455853465	-1.94121003291191
57502	-0.335182149515581	7.76945137119184	-1.69194031923481	0.093277036045534	0.174106855285475	-5.35206187629752
57504	-0.19465274211779	8.76628435161777	-3.05720210668372	0.00275996211415854	0.0101637481332811	-2.28494975335463
57505	-0.201657624762219	8.58557484281315	-2.4678651638813	0.0150154524248793	0.0404266997210439	-3.8050615909302
57506	-0.111322200447882	8.14786650595596	-1.35026820758237	0.179495089144925	0.288673955673108	-5.85911560858198
57509	0.0356777892904056	8.75948164698934	0.272043410759566	0.786060560924079	0.85320108189657	-6.72248322293216
57510	-0.238218457516625	7.86371484008429	-3.09531918647396	0.00245202700127734	0.00919788511832464	-2.17698243001179
57511	-0.170893188469229	9.15816058507625	-2.0733496280902	0.0403000670070158	0.0898457634218491	-4.6586746650905
57515	0.163128426846082	10.9990058638115	1.82473528602139	0.0705520316664537	0.139817605941676	-5.12568046722547
57530	-0.418323605653442	7.13242238888703	-2.6074913664017	0.0102895389065451	0.0299371579316881	-3.47083748696065
57531	0.244679659681298	8.03452549418587	2.8255878930636	0.00553735528861519	0.0179366881113575	-2.91622859200623
57532	0.165572907635316	10.4149501963021	1.81436141482127	0.0721439269320326	0.142221679345725	-5.14394829481913
57533	0.2860449350973	8.82935895868914	3.28402502106502	0.00134457712724925	0.00559788662856794	-1.62589233866911
57536	0.113010342151717	6.19091758367893	1.21524773991034	0.2266796830159	0.34718601552222	-6.02907705444629
5754	0.41689472317416	8.19829242442104	3.19283753900634	0.00180317601147088	0.00712301953837852	-1.89561251658705
57541	0.073685065950498	7.96674626581277	0.865918912934835	0.388278878282453	0.519887102384999	-6.38740649678594
57542	0.143699498424913	9.5583315214606	2.00018147504433	0.0477600616050285	0.103380007562247	-4.80190454269205
57546	0.0987213840753746	6.64048183956686	1.32484526015447	0.187763531007092	0.299811862771811	-5.89244565619851
57551	-0.241168428010451	9.10825263291256	-2.39424600469987	0.0182177810280854	0.0473055238264651	-3.97461123537675
57552	-0.0595403738946061	9.56104686747031	-0.604934706254789	0.54637538070022	0.664467114926945	-6.57749931763245
57556	-0.154625873246379	12.051988291814	-1.47968474511234	0.141602620016677	0.240616671741978	-5.67995360059246
57561	-0.228475707112652	9.69907078035154	-1.63386312603672	0.104933268851564	0.190888473302366	-5.44595230778219
57563	-0.434810495518729	8.93050813245842	-4.14716566594659	6.34600548548622e-05	0.000441600718703591	1.22557491996537
57568	-0.221814303038624	9.36765395752493	-2.42401887828225	0.0168561382050139	0.0443130813409977	-3.90660153175298
57570	-0.00169092629362376	11.4056885275604	-0.0244157035611023	0.980561959621075	0.987616362208277	-6.75899793514326
57572	0.412421117284269	6.66373214306301	3.8719510404061	0.000177009976022167	0.00105187223161374	0.260129881197991
57575	0.530517074246831	7.87030079056776	4.36875682434354	2.68745881729776e-05	0.000214684814611987	2.03854622102216
57579	-0.0441004641610347	8.29592607704699	-0.464969708913582	0.642803720721763	0.745515126812941	-6.65182351993614
57580	0.273445264386739	7.40310793296062	2.89061309856995	0.00457210296231491	0.0153264317141168	-2.74333769968712
57584	0.167836274970954	9.50929036549631	2.58633481680979	0.0109063218980096	0.0313998671584383	-3.5225367934246
57590	0.0334999753416901	9.54655270490492	0.44446990548741	0.65751100493615	0.757045009865151	-6.66108329319685
57599	-0.120564299466333	8.65010440364148	-1.74939491702501	0.0828035041793944	0.158598249124543	-5.25610760705059
57609	-0.0385689810077639	10.0869018305205	-0.520454890298563	0.603714542578015	0.713912973757251	-6.62467527482589
57614	0.0197038857481181	8.28602070357064	0.35788698323399	0.721062557841964	0.806933576449616	-6.69560080252352
57617	-0.0880477792810818	8.84163169666668	-0.76825607841951	0.443858527865779	0.572765417930219	-6.46636458832484
57621	0.0256914922602241	7.75139464953158	0.230622719795212	0.818004339351484	0.875789480627771	-6.73283711176556
57623	-0.0384198569534888	10.0098991178146	-0.383268227359858	0.702205422239765	0.793600832265581	-6.68625201419902
5763	0.520371513170478	10.1317404772828	5.11738479733147	1.20479495569902e-06	1.55493848969905e-05	4.99996525821678
57630	-0.034574097042225	8.52925353495764	-0.44745488282326	0.655360928106226	0.755391743223073	-6.65976085438693
57634	-0.0120504688041726	7.98925151109331	-0.128133742855352	0.898259646836902	0.93387346543396	-6.75112611210376
5764	-0.206362352874149	10.6457165521931	-1.84042720422645	0.0681995987801931	0.136465282442925	-5.09786091291085
57645	0.137119542639545	9.68639267746411	2.31986401762875	0.0220543199523277	0.0553535955047787	-4.14118264881322
57647	-0.104017714905586	8.77188629740853	-1.39464561510717	0.165723415747329	0.270903505654649	-5.79946533219088
57654	-0.0769149287942486	7.50010827768237	-0.885647637024298	0.377595428262119	0.510464523313438	-6.37032455888183
57655	0.192375842724439	8.62841538892817	2.00610867909682	0.0471148093093074	0.102336799708357	-4.79048040067559
57658	0.368302862509827	8.35513358905046	3.58237725571424	0.000494541599268451	0.00245487596752248	-0.699896066797864
57659	0.520914263589695	9.41398225092632	4.29362673579879	3.60800783910035e-05	0.000276457743515481	1.75945142307439
57661	0.0881399939704508	10.6169728984401	1.19858331831324	0.233073946326099	0.355135730797561	-6.04884581015858
57664	0.22618517358949	7.33832903190443	2.79695424719621	0.00601873746435075	0.0192171517029521	-2.99127263987932
57679	0.181641477426152	8.1873215473282	2.95888629164697	0.00372675755469246	0.0129995850514188	-2.55814775553716
5768	-0.167071647816614	12.5437465651461	-1.45064933719836	0.149511077039054	0.250702699216928	-5.72152648371632
57680	-0.380494075888746	9.27948345398739	-4.79805165580724	4.69771831548312e-06	4.92425803120439e-05	3.69819641294559
57685	0.638650257710988	7.48348051854112	4.9486760426398	2.48847374089036e-06	2.91971492894238e-05	4.30540334952404
57691	0.136678647285402	7.77186619254952	1.80283326701682	0.0739477751742666	0.145050729741022	-5.16413321378883
57695	-0.117045481008622	7.76943533551903	-1.69713939720291	0.0922869978979519	0.172609164914056	-5.34350439435182
57698	-0.364576233316086	9.55152749623651	-5.68015016143539	9.72544611640546e-08	1.85954131762753e-06	7.419235604154
5770	-0.0532861181102708	10.7507267822226	-0.645165089893353	0.520063422320859	0.641057136005118	-6.55255937417225
57703	0.133644249775106	8.21113866613922	1.48358173207477	0.140566426352615	0.239496427737747	-5.67431347147772
57704	-0.166455132013394	8.5636651902832	-2.30022942844892	0.0231790045572528	0.057598850073077	-4.18435312126599
57706	-0.408421889789261	9.07374838996521	-3.87759416512223	0.000173407981262259	0.00103269641328497	0.279416757034084
57707	0.00974736382362257	8.22794897339563	0.0847874310799949	0.932573012123466	0.957614753871187	-6.75571776647385
57708	0.231827033549337	9.13354462364879	3.1155930687426	0.00230152000833587	0.00872844594529581	-2.11909373927494
5771	-0.0383691707698329	8.57574454655244	-0.460990041411934	0.645648040639551	0.747868856497362	-6.65365367568047
57715	-0.286034671840626	7.04967210228486	-1.8249691648045	0.0705164814346887	0.1397806903409	-5.12526748492036
57720	-0.306169187698697	8.33593419965252	-2.86646588283441	0.00491093841743134	0.0162387315164063	-2.80794011551559
57721	-0.280704622976088	7.21509139250862	-2.87367238060597	0.00480748312755679	0.0159541223919723	-2.7887094101915
57722	0.251004646210578	9.73807963633242	2.5410236126524	0.0123405064167035	0.0344599672082391	-3.63199593213126
5774	-0.0290937669328687	8.31879435129652	-0.368545444691025	0.713122070841183	0.801849755669503	-6.69175272814539
57761	0.34337332664185	9.08999163312155	3.28213019347814	0.00135288153578138	0.00562678826060129	-1.63156138889213
57763	0.120898375422262	10.0047553911396	1.65227121784873	0.101118210106496	0.185278707959107	-5.41653159327442
5777	0.468951966629306	8.33162223217029	4.69770192520719	7.126367218035e-06	6.90889591795412e-05	3.30065195747373
57798	-0.0457053882104307	8.50149539328862	-0.936469135462708	0.350930266719558	0.483436291378177	-6.32457347369593
57801	0.601695247687624	8.63665273140138	6.29966635335914	5.22542860130892e-09	1.55259137578459e-07	10.2433396284191
57804	0.163674556635402	8.91769155218535	2.00065329430841	0.0477084239114361	0.103295303147696	-4.80099631079489
57805	-0.0186540646245941	8.67940979470069	-0.212367723983461	0.832183876000251	0.886032329951286	-6.73685905655535
5781	0.103651728153693	10.417655677813	1.62844556096756	0.106077832532905	0.192588029718756	-5.45455094894142
57817	0.195600975027309	6.88923427030377	1.43694168447492	0.153361322510563	0.255550640293979	-5.74087691188993
57819	-0.0825762679062611	10.4193674098808	-1.12390887769777	0.263316134243608	0.38964372426589	-6.1341557039191
5782	0.202311545837221	10.679293938222	3.11481980171549	0.00230709970803348	0.00874116087664568	-2.12130754863606
57822	-0.461988787274111	7.41734209024861	-3.0937735223701	0.00246386783877439	0.00922288038152181	-2.18138266350752
57826	-0.00158726864240548	9.379077964804	-0.0242337383778564	0.980706798608686	0.98764181376588	-6.75900233973692
57827	-0.147294585144766	8.54989575070164	-1.91677991034423	0.0576662185309222	0.11964907436961	-4.95929672228793
5783	-0.00171468813354554	6.80980069121546	-0.0141167584577106	0.988760494997582	0.992135820909075	-6.75919538640167
5784	-0.298912496346694	8.61937768309826	-2.95508985479306	0.00376970003309862	0.0131161424908992	-2.56854343819829
5786	0.287193347238483	9.97710953254237	4.20968678498903	4.99451965430821e-05	0.000360303339254024	1.45180737343744
57862	-0.14213071271183	10.3820148609184	-2.69865825330291	0.00797594491524364	0.0242210680146737	-3.24378284905948
57863	1.68426530314685	6.94745341995962	10.90247088091	1.3156033454875e-19	1.55241194767524e-16	33.998329009853
5791	0.0151437897383169	9.04119729611855	0.15936519103552	0.873651608916374	0.916712689233899	-6.7466593496787
5792	-0.136278047561013	12.9410836296665	-1.38391258479197	0.168978068458855	0.275026373491654	-5.81406342234712
5793	0.538466641228887	7.91843666669037	3.33281978046732	0.00114644200706901	0.00490008997852531	-1.47897111514517
5796	0.392747616525187	9.23762230087439	2.396829734276	0.0180958656300637	0.0470037264479014	-3.96873943881878
5797	-0.0749601456766063	8.97834375901353	-0.712776349736884	0.477380927412518	0.603761515912939	-6.50705694087818
580	-0.229113560585941	7.78020087192589	-2.15463820643625	0.033207378092753	0.0768542849666965	-4.49395056459914
5805	0.119363093111053	11.0686389077085	1.6525538130432	0.101060526331153	0.185255203616361	-5.41607748314689
581	0.285404665599011	8.71517430129535	2.07431908614543	0.0402083539902659	0.0897097306053835	-4.65674477204064
5813	0.0631970170814044	9.85100805008753	0.815188639581782	0.416594562093434	0.548203135716387	-6.42958533920609
58155	0.0892304089546006	8.04803989745514	1.20530880764517	0.230477903578644	0.351764132217221	-6.04089950802346
58189	1.32808876213489	9.33343419266983	7.34775323590339	2.77408929203698e-11	1.86292500424597e-09	15.3255285608601
5819	0.13718393541369	9.14841088298738	1.46630028621737	0.145206795374261	0.24527773615366	-5.69921613428843
58190	-0.0299137949694875	12.3360794818582	-0.289831733860612	0.772449891957811	0.843526719668366	-6.71751358938172
58191	1.68577315402226	7.42012043456281	7.74101752118455	3.60831254024502e-12	3.38689336163908e-10	17.3092615860803
582	0.292253650716597	8.10916769100351	3.82478905335044	0.000210026735810826	0.00121512078378415	0.099792375842588
5824	0.109827948733135	9.4956422344747	2.08398103487949	0.0393040652112649	0.0880053073041604	-4.63746500650748
5825	0.0612224837372965	8.41016237772022	0.711868006448038	0.477941207535036	0.604144492138621	-6.50769803847587
5827	0.266207655980145	9.34032655034386	2.998872689497	0.00330102917032541	0.011813908555844	-2.44795754660881
5828	0.00887455221793642	8.93992189171517	0.133573820718663	0.893965447750986	0.930932248918702	-6.75041784044579
5829	-0.0274901703838273	9.98367027198829	-0.266704232726782	0.790158979165906	0.856074654762643	-6.72391354265818
583	0.231281324274892	8.86435777027606	2.88045938161472	0.00471187993903148	0.0156936001195162	-2.77055981154516
5830	0.168348816042528	9.00721133587393	2.91627133848944	0.00423566837638913	0.0143977863329112	-2.67417831983041
5831	-0.286145701850533	8.68146857942917	-1.97370244644296	0.0507352496473232	0.108455787289568	-4.85255456301563
5832	-0.448532922072886	9.96729269588018	-6.8449301823431	3.56398972650677e-10	1.6264395105495e-08	12.8457668817123
5833	-0.0931483618296022	8.3897039559091	-1.12280869538045	0.263781309914608	0.390192267173113	-6.13537247333423
5834	-0.00828647795581853	8.68889288442054	-0.0850032823952492	0.932401772880284	0.957610667042097	-6.75569953239485
5836	0.12739302569453	10.8894847250198	1.14278662488357	0.255423524995311	0.381380751348748	-6.11309583792768
58476	0.0862134642714262	7.50668843851657	0.759922438519012	0.448805390224324	0.57644729019638	-6.47266972937831
58477	-0.573387777014478	10.3506991385163	-7.33204449220658	3.00737121427214e-11	1.97149890713396e-09	15.2470425233726
58478	0.0331946995456727	10.55467730349	0.532568540939017	0.595326361675647	0.706996669923127	-6.61834343539142
58480	0.307197836896525	9.99994749588816	2.94832819677699	0.00384731243520307	0.0133412261606958	-2.58703023393127
58485	0.195561257863625	10.1494214579933	2.44786928923095	0.0158314158139045	0.0420744834693859	-3.85157218082229
58486	0.169818074712096	10.1440013142253	2.97614265341517	0.00353718365713576	0.0124434143986122	-2.51075041795046
58488	0.0423962122019939	10.436704566514	0.507111500829167	0.61301600836136	0.721166442852181	-6.63148205526076
58490	-0.0336560969013264	8.40321047154755	-0.42873541562498	0.668891679336736	0.766196820319157	-6.66790834043499
58492	-0.263428798036386	8.12697283673293	-3.47968724231501	0.00070254823530933	0.00328598438485564	-1.0260160706807
58493	0.0412085002198565	10.5471238950994	0.662539335911539	0.508908122573405	0.630978849062792	-6.5412957670964
58494	1.35823576015164	8.851389158493	9.79244355746245	5.83488315057599e-17	2.83506675433869e-14	28.058430100605
58495	-0.22229006284322	6.30400112071319	-1.90647767185673	0.0590022431279517	0.12183963205922	-4.97830232433545
58499	0.215227336560122	8.15567310516794	1.54329798788311	0.125416393368013	0.219335347886489	-5.58610144363343
585	0.0889067029276119	7.72285253948152	1.15689249077544	0.249635723067327	0.375453582034982	-6.09713552120224
58500	0.124890383612755	6.636968163435	1.94805220830597	0.0537657713535349	0.113436850927254	-4.90101677140996
58504	-0.210292438412145	7.16512883793306	-2.17995885620694	0.0312313967724685	0.0732041252385329	-4.44144458518189
58505	-0.202593062294383	12.5768840971479	-2.59565914884208	0.010630498254907	0.0307235533889193	-3.49979760340164
58513	-0.0691365431800815	7.15451510858406	-1.08344167522843	0.280805026630436	0.410159066307232	-6.17814315120405
58515	0.0432202349416309	11.2040271491301	0.710694748226068	0.478665429810403	0.604552974041885	-6.5085249102685
58517	0.0275627820089202	10.7677860756701	0.493986622663562	0.622227154248146	0.728607356689777	-6.63800565345035
58528	0.254693509909285	8.08453225453669	1.53117096400477	0.128383994668996	0.223394100687994	-5.60428604754327
58533	0.211014111941002	10.495824442953	2.85629673179088	0.00506039605142763	0.0166264404871886	-2.83500533452056
5859	-0.000422704374579714	11.5207148127964	-0.00530008040829692	0.99578005146187	0.997107919150812	-6.75928056391634
5860	-0.0508695288356302	9.38473882998277	-0.48107339138289	0.631348615549241	0.736493168005329	-6.64425779894587
5861	-0.0243996529971702	10.4649379799732	-0.336740413785452	0.736906337595601	0.818124509212321	-6.70290188104885
5862	-0.478878053615588	11.4637501759437	-6.33107475590844	4.48845288360003e-09	1.39378273753896e-07	10.3904871856424
5863	-0.133398659859844	9.65134558861287	-2.12431924218247	0.0357151576650483	0.0816064183439278	-4.55607526814818
5865	0.198782413541981	7.92455082426479	1.12956608842552	0.260933224124276	0.387018931812986	-6.12788057921593
5867	0.126958098496547	8.86903774400508	2.33631145885912	0.0211494853555528	0.0533745032193298	-4.10476218202395
5868	-0.0490341081677388	10.4513669195819	-0.620763900928021	0.535943340370509	0.655738704112043	-6.56787663634397
587	-0.386590439612585	9.5211224150576	-3.58437206270168	0.00049114601513817	0.00244095432312954	-0.693485434094
5870	-0.091843256133452	9.60735021310172	-1.49869680808355	0.136603172257184	0.234290324510868	-5.65230220569627
5871	0.436083503401641	9.1891526201989	5.51475625027648	2.06800014420947e-07	3.56611298354285e-06	6.69268837946221
5873	0.0158084022465128	7.7236231702304	0.171867291540483	0.863834096112595	0.910131014620623	-6.74459940232482
5875	-0.263685939459127	7.88015511520348	-2.75782239288376	0.00673839983512052	0.02109695642554	-3.09274823423853
5876	0.0473506448653709	10.0391736559947	0.660355586343748	0.510303210333096	0.632328910493755	-6.54272780179154
5877	0.0972521236593143	8.5106506532565	1.40620139224519	0.162272902780252	0.266364616348089	-5.78362626988631
5878	0.303661122390147	9.94986101737264	3.25149834529026	0.0014939562308434	0.00609687671282928	-1.72282937687876
5879	0.256413817734207	12.3023488840869	4.77148306316491	5.24843306166919e-06	5.39876177950032e-05	3.5923905661598
5880	0.469739786162566	8.67449115071566	3.85131991333223	0.000190794565514568	0.00112008749904075	0.18980246721961
5881	-0.236621593463138	7.34514077905431	-2.0204363901866	0.0455856566838635	0.0995946864229489	-4.7627347531882
5883	-0.267771967111486	7.52997171121029	-3.22642013922724	0.00161954844039552	0.00649310850842276	-1.79701840270129
5884	-0.124915024669381	8.42665438409569	-2.1894483496308	0.030517616150943	0.0718573287932694	-4.42162103533654
5885	0.231539938863773	11.6212238190389	2.54329071133961	0.0122649117571788	0.0343417529201006	-3.62656038691322
5886	0.0257740694383731	10.4886396372091	0.462354035591278	0.644672582362651	0.7471580651488	-6.653028172219
5887	0.129121355187174	10.6741570111748	2.16079602887786	0.0327171169972398	0.076103459982315	-4.48123355445858
5888	-0.0270218388625742	9.2518116662101	-0.208118891467834	0.835492281279157	0.887838189034586	-6.7377476437767
5889	-0.446933106282806	9.93994892800938	-3.74723115766116	0.000277381557334397	0.00151733222753783	-0.160549204977304
5890	-0.011304030601951	6.67841843068408	-0.144459890694371	0.885381950500353	0.924675042500053	-6.74891213917533
5892	-0.0265074128285257	7.09470771555026	-0.253788825709719	0.800097128453019	0.863782810223753	-6.72725637146418
5894	0.0141409401810986	9.94973934643253	0.349063252279048	0.727659345674476	0.811348028519327	-6.69870122348032
5898	0.0366973003742907	9.91473379807463	0.551297559878143	0.582464439917967	0.696865045440673	-6.60826840316582
58986	-0.0244930379280956	11.1026860646015	-0.167656176967029	0.867138656073416	0.911847905686367	-6.74531061920445
5899	-0.169261326209098	10.9914285256618	-1.62026822395852	0.10782441411426	0.19499662955568	-5.46747813796212
59	0.579113261512568	12.1536626751329	3.16868694223707	0.00194701260298693	0.00757528219532364	-1.96597980905192
5901	-0.183353717966572	12.2302434983304	-1.45170489089264	0.14921771518259	0.250363259680722	-5.72002905909775
5902	-0.0970888862003297	11.2398131172823	-1.10102451165695	0.273110375165914	0.401404216880863	-6.15922486409098
5903	-0.244454695524188	9.39278593155568	-2.15982614088245	0.0327939166712754	0.0761962733346651	-4.48323877129547
5905	-0.217064064143422	9.99229941772974	-2.84518917982094	0.00522839480706093	0.0171035806361676	-2.86447248780962
5906	0.0534326402794666	8.2183536618048	0.650857499119288	0.516394543841031	0.638086663224147	-6.54890175140892
5909	-0.638911521957395	9.4730032847255	-5.47172963158371	2.51152552168792e-07	4.16052114038566e-06	6.50573064133654
5910	-0.00632562104894457	7.76996911952224	-0.0725893882217287	0.942254862847214	0.963245688999751	-6.75667286843806
5911	0.467800526074507	8.23121413073685	5.4006374545449	3.45607051354404e-07	5.39929685413362e-06	6.19872779323647
5914	0.591137213191451	7.89233069872318	5.84865653169778	4.45621686657551e-08	9.61053559214457e-07	8.17186879298758
5917	-0.0726804296176764	11.8163379787777	-1.25660149711047	0.211361595282544	0.328819037536052	-5.9788706880993
5919	1.53082393914743	8.3929583139818	7.40181725675082	2.10009282319675e-11	1.49541092410389e-09	15.5961139813882
5920	0.659828562596211	8.37493322545108	3.54627715000379	0.000559955890519357	0.00271434017352693	-0.815413774760442
5921	0.0398641856428843	13.1180793491838	0.395594546991917	0.693113198440471	0.786741104729736	-6.68148139111102
5922	-0.209116434204046	7.34682865167158	-2.38097934334903	0.0188553193921016	0.0486398932475825	-4.00467063044577
5925	0.495432469685982	8.20538484517081	5.31515401791677	5.05793587634148e-07	7.46045541760368e-06	5.83277790239886
59269	0.238717305131783	6.99711060699998	3.38046013564546	0.000979641967058063	0.00428366471566946	-1.33379972829042
59271	0.391193208903957	7.53229448403866	2.59612483495249	0.0106168889236587	0.0307057081615619	-3.49866002505858
59272	-0.395671566381301	7.71992328045642	-4.76307047332798	5.43550157027126e-06	5.56347496535819e-05	3.55897099392385
59274	0.145764789731834	7.90544022362043	1.62763583957744	0.106249759565486	0.192741951391418	-5.45583377649518
5928	-0.0439141619720117	9.59388355505155	-0.678710189403479	0.498640683113353	0.621513813568175	-6.53054541811109
593	-0.145844586776096	9.26372537190649	-1.55234317445826	0.123238401690821	0.216033361198255	-5.57244841008359
5930	-0.0963864758212041	10.5613131296049	-0.723775107593571	0.470625687569111	0.597046256999056	-6.49922983874216
5931	0.125875264857235	12.6278141398812	1.94858055282936	0.0537018379303984	0.113359872554329	-4.9000245358224
5932	-0.13230198613763	9.2185771040439	-1.78052439989569	0.0775445742000247	0.15095879870191	-5.20284850273211
59338	0.0938398246661771	11.1172364816961	1.01351594951465	0.312872188672653	0.444251463163343	-6.25042237324657
5934	0.0157051966659251	8.5404895594376	0.243476326012963	0.808056079521167	0.868741795762702	-6.72980651714556
59341	0.183896144789896	7.02352011807082	1.88620047802095	0.061707923605572	0.126165210144066	-5.01542841900071
59342	-0.091803410537103	8.96570230926545	-0.802158419983427	0.424061994204616	0.554853714605593	-6.44001289757982
59343	-0.166594426541128	9.26262320464295	-2.38425061361383	0.0186963073959229	0.0482749293811577	-3.99727271413522
59344	-0.00792107551153362	6.10413153689203	-0.0785200494614047	0.937546398994177	0.960619651794983	-6.7562269910781
59345	0.201280770956297	8.23843621073025	1.92868074372036	0.0561546758219357	0.116953510410789	-4.93722230272614
59348	0.202465618454517	7.54696303654245	2.88221452814286	0.00468744179231195	0.0156248059743732	-2.76586020402913
59349	0.267005671611819	9.043650377711	4.26648683018045	4.0098405507008e-05	0.000302477469851951	1.65949646776698
5935	-0.10716250736782	10.0938416553821	-1.32906908866749	0.186370411552512	0.298004010322829	-5.88695069550116
5936	-0.0898095442425672	9.60819000800356	-1.12877472597471	0.261265647442639	0.387303346711449	-6.12876023368836
5937	-0.282138442346178	12.7407828269065	-3.50592695218525	0.000642699814901631	0.00305448818819763	-0.943414182652492
5939	-0.267678560648874	8.52726314911132	-2.87390033669297	0.00480424345204261	0.0159541223919723	-2.78810041993714
594	-0.242396123369909	8.06971473273897	-2.07303129840148	0.040330220897726	0.0898887276349748	-4.65930817883907
5947	0.530225378114651	8.5089574139029	3.35499269867828	0.00106574970846955	0.0046054041214944	-1.41161632678333
595	0.81237701921016	9.18977804424707	7.58928332356752	7.95836538402515e-12	6.57360980720478e-10	16.5397339508276
5955	-0.0973860705017297	11.8279058277648	-1.12410690549344	0.263232465662768	0.389589709079818	-6.13393656712252
596	0.419339641018792	9.09317260247113	3.69414277386652	0.000334805748039481	0.00177845368411969	-0.336335838664979
5962	-0.133762241676932	10.2266224673247	-1.80304371068115	0.0739145148330877	0.14501992696468	-5.1637658332716
5965	0.0645952351082512	9.08696420480516	0.900324614338239	0.369767792642388	0.502122461434442	-6.35737034438733
5966	-0.152331425046982	7.88550417257635	-1.98714302144973	0.049205975193737	0.105926858248702	-4.82692381388664
597	0.785085502859075	7.6285437597238	6.33712141256513	4.35881692942746e-09	1.35863501271965e-07	10.4188565755045
5970	-0.0907831099117232	7.59153709268158	-1.1379848476025	0.257415134507423	0.383453383414124	-6.11848520464749
5972	-0.477650554894604	8.53219978396605	-2.11862359184655	0.0362040880271589	0.0824953840287814	-4.56765495858461
5973	0.89201479143138	7.45076882371527	6.68575753037773	7.88085407899798e-10	3.14472727983205e-08	12.07599105067
5976	-0.00473697438762582	9.51820696519027	-0.0608471708982889	0.951583101528063	0.968586126755613	-6.75745242964699
5977	0.128727739849437	9.69100671288001	1.52181539324577	0.130710942681655	0.226298970142626	-5.61822063731746
5978	-0.262278626631755	7.30211691138432	-2.87710618635954	0.00475889382884564	0.015831036257054	-2.77953147234484
598	0.332538324856465	8.8477183914558	3.6037377204383	0.000459306408571922	0.00232467581789465	-0.631102166349217
5980	-0.0929050681942671	7.40741482796938	-0.97019101248642	0.333921141541412	0.465359984668814	-6.29282853818734
5982	0.0972697736956514	8.76516933906334	1.08390747939506	0.280599276624672	0.409931026692571	-6.17764581698839
5983	-0.373871120044303	8.47659171200919	-3.76146821592361	0.000263650331787952	0.00145183449371232	-0.113071977997866
5985	-0.313119471075089	8.71605542185984	-2.94065893784666	0.00393712026441398	0.0135842161169839	-2.60795428551394
5987	-0.232937838393919	9.28676257298129	-2.93239455711172	0.00403605212899024	0.0138734043218724	-2.63044938195238
5989	0.23447926802329	8.2016475039416	3.16787378576672	0.00195203636313054	0.00758768016915682	-1.96834126933599
599	0.212273791658019	9.46301087766363	3.45614067184763	0.000760682345826901	0.00351804937095756	-1.09971059848667
5993	0.254887268778133	8.0804866950594	2.89791196099408	0.00447398678273611	0.0150775727561813	-2.7237181617083
5994	0.115579322911561	7.06918581309901	1.93973267849986	0.0547810072374562	0.11479343525178	-4.91660765951158
5997	0.60706838288368	10.3261139087466	2.98379484744666	0.00345599627793309	0.0122529598408796	-2.48965664339068
5998	0.116125536608344	6.79388211319384	1.70095659906079	0.0915655590933351	0.171581560369997	-5.3372055141068
6001	0.630120198498924	10.5499396861881	5.56600694367284	1.63897544938346e-07	2.94302982867551e-06	6.91649795185639
6004	-0.859053282564309	9.41153535471459	-3.23369714088487	0.00158212694472598	0.00638373338906901	-1.775540239242
6009	0.0203583597170915	11.5715176167732	0.390137233831798	0.697133233738485	0.789676427685118	-6.68361209995656
6015	0.0446859184508123	10.4785934308895	1.11462171522745	0.267260934043072	0.394139495660735	-6.14439039577656
6016	-0.140012443205997	8.8426752443078	-1.46950666013517	0.144336965400162	0.244207975052301	-5.69461697672109
6018	-0.0992230342699202	8.26851292471583	-1.27621799558437	0.204366212349237	0.320133683672425	-5.9544830345157
60313	0.163088303343373	9.29016892370943	1.66185995625956	0.0991757275159512	0.182477370805925	-5.40108177786944
60314	-0.0023823748329828	9.25388395627616	-0.0257375984551971	0.979509789557151	0.9868846162366	-6.75896494866107
60343	-0.152451024140715	9.94385979810368	-1.98537755302212	0.0494045894324295	0.106188370729083	-4.8302997857201
6035	2.16519267206002	10.54550437052	5.94351987198269	2.8573467575425e-08	6.64836175135241e-07	8.60086080984437
60370	-0.234046306498834	11.0637296858241	-2.38846540528282	0.0184931840759067	0.0478551693192323	-3.98772745484633
6038	-1.39924164682913	7.84776827314508	-9.30814509222082	8.21370071949549e-16	3.39225839715164e-13	25.4804489655987
60386	-0.272715891298078	8.27809012180114	-2.286686944407	0.0239838280625115	0.0591892500138466	-4.21393353924801
604	-0.401407220913479	8.97599616638411	-2.0956697592193	0.0382335069825613	0.0861453266982969	-4.61402977406077
6041	0.341105747184628	7.87132791445663	3.60915855874553	0.000450749436598325	0.0022940174653741	-0.613591635805609
60412	-0.0190057927555483	8.92892810065852	-0.388380265706609	0.698429315100522	0.790710820001414	-6.68429179425866
6046	-0.0388896607469346	11.7877680107622	-0.534401509844142	0.594061814775233	0.705972054587043	-6.61737270868915
6047	0.00559305569538889	9.51679623599921	0.101033888472379	0.919693765792194	0.948520049786805	-6.75421578735227
60481	-0.0730646203258365	9.02768470483388	-0.778610644549558	0.437756188316955	0.568085799764029	-6.45843559895253
60485	0.0955906203828778	9.25610757582765	1.17700315799804	0.241545518050628	0.365749950338806	-6.07405013489432
60488	-0.0800871113060329	10.6921314703966	-1.1452492098679	0.254406348945339	0.380171104432353	-6.11032329912894
60489	0.216199790724017	6.84705900097818	2.17698738784651	0.0314578670128594	0.073651355307885	-4.44763566007947
6049	-0.155700311391264	8.23287416899571	-1.38917566612326	0.167376089578614	0.27290298063943	-5.80691869440692
60491	-0.0703760483765545	10.7593536576928	-1.48793608684759	0.139415615810477	0.23806187464593	-5.66799449077406
60492	0.163883141038776	10.4111055441179	3.18113242139278	0.00187160783409523	0.0073372001469514	-1.92977367682389
60493	-0.164669360093318	9.62377085085278	-2.57617784231077	0.0112140903690777	0.0320291792699107	-3.54722346367586
60496	0.243127818922331	10.3224586841683	3.30982684067728	0.00123613372035051	0.00520942067862001	-1.54842672203273
6050	0.196742748829971	11.3075012301361	3.23573958283791	0.0015717696172497	0.00635789277104921	-1.76950467488475
60509	0.0599110258995275	8.30311552258247	0.919529010662015	0.359681032224832	0.492369241311882	-6.3401030442788
6051	-0.284423911313653	10.0954130081927	-3.99287790570146	0.000113438223082242	0.000731459580530305	0.678142180997547
60526	-0.097175455105776	8.32111656018393	-1.15986945670257	0.248426191321765	0.374179493128698	-6.09374272493113
60528	-0.089958637045902	9.0616590081751	-0.826725777058357	0.410048820684298	0.541400776670764	-6.42021397968625
60558	-0.296686767101258	7.66898880009762	-2.9782729426599	0.00351440722390263	0.0123901491702236	-2.50488281000647
60559	-0.840800265934184	11.7077976943359	-6.99650324145085	1.66258678176462e-10	8.91751092037387e-09	13.5858923352639
60560	-0.281696643879133	9.12967487125701	-5.23885918782147	7.08506380599011e-07	9.98679642277787e-06	5.50917747701892
60561	-0.163760717081402	8.08756625613557	-1.97941046264867	0.0500809322784453	0.10730700405187	-4.84168943264531
60592	0.29260275771794	9.69618732519748	4.850735633625	3.76657622674618e-06	4.12624928818613e-05	3.90916468665173
60625	-0.00618155021203945	7.66911601017983	-0.098489797783058	0.921709252732387	0.950082106986819	-6.75446832845999
60626	-0.0107080500078101	10.8074343388874	-0.194166469707011	0.846376947541996	0.896061726057023	-6.74053938905277
60672	-0.117714813474186	7.87733948680709	-1.17736216801214	0.241402811707684	0.365600884617798	-6.07363449023094
60673	0.0861744524551006	9.70638043271344	1.32347601308518	0.188216807806662	0.300361443679101	-5.89422332545579
60676	-0.94709953713215	10.0357952145128	-3.99625545310946	0.000112022481755875	0.000723460280925352	0.689958297056963
60681	0.166605190892838	7.74669976990808	1.09052394112245	0.277687918529237	0.406396563970854	-6.1705588666368
60682	0.126639128343513	8.49665279640105	1.89969940526819	0.0598953855220663	0.123283300376842	-4.99075438463791
60684	0.192563295063672	9.53191747168188	2.92246618228155	0.00415792309336273	0.0142213021744001	-2.65740148093053
60685	-0.00310344769834966	8.37259400611994	-0.0446285101787873	0.964478296974195	0.976944462940393	-6.75830356506859
60686	-0.114448698894821	7.54574012390411	-1.96717433955812	0.0514924503860188	0.109790304643396	-4.86494473155985
6091	-0.091545534284119	8.36451759016428	-0.792907435668475	0.429411395399139	0.560160790587001	-6.44731520636339
6093	0.258192481886281	8.41318355621979	1.88500954899344	0.0618700171131609	0.126371498851313	-5.01759731292594
6095	0.504694903991946	6.68443960872783	3.74129320916327	0.000283306784636261	0.00154259330329302	-0.18030906754059
6100	-0.0650803042825003	8.57670109840953	-0.972854126920152	0.332601205456326	0.46412677276004	-6.29027445795079
6102	0.236389396859587	9.2154424559368	2.62897937196101	0.00969544713261485	0.0284491628118645	-3.41794455693843
6103	0.1283654665553	6.63079072100418	1.77795131365885	0.0779685565346397	0.151569846311161	-5.20728452590485
6117	-0.117203096830254	10.3759645604887	-1.51042684480745	0.133588103627512	0.230314701724745	-5.63507242099099
6118	-0.249121918847193	10.907257889828	-3.75064630764378	0.000274027188348394	0.00149997652469035	-0.149173372270424
6119	-0.220467064681181	11.0472049721017	-3.00956819600617	0.00319501645789088	0.0114994062272754	-2.41826894911123
6120	0.120984929929142	9.32084746914746	1.85878265433134	0.0655311143008732	0.132311660749258	-5.06503406720877
6122	-0.156621670126785	14.493449761842	-2.58445965305032	0.0109625629853468	0.0314849687965803	-3.52710092909701
6124	-0.284485450810004	13.8039313761051	-3.6766196082844	0.000356114668448329	0.00186919051433827	-0.393923444831944
6125	-0.100246287814302	14.3442255432916	-1.94100215587105	0.0546250534742978	0.114605776402769	-4.91423269032733
613	-0.148248569265503	8.99407592448236	-1.48272772138674	0.140792997775981	0.239734108767183	-5.67555070808674
6132	-0.112449801674418	14.2312202407352	-1.70946247606865	0.0899744804733065	0.169291391505584	-5.32312126942094
6135	-0.176075148919906	14.5464770972449	-3.18049540519593	0.00187540047539487	0.00734509621942231	-1.93162977022733
6137	-0.0728404015044296	12.7693546977136	-1.06138599763686	0.290666081896106	0.420915469225428	-6.20145181985992
6138	0.0781732294355271	13.2483498707924	1.43438466514076	0.154087922738989	0.256554372470077	-5.74446690605662
6146	-0.0995277202748703	12.1067149327234	-1.62198056178664	0.107456783199339	0.19451962069396	-5.46477632925806
6150	-0.259062306373795	9.80996078231497	-2.34105570713828	0.0208946463435139	0.0528443903237676	-4.09421317007794
6156	-0.0253559034481627	14.4619382758059	-0.470735498500064	0.638692234808449	0.742728123260282	-6.64914416522216
6157	0.00953864795367013	13.8105901127943	0.184194666146212	0.854174583824967	0.902466367663626	-6.74241606619818
6158	-0.0650509549724455	10.9804925171854	-0.748467801361876	0.455656320125703	0.582799814840246	-6.48122505057885
6160	-0.0272517995796307	14.2606250244559	-0.409290831644981	0.683062742398487	0.778113122632948	-6.67600392847158
6165	-0.117419665045729	13.9330523375183	-2.04611577571825	0.0429508493310583	0.0946568878000378	-4.71254601237377
6167	-0.231869024111194	10.8368827581021	-3.53203032632203	0.000587951288525197	0.00282189287810467	-0.860743179446603
6168	0.0126964340561672	15.2298942821953	0.277494178270006	0.781882670107667	0.850342443066403	-6.72099380168759
6169	-0.0808515040163509	14.8508894569421	-1.440811172724	0.152266793738812	0.254041116719456	-5.73543250493252
617	-0.431911399806772	8.70961379408769	-4.73919744776859	6.0022378130596e-06	6.0022378130596e-05	3.46435073558122
6181	-0.040378582911399	15.1122212221045	-0.883516818651183	0.378740389215474	0.511677398580277	-6.37218780196866
6182	0.0569241531973278	9.39178863316802	0.624313406231169	0.533618098246706	0.653668321447099	-6.56568497328556
6183	-0.244022068038986	10.7309902859765	-2.71557584934905	0.00760254873146228	0.0233099675285369	-3.2008900865009
6184	-0.288204368268063	12.5421917261665	-4.33534787841379	3.06481286532368e-05	0.000241098612072129	1.91400578243792
6185	-0.201892534891909	12.8005581588908	-2.2657092543837	0.0252789856341612	0.0617216734667963	-4.25943889086266
6194	-0.111307666268163	14.9994499252286	-2.33772972056217	0.0210730171064384	0.0532303123239087	-4.10161066706655
6196	0.772820264809579	7.54186374600578	4.77042804679083	5.27154629741623e-06	5.41579258913657e-05	3.58819726427789
6197	0.204760214723069	7.77526464735721	2.14592621403898	0.0339118607373167	0.0782217173108729	-4.51188511223493
6198	0.235071685004871	9.63857948644265	4.22722325177647	4.6680860452986e-05	0.00034101240302583	1.5157113413685
6199	-0.0552296892989476	9.75911585143059	-0.681149460703729	0.497101641014632	0.620157008726909	-6.52890146992227
6205	-0.034109082657365	15.2993725403012	-0.836469911452144	0.404568880861834	0.535620925776366	-6.41219764307538
6208	0.00318511668731079	14.4540714697725	0.0656528200714625	0.947764517197843	0.966485791611627	-6.75714996849356
6217	-0.0442476838463868	14.8566128334311	-0.868381288459184	0.386935363897654	0.518845147044581	-6.38529521717432
6218	-0.18334478923301	14.9473588037583	-3.97893370008508	0.000119466079917379	0.000763178515172118	0.629439786972053
6223	-0.0935218200189481	14.8103441045575	-1.98625938440071	0.0493052989097142	0.106095623848501	-4.82861387688918
6224	0.0254891333299454	13.7922244792765	0.44993276939072	0.653578302267201	0.75398837663786	-6.6586563719933
6227	-0.123698829628377	12.9942770295666	-1.32393706797857	0.188064088568515	0.300175723976025	-5.89362494526604
6228	0.66320488214219	12.0653801873289	5.08154429721969	1.40717714912849e-06	1.79095273525444e-05	4.85116506109217
6229	-0.110500729227398	14.8609652602691	-2.24992556822035	0.0262934856471831	0.063597127802557	-4.293423949605
6233	0.0053893453802959	13.951693211226	0.104671034348005	0.916813245842958	0.946476581153002	-6.75384356014537
6234	-0.0154128574091875	14.0066229713604	-0.265703363731205	0.790927916808938	0.856584000102101	-6.7241785153561
6235	-0.090355397933205	14.3226070808792	-1.96918784265689	0.051257887420083	0.10937487731591	-4.86112725508375
6236	-0.111244007867745	8.22371283896826	-0.675381808290623	0.500744834553255	0.62331627639652	-6.53277914245864
6237	0.601440683990673	10.3211818507602	4.8076053535078	4.51373493352339e-06	4.755542162105e-05	3.73633905596296
6238	0.0117011146163082	12.0887976124538	0.163997771554847	0.870011404294861	0.914286793826406	-6.74591417453851
6239	-0.272181692833559	8.5235908260202	-3.60467468537296	0.00045781648905082	0.00231855560978527	-0.62807706336689
6240	-0.174300642979439	11.3077511941816	-2.09578781667464	0.0382228235637406	0.0861453266982969	-4.61379245506181
6241	-0.727874381520048	8.67875439792808	-3.69940885073144	0.00032864181322692	0.00174908593895255	-0.318987223999158
6242	-0.0882934099838149	8.69471523529608	-0.97591973877285	0.331086007531046	0.462814422441436	-6.28732583012891
6249	0.107254195881972	12.1086989289475	1.25052131273071	0.213565025059571	0.331276452017288	-5.98635505800289
6251	0.0959547890326443	10.5080878861448	1.4688302091791	0.144520136628236	0.244467812522881	-5.69558807017362
6253	0.00655931671737491	9.17816474694874	0.0688275382577752	0.945242536673168	0.964916916790942	-6.75693755154344
6256	-0.105280880572633	10.5706822318502	-1.45068310717172	0.149501684716538	0.250702699216928	-5.72147859338634
6257	0.180898397008068	8.99815697773062	2.81497127071134	0.00571157834162589	0.0184215685676805	-2.9441308777341
6272	-0.05287728137224	9.78529776266323	-0.699555335454784	0.485571657197173	0.610953297842211	-6.51630820718311
6275	0.659805203173572	11.1364393779291	3.68640456963321	0.000344062359175218	0.00181710683298421	-0.361793174591386
6277	-0.199992345725579	13.1188313027242	-1.93062312791436	0.0559111699119023	0.116636425621698	-4.93360727173132
6279	1.07523740809751	8.32138609065994	4.09910823133009	7.6164210462986e-05	0.000516515910036342	1.05339145067199
6280	0.700273839136486	12.3933425904767	3.2846175377016	0.00134199011023638	0.00559275394074293	-1.62411905631944
6281	0.107141393099714	13.1110022770505	1.03264011583668	0.303868606673994	0.435494439575643	-6.23112468674641
6282	-0.1159250598956	13.3966917546581	-1.84953451466652	0.0668644936346336	0.134510647204597	-5.08161182976389
6286	-0.0554764678578248	15.407565636014	-0.665087665727632	0.507282685269168	0.629915057322384	-6.53961871905031
629	1.21442643356515	8.90666423289827	4.71333321849452	6.68083119697197e-06	6.53834901504603e-05	3.3622021075555
6293	-0.104805801992414	9.07938516996809	-1.47160861632787	0.143768941792062	0.243546238556693	-5.69159671915875
6294	-0.0958428456111018	9.27736006357025	-1.55845480426875	0.121783789798559	0.214136914010708	-5.56318001454914
6301	-0.0589041410541062	10.5579533967115	-0.970414011691916	0.33381048398074	0.465284272305251	-6.29261493339459
6302	0.07252668922131	9.41301853372125	0.888334329316478	0.376154859921423	0.508930385964378	-6.36796893301374
6303	0.180996020548283	14.7530213566749	1.84227684140548	0.0679266655913487	0.136183072277801	-5.09456695192426
63035	0.0377839296258304	8.77528945261153	0.328491480288227	0.743118015040081	0.82280895499076	-6.70562962347384
6305	-0.0454061781661074	9.19894215700363	-0.688323140796637	0.49259034555933	0.616555921388118	-6.52403285911424
6307	0.280015317774092	9.67014885938472	3.01862358724253	0.00310772606259446	0.0112193257329678	-2.39306223613829
6309	0.0661017866356717	8.59105084686852	0.842329571557227	0.401294967398973	0.532224860423172	-6.40733230908417
6311	-0.0149446650511798	10.5762584502876	-0.24769096600702	0.804800834601386	0.866821605660118	-6.72877705923271
6319	-0.0359233031353109	9.78078665837344	-0.309841206861144	0.757224200016831	0.832079146080169	-6.71154792300287
6320	-0.106287081259191	8.22948287777436	-0.810169077725739	0.419461854779045	0.550660349725828	-6.43362196661238
6322	0.74928763269242	7.84181413077224	5.48812361844702	2.33252585733599e-07	3.90804535123637e-06	6.57686355262088
633	0.748025029711118	9.89808476677881	5.19908395224843	8.43682689600477e-07	1.153777982798e-05	5.3416205389308
6338	-0.429712731475127	7.95763701413725	-2.72620408926097	0.00737615761503985	0.0226916431658209	-3.17382246973988
634	0.0485561852290074	7.59032493202058	0.270895940257484	0.786940871261525	0.853595744795824	-6.72279300910087
6341	-0.125262405896576	10.6649182664986	-2.18502229423883	0.0308487502737511	0.0724923690643482	-4.43087694017791
6342	0.0109171521611327	9.02140270635237	0.116106548974005	0.907764010269907	0.941030462453493	-6.75258750895104
6347	2.1318613331439	8.09046843181321	8.13698335293925	4.48411764635691e-13	5.97400189659807e-11	19.3391485031873
6352	-0.695108865628264	9.23446127255802	-2.84703681196959	0.00520010070096623	0.0170329594630349	-2.85957784520735
637	0.725457738116848	7.80355070890844	6.89412436188668	2.7846340242032e-10	1.33727192092549e-08	13.0852402542011
6376	0.0102649189204619	5.99253212411975	0.136306196539975	0.891809788565626	0.929156010791129	-6.75005099288374
6382	-0.238292420379036	13.6361355982838	-1.85287660516702	0.0663800501452269	0.133759492978709	-5.07562995997859
63826	0.483156309894579	7.8410487335735	3.86984250496257	0.000178374043974029	0.00105845517473095	0.252928971535865
6383	0.75532610097971	7.97172934635673	5.95138397573759	2.75355744738505e-08	6.46147287369334e-07	8.63659024349686
6385	-0.400840250230418	9.76594490119226	-3.33531466737398	0.00113708499202993	0.00487153632477552	-1.47141080297061
6386	0.19930410860569	12.0194281094903	1.57697251571631	0.117459318930899	0.20851364160095	-5.53488434618037
63874	-0.101345781447537	8.91923670979743	-1.13786299489821	0.257465816319275	0.383459726432963	-6.11862167958579
63875	0.0211874207356266	10.1625591588073	0.228298242928261	0.819806630694086	0.877037011984606	-6.73336764200951
63877	0.122509095089159	7.35687852422073	1.96950737527925	0.0512207468885112	0.109323868035944	-4.86052110505858
6388	-0.293295685107837	11.2836429397344	-4.38252092568063	2.54537267471048e-05	0.000206498972318685	2.09005548366221
63891	-0.0906405917616044	8.50824697860103	-1.37623875991652	0.171334667620741	0.278313540717271	-5.82443373574227
63892	-0.0480505901282436	7.6766081574811	-0.723238581241036	0.470953967918402	0.597279253033318	-6.49961440589242
63893	-0.349882686019022	8.13978058541812	-4.24706372504011	4.32346178253472e-05	0.000321149229530007	1.58824640613168
63894	-0.0268562796793838	8.53154546359481	-0.434663641299267	0.66459459423017	0.762574659520258	-6.66536567716849
63897	-0.208384860677394	7.25643971858672	-2.32981168927969	0.0215030727863358	0.054134526429483	-4.11918300547971
63898	-0.535041213793684	8.26615427173662	-4.94182234457494	2.56212042195649e-06	2.9807203782198e-05	4.27750608873536
63899	0.0475148721298894	7.04766353822763	0.751694450174443	0.453720479829532	0.581313969814167	-6.47882812741779
6390	0.155152697453738	10.8238922668912	2.01061098230688	0.0466296516703532	0.101518429835824	-4.78178153429592
63901	0.760832996320322	9.03771769770401	4.48972752444661	1.66110921503488e-05	0.000144125652480967	2.49520421861897
63905	0.0213885263578627	10.4972005853911	0.373939491516722	0.709115440365713	0.798867094574576	-6.6897623556692
63906	0.144481165637611	7.93288923617166	1.92309621953763	0.0568597630949128	0.118183604218415	-4.94759680571872
6391	-0.194618449910246	9.28391311005905	-2.43905120462522	0.016203632583318	0.0428564386297845	-3.87197460599743
63916	0.152595126281942	8.73198155284467	1.53775986369382	0.126764841432055	0.221135710713575	-5.59442301496008
6392	0.115415282014241	10.8062019943359	1.61101480697329	0.109828560341731	0.198038367384704	-5.48203139369997
63922	-0.4152617029303	7.97807066607315	-3.99108227419703	0.000114197825655527	0.000735209695958421	0.671863379615406
63925	-0.0271946437292081	7.12031135768802	-0.345330252362085	0.730456404130908	0.813807647440154	-6.69998964959363
63929	-0.0516047375989948	10.1496147739447	-0.859834069237033	0.391611194243583	0.522973252351023	-6.39259835020538
63931	0.133871396154779	8.80050460573739	2.01309350485738	0.0463639665651936	0.101073202382819	-4.77697728642285
63932	-0.0264013020525385	7.63470698703176	-0.318709326194256	0.750506228682122	0.827771591522811	-6.70877684922514
63935	0.0898646721863597	7.36065577659582	1.0758611503101	0.284167998255801	0.413827162481121	-6.18620734165224
63940	0.767548723639035	7.91882310162256	6.73010328708825	6.32249221663054e-10	2.55998949555727e-08	12.2896586781553
63943	-0.353398250773109	6.77212325819209	-4.80095236073696	4.64110151469294e-06	4.87728988694195e-05	3.7097719531161
6396	-0.176718883506555	11.641124466712	-2.25821133646783	0.0257565582398884	0.0627023787390152	-4.27561038320251
6397	0.320606418718457	8.85326011831623	4.00016842906085	0.000110403409841956	0.000713561944674924	0.703657060652394
63979	-0.327085124272365	7.69925839858749	-3.72864493748539	0.000296330701744205	0.00159875349210133	-0.222316862780619
6398	0.0933133994158892	6.93953272561432	0.93027408720343	0.354114469640292	0.48684845526445	-6.33028507724934
6399	-0.0865535793137622	8.79551398113673	-1.17487486062254	0.242392750340441	0.366562452913227	-6.0765116335376
6400	0.0503730678618701	8.37409796393095	0.636129596704237	0.525914815722115	0.64614850183916	-6.55829956161698
6405	0.602854442588229	7.84281187093293	3.91106689128379	0.000153436280104376	0.000937413959809282	0.394263651721924
64062	-0.034114031989077	8.83826267284291	-0.542972951451272	0.588165041889488	0.70159609932376	-6.61278928995214
64063	-0.503915254781191	7.81930190254018	-2.71752452054103	0.00756057381944184	0.0231898773667247	-3.19593425681346
64065	-0.104093688097053	12.4626344355557	-1.02598750496874	0.306980657607561	0.438771453856801	-6.23787784963722
64073	0.147849040352242	6.72221111966884	0.834770286139637	0.405521515367711	0.536452228849662	-6.41360257990433
64077	0.0588993210259237	9.4260201045713	0.574268286401576	0.566871328232263	0.683256554968406	-6.59543871160515
64081	0.00175646326601006	6.65165159781996	0.023153404238818	0.981566726226736	0.988025975948432	-6.75902781146554
64083	-0.0723910479254941	11.2446816832601	-1.36777548672221	0.173962505249502	0.281623899308756	-5.83580615160361
64087	-0.513820792251752	8.39809887753382	-5.7316059368999	7.67268204498399e-08	1.51618071032459e-06	7.6477616490154
64089	0.294567023234932	6.77776972926029	2.64827293273999	0.00918859794416501	0.0271823444707088	-3.3701247409596
64091	0.180630398693509	6.2106263285763	1.91616861398048	0.0577447763519769	0.11978198208622	-4.9604271290111
64093	0.507565477026654	6.69309273277008	4.10208836365595	7.53102633058884e-05	0.000511789165314434	1.06402526773427
64094	0.399688077221549	7.92488724517199	2.82795093985498	0.00549924355372339	0.0178412222127868	-2.91000563497352
64097	-0.00494819643352096	6.6806861862853	-0.0515911299109812	0.958941077740978	0.973436561649315	-6.75797023870196
64105	-0.0798537633970856	7.92452069031552	-0.805109550852798	0.422363834453379	0.553326768054705	-6.43766578191415
64110	-0.0953130069460616	9.29244065922063	-1.57249722512429	0.118493092282379	0.209717793497419	-5.54175210195984
64112	0.18464014760975	8.74565668565799	1.54502518365402	0.124998171428925	0.218746800000618	-5.58350028731122
64114	-0.101594441077638	11.2854583951772	-1.01246879270696	0.313370271881787	0.444672469634696	-6.25146879693575
64116	-0.418464623733583	11.7120265631168	-3.80001386805442	0.000229639530379223	0.00130619840105926	0.016175836867939
64118	-0.217227262276025	8.35306760362557	-2.68332030904705	0.00832876695071865	0.0250895751323618	-3.28246595858466
64121	-0.0817292628072043	10.4998439674334	-1.04305150738673	0.299040956059154	0.430402212414814	-6.22046991491218
64129	0.583305562346366	9.73870421783185	4.70180126503674	7.00681688099392e-06	6.80097619706343e-05	3.31678013976879
64132	0.259449196187544	9.28180864378467	3.91673774409718	0.000150277739843581	0.000922726599925718	0.413795901837166
64135	0.0742799203084612	8.89462769661491	0.6777915320308	0.499220968203596	0.62211513210497	-6.53116303087054
6414	1.3095741562789	11.3708400123448	6.56269183754565	1.44786065751358e-09	5.41146110002812e-08	11.4863528851795
64145	0.0670281064140188	9.18769621210706	1.3861264353841	0.168302801955329	0.27424636563777	-5.81106127824376
64149	0.60675313261686	7.38787586595767	6.76262322255862	5.37719361099706e-10	2.25459996075308e-08	12.4467401246485
6415	-0.207151667426314	11.4031725713469	-2.54544008870846	0.012193626344906	0.0341537313017713	-3.62140307988826
64151	-0.490496959456922	9.92566079644604	-3.18834717165589	0.00182914807768369	0.00720837935194049	-1.90873003134265
6416	0.196841861837792	9.95035582716707	2.92944589474922	0.0040718997729643	0.0139733660675883	-2.63846221920156
64167	0.0785359367940178	9.98956949145055	0.404893279753594	0.686283614517686	0.78081303800497	-6.67778287318275
64172	-0.101474548948372	7.60968964901043	-1.0406099131865	0.300168418330232	0.431799222467383	-6.22297800347356
64174	0.412905407808352	8.64025059615345	2.8390893727495	0.00532280843957726	0.017357440864946	-2.88061210279787
64175	0.0628240953357662	9.72984572705472	0.805604511561072	0.422079416463354	0.553041874997987	-6.43727129126947
6418	0.0129876792923184	11.2456735655681	0.245349084040251	0.806609205658396	0.86801708544329	-6.72935126054606
6419	0.0057509139655791	8.53560538651867	0.0809576297779817	0.935611789508931	0.959473185304416	-6.75603358185644
642	-0.0557371707875036	9.87035762905602	-0.748837667022718	0.455434179245283	0.582696146308246	-6.48095081329491
64207	0.328582742696728	9.97060175838481	4.52876938262152	1.41969830869352e-05	0.000125688188958291	2.64446765338625
6421	-0.10472009643357	9.0676486603299	-0.989035281702076	0.324654699835682	0.456295358285304	-6.27460773865338
64210	-0.0606406523114443	9.91035679281012	-1.00792184679971	0.315539167095057	0.447135618494626	-6.25600022990024
64215	0.040861471768636	9.49745855837556	0.46549822894423	0.642426377980273	0.745182120785993	-6.65157928696124
64216	-0.116456814227928	9.9351349402135	-1.58178932453027	0.116354679685503	0.206997556364905	-5.52747159698252
64219	0.0363067594482336	10.0409993154062	0.359548150514533	0.719822967670599	0.806639223030681	-6.69500847510574
6422	0.314475277434248	9.63174488190858	1.86502775181644	0.0646433229927934	0.130838972781297	-5.05379532005054
64220	-0.0783536917553516	10.1021025110216	-0.801113598710458	0.424664180205848	0.555283541000523	-6.44084182931737
64221	0.095240769376249	6.64417260196185	0.874320469988043	0.383706680675753	0.516094634432977	-6.3801785169634
64222	0.46723091349568	8.15232849461343	3.60928247230388	0.000450555607492202	0.0022940174653741	-0.613191120982091
64223	0.0456006179278015	8.42409765934468	0.731205773905908	0.466092319322974	0.59293432274877	-6.49387468209004
64224	0.0761649337774286	8.76898335702123	0.622950445377373	0.534510348116804	0.654567157219392	-6.5665280097147
64225	-0.428120586112933	8.54109610623809	-5.25512636925847	6.59530610464114e-07	9.40884774168149e-06	5.57793232989544
6426	-0.0392373116037985	11.1205599293232	-0.554066249942741	0.580574275388761	0.695107046631564	-6.60674963236854
6427	-0.0617503099920246	12.1531843932496	-1.06693396794686	0.288163659590897	0.418171438548982	-6.19563292135967
6428	-0.0822286172649604	11.0958619654471	-0.979048865336029	0.329544086933103	0.461205380899259	-6.28430669841961
64284	-0.266619006794904	9.32886554226355	-1.65138572433786	0.101299130450577	0.185486769568115	-5.41795403752477
64285	0.22000542124388	10.3064279906201	2.86166054531502	0.00498105203711491	0.0164121734541702	-2.82073995294831
6429	0.00351751699761199	11.8419406886426	0.0667288692555185	0.946909648349743	0.96609111849912	-6.75707909469673
6430	-0.293165255559188	12.5853570680152	-2.74225958413831	0.00704575864097037	0.0218707126547972	-3.13275642562135
6431	-0.010195616372893	10.957235287208	-0.130695285437157	0.896237274728867	0.932592578642031	-6.75079627884717
64318	0.0411881950021832	9.29409399159367	0.50530434581836	0.614280660878971	0.721655277892235	-6.63239039586495
64320	-0.107279663978517	7.42560959914965	-1.46675477550579	0.145083254108142	0.245119181618583	-5.69856481312841
64321	0.585440728314789	6.92792547609976	5.07429175384723	1.45198280554017e-06	1.83947514934997e-05	4.82113543209238
64324	-0.0548764118137118	7.64589961695491	-0.84198595294529	0.401486508543221	0.532393411553541	-6.40761854524768
64326	0.0897656125796514	10.1873753586123	1.52127652000359	0.13084597558813	0.226407800958381	-5.61902075812161
64327	-0.12726950688022	9.06599521358552	-2.70042568098393	0.00793617156430463	0.0241446692895603	-3.23931279034536
64328	-0.0501410472286625	8.25460693242712	-0.803569887410933	0.423249294079383	0.554135230479586	-6.43889138224456
6433	-0.177512019446487	8.84495987689103	-3.15110806919405	0.0020583403745997	0.0079596870291168	-2.01691618101636
6434	0.102965428773462	11.5705499096482	1.88212177651345	0.062264544696372	0.126973681752884	-5.02285110736652
64343	0.0103439251377186	9.36182931972539	0.142472813081649	0.886947745299154	0.925779049461334	-6.74919577466693
64344	0.649328428315838	6.43234017936691	4.4888283582286	1.66711116595933e-05	0.000144343168037989	2.49177728366304
64359	0.184771181613099	7.55537677657354	1.48163860604753	0.141082355529378	0.24007833882832	-5.67712755386196
64374	-0.226679935736152	11.6538812552954	-2.34040532147365	0.0209294209872662	0.0529161363191977	-4.09566047950223
64376	0.0802451824070371	7.55507774716369	0.851885677528861	0.395990450287004	0.526987119359348	-6.39932580252668
64388	-0.628944708217518	8.94388996446932	-3.2942649225391	0.0013005170127653	0.0054473988465727	-1.59520899342885
64395	-0.271381257912643	8.71281224651798	-2.51821267315457	0.0131246967322711	0.0361795536108803	-3.68644512928593
64397	0.0684864574756058	9.64601640064838	1.04706369385259	0.29719445976474	0.428395391323851	-6.21633593033278
64398	0.190719439179255	10.0080640559968	1.54020975793331	0.126166926849027	0.220325331030225	-5.590745353526
644	0.972909557498683	9.6402036845235	5.20361894676057	8.27083296199512e-07	1.13295323824344e-05	5.36068451443917
64400	0.258666647099872	10.6813877146038	2.92229990298334	0.00415999266065562	0.0142224914639965	-2.65785219934346
64403	-0.090505670350474	8.00462607341439	-1.34141782631359	0.182341877668944	0.292511926499412	-5.87078837040123
64411	0.698634356556042	7.48016900370339	5.73548101929638	7.53657158440796e-08	1.49285566635995e-06	7.66501854371433
64417	0.0199545467095698	9.58041158051664	0.176493883522037	0.860206282259345	0.907098671193947	-6.74379768638414
64418	0.14040419733671	8.77869723355152	1.84145801732452	0.068047379172322	0.136358891791213	-5.09602555533247
64419	0.00552347262991752	10.4669398730602	0.0885443292717269	0.929593046445423	0.955505047740069	-6.75539378391153
64420	0.304697802118356	8.85692517435642	3.68306156759266	0.000348135867056221	0.00183510035857332	-0.372777991528999
64421	0.0109370908316664	8.71979236543376	0.112228940743379	0.91083117001332	0.943171326337878	-6.75302799379008
64422	-0.162151491491764	10.148304913742	-2.22787499939818	0.0277703704228667	0.0664879013602548	-4.34053765992922
64423	-0.110956679157191	10.3671638103053	-1.30158103675223	0.195576365655876	0.309415970181486	-5.92240671233814
64425	-0.331788515423958	8.7620999972776	-3.79533324108205	0.000233535239510177	0.00132304600710155	0.00042625137391461
64426	-0.121687521713798	7.41315254339541	-1.5831823314561	0.11603676667826	0.206877550779716	-5.5253238133212
64427	0.0558432532420092	8.52060542461869	0.948211391741599	0.344945451035503	0.47710137735319	-6.31364508411732
64428	0.00561584481999293	7.9220928531353	0.0869138688759353	0.930886204764011	0.956358215342131	-6.75553611419209
64429	0.0463219506493137	9.67196955643217	1.08725442618009	0.279123948373281	0.408014778144043	-6.17406615567764
6443	0.586674599291586	8.0654297319161	6.95338791672686	2.06664899780223e-10	1.04727120992923e-08	13.3746799505763
64430	0.164522940776496	8.54738892538045	2.61034152805612	0.0102088953510898	0.029744435837743	-3.46384400438335
64431	-0.098318174315666	10.0890468393117	-1.01665403580287	0.311382711970164	0.442807135373887	-6.24728011863795
64432	-0.0914415513905965	9.65685164803483	-1.2189725181213	0.225267947920466	0.345472196402349	-6.02462200654074
6446	0.00795998867618208	11.5888583059586	0.0713851112318963	0.943211216178331	0.963984737148356	-6.75675913344446
64478	-0.0508560803055675	6.8423806657656	-0.372901862523457	0.709885549626226	0.799298615037163	-6.69014747603279
6448	0.0298506841456533	10.259901822948	0.343950316418159	0.731491283150933	0.814429137575345	-6.70046242774952
6449	0.64947773066923	9.14952110255133	5.1509242089475	1.04126350971217e-06	1.37613385443561e-05	5.13981105965631
645	0.537792897152278	10.3975216602909	3.74667264767351	0.000277933820848597	0.00151934702859656	-0.162408822022643
6451	0.842923518271486	9.46593324253085	5.79228074811088	5.79329858798029e-08	1.19631615841793e-06	7.91870914101831
6455	-0.13273007736376	10.0902874084071	-1.42476166589693	0.156846147800505	0.259774662247186	-5.75792202183689
6457	-0.234417272945191	7.64334448348324	-1.89046780895347	0.0611300310858516	0.125231660905043	-5.00764626477844
64599	-0.133207892240607	7.17842093521198	-1.13638045002067	0.258083008128546	0.384309653351683	-6.12028098371353
64601	0.032305304907337	9.28792905108828	0.445252181458201	0.656947253669071	0.756687964201105	-6.66073757335199
6461	-0.0705241846966197	7.27128615877361	-0.947059032763196	0.34552985378388	0.477692401994567	-6.31472350726367
6464	0.0255621019431544	10.898857698102	0.467124854406451	0.641265617337733	0.744436919972006	-6.650825876839
64645	0.402279914606352	10.0205298563884	3.57265483238375	0.000511410884060982	0.00251933356120728	-0.731099631665326
64651	0.314507211721437	9.72215718253767	2.849938313672	0.00515595057895002	0.016906769266426	-2.85188576874332
6468	0.0375903265096111	9.34042417507933	0.636988568569802	0.52535708225808	0.6456553339461	-6.55775732083584
64689	-0.103782799102563	8.63158324315607	-1.74182222807824	0.084126142507484	0.160554976227315	-5.26892885003367
6470	0.139901496197333	8.36610087837755	1.27134426896875	0.206088088058334	0.322219876464478	-5.96057646963182
64708	-0.0120043388035006	8.11976034100478	-0.208363396760198	0.835301813694078	0.887749997569877	-6.73769699532277
6472	-0.493930478599398	10.337698552265	-4.73474490499928	6.11409584780378e-06	6.0919700485958e-05	3.44673877094172
64743	0.0726415332358663	9.62421677904976	1.14599059373531	0.254100678416744	0.379871259580485	-6.10948745781365
64744	0.733281960258323	8.47007753040968	7.50422716366111	1.23723174461447e-11	9.50170386612388e-10	16.1105894345585
64745	-0.194017424441957	8.89772520003982	-2.41793431166298	0.01712682169896	0.0449103324550506	-3.92056227106222
64746	0.0233310842463908	10.809114313255	0.402348207986266	0.688150330004535	0.782505744195686	-6.67880367815487
64747	0.351515738429231	11.0163853479047	5.18897455100485	8.81863770280867e-07	1.19217589893944e-05	5.29916048648002
64748	0.326062612239658	7.07740969082961	4.2964351691112	3.56870955982892e-05	0.0002739548416746	1.76982109246942
64754	0.281062426187999	9.01755889121698	2.50407230718436	0.0136329363793298	0.0372874352626703	-3.71997663620688
64755	-0.262789455556164	10.1533967154242	-3.43043973312492	0.000829283619789378	0.00377196183890983	-1.1796820455323
64756	-0.0640108252261566	10.0365565081952	-1.06770417409443	0.287817423082022	0.417815802224517	-6.19482275106327
64757	0.119713350693787	9.45077571905979	1.07138296668977	0.286167589118449	0.416078909719837	-6.19094516532144
64759	0.390780197717668	10.8935992419912	3.46624290167296	0.000735207696431929	0.00340595377034646	-1.06814316243271
64760	-0.0657675818426894	9.26783318648101	-0.87113455757223	0.385436538331479	0.517665634059548	-6.382927512222
64761	0.346253032898512	8.25353689010647	3.27808403013706	0.00137077518239675	0.00568689251963695	-1.64365781648717
64762	-0.366556892502617	8.14953651165133	-3.83428601119415	0.000202939710629624	0.00118194316320058	0.131956777609577
64764	-0.0311805323508984	11.6594756126188	-0.382159267828728	0.703025564334782	0.794064154438028	-6.68667382704782
64766	0.0643034308462905	9.26464069579771	1.30039783371362	0.19598007644995	0.309935943227376	-5.92391673509756
64768	-0.651415063938473	7.68039939494508	-5.63772332777908	1.18152156839035e-07	2.19805589074421e-06	7.23168725324648
6477	0.0355252879481108	11.68982765598	0.407800904875972	0.684153349693073	0.779140585752761	-6.67660879594193
64771	0.127165789432595	8.95710840682411	1.49516921132146	0.13752022581511	0.235472028447929	-5.65745846859255
64773	0.371313713904836	7.45154670952935	4.8354926826884	4.01577807059698e-06	4.32468407602751e-05	3.84796772128978
64777	-0.177920764890497	9.08179191098239	-2.60507953262077	0.0103582282469056	0.0301051953974102	-3.47675012461674
64778	0.222785375160258	11.3480514715027	2.19285318915716	0.0302649920656979	0.0713234905742267	-4.41448898477193
6478	0.216470099163976	10.0823599922377	2.13554361398519	0.0347683013903425	0.0798848872000637	-4.53317103725045
64780	-0.313769258026248	8.47702129886135	-3.19196057687142	0.00180822119202157	0.00713612376784434	-1.89817556635898
64781	0.331967619047255	7.5413802470939	2.43214948120005	0.0165003709716035	0.0434896447607334	-3.88789673451697
64782	-0.545048450758444	8.10436677265273	-5.18182881042488	9.09862641384887e-07	1.22202689720962e-05	5.26917912137536
64783	-0.091460148599225	8.48910120432869	-1.41414065386525	0.159934268209472	0.263316136218904	-5.77267099927356
64784	0.0436400297362072	9.1598654004708	0.560082571624502	0.576477036303735	0.691805945063032	-6.60342327515961
64785	-0.0406924403114457	8.33821268861828	-0.368680929298237	0.713021335823458	0.801845641103031	-6.69170308834373
64786	0.116907972242791	9.96604117069171	1.89253844885204	0.0608512596415358	0.124846349885516	-5.0038641626059
64789	-0.215450384670578	9.46247205772602	-2.07095365796702	0.0405275023763685	0.0903040651817652	-4.66344070874794
64793	-0.925729913983381	10.0806978221388	-6.14010487411184	1.12512812726999e-08	3.04706830532791e-07	9.50142945763477
64794	-0.29897122971511	6.83220166605567	-3.26972424284981	0.0014084475994652	0.00580527802973179	-1.66861094554273
64795	-0.144563808113423	7.53981622198442	-1.70755487554379	0.090329335102511	0.16984300203659	-5.32628573727741
64798	0.0128983977763418	7.29604145284292	0.0662236519002195	0.947311011369166	0.966142604507879	-6.75711251422819
64801	0.205919462188043	9.07545193881263	3.49377083020244	0.0006698029282019	0.00315703870626378	-0.981743898380707
64802	0.0170848972468184	7.16053450563986	0.236333457797044	0.813580651762959	0.872458647711466	-6.73151091343435
6482	-0.331915753416977	11.5192408199843	-3.59713584491454	0.000469935007128449	0.00236230184649304	-0.652399265003558
64834	-0.0567380670146747	9.5874816980272	-0.746527815581655	0.456822484034026	0.583749028174669	-6.48266125713548
6484	-0.13435138371862	10.6821379903219	-1.00574385322652	0.316581599468627	0.448151501561415	-6.25816369203804
64840	-1.81513218566156	10.2677915421569	-8.30732575264146	1.81317292720379e-13	2.93662909386339e-11	20.2209890262815
64841	-0.153285640290256	8.62353128884348	-1.8899066679173	0.0612057620382425	0.125324639175975	-5.00867053928509
64844	0.0816425031090125	10.2859708691458	1.27786993614496	0.203784997221364	0.319500384471591	-5.95241253037591
64847	0.467205228525115	8.49489712925756	3.53935572964908	0.000573395869835321	0.00277062392544695	-0.837454179119325
64848	0.0781579837836316	6.92139083643207	0.778281287251268	0.43794953543716	0.568247433664929	-6.45868942152415
64849	0.48798163111866	8.36485064512295	3.4751750851082	0.000713354018003707	0.00333086726326208	-1.04016944523333
64852	-0.139099554236193	7.63689970863946	-2.39090802654293	0.0183763641395643	0.0476274765587705	-3.98218863877973
64854	-0.178285227282784	8.08648873072495	-1.45530825533595	0.14821961088997	0.24894143675298	-5.71490935592972
64855	0.085278669663309	13.0106690442605	0.888346812700646	0.376148174526007	0.508930385964378	-6.3679579714577
64856	-0.18013982000942	10.3727505902138	-2.02859137069927	0.0447343621649412	0.0980902127641132	-4.74686037319837
64860	0.187903962025581	7.47783190019317	1.6967437113541	0.0923620449668714	0.172648717542296	-5.34415655689644
64866	-0.714623285475817	7.42499959058994	-3.28972698650806	0.00131987364227697	0.00551728556943712	-1.60881647993334
64895	0.0566444608960447	6.77639796196314	0.861509728111869	0.390691783908852	0.522017815445991	-6.39117221203862
64897	-0.0735026275422766	8.2143781772805	-1.02363687395078	0.308085361801809	0.439665702916888	-6.2402537597979
649	0.0022641658572498	10.6560917477286	0.0165493807129881	0.98682385082617	0.991274719097442	-6.75915826923834
64921	-0.0793905976203318	8.1307354939988	-0.981564291759876	0.328307996479139	0.45981465662137	-6.28187280034736
64924	-0.310727104531954	10.1106066034801	-4.37363404774586	2.63625926144695e-05	0.000211618090374653	2.05678489076541
64928	-0.0314393531820044	10.993113433633	-0.503707880348912	0.615398839495744	0.722455146991877	-6.63319015037832
6494	0.377660993754533	8.28240332816303	4.3270200008848	3.16653362665838e-05	0.000248155291804537	1.88306899199277
64943	0.176446755848898	9.02605257368569	1.31491795338312	0.191068413292373	0.303796938170356	-5.90529367254877
64946	-0.227566734458807	7.87856025434297	-2.11110335820754	0.0368584881245721	0.083690593604924	-4.5829000485693
64949	0.111702324477392	10.3162966987858	1.48113304913754	0.141216829838799	0.240158742941832	-5.67785913128643
64960	-0.136283421446298	11.2328033212597	-1.85445055973221	0.0661529180194089	0.133371516436494	-5.07280927591198
64963	-0.0473616436075529	9.83564537528403	-0.692762199987807	0.489809935547685	0.614307632496793	-6.52099483131245
64965	-0.369546955301365	8.97278466634887	-3.37685214106767	0.000991431191330388	0.0043283412475629	-1.34485351671501
64968	0.169719540894313	12.0725207265141	2.95113508229569	0.00381491737220561	0.0132505285371331	-2.57936046256245
64969	0.00115292843942495	9.16137309798724	0.0220795921499079	0.982421483900531	0.988404562365211	-6.75905197851485
6497	-0.252681886845057	7.67684741359856	-2.79164239417088	0.00611213000958579	0.0194626807552732	-3.00512063641694
64975	0.0845856016262801	9.96733095819474	1.02842141403022	0.305839618876502	0.437519094547957	-6.23541212542297
64976	-0.256778595467969	9.86880746974878	-3.42368646791837	0.000848250782445066	0.00384131110909882	-1.20061471327721
64978	0.0179270420126236	9.68730780730323	0.264737543461042	0.791670122987029	0.857149720261222	-6.72443326577481
64979	0.0875232788512406	10.5024994967766	1.33035017746113	0.185949410397961	0.297547874832848	-5.88528071733953
6498	-0.201532355762325	6.67823979946089	-2.10943842279455	0.0370047400063972	0.0839492316541721	-4.58626842969973
64981	-0.624057185417077	10.115089296356	-5.64611269370658	1.13697984263023e-07	2.12958129254551e-06	7.26870906851651
64983	-0.0313853586026589	11.3927162412801	-0.54178678871512	0.588979434324366	0.701884067808385	-6.61342789470857
6499	-0.117475194920138	8.66182829392601	-1.63142865230776	0.105446363622831	0.191706073389664	-5.44981962783183
6500	-0.207059689783198	11.8341750833329	-3.59662850696461	0.000470761330435218	0.00236382285069599	-0.654034601119388
65003	-0.166162131241443	9.99858866839848	-2.05734924359759	0.041839886800516	0.0927529428266942	-4.69040534886221
65005	-0.207538150858153	10.0641161829212	-2.91585816612464	0.00424090088622627	0.0144037176481205	-2.67529617601859
65008	0.020258501858072	9.31071265535383	0.265909792797643	0.790769306650876	0.856584000102101	-6.72412394622988
65010	-0.797611235432937	10.1540015225625	-7.04926036918409	1.273127916359e-10	7.01069105941691e-09	13.8450564433159
65018	0.624063336968545	9.52149067736378	5.28690277328082	5.73206172621991e-07	8.27741780744344e-06	5.71261699781758
6502	0.0634586762247356	10.76859808702	0.678933767347847	0.498499511378065	0.621513813568175	-6.53039498122405
6503	0.639351939464253	7.70343599461146	4.37730541678536	2.5983393708721e-05	0.000209281111189444	2.07052384154677
65055	-0.720059110632283	7.92390264088298	-3.88909268048291	0.000166283364573253	0.00099890952100005	0.31878306526726
65056	-0.0383540771082244	11.1367351587521	-0.578861486541967	0.563777824793552	0.68046251383429	-6.5928108249335
6506	-0.346914387916262	8.41511696262089	-2.0656407838753	0.0410357559209107	0.0912888079468684	-4.67399076024271
65062	0.116428760932368	8.61107535202981	1.77677124185473	0.0781636421582791	0.151807586753423	-5.2093169469303
6507	0.0337109228425769	9.36170844512448	0.366631441147084	0.714545704346963	0.803013267742302	-6.69245204916988
65078	-0.19919629170081	7.31067070610072	-1.51695670170089	0.131932415173585	0.227935944223762	-5.62542499332067
65080	-0.15739695795319	9.31366563985135	-1.97268302128371	0.0508528676594196	0.108679091039277	-4.8544919351046
65082	-0.331876020167705	8.56341803339195	-4.75564493823767	5.60597880738901e-06	5.70290736654107e-05	3.52950561827321
65083	-0.192717214316417	8.99729014442026	-3.21696787500017	0.00166938819752459	0.00666464306986618	-1.8248564175001
65084	0.390896260648712	8.41246368141109	5.05529120422182	1.57605445075893e-06	1.96353088435426e-05	4.74259237877919
65094	-0.06450155676155	7.35316854904616	-0.974287526173906	0.331892175254516	0.463705914682392	-6.28889689354714
65095	0.117204363121928	8.07576780768515	1.57569111985491	0.117754580934295	0.208858243186017	-5.53685268058232
6510	0.260045349217629	9.00645120889414	3.50561782274141	0.00064337605722631	0.00305579132292637	-0.944390241573601
65108	0.202523120640329	9.38855173480524	1.69831652081848	0.0920640339772496	0.172320172366209	-5.34156342368936
65109	-0.157847421196085	8.33585605394047	-2.256470350442	0.0258685725335558	0.062863903832648	-4.27935830950924
65110	-0.0232396360193476	9.33880905818039	-0.350137645227493	0.726855004069633	0.810779518381522	-6.69832784022899
65117	0.0943290951929449	11.0110165951554	1.46240473440301	0.146269050464677	0.246517518228572	-5.70479080354501
65123	-0.241842710832887	9.26333138247345	-3.81486746564671	0.000217681704199341	0.0012503830853175	0.0662561011616587
65124	0.306603967285647	9.52615420520508	2.6450185495665	0.00927237650242603	0.027382849449424	-3.37821261067297
65125	0.118798586933679	9.60875411832029	1.57606997659919	0.117667222600516	0.208792966418961	-5.53627088368314
6513	0.0824941519594383	13.0124243072074	0.907073596394724	0.366202899719198	0.498489774502402	-6.35134306589403
6515	-0.715773238708823	10.7411742236087	-3.06849232784267	0.00266521401762257	0.009876477247897	-2.25308862890805
6518	-0.381461910580491	6.71556631161921	-3.65801373462388	0.000380142873850405	0.0019793205165161	-0.454831480527914
6520	-0.325407342985542	12.1870515121893	-4.22982355315917	4.62146176142456e-05	0.000339016644310541	1.52520362434864
6522	0.29078132500948	8.9524420455164	2.70162644546513	0.0079092528353598	0.0240805117655997	-3.23627442407582
65220	0.131656624884437	8.35770035493423	1.82104354322553	0.0711151617673582	0.140663610200761	-5.13219270807504
65250	0.281667757265212	6.56225112911332	3.31424369114461	0.00121841062709297	0.00515577447735039	-1.53511547722265
65251	0.168859576712581	7.11118918600242	1.82137026275735	0.0710651746660003	0.140629053519432	-5.13161687689317
65258	0.0912784865079938	9.42666840236096	1.31028462415302	0.192625644403508	0.305684500052445	-5.91125805730666
65260	-0.388645960010263	8.46156105924429	-4.39273555637421	2.44463367951646e-05	0.000199624071545828	2.12835674078085
65264	-0.00904546846788617	10.466522874342	-0.164004772695068	0.870005905005452	0.914286793826406	-6.74591303221708
65265	0.00404910044614197	9.43042909125306	0.0392920341285287	0.968723468632085	0.979174548419692	-6.75852638713073
653	1.76861018019836	8.57096781896009	9.2457497886943	1.15342428277614e-15	4.52659287502408e-13	25.1494894247932
6530	-0.158107399055311	8.62392937212742	-1.22489331304757	0.223037001958744	0.342712744574673	-6.01751304052969
6532	0.595078842014387	10.2493103319502	3.59075309699077	0.000480431390394231	0.00240346138791674	-0.672959738622757
6535	-0.734718045175912	9.17874168945198	-4.50705508527186	1.54943915741205e-05	0.000135719697139168	2.56133811895127
6542	-0.551232975587385	9.38378833003444	-4.5337654669484	1.3913669400064e-05	0.000123752888857845	2.66363398751589
6545	0.365980589738064	7.9936345970549	2.54699211222662	0.0121423839141972	0.0340679657375233	-3.61767666419403
6548	-0.095195492809926	10.266414886525	-1.02103783369939	0.309309905407317	0.440727931458416	-6.24287451885089
655	0.0319156602455646	10.4563716982732	0.338134056566006	0.735858589453238	0.817406195200079	-6.70243436655806
6556	-0.967863502083849	8.39389523510857	-6.30750235804186	5.0311051117234e-09	1.52223180303426e-07	10.2800175934964
656	0.200136960533854	9.37202468410817	1.25021423394055	0.213676752579594	0.331387528409209	-5.98673211736357
6560	0.0483338426344936	8.81676342475802	0.672195372873296	0.502763707197048	0.625049401181159	-6.53490739594408
6567	0.49376926238081	7.94470042560066	3.93248804982576	0.000141827052838533	0.000883214933802958	0.468158966184743
657	0.351236186856989	7.80025849112528	3.58996524963053	0.000481742246026019	0.00240705730479858	-0.675495568974138
6573	0.166198213792377	9.3663244331251	1.30479158664292	0.194484031590513	0.30821912911313	-5.91830263544319
6574	0.387062276992478	12.0252883563746	3.07035982949752	0.00264983510134486	0.0098371406458915	-2.24780888254959
6575	-0.229557224091257	8.84617563736355	-2.96088632644391	0.00370431617196996	0.0129376962285293	-2.55266649214223
6576	0.0876532105324508	9.93795597235244	0.912673365099552	0.363261573462201	0.495793224850922	-6.3463084183214
6578	0.740621714058258	10.1785548495604	1.94360841283885	0.0543060529281759	0.114182636832227	-4.90935227528638
6581	1.12903105309371	7.79748809191711	6.99834154791464	1.64721744319057e-10	8.91751092037387e-09	13.5949096081424
6583	-0.223237960407761	7.50533057500258	-1.84045264711807	0.0681958382325775	0.136465282442925	-5.0978156236442
6584	-0.0700323056000469	8.74533070658836	-0.769818273291918	0.442934728034192	0.571930725896893	-6.46517507135219
6586	0.747190163151138	7.21513286214562	3.84161813128129	0.000197624402698603	0.0011560747636618	0.156831652558404
659	0.248958513299452	9.23547766100234	3.40892430390504	0.000891139413391432	0.00398743854529427	-1.24625450347187
6591	0.486360354314375	9.06267738732067	4.88887272636534	3.20705051687176e-06	3.57976179315686e-05	4.06283562190488
6594	0.422040760292668	9.76034458240969	3.05250026017699	0.00280033152564263	0.0102803281785814	-2.29818889803839
6595	0.120755534038987	10.5013070710151	1.76841121023518	0.079557246874777	0.153609831506699	-5.22367868719838
6597	-0.137073302490303	11.3395597221941	-2.22351213081441	0.0280710186172776	0.067090662595272	-4.34980895140144
65977	0.0558620609418304	7.76656118564332	0.592423366213704	0.554692309288841	0.672601067928043	-6.58493027727202
65979	-0.0211586270708837	9.18378117715863	-0.410717896623985	0.682018776838346	0.777138239299867	-6.67542251873789
6598	0.0924868887100453	9.48492594008651	0.998383604489982	0.320121279998942	0.451460094381298	-6.26544079107575
65980	-0.0779687091505101	9.37831335171545	-1.18919867242056	0.236731423803456	0.359611166368585	-6.05986143983131
65981	0.220519517639838	8.16608899564495	1.91218076539846	0.0582594692427988	0.12057710246693	-4.96779313023189
65982	0.359226874232346	10.3540939563521	2.60378746294175	0.0103951962902081	0.0301775082626643	-3.47991564371037
65983	0.00436427834503871	10.8352106535886	0.0392679061259578	0.968742664610863	0.979174548419692	-6.75852733023276
65985	-0.0475156544243737	8.28929340029253	-0.633523767800313	0.527608663047187	0.647555357618092	-6.55994008984542
65986	-0.326136456672995	7.67126727085686	-3.06335845941191	0.00270791822301411	0.010003311503621	-2.26758886014145
6599	-0.13080444362722	10.2458679503882	-2.10798507148968	0.037132814625708	0.0841505584482575	-4.58920673508235
65990	0.146322692965942	9.09243475645009	2.05507477450578	0.0420628162746412	0.0930722910336289	-4.6948973335728
65992	-0.233186635762597	11.0165785539131	-2.96563164724004	0.00365156815656042	0.0127804885479615	-2.53964878985984
65993	-0.0648026440947274	9.52335510884972	-0.723895649654991	0.470551950006223	0.597046256999056	-6.49914339866413
65997	0.0546686229274861	10.0461716083512	0.443470563291402	0.658231473194482	0.757557749559206	-6.66152406210131
65999	-0.445167874953444	8.09026356788747	-4.188879028047	5.41029909354446e-05	0.000386249529063762	1.37623666224362
66000	0.692112780855882	7.45825133122367	4.11417827874953	7.19390467345406e-05	0.000492716854085659	1.10722421873672
66008	0.469820191691198	8.7673683934842	5.57198700134971	1.59498897010417e-07	2.87655216005687e-06	6.94269097652217
6601	0.164958921542843	9.57789200586754	1.57663179557321	0.117537770912564	0.208608076436996	-5.5354078713445
66035	-0.2794433177915	8.61635016602105	-1.6474752868839	0.102101219223464	0.186707122157586	-5.42422700349294
66036	0.0678037815646453	8.37510772442852	0.963121322833431	0.337441708001006	0.469363989909324	-6.29957535304572
6604	-0.178598278871578	7.57272676620652	-1.58212791293954	0.116277343126622	0.206949117480262	-5.52694971694329
6605	0.137235081540133	9.84682587651874	1.77489886165552	0.0784740035785192	0.152212209536991	-5.21253909692512
6608	0.0975347214714567	6.94513111500573	0.760180978759054	0.448651445531024	0.576428803547852	-6.47247514409032
6609	0.00347537812167125	8.39963543972242	0.0352494818482357	0.971939926872099	0.981685472727261	-6.75867631783637
661	-0.192667070752995	7.89040664804437	-2.25326770700098	0.0260757436792016	0.0632185626035237	-4.28624591295151
6610	-0.241052820247906	7.5743914302031	-2.47777568278034	0.0146251137344598	0.0395827707417202	-3.78188324499023
6612	0.257608326773166	10.9678063655101	4.41406223766789	2.24653914368043e-05	0.000185936005278561	2.20852994965228
6613	0.134900240124102	11.5587695263798	1.50562306237474	0.134816495072332	0.23223863384723	-5.642144131855
6617	0.0518400870207458	8.30637895778954	0.441376715886476	0.659742058652715	0.75876766979552	-6.66244436604652
6618	0.0701934907155945	8.65097279926403	0.944786051409892	0.346684436768199	0.4790253341762	-6.31684686701449
662	-0.296813674530719	8.02149646202061	-3.96523177723865	0.000125686302038377	0.000794922553473965	0.581710027599638
6621	-0.0892749085141711	8.40249388440152	-1.23206494409403	0.22035623911214	0.339515488727155	-6.00885726237495
6622	0.855769922722915	8.57491284187687	3.56843539818622	0.000518899734051448	0.00255125702575295	-0.744620471521665
6624	0.500445063749752	10.4529671799067	6.32307542312434	4.66580521193834e-09	1.43269706507846e-07	10.3529765991436
6625	-0.180166074979474	11.6160190264499	-2.86164546757079	0.00498127346847513	0.0164121734541702	-2.82078008571942
6626	-0.380756319729352	9.64954502119641	-4.75211287180634	5.6888767341899e-06	5.75859336083438e-05	3.51550086835657
6628	-0.137356876885251	11.2232892017133	-1.69132595398142	0.0933945950479165	0.174218463210431	-5.35307144600444
6629	-0.154330269889819	11.3830806283226	-2.25199211359262	0.0261586622566074	0.063369137512767	-4.28898670565824
663	0.0226024207901281	10.0845392639055	0.326970982320907	0.744264857270574	0.823857909549041	-6.70612504874042
6631	0.0260032146974074	11.1026586533573	0.447350103129691	0.655436351999962	0.755391743223073	-6.65980742447803
6632	0.00198633945323424	10.1002975232747	0.0232111347940223	0.981520773128161	0.988025975948432	-6.75902647968836
6633	-0.141911950023769	13.0716247208765	-2.37965087287859	0.0189202357434225	0.0487616684058253	-4.00767230919129
6634	-0.121292158659715	10.1009765602622	-1.58238539306375	0.116218559791572	0.206933671885835	-5.52655278074922
6635	0.215561934985206	9.54186426736693	1.16789558159528	0.245185904524374	0.370176489009564	-6.0845530374065
6636	-0.0200868604585092	11.9927551899151	-0.211148651281279	0.833132816658067	0.886130311480088	-6.73711584515477
664	-0.34664748716372	11.5801036697357	-3.53926221102526	0.000573579529360083	0.00277062392544695	-0.837751739828907
6642	0.171865251099887	8.78039290924548	2.16661739906283	0.0322594268123362	0.0752294933568315	-4.4691805663454
6643	0.152749674175078	11.3765875039145	2.18472753754306	0.0308709129380448	0.0725031961524737	-4.4314927314681
6645	0.195083979300871	8.66736061016838	2.28564458678052	0.024046780108352	0.0593268828240703	-4.21620370844765
6646	-0.0233500078566828	7.39347085193186	-0.243204927819782	0.808265814304242	0.868825723591908	-6.72987220337268
6647	0.327051585145069	13.7062919872588	3.50546349503191	0.000643713910640663	0.00305579132292637	-0.94487749659504
6648	-0.125839625046192	8.86481832022077	-0.736563079197713	0.462839178108094	0.590159248405813	-6.48998013654192
665	0.367543949183649	10.7233193727857	3.77528934983994	0.000250939362460634	0.00139862289738518	-0.0668467603059444
6651	0.186150451813778	11.4574588575005	3.46959299256312	0.000726938512158911	0.00338846909035487	-1.05765824592617
6654	0.0689037702252361	6.83911818943497	0.64779965428853	0.518363699275431	0.639725706860161	-6.55087051649792
6659	-0.369915061992951	9.63762915223521	-2.27249640580772	0.0248533948926371	0.0609528033887121	-4.24475803863823
666	-0.187537978938836	7.65054243368489	-1.41958740217037	0.158344828090873	0.261637983602842	-5.76512063635953
6667	0.105534084312153	8.8772169246794	1.54973638604532	0.123863000816564	0.216944102363193	-5.57639101801829
6668	0.12462006991309	8.12871754195857	1.54740861583389	0.124422857828511	0.217786142331744	-5.57990625232157
667	0.128115570583818	6.99137973987148	0.787464319372603	0.432577360043395	0.562962667900628	-6.4515725970654
6670	0.022839661203878	9.93679371640849	0.28514119498923	0.776032155645129	0.846319726119457	-6.71885451959167
6672	0.430422479573463	9.4021911367875	4.32633747656247	3.17501282021334e-05	0.000248348540671991	1.88053542673769
6676	-0.941079480679043	7.51614862426521	-5.75197175030431	6.98334414934028e-08	1.40707276878267e-06	7.73852951455237
6678	0.76677081045901	12.756380978223	5.73625403071013	7.50970458202711e-08	1.49110961171981e-06	7.66846177396912
6683	-0.114649155634578	8.17514721316566	-1.20914475243915	0.229006581265581	0.350035966183142	-6.03634783650469
6687	-0.0330758085061311	9.44797220558778	-0.458266026363908	0.647597962589625	0.749077043970074	-6.65489734978976
669	0.164332178305746	12.8187759508612	1.1396836422107	0.256709290223161	0.382647884349522	-6.11658106714467
6692	0.0437609866779861	10.5968586392091	0.368367832987345	0.713254135717324	0.80188909228598	-6.69181777519545
6693	0.0990125268587268	7.50975111354162	0.702112888222119	0.483981207994727	0.609496078371161	-6.51453198477518
6696	1.47001423897064	12.9222479293802	2.66321845777487	0.00881256944553913	0.0262881269845262	-3.33286855628423
6697	-0.0541784465789627	7.59565568722576	-0.547424816548709	0.585113203507305	0.698837265764215	-6.61038010619686
6698	-0.118925718000795	7.67054890511248	-1.48136425730342	0.141155317843641	0.240114128649836	-5.67752458618613
670	-0.178041267292792	8.74017197798754	-2.17523033703538	0.0315924505510574	0.0739245443489331	-4.45129282335884
6708	-0.46826192304325	6.93801988847926	-1.97730575887349	0.0503213587118139	0.107763650041933	-4.84569912347894
6709	0.310250829753439	9.3944523737486	2.79077901869726	0.00612743407079374	0.0195038941906575	-3.00736927901476
6711	0.266250658300557	8.2894945228511	3.14838025745539	0.00207613662745917	0.00801349931907136	-2.0247988435542
6713	-0.0761645646817026	10.9869485246038	-0.869469112421877	0.386342744157104	0.518327714131966	-6.38436061481776
6717	-0.0368172021584994	11.0822381567847	-0.318542219592484	0.750632643822092	0.827800485710344	-6.70882978761838
672	-0.128136953724761	7.77094613384041	-1.36974128731643	0.173349424104208	0.280758086882502	-5.83317068951019
6720	-0.190110844459749	9.94116713045504	-2.23592569486868	0.0272229668919989	0.0655382414829237	-4.32338574799387
6721	-0.139408906761425	7.42560771072591	-1.56413272176591	0.120444617192512	0.21244342045914	-5.55453804457936
6722	-0.176349092490501	10.0610703386709	-1.74953082103529	0.0827799241009632	0.158598249124543	-5.25587702708605
6723	-0.304258806004414	9.65233184589586	-2.48484452139679	0.0143522590797352	0.0389581531378943	-3.76529981048575
6726	0.0253695463583994	11.8140292987292	0.427841714076246	0.669540438615186	0.766621017876551	-6.66828863700571
6727	-0.0346907546229944	13.6843942058594	-0.661663956925856	0.509467115035347	0.631500708452346	-6.5418703767913
6728	-0.411499257483572	10.1407236026411	-5.79581549550682	5.69897959662391e-08	1.18275305196265e-06	7.93454253711885
6729	-0.112494268116991	10.3289996848057	-1.77951368989367	0.0777108874010421	0.151211290914631	-5.20459170042744
673	-0.395118015882953	8.73506192528254	-3.81194935161828	0.000219983176601615	0.00126009780771799	0.0564053967164009
6730	-0.0779641679931411	10.1988090777316	-1.14818089904815	0.253199133750342	0.37881268697298	-6.10701500288322
6731	-0.189983619208204	10.8412337367808	-3.09554475358917	0.00245030341956432	0.00919559574993242	-2.17634012418428
6732	-0.184260361219049	10.3013814731166	-2.75066695457795	0.00687816860286844	0.0214553144485247	-3.11116783033887
6733	0.198673361277122	7.79732596278751	2.37397501615807	0.0191998236908169	0.0493897675758789	-4.02047977355794
6734	-0.466372132122311	10.6717519285484	-5.14085428596403	1.08794416145621e-06	1.42415511467961e-05	5.09776300954625
6737	-0.220565735725009	7.9661171604484	-2.3898612552985	0.0184263463196931	0.0477270682347649	-3.98456289524245
6738	0.109757819409866	10.3240412957618	1.9245835385536	0.0566712531764093	0.117909858420366	-4.9448365368448
6741	-0.0619583370183566	11.3479465827388	-1.03674624963432	0.301958410611553	0.43376982115677	-6.22693509913988
6742	0.00834974213399652	11.5252941649745	0.121830986656487	0.903238579638321	0.937633614152637	-6.75190989045718
6744	-0.387990687644683	9.05882225762095	-2.5233215912416	0.0129452842969379	0.0358097951415631	-3.67428851724623
6745	-0.169243020948408	10.1334802588315	-2.57296590701176	0.0113130287773205	0.0322559950640895	-3.55501207093395
6746	-0.363625563245072	13.0989345150444	-3.85214814756759	0.000190222031408915	0.00111911252096698	0.192620148368062
6747	-0.322546452701122	8.36986786844042	-2.86065177958346	0.00499588663210479	0.0164481167174787	-2.82342460212732
6748	-0.133196918997874	12.9159681555536	-1.44683037429796	0.150576175610392	0.252283815525728	-5.72693534403789
6749	-0.136831114722585	10.026081617135	-1.96158974704235	0.0521477930026709	0.110815737124276	-4.87551363706548
6760	0.244848207798985	9.90746888032485	3.6881995759713	0.000341893783042004	0.00180912405376487	-0.355891682137133
6764	0.579280191979394	8.28252818223623	3.83413839689341	0.00020304810515516	0.00118194316320058	0.131456361751498
6767	0.17684002331367	11.4889697056503	3.62226106994345	0.000430684630518016	0.00221234766671568	-0.571180711763655
6768	-0.214012480208445	8.18205693904048	-2.5613496346524	0.0116774338863955	0.0329875526339354	-3.58310784550067
677	0.289556744584635	12.0816510488645	2.56251117392341	0.0116405274298086	0.0329167357651044	-3.58030359307187
6772	-0.0680746583209387	9.62861704998574	-0.626789583344355	0.531999043959675	0.651975089481738	-6.56414869270978
6773	-0.150354305524311	8.91016957705375	-2.11170791298731	0.0368055061079965	0.0836120683311471	-4.58167634602034
6774	0.35546822152622	9.12971929920896	4.18221621868878	5.55031405382862e-05	0.000394048778546679	1.35209678094848
6775	1.11784783779011	8.2837894279399	4.29892397983393	3.53422798384508e-05	0.000271813064679333	1.77901472911012
6776	0.271109310796981	8.05340710391279	1.79684075371368	0.0749000955081153	0.146466569341154	-5.17457757263413
6777	0.273062864014292	8.85136062814352	2.02424279379973	0.0451866028000441	0.0988456936250964	-4.75533267700952
6778	0.209993128425551	8.4774314236666	1.42774519745292	0.155986957658803	0.259037448786031	-5.7537597300637
678	-0.316422142857732	7.67216012017602	-2.62984080331937	0.0096722894386368	0.0283912973571926	-3.41581609014148
6780	-0.0138214691275518	11.4395773728127	-0.279696362960619	0.780196543348984	0.849557484761545	-6.72038368606415
6782	-0.598928018494084	9.44051860266729	-4.75495924747208	5.62197990428809e-06	5.70485921491642e-05	3.52678628392873
6786	0.151201033266479	9.0554380665036	1.74704257428289	0.0832125224888439	0.159252881315535	-5.26009598808664
6788	0.0568642686270301	10.1042663611895	0.7477117879526	0.456110572921089	0.583200206242755	-6.48178518002516
6789	0.0308933908965434	8.85143461245233	0.619031114441408	0.537080343704451	0.65676300298372	-6.56894204616282
6790	-0.433963261422991	9.4307690034614	-3.41813016111763	0.000864160889780737	0.00389627126069263	-1.21781194416975
6799	0.684830780798252	7.91692100158744	6.13030005864755	1.17906806577563e-08	3.1723460010771e-07	9.4561537963407
6804	-0.0146663907616618	7.19180806380053	-0.190845084858503	0.848972514157775	0.898501341069052	-6.74117544845792
6809	-0.197839767663582	9.1800303710288	-2.39914998020777	0.0179870001199549	0.0467650679857814	-3.96346154390288
6810	0.214895472823547	9.70412729329561	3.15237911494126	0.00205009655964666	0.00793152111601001	-2.01324122422322
6811	-0.152216858023274	10.3230577348197	-2.41138072991172	0.017422683447999	0.0455559877431059	-3.93556361977595
6812	0.250385945913042	7.42504453173255	2.75862146415406	0.00672295293210257	0.0210826086633133	-3.09068864902299
6813	-0.0523279325159567	8.79552684804946	-0.548957514451971	0.584064236828115	0.69807127712346	-6.60954613797234
6814	-0.0474239767376616	9.75454153655519	-0.611671762636833	0.541922974950905	0.660608585167426	-6.57343399922978
682	0.108782489532898	11.9970569801175	1.01141784199322	0.313870690791696	0.445153143190145	-6.25251794310786
6821	-0.376821404203669	9.34388779300546	-4.39692630491034	2.40442439536778e-05	0.000196833949511772	2.14408905026625
6827	0.102247641347778	10.298759983192	1.34911819797713	0.179863095373776	0.289153205096807	-5.86063656227255
6829	-0.290728863440589	9.01338723960012	-3.73428619468606	0.000290453255999245	0.00157424140062583	-0.203594790422596
683	0.202166287964853	6.92637923077747	1.98324050167188	0.0496459173349788	0.106568419227371	-4.83438255401487
6830	-0.15490392842308	8.42096500854165	-2.26419933046518	0.0253745299230954	0.0618817883568845	-4.2626994409074
6832	-0.222404910453362	7.99006270120961	-3.43172289497903	0.000825725082525725	0.00376406687729718	-1.1757008984972
6834	-0.204557084345719	9.76413208664386	-2.46073714098182	0.0153019172229685	0.0410502878407663	-3.82168057860513
6835	-0.126268295517119	7.26638181238103	-1.45687452763795	0.147787379063619	0.248316466856284	-5.71268016048274
6836	-0.188405871810433	11.7041089340543	-2.19401088402712	0.0301795116965934	0.071162651045921	-4.41206165825552
6837	0.0212187267084873	9.40824412356565	0.306705510700169	0.759604102949558	0.833576443518447	-6.71250907087395
6839	-0.383340563896877	8.687528101739	-4.27566477391257	3.86936521294489e-05	0.000293219785861696	1.6932466739259
684	1.01283964637947	9.30447360416662	9.42138346986224	4.43201503824948e-16	1.92676022189162e-13	26.081862002528
6840	0.237822741722161	8.91062389672641	2.9539660530308	0.00378249872310128	0.0131504771073829	-2.57161851010423
6844	0.0734971342910017	9.32590855601566	0.67403961576185	0.501594694670315	0.623971713550723	-6.53367682426758
6845	0.244734832086725	10.6751212088473	3.8236016388974	0.000210929210960563	0.00121837432345052	0.0957751887557254
6856	0.270713648686927	11.0887683145706	4.04002047646241	9.51380263381112e-05	0.000630690286960512	0.843751563607344
6857	0.246788697222816	6.61186158780568	2.29727496003028	0.0233525333376492	0.0579777353077795	-4.19082008740545
686	-0.325634408094832	7.40724201208408	-3.96556719322053	0.000125530409576161	0.000794544967892021	0.582876928425295
6866	0.949024934070103	8.18215676619973	3.91620030143417	0.000150574404088136	0.000923344155729774	0.411943843039362
6867	0.390682760936794	10.9437316414131	5.57405539436497	1.58004554419624e-07	2.85583724180764e-06	6.95175445743166
6868	-0.0727183470798857	9.9396592445011	-1.3004066307239	0.195977072615694	0.309935943227376	-5.92390551313462
687	0.760199665228418	6.25783718934675	5.94877611556917	2.78755836020987e-08	6.52272862757323e-07	8.62473900970065
6871	-0.27084408544105	7.45503885328279	-4.0337309156271	9.74052234537125e-05	0.00064108935914555	0.821571650441272
6873	-0.0759215420866809	8.7725162138132	-1.12883291287013	0.26124119509535	0.387303346711449	-6.12869557544877
6876	0.272621148033901	11.1290859448765	1.43418965244432	0.15414344591563	0.256595095377489	-5.74474044586947
6877	-0.150105978451199	7.92523451397131	-2.27867187298966	0.024471633140662	0.0601773413938278	-4.23136535145128
6878	-0.11476126267844	9.10455679672474	-1.67992304288155	0.0955984790563074	0.177487848281659	-5.37174613239675
6879	0.140686127667281	10.481992419557	2.02956129985261	0.0446340210604593	0.0979221816625216	-4.74496835486028
688	-0.0419237573419439	9.76925961282857	-0.260048572506374	0.795276174304385	0.860053834246617	-6.72565688688152
6881	-0.0547847968101923	10.3273155669864	-0.957522494730013	0.340246892442488	0.472247563124515	-6.30488401705707
6883	-0.05619022102542	9.40604578499478	-0.754032835081792	0.452320497829804	0.579970088803816	-6.47708467099745
6885	0.0345521612562601	9.79610892214446	0.697221281399338	0.487025617080615	0.612023672156683	-6.51792359943996
6888	-0.147177713378839	12.5145139607871	-2.19591075530361	0.0300396867335351	0.0708531731636207	-4.40807566116233
689	-0.000590379750490462	13.3385182441648	-0.0117205241377492	0.990668235856471	0.993031416928016	-6.75922619112923
6890	-0.115421458519822	10.0135733824696	-0.556464595707073	0.578939297407728	0.693551645625502	-6.60542789700994
6892	0.190093387555801	9.48786035599881	1.57413312782459	0.118114370946859	0.209271708284224	-5.53924382444932
6894	-0.318125918746512	9.11901593745594	-3.90722558773538	0.000155611641248291	0.00094859937764641	0.381045318533473
6895	-0.133323488159955	8.65837187562389	-2.22512996325395	0.0279592028998786	0.0668818464966687	-4.34637293306537
6897	-0.0581732764913157	10.681186252618	-0.83651298628603	0.404544755181701	0.535620925776366	-6.41216200005596
6901	0.0425773862463714	7.27581552838207	0.623678803341479	0.534033440394063	0.654080103448245	-6.56607772389545
6902	0.00865151740754685	13.2500973930128	0.130389646823429	0.89647854489665	0.932677237915915	-6.75083597686583
6903	-0.0449240373991861	8.58104282953623	-0.570677886262626	0.569295173362804	0.685510621926911	-6.59747837434371
6904	-0.205382701685467	10.0072349491415	-3.24149931930006	0.00154290119831867	0.00626874761343442	-1.75246708348944
6905	-0.0549403045042916	9.58638648359187	-0.78378808627788	0.43472334556402	0.56494884115148	-6.45443158356743
6907	-0.16474492257034	10.1021477168068	-1.90200059883177	0.0595909026359199	0.122809594753667	-4.98653163620463
6908	0.010512836893738	9.04771726828264	0.227497256755503	0.820427902016488	0.877587991537968	-6.73354921227265
6909	1.05367511153052	9.0344622861595	6.64096888681503	9.83892830345244e-10	3.81547172706653e-08	11.8608267431129
6919	0.352820817321449	7.79387880469165	3.89440815156371	0.000163084902105119	0.000984523211546739	0.337011480978572
6920	0.0467822877006181	8.45584216447812	0.440837185326891	0.66013152568589	0.758971637407017	-6.66268080127386
6921	-0.0442422493558934	12.0603202741475	-0.774330610825394	0.440272628740152	0.570186878863853	-6.4617257663498
6923	-0.0298957787036867	12.3183478589359	-0.538041290974735	0.591554461303804	0.703967706435589	-6.61543526879263
6924	-0.40209077647744	8.6119967386647	-5.24698024837115	6.83628414557853e-07	9.70074391294588e-06	5.54348548154594
6925	1.05018526302024	8.63035083482826	6.17398300452966	9.56786685770881e-09	2.6520328941166e-07	9.65815163632391
6926	0.136804821164732	10.5493863926004	1.47227980383307	0.143587929082045	0.243306189434162	-5.69063142728669
6934	-0.269190194319435	8.76150320719116	-1.75696286029902	0.0814987926551425	0.156626344190665	-5.24324166369116
6938	-0.0805836428575789	9.28079582562991	-1.45720151209529	0.147697266930515	0.248215549307437	-5.71221448839144
6939	0.354518050391977	6.40801678023901	4.59201807209099	1.09881375355055e-05	0.000101183964373774	2.88819489502996
694	-0.165663384075683	12.2581838525496	-2.2303152163788	0.0276034425670436	0.066145760256391	-4.33534480826915
6940	-0.106712034757092	7.30516277925162	-1.18905378911578	0.23678820942826	0.359611166368585	-6.06003084032882
6942	-0.00102563745567414	8.2022278908341	-0.0141014925331244	0.988772648634807	0.992135820909075	-6.7591956007373
6943	1.63780872652273	9.32577273090939	8.45395876738105	8.28671730124953e-14	1.47598709907545e-11	20.9837389347131
6944	-0.441220120540757	9.36464418087029	-5.35010190919346	4.33045260020222e-07	6.53922092827611e-06	5.98196099904658
6945	-0.251276307312037	8.53758694125448	-2.91836872093668	0.0042091979721548	0.0143373093814428	-2.6685016466931
6950	-0.108115758257286	11.8191641551312	-1.09771609127678	0.27454695130655	0.402870459725014	-6.16280735565367
6988	0.0979800940530896	8.69063097255803	1.08126971530403	0.281765770782057	0.411271473168367	-6.18045936352425
699	-0.233076216970063	7.83548991056105	-1.84116260614064	0.0680909734311754	0.136413155600657	-5.09655163262418
6990	0.113728732552368	10.3688017365742	1.01705073837752	0.31119475682151	0.442732033674513	-6.24688220956306
6992	-0.0510381817549221	10.6514771734853	-0.732712048285075	0.465176360185113	0.592133878121287	-6.49278252794967
6993	0.0253505580714968	11.816796320036	0.474346769492051	0.636122805311813	0.740261252729723	-6.64744925851036
7004	-0.32743901279837	9.24660535245881	-2.99606692086985	0.00332937190592318	0.0118947283490162	-2.45573080000379
7005	-0.0556585429736687	10.2788244054918	-0.659820062627291	0.510645638486999	0.63247165756773	-6.54307826498689
7009	-0.212891539809493	13.1132339638545	-3.37473253865989	0.00099841893978786	0.00435654540023652	-1.35134280134016
7010	0.708386788128831	8.02824185191758	5.75634144796229	6.84355437893774e-08	1.38888843169596e-06	7.75802810118991
7013	0.00376177068101267	9.36879683814423	0.0344823212449236	0.972550372289699	0.981941825585248	-6.75870293455801
7014	0.230591707124224	8.04580252368434	3.76537942042781	0.000259992597297337	0.00143456169250234	-0.100004309077699
7016	0.0552926136337951	9.10352336574845	0.80215013447807	0.424066767591417	0.554853714605593	-6.44001947526966
7020	-0.163852554310399	10.890508868714	-1.74789865435906	0.0830634784248776	0.159004480136614	-5.25864509976138
7022	-0.00716201637728396	10.0928078844646	-0.0915420671224563	0.927215960388344	0.954008438912934	-6.75512519602801
7024	0.0132583142487412	8.41692251882563	0.178362262155523	0.858742086873639	0.906133065607595	-6.74346789250916
7025	1.19848970944027	8.29732704425853	6.61707302390207	1.10727418326018e-09	4.23429849709679e-08	11.7462967202953
7026	0.307006456569111	10.7039744675116	2.81429992722645	0.00572276188581819	0.0184432357303388	-2.94589219965008
7027	-0.304972264159975	9.56870304234834	-3.59063013164193	0.00048063576353096	0.00240346138791674	-0.673355554385775
7029	-0.00522881155155723	9.04664979661749	-0.0583643572374503	0.953556400055849	0.96972662454526	-6.75759969178481
7030	0.135400854125714	8.37847899108692	1.99693584774498	0.0481165661140225	0.104015398089983	-4.80814681384343
7035	-0.694249015642518	14.5789718291501	-6.35440387540988	4.00829208264789e-09	1.25887804572896e-07	10.5000140148326
7037	0.488441226105993	12.9293595810744	4.93194121836894	2.67203903690917e-06	3.08254782749577e-05	4.2373305096544
7041	0.652135881312722	8.35191698831461	5.96918683493453	2.5320881742482e-08	6.06233284617105e-07	8.71756791027374
7043	0.915743622570357	9.02488982081863	6.30221265185323	5.16148611626034e-09	1.54517527626054e-07	10.2552556289545
7045	0.987418637084357	11.855951920005	4.21885898776727	4.82114263400779e-05	0.000350243079656151	1.48520707075482
7049	0.162561785244056	11.8692448309566	2.03950318343927	0.0436165524321439	0.0959703577755749	-4.72552636271736
705	-0.262566027354706	8.86987703176715	-2.98033565110788	0.00349248218798196	0.0123523455777803	-2.49919790750739
7050	-0.238806573181405	10.3743762538381	-3.48675733819304	0.000685925911233222	0.00321734697716435	-1.00380916124914
7052	-0.0197682021696007	12.830640185841	-0.140443286419868	0.888547450851498	0.926458210557103	-6.74948141546179
7056	-0.288515108002112	9.58186377535151	-1.66178052309405	0.0991916943000728	0.182477370805925	-5.40121011461321
7057	0.829849779627638	7.9361962773195	4.49663482207132	1.61569318153836e-05	0.00014092529756607	2.52154570415945
7059	0.131332012963482	7.55370093558895	1.13252014612255	0.259694946419983	0.385659364220596	-6.12459160997368
706	0.471125247789923	10.4771703206448	3.41903196034905	0.000861559741680981	0.00388878877939066	-1.21502235439039
7064	-0.328703319480219	10.4848040885932	-3.04680683036055	0.00284994529269829	0.0104161717334902	-2.3141968181828
7070	0.453484273158523	9.39213250182862	2.79777853337592	0.006004362186362	0.0191786665349382	-2.98912166228869
7071	0.38191913689953	8.740581144919	3.85455342346798	0.000188568588960185	0.00111255467486509	0.200805639874194
7072	-0.0682164243258793	9.22780363827823	-0.855932793453161	0.39375691518951	0.524416659056006	-6.39590806765167
7073	-0.121125445362785	10.1690108464006	-2.79983381994659	0.00596865499447127	0.0190793692934724	-2.98375597058913
7074	-0.21181591537716	7.35962261476182	-1.8109291985607	0.0726771224859558	0.14306792939323	-5.14997056652436
7075	0.735113695872913	7.47138274251432	4.98471220382404	2.13384914566808e-06	2.5618595847701e-05	4.45249899500516
7076	0.55424121280383	11.589470116662	3.33205818619579	0.0011493126751027	0.00490610992059343	-1.48127805982327
7077	0.216399724560114	14.0332063996951	1.62807498223358	0.106156489262314	0.192672511823053	-5.45513812608293
7078	0.441887519765401	11.547933773893	2.59004075497645	0.0107959341798684	0.0311254507245071	-3.51350788224263
708	-0.177922791445365	11.6826354828183	-1.69415909807594	0.0928534728553724	0.173404857740307	-5.34841290987133
7082	0.535363973573202	9.93804291843469	6.91550866607857	2.50085921619366e-10	1.2151233603388e-08	13.1895613395969
7083	-0.145114233263158	10.3392019609302	-1.03321420487196	0.303601049546017	0.435447937011651	-6.230539911537
7084	0.0974100740102687	7.21789965735502	1.2914905953296	0.199039108558837	0.313513164892447	-5.93524145808489
7086	-0.110906097735944	11.9377295818322	-1.44417844386265	0.151319231277519	0.252964349393302	-5.73068322288002
7088	-0.0191149886900669	11.2176102340888	-0.183708396706329	0.854555206887101	0.902637597044432	-6.74250505329162
7089	-0.0948312456349268	7.70815987228331	-0.602247200101219	0.548156615263744	0.666146624064214	-6.57910854554392
7090	-0.381722484229704	8.13082539765677	-3.76606868898633	0.000259353011502042	0.00143294707358319	-0.0977003005832549
7091	0.384550952429091	9.37876992876215	3.82239192813616	0.000211852423536496	0.00122114516288308	0.0916835678034422
7094	0.0350325464649416	8.96027030284786	0.322106841575818	0.747937504122099	0.826316070533509	-6.70769452614548
7095	0.140994384284031	9.04020990980992	1.47142569175549	0.143818305477557	0.243579906345011	-5.69185972499471
7098	0.331648717912787	9.07728038633781	1.95793118321411	0.0525809380397074	0.111506687601536	-4.88242225640124
71	-0.0764896285748585	15.1155553515516	-1.66194764394816	0.0991581039101245	0.182477370805925	-5.40094009785247
710	0.167404929654511	8.92799672572377	1.12055085321798	0.264737760822147	0.391396796919802	-6.13786592761688
7100	-0.0331078333606106	7.37365853593307	-0.258914852134255	0.796148730026757	0.860673013457427	-6.72594946067441
7105	0.327292149126501	9.05730220809279	4.36643090593909	2.71221146207879e-05	0.000216452818133051	2.0298534627103
7106	0.762727852383297	9.81800161730599	7.0903978307826	1.03338779589694e-10	5.92762721813104e-09	14.0476793456607
7107	0.356987007446506	9.07297659099731	3.27479091027442	0.00138550149020414	0.00573765166669888	-1.65349377955477
7108	-0.0401780509601315	9.34237683594481	-0.389947873495248	0.697272878247582	0.789726309382288	-6.68368550233218
7110	-0.271010240891233	8.84467834530989	-2.79274929499911	0.00609256025370148	0.019415334759095	-3.00223684682985
7113	-1.18023520253332	7.47235576500478	-8.04448001200454	7.31728994551902e-13	8.51279083802635e-11	18.8623252583938
712	1.45114039903468	7.63207322659726	7.9169841148385	1.43351080291754e-12	1.4988353458353e-10	18.2076615266128
7122	0.207501829265455	7.55931843637409	1.16424169854331	0.246657298835142	0.372193878037683	-6.08874430941267
7123	2.41586500046491	7.46889854565229	8.68472438113652	2.40205579712414e-14	5.22131075901195e-12	22.1902915458853
7126	0.361366393479863	10.9179444764978	4.06938518659514	8.52042859686851e-05	0.000571720066694833	0.947649802039973
7127	0.100323286699886	8.70942465120214	0.547402984880907	0.585128151334784	0.698837265764215	-6.61039196843915
7128	0.20274417427554	8.89499025895357	1.94573371077042	0.0540470872019656	0.113797843560601	-4.90536794803552
713	2.1344270327047	8.864126068758	5.962584160681	2.61210518581201e-08	6.23583492335468e-07	8.68752013342617
7132	0.306037089321494	9.86698305179269	4.3033553315635	3.47362466297223e-05	0.000267900464203087	1.7953936653684
7133	-0.357126548323309	9.60777477267712	-2.5688760153961	0.0114401468073168	0.0324865361452162	-3.56491706979588
7134	-0.132824998115719	8.03420509507558	-0.764469583613616	0.446102278877909	0.574762879976841	-6.46923784889677
7136	-0.217226832373444	8.70181033243968	-0.973071937443882	0.332493401812712	0.46407494068486	-6.29006526033428
7139	0.328936425414117	8.07150006948266	2.46361305764184	0.0151857571224812	0.0408151780106078	-3.8149805928929
7140	0.376602122856629	6.69262976057902	2.57100246656232	0.0113738951766299	0.0323611780074259	-3.55976893517381
7145	0.100570218543114	8.00511428408997	1.07646616918698	0.283898582384462	0.4135077218296	-6.18556575871815
7150	-0.400584726344289	9.38392082213335	-4.84511920707319	3.85659941261294e-06	4.19703704192133e-05	3.88660111233725
7153	-0.243166880810288	10.4503487845335	-1.91588352140248	0.0577814444493865	0.119827951582207	-4.96095420523164
7155	-0.0408176338384076	11.2020317848864	-0.643519535865483	0.521126547305417	0.642175933275062	-6.55361077069768
7156	-0.174103899357103	8.19051402709458	-1.986184623047	0.0493137101425096	0.106095623848501	-4.8287568348
7157	0.0450333184227644	7.48241665672661	0.618752087342671	0.537263547762167	0.656867511029529	-6.56911333037127
7158	-0.178364047304502	8.98615909193308	-2.97373231255385	0.00356311826183675	0.012508013957829	-2.51738504120317
7159	-0.132563487827658	8.50009379345152	-1.67853502288501	0.0958696025715974	0.177871275211454	-5.37401109137238
716	0.709540538414902	7.68920003717569	3.1847407100993	0.00185025927199415	0.00727076193466779	-1.91925419816768
7162	-0.468338920619383	10.2298254313328	-3.19515481866627	0.00178990763060965	0.0070773753129898	-1.88883708363692
7163	-0.184239449700139	9.23278890938402	-2.08982850146409	0.0387653222647204	0.0870112939963562	-4.62575637362381
7164	-0.53055113445216	9.54989520820259	-4.45434095664885	1.91378445253828e-05	0.000162872129159985	2.36070413953449
7165	0.04344282393427	10.0092441065103	0.582724857754639	0.561182252203642	0.678064910892066	-6.59058437488119
7167	-0.358604820223103	12.7404509179002	-4.10991708131904	7.31104243405363e-05	0.000499497191937825	1.0919875216755
7168	-0.295589222287999	12.1398711314992	-1.87604667537411	0.0631014084953647	0.128283936542386	-5.03387892832826
7169	0.12967028692108	10.5937224937069	0.912805241027482	0.363192485417675	0.495793224850922	-6.34618948293544
717	1.25291978807453	8.23372402194086	5.92991755855768	3.04601453786551e-08	6.98891113410253e-07	8.5391202514561
7170	-0.222340095100501	10.0165414860979	-2.70205350393188	0.00789969902341769	0.0240691678101919	-3.23519352503619
7171	-0.0196626043814832	10.8301786761146	-0.235354692270854	0.814338406018039	0.872882848911108	-6.73174051226245
7172	0.117650370130682	7.96244941130045	1.49882579174569	0.136569731732378	0.234290324510868	-5.65211344957956
7174	-0.254564150201067	8.97593188683781	-3.76010167651612	0.000264939787515959	0.00145796312117376	-0.117635192817448
7175	-0.00534704776706571	9.79800599690998	-0.0838988347387893	0.93327798688809	0.957981380849462	-6.75579234259471
7178	0.00921205874032367	15.2804464820067	0.197307826179021	0.843923619665418	0.894266722057261	-6.73992771431085
7181	-0.133155199492268	8.91652802933016	-1.55808705234633	0.121870931311254	0.214181679283183	-5.5637387049536
7182	-0.461978886661466	7.88643675687242	-5.23671293850988	7.15227370092175e-07	1.00643578823873e-05	5.50011598476427
7184	-0.267918899635983	14.311270000633	-4.24017353100081	4.44027665165008e-05	0.000328644132102417	1.56302821491894
7187	-0.0042237077901178	7.37727505635972	-0.0525625856150549	0.958168653522623	0.972891589194452	-6.7579198968015
7188	0.0509560736388821	7.93253194864788	0.524123414153637	0.601168572212735	0.711921491968056	-6.62277303337607
7189	-0.0660677715594748	7.52183206371894	-1.04397787037848	0.298613936543704	0.429937443934286	-6.21951681349872
719	1.38722535359092	7.86357051340906	7.90004938239296	1.56709582489911e-12	1.59805080415637e-10	18.1209351994525
72	0.519950796918321	11.1411587553251	2.22491740201172	0.0279738717479528	0.06689756243141	-4.34682451032778
7203	-0.311031075766419	11.2532540826025	-3.78398558766988	0.000243242276273437	0.00136454769384416	-0.0376939084693033
7204	-0.12749287928793	7.85971354979262	-1.47766288908944	0.142142560181637	0.241096580874316	-5.68287421247891
7205	-0.260793100269992	10.778217548319	-3.19437210956281	0.00179437910367279	0.00709166095518527	-1.89112608778155
7247	0.21717718974525	7.81700288764484	1.77800372492894	0.077959901394056	0.151569846311161	-5.20719422905917
7248	-0.00257314754594655	9.11411159293776	-0.040170714876458	0.968024412293784	0.978927723499836	-6.75849164705759
7249	-0.0602503713106522	8.1426851625582	-0.751222850081465	0.454003124627886	0.581495706222102	-6.47917909381201
7251	-0.271563931289722	11.3945558200963	-3.44069138927629	0.000801250787510358	0.00367889466638997	-1.14784123337644
7257	-0.112580036366105	9.1127276793092	-1.27445658382455	0.204987287804552	0.32080238674983	-5.95668787764433
7260	-0.0506678148547728	9.06522014959967	-0.58715892130241	0.558210500013087	0.675835716486385	-6.588010888962
7262	0.213071199975023	12.3363790372261	1.93057090402107	0.0559177052617343	0.116636425621698	-4.93370451189711
7263	-0.0629195422908622	10.8251233912445	-0.838165629136476	0.403619788673446	0.534878783000587	-6.4107931224044
7264	-0.0416943859133301	9.17586924868219	-0.588694365059562	0.557183239864355	0.674927930969288	-6.5871152121949
7265	-0.110081196805753	9.43733303239931	-1.74962434592111	0.0827637002304427	0.158598249124543	-5.25571833929678
7266	-0.117674875176504	9.88125712478261	-1.52035755548137	0.131076505926187	0.226646836707201	-5.62038461135349
7267	-0.0965799912953484	10.751319485682	-1.4776435142793	0.142147741992484	0.241096580874316	-5.68290218117289
7270	-0.132019931927818	7.65169129480359	-1.42512308167224	0.156741875159529	0.259768838045287	-5.75741826238974
7272	-0.373440698245048	8.67878150185194	-3.58915525775905	0.000483093467893498	0.00240963287729486	-0.678102210473463
7277	0.381914499678943	9.89823300452908	2.40061253106661	0.0179186763778938	0.0466020991440185	-3.96013228130181
7280	0.497883491008219	10.2383578443315	3.54739087114997	0.000557821220104626	0.00270876148034345	-0.811864026422413
728294	-0.0252260693506719	9.47591912649616	-0.224099015438705	0.823064954763561	0.879725223388588	-6.73431244634456
7283	-0.135439439535203	9.77649594801112	-1.90995323964412	0.0585486418197039	0.121114896426435	-4.97190134292094
7284	-0.121765891217941	10.6090177391318	-2.06753551343416	0.0408538736118086	0.0909086735004146	-4.67023118696019
7289	-0.0990502561085689	7.32848913166826	-1.20939667264395	0.228910191722391	0.349953393230973	-6.03604841830901
7291	0.298484161823227	9.41351685468726	2.27543257965129	0.0246712367915632	0.0606140439911697	-4.23839453011623
7294	0.885482031558242	6.3408787572104	5.82103261097802	5.06845706811683e-08	1.06799631078176e-06	8.0476533394843
7296	0.143429722258494	9.81307873831028	1.23065588648674	0.220881090389735	0.340197241584786	-6.01056180736564
7297	-0.0612373747894185	9.66822351907836	-0.760063805007064	0.448721211478534	0.576428803547852	-6.47256334075894
7301	-0.172095676580115	8.18792851462757	-1.50002213016036	0.136259871758445	0.23399831590622	-5.65036196977362
7305	1.6130101133217	9.96318146395878	4.41292077726767	2.25673791917937e-05	0.000186406552124216	2.20423183786529
7311	-0.0566673037818181	14.8177095951119	-0.976813811934256	0.330644959120933	0.462465915299613	-6.28646415567801
7314	0.198610926593641	14.6742549059881	3.40468793262708	0.000903818277337758	0.00403324633755261	-1.25932214764349
7317	-0.085390938618544	11.0348642057994	-0.97675882450503	0.330672073434427	0.462465915299613	-6.2865171729211
7318	0.483520369561276	8.18009874409762	4.12126901025155	7.00295883560443e-05	0.000482036999850772	1.13260456991883
7319	0.295930513384518	11.6840541380644	3.90876944110805	0.000154733835084857	0.000943944961448239	0.386356681608502
7320	-0.164167877496826	9.15173480899679	-1.70451090398878	0.090897940076839	0.17064022387152	-5.33132833824823
7322	0.200980278383552	9.81697107055199	4.10610057638933	7.4175046751887e-05	0.000505099658838077	1.07835092400649
7323	-0.131430388888611	12.0350713750805	-2.05539646735394	0.0420312242515148	0.0930331778097434	-4.69426228386171
7324	0.321874254716009	9.93705507078924	4.74694271034493	5.81236688641117e-06	5.86204523586767e-05	3.49501370402578
7325	-0.141067737871102	8.34978204215869	-2.04920812334887	0.0426425329415555	0.0941280924899113	-4.70646238790211
7326	-0.248515887946064	9.55351923128399	-2.91199594330017	0.00429010085963093	0.0145468937194382	-2.68573896708644
7327	0.224377081665868	9.93465860377121	2.80184418484877	0.00593391579683478	0.0189903698108699	-2.97850422130276
7328	0.0122365249203222	9.79841597690901	0.112196468840463	0.910856860798699	0.943171326337878	-6.75303161934957
7329	-0.012034375166439	11.3593688780292	-0.197676188184656	0.843636037257932	0.894191411234507	-6.73985534542642
7334	0.150023735990525	10.9748184019215	2.20345397855908	0.0294900765720533	0.0697959978467507	-4.39221836733007
7336	-0.120645587740844	9.75859801583414	-2.10126998779581	0.0377295461530963	0.0852423553677722	-4.60275854126046
7337	0.0279728626294718	10.0820367353529	0.660681108302359	0.51009512234829	0.632165898064047	-6.54251463229278
734	0.276154763686999	6.69045776160464	2.50868741819207	0.0134651550075468	0.0369508904858262	-3.7090513123876
7341	0.350221842314384	8.9159663488838	1.99958328691438	0.0478255979701111	0.103494744362881	-4.80305574161227
7342	0.0572515124404619	9.04230547654471	0.81949443485435	0.41414434466902	0.545500284957121	-6.42610306579263
7343	-0.305365657415195	7.29338836091769	-3.38906967068754	0.00095203900197769	0.00420301558329007	-1.30738356401225
7347	-0.325538377135221	11.1952355007834	-4.81930605789199	4.2979118840757e-06	4.5572210734872e-05	3.78312266207686
7349	-0.0749996023780185	6.77648350002506	-0.760570773110193	0.44841940454016	0.57640172070335	-6.47218164904825
7351	0.660847813341323	8.83873738976509	3.53322001699546	0.000585563944729029	0.00281370458607433	-0.856963550735031
7353	0.027068301567761	8.95510741797937	0.386349145173483	0.699928743585182	0.791648832262578	-6.68507373266418
7355	-0.107917962110431	9.3676920441291	-1.62020350018555	0.107838329759122	0.19499662955568	-5.46758020871234
7357	0.128479322379148	7.992156988509	1.18507741444371	0.23835051901689	0.36144213091234	-6.06467223284655
7358	0.0972836110742539	9.55333475683974	1.32546959670569	0.187557121093304	0.29957557229938	-5.89163449891603
7360	0.0153709905708232	12.1517406393314	0.183858355968192	0.85443782395415	0.902629035152996	-6.74247763588418
7371	-0.0986741224291279	10.4849898874219	-0.51631888310022	0.606590817961805	0.716596132203162	-6.62680397048708
7372	-0.147053022148684	8.8067483367981	-1.91551230483502	0.0578292190328144	0.119836765983705	-4.96164039619095
7374	-0.139074643661154	9.58306544027843	-1.20374306168961	0.231080415681561	0.35248831644131	-6.04275334265688
7375	-0.0332946014500479	9.47581558241798	-0.608101883571998	0.544279962648237	0.662917705799546	-6.5755937315322
7376	-0.177754556571972	8.88418238539019	-2.12808864452813	0.0353947269502648	0.0810761077673841	-4.54839595896557
7378	-0.430232324501133	10.2966917581777	-3.75989423217008	0.000265136052943727	0.00145807176918454	-0.118327787377388
738	-0.126266835379128	10.5815736392103	-1.97015124997226	0.0511459761091695	0.10919249487251	-4.85929940191702
7381	-0.0555139750488853	10.29484545464	-0.751029374652747	0.454119109629052	0.58155408457922	-6.47932301577793
7384	-0.166442264819304	11.8324662542715	-2.34217670040318	0.020834829056307	0.0527253946094043	-4.09171775354665
7385	0.191947611565576	10.8118781493343	2.32416864946289	0.0218142702357053	0.0547843940854138	-4.1316733317018
7389	0.183106957044898	11.1564119183279	2.83387668390956	0.00540472391097019	0.017596775524089	-2.8943805559349
7390	-0.110731922037445	8.93225350144606	-1.47924648987591	0.141719521174874	0.240716274913522	-5.68058699572015
7392	0.147654598224815	8.60037009397054	2.37844742226715	0.018979213711521	0.0488679255789162	-4.01039019270232
7398	-0.101168757402771	9.78363838111407	-1.36480984665955	0.174890511445697	0.282810419839753	-5.83977511663218
740	-0.167780510026021	10.1561338239019	-2.97961902951423	0.00350008500686218	0.0123655697847227	-2.50117332701304
7402	-0.139693177643581	8.12058745904719	-1.4606284379262	0.146755412707613	0.247151178487614	-5.7073279987101
7403	-0.100780242626137	8.78164175442887	-1.53610064393072	0.127171053180966	0.221703862236129	-5.5969105607939
7405	0.147605130892066	8.33061737205003	2.41847328044542	0.0171026897157277	0.044861294713214	-3.919326915196
7407	-0.281299692039018	9.60953091949264	-2.57260400931867	0.0113242254964847	0.0322656442224779	-3.55588909109918
7408	-0.356806068001006	9.65574948976138	-2.82406843374196	0.00556198879803514	0.0179953104080573	-2.9202276094485
7409	0.446296583525127	6.83430477835993	5.15452311434774	1.02505841686024e-06	1.35906621561245e-05	5.15485123801368
7411	0.0719854972961894	10.1374555063746	1.0179216965224	0.31078236829023	0.442444391947139	-6.24600806753817
7414	-0.144062364352592	11.2522721055996	-1.86463482554075	0.0646988828291456	0.130903136646386	-5.05450348191064
7415	-0.229856659607168	12.1646871744482	-3.605273041657	0.000456867400376796	0.00231567936267635	-0.626144869581839
7419	0.063289385963721	11.5315062393278	1.01102516405438	0.314057804202016	0.445342053683888	-6.25290967201751
7423	0.167945197098774	10.3750564054538	1.94670856564429	0.0539286515808293	0.113664368986387	-4.90353900768363
7424	1.0288430421047	7.37808785295855	7.51961991476909	1.14241377840103e-11	8.90220548074768e-10	16.1881301904455
7425	-0.702309243880294	6.82565017952765	-5.64752690591885	1.12963517430792e-07	2.12063330449624e-06	7.27495300193356
7428	-0.0116652289967511	11.6317293262039	-0.147223595122419	0.883204937174021	0.922984916631758	-6.74851111866844
7430	-0.00456770734137471	13.8625654870014	-0.062590169009581	0.950197974807436	0.967772536610287	-6.75734538344967
7431	0.335067082200087	13.2132878991854	2.70954439755266	0.00773381198143502	0.0236334764952472	-3.21620931333781
7436	0.00536631616677273	8.84066879608308	0.0553899762271198	0.955920766636119	0.971325566787347	-6.75776803454481
7442	0.0242419108227534	6.81392770727619	0.288632230155928	0.773365514481233	0.844269973347498	-6.71785858234469
7443	-0.234185525904553	8.52007192489786	-1.90688078618488	0.0589494811082074	0.121822045022215	-4.97756046710979
7444	-0.0372791573057199	8.83364628004392	-0.505151402378822	0.614387744561149	0.721678437155161	-6.63246712250911
7447	0.350351121790949	7.52240631777702	2.40492923084363	0.0177183604221569	0.046165986676775	-3.95029528541304
7448	1.46772113533023	8.15236552072344	8.19907422782601	3.22532943054409e-13	4.44020351604903e-11	19.6600323042493
7450	1.32739129543513	8.43159193556139	5.68883348006577	9.34475781029332e-08	1.79924707489564e-06	7.45771858235891
7453	0.766588514063884	10.0821327118905	6.69444052686892	7.54846191137928e-10	3.02671336834917e-08	12.1177785274421
7456	0.386237617508353	8.1334373493409	2.95394382697909	0.0037827522526806	0.0131504771073829	-2.57167931735058
746	-0.0903831420303358	13.1229858575243	-1.71489821878791	0.088969543918752	0.167821062518587	-5.3140856265413
7461	0.26986459438276	7.50299525521975	2.50077752364105	0.0137538591056403	0.0375435810352243	-3.72776529938614
7462	0.820644857838954	6.82801859147017	6.12592924530007	1.20392588557285e-08	3.21826142874815e-07	9.43598262699116
7464	-1.38300235528428	8.87638451285981	-7.33342146845279	2.98616805981039e-11	1.97149890713396e-09	15.2539198987188
7465	-0.119746656081668	9.80313244274876	-1.58504898457774	0.115611842057943	0.206253523844192	-5.52244290643596
7466	-0.0505852180274082	10.674219829907	-0.520805547446305	0.603470973104604	0.713736216472118	-6.62449402326408
7468	-0.0615718707165535	6.84045263164324	-0.852042786958632	0.39590359993435	0.526987119359348	-6.39919342421069
7469	0.105919999270996	7.59108130704722	1.05711200070365	0.29260394306161	0.423128250995956	-6.20591423788533
7472	0.761019945553171	9.92063911645884	4.09004299257768	7.88191918183327e-05	0.000533207636707149	1.02108011765712
7474	0.544366944451868	7.76538800321864	2.79612552129788	0.00603322181530044	0.0192559552528522	-2.99343464398278
7476	-0.122380202235046	9.40037484721559	-0.850410265156479	0.396806629092782	0.527476730263656	-6.40056778892529
7485	0.30590289642497	9.22780270830923	3.5873429770919	0.000486129674073982	0.00242039247007299	-0.683932618012699
7486	-0.0443059683959918	8.47379860363588	-0.764693453195202	0.445969439534419	0.574762879976841	-6.46906836354978
7494	-0.145588553746879	13.2692960637052	-1.74445532143559	0.0836642987204135	0.159932216484753	-5.26447677454441
7507	0.236430106820223	8.12968315634222	3.43061789203003	0.000828788679627403	0.00377178759984702	-1.17912936119315
7508	-0.0734232056190634	8.86349429531393	-1.08211330627365	0.281392349111362	0.410944272217088	-6.17956028594193
7511	0.171185432249599	9.83447581551395	3.12907780138707	0.00220620789436009	0.00843670241083996	-2.08041312622174
7514	-0.0120531136747349	10.9011636530294	-0.203153498715455	0.839362379483522	0.890919205157272	-6.73876335095012
7515	0.0984871293485187	9.08296689583596	1.65322036551362	0.10092457374037	0.185088139230785	-5.41500608771204
7516	-0.177015763712426	9.15955494594549	-1.39955531096657	0.164250629047582	0.269081752465892	-5.79275124305767
7518	0.168697060045081	6.92794526341498	1.59767815182156	0.112769396655148	0.202055361468878	-5.50286621675236
752	-0.0148387772036734	6.60126661790815	-0.187900327583646	0.851275145626103	0.900093791970252	-6.74173020959453
7520	-0.0276526591850477	10.43484236515	-0.215034312394852	0.830109036994857	0.884486418994282	-6.73629221009926
7525	0.198245959418831	10.5527141892197	2.86014502027148	0.00500335413244645	0.0164652211689274	-2.82477294067665
7528	-0.106778566992767	11.0682844465119	-1.77698724988898	0.0781279023568202	0.151807586753423	-5.20894501494238
7529	0.0945069052942414	13.1611163444602	1.54910488372629	0.124014687642997	0.217117702401686	-5.57734516961728
7531	-0.0916448408055262	11.4701728509571	-1.01345590322842	0.31290073558848	0.444251463163343	-6.25048240622245
7532	0.00703399509569587	12.044021746081	0.115029665129667	0.908615679857639	0.941676978120966	-6.7527113399275
7533	0.317296718914804	11.1439511169481	5.42720067416871	3.06827407807888e-07	4.9211541524139e-06	6.31315790593287
7534	-0.0101911562118124	12.3183527069015	-0.1556437233228	0.876577843199884	0.918842914761442	-6.74724250889903
7536	0.0435836801890254	9.48370108094591	0.67340414256317	0.501997338219963	0.624284554907692	-6.53410122176127
7538	0.565246065126912	10.0068125165287	4.70554261892601	6.89940353638288e-06	6.72040957671257e-05	3.33150825184737
754	-0.0594069622812217	13.4611081745323	-0.770510756186965	0.442525586419213	0.571797968308634	-6.46464702230149
7542	-0.183556491850898	8.30433012370169	-2.07422413801892	0.040217328381566	0.0897097306053835	-4.65693382161137
7543	0.2398121619696	8.14782538498718	2.45869866154369	0.0153847317588834	0.0411788348439328	-3.82642532395934
7549	0.0584459882172355	7.36338911369212	0.707493045373446	0.480644844110857	0.606556173643712	-6.51077447941704
755	0.318996918992211	6.52861827909732	2.73215773289485	0.0072520324476062	0.0223681060557234	-3.15861925729615
7551	-0.145644200008788	7.38127865777907	-2.23246384153253	0.0274571878412397	0.0659265784526846	-4.3307681494216
7553	0.0421318687627427	7.9064516254969	0.677645597769915	0.499313183413577	0.62211513210497	-6.53126106598245
7555	0.154226607890594	11.7826115756722	2.09781107719833	0.0380401309453283	0.0858266816739722	-4.60972337084774
7556	-0.0558334889799272	7.38707795348596	-0.721384211579625	0.472089571970314	0.598535666074411	-6.50094138971888
7559	0.14950717483858	8.33967945691428	1.15771452880364	0.249301315940212	0.375087225804399	-6.09619951048211
7561	0.0969431592627006	10.45761271132	1.15807599042644	0.249154372855597	0.374934436106254	-6.09578772778026
7564	0.0418614624242626	7.64825110353118	0.773336635153623	0.440858235439008	0.570716977126181	-6.46248729140252
7569	-0.00376130931089859	6.97685219093046	-0.0512546693153247	0.959208613553237	0.973588492006603	-6.75798745551863
757	0.0989122265213663	9.58902695760812	1.35722093948865	0.177282260070714	0.28617382610594	-5.84989346886276
7570	0.252006871884665	9.93304168732413	3.85338250409024	0.000189371790142367	0.00111490448080966	0.196820342476442
7571	0.0114242278136509	7.32771601059219	0.109304243693311	0.913145477048825	0.944443500596421	-6.75335033522374
7572	-0.163262224008841	9.09909658320003	-2.11323037197413	0.036672371654639	0.0833554732711387	-4.57859323992822
7574	0.136543360494114	7.88021144010475	1.89214845245636	0.0609036834060725	0.124922876815038	-5.00457680350528
7580	0.14630958158356	7.962721646637	2.67380702735126	0.00855464737413586	0.0256413374490951	-3.30636099669598
7589	-0.197013564845821	7.53608834827228	-2.581646624654	0.0110474225647194	0.0317176608914084	-3.5339422822284
7593	0.0698832631682488	8.46840467123629	0.935788021036386	0.351279451904971	0.48383663043773	-6.32520326324584
7594	-0.09795134443452	7.32455138665681	-1.05408355416027	0.293982369049407	0.424727829179265	-6.2090655011683
7596	0.358979741779037	7.22096447870123	5.46298336597097	2.61244877683741e-07	4.2900252279676e-06	6.4678323566522
7597	-0.19620697759233	6.92313371163504	-2.69929832348661	0.00796152025118906	0.0241921914263077	-3.24216432520948
760	-0.548057986402425	9.77865987030035	-2.46103685753248	0.0152897746152036	0.0410310390908323	-3.82098266221375
7625	-0.1756394755419	6.69724434682803	-1.74061712157886	0.084338213791177	0.160922533128926	-5.27096433285193
7626	0.110739739790052	7.45100083419811	1.24479649335612	0.215654970897036	0.333578662848224	-5.99336968351715
7627	0.0500395184260569	7.72509573917577	0.682737899950392	0.496100805270298	0.619443500340103	-6.52782779468597
7629	-0.0228365854940772	7.49709906064074	-0.322661479075901	0.747518433111949	0.826130888079301	-6.70751675131994
7633	-0.14404412406638	6.71139718354189	-1.41772738670547	0.158886240171477	0.262375118715794	-5.7677021708777
7637	0.267391869282206	8.08544902932003	3.24508992856747	0.00152515568991114	0.0062058059106729	-1.74183307382586
7639	0.248753285724069	7.60523372749095	1.59017444855225	0.114451451233227	0.204492534541738	-5.51451577662987
7673	0.218864381528044	6.70838676498379	1.84022347250207	0.0682297172625836	0.136492483552662	-5.09822354143266
7678	-0.242968159874714	7.06383174073225	-2.78110001243986	0.00630141043841389	0.0199653433913689	-3.03253635183188
7691	0.102363394503703	6.01228430213958	1.25775175865444	0.210946624908396	0.328386566480088	-5.97745080480699
7692	0.0154264553079852	8.31105420881634	0.216637449393393	0.828862232351632	0.883406714738643	-6.73594802366456
7693	0.155349372837148	7.48968990014757	1.78166924092874	0.0773565443720269	0.150663771872894	-5.20087283319613
7699	0.0535188533800512	8.09714210174332	0.724683005936751	0.47007047012897	0.596891942085364	-6.4985784386782
7702	-0.284425093410832	8.50082873738168	-3.77774414547771	0.000248743492569734	0.00138825760042298	-0.0586227367608831
7703	0.0514719947925449	7.62928392388176	0.689640167352731	0.491764531487546	0.615983648983925	-6.52313352631244
7705	-0.095186032687538	10.2292616876897	-1.8079654520336	0.0731401653178776	0.143808085104896	-5.15516217120223
7706	-0.453044574571493	9.35840964386305	-3.73338568307123	0.000291383994581282	0.00157825035753534	-0.206584881631043
7707	0.159413114749641	9.40749590770919	1.66308684905048	0.0989293746693632	0.182238321759353	-5.39909879681856
7709	0.000408284405325151	7.74252980002331	0.00623430849842567	0.995036223724662	0.996725589129967	-6.75927520237988
7716	0.506239199319314	10.3509913491432	7.22048731707658	5.32677196950019e-11	3.35871270748638e-09	14.6914564300219
7718	-0.588317359472868	9.68844163859822	-5.78200349850241	6.07631538956028e-08	1.24851654521811e-06	7.87270400216764
7726	-0.0529865438792629	9.18584517982922	-0.802983198450158	0.423586987918336	0.554489464374874	-6.43935778687397
7727	-0.255957261098782	7.09511332180596	-4.63651687603943	9.16355831749342e-06	8.59148600482357e-05	3.06107486795218
7728	-0.44632955908059	7.80703219387891	-3.23733236822399	0.00156373643070524	0.00633470471683437	-1.76479566792741
7733	0.0445763606477876	6.57057075938776	0.675628725160865	0.500588573988442	0.62331627639652	-6.53261380717272
7737	-0.149636682226535	9.30703237552929	-2.03253734349596	0.0443273426121041	0.0973527918043019	-4.73915779431248
7739	0.893193245138884	8.64316523668482	8.25226087401444	2.43095483419427e-13	3.71846054267494e-11	19.9354083387129
7743	0.115803945516677	8.0222866725759	1.62023430794303	0.107831705895676	0.19499662955568	-5.46753162471756
7746	-0.278357218443988	8.03009019807147	-1.562103153671	0.120921956774515	0.212999774094626	-5.55763057351275
7748	-0.228761752308381	8.2688293593283	-2.57261733443602	0.0113238130553113	0.0322656442224779	-3.55585680106294
775	0.18742237786579	7.10598241097619	2.09650583990337	0.0381579025472867	0.0860453931314736	-4.61234881825371
7750	0.178610484602538	8.21086902914453	2.6963340128752	0.00802852363992784	0.0243092394669369	-3.24965722738288
7752	0.323828772926005	8.38874625727601	5.36685628527891	4.01897435921427e-07	6.1248576027878e-06	6.05369092555225
7755	0.0522815732655961	6.76973990269761	0.685800867207813	0.494173983966189	0.617530576030367	-6.52575043566887
7756	-0.0816709674665432	10.5859921154857	-1.30857069854123	0.193204070420719	0.306484659434442	-5.9134591763374
7763	0.272918879823381	12.128617763524	4.61151129669241	1.01493117001185e-05	9.3878291873437e-05	2.96378507477807
7764	-0.131444623983247	10.4079848897071	-1.84925554825318	0.0669050633934373	0.13451737742214	-5.08211067959867
7766	-0.0324343983211857	8.64214002300811	-0.268343724081485	0.788899854336407	0.855046948801827	-6.72347734946819
7767	-0.14198090752543	6.9158810949328	-1.48402238561376	0.140449630839427	0.239396192887673	-5.67367481216905
7769	0.0767026004580852	8.33880268534011	0.731353515783312	0.466002433269795	0.592911290635937	-6.49376765741736
7771	0.07938762917566	7.26091607434795	0.937011694708773	0.35065227374686	0.483403080625563	-6.32407147558391
7775	-0.347991891539523	7.72820843529569	-3.6573034556048	0.000381089887651563	0.00198224337027828	-0.45715178066288
7776	-0.0577461339783177	6.90588361075396	-0.707032299352909	0.480930066045664	0.606763761346752	-6.51109737825146
7779	-0.606875172909479	9.20830007336651	-6.127117300707	1.19711856904723e-08	3.21045434426304e-07	9.44146473774835
7780	-0.642844367064395	11.5988464385951	-4.02697699481148	9.98972921574154e-05	0.000655934686692869	0.797783269120883
7791	0.0368525871040717	9.90636144493726	0.405299071364762	0.685986160160075	0.780582130172505	-6.67761952057647
7799	-0.0429853974270604	7.31388614978688	-0.700506047046691	0.484980109894038	0.610474810686491	-6.51564868784514
780	-0.460707142407969	10.7302332941934	-4.83643286942243	3.99995497810465e-06	4.32455865433827e-05	3.85173864650499
7802	0.285211039760084	7.24730907411128	2.88839049802704	0.0046023703001406	0.0153861662870531	-2.74930359195829
7803	0.066850819174946	10.7646493378499	0.762104333132957	0.447507160489292	0.575708755083193	-6.47102551141988
7804	-0.600220877945361	10.0828990786746	-4.27179282904365	3.92804167970119e-05	0.000297393439728064	1.67900185129317
7805	1.35974014294817	8.34191462741336	6.30402965575907	5.11632950124954e-09	1.54236794453727e-07	10.2637601681851
7812	-0.357506739024402	10.5133372978406	-5.14771928774071	1.05590453767656e-06	1.38660913850689e-05	5.12642294423859
7813	0.0109977209736732	9.3610873127578	0.105007482028766	0.916546843773763	0.946462513291423	-6.75380846292946
7818	-0.422936614981223	11.164482810147	-5.22558769439572	7.51075266493165e-07	1.04618578435642e-05	5.45318193053673
7832	0.804541289757712	10.0547912364712	3.89277023231212	0.000164064180964295	0.00098773333437688	0.331392497663725
7841	-0.483258506586635	10.4530970390243	-4.45545683244619	1.90527886045725e-05	0.000162578547390257	2.36493393594431
7844	-0.0424220045687656	10.6411100459704	-0.558272934016742	0.577707983727574	0.692880491591369	-6.60442756133903
7846	0.0531843570909599	13.1182014526673	0.55962737795567	0.576786549116225	0.692076829706569	-6.6036761961933
7852	0.691995308659833	7.24228487535735	4.21353591549639	4.92104510756433e-05	0.000355624082138944	1.46581709690742
7855	-0.132177891836573	8.50035474700587	-1.38602788617278	0.168332817649333	0.27424636563777	-5.81119501698216
7862	-0.0457548019419006	8.85456768165414	-0.788764249782625	0.43182001993099	0.562414595495109	-6.45055848021543
7866	-0.268077107333291	8.47460279129297	-3.21158281752585	0.00169841765375821	0.00676659077438035	-1.84068544877201
7867	0.55515184546361	8.81283940960432	4.72151328177275	6.45855413783422e-06	6.38894097946235e-05	3.39446755313896
7869	0.736374627094795	12.8850948810592	3.26775024462598	0.0014174831803572	0.0058250801342042	-1.67449539143173
7871	0.215896615879257	8.81140592109847	3.05842824289557	0.00274952352905064	0.0101388680133742	-2.28149442639398
7873	-0.35784243402021	12.812956762321	-3.38656158367996	0.000960003921891281	0.00422463100416728	-1.31508468825527
7874	-0.0567983430812161	9.2281660967301	-0.982321157797837	0.327936666272211	0.459656688173843	-6.28113926298136
7879	0.0663145032289293	11.3592739954388	0.806278633294979	0.4216922305563	0.552926606914565	-6.43673362109144
788	0.251287890147322	7.51278184064251	3.32329210722536	0.00118284250695179	0.0050284503898208	-1.50779998816417
7884	0.414593373876366	10.9563468836885	4.91239757030057	2.90309990780901e-06	3.30753175703482e-05	4.15802343407066
78987	0.176574265786976	9.47761252777066	1.37464950490418	0.171825821047736	0.278846916319921	-5.82657445737866
78988	0.0916661715134314	10.7234649242189	1.06991822029625	0.286823709437522	0.416739461733321	-6.19249063022667
78989	-0.67689563168389	9.57563345487477	-5.14586077858938	1.06448645172581e-06	1.39566001448495e-05	5.11866168226159
78990	-0.566509544858527	7.98941773653323	-3.24452274591366	0.00152794610173091	0.0062140988676993	-1.7435135054359
78992	-0.671442638197071	9.50137682479605	-7.24151675412752	4.78370188538367e-11	3.06305252505962e-09	14.7959453816387
78994	0.0210852528025569	9.02514837361363	0.318843986858356	0.750404363634443	0.827769770782653	-6.70873416934869
78995	-0.425178974498115	7.52086183969716	-4.36057153961232	2.77554423861835e-05	0.000220654431289582	2.0079697581911
78996	-0.596906865588703	9.29607275566269	-5.54163631542831	1.83084477930956e-07	3.2259580434958e-06	6.80992203135616
78999	0.112474500299744	6.6872772878107	1.15903783458127	0.248763658111578	0.374414689504671	-6.09469136798705
790	-0.323503300870921	8.17948936758691	-3.04800168972496	0.00283946613979139	0.0103824658320836	-2.31083940765283
79000	-0.419897219424998	8.40366449088774	-4.38795197849207	2.49132278683533e-05	0.000202742130239013	2.1104120541171
79001	-0.320522739994884	11.1148957026565	-3.31221290832565	0.00122652964278269	0.00518216616336832	-1.54123755805861
79002	-0.370239554167119	11.1504929148413	-4.00784520620025	0.000107291705839245	0.00069726946517086	0.730561909535815
79003	0.0973826318167561	9.56558151057274	1.49296131728369	0.138096643594713	0.236214180180644	-5.66067978010136
79004	0.180363439071203	9.43310573112151	2.56927439059498	0.011427708703026	0.0324708888500155	-3.56395289378508
79009	-0.189079012986872	9.66333655918145	-3.28329326971251	0.00134777849365341	0.00560838808945952	-1.62808195532094
79016	-0.0434411167792386	10.3842683331766	-0.707416704554019	0.480692095965101	0.606556173643712	-6.51082799480837
79017	-0.0939200589856217	11.8213611945275	-0.995903124415873	0.321320070665713	0.452841457720319	-6.26788140987793
79018	0.00153866377755015	7.58970374540641	0.0148754303823943	0.988156498062571	0.992009035735283	-6.75918444240089
79019	-0.206772323590003	8.63858048604676	-1.89674081351818	0.0602887709670773	0.123907750233406	-4.99617641227201
79020	0.12103094070369	7.82022087992303	1.88847493738116	0.0613993433113649	0.125658715498482	-5.01128264142004
79022	0.415388491403367	10.1957993954158	4.0130829468041	0.000105216921892609	0.000685944573664521	0.748941100950804
79023	-0.213852526690498	10.2937304292676	-2.51528678221258	0.0132284465109357	0.0363859367899864	-3.69339729686976
79026	0.269126133410115	10.9006775878028	1.88033076973812	0.062510289389067	0.127364329144966	-5.02610571977542
79027	-0.052813096867328	8.06263774579752	-0.684251829513942	0.495147930374758	0.61837343587776	-6.52680217361475
79029	-0.117082224998845	9.17403909348793	-1.48239165279677	0.140882235635908	0.239836617137799	-5.67603739483597
7903	-0.16078047493635	7.99655364414561	-1.4247974671279	0.156835816354424	0.259774662247186	-5.75787212579178
79034	0.125198181160609	8.89273184057903	2.49556211331894	0.0139472328503872	0.037971042631575	-3.74007536255243
79036	0.0186179287680527	11.5660207623912	0.421726915090155	0.673985996903595	0.770536240058642	-6.67086944140898
79038	0.226123056258914	10.7397575706865	3.21772485882352	0.00166534474797377	0.00665493353568619	-1.82262953131605
79039	0.0113755986867581	8.4717966417961	0.149601731033538	0.881332356335559	0.921728650383394	-6.74815996438317
79042	0.121589380728128	11.3566624985008	2.25350301564952	0.0260604728549897	0.0632112601505019	-4.28574016358666
79048	-0.215587942376548	10.0026625405815	-3.16897623335545	0.00194522823489267	0.00757190632432302	-1.96513956539693
7905	0.160270979982052	11.5165377212686	2.17087633511181	0.0319281076750625	0.0745912253870154	-4.46034359760495
79050	-0.10282148031845	7.5795341582982	-1.30005840070956	0.196096005612358	0.310000575379536	-5.92434967867153
79053	-0.200432784729211	10.5072550537914	-2.07805807973044	0.0398563133437929	0.0890487282174004	-4.64929373461503
79056	-0.117142561467149	8.34845331019325	-0.937681696535169	0.350309177745823	0.483225418867819	-6.3234511671004
79058	0.299478001936093	9.73245128425846	3.40350305015386	0.000907394645520886	0.00403829729094963	-1.26297468973171
79065	0.403778224874069	9.73079220018544	5.02210112796179	1.81797413246623e-06	2.22466167913645e-05	4.60584730973246
79070	-0.0653071572164029	8.19435089541091	-0.694323339128184	0.488834150713611	0.613549625420821	-6.51992180627573
79071	-0.373573938256993	8.25954505589123	-2.56178619789602	0.011663550324006	0.032959605089391	-3.5820540036483
79072	-0.156050298782813	8.14261556489007	-2.12189015344184	0.0359229755038002	0.0819905437030644	-4.56101731119292
79073	-0.0243266380418173	10.4544224409878	-0.364249908641871	0.716318490305454	0.804046028692073	-6.69331711909955
79074	-0.255560654050709	8.754157649616	-3.97096776882375	0.000123045631641014	0.000781813013349829	0.601675710525762
79077	-0.205510938134111	10.5645789643221	-2.15679798846672	0.0330347048159209	0.0765712562237615	-4.48949404318043
79078	-0.169104147577529	9.34711530492177	-2.97833222304295	0.00351377535212576	0.0123901491702236	-2.50471947822154
79080	-0.061780240573091	9.40433002464087	-0.62002782001921	0.536426184943818	0.656232270088261	-6.56832957972668
79083	-1.13368123935883	8.96330667825687	-5.30536031226977	5.28236600379233e-07	7.73623106229161e-06	5.79107805215813
79084	0.0371913654564687	8.73596840045209	0.638800415234898	0.524181649551682	0.644594376253818	-6.55661117856274
79085	0.0447987961984009	8.18119830468173	0.483640316504113	0.629530835209495	0.735283469857244	-6.64302811604944
79086	0.039029422407131	10.0580360638637	0.697540948877221	0.486826344935011	0.611866343451489	-6.51770267490404
79087	-0.232416939360663	7.85519711852489	-3.1837248422522	0.00185624666244093	0.00728923260410734	-1.92221683765291
79088	0.0361032001708316	8.03973474990386	0.603944829561656	0.547031116612267	0.665068740538317	-6.57809286545785
79089	-0.0709475060153479	9.25586768333769	-0.927772450371994	0.3554055130685	0.488054786025903	-6.33258090562071
79090	-0.0403708745428319	9.13653164861867	-0.664237487712353	0.507824659242065	0.630257526060511	-6.54017892888788
79091	0.0771459804663914	8.58607593619042	1.47799610736096	0.142053463634536	0.241085187923005	-5.68239313673913
79095	-0.0160124293301135	7.86727721899162	-0.181774820486851	0.856069034704456	0.903658814908474	-6.74285657084397
79096	0.0795756350052372	7.93291857178722	1.07354730219638	0.285199974882811	0.414964205131586	-6.18865776354559
79101	-0.343867414874884	9.80809922069083	-3.13097402979681	0.00219310273115859	0.00840214682716604	-2.07496251085871
79109	-0.156088505058638	8.99241936501499	-2.10730682606558	0.0371927147607022	0.0842368587670413	-4.5905773317835
7913	0.132234047252851	11.1617493559385	1.72030764487346	0.0879785825632807	0.166331675892126	-5.30506664661558
79132	0.228318367534297	7.10419429298055	1.91357404790911	0.0580792078545561	0.120294447562345	-4.96522122046641
79133	0.0629514301512622	8.82157379834879	0.913024279538031	0.363077752458451	0.495793224850922	-6.34599190049975
79135	0.127313786607487	9.61361937497296	1.72927877981114	0.0863550293742811	0.163824653796868	-5.29004981137018
79137	-0.20071718663333	8.84266691303078	-2.61498946215628	0.010078606492228	0.0294167101151248	-3.4524247167259
79139	-0.0257075638930529	10.5162820551978	-0.344676944264822	0.730946288868874	0.814133811496346	-6.70021371415652
79142	0.136904914861738	9.5241802705298	2.74149393996863	0.00706120375647311	0.0219001724062778	-3.13471957374114
79143	0.00472333401862642	9.42471182857949	0.0539199587239385	0.957089445286346	0.972256243734331	-6.75784798353059
79144	-0.50785374707387	9.50783893245435	-4.04932511098196	9.18763049448466e-05	0.000610537633824966	0.876611853368528
79145	0.315523183321065	9.33270021111608	4.27938307409438	3.81381064748183e-05	0.000290074364163903	1.7069350994755
79147	0.199239921673019	8.16207876004086	2.88920134981758	0.00459130690768665	0.0153601438061935	-2.74712756892862
79148	0.271176585567766	6.65756263813086	3.2476924798045	0.0015124125558617	0.00616306251179953	-1.73411916969574
79149	0.0367501293792674	6.82671959725496	0.546197965401831	0.585953489297627	0.699721818938615	-6.61104598610917
7915	0.284125827237002	7.81337254960518	2.00226801507573	0.0475320622074154	0.103048512817126	-4.7978865284734
79153	-0.394743217894341	7.86064074230394	-2.78813996987537	0.00617443036065892	0.0196232376987467	-3.01423884915955
79154	-0.0513597933813446	7.28654705284715	-0.642885349414522	0.521536571438655	0.642574448985931	-6.55401526070787
79155	-0.331320735008447	8.87456890463803	-4.38287043321983	2.5418606367538e-05	0.000206448071382364	2.09136495677226
79156	-0.0256247642746466	10.0450139214254	-0.33200124792945	0.740472964431265	0.821201219951967	-6.70447727253668
79157	0.19902892373957	9.94610202427275	2.38931780274379	0.0184523430699541	0.0477644480594864	-3.98579516681147
79158	0.159973358928485	8.37868969277226	2.29104565303708	0.0237221538808806	0.0587013154751568	-4.2044303761869
79159	0.0233462362924446	9.3014923395137	0.35917549563859	0.720100984068241	0.806665449936122	-6.69514159190297
7916	-0.121882379656087	8.08211857594925	-1.15911224741084	0.248733448656638	0.374414689504671	-6.094606511315
79161	0.369774446739096	9.75534284517831	4.23151659668289	4.59134561246748e-05	0.000337106797857612	1.53138630762021
79165	0.0762893005909033	6.85319297287113	1.19703813486206	0.233673343501313	0.355852104963283	-6.05066534673436
79169	-0.391406787174767	9.18672274524407	-5.09937573067674	1.30266344834607e-06	1.67061249342935e-05	4.92511337152131
7917	-0.233861934447825	10.717130240354	-3.29955370839865	0.00127829248299451	0.00537064898755578	-1.57933035371098
79171	0.0286145491407797	10.3787309246323	0.34255270816104	0.732539919954228	0.815029598440453	-6.7009393349559
79172	-0.40420922246775	7.19723638341433	-3.65455192710583	0.000384779615870591	0.00200017597677224	-0.466136940374097
79174	-0.512503204688178	11.4178768230454	-4.52627298462425	1.43406259873008e-05	0.000126688310861074	2.63489634534335
79175	0.10302099113631	6.57061267700892	1.12788013007176	0.261641792396768	0.387652234116108	-6.12975391290857
79177	-0.0454348810813329	7.92144145284935	-0.696809592222275	0.487282318808494	0.612253111250101	-6.51820797288573
7918	-0.0112068326853906	8.22914695354942	-0.122023559425614	0.903086396511757	0.937593468475002	-6.75188652831925
79180	-0.0429857454662562	10.1762917499794	-0.432067536501035	0.66647502247466	0.764170417218308	-6.66648345087578
79183	-0.0776146988445098	8.50934910212617	-0.919597727435885	0.359645257085437	0.492369241311882	-6.34004061371335
79184	-0.178565427147335	9.11570646362673	-1.85831518432782	0.0655979765051949	0.132381941346912	-5.0658739019219
79188	0.173422342965238	10.7930595242956	2.16170237976776	0.0326454894715211	0.0759759426461562	-4.47935894747773
79191	0.303325320779338	8.29140214431549	1.39890669000743	0.164444624861006	0.269239365976593	-5.79363955109939
7920	0.114653037184943	9.02917653844949	1.94615281016093	0.0539961436896359	0.113723763960312	-4.9045817744036
7922	-0.178945959384563	8.99957684849518	-1.89469300809061	0.0605623231689725	0.124346206655658	-4.99992464394466
79228	-0.200941673198052	8.45751017367052	-3.48767466482078	0.000683796539858551	0.00321100592338353	-1.000925190171
7923	-0.446983875784744	8.88099150427211	-4.66228240037019	8.24495419560667e-06	7.83697602482291e-05	3.16170022263622
79230	0.0582646519965088	8.14887877337654	0.467309827409763	0.641133676672417	0.744436919972006	-6.65074003640608
79269	0.246218895443442	8.78356047847343	3.23807398734608	0.00156000916348032	0.00632581035363153	-1.76260243958811
7936	-0.137335236876378	10.3722419807078	-2.03898731750088	0.0436688548006924	0.0960598510396056	-4.72653734887289
79364	-0.127075736486077	7.65518561007313	-1.37219649597897	0.172586007846924	0.279741056674959	-5.82987395137452
79365	1.12444524872257	8.16418628352784	6.86929343932269	3.15427425372876e-10	1.48881744775997e-08	12.9642749909997
7940	0.877942204970122	7.28192906376588	6.39581873747191	3.27739884411987e-09	1.05335853900506e-07	10.6949296586132
7941	1.04873445191416	8.76975854506661	4.66923698794788	8.01269593801817e-06	7.65293344029007e-05	3.18892645434597
79411	0.528766462730381	7.5224610721814	4.97932475159196	2.18355398870896e-06	2.61393564445449e-05	4.43046389328049
7942	0.266619398246058	7.64140394351835	2.80430370435388	0.00589166618064257	0.0188844247776902	-2.97207464660525
79443	0.0890242210153143	8.21628184776297	1.35155389879963	0.179084335833677	0.288210114725112	-5.85741372087174
79446	0.0113455774481864	6.61354675485879	0.126042593035977	0.899911134454694	0.935119633991165	-6.75139053700761
79447	-0.226708441334411	10.2992575103326	-3.88004016956611	0.000171868483328447	0.00102500626158337	0.287783364000977
79567	0.751027362022143	8.25119515314689	6.05614844915756	1.67818947518204e-08	4.27834724228507e-07	9.11495072793095
79568	-0.00333846343341106	9.99826392578035	-0.0523787986828817	0.958314783227938	0.972920367436427	-6.75792949286476
79571	0.0921030613176756	8.79512999173777	1.69732323548365	0.0922521474074526	0.172594051548258	-5.34320134603209
79572	0.0192929494445352	8.56677028564875	0.21151317983398	0.832849037436655	0.886096423948705	-6.73703921473992
79573	-0.170601458367226	7.72871694140352	-1.76534511507688	0.0800734602669757	0.154353974750343	-5.22892985371294
79575	0.331053490494727	8.19372267806295	2.93877377615742	0.00395948893402062	0.0136457786875736	-2.61309037907884
79576	0.0625115967288558	8.3396240748288	0.876966112764107	0.382273837746805	0.51485111687406	-6.37788817056447
79581	-0.0807912331602429	10.3162988279447	-1.16457033847156	0.246524701882736	0.372061764580925	-6.08836786049675
79582	0.0800754864189191	8.01040977773078	0.813669051001259	0.417461348946969	0.548879321552637	-6.43080996273451
79585	0.12472826883863	8.13572550861123	1.68906623865321	0.0938280283890282	0.174711342311401	-5.35678177033984
79586	-0.575417423756833	10.3481710075012	-4.17124286710575	5.78851902182363e-05	0.000407267181603604	1.31240144761773
79587	-0.0500262730642933	9.34761198679851	-0.539226986864202	0.590738729751085	0.70333761424917	-6.61480130208526
79589	0.802251075528497	9.10788647174279	4.18938680054041	5.39976866101089e-05	0.000386002278188262	1.3780775264725
79590	1.51533601919733e-05	10.8031696444692	0.000203930154690638	0.999837629102052	0.99995868947608	-6.75929451999171
79591	-0.0763072502450235	8.87148362766698	-1.13221419024783	0.259823004972481	0.385718551594661	-6.12493264326348
79594	0.0327646998121483	9.68554628872953	0.534231716584605	0.594178901148804	0.705972054587043	-6.61746276942527
79595	-0.477137317671123	9.98828477343975	-4.94213034698674	2.55876578276123e-06	2.9807203782198e-05	4.27875923809116
79596	-0.0212164634435979	9.59066490667935	-0.320440001419473	0.749197382781011	0.827103460455199	-6.70822695150246
79600	0.424615397901493	8.95243267586959	4.16158285530722	6.00630198400141e-05	0.000420085134528803	1.27752098619984
79602	0.014297150830271	9.96646747697937	0.262116463820744	0.793685312309368	0.858768755524676	-6.72511994765554
79607	0.157683018941496	7.24471434210784	2.22155659339935	0.0282066954948921	0.0672984704759702	-4.35395913514343
79609	-0.10580630626964	8.08781433230989	-1.7197891979076	0.0880731654665496	0.166472390561487	-5.30593220849161
79612	0.292725478870587	8.0350888882738	3.56797249948193	0.000519727579377141	0.00255380714197215	-0.746103011879412
79618	0.304278749201459	9.80187891782206	2.98479575134042	0.00344550495230932	0.0122355420920357	-2.48689414596193
79621	0.230558054290627	8.84636399391221	2.56676755574801	0.0115061801633474	0.0326153219455215	-3.57001788953996
79622	-0.191021014154363	9.31354378814337	-1.58087039619306	0.116564777227561	0.207282036576891	-5.52888743903724
79624	0.368168160508715	9.32264413227857	3.1377340198193	0.00214696892093592	0.0082560350497815	-2.05550854187222
79627	-0.285726860454362	9.55904002919195	-2.21014065482853	0.0290102200486679	0.0688075123456562	-4.37811985334084
79629	-0.579771962644631	9.67816451582671	-5.63836731410203	1.17804271621374e-07	2.19653111420441e-06	7.23452801650897
79630	0.86880446823798	9.18284827077548	6.40414956816641	3.14710822124202e-09	1.01543413701012e-07	10.7342114418979
79631	-0.0616484388925755	8.26671729861455	-0.817768396026223	0.415125510476158	0.546444098252281	-6.42750116224843
79632	0.0500329842048682	10.5692509040907	0.43552499123892	0.66397116662284	0.762251818805373	-6.66499334141512
79634	0.188170028718316	7.36257070993817	2.87585647271977	0.00477652528731927	0.0158832926220842	-2.78287283072553
79635	0.120198793500406	7.16302071280918	1.51887645739871	0.131448723530161	0.227147794217391	-5.62258107053809
79637	0.153430919461637	8.57912626810989	1.80919271999353	0.0729481266664487	0.143503645778516	-5.15301333733991
79641	0.0936722935309082	7.75368272567499	1.00694258682097	0.316007578189645	0.447569032209614	-6.25697352545799
79644	-0.187653306281654	7.174651950062	-1.4265507889573	0.156330485437921	0.259347220268573	-5.75542704558479
79646	0.0560821653183138	7.33227743479714	0.610117888519625	0.542948275392226	0.661645769845498	-6.57437561758909
79647	-0.438400255501085	9.45159939941338	-4.58331818712412	1.13837840451528e-05	0.000103785934009892	2.85453047913177
79648	-0.0558811239592102	7.36875456622954	-0.689382360079269	0.491926124917732	0.616026348062533	-6.5233097044785
7965	-0.27161049063597	10.737791614288	-3.43022308557664	0.000829885858680019	0.00377262366136321	-1.18035409768752
79650	-0.170098033985163	9.35488410424181	-2.23670614170267	0.0271704054923816	0.0654350102384332	-4.32171999444485
79651	0.767788902546326	7.91369537454787	5.95382372800653	2.72211736553778e-08	6.42419698266917e-07	8.6476800296892
79652	0.660955026952023	6.5103242324949	5.58364613741282	1.51252812295861e-07	2.74582028475563e-06	6.99380550637787
79654	-0.201983625383269	8.63155317901805	-2.40418853460018	0.0177525904634544	0.0462283723922237	-3.95198433927133
79657	0.0393785274117251	8.28165878300203	0.532485563617435	0.59538363631783	0.706996669923127	-6.61838730103506
79658	-0.398698128597388	8.44066639986348	-4.58732312277692	1.11999695958374e-05	0.000102556079443052	2.87002216731134
79660	-0.584806696001628	8.32774703406103	-4.24506479595461	4.3570437122682e-05	0.000322772924334846	1.58092721234986
79661	0.0961219710355898	7.3167141242612	1.18076456623813	0.240053343121029	0.363757221460227	-6.06968921003987
79663	0.10422886685345	9.25829862725958	1.30195514601424	0.195448847513132	0.309332722831667	-5.92192899045798
79664	-0.0422888342898918	7.84446701034046	-0.557793890475374	0.578034047190175	0.692898153069257	-6.60469287273436
79666	0.442596937700356	9.05940807734192	3.22981232289003	0.00160200287880017	0.00643919405298755	-1.78701136461985
79669	-0.434981103563638	8.36151267113432	-4.55935533880977	1.25460552919856e-05	0.000113381199903502	2.76203540165432
79670	-0.291330410370332	8.76277068795926	-3.1670935289581	0.00195686819274987	0.00759930948383355	-1.97060670699839
79672	0.141355628530565	10.7751382751633	1.87876542997252	0.062725734964188	0.127708792409217	-5.02894786175661
79675	-0.250212297794787	8.33401347524213	-3.23291560089114	0.00158610697877916	0.00638649685930714	-1.77784890394383
79677	0.169230526921489	7.67716823909493	1.55301587340191	0.12307762470644	0.215843138020212	-5.57142996179782
79680	-0.228634893640921	7.79226341398468	-2.76157344697353	0.00666616701003294	0.0209522600848067	-3.08307544891972
79682	0.0563721904178492	8.27665865712996	0.467819566101566	0.640770141071435	0.744306196772614	-6.65050330672634
79683	-0.362184666623398	8.94924612981569	-4.12762804880772	6.83585423177014e-05	0.000472108327378105	1.15539365535413
79684	-0.139905555023064	7.28909059635859	-2.38669716351613	0.0185781615596533	0.0480193615781454	-3.99173386309326
79685	0.0976927678579185	9.51298897644155	1.776001450731	0.0782911182508092	0.151988022003116	-5.21064205822001
79689	-0.803719988407314	8.81922818463469	-4.70269908081783	6.98089407637253e-06	6.79177680457445e-05	3.32031372910344
79691	0.0680937993321661	8.47807349632745	1.10773311746646	0.270213379178174	0.397783374088705	-6.15192809923922
79693	0.0346602847635687	11.0545266169907	0.298350987421849	0.765956150719462	0.838652943391139	-6.71502223452983
79694	0.165509108900411	7.2746622728798	2.15665170835745	0.0330463752036638	0.0765712562237615	-4.48979600960438
79696	-0.212611605840815	7.70698256757537	-1.88604111836501	0.0617295928836559	0.12617828191512	-5.01571871603671
79697	-0.194821695727851	8.47222289145078	-2.27456885752628	0.0247246995131704	0.0607273321376115	-4.24026723802785
79699	0.0787779193449204	9.84530292359136	0.90256506099454	0.36858194758299	0.50139770866856	-6.35537440248821
79701	-0.283400525922082	9.44895272493386	-3.5721275084377	0.00051234119395047	0.00252201326700291	-0.732790101008479
79705	0.127510107129411	7.29525477551631	1.35138926952525	0.179136892130596	0.288210114725112	-5.85763173062873
79709	0.395164887036732	9.93543545057795	3.96069349611406	0.000127813822705935	0.000805910057672539	0.565928905554927
79710	0.379362077875885	11.2369821779796	2.71105094048582	0.00770083359994302	0.0235675752262058	-3.21238567377384
79711	-0.293503377992694	7.83998706992708	-2.65179069649359	0.00909880906244062	0.0269763685770853	-3.36137239112829
79712	0.310738827200656	7.30844095494523	3.76547226916561	0.000259906353944567	0.00143456169250234	-0.0996939641459376
79713	0.496814645086377	7.80776066650045	5.1337157721971	1.12226456603098e-06	1.45524416254567e-05	5.06798679706427
79714	-0.168449885349723	8.74230677437136	-1.87752591656603	0.0628967762046592	0.127962406761203	-5.03119682916432
79717	0.0683946629347508	11.2083173352756	0.938285390008403	0.350000221805487	0.482933419991414	-6.32289187486222
79718	-0.0548901003529708	8.95697844186311	-0.799630530830382	0.42551981941981	0.555874380580046	-6.44201661852891
79719	0.0849215866320578	8.95969866423802	1.15102103008955	0.252033479023065	0.377752955313104	-6.10380214002298
79720	-0.27269250662197	9.35184452490216	-3.91225111853748	0.000152771508882034	0.000934043422180314	0.398340716786622
79724	0.00254617410336244	7.29521245494066	0.0303284290752311	0.975855982989116	0.98431681761999	-6.75883688379399
79726	-0.0459606771045215	9.58448249778541	-0.832130384924857	0.407003859929111	0.538030488587512	-6.4157791640188
79730	-0.00134820485249896	6.95348490182654	-0.0171502681005426	0.986345487740788	0.991024659863631	-6.75914819390815
79731	-0.185569275193873	8.86577692739026	-2.98424643683517	0.00345125914523765	0.0122454469672092	-2.48841035396266
79734	-0.0241704704848242	7.59915764608944	-0.247043002185891	0.805301078544911	0.86708688979966	-6.72893647744148
79735	0.0401304624535663	7.95938157543373	0.44793440816728	0.655015795317245	0.755238227562516	-6.65954758718896
79744	-0.149367627882567	8.54456432067952	-2.50626377132181	0.0135530343830938	0.0371180583568815	-3.71479104969618
79745	0.0202064071706359	9.45478456946815	0.132614976028788	0.894722100052144	0.931367932757494	-6.7505448143144
79746	-0.123578148884813	9.81049589530913	-1.32868495660779	0.186496786853354	0.298134983435012	-5.88745113106795
79751	-0.227926042575459	8.05314129167899	-2.26331715377101	0.0254304982322496	0.0619917231444426	-4.2646035034975
79752	-0.119178059926696	8.96443826208571	-1.20622779135339	0.230124798080329	0.351420009640139	-6.03981034155832
79753	-0.0114182855146473	7.928087842866	-0.177613666318071	0.859328681443532	0.906514217851303	-6.74360044645738
79755	-0.452139209984245	9.36047414583093	-4.77344213701767	5.20577412545133e-06	5.36825147019076e-05	3.60017882022089
79758	0.00372342570004839	7.80517050965495	0.0560060265586552	0.955431028832883	0.970947379202708	-6.75773389040345
7976	-0.0736156487988866	7.07824037493059	-0.733846763527994	0.464487014387225	0.591621085403004	-6.49195830938393
79762	0.116499632547774	11.3558902879282	0.959751442426056	0.33912831316715	0.471106603895166	-6.30277423681718
79763	-0.219573411818479	8.7315075611327	-1.53594386555131	0.127209488789746	0.221724072041212	-5.5971454736747
79767	-0.0631318566602223	8.2704780451623	-0.766376754598631	0.44497133607813	0.573932422861548	-6.46779240991973
79768	0.0752611822523557	11.0065416209564	0.325168869694479	0.74562485246854	0.824589808728095	-6.70670926167571
79770	-0.0684428243554272	10.3595913047569	-0.859125014649677	0.392000642529725	0.523005218429257	-6.39320099461315
79774	-0.326724083255878	8.39491544541683	-3.22881943123088	0.00160712003496164	0.00645411671317412	-1.78994133369847
7978	-0.112258691192116	7.14861821481388	-1.34294778224242	0.181847347039201	0.292002155237908	-5.86877583384685
79786	-0.341075142672545	8.71351753164409	-5.98540586049189	2.3456156308094e-08	5.66514184517124e-07	8.79145311232373
79789	0.00558775966375858	7.87685110828891	0.040873890802366	0.967465001081908	0.978481805918521	-6.75846329243282
7979	0.0604385581631	12.6689104089593	1.02519813732078	0.307351332727653	0.439149283572118	-6.23867630326061
79792	-0.00107561939976953	8.87635669972853	-0.0118437475358751	0.990570131220637	0.993031416928016	-6.759224746393
79794	-0.146217626535047	7.04117254741632	-1.59278907037865	0.113863093539766	0.20370568608154	-5.51046251675637
79796	-0.492893332081564	10.0743864747672	-5.45691653093652	2.68477277725126e-07	4.39133131487038e-06	6.44156534998038
79798	0.0421304290435564	7.12222025799515	0.3688982961819	0.712859730585176	0.801773062994765	-6.69162340990948
7980	0.404275544444859	15.3987012707666	3.30506938577607	0.00125549303716484	0.00528023039052015	-1.56274799992445
79800	0.0125879583928944	6.2544828543478	0.170323736230831	0.865045083219296	0.910689827605325	-6.74486214120518
79801	-0.078555724132919	10.6733285868754	-0.915218306063915	0.361929783242377	0.494711237726632	-6.34401021277272
79803	-0.0147519840388449	9.88648240996732	-0.16909895568422	0.866006206043637	0.91146932491341	-6.745068933537
79811	0.0280107665056332	9.99888081701354	0.436794738896628	0.663052578455476	0.761303071732309	-6.66444312772521
79812	0.83043338668986	6.28224490918745	7.48949499350656	1.33527595635611e-11	9.93637783738871e-10	16.0364276691498
79816	-0.146453842851594	7.57557604444379	-1.02875800707549	0.305682045416609	0.437428859108028	-6.23507068091935
79817	-0.115704029721938	8.60069798451125	-1.06733671100269	0.287982576041519	0.417982090687568	-6.19520935245696
7982	-0.0183206875515925	9.23773008750899	-0.320889878369613	0.74885727700475	0.826946672200433	-6.70808352260977
79820	-0.481168091446064	6.17987635576997	-3.14864008939135	0.00207443534477653	0.00801067599245167	-2.02404824542487
79827	0.363186516873194	8.45298679251608	2.95839309390986	0.00373231067948445	0.0130079688660513	-2.55949891531511
79830	-0.288284512566929	7.65451222685152	-4.48381185892602	1.70098237573193e-05	0.000147121617000479	2.47266711157253
79833	-0.448930021395777	9.16161787076025	-4.41810962439682	2.21073311914546e-05	0.000183893812327709	2.22377657643096
79837	-0.445187853600726	8.84465306363882	-6.86766641857722	3.18012119017281e-10	1.49248869493338e-08	12.9563552733363
79838	-0.286552949618613	7.55453524478142	-2.60929335035294	0.0102384864140972	0.0298037294086967	-3.46641672372566
7984	-0.121898236308145	8.57481280464093	-1.33498313347832	0.184432835307787	0.295464549969419	-5.87922834389007
79843	0.584376165053222	7.99877189688576	3.92245420742236	0.000147156584576698	0.000907099543733974	0.433507243244262
79848	0.227763063081122	8.79229959963927	2.9471092222883	0.00386145962728995	0.0133790505542848	-2.59035910408712
79850	0.0622145935326787	7.84093006609395	0.557635112852826	0.578142139340596	0.692898153069257	-6.60478075945449
79856	-0.274759076860357	7.72544071229891	-3.66907904354475	0.000365674132581103	0.00191168881969614	-0.41863773205201
79858	0.214224160682165	6.29071170746395	1.49754038416091	0.136903274628091	0.234610176022413	-5.65399383079475
79863	-0.261675778999935	7.99622835617517	-2.69340749790693	0.00809517383775102	0.0244751595533761	-3.25704746054267
79865	-0.711527985687022	11.6405063581012	-4.53032021062247	1.41084490850051e-05	0.000125038400688993	2.65041546473596
79866	-0.35242898164798	8.40368728712202	-3.23822496663542	0.00155925137965761	0.00632581035363153	-1.76215588934948
79868	-0.296962288928857	9.05687601889917	-3.33854854646901	0.00112506276913336	0.00483759420772594	-1.46160414925935
79870	0.209155297897976	8.44992090714022	2.02725067243725	0.0448733772637428	0.0982906645978562	-4.74947425413573
79871	-0.169127948630924	8.16082098726931	-3.19638092494059	0.00178292395406627	0.00705313786426599	-1.88525043427142
79872	0.0137609030224517	8.31289143284135	0.273049079054169	0.785289265297943	0.852587977308229	-6.72221064420151
79873	-0.11238316402224	7.60996383880308	-1.31131916147914	0.192277126790226	0.305298241871548	-5.90992809254529
79874	-0.0169712724251622	6.89405329532231	-0.257835113050761	0.796979979672994	0.861318151524131	-6.72622691667299
79875	0.44595965733795	6.90979975119213	2.56534077937994	0.011551058476908	0.0327313012072933	-3.57346744698203
79876	-0.317914008036683	9.70981451940315	-3.80963075544643	0.000221828290496751	0.00126978633368203	0.0485826765159443
79877	-0.17371260777409	9.45383925106361	-2.50298789665719	0.0136726302165751	0.0373712526766744	-3.72254113242916
7988	-0.0653943614480054	8.7324486668474	-1.22068679012593	0.22462035943405	0.344735074122121	-6.02256717236199
79882	0.0119533910289156	8.92534161849131	0.194365489449382	0.846221472636221	0.896011968206023	-6.74050092765051
79885	-0.0221830622030869	6.86718515866285	-0.219485648937101	0.826648186002767	0.882071310732833	-6.73533022723287
79886	0.0681181614262012	7.89718888773891	1.19312426508092	0.235196534350737	0.357710066974239	-6.05526388930193
79887	-0.337159405751148	12.0178026634401	-4.34817415392584	2.91427160007506e-05	0.000230573595944636	1.96173748700692
79888	-0.252035081521196	9.29477346933959	-2.30824092571375	0.0227141477543964	0.0567157663821436	-4.16677874022733
79890	-0.199584666776452	7.10636149550178	-2.47282284366798	0.0148190409501458	0.0399886567292402	-3.79347721720029
79891	0.147605879563472	7.49872574327516	1.94339887161333	0.0543316420307759	0.114193222181733	-4.90974488420722
79892	0.00245557592120467	8.63492132096718	0.0284763530879527	0.977329978574823	0.98544258093604	-6.75889107266704
79893	0.0231713919901965	9.61021613345227	0.480736815021612	0.631587131552217	0.7365395604435	-6.64441855215342
79894	-0.353216966779071	9.6061228883549	-5.13506647714969	1.11569076363507e-06	1.45413789254594e-05	5.07361886343995
79895	1.19290493582048	8.44639226434825	6.98154671819181	1.79302001658188e-10	9.49381111343993e-09	13.512563294672
79898	0.389509122141457	8.1947890731369	4.40392049129956	2.33873183636503e-05	0.000192218158889305	2.17036953889989
79901	0.746287294361207	8.23144930461107	5.08903630128949	1.36230646095028e-06	1.73920422989944e-05	4.88221489065287
79902	-0.0427915149790647	9.75700410407638	-0.616027183488506	0.539054339598768	0.658424488946999	-6.57078201288502
79903	0.00560533136708705	8.89074236916139	0.0695274965681729	0.94468656709631	0.964776340778378	-6.75688936882441
7991	-0.38553390373846	12.7688505832094	-2.73083756992775	0.00727939106928603	0.0224441098291536	-3.16199294212635
79912	-0.213451347601778	8.29827635867729	-2.28782875311979	0.0239150359143449	0.0590547673101611	-4.21144568735447
79913	-0.115801791351064	7.02639869999499	-1.3840365988725	0.168940187467691	0.275018909831124	-5.81389537293538
79917	-0.00383365795351619	6.40591315566721	-0.057516566949647	0.954230276172538	0.969943547047853	-6.75764857163163
79918	-0.252046844319068	7.87090042209964	-3.48366843173713	0.00069314210683477	0.00324566542089297	-1.01351580467724
79921	0.138226733015719	11.9717102379566	1.97464019023017	0.0506272596192615	0.108309029902901	-4.8507715957626
79927	0.661451652354156	6.66576934444204	7.11513970225932	9.11325180097572e-11	5.37681856257568e-09	14.1697697092163
7993	-0.227462011986531	8.99506369420324	-2.28521569635389	0.0240727245774218	0.0593731576618406	-4.21713752162118
79932	0.064922238627568	9.25675529937809	0.866011431241365	0.388228346734608	0.519887102384999	-6.38732727714869
79933	0.212882245683486	6.72740112227454	1.06541829953386	0.288845839583961	0.41886703563264	-6.1972255596856
79934	-0.0329356008038943	6.78215775777119	-0.329173567932025	0.742603734779576	0.82246002269768	-6.70540663277212
79939	-0.129794537631628	10.3476099016013	-1.3940959198487	0.165888934989871	0.271120420066548	-5.80021562867862
7994	0.251612523264716	10.2203200064642	4.0105900206598	0.000106199597599341	0.000690715493047683	0.740191172994114
79947	-0.128809706014122	7.83470132994545	-1.42629940032003	0.156402862124943	0.259415188986351	-5.75577779586153
79954	-0.0995662698878824	7.53158826000221	-1.73543184295038	0.085255707969979	0.162260863555767	-5.27970725381381
79956	-0.366187858658898	8.33513034966988	-4.08616184661559	7.99827660853637e-05	0.000540194315507036	1.00726289698537
79960	-0.432094839754657	8.48149018590924	-4.83110909966533	4.09035796710193e-06	4.37864801007608e-05	3.83039238167216
79961	0.413833801245156	9.25201597474575	2.96238773204512	0.00368755147572521	0.0128900445152307	-2.5485496692535
79971	0.390793741608555	10.2417511034003	3.53452905261538	0.000582947672621057	0.00280276354822464	-0.852803577844136
79977	0.00388068272108555	8.25208126035508	0.0293008426174741	0.97667378928914	0.985021428513833	-6.75886737091831
79979	-0.0704713267768145	6.76776506432336	-0.80235900944961	0.423946441729092	0.554853714605593	-6.43985363328104
79980	-0.149419340272843	9.14002501330921	-2.25046512989644	0.0262582256000196	0.063549060491111	-4.29226577420746
79990	0.234133158861528	7.94886218190145	2.55764197262357	0.0117959445188413	0.0332995562972075	-3.59205148326255
79991	0.118325906187905	8.8002986635858	1.08747172012635	0.279028350592305	0.407996844732242	-6.1738333792823
800	0.405925974285694	11.5311211321793	5.15983117110423	1.00160510458714e-06	1.3301058141302e-05	5.17704617930297
8000	-1.26599240485869	9.39527800684074	-3.10248477235201	0.00239781948046529	0.00902322957113589	-2.15655890876625
80005	-0.372131973002468	7.46337068181062	-3.06962666603517	0.00265586289905474	0.00985066346932741	-2.24988198691885
80006	-0.0876456971800215	8.052292725938	-0.990762666323002	0.323813841547519	0.455268481903406	-6.27292025574965
80010	-0.164588108098912	8.97864736499038	-1.57168109132614	0.118682392378935	0.209962853084172	-5.54300251907013
80011	0.135670608860695	8.50473734291276	2.15663127273992	0.0330480058641295	0.0765712562237615	-4.48983819339876
80012	-0.130640543670469	6.76378181477688	-1.71295203939711	0.0893282876203855	0.168305578408847	-5.31732382748191
80013	0.139809546857888	10.4210500498841	1.90514788091243	0.0591765756903951	0.122138559520905	-4.98074851291269
80014	0.164180444351666	6.8158988514229	1.87084937302102	0.0638248058232787	0.129531424103264	-5.04328667579405
80017	0.14795695377055	8.97887913409702	2.04816040342919	0.0427467808333964	0.0942826194082387	-4.70852454187214
80020	-0.185724474799328	8.04189439691906	-1.8588029666902	0.0655282103158526	0.132311660749258	-5.06499757046162
80021	-0.209324867775141	9.12789010385484	-3.6230478805067	0.000429507012174748	0.00220767138802951	-0.568630013947334
80023	0.257046930338724	7.71897115874558	3.57693188732284	0.000503923961434751	0.00249545079223683	-0.717381053815585
80024	0.0554921531987314	9.24214094898159	0.565785319053089	0.572606143362971	0.688360754501258	-6.60023730300215
80025	0.128955763620322	9.38508800486375	2.14956278392758	0.0336162366008947	0.0776265346165474	-4.50440701743682
80028	0.0950799579696997	8.21094193017454	1.44501905739541	0.151083390589355	0.252723533063603	-5.72949593198902
80031	0.239074154299822	7.16379664210513	2.06336007596862	0.0412556107999631	0.091703806568271	-4.67851195136304
80063	-0.403505184601191	8.58738303876737	-4.56337160889086	1.2343561704204e-05	0.000111673405998604	2.77751438327799
80067	-0.0819698289841005	6.9435045368328	-1.12282990540002	0.263772336536701	0.390192267173113	-6.13534902669959
801	-0.187751665303052	12.8100891695223	-1.74934098611072	0.0828128630113988	0.158598249124543	-5.25619910359964
80108	0.0856050472310763	7.50336258221782	0.901792815679219	0.368990418063448	0.501827226828424	-6.35606292355583
80110	0.235321283485118	8.27424572015227	2.33476284679963	0.0212332611609453	0.053537885507129	-4.10820135816921
80115	-0.101009775357129	7.16693391985137	-0.834927096121526	0.405433567085009	0.536421794669578	-6.4134730765702
80119	-0.170919347536712	6.84476439977763	-1.83491083508142	0.0690190237626777	0.137638130439333	-5.10766629353575
80131	0.222855948922185	7.11054540899557	1.73112648921104	0.0860237016382881	0.163421291520759	-5.28694770139429
80135	0.166476075923946	9.57326261924284	2.77460023077067	0.0064207558304934	0.0203091368972351	-3.04939390020898
80142	-0.172701738299996	8.96844886056623	-1.83917994704927	0.0683841595185601	0.13664629616291	-5.10008035120444
80143	-0.0565789901019618	6.42730408753543	-0.727669912843959	0.468246441197619	0.594758665891486	-6.49642967791722
80144	0.22683849170877	9.58739542483178	1.65488732274372	0.100585220669997	0.184506756103525	-5.41232486805371
80145	-0.152941515851924	11.6452778137259	-2.13342203436441	0.0349455898234268	0.0802252840304351	-4.53750885118833
80146	0.0750812842383854	7.92250237242095	1.02622128842121	0.306870934003744	0.438717570858792	-6.2376412593746
80148	0.143169823964566	9.89464917924489	2.15498640757428	0.0331794868461662	0.0768327898372113	-4.49323236086297
80152	-0.0149125130269507	8.32269137338648	-0.197514525049983	0.843762246031186	0.894210437800564	-6.73988712258817
80153	0.0109688341441352	7.89512901092916	0.155022148054819	0.877066762891986	0.919011982936421	-6.74733856829369
80155	-0.162088053461622	8.2602957775964	-1.95089105196545	0.0534230058457635	0.112931399486331	-4.89568243577487
80162	0.146473153527411	6.9199398848166	1.18590055951358	0.238026503673795	0.36101706212735	-6.06371266898554
80173	0.224201023887124	7.86214902641391	3.62171457210855	0.000431504368789968	0.00221518091125241	-0.572952098829804
80176	0.131643059496392	7.33392120633931	0.96801209354623	0.335003633966932	0.466475053365957	-6.29491312235615
80178	-0.296607635880838	7.88707456075049	-2.41238662510104	0.0173769794570686	0.0454894098870601	-3.93326348947809
80184	0.180158210814446	6.98801912863433	1.90697530322456	0.0589371158933706	0.121822045022215	-4.97738650467872
80185	-0.065004857395798	8.49878141437305	-1.03267643658465	0.303851674505032	0.435494439575643	-6.2310876993761
8019	0.197279822211238	8.79381837807829	2.81803662246179	0.00566076751863558	0.0182862493953578	-2.93608402749593
80194	-0.333074025984532	9.55944032560377	-5.42753748507782	3.06364100712722e-07	4.9211541524139e-06	6.31461098621978
80195	0.0252784536106388	9.52627247471414	0.365856462741537	0.715122418905097	0.803409132686884	-6.69273417036347
80196	-0.0588957896220998	9.71402396571875	-0.940044571209425	0.349100913537598	0.481880605919211	-6.32126005803656
80198	-0.0147389979449866	9.24235677443424	-0.310630285891489	0.756625677688409	0.832076700533386	-6.71130451878564
80199	-0.0226805321769767	6.97540926199404	-0.309179602684005	0.757726145385578	0.832289622458095	-6.71175152916307
80204	0.0983606349317556	10.6083005335746	1.85067115392045	0.0666994054984184	0.134211227628973	-5.07957854914738
80205	0.287714195498702	9.33485053789845	3.31796487943777	0.0012036637062565	0.00510121201317531	-1.52388936556281
80207	-0.258906991762789	8.59109522771283	-2.57512607374792	0.0112464023607427	0.0321103641547649	-3.54977484780999
80208	0.173766458761987	9.33946295449213	3.56863633835411	0.000518540761335933	0.00255101053522025	-0.743976865962883
80209	0.229551049775951	9.98627570481602	3.90538269642794	0.000156665689111273	0.000953617238068616	0.374707279453145
8021	0.0279812091610335	8.4173541481634	0.345600752530387	0.730253601471213	0.813691453952815	-6.69989675240807
80212	0.591351518407594	8.60815534481398	4.66872278638428	8.02964934716367e-06	7.65876485075888e-05	3.18691247524226
80213	0.0501138926342502	10.7306850396718	0.868525015133525	0.386857032959526	0.518824337107596	-6.38517180083859
80216	0.123947059228704	8.36655425166015	1.19271646867461	0.235355648116103	0.357886165949744	-6.05574217804799
80218	0.0340223517847301	9.42663143491328	0.346721320721741	0.729413679104203	0.812974900742236	-6.6995111453059
80219	-0.0540506861851468	10.1559696855941	-0.791129794287548	0.430443850384741	0.561064573801162	-6.44870879795435
80221	-0.0308697438145793	9.53447897880831	-0.348180244376302	0.728320634924885	0.811866186839345	-6.69900723748094
80222	-0.261470795852965	8.07374733334008	-3.71673298932127	0.000309114016311249	0.00165689926977996	-0.261776691517687
80224	0.159204497678974	8.98524982555271	1.39045938249592	0.166987109799034	0.272591606114628	-5.80517204517677
80227	-0.175258626182007	9.34237109121506	-2.31467420959031	0.0223468233275513	0.0559517310353362	-4.15262601624801
80230	0.0244303613894483	9.24294725253055	0.402733749028953	0.68786742595769	0.782291744239366	-6.67864945371417
80232	0.11493155066243	10.1761461068562	1.69401506365249	0.0928809213823694	0.173416910175943	-5.34864992467495
80233	-0.116596679422574	8.72166064993019	-1.56008396504728	0.121398341440208	0.213669358682317	-5.56070346458575
80237	0.684827405768295	7.71502551737433	5.49446418618315	2.26669570429024e-07	3.82216027055338e-06	6.60440867128205
80254	-0.178910461688324	9.1571841579145	-2.96446535091824	0.00366446797603784	0.0128202056256131	-2.54284991956283
80255	-0.220054065870387	9.12724925089621	-2.65879236057676	0.00892245236158101	0.0265392353282892	-3.34392129255151
80256	0.0305039725358065	8.03624718775712	0.428138570175803	0.669324915960464	0.766480494362045	-6.66816240365574
80262	-0.0332429294961103	7.75963904867976	-0.518391756290361	0.605148518254529	0.714994530222058	-6.62573922969363
80263	0.0434379673915209	7.147564339641	0.417231744341646	0.677261438380326	0.773301951707035	-6.67274304522518
80264	-0.0258926865255905	11.6775968174338	-0.316000166311703	0.752556526055436	0.829219373647864	-6.70963167746834
80267	0.178101054645813	10.0660849380142	1.65990457572697	0.0995693808740531	0.18304987447578	-5.40423930078591
8027	-0.0166074068539812	8.72634288739862	-0.271202763170565	0.786705457425628	0.853452466290476	-6.722710303261
80271	0.0122938461176037	8.33799339129636	0.140502582253793	0.888500706369395	0.926458210557103	-6.74947312811194
80273	-0.292765813028413	9.55640853773659	-4.11567468507475	7.15319747099265e-05	0.000490742617196007	1.11257769373848
80279	-0.341435418061692	10.1010274324231	-3.98119752866976	0.000118467093011791	0.000758556735098757	0.637337758995434
8028	-0.210457553828132	9.00539590048756	-2.22330685128031	0.0280852342807112	0.067090662595272	-4.3502447682223
8030	-0.227781596491345	10.5250498349859	-2.7292229560186	0.00731297927161058	0.0225308499751971	-3.16611714686538
80301	0.771331713402819	8.72574343728741	6.10007513826484	1.36186372540615e-08	3.58248228403019e-07	9.31681769037578
80303	-0.0674474817721315	11.8470726753652	-0.576205781988339	0.565565427589139	0.682279893659455	-6.59433275956278
80304	-0.101758718656061	8.09713181663929	-1.59353801495484	0.11369500668342	0.203449037089482	-5.5093003069629
80305	-0.0470749253781836	9.98377739108353	-0.570273366227304	0.569568574774379	0.685707102118696	-6.59770737989261
80306	0.0352608863270918	9.92280465821213	0.648599631222474	0.517848160024224	0.639471640275092	-6.55035634783613
80308	0.104145613809166	8.99288290268052	1.56877733017856	0.119357859688093	0.210886828026449	-5.5474463907126
8031	0.159861468134389	12.2833417812542	1.95123894788623	0.0533811278532196	0.112913730106938	-4.89502822043435
80312	-0.635598862588627	8.05783060834781	-5.58732107427204	1.48741282717874e-07	2.70617399834722e-06	7.00992950069941
80315	-0.0621414286665715	9.56520073916096	-0.557845676702045	0.577998794401307	0.692898153069257	-6.6046642025971
80321	-0.182454106649612	6.39134984526248	-1.81557920370847	0.0719555245768521	0.142019745042963	-5.14180893408043
80324	-0.291309522847384	9.44914775953516	-1.9804296750966	0.0499648555593896	0.107141668463281	-4.83974628761903
80335	-0.291745544506841	10.4401175253951	-4.05903739446023	8.85858792065699e-05	0.000590572528043799	0.910972572814857
8034	-0.346221366098725	8.46435144944346	-3.96397580414036	0.000126271688030176	0.000797403779150803	0.57734120871988
80344	-0.0103953718900456	9.33972564417537	-0.147744706723957	0.882794548947772	0.922672779236821	-6.74843465282916
80345	-0.221409501049439	6.45923254961044	-1.90255042816122	0.0595183446349206	0.122721299721529	-4.98552197410701
80346	0.0448530229701043	8.82884413698619	0.448911000825853	0.654313134920411	0.75473069326108	-6.65911254714466
80347	-0.0484007530094769	10.8550900255343	-0.80581083661563	0.421960890012616	0.553041874997987	-6.43710677649044
80349	0.143950619638523	10.2804208860195	1.72830548179624	0.086529978594022	0.164118857218513	-5.29168261061812
8036	0.0751414714702588	9.12693570159702	1.14519361373982	0.254429281513565	0.380171104432353	-6.11038595726946
8038	0.103827564809739	14.0234518222985	0.750100679111356	0.454676081162557	0.581996657431075	-6.4800133401287
805	0.230778448762889	13.4221527309156	3.92535577693081	0.000145596087908939	0.00089949415566779	0.443520791154973
8050	0.0558914987480556	10.1895429714958	1.0125320146705	0.313340185185922	0.444672469634696	-6.25140564938496
8065	0.148077710044611	9.10444726966579	2.31658449205079	0.02223876279396	0.0557149471271185	-4.14841662155174
80700	-0.113399658905289	9.80989042452473	-1.75046076943495	0.0826187208734702	0.158410082269003	-5.25429878474533
80704	0.475814419489343	9.98458354079906	3.50958297673969	0.000634752617267782	0.00302019390474186	-0.931865203876473
80727	0.466190303648915	8.65033167083197	4.01560408930267	0.000104231963769	0.000680597644847385	0.757794255783412
80740	-0.118709304814369	8.33507793130414	-0.800453969572258	0.425044619979325	0.555605089575759	-6.44136461017223
80742	-0.293916815980469	7.05264303308658	-3.13033681333918	0.00219749856266722	0.00841118541595516	-2.07679446972419
80745	-0.168237868296105	7.96826882296416	-2.51459320617669	0.0132531475703609	0.0364417439850803	-3.69504422938764
80746	0.0283875356489061	7.75900421575958	0.359673189441125	0.719729691714912	0.806639223030681	-6.69496377883814
8076	-0.0847311933300197	12.3875313949972	-0.773128398239415	0.440980976711813	0.570746297029078	-6.4626467074728
80760	0.095555309424813	12.5280573619464	1.01668642992378	0.311367361000331	0.442807135373887	-6.24724763171497
80762	0.0667748165084273	9.9680614430168	1.25526219003154	0.211845518761052	0.329227466597608	-5.98052233579261
80764	-0.101886194772735	7.40213198421334	-1.52582353205372	0.129710000409681	0.224943229767786	-5.6122607920966
80765	-0.398700618289927	8.03253622673599	-3.60060691949141	0.000464318165756371	0.00234143348543811	-0.641205765551152
80775	-0.0146084140676584	7.90704820971508	-0.150320101963675	0.880766831597065	0.921728650383394	-6.74805278395828
80777	0.11806054711512	10.2223130736287	1.52243485845639	0.130555850005762	0.226077845083354	-5.6173005167395
8078	0.0741082170013295	9.4767014188441	1.07049625755843	0.28656465995032	0.41645560872527	-6.19188098644351
80781	-0.0344451482567046	8.79751955636213	-0.204802689072917	0.838076535669892	0.889783057150811	-6.73842871530205
80789	-0.187967990610091	7.41735591197286	-2.88225486572025	0.00468688151207547	0.0156248059743732	-2.76575216631186
8079	0.108160727048297	10.2698583901178	1.23047441177096	0.220948752719237	0.340238012203747	-6.01078120019375
80790	0.0165480613482192	9.74907051422239	0.149925611011913	0.881077379979632	0.921728650383394	-6.74811170525893
808	0.0254016415768094	10.9260240940441	0.304750442206739	0.761089112688621	0.834762457948215	-6.71310339475928
8082	-0.0161745997496944	8.60896316654397	-0.15097380699857	0.880252267430464	0.921728650383394	-6.74795480562173
80821	0.346561409846607	6.98603446452135	3.07187693472968	0.00263740221498806	0.00979538772293227	-2.24351775449319
80824	-0.347679683411743	9.46247470089472	-3.16746007508393	0.00195459693083533	0.00759405957135458	-1.96954251669355
80829	0.250065350345307	10.1366012388195	4.38932243265736	2.47785968803342e-05	0.000201845374981815	2.11555162112116
80833	0.917338804096362	6.83321617035512	7.49571199074421	1.29299527216997e-11	9.79829444782015e-10	16.0677178987654
80851	-0.0588774961568346	7.97997275694894	-0.668371842858528	0.505191971370357	0.627595981879854	-6.53744798867194
80856	0.0121079854942456	7.41598173032969	0.135062264714584	0.892791067001241	0.929943784795744	-6.7502189234242
8086	-0.181888649845215	9.6138314407724	-2.78843022432763	0.00616924545837641	0.0196143061917587	-3.01348358143116
8087	0.0621554109392394	10.5775383191718	0.972769863663421	0.332642917038673	0.46412677276004	-6.29035537681345
8089	0.0162420083074956	8.69488057823308	0.206571854516753	0.836697636201282	0.888963402734747	-6.73806672981232
80895	-0.46126915702258	8.04493778665219	-6.31548121424549	4.840556321409e-09	1.46996305936906e-07	10.3173871379708
80896	1.09217821799686	9.95310139618547	4.73525068182852	6.10128859920357e-06	6.0865511871282e-05	3.44873879873794
81	-0.147727027411891	9.82219267214913	-1.4381404682341	0.15302158700437	0.25508744877015	-5.73919172274386
8100	-0.0689704855845297	7.37554151865861	-0.919364173260297	0.359766858650519	0.492369241311882	-6.34025278361401
81031	0.0204696245095879	9.50437681891959	0.234300261155939	0.815154936978162	0.873304770355333	-6.73198679554139
81035	0.490388193354635	11.3860834022926	3.41775154560475	0.000865255163942671	0.00389907673440614	-1.21898295878972
81037	-0.056456953883087	9.59394438499391	-0.777178770966582	0.438597122478196	0.568908955978313	-6.45953831356003
811	-0.30002479263473	12.3869971634404	-3.49475587018007	0.000667567250278399	0.00315091742131404	-0.97864196733443
8125	0.24903505956345	9.77986150859097	1.94956215218124	0.0535832281022631	0.113167339331295	-4.89818041424417
813	-0.405982704261464	11.9233316428653	-4.54793609138267	1.31394849790298e-05	0.000117969723833464	2.7180768272019
8139	-0.370093015974644	6.64652310035345	-3.76611093941053	0.000259313855135805	0.00143294707358319	-0.0975590599234133
8140	-0.776148146223347	11.0494547913979	-7.17808759805263	6.61414330411376e-11	4.07707639492386e-09	14.481136279871
8148	0.13348340145657	10.0227254627657	0.867530173102884	0.38739942195371	0.519383091273762	-6.38602564625157
81490	-0.0361718746947577	8.84983412096204	-0.364106751861401	0.71642510406481	0.804046028692073	-6.69336894027407
81493	0.249029899665767	6.8443332597902	2.5377836768621	0.012449265035954	0.0347050047914209	-3.63975639432166
81502	-0.370368700577002	10.2189511155565	-3.13181192857506	0.0021873349158778	0.00838998440307618	-2.07255312262537
81532	0.26887917865438	8.40723056018261	4.06234562799634	8.74910477573068e-05	0.000584216697231491	0.922690799211469
81533	0.0512700487191648	11.5885400647766	0.713404172290414	0.476993889597152	0.603367117622464	-6.50661335771408
81539	-0.203114104954978	12.2430604173745	-1.99026262540546	0.0488566800196718	0.105339644208428	-4.82095157391461
81542	0.142109742858317	10.8167311720816	1.28665772461745	0.20071359000369	0.315729242702433	-5.94135434232028
81544	0.0398143906171763	10.2650556311863	0.353790283673833	0.724122749517754	0.809027796230032	-6.69704987673905
81545	0.120462014872907	9.02643619727937	2.12521008198765	0.0356392035784946	0.0815035358671695	-4.55426151981404
81550	-0.156263433368932	6.91793419634436	-2.20049933249704	0.02970430411336	0.0702024469174116	-4.39843556131589
81553	-0.46475697713509	10.6091112006201	-5.08003222869255	1.41640609535925e-06	1.79992528425653e-05	4.84490198600642
81554	-0.184368971289741	7.78248171430822	-2.6992100988454	0.00796350708088749	0.0241921914263077	-3.24238743601552
81555	0.0565445463556457	9.91776234837772	0.612103683491606	0.541638152323589	0.660358839585659	-6.57317184065109
81559	-0.381923947402649	9.22491361279141	-5.50063425430771	2.20438218336721e-07	3.76487498713752e-06	6.63123105259726
81562	-0.0308662511787595	9.587483244899	-0.541700375501901	0.589038784267279	0.701884067808385	-6.6134743634369
81563	-0.163306677312472	7.9441766101067	-1.6085565642194	0.110365959608435	0.19874053332585	-5.48588417499743
81565	0.0232511349201864	10.2444688369634	0.324826910526399	0.745883008602569	0.824654484146328	-6.70681975495721
81566	0.0907210986337392	8.57269858919338	2.03810081992736	0.0437588598831432	0.0962322104991381	-4.72827413675923
81572	0.180674293955882	9.06983728755279	3.03868982760753	0.00292208483880286	0.0106388481384687	-2.33697487762992
81573	-0.107381421857231	7.89916286530882	-1.89500865230913	0.0605200906515642	0.124290390050204	-4.99934714802375
81575	1.09897274253118	7.22719335794577	8.10455914725188	5.32470263501251e-13	6.83511933992174e-11	19.1718422826275
81576	0.0748745521460379	10.2576728292115	1.09146165437971	0.27727699977662	0.406010994177429	-6.16955105425782
81577	-0.288919260005464	8.65811552576585	-2.49451338419643	0.0139864092022601	0.0380651532160358	-3.74254791409305
81578	0.524579575088629	9.53282321524029	3.83433807008478	0.000202901496442569	0.00118194316320058	0.132133262009123
81603	0.255354264986867	9.29169793319343	2.9159963975958	0.0042391496306244	0.0144036922866958	-2.67492219987618
81605	-0.0361671970502571	10.0997730746037	-0.558899354245042	0.577281739880317	0.692570395266727	-6.60408028566352
81606	0.116439162744089	9.12272310383292	1.17030537479974	0.244218915760603	0.368986325989132	-6.08178180597852
81607	-0.502789055961207	8.32671121302652	-3.02038474731248	0.00309100705248075	0.0111720325889482	-2.3881523191197
81608	-0.142095492819984	9.40661308976999	-1.61854708608377	0.108194949849608	0.195513079360701	-5.47019108182333
81609	0.049303774250931	10.1420536449698	0.622559079659166	0.53476669292835	0.654663477037452	-6.56676974413461
8161	0.0104012720673447	8.8114305632199	0.224566153723003	0.822702332343972	0.879451438483397	-6.73420820897252
81610	-1.21468655379463	9.6891595269676	-4.64155744731743	8.97638933872078e-06	8.46403834906776e-05	3.08073026547688
81614	-0.16093250001187	9.91950300252725	-2.54125812270645	0.0123326675255666	0.0344497239638756	-3.63143387734238
81617	-0.521244975817894	8.43458744489578	-5.0015282444576	1.9856782598781e-06	2.40142056026254e-05	4.52137723337532
81618	0.71647878237892	10.4789675421739	6.3810053009837	3.52233600208527e-09	1.12333958985422e-07	10.6251414509638
81619	0.405601229771814	9.22088927089814	3.58684730580937	0.000486963230528992	0.00242308209889727	-0.685526863577329
81620	-0.57634516549015	9.04607725707976	-3.93947955572899	0.000138222839360376	0.00086462499774405	0.492344127953503
81622	0.523613622086985	7.44183409683361	5.2084261483082	8.09835310572993e-07	1.11258357597217e-05	5.38090408339303
81624	-0.227063699899819	8.1625687106121	-2.04061913718624	0.0435035919403983	0.0957728330031157	-4.7233385186349
81627	-0.0493760674482342	8.01996671811372	-1.01889461133189	0.310322136458009	0.442017735323875	-6.24503072686398
81628	0.188072122115323	7.82193392706678	2.6747766937263	0.00853137267969241	0.0255972169757571	-3.30392886829797
81631	0.0857782223207166	11.1904101863614	1.01816624724672	0.310666642064978	0.442432148871848	-6.24576249064319
8165	-0.178953201597853	8.61736302582302	-1.82347904843312	0.0707432381274328	0.140129291830358	-5.12789787130389
81669	-0.46178818619166	8.51523516452748	-4.59014094162631	1.10723631775862e-05	0.000101846013192497	2.88092754269292
81671	0.0283572885248526	10.3302517846891	0.442976125258121	0.658588053512494	0.757862541378267	-6.6617417728216
81688	0.000215242988621773	11.2300475612288	0.0025787104400647	0.997946811420261	0.998793246374816	-6.75929123206284
81689	0.324858734714641	10.0868438046458	5.49967844378716	2.21392432730247e-07	3.76908010786011e-06	6.62707481637186
81691	-0.265694840866564	6.60110160843436	-3.20201393786174	0.00175116406646587	0.00695414191779233	-1.86875770564513
81704	0.337120531878987	9.71608949904211	2.90766138175907	0.00434594166721834	0.0147120812177146	-2.69744462197145
81706	0.213480490971644	8.52171543159941	1.52768752108147	0.129246568754207	0.224375085731348	-5.60948402758551
8178	0.0865337169040092	9.67093981771019	1.25007642946178	0.21372690522972	0.331403085638726	-5.98690129696713
81788	-0.550187165388714	7.82592634332404	-3.53453760422695	0.000582930617437914	0.00280276354822464	-0.85277639766341
81790	0.103364344197752	8.85361567979002	1.09820481033141	0.274334412257961	0.40270166078741	-6.16227881570312
818	0.0474999886117365	10.687077177713	0.59969667373841	0.549849744783488	0.66761118505242	-6.58062916667008
81844	0.133918308837199	8.62786778217569	1.90073236584299	0.0597585478990581	0.123062978221446	-4.98885947036339
81846	0.252812478210719	8.12187502639805	3.82851726269243	0.000207216974756693	0.00120113137648441	0.112411725315527
81847	0.647841403539671	8.73174292385917	6.70059254051865	7.32137605833771e-10	2.9499788410668e-08	12.1474000134448
81848	-0.0369873764836716	8.89787219078618	-0.48593487045382	0.627907856869646	0.733847521546857	-6.64192339516318
81853	-0.0571087857453051	11.4682892495053	-0.889180191777515	0.375702031755121	0.508538102492717	-6.36722584447038
81855	-0.141947519159539	8.70293853737277	-1.13978711634688	0.256666341025104	0.382647884349522	-6.11646499574074
81856	-0.349588803043351	8.15174848887915	-4.19127939108888	5.36069216330218e-05	0.00038403570918366	1.38494032362255
81858	0.0238289799211955	8.23927454430649	0.333542714096659	0.739312255199139	0.82002406713373	-6.70396730454935
8187	-0.31524462200821	6.78532539199769	-2.84256219645967	0.00526886619380168	0.0172223327110415	-2.87142697995051
81873	-0.126185376739792	10.2385325813062	-1.86397605440555	0.0647921226989301	0.131011734025254	-5.05569045424634
81876	0.191544662169257	9.31634545747151	2.22729728846717	0.0278100186818236	0.0665635335589287	-4.34176628076949
81887	-0.349587248275927	9.27699124930555	-3.93099651464472	0.000142607474212046	0.000886333887879231	0.463003677146062
81889	-0.0101935256391266	9.3387594178956	-0.171467894967555	0.864147409368065	0.910302148933007	-6.74466761348797
8189	-0.0590220493176568	8.54804215383944	-0.616742824610484	0.538583731022893	0.658091955362292	-6.5703444755377
81890	-0.0552292214523778	7.29383867441477	-0.68852987648736	0.492460666456348	0.616508806445807	-6.52389180228758
81892	0.0673918353135427	12.4149360199207	0.774935492569349	0.43991648029109	0.569963370090347	-6.46126186804403
81894	0.0160886201003494	10.3307493721436	0.209360827275183	0.834524925090427	0.88726681442231	-6.73748976526674
819	-0.0177880056798954	10.8416707029105	-0.317391035862651	0.751503691462519	0.828539841361507	-6.70919372274941
8192	-0.263888786135541	9.35410273654318	-2.53480577093648	0.012549985081128	0.034962184408134	-3.64688140606986
81929	-0.150852165514069	8.55477429077866	-2.10645912010451	0.0372676981306691	0.0843817613217766	-4.59228979906015
81930	-0.280371040208048	6.92440432885096	-2.81531905951344	0.00570579256968797	0.0184100963381338	-2.9432182824713
81932	-0.245058020200409	8.44991314783153	-3.71104292317128	0.000315403218216655	0.00168732550678081	-0.280590606801016
8195	0.0512385325547024	9.30843770744744	0.935471132960436	0.351441986067258	0.483979794083953	-6.32549611858078
8202	0.0989439242955897	11.3729771245828	1.08137014479499	0.281721297094937	0.411271473168367	-6.18035236439543
8204	-0.0723849238510686	10.2466982127085	-0.481339006308009	0.631160414050985	0.736457835861158	-6.64413085871951
8208	-0.416266398808592	7.67232983148957	-3.59698999079229	0.000470172425621616	0.00236230184649304	-0.652869425203803
821	0.0735528143037952	10.8184227088191	0.797289976887813	0.426872247052251	0.557419616583511	-6.44386627129816
8216	0.0478340311164693	9.39225846207204	0.648371451094003	0.517995181644898	0.639542763434263	-6.55050307012779
822	0.0755985173585046	9.26792661155121	0.480754634683459	0.631574502613142	0.7365395604435	-6.64441004406281
8220	-0.395993720453739	7.77189241613616	-5.17703005864595	9.29149848928198e-07	1.24388618349221e-05	5.24905951785662
8225	-0.0791984035191483	10.6896353173482	-1.24735995571097	0.2147172967921	0.332506449158407	-5.99023254633033
8226	0.0226253470562044	9.84294330638757	0.24428084561231	0.807434434066242	0.868525644665602	-6.7296113700601
8227	-0.048747535148349	10.7593402206031	-0.596211869053147	0.552167292005563	0.669897193066164	-6.58269643462099
823	-0.092308343071729	10.3514625969447	-1.09106675603889	0.277449998462165	0.406120323816673	-6.16997557684057
8233	-0.420200308583634	7.68214955054839	-3.67703782957888	0.000355591460729615	0.00186919051433827	-0.392551542071951
8237	-0.089038591987944	8.9539903081504	-1.22916138455439	0.221438759503814	0.340611574208847	-6.01236763762117
824	0.174138059253675	9.42795203242102	1.62371142652841	0.107086196988764	0.194061427627729	-5.46204251494083
8241	0.024581601484705	10.8862465306661	0.52963627862891	0.597351882447197	0.708620788311625	-6.6198894375543
825	0.152475379424034	6.55818386130228	1.27985356914897	0.203088691044753	0.31873695383425	-5.94992284887021
826	-0.0653834595411163	11.203683066842	-0.865192095839161	0.38867599156531	0.520226401580416	-6.38802854982262
8260	-0.164741610433745	9.70115981095418	-2.22852519289556	0.0277258067333757	0.0664004533539239	-4.33915453990181
8266	-0.164420030822633	8.09754888107108	-1.81229915882742	0.0724639084602552	0.142716233638939	-5.14756808516397
8269	-0.114246728777579	7.92709107053054	-1.39027650598775	0.167042481276204	0.27262811605245	-5.80542096582697
827	-0.210527159628207	12.6675943692463	-1.92975507157303	0.0560198830219245	0.116731643229338	-4.93522326014021
8270	-0.293436560659392	10.5524590259754	-4.25770769783604	4.1487889016095e-05	0.000310126663595425	1.62726239877789
8273	-0.304943191136673	10.3292350992658	-4.32056828417497	3.24756308331668e-05	0.000253064821398073	1.85913145018403
828	0.181686654772876	7.72126717774564	1.70107263273672	0.0915437011906092	0.171581560369997	-5.33701383246723
8291	-0.0753341100068484	11.0270984399886	-0.638221149337231	0.524557298915888	0.644960299054069	-6.55697796353669
8295	0.0224198135088242	9.07984087901345	0.363423701564662	0.716933872064862	0.804493110074142	-6.69361591710058
830	0.366915280515697	9.83858001553551	4.2473025010572	4.3194670172132e-05	0.000321141292188848	1.58912086701506
8301	0.310106080413918	10.2465924222827	3.54746697621354	0.000557675629958403	0.00270876148034345	-0.811621424998648
8303	0.0335885329970669	6.9099860809283	0.297258645555372	0.766787861353265	0.839452317399334	-6.71534570453212
8309	0.730378815489003	7.40369927681275	8.02676868974891	8.03520151742867e-13	9.21816174082789e-11	18.7712025313964
8310	0.184776176508686	9.05680549308384	2.00084872079873	0.047687049616058	0.103276095917315	-4.80062006456565
8313	0.198419148953198	9.36931253570638	3.10720322708993	0.00236273330084785	0.00891149637671381	-2.14308839017847
8314	0.19176333880377	8.14941289892859	2.09693625513815	0.0381190315197103	0.0859812125485545	-4.61148321786261
8317	0.0759916538654038	9.12807061166474	0.896636245193155	0.371725231330589	0.504013527706937	-6.36064553622928
8318	-0.162825295666066	8.8716737093188	-1.15739723215729	0.249430355417327	0.375213027817724	-6.09656087620295
832	0.0905912564455835	10.7645643594266	1.57364867876891	0.118226423480812	0.209380415512758	-5.53998687532849
8321	0.540053878439861	7.72430136384234	4.6380197214306	9.10736242787889e-06	8.54850155162269e-05	3.06693358211558
8322	0.682362546592541	7.86381794875961	5.4664379407253	2.57212115077734e-07	4.23221527996431e-06	6.48279702635866
8323	0.419796651405677	8.22166048133453	3.33752250996468	0.00112886419936873	0.0048514143011372	-1.46471642853986
83259	0.35878441689542	6.8665633897315	2.47634208156719	0.0146810117460376	0.0396550546181395	-3.78524127317203
8326	-0.186341540734196	6.4629090475831	-2.08793023898204	0.0389395136404259	0.087378533732659	-4.62956068455704
8336	-0.826093760099971	8.76743164864656	-6.31748454178924	4.79384113576444e-09	1.46114862662045e-07	10.3267734935452
8339	-0.968050527468913	8.59038879647125	-5.72895977353749	7.76700926726266e-08	1.53115743550333e-06	7.63598124739743
834	1.44617832779579	7.80027896932215	7.0756602678594	1.11364449974546e-10	6.34393349510175e-09	13.975035598034
8344	-0.301718425085078	9.74454937516106	-2.72084657179735	0.00748950076057791	0.0229889543970173	-3.18747844556943
83440	-0.194915890277814	9.14660404570958	-3.11543163296808	0.00230268385337529	0.00872885205547494	-2.11955595703239
83443	0.0507158388059034	11.3031834498988	0.806412388756672	0.421615432380384	0.552926606914565	-6.43662688670413
83448	-0.0367128054611815	7.63797975114201	-0.497028214965599	0.620087128828639	0.726719591958649	-6.63650902108549
8345	-0.231290552295502	9.20780636135906	-1.56418588228724	0.120432134329666	0.21244342045914	-5.55445699014123
83451	-0.600991483876391	9.40943751029688	-5.41495165649905	3.24150204357822e-07	5.14900132306848e-06	6.26034938598046
83460	-0.0284095470743	11.2065905488354	-0.467127335748397	0.641263847328329	0.744436919972006	-6.65082472554654
83461	-0.517514486089255	8.72357687403442	-3.94292150447488	0.000136480724731405	0.000856634336080092	0.504262670447166
83463	0.16672747374881	7.79936397785104	1.88370004942926	0.0620486606211673	0.126579880644812	-5.01998065670008
83464	0.204348733728814	8.73952030261808	2.28716937434905	0.023954741258572	0.0591351353245083	-4.212882526048
83468	0.504804463691187	7.86287831322378	4.47395047529769	1.7695120467485e-05	0.000151777461122976	2.4351445435184
83478	0.140853146186587	8.31661680932625	1.24988600133954	0.213796223915572	0.331448350139381	-5.9871350516056
83480	-0.222936960046166	8.86601051487031	-3.1853654891845	0.00184658583512267	0.00725978057977785	-1.91743172096299
8349	-0.107849763046881	11.4411535882842	-0.881627191913761	0.379757558117004	0.512464863591971	-6.37383643544581
835	0.00892482633904619	9.62464787219624	0.091400072341897	0.927328541892488	0.954008438912934	-6.75513812003075
8351	-0.870177884470959	9.24988090013462	-6.05045229611001	1.72417103979537e-08	4.36860514991096e-07	9.08882929081842
8353	-0.489653541168452	7.78000776612101	-3.85007211940895	0.000191660226351793	0.00112437036197856	0.185558316166777
83540	-0.173579127730136	8.16051498079715	-1.46048539025024	0.146794634583563	0.247151178487614	-5.70753219326908
83541	-0.396278961762492	9.52387555484547	-2.78522037550924	0.00622680537818985	0.0197589307056792	-3.02183206265954
83543	-0.685382152641533	11.0669141902885	-3.63766614902453	0.000408173879375515	0.00211380328754969	-0.521159866890374
83548	0.0126867656497737	9.93388812690669	0.107018012825681	0.914955087619393	0.945518456616563	-6.75359638323476
83549	0.0520316277438299	7.69330273181147	0.861713722004099	0.390579946086368	0.521976529600295	-6.39099840747284
83590	0.0832701180644709	9.90593087110986	1.31254947777297	0.191863266024071	0.304826039114989	-5.90834511432642
83596	-0.139846027839336	10.1884218253932	-2.02559453626847	0.0450456088722105	0.0985633719958831	-4.75270090165587
836	-0.0902494769986444	10.5729376734665	-1.06596944628468	0.288597649158366	0.418654123998613	-6.19664668108121
83605	0.180775803344383	9.56660252604686	2.96398267590176	0.00366981886803388	0.0128334901989669	-2.54417439915575
83606	-0.289719823381164	9.72071041443988	-3.45342495931648	0.000767670743523909	0.00354639840129054	-1.10818385356624
83607	0.192911389467138	9.08985976086863	2.96841147592482	0.00362099028778209	0.0126895968506916	-2.5320146358585
83608	-0.0535690746222251	9.6446102440468	-0.941939139797589	0.348134057622111	0.480706672677807	-6.31949928849786
83636	0.0946352365904099	9.69872173236559	1.41178762920262	0.160624682024367	0.264136944758367	-5.7759241199074
8364	-0.281863768868	13.9868666807226	-2.76542361784398	0.00659275926574324	0.0207774051445642	-3.07313507223764
83641	-0.486259502461986	11.335466256228	-4.12794660040106	6.82758452554256e-05	0.000471931783941268	1.15653594778494
83642	0.039710297658594	8.12499957032012	0.491665193539408	0.623862661798588	0.730108470736233	-6.639141769576
83643	0.649373295157663	8.6051239238557	3.40300923555899	0.000908889058863714	0.00404276985795061	-1.26449662462444
8365	-1.16772266550015	9.34174614008887	-6.51870786451494	1.79733703271158e-09	6.42684151090809e-08	11.2768284211921
83658	0.182067529804025	10.9890537095854	2.97454035424731	0.00355440450087404	0.0124880396330155	-2.51516136759525
83660	-0.180018462474059	6.89312113997936	-1.71083585893025	0.0897197059494845	0.168927460939763	-5.32084091990403
83666	0.479945799064297	7.90990851057014	4.84921325802215	3.79077416543946e-06	4.14177177335052e-05	3.90304694004245
83695	-0.16826675862584	8.63607558498877	-2.88835825295248	0.00460281076214385	0.0153861662870531	-2.7493901147343
83696	-0.0950381797561817	8.27737308650232	-1.03738513423095	0.301661927094686	0.433506606626552	-6.2262817621333
83699	-0.0606616922964299	10.1919695557946	-0.645436330249731	0.519888293829524	0.640936911497294	-6.55238581417587
837	0.333992840253069	12.2126038476439	3.47989742103365	0.000702048669733051	0.00328550822209348	-1.02535643512328
83700	0.568963607812917	10.0477454866079	4.83675855711967	3.9944878633301e-06	4.32430796213718e-05	3.85304503699059
83707	-0.0423234605623538	10.2958084280644	-0.681772854995994	0.496708726079848	0.619947730042239	-6.52848039422683
83719	0.31570300880947	10.1680490533318	3.36340966659888	0.00103653600060309	0.00449673706143989	-1.38595161544217
83732	-0.0518268128613835	8.81096694802015	-0.753035511721681	0.452917288941495	0.580552453219753	-6.47782891269629
83734	0.101424839894531	8.44409800191565	1.05968344841768	0.291436979815767	0.421825100904701	-6.2032315435022
83737	0.185655951497557	8.94029941060455	2.29139383412448	0.023701359487409	0.0586674346317047	-4.20367053361864
83742	-0.104724685166323	9.36367237817688	-1.07911870674259	0.282719470523624	0.412281021090043	-6.18274874240969
83743	-0.196136611959427	9.2500100028231	-2.17544524260704	0.0315759627900841	0.0739069007214777	-4.4508456604792
83746	-0.0452250999102556	9.06667947049461	-0.586962829080104	0.558341758995531	0.675835716486385	-6.5881251087941
83752	0.123506458218035	9.45709856371528	2.50011461666938	0.0137783042231915	0.0375978833444209	-3.72933125663758
83759	-0.100429652719006	9.16223893684924	-1.68000875811626	0.0955817566041326	0.177487848281659	-5.37160620452863
83787	-0.120490374479714	9.67383504861231	-1.50059482192333	0.1361117352416	0.233884529456129	-5.64952305373217
8379	-0.00755174835962372	7.28048865496311	-0.0688373636458807	0.945234732282449	0.964916916790942	-6.75693687857098
83852	-0.0284311923945924	8.1023114733537	-0.442155267817229	0.659180215575883	0.758332671400667	-6.66210267787099
83861	-0.041666486655975	7.89508340745814	-0.641951489084042	0.522140651267213	0.642946001709478	-6.55461016456586
83862	0.55020451473311	8.43265615887338	5.59695783210579	1.42347672161492e-07	2.59556682572611e-06	7.05224038071541
83871	-0.0624010535282601	10.3544146795344	-0.849895249443934	0.397091770897793	0.527751895030695	-6.40100082295723
83874	0.294178708603746	9.57793563177931	2.95922345381846	0.00372296567902589	0.0129918447438757	-2.5572239577099
83877	0.731300285692808	9.62553248584668	8.05166475463111	7.04457598219791e-13	8.31259965899353e-11	18.8993060304539
83878	0.0764642453276888	6.03527990257669	1.01748606849862	0.310988587414326	0.442661680517376	-6.24644537994205
83879	-0.359829769048395	10.1541524075711	-3.82316957112811	0.000211258511194635	0.00121857213859475	0.0943136845338959
83882	-0.246694214474914	8.02263117188378	-1.80058262791603	0.0743042610800636	0.145577133899745	-5.16805971370846
83890	-0.593930868381422	7.63108845149482	-4.64733277475989	8.76648268919492e-06	8.28502826232838e-05	3.10326886764581
83892	0.105903974535092	9.06670175479678	0.973543962641778	0.332259855009513	0.463839736083599	-6.28961174234198
839	-0.19085483861056	8.73458890579839	-2.63481983582983	0.00953941469360029	0.0280710956071031	-3.40350151536063
83930	0.217041851535106	9.8433513149475	4.21395563253647	4.91309631667525e-05	0.000355360556705233	1.46734531575357
83931	-0.0229896743755555	11.0103440666699	-0.271374362262009	0.786573804416655	0.853444959850615	-6.72266400699088
83932	0.041975469262633	7.81682695749497	0.608073422016235	0.544298774907085	0.662917705799546	-6.57561089994268
83937	1.2218460586399	7.16912519701783	7.09592251736546	1.0048005254448e-10	5.84482559167188e-09	14.0749267623303
83939	-0.296338637770189	10.5150570357198	-4.41849008289438	2.2073957397433e-05	0.000183801298490723	2.22521028775759
8394	0.136117000271104	8.15667254458965	1.16078446596135	0.248055261422449	0.373761962576105	-6.09269819265432
83941	0.448117546852262	10.5493983779597	5.65221632006069	1.10561194123864e-07	2.08026301472236e-06	7.29566375801446
83943	-0.118940441626389	8.13777125173802	-1.78968149150156	0.076051107955503	0.148401169787965	-5.18701230850376
8395	0.192046858610472	7.46444925041449	1.70780523907796	0.0902826972013576	0.169793961494356	-5.32587060750607
8396	0.108612561589853	7.76964444415081	1.43136103126085	0.154950531086889	0.25757524386752	-5.74870404937524
83982	0.613501186553772	8.6481965595362	4.33466579878151	3.07302447551191e-05	0.000241514578189614	1.91147034386559
83985	-0.219165891808325	9.6682603738633	-2.96809739828622	0.0036244332592623	0.0126962759633192	-2.53287748543361
83986	-0.0100064842928515	10.4509440344076	-0.144657124583693	0.885226557034156	0.924629661242049	-6.74888377176292
83988	0.399580989338766	8.14353832230311	4.95931860981825	2.37817471471027e-06	2.81428698331043e-05	4.34877281450503
83989	0.254164320753525	9.04447299507815	3.4161899629347	0.000869782212284785	0.00391520494467157	-1.22381163390662
8399	-1.07405077488148	7.96491802784665	-4.78614886289648	4.93713511948715e-06	5.13611285730024e-05	3.65074633184903
83999	-0.257347620586432	7.5422269209327	-2.98545541543363	0.00343860650869715	0.0122162966717585	-2.48507303638681
840	0.110950928078326	8.6144367369666	0.919288759216121	0.359806129068474	0.492369241311882	-6.34032128138498
84002	0.32180580489274	9.55085414310959	2.29380545197866	0.0235577697039299	0.0584345879142525	-4.1984047140828
8402	-0.215974231978172	9.01028771899813	-3.00724849346521	0.00321773866915416	0.0115760110658595	-2.42471567185382
84033	-0.38175904067632	8.06736175660951	-3.38568014947231	0.000962817898290235	0.00423250443846585	-1.31779003494528
84034	0.658300987250764	9.88533313738932	4.55652501860554	1.26906792155713e-05	0.000114437784192815	2.75113286476946
8404	2.01085367179509	8.63678077008917	6.91608985041714	2.49355996235079e-10	1.2151233603388e-08	13.1923984642127
84057	-0.293347044034289	7.71150512301929	-2.34885470031878	0.0204816069315709	0.0520387798384421	-4.0768294798885
84058	0.122920032711219	7.93885702592811	0.982464279173735	0.327866479743597	0.459636307311967	-6.28100049046651
8406	0.783901634566827	10.0260762819858	4.26573414182626	4.02157596341918e-05	0.000303085925710241	1.65673094377792
84060	-0.079053543373853	7.04323887094578	-1.10290463150158	0.272296316784626	0.400421501983444	-6.15718428828982
84061	0.0105018231204856	11.3079500772263	0.0780221791322329	0.937941584954786	0.960619651794983	-6.75626576743079
84062	0.256237408599898	8.12355326799274	3.56219200033172	0.000530170914837686	0.00259893872792836	-0.764603377887875
84064	0.0913790941097136	9.88010382213786	1.23841707756357	0.218001417634226	0.336389260164152	-6.00114945547953
84065	-0.0114603380190641	8.45084031091172	-0.18908357737277	0.850349756590316	0.899671364645246	-6.7415083339523
84067	0.0226711115617555	8.2908387128092	0.296352421928691	0.767478067902412	0.839873985277414	-6.71561316111247
8407	0.586253272400553	11.8995994324019	5.52903377018845	1.93851886171995e-07	3.38523589805641e-06	6.75491632562442
84078	0.0577695720126556	8.29901823655674	0.754588282120727	0.451988317516786	0.579779256583442	-6.47666975174614
84079	-0.0328697109789755	8.85437956754761	-0.568688101274586	0.57064061286018	0.686797532015895	-6.59860326837663
8408	0.235743102229306	10.5243092867227	2.52862086194566	0.0127615115050007	0.0354438752627121	-3.66165561728535
84080	0.365845167341423	8.26447171853338	4.11654493646649	7.12962531615552e-05	0.00048953204581417	1.11569173404296
84081	-0.0871430845778037	8.49581133403486	-1.3068412718908	0.19378903645867	0.307294574994935	-5.91567736638371
84085	0.251195912950096	8.54246129116507	2.86762794585627	0.00489411930304964	0.0161960839115345	-2.80484196011536
8409	0.130702381279185	12.2175156233224	2.15414094859228	0.0332472441500555	0.0769249962687559	-4.49497602855754
84102	-0.33611341308557	8.55144490062751	-2.75661498924358	0.00676180152758611	0.0211402273345425	-3.09585929148204
84105	-0.155951181445988	7.73323214181034	-2.39236416792185	0.018307034854935	0.0474775848985126	-3.97888429252755
8411	-0.178726739531236	8.17346129174903	-1.9380540770042	0.0549877985455679	0.115162073018862	-4.91974579072502
8412	0.220610709761111	10.3161814383706	2.56996955539619	0.0114060333177327	0.032420452582406	-3.56227008658153
84124	-0.0111050002433758	10.1439019669551	-0.150297760582065	0.880784418526286	0.921728650383394	-6.74805612500897
84128	-0.283610217697834	9.51362647996761	-4.06261745420787	8.74016670083871e-05	0.000584092046512361	0.923653965158638
84138	-0.0505583128605838	7.61201059046372	-0.684963356103514	0.494700434203516	0.617907997356879	-6.52631936696478
84141	0.379095290568469	10.057915119623	3.97811428906484	0.00011982964981506	0.000764611473953827	0.62658189538943
84142	0.00655216897466473	9.3308007172986	0.0638583153973725	0.949190299037429	0.967192803224567	-6.75726560049867
84146	0.30760639104176	9.0697976409179	2.91122001241242	0.00430004827113337	0.0145699112480366	-2.68783550759283
84148	-0.00337389444067524	8.34056990853485	-0.041123310857518	0.967266578978469	0.978400923629948	-6.75845311669154
84154	-0.255336060993642	10.5273276203462	-3.3356710661851	0.00113575417677057	0.00486871798742604	-1.47033041794329
84164	-0.187080184160034	9.23346396128819	-2.60575041072417	0.0103390801857959	0.0300601204979494	-3.47510594850302
84168	0.742511409705273	8.93326707031529	5.53687948856848	1.8707803924113e-07	3.27386568671978e-06	6.78915156209206
8417	0.293037519397653	9.40678497637981	2.48094616700246	0.0145021665585253	0.0393127365135569	-3.77445057581438
84173	0.242192892981623	8.20015825450901	2.52335895847321	0.0129439801863432	0.0358097951415631	-3.67419952093192
84186	-0.0821134801603192	8.76952994613816	-0.75439904077012	0.452101475987161	0.579779256583442	-6.47681114912531
84190	0.00326191855723296	8.38019423653254	0.0531192500147211	0.957726056196979	0.972637518323887	-6.75789062662532
84191	0.164467997297257	11.5826281298037	3.30788986937884	0.00124398182326608	0.00523448286305546	-1.55425961174961
84193	0.0778429487022018	9.58006631167231	0.813472457553762	0.417573566178786	0.548879321552637	-6.43096823067194
84196	-0.118170767634652	9.39543243035616	-1.88531673910624	0.061828172344454	0.126348516468379	-5.01703798838746
842	-0.243824133644773	8.86864709767302	-2.95662383840061	0.00375229421307008	0.0130665894603536	-2.5643443550926
84206	-0.0716202960802903	7.11212856998851	-0.799940066378357	0.425341152276555	0.555766227533649	-6.44177160255125
84216	0.271723023329871	8.26803069601184	2.18030380172682	0.0312051987717272	0.0731634805150346	-4.4407253843587
84219	0.0678394305932383	7.33784646404475	1.005040803566	0.316918581440429	0.448399233352448	-6.25886106891293
84221	0.0530287148262521	7.47669825144296	0.399913456230128	0.689937932562821	0.784251762083018	-6.67977422701662
84231	-0.104022649915716	7.40504332918549	-1.04782864359293	0.296843291114818	0.428134378314719	-6.21554599087063
84232	0.1179589175786	8.56942795387426	1.40481886423142	0.162682806336231	0.266936825653014	-5.78552790406506
84233	0.0134538616732473	10.5974150388555	0.195807233399494	0.84509535872703	0.895278653723903	-6.74022112871074
84240	0.0022157758573341	10.0942357345859	0.0383783561591913	0.969450393684784	0.979650140914645	-6.75856169609133
84243	-0.212157058967343	8.13805638407012	-3.02635933686414	0.00303490600453044	0.0109900585696718	-2.37147758542399
84245	0.373246001432847	8.99392552914798	3.79379781676118	0.000234826802178976	0.0013276313388079	-0.00473691327826931
84246	0.0212549118189572	9.97471302541239	0.352188435458212	0.725320531798721	0.809505146960875	-6.69761195122627
84248	0.277903009626062	10.2665328846583	3.13822710118958	0.00214363937388493	0.00825091389948253	-2.05408815991131
8425	0.623092958948943	8.19289829700517	4.11536040119466	7.16172868685971e-05	0.000490920157290135	1.1114532054458
84250	0.0465872511403039	7.36786589671761	0.416991535480484	0.67743664321244	0.773301951707035	-6.67284260173829
84255	-0.257358761734752	9.53082797265348	-3.42445294737338	0.000846077736437166	0.00383357219032967	-1.19824060238029
84256	0.385439101057393	6.84882251270373	4.03800812135059	9.58578730234183e-05	0.0006334932506703	0.836652225468897
84259	-0.191033410439479	9.85148114679316	-2.14469646425538	0.0340123375757229	0.0784096869593835	-4.51441127160595
84260	-0.105380404736512	7.26885864497754	-1.26464852488813	0.20847104523802	0.325391313995851	-5.96891091619117
84261	0.0531503602438434	7.38922295934705	0.98389497242797	0.327165412256206	0.458809219904288	-6.27961217699001
84262	-0.301588914119707	8.55296691457024	-3.78670032664849	0.000240885743042622	0.00135354846090616	-0.0285824052990185
84264	0.222928838662379	6.41301376455254	3.06067023437905	0.00273053094910118	0.0100733298970861	-2.27517330451608
84265	0.538940609950139	9.29281835630774	7.71131167641346	4.21425090840362e-12	3.86774583371265e-10	17.1582192313143
84266	-0.109310502475479	9.82022113581113	-1.68414096550884	0.0947784005948862	0.176308266020297	-5.36485241527894
84267	-0.0251972567294548	8.20395072847379	-0.398210696307132	0.691189147004315	0.785096583368488	-6.68044949579804
84269	-0.107321052610357	8.95266630454222	-1.26858850236657	0.207066404204728	0.323565739449688	-5.9640118618705
8427	-0.0486396654928941	7.70196791683922	-0.762454533747208	0.447298992251363	0.575708755083193	-6.4707611748031
84270	0.00773282870060427	8.98219372606799	0.0976244793950103	0.92239489451079	0.950590371635574	-6.75455275741814
84271	0.0293845209828566	9.95654905407873	0.544206917703513	0.587318388414922	0.700946378891383	-6.61212347407635
84272	-0.300604098844895	9.35209907961252	-2.98979310616901	0.00339356122761708	0.0120718414040125	-2.47308953477151
84273	-0.279375562108359	9.96995852121894	-4.26170315466322	4.08498818778654e-05	0.000305634079992	1.64192637701439
84276	0.11380624917473	9.18610723736229	1.4984128404713	0.136676816736566	0.234367968910947	-5.65271771194045
84277	-0.0301009312540201	8.41460417345513	-0.437456116787031	0.662574313267512	0.760965493268861	-6.66415590361049
84279	-0.0237910922688346	8.54797113064019	-0.306936703327558	0.759428555364618	0.833576443518447	-6.71243853943151
8428	-0.195482263364549	11.4822781535468	-2.59339414730694	0.0106969155322821	0.030883090631475	-3.50532795683738
84280	0.0393960800452525	9.27015224050175	0.501695543675511	0.616809587330796	0.723699885135281	-6.63419464694138
84281	-0.223385215034693	8.2812088025383	-1.08021714781147	0.282232174613771	0.411733974268765	-6.18158019907841
84282	0.0669690571886658	10.1926264515847	1.12521880578466	0.262763022531943	0.38903433699836	-6.13270544086245
84283	0.0648650214932803	7.35738395185357	0.763167186800745	0.446875545211455	0.575579604466961	-6.47022288239696
84284	-0.277113208638363	8.76137435988195	-2.74705575914489	0.00694970374291596	0.0216294472179675	-3.12044783890704
84285	0.00915063669161985	8.50615404884549	0.0905266202464813	0.92802109650291	0.954245519371846	-6.75521717820198
84286	0.0483443764279181	9.56047641323998	0.573451290681649	0.567422433824868	0.683721269641636	-6.59590395493417
84287	-0.0461058543107885	10.6749354905263	-0.875333219833479	0.383157796719878	0.515789341738297	-6.37930258113294
84288	0.308044893100004	6.89353640902329	2.30877487749425	0.0226834595178263	0.0566914903531756	-4.16560545625795
84289	-0.279808174817772	7.93562834902474	-3.00327233955127	0.00325703347519638	0.0116919150391665	-2.43575595934036
84292	-0.0722664167119147	7.11479009369646	-0.947615532273369	0.345247553089102	0.477439274822699	-6.31420287424011
84293	0.117956261752329	10.8686245423137	1.11296024437242	0.267970974834446	0.395116074996881	-6.14621261227451
84294	0.178474325071695	8.35363409039362	2.57683354610196	0.0111939883850346	0.0319938906783341	-3.54563238425803
84295	-0.168271674313893	6.79735627917262	-1.90457562374505	0.0592517304294741	0.122204570592964	-4.98180070263252
84298	-0.0281414677993811	9.36654127773235	-0.37825029495226	0.705919270820633	0.796461299956076	-6.68815095235397
84299	-0.163434093203203	9.6722083380525	-1.6512753358043	0.101321702866654	0.185486982641526	-5.41813131307916
84300	-0.0268573251657652	9.97953436480287	-0.343929049250429	0.731507236279841	0.814429137575345	-6.70046969928561
84303	0.233435995928113	8.27953390232045	2.73949480339916	0.00710167698988919	0.0219864512505565	-3.13984318226579
84304	0.099961543995747	9.44314677821586	1.4987262399609	0.136595541134929	0.234290324510868	-5.65225913613835
84305	-0.187405045705365	9.27120898233306	-2.37434122050269	0.0191816750235478	0.0493584534873847	-4.01965427848531
84306	-0.235036827864416	7.51289464737353	-1.87166018132823	0.0637114972242552	0.129333243320803	-5.04182063284018
84309	-0.171461079362286	9.11093431485912	-2.39288014082882	0.0182825242321364	0.0474289102253287	-3.97771298413397
84310	0.244562830485895	9.87881277751552	3.57263720353285	0.000511441959267887	0.00251933356120728	-0.7311561486127
84311	-0.155388048765059	10.7030016726373	-2.50217052741287	0.0137026175461471	0.0374160730350993	-3.72447344952228
84313	-0.384083857185233	10.0577016881968	-4.40951155592896	2.28746512508559e-05	0.000188563703181544	2.1913993136764
84314	0.104710443654439	7.80628423765687	1.03197423925595	0.304179140488428	0.435823018288711	-6.2318025582685
84316	0.10232246492856	10.7189240373692	1.45559931992002	0.148139214198542	0.248857008191979	-5.71449527351671
84317	-0.16607122418953	9.38594500998724	-2.59228688654654	0.0107295198260878	0.0309663989390234	-3.50802993995857
84318	-0.269384410836093	8.08453213649136	-3.07257991451915	0.00263165952472694	0.00977845599381221	-2.24152876657291
84319	-0.183758776915106	9.41433123613823	-1.57745445970283	0.117348420752226	0.208361555333918	-5.534143641839
84320	0.207316036029046	9.81560973766299	2.46786067464725	0.0150156313249592	0.0404266997210439	-3.80507207121588
84324	0.035377046322978	11.074236651623	0.506094354107969	0.613727667490789	0.721426855779767	-6.63199370670731
84326	0.0265584952586366	9.51478540916153	0.312859290896627	0.75493576033276	0.830691271397239	-6.71061360711413
84328	-0.0128440129097461	9.31514449218472	-0.240697324940326	0.810204331895279	0.869996677225969	-6.73047565385696
84330	-0.0363176019746112	7.36330114596694	-0.50608121007117	0.613736866291092	0.721426855779767	-6.63200031180818
84331	0.412911380212083	9.92567961495029	3.8915445246584	0.000164800668848011	0.00099144466473749	0.327188823202954
84334	-0.144118322404877	10.7004529110087	-1.92412831149999	0.056728894816402	0.117941271377669	-4.94568159125001
84335	0.0812552650049592	7.68949703141742	0.849412715294169	0.397359042612219	0.528022151218939	-6.4014063108144
84336	-0.176826757750512	9.31586329440654	-2.74254949454215	0.00703991838586088	0.0218607991981996	-3.13201295571604
84337	-0.0841026308590843	9.0729668276731	-1.38185511393534	0.169607479672411	0.275779090963409	-5.81684933997318
8434	0.578281191837499	7.91516504453316	4.97730272654987	2.20249833693513e-06	2.62899367963644e-05	4.42219764564311
84340	0.158649819448042	8.53144815610087	1.45808898687785	0.147452906185477	0.247855312391543	-5.71095009085413
84343	-0.266943872370682	8.53719550279298	-2.7577720385597	0.00673937431920216	0.02109695642554	-3.0928780036392
84364	0.025744716946621	9.3148584191806	0.410839885026546	0.681929565102605	0.777138239299867	-6.67537272503948
84365	0.049076502373599	9.68878768687009	0.629342268211107	0.530332606788891	0.650445038160397	-6.56255862149968
84376	0.0125767317219991	8.44613417660483	0.143830385847525	0.885877944491655	0.924959148211487	-6.74900241969416
8439	0.211346300313452	9.44711149612076	3.42638826597815	0.000840614157857177	0.00381509502412103	-1.19224416852651
844	0.189073418095759	6.56184799138881	1.37574324647761	0.171487689900202	0.278494500385108	-5.82510144777743
8440	0.48384705723987	9.41067981583419	6.99676497300808	1.66038991956955e-10	8.91751092037387e-09	13.5871761239216
84417	1.1901756698729	8.58351123396874	4.84585613529626	3.84466957289568e-06	4.19348458489419e-05	3.88956067599299
84418	0.204894961388385	11.0225226672277	2.49924168830407	0.0138105532764598	0.0376734379338038	-3.73139276943644
84419	1.01775209074428	10.6959068399236	4.37074918323502	2.66642903192282e-05	0.000213211072639714	2.04599499938884
8443	0.161774938359019	9.28108479178727	2.92664871054318	0.00410617609453003	0.0140676128331887	-2.64605698870094
84437	0.453245473450656	7.31628045928406	5.40942000863261	3.32283109342317e-07	5.25932923790871e-06	6.23652447170483
84440	-0.0732618444387028	9.0031813394505	-0.77359435085874	0.440706357296481	0.570659117615446	-6.46228993793034
84441	0.0838530028858537	6.71984697971528	0.988515057106524	0.324908217126631	0.45657398323681	-6.27511537891418
84445	0.355090484922479	9.02004230230267	4.03689158715076	9.62595156699956e-05	0.000635066772710993	0.832714384046394
84447	-0.338767476403559	10.9025375105592	-4.8784603387626	3.3512479418611e-06	3.73063450131708e-05	4.02080056003672
8445	-0.0559989280215345	8.81281910223205	-0.698935148531806	0.485957760020572	0.611239698152874	-6.51673795911783
84455	0.243646150980217	6.88517418930765	2.99293946771074	0.00336122855892978	0.0119722931853213	-2.46438791095456
84456	-0.149926918585165	8.18326399344348	-1.94072131789277	0.0546595217408357	0.114648971452337	-4.91475821437388
84457	-0.438022916901283	10.1937978964664	-3.10143646540843	0.00240567992349237	0.00904045321567197	-2.15954931947602
84458	0.183538958984127	9.93641042856286	1.69520401740647	0.0926545407798681	0.173111627876433	-5.34669287589458
8446	0.0256920224048647	9.11168183594627	0.432749359280301	0.665980953803811	0.763709937306606	-6.66619053292213
84461	0.0101537721946296	7.23810175848554	0.137942966685085	0.890518874537612	0.928162259139517	-6.74982768436789
8449	0.0467314124020417	9.34185322476762	0.921554651794618	0.358627398651745	0.491254114902723	-6.33826077861508
84498	-0.0491981949725247	9.47752279306298	-0.918940492180143	0.359987517815486	0.492431995972038	-6.34063753676563
84501	1.09230693378596	9.24145633400873	7.05893653028179	1.21220800794912e-10	6.76543117949983e-09	13.8926742969845
8451	0.0698532083685829	10.1586530651218	1.16997499888065	0.244351326583126	0.36911886568702	-6.08216206415834
84513	-0.822520936028335	9.03952235184792	-9.20614622729616	1.43056009225642e-15	4.92351098418253e-13	24.9395891244451
84515	-0.0432653622253885	10.4839006019826	-0.55305858580829	0.581261863571911	0.695711896930511	-6.60730326471779
84516	-0.21589791739333	9.02922333570601	-2.7211773976504	0.00748245628468686	0.022975869483834	-3.1866358767936
84522	-0.0543506142975586	9.47764161134458	-0.942062389041425	0.348071219561116	0.480700263095605	-6.31938462244563
84524	-0.292352625131341	7.68994602692842	-3.39430672336296	0.000935607134202865	0.00414598440371012	-1.29128801157979
84525	0.161214264371269	13.8578438241651	0.961031816091533	0.338486849657365	0.470452865248163	-6.3015601327811
8453	-0.250102616080006	9.17000553234652	-2.78185591032461	0.00628766310044627	0.0199294310090891	-3.03057364484984
84532	0.434114105381141	11.4171560407949	2.44132895741452	0.0161067485444926	0.0426727241585595	-3.86671093318386
8454	-0.188657753326693	10.4970000806854	-3.40954767978906	0.000889287888409259	0.00398131054648264	-1.24433049480638
84545	-0.00892201611737443	11.127902484771	-0.10443242970329	0.917002180718345	0.946476581153002	-6.75386838241778
84548	0.25597912932966	9.15573205828885	3.17533821876093	0.00190636936771164	0.00745225318376629	-1.94664490861632
84549	-0.0892701507460944	9.34295291553091	-1.29737081336046	0.197015714925789	0.311097267307784	-5.92777379367332
8455	0.124296186588248	8.45864476579366	1.75397947476244	0.082011096375116	0.157391184028452	-5.24831988506387
84557	-0.158172305767905	9.2366691161978	-1.90239039462323	0.0595394557328605	0.122734191253663	-4.98581587505456
84569	-0.343073800095594	7.03848235769985	-2.97616189345234	0.00353697734107457	0.0124434143986122	-2.51069743988563
84572	-0.254971792113474	10.3636608756757	-2.73956188844844	0.00710031541633989	0.0219864512505565	-3.13967130257953
8458	-0.229170763935437	7.60203151949776	-2.40562823904302	0.0176861106573046	0.0460988557997273	-3.9487008629942
8459	0.171791303694128	10.4009559591184	1.95380574556705	0.0530730067532263	0.112400805185113	-4.89019800075766
8460	0.558428480048129	8.15145298792439	4.58850676356556	1.11461955783811e-05	0.000102183768565403	2.87460246567401
84617	-0.297303148681043	11.6378747433933	-1.89146418402046	0.0609957551151652	0.12501859485143	-5.00582683418959
84619	-0.0942411955852464	9.56411716062449	-1.52619164555913	0.129618375326392	0.224854930278186	-5.61171267552011
84626	-0.308329962412519	8.84884762284526	-4.17987823065311	5.60026426010964e-05	0.000396385456628155	1.34363280236314
84632	1.13447363609721	7.56321012714671	7.56123099462211	9.20662856749445e-12	7.47729256329322e-10	16.3980168564211
84641	-0.179029609205901	9.55924714665319	-2.46209989604545	0.0152467762949874	0.0409390611817882	-3.81850666539725
84656	-0.0378373623110434	8.14873006734169	-0.565330486910317	0.572914413811094	0.688631120209493	-6.60049258354995
84661	-0.179379678701086	11.2375104030143	-2.89765256114263	0.00447744043731717	0.0150830579169004	-2.72441617009324
84668	0.0262749004156501	6.77641032754188	0.376185507357604	0.707449520046002	0.79742535965884	-6.68892508103514
84669	-0.112857088700668	6.74557433003819	-1.22425026791604	0.223278522481838	0.342994345490046	-6.01828675583479
8467	-0.102957864559813	9.95551189327396	-1.41872994024733	0.158594241541379	0.261997687026357	-5.76631112286665
84671	-0.220238791134859	6.84271861701379	-3.81659234917053	0.000216332098611891	0.00124522866518064	0.0720815663971033
84678	0.266992562865282	8.8339770075773	3.38723130895086	0.000957870984456668	0.00421974097685977	-1.31302874359425
84679	-0.363539197348033	7.88870548704392	-5.52265093182758	1.99539271981201e-07	3.46988291908362e-06	6.72708537110255
84681	-0.0293583669158166	9.99867366527497	-0.417705114425144	0.676916220920844	0.773146544871862	-6.67254668582876
84690	-0.205386718338349	7.41377916249283	-1.35406088636715	0.178285438577703	0.287456123882847	-5.85409067053952
84693	-0.0207331306428436	9.77759757026732	-0.265687359393638	0.79094021413786	0.856584000102101	-6.72418274430387
84695	0.296604198908555	7.95525589970722	2.25910677807946	0.0256991115086696	0.0625809731903334	-4.27368167986788
847	0.741301344118634	10.4032502371399	4.67839449248227	7.71650962924663e-06	7.42871439831902e-05	3.22481919425768
8470	1.46114647696016	7.96892573943635	9.22972796121045	1.25842930414427e-15	4.52659287502408e-13	25.0645572503391
84701	2.08329761744291	7.80566059137247	9.94201747424579	2.57142059806796e-17	1.32749588375259e-14	28.8571894903246
84705	-0.0738851501899438	8.81577804853765	-0.922716178173703	0.358024120317711	0.490697021980979	-6.33720259944003
84706	-1.07543058378714	9.8231681067261	-7.96096072856062	1.13712916658755e-12	1.26928201567745e-10	18.4331301840398
84707	-0.413875870745928	10.6742456881074	-3.74483099164346	0.000279762281375584	0.00152573474827027	-0.168539263997046
84708	-0.102147379114235	7.54860374176838	-0.835861703236822	0.404909623756751	0.535986136575443	-6.41270072192683
84717	-4.83084881057266e-05	7.5471464157069	-0.000507025129191499	0.999596302358264	0.999838393979082	-6.75929441277491
84720	-0.375060747978755	9.43025977861076	-5.01857277069051	1.84572295622763e-06	2.24862413251331e-05	4.59134435518581
84722	-0.162335148712239	7.86218791986534	-1.23468748465788	0.219381798125462	0.338140259846299	-6.00567969952893
84727	0.206109032616839	7.52111873548966	1.41742924132202	0.158973155913105	0.262466173864131	-5.76811566577119
8473	0.0246636072946376	9.77525102059527	0.33016574668336	0.741855859830656	0.821741907228271	-6.70508144166149
84749	-0.229482679992329	7.30217278432454	-2.92972911626528	0.00406844391547882	0.0139673095352681	-2.63769288154577
84759	-0.0554370892592436	8.57458284802875	-0.509805832478752	0.611132672379265	0.719799782383107	-6.63012179299287
8476	0.160767623565449	7.33817665008596	1.53663347643063	0.127040492969171	0.221569778700455	-5.59611200548812
84765	-0.132065716729228	8.56822749464472	-1.14226367957379	0.255639896679587	0.38156587397423	-6.11368385254825
84769	-0.442568822711816	8.25599419041369	-4.74601470485952	5.83480575565586e-06	5.87690692787953e-05	3.49133800692421
8479	-0.0744467496602113	8.29059977177794	-1.39666220320514	0.165117276417071	0.270073010535644	-5.79671037696337
84790	-0.296978515420548	13.695722983221	-3.26840899774475	0.00141446187109185	0.00582135279283442	-1.67253199165571
84795	0.218538987376652	7.7211099979104	1.52112707191513	0.130883444258628	0.226407800958381	-5.61924261089727
8480	-0.163663192038551	9.76862805224753	-2.58132790042791	0.0110570745774896	0.0317343419075971	-3.53471700796562
84803	-0.231722663802565	7.73877775391821	-1.55134233122694	0.123477913398454	0.216361384105054	-5.57396287635423
8481	-0.171730374859296	9.39206432058985	-2.34204794043212	0.0208416921211252	0.052726608551453	-4.0920044383638
84811	0.111682986591423	8.42006401241862	1.51351788678665	0.132802331268815	0.229173212784161	-5.63051060145569
84816	-0.122459110795353	8.63084439495356	-1.24600404787848	0.215212895059082	0.333019579091048	-5.99189267451685
84817	-0.00731281325837665	11.4328998214311	-0.110248504590924	0.91239820274588	0.944057266025425	-6.75324719497972
84818	0.160843391366512	6.77627217544806	2.17132614271365	0.031893288466069	0.0745651182365497	-4.45940934607369
8482	-0.576479975848977	9.30871447036045	-5.68808676133745	9.37691252786374e-08	1.80123947628266e-06	7.45440794733514
84823	-0.280950654725911	9.61960687594188	-2.71885890864452	0.00753195222014641	0.0231106706309099	-3.19253885475662
84826	-0.118556672921178	7.42842068596114	-1.62756528266562	0.106264751408779	0.192741951391418	-5.45594552970219
84836	0.0959382627813763	7.0371921570079	0.994245872434802	0.322122655992184	0.453669186710195	-6.26950870335753
84839	-0.0910757680817571	10.6334868071435	-0.710904999198344	0.478535602637123	0.604481431072433	-6.50837683210747
84842	0.0319416381712158	7.92174354270083	0.271346454199936	0.786595215416796	0.853444959850615	-6.7226715383881
84844	-0.378733708055363	9.57989589795262	-3.54261622771987	0.000567027194738901	0.00274539544463266	-0.827075852465486
84851	0.0136746669880692	7.29326590218439	0.140733835856202	0.888318406760604	0.926453287858913	-6.74944077405428
84858	0.478938245539627	7.37739820089744	3.78776833753326	0.000239964612497057	0.00135020960437717	-0.0249964307999671
84859	-0.0681651190092316	7.25587119553333	-0.91221441803551	0.36350207464269	0.495957571283221	-6.34672219837527
84861	0.166756723285521	9.05437472189405	2.38580356050007	0.0186212374542863	0.0481111734039427	-3.99375752744706
84864	0.0942821556447049	8.9698236971113	0.915540316052628	0.361761493645909	0.494563048248132	-6.34371897245193
84868	1.2688902050618	8.29543648233444	4.75839395335326	5.5422706118229e-06	5.6517475621799e-05	3.54041040863297
84869	0.120003022920105	8.90262746082103	1.50133293252753	0.135920996057919	0.233605373998837	-5.64844136691456
8487	0.111985648891076	7.70150019460827	1.2073261953639	0.229703264334827	0.350906040947969	-6.03850746635483
84870	1.03968691672123	9.61749420039119	6.05629886357332	1.67699175743076e-08	4.27834724228507e-07	9.11564067223303
84872	0.0319284369981988	8.07499712563533	0.567456153477622	0.571474391178157	0.687600651293747	-6.59929777239405
84875	0.514392742622761	9.22172553066563	4.69620889578815	7.17039772129575e-06	6.94343319787841e-05	3.29478026057183
84879	-0.00965049566055935	9.48130935691951	-0.0530253993662945	0.957800674824031	0.972637518323887	-6.75789558303087
84881	-0.199204585393614	9.62162549541872	-2.77452164320206	0.00642221132876248	0.0203091368972351	-3.04959750993841
84885	-0.111014780455749	8.91744189084037	-1.42425155337828	0.156993411797865	0.259924951182676	-5.75863283222713
84886	0.248102108176155	10.2482045309118	2.5687202143479	0.011445014549949	0.0324865361452162	-3.56529411424927
84888	0.00420340103426388	11.1607135808041	0.0599304517359991	0.952311660142227	0.96896948913215	-6.75750751690592
84890	0.25065982617015	8.55186488312916	4.48183588004874	1.71450558530421e-05	0.000147981359818315	2.46514383439378
84892	0.626026507959801	8.19139647438777	6.01207117004138	2.06795893015394e-08	5.11417388115915e-07	8.91315608646747
84893	-0.0349841449919853	9.13882916908802	-0.629305148622148	0.530356819855965	0.650445038160397	-6.56258178934052
84895	-0.212170270358899	7.00941836540733	-2.5746263478492	0.0112617840488376	0.0321431707821004	-3.55098675878518
84896	-0.0639825796185456	10.7619157153264	-0.55678293391604	0.578722447576593	0.69342032073959	-6.60525203297812
84897	0.107677520154559	7.40145632007861	1.48609734990127	0.139900675784159	0.238657493179917	-5.67066501641322
84898	-0.999043470303114	8.96645205551241	-5.85484441301149	4.32936403722788e-08	9.38597032742843e-07	8.19973763609482
84899	-0.144957596597147	8.00874630332388	-1.63780445536725	0.104106842747833	0.189660900109639	-5.43967956927227
84900	0.0574192674261248	8.22246006824398	0.2572055183349	0.79746478818317	0.861504804567503	-6.7263881664188
84901	-0.600455835351143	9.01911793926276	-6.84918906993242	3.4887555269292e-10	1.60254234466953e-08	12.8664701732658
84908	-0.177188244266382	10.6223450658036	-2.19300213194355	0.030253982827195	0.0713178933083991	-4.41417676416425
84909	0.232949963376713	7.74608310710502	3.34050392548761	0.00111785131666202	0.00481159555790947	-1.45567070488084
8491	0.210934188438848	8.44612868692973	2.63987406954317	0.00940622105135725	0.0277186535441352	-3.39097979110374
84910	-0.289699254204718	8.09246402453646	-3.27256439139514	0.001395541696598	0.00576302596360848	-1.6601393338798
84912	-0.0127309875346022	9.52281723058238	-0.124061957747532	0.901475747996196	0.936589941811185	-6.75163697638241
84916	-0.237532904500996	9.64833835533008	-3.45252681759192	0.000769995200522983	0.00355316221023455	-1.11098493799202
84919	0.301807976049581	9.00411476032595	1.58249118881289	0.116194413221328	0.206933671885835	-5.52638966609574
84920	-0.164574229779023	7.07622287116985	-2.18442317960078	0.0308938120415293	0.0725226855979711	-4.43212850085745
84922	0.00556723097090382	7.6900851838154	0.0776609312945075	0.93822833612858	0.960624069752763	-6.7562937486223
84923	-0.0808060684195282	10.813793015105	-1.34162177354581	0.182275897129019	0.292509048878784	-5.8705202223902
84925	-0.153909121891731	11.6489089524108	-1.98162095657899	0.0498294717264105	0.106906866613026	-4.83747390446496
84926	0.000724956317612246	8.38585051731136	0.00795675122301687	0.993664835369082	0.995593345481394	-6.75926304048335
84928	-0.207278851026479	9.35146772523563	-2.70920142609933	0.00774133754790196	0.0236464647178528	-3.21707952057008
84929	-0.223117479903106	7.43463056580947	-2.2231817611896	0.0280938998840261	0.067090662595272	-4.35051032145197
8493	0.148606052393464	9.34194560848636	2.23088674644996	0.0275644728241454	0.0660715454229369	-4.33412782115598
84932	0.200205793824944	9.61482750450113	3.46827923153011	0.000730170847388959	0.00339404119270276	-1.06177095970882
84933	-0.0128859749150273	10.4909516308707	-0.250293017328477	0.802792804119714	0.865122592964236	-6.72813267681735
84934	-0.32758888849927	8.16587070673354	-4.76628570756619	5.36325448305251e-06	5.49633772084538e-05	3.57173903267731
84936	-0.0784580906208022	9.39788868588723	-1.03835421427402	0.301212586381819	0.433075015407107	-6.22529000593069
84938	-0.0919343509278743	9.08507933822748	-1.33018961136546	0.186002137794761	0.297574599687144	-5.88549011070612
84939	0.190604939592425	9.20576319722912	2.35424362919076	0.0202004347859637	0.0514509994856799	-4.06478700332523
84940	-0.383977069163207	9.67156242484262	-2.09432239087419	0.0383556171183183	0.0863262663207927	-4.61673737420663
84942	0.13799620295203	7.83493009843756	1.38453773090212	0.168787178800537	0.274823989137085	-5.81321614884246
84945	0.464244555696753	6.55403585885279	4.66918918697322	8.01427049134492e-06	7.65293344029007e-05	3.18873922531786
84946	-0.0601565853849498	9.70974607598393	-0.878195072475541	0.381609381978967	0.514207747984709	-6.37682193071076
84948	0.11274488503347	8.54331882582393	1.84478647444971	0.0675577982178143	0.13554224272022	-5.09009263246891
8495	-0.457855729527539	9.11925783472502	-3.69253533517308	0.000336708968309907	0.00178626594620413	-0.341627506283774
84950	-0.254193671143581	8.94552163011446	-3.43422298147644	0.000818832864752854	0.00374504953646654	-1.16794061845181
84951	0.244731841416655	7.45333410393635	2.18518761432634	0.0308363259636085	0.0724837940977251	-4.43053152800966
84952	0.559536798494652	9.67283052720841	5.8921348179966	3.63663559537582e-08	8.11854324805521e-07	8.36802410327162
84954	0.0901094146956291	7.60081824564168	1.21476008213718	0.226864983155544	0.347405406166999	-6.02965933683373
84959	0.179213721179612	8.37439362385013	2.00818339482902	0.04689071121526	0.101952428175322	-4.78647411940289
8496	0.358427438516789	8.25397032873566	3.68489763152278	0.000345892969622669	0.00182560762241741	-0.366745820548079
84961	-0.352942941503942	8.33506170585867	-4.41144227151114	2.27001448495171e-05	0.000187315880576435	2.19866577891988
84964	-0.0284373189850837	7.92427874328224	-0.485880859295129	0.627946039018546	0.733847521546857	-6.6419494588714
84967	-0.363238465796379	9.6790899487798	-4.83099060159663	4.0923925711607e-06	4.37864801007608e-05	3.82991742834496
84969	0.121700495600344	6.97708621709771	0.996234473054107	0.321159761660302	0.452841457720319	-6.26755573144367
84971	-0.058651208859277	7.1918271168452	-0.536819396321313	0.592395644661026	0.704562710568765	-6.61608713728853
84975	0.0661803092932577	10.1538782361904	1.07947868006636	0.282559713786436	0.4121390139283	-6.18236592405568
84976	0.26380216760003	7.90884737014156	2.50929995198101	0.0134430259247861	0.0369062343937378	-3.70759990679405
8498	-0.0250367750652983	8.99544537722422	-0.295384723260568	0.768215301885053	0.840174349269366	-6.71589786077125
84987	0.159656995483081	10.5941377115464	2.24527283613819	0.0265992620184248	0.0642238831546883	-4.30340052284013
84988	0.174424752848317	8.01067911785865	1.9183124026665	0.0574696730363904	0.119323291563049	-4.95646135516753
84991	0.369733552005848	9.60764200962939	6.05365441657582	1.69817195782034e-08	4.31596934510647e-07	9.10351201021665
84993	0.0570279233100961	8.7842895446337	0.767279098440742	0.444436828242753	0.573332531826509	-6.46710728371269
8500	0.077313383561875	10.1014142708102	1.1304736300391	0.26055236284189	0.386549827599494	-6.12687104095681
85004	0.940227756268559	9.37134906782323	8.49017965103641	6.82614029919101e-14	1.25297597491817e-11	21.1726380295426
85007	0.258650051901136	8.10739394652012	2.37089482958338	0.0193530767089569	0.0497065962736269	-4.02741852932269
85012	0.713718010445598	8.51133740997953	3.7831243122349	0.000243994472295137	0.00136636904485277	-0.0405835475732976
85014	-0.196183261653766	11.4187165931721	-2.45874896334444	0.0153826834180194	0.0411788348439328	-3.82630828463967
85021	0.0384295817249576	9.08288577724089	0.614904164812354	0.539793261797086	0.658821174274375	-6.57146760019515
85025	0.168232825021599	9.51243568913066	2.3880746037819	0.0185119353560099	0.0478886896463019	-3.98861314826052
85027	0.253473479533467	8.31684286482174	1.79714793869473	0.0748510327200428	0.146437873006875	-5.17404297974626
8504	0.445276617159868	8.00713421300067	2.81318207800944	0.00574142790434497	0.0184817593491385	-2.9488241500435
8507	0.715049948556182	8.78767517424695	5.83112926659722	4.83566389276822e-08	1.02616414053593e-06	8.09301726570032
8508	-0.094949923350279	9.45721588007705	-1.27508687335209	0.204764887648637	0.320636582365449	-5.95589925447909
8509	0.0261900268367809	8.03495092578277	0.386091419419566	0.700119088622095	0.791755705369456	-6.68517265923898
8518	-0.0595442955231216	7.72350955731158	-0.959355162549983	0.339327008185921	0.471303360957744	-6.30314968312731
8519	0.382400431853336	10.2113991467871	2.21356436832161	0.0287671687233025	0.0683481898246096	-4.37088591604618
8520	0.201464865411472	10.6675138434017	2.64977710045955	0.00915010738245555	0.0270928859053084	-3.36638356699537
8521	-0.204280602506241	11.6764834693268	-1.57419273760714	0.118100589100404	0.209271708284224	-5.53915237945715
85236	-0.143210468322543	12.8537537357961	-1.65666367410622	0.100224611709214	0.184090569872829	-5.40946485512626
8525	-0.572587904961977	8.7668903962772	-5.7432822600039	7.26969915945017e-08	1.45746881206453e-06	7.69977956206104
8527	0.428226279018549	8.32973385939494	3.3676669472695	0.00102204716079371	0.00443854340071297	-1.37295029865632
8531	0.0259685772600288	11.6235310375425	0.327556017125442	0.743823524076689	0.823479735809335	-6.70593469786126
85315	0.726642216536091	8.16184152805669	6.07947981222719	1.50210901582347e-08	3.88947350178742e-07	9.22207697454598
8532	0.53859546721365	9.16889542463536	3.92756915867202	0.000144416328355372	0.000894212048137463	0.451163167065625
8533	-0.261755588930143	11.0094638422675	-4.25072860235871	4.26253668408445e-05	0.000317480189454802	1.60167211993449
8535	0.304224878543505	8.79363456878551	3.90579498253229	0.000156429291512106	0.000952880492544244	0.376125006807711
85360	-0.252967335390372	10.1295800846744	-1.83914510873077	0.0683893206219698	0.13664629616291	-5.10014232404349
85363	0.0588479174335816	8.02433090760628	0.6468856845176	0.518953029019456	0.640070482260819	-6.55145718059682
85365	-0.0655039775604917	8.55505951743479	-1.09291176584197	0.276642367437925	0.405225386599975	-6.16799086793158
85369	-0.148536376953388	8.59442276071855	-2.46828716953005	0.014998643601518	0.0404073046798887	-3.80407632616005
85377	-0.0562656376901072	8.66270095659752	-0.730160316685977	0.466728653267815	0.593469623767264	-6.4946314022764
85378	-0.197821768102903	7.80704436176689	-2.59657796527398	0.0106036615897523	0.0306822452426462	-3.49755294342562
8539	-0.223154850686118	9.04932418124533	-4.53531669972551	1.38268198103181e-05	0.000123203378245122	2.66958794949277
85395	-0.309661351883999	8.04090076981708	-2.83590891106708	0.00537265209923031	0.017506156346999	-2.88901538745405
8540	-0.109670507645122	8.65851152732543	-1.20870569499314	0.22917464305784	0.350163254098735	-6.03686953008736
85409	1.08949073529948	8.05868967723324	6.8537539234219	3.40985898962348e-10	1.58232782327472e-08	12.8886668826465
8543	0.0992759145060473	11.5431377881196	1.30615148112684	0.194022720184086	0.307606078449242	-5.91656130808194
85437	0.287396863770255	8.38867067146487	4.30918879629699	3.39536810007046e-05	0.000263068590932436	1.81697370304027
8544	0.253903314445289	10.2559406576404	2.29362714088724	0.02356836026715	0.0584433070569377	-4.19879423354322
85440	0.0709481368567433	9.22655400875339	1.19176976917345	0.23572532819657	0.35838233221124	-6.05685191026954
85444	-0.237165979064944	7.45439574194025	-2.19817052744803	0.029874108581645	0.0705028962526821	-4.40333044218707
8545	-0.0809500294331375	10.6778043877042	-1.35011311285959	0.179544686788652	0.288697510779496	-5.85932080354075
85450	0.144939354237085	10.3208322390628	1.10117951245594	0.273043198901864	0.401376903884926	-6.15905676396977
85456	0.159994201143562	7.65784633789916	1.68406884828687	0.0947923740189032	0.176308266020297	-5.36497042112034
85457	-0.0448199106782233	9.34444407548858	-0.778742017913678	0.43767908029023	0.568085799764029	-6.45833432507225
8546	0.0518842416061326	10.6947648348296	0.890288174511329	0.375109394799174	0.507935016564128	-6.36625142818975
85460	0.219189964829979	9.21010455594644	3.32578925774628	0.00117319896053965	0.00500032167908026	-1.50025070153491
85461	0.0111433337329322	8.26186715881332	0.108479044247062	0.913798591559712	0.944796140478561	-6.75343974427067
85462	-0.348900794326555	9.91563614267728	-4.39725492755446	2.40129841833354e-05	0.000196773064835665	2.14532317266056
85465	-0.127072146717319	7.8817344407831	-1.15008940988191	0.252415418951096	0.378211203152468	-6.10485687907882
8547	1.10429777259214	7.51926568563904	7.59097786082738	7.88858638598657e-12	6.57360980720478e-10	16.5483001935633
85476	0.205508317304563	9.46152897848673	3.34484287022304	0.00110200353145395	0.00474585462450973	-1.44249427146553
85477	0.354748220964217	9.1115775954516	2.73708363464608	0.00715077249094017	0.022113583217958	-3.14601841858012
8549	0.360037895357027	7.02091662604286	2.50802706837137	0.0134890480532568	0.037004163706377	-3.71061566214937
8550	0.117430616378172	8.96789840906372	2.47896740522054	0.0145787915933129	0.0394822355936934	-3.77909045507303
8553	0.0337174850718244	9.59772806944201	0.175363621530161	0.861092273208095	0.907801171244271	-6.74399550778243
8554	0.162388885849818	9.39457545623678	2.35639585510914	0.0200890970043479	0.051214796683924	-4.05997047366145
8558	0.135244683231343	9.03415244585077	1.26145701283647	0.20961396828595	0.326804714617204	-5.97286844079081
8559	0.227510029938186	9.23019300492415	3.23296765722897	0.00158584158923228	0.00638649685930714	-1.77769514432016
8560	0.420123304596317	11.5928587631644	5.57847748625276	1.54855579104589e-07	2.80505939342962e-06	6.97113812755971
8562	0.0946300184152931	11.0704127341311	1.67785083919752	0.0960034741001051	0.177999707310184	-5.37512687984123
8563	-0.281669010062342	8.21037773867167	-3.53087449119706	0.000590279479358934	0.00282995644604093	-0.864414265453195
8564	-0.110615305011896	10.2477558691351	-0.62621853802841	0.532372199623868	0.652335613246277	-6.56450351903782
8565	-0.102921537427345	9.89739381338084	-1.27705685849978	0.204070916242309	0.319792405266832	-5.95343194864442
8566	0.00135426336255668	10.5580529397964	0.0228510851777282	0.981807370990222	0.988027398194351	-6.75903473145866
8567	0.0773231489394673	8.21252916832584	1.28499671254133	0.201291490765897	0.31651774485557	-5.94345013848254
8568	-0.261340153171399	8.02060703315425	-2.89163003271999	0.0045583153366052	0.0152931294396259	-2.74060672422398
8569	0.630476647662448	8.70681474964398	7.52362298330717	1.11895944215617e-11	8.8024809449619e-10	16.2083045236163
857	0.66745047840652	11.2959165662293	5.95579747298428	2.69694083368189e-08	6.405236041802e-07	8.65665337220002
8570	-0.280402733757446	11.3185257379035	-3.21649116490441	0.0016719392488709	0.00667160299307906	-1.82625857250906
8574	-0.124961061475865	11.5006731488288	-1.77444258297039	0.0785497889871469	0.152261449293385	-5.21332381195398
8575	-0.0656041642616089	9.69716382123979	-1.16398695651104	0.246760114875969	0.372281013493243	-6.08903603868714
8576	0.0707341283023992	6.96931845360332	1.22726749404671	0.222146926160989	0.341637238892156	-6.0146529832055
858	0.713315143651127	9.46058605351091	6.74372742704574	5.90798574066908e-10	2.42785881681227e-08	12.3554273134753
85865	0.0671379306506527	7.26950247269873	0.957709593595091	0.340152906444648	0.472212270123159	-6.3047071068349
86	-0.0872565185090171	10.3379312776061	-1.50427359881461	0.135163156833612	0.232564469890365	-5.64412679569347
8601	1.38584424605029	6.84690281600612	9.09054032516341	2.68008120376552e-15	7.37915691436774e-13	24.3276590138517
8602	-0.156073310999554	7.74405237571843	-2.09338475402019	0.0384407918262936	0.0864284194689239	-4.61862064618528
8603	0.095645231529375	8.25802189793318	1.60658337913241	0.110798839901143	0.199216024724301	-5.48897265697713
8604	0.263267751765788	7.12304145894757	2.9585715558552	0.00373030042115069	0.0130064506030834	-2.5590100250732
8607	0.179365495423165	7.97615029963437	1.46473933328858	0.145631721818076	0.245694040485561	-5.7014516285455
861	0.402797528271153	6.76618495528318	4.20128184176008	5.1586355608705e-05	0.000370847082095651	1.42124860412305
8611	0.210865193374608	9.04673014028302	1.58393483881567	0.115865316726193	0.206616475854567	-5.5241628192505
8612	-0.365322717344474	6.72275873522277	-2.43467207236915	0.0163913567301827	0.0432702481915337	-3.88208189824537
8613	0.870844090560898	12.2161496425667	5.03928661630968	1.68851871584489e-06	2.08477796605064e-05	4.6765802975789
8615	-0.149542753095286	11.3167207441717	-2.22043302516493	0.0282849081946634	0.0674071961015349	-4.35634213509947
862	-0.766111815936059	7.87359287776599	-4.82831327656056	4.13862469224902e-06	4.41097289780347e-05	3.81918848472928
8621	-0.145361006715665	8.78226001968698	-2.54630070896038	0.0121651877346371	0.0341087748432119	-3.6193369777837
8623	-0.107768776406933	9.0754593967594	-1.37444870728843	0.171887952660459	0.278883223134039	-5.82684476073426
8624	-0.202135403743989	11.2290791445953	-2.42114159509811	0.0169836620783256	0.0446199264525983	-3.91320727304852
8625	0.214652548654039	9.68588592915956	3.09358854863521	0.00246528840737625	0.00922288038152181	-2.18190912616781
8626	-0.0575882045872105	9.37282803237699	-0.552955620732231	0.581332144384308	0.695711896930511	-6.60735977949031
8630	0.357732432918417	7.08963825187685	3.54825363581904	0.000556172836413006	0.00270393621469772	-0.809113530909617
8634	-0.00504422645261772	10.5952241716141	-0.0833614662451676	0.933704338081094	0.958061842552774	-6.75583706045984
8635	0.424159161577726	9.86231099568113	3.56312965275693	0.000528463557181105	0.00259210747168404	-0.761604079972073
8636	-0.134911061251499	9.57425200694787	-2.58056341195043	0.0110802567194532	0.0317756226881667	-3.53657490881461
8645	0.0596744699924161	9.53551910271751	0.494713712070573	0.621715288358019	0.728183669858223	-6.6376487171535
8648	0.256036570293811	8.93312440878672	3.07021207731528	0.00265104884519554	0.00983722527462495	-2.24822670280773
8649	0.0634183884546458	9.96636637079967	1.14154957806413	0.255935568647464	0.381924435475209	-6.11448638351984
865	-0.0377342605071185	9.20671960338194	-0.700549029223404	0.484953375068573	0.610474810686491	-6.51561884963852
8650	0.3132402017106	9.73368389506891	6.21243709821262	7.95612595396261e-09	2.24292151466659e-07	9.83657022417791
8651	-0.0301526648180528	8.35778984457333	-0.419247545775621	0.675791839836639	0.772386965137766	-6.67190532730776
8655	-0.0531866770779632	13.7493358335278	-1.07903439122025	0.282756898846863	0.412281021090043	-6.18283839076562
8659	0.110567715632913	10.4368675730344	1.10015381293522	0.273487942641881	0.401816151942714	-6.16016871589333
8660	-0.154606103850024	9.51186188478114	-1.01487033472912	0.312228754785625	0.4437383900769	-6.24906735979487
8661	-0.0519453886255619	12.2535507531574	-0.786861449448494	0.43292885650701	0.563325827780073	-6.4520423531814
8662	-0.184629987718951	11.9182545814795	-3.24159008104411	0.00154245027342374	0.00626874761343442	-1.752198403085
8664	-0.147531665682173	12.2939483280984	-1.86981282457419	0.0639699065004336	0.129730279325701	-5.04516001367234
8665	-0.0327379298383824	11.4558507462585	-0.513921033101367	0.608261173897061	0.717911540510279	-6.6280303394505
8666	0.0265925357853513	12.0353130386587	0.381250508452732	0.703697907477341	0.794606249591639	-6.68701858121272
8667	-0.0713062933251381	12.197304940272	-1.02226867176999	0.308729587880044	0.440204798185598	-6.24163421115377
8668	-0.0740999670935576	11.6248195430366	-1.19045748953792	0.236238452767717	0.359030288842933	-6.05838875734206
8669	0.0625162666882691	10.3145181580233	1.00533577926617	0.316777166277638	0.44835150676033	-6.25856853168602
867	0.0848692474865503	8.48583612891532	0.7998905258412	0.425369744608684	0.555766227533649	-6.44181082316671
8671	-0.590019244457672	6.88662344063744	-3.70948218670652	0.000317149376761778	0.0016955688362798	-0.285747127019429
8672	-0.0128320253087104	8.1240026488671	-0.177481126149223	0.859432547214716	0.906514217851303	-6.74362385729925
8673	0.136814887023634	13.2862301984298	1.56428287153615	0.120409362487136	0.21244342045914	-5.55430910274701
8675	0.0172098107403002	9.63188004800243	0.216647237430686	0.828854621257546	0.883406714738643	-6.73594591437046
8676	-0.0603021330361196	8.48465875951057	-0.510448679399724	0.610683706793165	0.719639446335394	-6.62979618446581
8677	-0.00721437408612123	8.37892298636419	-0.104385317692865	0.917039486093572	0.946476581153002	-6.75387327683031
8678	-0.115413074617665	9.34526648430133	-1.41613497976269	0.159350883224265	0.262960466210069	-5.76990969011751
868	-0.455885124315746	10.4034578040382	-3.17587675817663	0.00190311334062475	0.00744304744013278	-1.94507791066127
8682	0.231383962105948	11.478870830207	3.17010247461308	0.0019382959700633	0.00755917125246594	-1.96186779186396
8683	-0.0337912760813831	12.0423070419759	-0.606824340220526	0.545124703815201	0.663727897039145	-6.57636357711883
8690	-0.0864420742915888	7.10259329020498	-1.13825628680572	0.257302260854201	0.3833543785454	-6.11818114155252
8692	0.548582851695669	8.56959290244455	5.17602708199478	9.33231092311433e-07	1.2473282884292e-05	5.24485583776688
8694	0.110118378490485	7.93806129229774	1.53088145648988	0.128455509761902	0.223424407376987	-5.60471848295527
8697	0.0941799930167102	10.2700556209456	1.62358227468443	0.107113813554251	0.194068896678683	-5.46224660006267
87	-0.441949411122054	11.0950906570118	-3.84491127988021	0.000195280432345774	0.00114398324196886	0.168015953821978
8702	-0.255598260169456	9.88335291186143	-3.27400491829368	0.00138903809377674	0.00574050225625246	-1.65584018176132
8703	-0.291389427550611	9.95855730312682	-4.16624986891294	5.90012198134369e-05	0.000414413329641997	1.29436519726977
8704	-0.234279031381937	7.15450591505849	-2.21127633380651	0.0289293999097064	0.0686657595557973	-4.37572142783583
8706	0.217413212041293	8.494647619275	2.30839963659769	0.0227050222237991	0.0567157663821436	-4.16643002125112
8717	-0.0149661566901816	9.34836682140395	-0.214273692615255	0.83070074410887	0.884795376703967	-6.73645461830126
87178	-0.0280990712495487	11.2126270404588	-0.339517205729539	0.734819222157187	0.816795421210922	-6.70196846688517
8720	0.0290940950566681	10.3247317394931	0.447074928362193	0.655634448857252	0.755410872863844	-6.65992967613361
8721	-0.454831669153568	12.8295225807137	-6.73680763971226	6.11504618266643e-10	2.48819120536082e-08	12.3220157353611
8722	0.675866214789003	8.84279566237485	5.31912701225443	4.9695705982504e-07	7.34322954231634e-06	5.84970757483711
8723	0.390608658165297	9.95188984209673	4.71449433776237	6.64883472272e-06	6.52249107003173e-05	3.36677971054384
8724	0.15361939455714	13.0755778616911	3.55176822784607	0.000549505274284834	0.00267466916063213	-0.797903436440815
8727	0.0323853109693627	11.1892073802546	0.427680411501253	0.669657558628436	0.766648847438792	-6.66835719176966
8728	-0.340905986435936	11.8812821671654	-2.08668552037963	0.0390540986198437	0.0874930443720936	-4.63205348503135
8729	-0.219197475895138	9.37879379457842	-2.97895889456999	0.00350710203669803	0.0123797704372332	-2.50299267585498
873	-0.476042498055777	9.00193131143326	-2.83264905955415	0.00542418250377494	0.0176392706618823	-2.89761991360022
8731	-0.130541310806473	8.98367859558486	-1.88680873304989	0.0616252734011506	0.12608985838333	-5.01432018087667
8732	-0.131219088335698	9.02662226239799	-1.66431313929193	0.0986836373174984	0.181939685528258	-5.39711539471987
8733	-0.203141934025165	9.59876718733502	-2.06957985802807	0.0406584055187661	0.0905468939296328	-4.66617114974173
8736	0.43073361104679	6.77459920006256	3.00602189500788	0.00322981376406209	0.0116042895568303	-2.42812281034344
8737	0.26342377356652	8.32679519409743	2.70978438285767	0.00772855011152489	0.0236328455482293	-3.21560035080529
8738	0.0799008675716424	8.71446886324417	1.06427090995684	0.289362995074722	0.419396093931778	-6.19842974006616
874	0.600425082150772	6.93450724152155	4.63099255213181	9.37302651698533e-06	8.75805418894783e-05	3.03955001005964
8742	1.04840035243508	7.35305031693941	6.00938194725285	2.09442747813773e-08	5.13352254285391e-07	8.90086930142361
8743	0.528324203555239	9.20183506382098	2.00321045210451	0.0474293848701234	0.10288388332091	-4.79607041110925
8751	0.315827253938434	9.67877065171443	2.53010325632288	0.01271052392755	0.0353141364418308	-3.65811749306005
8754	0.0286193156967701	8.65672781344486	0.249529127954878	0.80338216955657	0.86563223591668	-6.72832254697882
8760	-0.0875685922688496	8.04296686748254	-1.54154153420532	0.125842831557248	0.219898834072957	-5.58874379725722
8761	-0.0676930389038829	10.3156480790049	-0.869929825609087	0.386091928162636	0.518134740312489	-6.38396444557511
8763	0.168309866450208	11.9235892784299	1.10816143526336	0.270029144895352	0.397583019043781	-6.15146075559932
8766	0.0648314843439195	11.1757358684525	0.974997102221071	0.331541550137708	0.463372792578252	-6.28821421896904
8767	-0.69632152070702	10.3384025035632	-5.56354474697672	1.65742939561711e-07	2.95776021025367e-06	6.90571811519901
8772	0.0171119494793364	10.7271967999537	0.336156385994677	0.737345560263846	0.818392142942672	-6.70309722728572
8773	0.488029965829255	9.33444693919045	4.14391276679023	6.42515897183445e-05	0.000446157472117028	1.21387303761214
8774	-0.296670403907895	8.63270229651311	-3.28560126625148	0.00133770526932735	0.00557941112116144	-1.62117436870005
8775	0.00686086838324915	8.58744333320401	0.0875557696989133	0.930377075157241	0.956160756401118	-6.75548039542447
8776	0.00759915056003325	8.29020719508504	0.101268093778399	0.919508249038635	0.948520049786805	-6.75419221511121
8777	0.0490579119252942	8.94667436905735	0.482290967653992	0.630486100673926	0.735982927016199	-6.64367533286358
8780	0.191303341228795	10.134623404886	2.7720349970365	0.00646842132683368	0.020439617505603	-3.05603746161903
8788	0.57423158712397	13.1959616942295	3.53800544656478	0.000576053053605111	0.00277962501406183	-0.841749940060972
8794	-0.0402874201474519	7.01101569053751	-0.311336697983011	0.756089984225072	0.831645472969122	-6.71108609018604
8795	-0.119347632894898	9.25971678249791	-1.00675727109187	0.316096272571075	0.447617900126363	-6.25715760784311
8798	0.256111382635964	8.55661488607904	4.07256630884336	8.41897800937399e-05	0.000565832045219115	0.958939240998573
8799	0.113759038493751	10.1934663519804	1.74877541119807	0.0829110616243791	0.158749506030916	-5.25715846905068
8801	0.0191834028647778	9.46204796221939	0.277701123600666	0.781724175819083	0.850282024264633	-6.72093667248753
8802	0.0202386192068067	10.9535648850558	0.357922162867366	0.721036298517639	0.806933576449616	-6.69558828678344
8803	0.079700677682155	9.65558247609772	1.35190667758322	0.178971753736024	0.288168944611999	-5.85694646808341
8804	-0.134425960613982	12.7271481601506	-1.00473587238867	0.317064813461068	0.448399233352448	-6.25916339061791
8805	-0.343749931412717	9.57863543964751	-3.54509322498166	0.000562233567382272	0.00272378256104256	-0.819186297954038
8813	-0.0146000959777077	11.7870889341634	-0.201463483486353	0.840680504295692	0.891974433587979	-6.73910346543374
8815	-0.051903093913219	10.7885072068389	-0.727950657897866	0.468075201544355	0.59463259993177	-6.49622726148435
8818	-0.0623209917595792	9.30624842614096	-0.981950925250733	0.328118273606461	0.459755206105066	-6.28149815344322
8819	0.218969978491627	8.41769926928514	2.31889714456313	0.0221085570023585	0.055439186654366	-4.14331634649529
8824	0.189490069107652	9.148240022117	2.1283581734293	0.0353719102016418	0.0810463185202665	-4.54784637170727
8826	-0.0715560691267392	11.3661603572707	-1.27186927066432	0.205902095010619	0.321990023625088	-5.95992116990369
8828	0.534096939064031	7.74144411251102	4.54657904141828	1.32117845320337e-05	0.000118490054543538	2.71285796254042
8829	0.66009169285199	9.2112721913268	5.68994095422616	9.29726739621968e-08	1.7942857171209e-06	7.46262910639757
883	-0.329948221887446	7.06580306962612	-3.44188988073352	0.000798032317990163	0.00366615514271343	-1.14411375166889
8833	-0.240221621118821	9.64862867399056	-2.64540172651882	0.00926247653969893	0.027363396358338	-3.37726078856263
8834	-0.0706583610252675	8.96376503363944	-0.938209541355607	0.350039029720169	0.482933419991414	-6.32296216437694
8835	0.334494057051761	10.3791932160473	2.62688414061602	0.00975198186870497	0.0285845884441104	-3.42311897064622
8836	0.0364168429854478	11.7612909790134	0.322042519983471	0.747986108883662	0.826316070533509	-6.70771512302582
8837	0.300782617021647	9.60252119287508	3.36985814964695	0.00101466402114702	0.00441344118729561	-1.36625330392132
8841	0.145746943794693	9.13583694631571	2.91758847602137	0.00421902739817605	0.0143648665741691	-2.67061383168059
88455	0.284280017601326	10.9713380509066	3.42928313125186	0.000832503513555346	0.00378036229904736	-1.18326948397577
8846	-0.124614830763692	7.76048110261214	-1.93970846338696	0.0547839856855348	0.11479343525178	-4.91665294757203
8848	0.280011977646868	10.4548269659633	3.01088702481596	0.00318216423292547	0.0114630076598187	-2.41460187256074
885	1.29455164142567	9.55956685407552	2.72981616515846	0.00730062263725607	0.022501172755125	-3.16460216361148
8857	1.8570715554761	7.67698636705799	6.81093730699595	4.22485009723293e-10	1.88633847584562e-08	12.6807173965956
8862	0.786618409264845	7.75109880910723	6.52741269630278	1.72213364141762e-09	6.23895784127611e-08	11.3182435701032
8864	-0.0578835402220716	8.72474299381559	-0.743481941991067	0.45865684085721	0.5856696183092	-6.48490872313634
8867	-0.251809430800689	9.27194591562643	-2.73253353119148	0.00724426163061079	0.0223524845232892	-3.15765863994896
8870	-0.0810831315952189	10.3536458437607	-0.457906620426168	0.64785541819099	0.749150354137825	-6.65506089144519
8871	-0.441754802467693	7.4651327836761	-3.49306534729522	0.000671408444458873	0.00316001923147025	-0.983965056946995
8872	-0.004448890268083	10.1207888411466	-0.0583273327097937	0.953585828740075	0.96972662454526	-6.75760184139013
8874	0.120474757657403	9.56499230511522	2.2388655425698	0.0270254364659985	0.0651766730537658	-4.3171082770453
88745	-0.17614817198332	11.0307169926243	-2.70009111371336	0.00794368667696707	0.0241586347392298	-3.24015915354164
8875	0.43913987628869	8.16711351791122	1.81281149608504	0.0723843041002777	0.14262746943423	-5.14666916470076
8878	0.0742393354841615	12.8461297403066	0.673082333948429	0.502201306115375	0.624444195169802	-6.53431598847128
8880	-0.0734335655744323	8.34393293205973	-0.954427852508511	0.341803878601036	0.473946623677112	-6.30780520128811
8881	0.00627696019360014	11.008864214326	0.114513105714263	0.909024246359766	0.941874523121691	-6.75277032974087
8882	-0.291229102952146	8.44958153506769	-3.43297894042302	0.000822255643132787	0.00375654403333895	-1.171802704773
8883	-0.101462997987399	10.7169050509718	-1.27780674872764	0.203807206510994	0.319500384471591	-5.95249177593754
8884	-0.430398223798565	11.8504355084962	-4.0744618502148	8.35907711945398e-05	0.00056226365640627	0.965669452381074
8886	0.0321479914772254	9.61802058391832	0.591902487925276	0.555039918527918	0.672923782040305	-6.58523629971314
8887	0.124962123000279	12.1968054454246	1.72957178135795	0.0863024193673414	0.163800088229375	-5.2895581025647
8888	-0.27734303447622	9.43568704511746	-4.42133580813589	2.18258658973419e-05	0.000182102679103075	2.23593684850518
889	0.0906764145951595	8.85297120341181	1.74620175988752	0.0833591222766186	0.15945955303494	-5.26152034728127
8890	-0.129326893011171	10.1403640386397	-2.33266037614093	0.0213474676438258	0.0537755665562675	-4.11286722476312
8891	0.040456684148576	8.62748178786699	0.572332868016476	0.568177288448397	0.684431151025778	-6.59653977971856
8892	-0.363181969950151	10.9757397812504	-4.45499133438713	1.90882260662399e-05	0.000162712845518206	2.3631693453028
8893	-0.270506308181326	9.01820693201814	-4.52008036528347	1.47030342632847e-05	0.000129612660634719	2.61116953686979
8894	-0.0510251391825767	8.68044370877312	-0.551591059209569	0.582263932274852	0.696726072807516	-6.60810776213664
8895	-0.0555654580521375	10.1785556324359	-0.885940182920289	0.377438402244213	0.510419319341388	-6.37006840337828
8896	0.046081394150556	10.7617325193503	0.851322480422756	0.396301882321272	0.527211072310148	-6.3998001467785
8897	0.178378549785541	9.02620680526439	2.08177132221649	0.039509321553623	0.0883930108431543	-4.64188167807255
8899	-0.0686739781124725	8.74929737919223	-0.775947321337566	0.439321099797891	0.569579702453395	-6.46048507079108
890	-0.411104354055498	9.38477701702718	-3.17220383418047	0.00192542300649233	0.00751606523328292	-1.95576064619374
8904	-0.263800042522814	8.92490012674717	-2.76828969368795	0.00653859312419316	0.0206376687832769	-3.0657275442298
8905	1.2437419432381	9.09005711309496	10.1838497550211	6.82377491663523e-18	5.12403461921882e-15	30.1503346483225
8906	0.0804996869974604	8.91753083577546	1.07046664427564	0.286577927360101	0.41645560872527	-6.19191222679979
8907	0.0726439663390599	9.59024108596755	1.08531702584907	0.279977298602722	0.409094726067306	-6.17613958269957
8908	-0.746858006924568	7.81640499433232	-5.40565047848141	3.37939175234278e-07	5.31690969035264e-06	6.22029738198327
8909	0.149581215373051	9.84692928096702	0.764496390156182	0.446086371255775	0.574762879976841	-6.46921755700877
891	-0.618651144034401	10.3842765935541	-3.70287257519766	0.000324646322588498	0.00172893528341779	-0.307565646477705
8910	0.423256633755	10.9132429001641	4.57523449155794	1.17637250432706e-05	0.00010689589533269	2.82329019919019
89122	0.180913107804542	9.42609159384225	1.79794479194461	0.0747238852832902	0.14629516293908	-5.17265581582799
8914	-0.124187420042029	9.32258729412511	-1.26881759604436	0.206984944523219	0.323499648393904	-5.96372654563771
8915	-0.086701572564897	7.82156414167728	-1.02426697545577	0.307788977900062	0.439470519871134	-6.23961740719411
892	-0.109277726154567	10.2461233854046	-1.29700661259207	0.197140592373949	0.311234956614835	-5.92823727315639
8924	-0.181312217920469	8.09130245911265	-2.08508124624173	0.0392022108408271	0.0878010470567332	-4.63526433245341
8925	-0.136984299872629	9.03577502478417	-2.42348804956178	0.0168796008079766	0.0443606435488027	-3.90782075596111
8930	0.0550598842706423	9.91228572026258	0.588331188840927	0.557426131970533	0.675074842189105	-6.5873272752482
8932	-0.472775903241857	10.1270080992803	-5.74714951806858	7.14086222817339e-08	1.43512218989567e-06	7.71702119482961
8934	0.0973827721179172	7.26552636231488	1.29521595864598	0.19775542677796	0.311788475889664	-5.93051420823787
8935	0.155537283806293	7.86696033032591	2.34636434964053	0.0206127068884341	0.0522753941966428	-4.08238610640712
894	0.298199949029861	10.9479970640808	2.21835961389734	0.0284297373044709	0.0676742449956569	-4.36073676789092
8942	-0.562108306415286	11.9742158407411	-4.15331076110983	6.19901895992192e-05	0.00043246534298104	1.24769972423476
8943	-0.0578742495226915	11.2509329679822	-0.90774082944281	0.365851642387705	0.498340132935759	-6.35074477242842
8945	-0.036643588855097	7.97265110024489	-0.560504333563806	0.576190326504672	0.691763386181481	-6.60318874736848
896	0.188649141135893	10.8671939331358	2.00336759086102	0.0474122831818489	0.10288388332091	-4.79576752022864
8968	-0.518583404587127	8.42787954917329	-4.42452342184264	2.15511595281606e-05	0.000180174673788064	2.24795795798966
8971	0.158503141847113	8.87941258231741	2.01240197931074	0.0464378451796021	0.101180849692301	-4.77831610212675
8974	-0.149738751400485	9.68639941848147	-1.23261209347461	0.22015267913976	0.339265136137019	-6.00819486033752
8975	-0.376465239657487	7.88281149329561	-5.50117681230615	2.19898357886546e-07	3.76487498713752e-06	6.6335904947946
8976	0.221607758423237	9.63160891176141	3.28921774001077	0.00132206256071456	0.00552364023849379	-1.61034253768291
89781	-0.219876470711586	7.67193508851181	-3.322922891235	0.00118427463033051	0.00503194878936729	-1.50891578915719
89796	-0.101968193013908	8.28127945346961	-0.640698834481093	0.522951518961393	0.64365661550009	-6.55540680375717
89797	-0.0317335622069685	9.84449311420699	-0.286962419082391	0.774640670532956	0.84513696190757	-6.71833646303167
898	-0.688468912325917	11.7773151073989	-3.66477492483252	0.000371239022608389	0.00193710317545502	-0.432726479050363
89845	-0.0385545712051467	7.6086793811467	-0.500798989545092	0.61743857825201	0.724334988831359	-6.63464088990221
89846	0.162231943378387	8.22946365513491	2.0479070711554	0.0427720200702475	0.0943131035184848	-4.70902301071458
89849	-0.120984093097199	7.69525020275353	-1.03028943914312	0.304965805608808	0.436647175303996	-6.23351579026913
8985	0.0485645323900529	10.5777520693717	0.45574176971364	0.649407081165588	0.750339302343046	-6.6560432660548
8986	-0.0434184827081606	9.25247533133135	-0.466526704502058	0.641692354332608	0.744644401065938	-6.65110322852966
89891	-0.261674333381405	9.16153833213099	-3.00287222230783	0.0032610120995258	0.011701009124216	-2.4368662416589
89894	-0.53989670084565	8.35966508339564	-4.67755554918466	7.74319684540471e-06	7.44572828207717e-05	3.22152896207652
899	-0.230916527691011	8.43540703758339	-2.55091570605576	0.0120137012041434	0.033764264017089	-3.60824703181938
8991	0.681649812388694	8.71196910166023	4.69061299819195	7.3377806984108e-06	7.07235339193386e-05	3.27278438151765
89910	0.0164209916089637	7.92939386658702	0.199505623448396	0.842208099761074	0.893021682160009	-6.73949393363756
8992	-0.0613782075219169	12.6348077772221	-0.881321745399909	0.379922136743782	0.512519491997981	-6.37410259985076
89932	0.608363529976074	7.30530223075537	4.58885155740892	1.11305782366781e-05	0.000102153973594401	2.87593685814232
89941	-0.203480673640219	8.85400628089143	-2.57015531703705	0.0114002474911002	0.0324151615409595	-3.5618203387067
89953	-0.310512954497733	7.35466953686983	-4.26212098951374	4.07837078052363e-05	0.000305493497348617	1.64346047978451
89978	0.191636180715701	7.61893919767293	2.23408938816217	0.0273469887849327	0.0657218875075775	-4.32730297979595
90	0.171021583311078	9.68238763817012	2.50679374794251	0.0135337741651534	0.0370965480332482	-3.71353637231488
900	-0.124390753508709	10.8096220703521	-1.62143189945443	0.107574468825291	0.194647341182234	-5.46564233207133
90007	-0.0553265305929436	8.45580768910999	-0.715513378389594	0.475694888543266	0.602366975221121	-6.50512027927142
90025	0.111904265003972	6.61280112364501	1.31816923804803	0.189981292900489	0.302417706563507	-5.90109615914362
90060	0.0299955499675272	8.5854774519541	0.333974412248048	0.738987298266976	0.819825506879189	-6.70382406190106
901	0.388915984836862	9.68201619210498	4.17280971923954	5.75391622608848e-05	0.00040552344733354	1.31806470023996
90102	0.0780843159100916	11.9527809101504	0.698246812655232	0.486386486414418	0.611685806605221	-6.51721449155444
90121	0.0515567635543438	9.74929508589302	0.907498925713759	0.365978965273261	0.498349200982053	-6.35096173240584
9013	0.000197320725172468	9.30092724471695	0.00242419524062694	0.998069837329371	0.998795354536056	-6.75929161668594
90135	0.0220917619451166	10.4410133114017	0.342086683481906	0.732889694603762	0.815089387023977	-6.70109792617421
90139	0.107634769752008	7.50227523295253	0.585460448465598	0.559347916944066	0.676756085243589	-6.58899895719305
9014	-0.11171551676329	9.40361098425663	-1.35303267248563	0.178612772190041	0.287871511861412	-5.85545430576887
90141	-0.152756333084957	8.53314503531327	-1.82573521105626	0.0704001444247928	0.139583579680458	-5.12391445311402
9015	0.077071905526093	7.82581145975855	0.913515728506958	0.362820413773466	0.495682536845655	-6.3455484216982
90161	0.130435857567279	9.75139657270624	0.851006300510152	0.396476786462952	0.527358817420932	-6.40006630872907
9019	-0.148955881098574	10.3604302650857	-1.61692467043578	0.108545165895306	0.195931615012069	-5.47274589005529
90196	-0.0580526810909988	8.36561002259995	-1.03736726935446	0.301670214877654	0.433506606626552	-6.22630003650734
902	0.111473196482158	9.23489698756072	1.39260760577991	0.166337714640631	0.27180010344839	-5.80224563952296
90203	0.385973052756167	7.38822533802082	4.0704216615398	8.48724612511044e-05	0.000569956528401726	0.951327404780156
9022	-0.331427942950091	13.0051202433692	-3.83060728182696	0.000205657510133723	0.00119460691540404	0.11949026173709
90231	-0.175379990051589	9.99787103892066	-2.24096132353186	0.0268853854950793	0.0648578516908162	-4.31262852306566
90233	0.00839630349242079	6.73249767958426	0.119380098847857	0.905175738052752	0.939408417680077	-6.75220399973681
90313	0.203079647750164	9.91051586309042	1.81523955261077	0.072008030422779	0.142089424580066	-5.14240575542283
90321	-0.13875381423191	8.02936117858218	-2.05874869742503	0.0417032247960909	0.092474801829721	-4.68763918696729
90324	0.214722755381941	9.02282373199814	2.8251295915113	0.00554477476307553	0.0179536807303034	-2.91743497917012
90338	0.0823447986780376	7.63015573358557	0.835721154679529	0.404988389465469	0.5359932083163	-6.41281692509891
9034	-1.69703155478796	9.26106976711395	-6.1039739586164	1.33680353728295e-08	3.53910167242218e-07	9.33477127581964
90355	-0.490057837618348	9.31607685105267	-3.77351030586507	0.000252542249245428	0.00140471311701497	-0.0728042745527864
90362	-0.00364473561122065	7.42828004174279	-0.0385225353283712	0.969335682562696	0.979650140914645	-6.75855617950655
90378	0.0282022735910687	6.92551652235693	0.281400252728086	0.778892659095585	0.848654974822521	-6.71990831824493
9039	-0.0748735192577111	9.52948022666854	-0.8115692145804	0.418660883997509	0.549846644631094	-6.43249848493842
90390	0.288527435903047	8.88545350495879	3.95811470961378	0.000129038011211972	0.000812388698636346	0.556967748828187
904	-0.246803611877682	9.5480156983804	-3.23525345998048	0.00157422902280608	0.00636472429191297	-1.77094149210113
90407	-0.296343989177767	8.15777472833634	-4.14934617977944	6.29347074216919e-05	0.000438314235500148	1.23342285673956
90410	-0.0712898738328857	10.0099656307784	-1.04577687369269	0.297785839948377	0.429044311525134	-6.2176635114901
90411	-0.338249374894613	11.5439462890386	-3.57385787849603	0.000509294423721963	0.00251450803343898	-0.727242214991855
90416	0.269218239144961	9.463386224201	2.96908419896129	0.00361362591820735	0.0126691638728322	-2.53016623376042
90427	0.301018276023624	6.85904846332074	4.70215582329271	6.99656853440074e-06	6.79901836401766e-05	3.31817554178759
9043	-0.187275951717163	9.5267148100777	-2.2716674040922	0.0249050386202225	0.0610360821661272	-4.24655335496498
9044	-0.0141610233635231	9.0342562067275	-0.222430179303223	0.824360723425093	0.880540485644804	-6.7346830596075
90441	-0.0488033404772673	10.1904497582513	-0.881176841306146	0.380000228514088	0.5125411312094	-6.3742288366463
9045	-0.618881470711868	12.5364362341919	-5.29759451928102	5.46720910019421e-07	7.96457622003601e-06	5.75804609437307
90459	-0.520973122612088	8.48414542884638	-5.18256480967477	9.06939237230429e-07	1.22202689720962e-05	5.27226595811332
9048	0.0376817795961226	5.96999790005751	0.548538992044519	0.584350582350584	0.698266429493317	-6.60977409370556
90480	0.142620664879789	9.11341510618802	1.42705283678036	0.156186019073791	0.259159605775315	-5.7547263841145
90488	0.155819958747768	10.6208540615565	1.60747808920535	0.110602389132636	0.19906825040604	-5.48757268237895
9049	0.0429832776990424	9.38907263205873	0.642004554999753	0.52210631512399	0.642946001709478	-6.55457638261045
905	-0.0431563922681731	8.08940267647995	-0.726238115774447	0.469120307997601	0.595777020919462	-6.49746079613934
9050	0.377020271175352	8.07930051779239	4.49170544349985	1.6479798654917e-05	0.000143251186579221	2.50274423974437
90507	0.0576754705390869	7.11951078100163	0.652906796111716	0.515077062416639	0.637002026585033	-6.54757717907796
9053	-0.156958470742022	9.28854955318752	-2.63041767684042	0.00965680938420455	0.0283660190304159	-3.41439037641163
9054	-0.184909721730562	8.18417561291515	-2.2530876893799	0.026087431569779	0.0632283406004619	-4.28663279250146
9055	-0.251635213785962	10.4808205272973	-2.37861436434472	0.0189710226042493	0.0488620663271279	-4.01001324380103
90550	0.0619965652469618	7.85997135962904	1.17666387210122	0.241680439321399	0.365820126222238	-6.07444283012978
9057	0.245640680354343	8.15497004831408	3.09357534785307	0.00246538981627121	0.00922288038152181	-2.18194669652848
90580	-0.293600334398731	8.39160905327146	-4.40135396199747	2.362634432713e-05	0.000193797024967323	2.16072239475874
90592	-0.0478396064626139	9.21553769337142	-0.821022801921218	0.413276706123598	0.544531120207516	-6.42486265132214
90594	-0.190025797884702	8.43103522703408	-2.39044399641311	0.0183985062223055	0.0476699063350827	-3.98324125495047
9060	0.355993588930351	8.84311981932699	2.85839882892131	0.00502916399653536	0.016536980338926	-2.82941745504514
9061	-0.316160736803752	9.11825012865953	-3.27053218564544	0.00140476493540051	0.00579298969865612	-1.66620163225419
90624	-0.0258620239239526	8.17372549667359	-0.299967587794958	0.764725770323364	0.837861103975459	-6.71454134437283
90627	0.735925011330641	8.41064722422532	6.52269101433142	1.7625317772057e-09	6.35742903044501e-08	11.2957759525525
9063	0.220803566823306	6.98470657296037	3.31155363918027	0.00122917624364813	0.00519069313524211	-1.54322434924403
90634	0.150716488593962	7.16458173870156	1.44031131682818	0.152407844058464	0.254218253619328	-5.73613660187052
90637	-0.0106339272141286	9.18740859954658	-0.0992378354006659	0.921116586750167	0.949732754891801	-6.75439474223831
9064	0.0362214918422549	7.91884924017201	0.395122999004316	0.693460212945378	0.787026842391979	-6.68166666360534
9066	-0.0330021401192873	9.0382774628163	-0.422483353502148	0.673435424623535	0.770119978871716	-6.67055218744047
90678	-0.108187549256754	7.46761808066023	-1.48424759009739	0.140389969432459	0.239393300477315	-5.67334834248472
9070	-0.121105683302606	10.3603508769982	-1.67223190518079	0.0971086491797316	0.17956513145838	-5.38427401158624
90701	-0.569525949278936	12.3101812405349	-5.51813493353577	2.03661529276689e-07	3.51933939712437e-06	6.70740571833846
90780	0.129670179683075	8.0297321002571	1.3822928240194	0.169473428735245	0.275615381246923	-5.81625699476935
908	-0.126296083524086	10.8703043298359	-1.98925330686954	0.0489694598186231	0.105472682686265	-4.82288479428074
9080	-0.138673587477088	7.11093484910499	-1.4658586651539	0.145326916885808	0.245380280759765	-5.6998488278089
90806	0.20239694087622	8.85482105149933	3.13173023325201	0.00218789665910727	0.00838998440307618	-2.07278806251085
90809	-0.102432274401264	9.50259056897968	-1.27669656638049	0.204197707554033	0.319930399164703	-5.95388347294518
90826	-0.140554990845436	8.40352419138967	-2.54261317429784	0.0122874600650624	0.0343625591983253	-3.62818528936363
90843	-0.18827242854981	11.2680260831088	-2.61630221306162	0.0100420805761203	0.0293308294055	-3.44919620816922
90850	-0.0864672459530187	9.61456400744184	-0.982907929906564	0.327648976751298	0.459409361392925	-6.28057019405691
90861	-0.490010038989069	10.0813058708833	-7.06071780140019	1.20131199265757e-10	6.75022929207586e-09	13.9014430389381
90864	-0.0278021113609517	10.4897819165514	-0.447640946252269	0.655227002261423	0.755362880485605	-6.65967813036502
90865	1.55281074520057	7.33461045893383	7.91702790579804	1.43318046849705e-12	1.4988353458353e-10	18.2078858606605
9088	-0.302820911740575	8.63305019403823	-2.89378695332245	0.00452919787633524	0.0152023257666095	-2.73481156103551
9091	0.182577294115263	8.61597769840262	2.43121403544939	0.0165409600461274	0.0435816044596529	-3.89005164989036
9093	-0.0333907233624216	11.0744995151478	-0.651438938003576	0.516020560397108	0.637882344938658	-6.54852635583443
90933	-0.0541424250611202	8.87820014275944	-0.907846994438123	0.365795772660988	0.498340132935759	-6.35064953656702
9094	0.271715333623776	7.94833878676899	3.3244152247569	0.00117849608792299	0.00501397294535636	-1.50440520425507
90952	0.223325528518296	11.2873534763113	1.50001026649908	0.136262941829167	0.23399831590622	-5.65037934517611
90956	0.0233154195238396	9.44009731295902	0.365208383275054	0.715604825753839	0.803547561273343	-6.69296963828045
9097	0.048445813785093	9.12501214333526	0.530273476367412	0.596911455171378	0.708301769819794	-6.61955420465717
90990	-0.029407890938919	7.40831140511922	-0.38758745614146	0.699014447312893	0.790986005013602	-6.68459749575912
9100	-0.0544138569778475	10.0443933006065	-0.75665216839424	0.450755252402573	0.578501924307839	-6.47512537664737
9101	0.0321490854822737	9.6336579118136	0.368062994508196	0.713480821562051	0.802034783084178	-6.69192934381184
91012	-0.228106541710775	8.92306337558578	-2.02648982094178	0.0449524328482667	0.0983855578502074	-4.75095692521247
91039	0.0345129769361859	7.5845898923465	0.511695749990207	0.609813172946067	0.718860683392966	-6.62916336560314
91057	-0.08607544856799	8.00282489453914	-0.734001194001344	0.464393241540136	0.591592870931759	-6.49184603863702
9110	-0.109445942156947	10.8997891299117	-0.808949562991237	0.420160240668877	0.551226745223146	-6.43459895246051
91107	0.505015012161344	6.62168438143977	5.2483024503287	6.79659504634364e-07	9.67928880737905e-06	5.54907432767468
9111	0.287918337733804	9.8722229974633	2.70630263750917	0.0078052094095011	0.0238252142359494	-3.22443061485748
9112	0.0740054978274305	9.40086771068881	0.971808208379096	0.333119193184538	0.464634335647465	-6.29127837566047
9113	-0.0171878844940808	6.89594224189832	-0.269427750248995	0.788067631567414	0.85440834159034	-6.72318747373055
91137	0.226009588904801	9.08900285707865	2.89092243804339	0.00456790488534686	0.0153190801270666	-2.74250705701057
9114	-0.222289291635673	10.8245957366368	-2.44451854250763	0.0159719464013768	0.0424070322325209	-3.8593326442093
9117	0.320873513049196	8.8470869337888	5.01447275302309	1.87848541331397e-06	2.28516782238194e-05	4.5744999055718
91179	0.301657008051545	7.76216673531006	2.87859014364854	0.00473803504172903	0.0157679973588565	-2.77556218056155
9121	-0.0285933887647078	10.3427827200353	-0.375411612917771	0.708023375253758	0.797854444692502	-6.68921413988786
9122	0.775127142039382	9.33617235456863	5.26236918908702	6.38802488719129e-07	9.16060513336806e-06	5.60858713920505
9123	-0.701003369494299	13.2797677205673	-6.23549168016532	7.1213129601872e-09	2.0353648806625e-07	9.94380475768824
9124	0.438754163001158	10.8558158415704	3.49444747455245	0.000668266438192924	0.00315241620758056	-0.979613193995394
9126	-0.0592448892525371	9.63541780602126	-1.10604504820522	0.270940325888828	0.398782446871296	-6.15376825283088
91272	-0.150822027016234	9.98591925137833	-2.37737516955537	0.0190318990853216	0.0489883098924139	-4.01281072617683
9128	-0.582605595255998	9.54322940255386	-6.92711981200246	2.35895808684705e-10	1.1667660956501e-08	13.246261372439
91283	0.0998744861819097	9.08149030481402	1.3211937996862	0.188974129931206	0.301046540642577	-5.89718231756551
91289	-0.0292625611356431	8.83184198609326	-0.41710234759472	0.677355816279803	0.773301951707035	-6.67279668186037
9129	-0.181137242128062	9.43033454631366	-3.78414035482159	0.000243107343867664	0.00136454769384416	-0.0371745993793455
91298	0.0362289599193968	8.32609733106917	0.475442337720451	0.63534417932814	0.739703068969236	-6.64693251564153
9130	-0.0550244764803723	10.9671319013402	-0.957394319642327	0.340311288788623	0.472247563124515	-6.30500519261002
91300	0.127292856195733	9.59396183536281	1.39149590328132	0.166673535229837	0.272294976463302	-5.80376059599552
91304	0.311254573481637	9.17603287219663	3.89700669628007	0.000161542701757183	0.000976110253485247	0.34592968495992
9131	-0.0637872897656947	9.04579961177638	-0.622346391966017	0.534906029845734	0.654663477037452	-6.56690105140796
9133	-0.495761758102162	10.2959804652173	-3.19679700702608	0.00178055979636698	0.0070471604781942	-1.88403303374647
9135	0.451661541452016	8.84114717042246	4.378815939981	2.58289086292324e-05	0.000208550132236031	2.07617890622787
91368	0.0310963857063072	10.2074913133831	0.411198265109843	0.681667503043576	0.777092053037491	-6.67522635478213
9138	-0.208601555309013	7.26651195188739	-1.89832787541931	0.0600774804278798	0.123565734146984	-4.99326889042427
9139	0.0202756547378626	7.55937199485017	0.312689859960138	0.755064172596909	0.830691271397239	-6.71066629782578
91392	0.200831748215047	7.34714226560156	2.87376069958886	0.00480622771480337	0.0159541223919723	-2.78847346884857
9140	-0.125112281983249	10.2955626175311	-1.59959455397103	0.112342988028946	0.201466148744919	-5.49988256931749
91404	-0.686120403525472	9.36617555179345	-6.75557224438292	5.56950901574895e-10	2.31941517963251e-08	12.4126536840266
9141	-0.140131424585174	10.1511922208795	-2.2991422703319	0.023242725797138	0.0577398240855217	-4.18673365908998
91419	-0.168518743420657	8.30133641409881	-1.81492738229325	0.0720563161023721	0.142092879536767	-5.14295419554424
9143	-0.0106483357753474	7.63810896770516	-0.07150491791634	0.943116070275393	0.963984737148356	-6.75675061606576
9145	0.065236031405172	7.08118072565835	0.708106383126514	0.480265306067634	0.606202846595149	-6.51034431802773
9146	-0.162753667659858	10.7104546713868	-2.11848596861687	0.0362159731256039	0.0824997071201015	-4.56793440081882
9147	-0.365873372771427	9.65572926387711	-4.54082558772395	1.35226024959835e-05	0.000120883870797428	2.69074376104803
9148	-0.507439889543992	8.5958515552216	-4.21411533715848	4.91007499648972e-05	0.000355360556705233	1.46792684078733
9149	0.365999572561146	7.27341201326703	5.02169165726567	1.82117348365124e-06	2.22528002588154e-05	4.60416388503695
9150	-0.254733201763512	7.99017485738394	-3.68325585823713	0.000347897875541384	0.00183501689142518	-0.372139785248548
91523	0.369099521152869	7.96656808065369	3.26223782122212	0.00144300256384399	0.00590937093572204	-1.69091213105376
9153	0.182546015602953	8.21580370789289	0.708270169721074	0.480163981677319	0.606167581943246	-6.51022938458819
91544	-0.198719731154528	6.77608019363309	-1.64913331073353	0.101760511051199	0.186166516341729	-5.42156900222146
9156	-0.509286165187566	8.20044429714633	-4.17728690770122	5.65613062166243e-05	0.000398972151451167	1.33425579310129
91574	-0.453323394428009	8.44004169303721	-4.63966173980014	9.04634360574116e-06	8.51056926918246e-05	3.07333634519779
9158	-0.0817786075211982	10.1694987976661	-1.13546052342593	0.258466500690181	0.384465611230306	-6.12130952634293
91582	-0.160295432251138	9.36815149502016	-1.79704361394712	0.074867692216469	0.146437873006875	-5.1742245454176
9159	-0.208269781260853	8.91046025958502	-2.87173260341916	0.00483513203048994	0.0160265612246577	-2.79388987517497
91603	0.0821554447160413	9.11019761242806	1.19726726807761	0.233584389876019	0.355843426490311	-6.05039567470062
91612	0.0971858256518119	10.4550243237682	0.490617821757747	0.624601178363826	0.730651764995553	-6.63965261251994
91614	-1.17113596762839	7.46963330418398	-4.91843916193949	2.8296733968594e-06	3.23727178089455e-05	4.18251782238659
91624	0.449213304214546	6.89374994025706	3.37384909377353	0.00100134502550972	0.00436470179984711	-1.35404652901962
91647	0.0666578256711075	7.73900928132502	0.923442359834874	0.357647281811378	0.490318099213607	-6.33654036264776
9166	0.0667891162976211	9.73176639868902	1.16322609125133	0.247067387551712	0.372603385266645	-6.0899070062822
91663	0.182507033096771	11.4286690866577	1.86958066159549	0.0640024434944856	0.129742553760172	-5.04557946414476
9167	-0.139463350693995	11.5385052647981	-2.1271907374596	0.035470830317385	0.0812053931323725	-4.55022638605454
9168	0.0585256016127099	14.1596421587428	0.743782838100613	0.458475442266983	0.5856696183092	-6.48468710538436
9169	0.202606771822161	10.2903179003519	2.67377610431633	0.0085553905580758	0.0256413374490951	-3.30643854536888
91694	0.0594747311362834	8.39368804778782	0.65540401221985	0.513474009330865	0.635490168418174	-6.54595750438293
91746	0.0276178185368272	10.0034951155758	0.566906846274671	0.571846349606663	0.687847800750114	-6.59960695856459
91748	0.215189592574606	8.84480213351402	2.43333979331	0.0164488513163288	0.0433942867687242	-3.88515361955268
91749	-0.604188310875485	8.72052275901058	-4.41652561723072	2.22468036401621e-05	0.000184743699655264	2.21780838615008
9175	-0.634000941813436	8.53854630678793	-4.75371290516744	5.65117764561528e-06	5.72745120893034e-05	3.5218441780111
91768	0.566769982150404	7.80016788673329	4.3959425650238	2.41380553447984e-05	0.000197406274403995	2.1403950695713
9179	0.000437814733942254	6.78109672980976	0.0056332160785865	0.995514810045777	0.996963182708307	-6.75927875168336
9180	0.173596237246673	9.00284171175332	0.869407460377393	0.386376315669357	0.518327714131966	-6.38441361395768
9181	0.655679066758337	8.6985809113067	5.8573223588354	4.27956564333502e-08	9.32696892188582e-07	8.21090225615075
9183	-0.268288464339321	8.74716578773309	-2.99971170746438	0.00329259707595386	0.0117888391189332	-2.44563187412679
91833	-0.150011299715144	8.21606926565263	-2.50556856106308	0.013578336642909	0.0371750283958993	-3.71643654322085
9184	-0.0357455827638445	11.0431937247315	-0.51009203684785	0.610932768375162	0.719769600168142	-6.62997687800879
9185	0.112082527648903	7.09580691023762	0.714767530082541	0.4761540110091	0.602855936685342	-6.50564875457592
91860	0.514689558524918	7.41392525993131	5.87109674430012	4.0128286322651e-08	8.81541609109302e-07	8.27301089039244
91862	0.431590811379512	7.47727014033302	4.08402164305502	8.06314175394839e-05	0.000544130317709262	0.999647792610889
9187	-0.133894315168953	8.13374644525596	-1.73959265209935	0.0845188414068279	0.16115550092807	-5.27269365901013
91875	0.0618647854075646	7.65449063380483	0.889520946144623	0.375519707004068	0.508407274193346	-6.36692629525174
9188	-0.242982972973121	10.7949791883688	-3.23690337788498	0.00156589626129141	0.00634034466581716	-1.76606415144837
9189	-0.0813093938694484	10.4896206984328	-1.32204186405762	0.188692445859195	0.300887954207906	-5.89608334279296
9191	0.156723058663376	8.99233454009652	2.72843327549128	0.00732945791785859	0.0225647865827476	-3.1681334440985
91949	-0.116048286788724	7.93030020959811	-1.07085120132717	0.286405669933371	0.416351783465266	-6.1915064746734
9197	-0.358875269149736	8.89334791231403	-3.96664812683393	0.000125029275001629	0.000791979916804795	0.586637972101713
91978	0.203439059402637	6.69380323981482	2.42461142904512	0.0168299817344431	0.044258404688475	-3.9052402571287
920	1.26166135237315	7.95008431336035	7.14759296729752	7.72615730567507e-11	4.69250436359383e-09	14.3301643448146
9200	-0.637025357989717	7.20224966038281	-4.61280163740382	1.00960272982527e-05	9.35950454361022e-05	2.96879653794775
92002	0.032926725209698	10.2183928950135	0.355399194478358	0.722920374316393	0.808136729172202	-6.69648276197641
92014	-0.00260218498181685	9.90816346850051	-0.0236211993898671	0.9811943665131	0.988012369547508	-6.7590169245292
9202	0.275473399576654	8.97242777507182	4.5529537010034	1.28754663639213e-05	0.000115851146150316	2.7373827129686
9203	-0.493111504544619	7.43999581763936	-4.37784157547839	2.59284577930972e-05	0.0002091494739951	2.07253094069184
9204	0.576425028680204	8.27384054843149	6.24629241152609	6.76048908508750e-09	1.95250488960919e-07	9.99411069175745
9208	-0.124048809598626	9.6024765476904	-1.02472478809964	0.307573754238603	0.439315097702034	-6.23915481142858
9209	-0.0211266083110497	9.02926248418438	-0.377672932587945	0.706347042946053	0.796617500646423	-6.68836784237664
92105	-0.0982796500864711	8.99476461246513	-1.53519673172652	0.127392781028555	0.221949877936272	-5.5982646442749
92106	-0.226370583445695	7.45044491017142	-2.10429733732091	0.0374595075891019	0.0847481601440652	-4.59665396682644
9212	-0.361041618798769	8.3063239338251	-2.91556528322849	0.00424461361748819	0.0144104021703463	-2.67608850076101
92140	0.35262331770445	8.69282793947233	3.76751670422692	0.000258014232015404	0.00142937461867689	-0.0928589636697046
9215	0.203591125028953	6.8728361960615	1.57883586673983	0.117031011906254	0.207932062453357	-5.53201934211834
92162	0.803140287869153	8.46623673805761	6.38506925291767	3.45339838051377e-09	1.10562289236604e-07	10.6442795747549
9217	-0.165538711204358	7.9756500465927	-2.65741763395087	0.00895683287159865	0.0266319076743718	-3.34735090883741
92170	-0.216999590903791	7.61327160554768	-2.36272672599134	0.0197647294768253	0.0504969580818363	-4.04577923057651
9218	-0.0207112211289212	8.65399478132921	-0.27719134188314	0.782114621505368	0.85043694555132	-6.72107732585149
92181	0.117213600069443	7.91119378737172	1.53831235383052	0.126629807491372	0.22094681239517	-5.59359413481183
9219	0.0391225404806651	8.76825348390802	0.452775841110674	0.651535421078278	0.752472396267698	-6.65738162546905
9221	-0.495531398648779	8.97224761740855	-4.79386030045874	4.78071122260483e-06	4.99224711741036e-05	3.68147869562533
92255	0.136040863397265	7.76799579519762	2.21293059624208	0.0288120261840246	0.0684068227306822	-4.37222578491107
92305	0.186216828139943	6.92141350207727	2.11531630215085	0.0364906380051344	0.0829880699125578	-4.57436571503357
9231	0.0426696005519605	10.5274971686289	0.40378784163123	0.687094175020555	0.781519951207627	-6.67822704281909
9232	-0.223625380153764	11.0074677229313	-1.75986263333271	0.0810033698315714	0.155819244249832	-5.23829791854185
92335	0.0533658012809318	9.09391429619224	0.694578644465347	0.488674673939862	0.613535918337629	-6.51974609815024
92342	0.00299822651783797	7.4484546680621	0.0318902652079384	0.974613042750331	0.983355652430227	-6.75878853399755
9235	0.293785809456361	6.80919347038282	1.65567401214197	0.100425389476006	0.18432455658728	-5.4110586207222
92359	-0.339115992974557	8.63294729060303	-4.11304463291767	7.22489120896254e-05	0.000494429174697851	1.10316950729259
9236	0.19469132511256	8.16079942299188	1.95738298426923	0.0526461021014936	0.11161622262791	-4.8834564027914
92370	0.585155754679359	8.50741509695448	5.67921354464102	9.76740576876293e-08	1.85969812913139e-06	7.41508666612901
9238	-0.271065040653062	9.49194964271684	-3.16683296959978	0.00195848421121255	0.00760201108299608	-1.97136312373768
92399	-0.165592831029445	8.70965787394217	-3.2745725023963	0.00138648338096017	0.00573765166669888	-1.65414583415683
9240	0.350894586306676	8.79605685696632	4.2451516183292	4.35557990953428e-05	0.000322772924334846	1.58124506502141
92400	-0.146857420264326	9.78386388209207	-2.01399905726957	0.0462673740890849	0.100915899122218	-4.77522345876221
92421	-0.218174679248618	8.66032022092269	-2.63222227189375	0.00960852846468422	0.0282342387471689	-3.40992861719155
9244	-0.205252965280973	6.76438464859581	-1.19090219259894	0.236064476462168	0.358831905700683	-6.05786813839242
9246	0.42108359914713	9.1542734426001	3.69277160793506	0.000336428578310586	0.00178592548640452	-0.340849813598957
9249	-0.0344051842781676	10.3044572304289	-0.34623635616986	0.729777144203651	0.813270265936611	-6.69967818298543
9252	-0.283701658837498	10.4656794506793	-2.69557387516573	0.00804578746946772	0.0243347508230697	-3.25157745988853
92579	0.0851952421015044	8.91508644384655	0.950350793511285	0.343862177128234	0.476225444804901	-6.31163952287267
9260	0.0360871478334429	8.02755477454591	0.27854022020292	0.781081626700052	0.849847886514663	-6.72070459613986
9261	-0.116462858376871	8.02317972349671	-1.46222576544658	0.146317996749305	0.24654970484481	-5.7050465707733
92610	0.260642603486819	7.96922618400359	2.78509371888465	0.00622908662924803	0.0197589307056792	-3.02216131061342
9262	0.355123754313413	7.40479975586553	3.77445593353476	0.000251689049011776	0.00140185539098939	-0.0696379090732817
9263	0.0787805187925238	7.54883263335567	0.746727239595216	0.456702528045393	0.583686040794515	-6.48251379019178
9265	0.399811762743056	8.63896115751536	3.96368032676076	0.000126409782222476	0.000797666005468031	0.576313563750531
9266	0.0468540834784626	8.81946878274169	0.657435982167404	0.512171557947947	0.634158141961615	-6.54463505555955
92667	0.303986126182996	8.87536912664107	3.47325629557035	0.000717996386950325	0.00334875785217938	-1.0461836272943
9267	0.416335830727748	9.43726270296819	5.36282401917126	4.09187518661305e-07	6.21303107379113e-06	6.03641534079696
92675	0.0314461393269847	8.39289880615285	0.381304511209386	0.703657947122723	0.794606249591639	-6.68699811718008
92689	-0.222177336731306	7.85991976624684	-2.13681781995735	0.0346621974847124	0.0796854303433688	-4.53056385921765
9270	0.357355405770447	9.74629972829102	4.16462664552742	5.93684641951021e-05	0.000416284816851905	1.28850506266519
92703	-0.0851309266586798	9.15124031620664	-1.37628013085858	0.171321896312398	0.278313540717271	-5.82437797722671
9274	0.0952862188054424	9.00458421003777	1.43319006830323	0.154428284963945	0.256925605141869	-5.74614197572122
9275	0.151510994929059	7.87838284729506	1.3993136435604	0.164322888851225	0.269128366440215	-5.79308226118188
9276	-0.172282553802981	11.9094976773174	-3.56667522927345	0.000522054256214672	0.00256219141790445	-0.750256996632602
9277	-0.102682125141124	8.4658161065825	-1.49410030593024	0.137799051317734	0.235878576033379	-5.65901857094532
9278	0.0998074515293003	8.79600014434833	0.992110720866436	0.32315863303406	0.454661876918776	-6.27160132884851
92799	0.0837109634872235	7.59411264759222	1.07140300762325	0.286158619084283	0.416078909719837	-6.19092400560394
928	-0.245909024843724	8.9569415743003	-1.48785780118173	0.139436240864044	0.23806187464593	-5.66810825530612
92822	0.00129763636523478	6.51356203961789	0.0178335656289383	0.985801524453863	0.990598612164101	-6.7591363001804
92840	-0.590701380814828	8.79084323083505	-3.38664216037698	0.000959747066142406	0.00422463100416728	-1.31483734893372
92856	-0.336161068228253	10.0572953807393	-3.60633125573295	0.00045519345346971	0.00231093910612158	-0.62272708902788
9289	0.382946660733148	11.5462388440251	3.93448965074733	0.000140786146315854	0.000878318405263561	0.475079583264648
929	1.35491120681192	11.3977525999148	5.72035491772783	8.08167339975005e-08	1.58186308724965e-06	7.59769453796165
92906	0.11937690778621	8.59677883812313	1.12626351884238	0.262322479436751	0.38845171748791	-6.13154762077597
92912	-0.172512793730126	10.3112551945239	-2.06054131064078	0.0415287284518369	0.0921125931826458	-4.68409334984848
92922	0.685916615156994	7.48651916278396	6.45214311957426	2.49011864369458e-09	8.49933057723853e-08	10.9609857211635
9295	0.182997939461872	10.1649118965414	1.52981832746104	0.128718396381819	0.22364618302773	-5.60630579756869
9296	0.120582127345404	12.5030922273876	1.24185966759386	0.216732882229935	0.335057759165126	-5.99695601311969
92999	0.196285225934936	6.34081980587136	2.12462086251588	0.0356894255075164	0.0815701866884574	-4.55546124849273
93	-0.163969555391644	8.24417739823187	-2.00319364796091	0.0474312140055722	0.10288388332091	-4.79610280041677
93058	-0.0051910364854534	7.35741954838872	-0.0785422977883865	0.937528739685548	0.960619651794983	-6.75622525252288
9306	0.0461566819752271	7.46121692247677	0.66290762641632	0.508673039894596	0.63091385865804	-6.54105379125566
9308	0.181865468600369	7.210539923813	1.33770207769308	0.18354713016963	0.294216824219124	-5.87566688162899
93081	-0.0989491979389811	10.4397069889633	-1.00484949996916	0.317010317270059	0.448399233352448	-6.25905074595452
93100	0.13368224983775	9.91143032503187	0.495379025623556	0.621247074546501	0.727769229294298	-6.63732164925837
93109	-0.291052128813714	8.06021664950034	-2.54715942859613	0.0121368712637932	0.0340679657375233	-3.61727481540684
93129	0.509727595333994	7.17209735645135	5.6047331221595	1.37385956287576e-07	2.51620398877024e-06	7.08640895702968
93134	0.0392312605902735	6.93237118942838	0.422864214173695	0.673158282928271	0.769909639571796	-6.67039223807563
9314	0.805949520658954	8.72917481645759	5.19374103101142	8.63656405078579e-07	1.1713960436698e-05	5.31917354358929
9315	0.908820605890431	10.2415314771672	4.00609112046926	0.000107995233220201	0.000700738905262261	0.724410904842065
9318	-0.0278740001405723	10.2221792414994	-0.313566064417889	0.75440016836943	0.830513846558909	-6.71039350282892
93183	0.358336041294813	8.34879824968989	4.02008125088906	0.000102504507959722	0.000670377858865638	0.773526477380648
93185	-0.257165769911628	7.82682363591183	-2.18866868366137	0.0305757213404354	0.0719531220148138	-4.42325274951202
9320	-0.00667398985586348	10.6350039575874	-0.111039066223747	0.911772624096111	0.94376464599422	-6.75316016090458
9321	-0.268852306486629	9.93403630246043	-3.19266303281867	0.0018041789037655	0.00712357444794601	-1.89612258350136
93210	0.0690912702204793	10.4801571494591	0.681305822755806	0.497003072891146	0.620127701220675	-6.52879589007169
9322	0.604310988848825	8.0938392649608	5.17773185731531	9.26304490223286e-07	1.24209011189032e-05	5.25200120273237
9324	-0.330077200958954	11.1097157148958	-1.96612934205679	0.051614545514423	0.109908776991269	-4.8669245407205
9325	-0.00359492390187497	9.64585211457393	-0.0639023791271433	0.949155287236474	0.967192803224567	-6.75726279954909
9326	0.0165083636401426	10.8520855864964	0.24595682826058	0.806139812377043	0.867698051893976	-6.72920277253448
9328	-0.174448281383739	9.37861158590835	-2.7768543997425	0.0063791347321005	0.020195351588194	-3.04355150211182
9329	0.0870563371007029	7.59186279003522	1.03087569016103	0.304691918937936	0.436406320518008	-6.23291995781401
9330	-0.0269932623908176	9.54496032874512	-0.461186012860882	0.645507853941885	0.747811342715284	-6.65356391993254
9332	1.91966783067827	9.86081572556075	5.97152687052455	2.50431164982538e-08	6.01325994987141e-07	8.72822129819218
93323	-0.290562139235856	8.81408497801641	-3.18668822878842	0.00183883106366518	0.00723618131771054	-1.91357230532058
9334	-0.0161164886928525	10.5246589674697	-0.181818571920787	0.856034775052361	0.903658814908474	-6.74284865808692
93343	-0.0662533563763542	8.72643489827016	-0.68955573030615	0.491817453395761	0.615983648983925	-6.52319123538681
93349	0.0799652046464253	6.79507136529131	0.960730179614159	0.338637897591379	0.470583619465812	-6.30184630061529
9337	0.0940884983370037	9.07364593441139	1.56665648009927	0.119853132587386	0.21158086667489	-5.55068712761769
9338	0.144949189151777	8.57957782792871	1.8645794229921	0.0647067199669725	0.130903136646386	-5.05460332132037
93380	-0.00347457900820753	9.99675370137406	-0.0445689429071984	0.964525677394541	0.976944462940393	-6.7583062086621
9341	0.275440346520098	10.8610861088946	3.4868900516296	0.000685617460592101	0.00321734697716435	-1.00339196332811
9342	-0.139722592665639	7.76182695883543	-1.32225620984562	0.188621300701163	0.300832582311568	-5.89580547177075
9343	-0.0124098531646328	10.315167690187	-0.211463477859001	0.832887728273334	0.886096423948705	-6.7370496707597
9344	0.135484226639483	8.51901233094913	1.44514286233231	0.151048680123178	0.252723533063603	-5.72932101234033
93487	0.00862596724880102	10.9312226159159	0.157238083129342	0.875323967525838	0.918001012158891	-6.74699435680683
9349	0.0673663871606871	13.7159532212596	1.02437648568024	0.307737486541721	0.439470519871134	-6.23950677130813
9352	0.17176838710328	10.8230869751817	2.12519451965403	0.0356405292436097	0.0815035358671695	-4.5542932107409
9354	0.0158002237603926	10.4655579702007	0.280062691437848	0.779916161244743	0.849557484761545	-6.7202817274718
9355	0.219212943915724	7.61912151304977	0.97665207274657	0.330724716909783	0.462465915299613	-6.28662009140621
9360	-0.240690448629319	9.58672987706199	-3.49341683367853	0.000670608090253115	0.00315805178192174	-0.982858474632741
9361	-0.515870076406287	10.3830740843767	-5.56763757092119	1.62686492410602e-07	2.92764798978556e-06	6.92363858466347
93621	0.0803541724931583	12.8123819138993	1.30376752523878	0.194831957303957	0.308592898817006	-5.91961276982952
93627	-0.187395004836722	8.89228408210226	-3.08154802190261	0.00255940707587175	0.00954433519038404	-2.21612073587315
9364	0.174906529018738	7.42629498625735	2.83357803053087	0.00540945186536056	0.0176052294751293	-2.89516873137397
93643	-0.0537332727043798	9.0222415830356	-1.01447842729818	0.312414849165662	0.44385047370285	-6.24945963182638
93650	-0.308388767577754	7.31976367156741	-3.21885387391335	0.00165933103291716	0.00663732413166865	-1.81930739266767
93663	0.122460243410275	9.07678460451453	1.22484878922652	0.223053718502838	0.342712744574673	-6.01756662458793
9367	-0.010684791914977	11.1227468399032	-0.190661024847499	0.849116400530874	0.898501341069052	-6.74121037601027
9368	-0.150873708146487	10.6128512430444	-1.78073709098617	0.0775096131177082	0.150926309371115	-5.20248154947922
9369	0.538711220160052	7.09364332267817	3.16922387328531	0.00194370198216404	0.00756953247179394	-1.96442024596628
9371	-0.103657713779122	8.34440932562583	-1.58215260016979	0.116271705947072	0.206949117480262	-5.52691166132828
9374	-0.275011387794962	9.44714408302651	-3.21931931986641	0.0016568577232303	0.0066306418575011	-1.8179375290133
9375	-0.148741455578125	12.2874013786506	-1.74690757475437	0.0832360460034511	0.159261000692265	-5.26032472430002
9377	-0.0716773249492876	11.6244591726735	-1.06259697937908	0.290118607173829	0.42019633443027	-6.20018424010206
9380	0.143014170073704	9.6802554816797	1.79881320739664	0.0745855227396921	0.146058894696505	-5.17114341360795
9382	-0.202383596242057	8.84659182118733	-2.131043206397	0.035145304055774	0.0806613535706289	-4.54236789463925
9388	0.636114307734109	11.0516513231244	5.17536894312418	9.3591863584931e-07	1.2488995043805e-05	5.24209772043615
9391	0.127870986420182	10.7843560219142	1.83029913318301	0.0697103364511413	0.138681931379197	-5.11584229322999
9392	0.134956158373708	7.83135525628028	1.52613744961557	0.129631861741492	0.224854930278186	-5.61179338060432
9397	-0.545757438678276	8.84005254578134	-4.17737945037549	5.65412632186481e-05	0.000398972151451167	1.33459059563731
93974	0.132942620658052	11.5756689032507	1.68161916356928	0.0952680182354762	0.177037271965937	-5.36897599527807
9399	0.364408906351345	7.771248678303	3.81214134152515	0.00021983104892594	0.00126009780771799	0.0570533183898156
94	1.03254716433607	9.50538215446839	6.1338593240619	1.15919931561192e-08	3.12908050554066e-07	9.47258513053472
94005	-0.389652083240909	8.82694376420906	-4.00190067693587	0.000109693818046308	0.000710643872205885	0.70972466059284
9403	0.103228705006997	12.6147889046012	1.75625826809467	0.0816195466619129	0.156821924965667	-5.24444173606216
9404	0.0436684437818482	7.74341333668814	0.557757671554191	0.578058703350395	0.692898153069257	-6.60471292285252
94056	-0.0773379928489235	10.2490065211358	-0.747780759721747	0.456069120349954	0.583200206242755	-6.48173410216523
9406	0.105461173072147	10.8432204919969	1.63515825480885	0.104661123768121	0.190507628240572	-5.44389266605853
94081	-0.336193421337983	9.08422169886815	-3.41203608007542	0.000881932862092307	0.00396126451380231	-1.23664733974594
9409	0.0373554067702545	8.44531219770566	0.63897235703032	0.524070173531956	0.644594376253818	-6.55650224325611
94097	-0.113639109366731	7.03118562215798	-1.2677925819393	0.207349595672007	0.323885714873446	-5.96500272188429
9410	0.0882729406608203	10.1648601059772	1.17581845196115	0.242016864826553	0.366128077558119	-6.07542085265953
94101	0.180981327787424	10.9412686715261	2.40797271127324	0.0175783250547691	0.0459048260993969	-3.94335010849448
94103	-0.282539809348424	8.54092399744649	-2.1664358415421	0.0322736169319521	0.0752413423251269	-4.46955692847263
94104	-0.128217894885336	8.85344498787386	-1.9298902555025	0.0560029412295913	0.116731643229338	-4.93497164427792
94107	0.0263357170438103	9.65794352895773	0.492132926924608	0.623532979967581	0.729826047120904	-6.63891328783301
9412	0.483963496896826	8.67998268438245	3.67656171569194	0.000356187151279472	0.00186919051433827	-0.394113341739796
94134	0.312669927255135	8.60072932792644	3.94056297652248	0.000137672199984426	0.000862722216813752	0.496094863425262
9414	-0.249203671948779	10.2595105638405	-3.39929708577099	0.000920197165765959	0.00409086576384651	-1.27593166004142
9415	0.154687259343065	7.64141743806907	1.61318853174852	0.109355106352788	0.197264288812847	-5.4786198457883
9416	-0.123169360862536	9.91047986126511	-1.97808295565854	0.0502324634314657	0.10760377280703	-4.84421894329146
9419	-0.243250381841128	9.5792170636483	-3.4662502629096	0.000735189429748052	0.00340595377034646	-1.06812013270384
942	1.15682634296373	7.66584798478108	4.44156407153326	2.01382184844548e-05	0.000170257609704807	2.31232619571681
9422	0.00953227188943035	7.53375682507728	0.0923930986146628	0.926541245424896	0.95355478285692	-6.75504731692008
94239	0.0212635815830719	9.93984246504341	0.241463737735559	0.809611726133503	0.869722327181199	-6.73029188086764
9424	0.491669086897379	7.80960055738673	4.15738533157921	6.10336345095778e-05	0.000426152004268058	1.26238322493316
94240	0.183040273939408	8.86091157616123	1.48404156683487	0.14044454856112	0.239396192887673	-5.67364700779996
9425	0.181292791749534	8.95747290027245	2.02666581773527	0.0449341354951075	0.0983715767796417	-4.75061400644563
94274	1.04137905887789	9.0591901161188	7.93830374249552	1.28131010934381e-12	1.39258177673419e-10	18.3169218010549
9429	0.211087675084999	10.1240933552034	1.24887112825625	0.214165929942907	0.331772427105854	-5.98838024541788
9435	0.359899480085223	7.77683988738811	2.80545374088513	0.00587200521566337	0.0188506657914417	-2.96906657632052
9439	0.0778374642602046	8.15572876145344	1.258195967225	0.21078653126112	0.328199198532866	-5.97690213510795
9440	0.157232802319196	7.46035960969784	2.36357690841033	0.0197215242591766	0.0504021628653462	-4.04387083014585
9441	-0.00358721389631312	7.4454465860985	-0.0398460648061278	0.968282692868029	0.979069046773157	-6.7585045721162
9442	-0.137100397370328	8.49685614324056	-1.69735903414128	0.0922453622491165	0.172594051548258	-5.34314233007909
9443	0.0144591692089059	8.63226535646085	0.240317978204116	0.810497691199055	0.870120994190823	-6.73056639893192
9444	-0.267051436221033	8.35511071276579	-2.60482671777517	0.0103654523211438	0.0301086063313665	-3.47736962093688
9445	0.0445565516083401	12.8890401189735	0.557885322838895	0.577971806510258	0.692898153069257	-6.60464225172479
9446	0.0613362139303453	12.4088934696286	0.706304476926345	0.481380810080216	0.606961607580917	-6.51160702392473
9448	0.450318277405639	8.66449229223502	5.78723819966655	5.93050670233483e-08	1.22159564491984e-06	7.89613100301626
9450	1.44712746881276	7.39541225584476	7.93063918088	1.33408427428583e-12	1.43110858514298e-10	18.2776319787338
9451	-0.269002109534409	8.88861490014899	-3.89939151509957	0.000160139581101509	0.000970647978423355	0.354118412814087
9452	1.12833471761069	7.63416081745267	6.25803631452805	6.38857173025311e-09	1.85808459478488e-07	10.0488586739389
9454	0.486363232642285	7.5219087286452	4.15055904657682	6.26443004274841e-05	0.000436659849393264	1.23778944001878
9456	-0.196490744939379	9.30910280284706	-2.1166572013399	0.0363742248779082	0.0827688973805845	-4.5716460934464
946	-1.0708982402898	11.8857154378058	-5.12022408581913	1.19003359105115e-06	1.53829068264202e-05	5.01178157687499
9462	-0.192800641995654	8.34117404573636	-2.26325227528668	0.025434618612169	0.0619917231444426	-4.2647435083516
9463	-0.211202558304725	8.09798383314793	-3.46769412226634	0.000731614778322331	0.00339884030874154	-1.06360222966887
9465	0.31705145646916	7.98223596199162	3.82674606201326	0.000208547351222261	0.00120799517608407	0.106415322878144
9466	0.262374410030738	6.98656363741404	3.17380081787205	0.00191569307070722	0.00748515835574344	-1.95111708166939
947	1.14704367736458	8.87561659219747	9.22943559958771	1.26043143009145e-15	4.52659287502408e-13	25.0630076324259
9470	-0.0925537715617352	11.547775798959	-1.56743084184442	0.119672110669917	0.211306463046925	-5.54950436167801
9474	0.292376594038356	8.76182175510238	3.58925371989849	0.000482929023253858	0.00240963287729486	-0.677785373826478
9475	0.00888372396254303	11.0353701058698	0.186793717176023	0.852140784728165	0.900687254050512	-6.74193645463622
9477	-0.0276778675431982	10.0275623590249	-0.543853720121007	0.587560667280176	0.701134225907867	-6.61231420386004
948	1.83312429979967	10.2365992579991	4.74277618538271	5.91377166998191e-06	5.92812548471488e-05	3.47851450319284
9482	0.264432306651064	9.1906353490347	2.99239684226854	0.00336678434379828	0.0119869132240404	-2.46588916421772
9488	-0.0159054641820407	7.9824043912295	-0.262281987089786	0.793558010070844	0.858768755524676	-6.72507678502228
9489	0.252077806964814	8.53393039979723	4.0299631610377	9.87880281511249e-05	0.000649672860293226	0.808297304015372
949	-0.539601898626388	12.114378132923	-3.41158379106074	0.000883265443382662	0.00396294001213514	-1.23804416333924
9493	-0.224139108141725	9.02227588959048	-2.23555578272748	0.0272479106951394	0.0655600764176671	-4.32417508676893
9497	-0.102595798174737	8.03990429510296	-0.87060531679614	0.38572436736189	0.517809730929499	-6.38338321325113
950	0.430021948459903	11.5384302994935	4.01060524652439	0.000106193569251984	0.000690715493047683	0.74024460178675
9500	0.0900183013093337	13.2961790917784	1.52263528545094	0.130505700981366	0.226038391718617	-5.61700273610257
9502	-0.189783318948985	13.4745635173986	-2.18334316442278	0.0309751887935732	0.0726654221516133	-4.43438387174431
9506	0.116375854420315	15.0138352777472	1.41390424874705	0.16000353027925	0.263325196275474	-5.77299807238325
9509	0.168983078902247	6.11796770647149	1.7757455275106	0.0783335366358548	0.152028903339323	-5.21108248155016
9510	0.267699153469961	10.9850397546601	2.87507029624321	0.00478764763291795	0.0159138710051921	-2.78497418442066
9512	0.000730323613843999	10.9568417895478	0.0165361492187144	0.986834384399306	0.991274719097442	-6.75915848705337
9513	0.0745826264679318	8.14479890600345	0.98201169394247	0.328088460674519	0.459755206105066	-6.2814392555314
9516	0.0640907994572827	10.6479486241588	0.481564400004072	0.631000730303407	0.736375534374984	-6.64402308591114
9517	0.273981080795507	6.74214225345616	2.99708113818821	0.0033191008948141	0.0118656101271977	-2.45292167743872
9518	-0.203892525450935	15.6286515282762	-2.33706199803805	0.0211089881830529	0.053288582638147	-4.10309462826258
9519	-0.295733059568981	10.4740711867197	-3.11702728461107	0.00229120419041328	0.00870531122944511	-2.11498644769198
9520	0.0105745307328136	11.2214133869019	0.180175545734986	0.857321538163311	0.904865308616017	-6.74314450471776
9521	-0.211016404256942	10.0978477484287	-2.1099848927982	0.0369566817106983	0.083886284949263	-4.58516312126643
9522	0.1242228028863	8.93563930013637	1.61447725952581	0.109075183995443	0.196845317850636	-5.4765951768853
9525	-0.0318534948778032	10.8837327722774	-0.660084916922175	0.510476268383147	0.632448474103014	-6.54290497146192
9526	-0.163121136480267	9.57864917568525	-1.76888639970861	0.0794774888471159	0.153491713321762	-5.22286407783842
9527	-0.184615364841712	8.15787720783839	-2.80079811900321	0.00595196877001269	0.0190407676376084	-2.98123730847918
9528	0.253179582146078	12.7207910200064	3.92115295020341	0.000147861582866388	0.000910086940742445	0.429018346302599
9529	0.101648267245163	9.80148767241253	2.25005937031558	0.0262847378955361	0.0635945913934178	-4.29313676560544
953	-0.401064135972362	10.1940039304786	-2.48224406865293	0.0144521024589915	0.0392034043715171	-3.77140539462278
9530	0.140930289773667	7.25308765659972	1.8290958817281	0.0698916526283447	0.138975698293242	-5.1179723188735
9531	0.0239911124038173	10.7795862975834	0.30447303887845	0.761299892067558	0.834802192646269	-6.71318741556747
9532	0.601466879310688	8.97372462430875	5.75454181161595	6.90079047113818e-08	1.39707179636278e-06	7.74999671491042
9534	-0.187086455899085	8.97734652433801	-1.53028524683273	0.12860288619361	0.223539528610947	-5.60560878977082
9535	1.1298162531591	9.27555873159664	6.76753764225819	5.24704777528841e-10	2.21125584815726e-08	12.470506963304
9536	-0.0214880642572529	9.50805811743584	-0.185863691604181	0.85286843100482	0.901316944741532	-6.74210884700363
9538	-0.260291787185704	10.245401941474	-3.86132606602459	0.000183986083149014	0.00108862825702784	0.223875144671853
9540	0.302007822986034	8.1231590484391	2.78676384680133	0.00619906657702182	0.0196788201099924	-3.01781870611486
9541	-0.0189146108100858	9.05826707205664	-0.276002509988064	0.783025372751146	0.851024944595325	-6.72140433249204
9543	-0.233374816427782	9.79533501030528	-1.6970601746009	0.092302019543025	0.172609164914056	-5.3436349792603
9547	0.164504057649072	12.1317565246897	0.901620883509072	0.369081398444183	0.501827226828424	-6.35621613630738
955	0.190043203768585	9.27180226315168	2.37280146141689	0.0192580861529956	0.0495088053606422	-4.02312441266257
9550	0.0166346311199137	12.1577364643063	0.234692540063478	0.814851140016597	0.873304770355333	-6.73189530008739
9551	0.0665049053413395	12.093783691587	1.09870766456097	0.274115844795615	0.402452342341233	-6.16173474827489
9552	0.102123878599954	9.80840395033455	1.5044775929852	0.135110708360246	0.232564469890365	-5.6438271923645
9553	-0.0479844519480483	11.5119599187451	-0.919187753749278	0.359858729999979	0.492369241311882	-6.3404130148951
9555	0.0464558891900748	12.5812148083786	0.87193409954791	0.385001957386206	0.517260274562469	-6.38223855077297
9556	-0.125140449910258	11.6992638873161	-2.36165303220869	0.0198194128440384	0.0505740964138886	-4.04818845404662
9559	0.104638686262186	11.5404939545109	1.6361772523721	0.104447401222886	0.190197428152787	-5.44227105946955
9562	0.507184657205253	8.96591090460206	4.94436109257385	2.53459649193252e-06	2.96121174304988e-05	4.28783685109625
9564	0.0172544376041568	8.84291765696593	0.223493888449682	0.823534749664122	0.879999616070588	-6.7344471521278
95681	0.0872188169987879	8.07099746708095	1.19551885829345	0.234263769097354	0.356598344178245	-6.05245214325701
9569	0.18935172596539	7.08703022100532	2.26474276751251	0.0253401061683333	0.0618160888808131	-4.26152616500555
957	-0.181351376938645	6.50124458715718	-1.77347874906585	0.078710074828683	0.15236588190413	-5.2149807996297
9570	-0.196374191597066	8.63712421583867	-2.62521007998148	0.00979736596628312	0.0286870765265858	-3.42725061991851
9575	0.287954806435214	8.46218100848012	3.55941220647275	0.000535263240811655	0.00261923837032244	-0.773491459107341
9577	-0.125059771796859	9.16751441815896	-1.76635405999286	0.0799032890482147	0.154133855100013	-5.22720283183313
9578	0.364383248525427	9.19917877082027	4.1362645292999	6.61501016041183e-05	0.000458389126887598	1.18638641257404
9580	-0.025242657213501	8.15408002394713	-0.298877855716183	0.765555090027255	0.838324942811232	-6.71486579202087
9581	0.272180710964745	8.31794461141647	3.03873660066179	0.00292166435386493	0.0106388481384687	-2.33684377093986
9583	-0.395958469338663	7.96319249051607	-4.58706698426622	1.12116391933506e-05	0.000102556079443052	2.86903110400891
9584	-0.277799076341753	10.1244057337056	-3.06681474611817	0.00267909932675921	0.0099190320210807	-2.25782910792892
9586	0.433833106980393	7.89803534036826	3.31101165679113	0.00123135600209134	0.00519458660739246	-1.54485743645389
9587	-0.0276847266085688	8.87655880432746	-0.409443973722365	0.682950682271345	0.778092777318801	-6.67594163252448
9588	-0.251646475893643	12.8406894111642	-3.55624705760661	0.000541117681196401	0.00264318867337804	-0.78360487226678
9589	0.109765098231273	10.6642678630118	1.7166427109328	0.0886489775252927	0.167331022476901	-5.31118003597153
9590	0.229734114541497	8.57407890378768	1.88658036402257	0.0616562934899558	0.126098070567524	-5.01473630771647
9592	-0.0758482539528649	11.1339864006898	-0.798751756616147	0.4260272987799	0.55644931814073	-6.44271170994004
9595	0.00184762536857344	6.79713024271434	0.0141691157160822	0.988718811913522	0.992135820909075	-6.75919464953717
960	0.969478502884767	8.84835421876339	6.06269795866918	1.62680827654231e-08	4.1731168833042e-07	9.14500129240225
9600	-0.113768352715068	8.67621122446397	-1.351969527996	0.178951701914056	0.288168944611999	-5.85686321078926
9601	-0.498723591076031	9.63209887214139	-5.22908157679207	7.39632512129083e-07	1.03548551698072e-05	5.46791490422505
9603	0.241247478624869	11.5755308872328	2.17952574880945	0.0312643175719991	0.0732605001828972	-4.44234745223496
9604	0.184210818827315	9.75348621027493	2.58800142887619	0.0108565539195719	0.0312783869465167	-3.51847779282115
9605	-0.0465929550145735	8.24146835606793	-0.44404750917993	0.657815489118718	0.757184495557499	-6.66126971554933
961	0.324966013041073	10.1764224283631	2.83954150015404	0.00531575720829571	0.0173537845407745	-2.87941684419625
9611	-0.0267506646534198	8.39296248715265	-0.300680114939367	0.764183662819696	0.837489326640665	-6.71432856507022
9612	-0.156383655059689	10.5696898489862	-1.65234525736361	0.101103094477191	0.185278707959107	-5.41641262427213
9615	0.0102646810781365	6.40433889759218	0.0684639760267085	0.945531321031988	0.965042470248884	-6.75696238555556
9616	0.00229959874901983	11.9999863827559	0.0416508780577181	0.966846888175036	0.978400923629948	-6.75843138926671
9617	-0.287006853699686	7.76562106269619	-3.12558819689197	0.00223051528285001	0.00852194166450046	-2.09043652409936
9618	-0.0318613351976119	8.17169949947407	-0.365008677319002	0.715753502815621	0.803605264816778	-6.69304211386349
9619	-0.250770883818362	8.01094891583428	-1.98981545601404	0.0489066188125948	0.105365136535695	-4.82180818268688
9623	-0.399255023740977	9.22493308005349	-2.33371695037878	0.0212900068540941	0.0536546376405058	-4.11052292195809
963	1.01227805251395	7.68923940281392	6.51979563819745	1.78776519139739e-09	6.42040890475757e-08	11.2820023425357
9631	-0.35435166445592	9.13712213060956	-4.03448711761536	9.71299282024678e-05	0.000640125548966868	0.824236989337389
9632	-0.197516471780705	9.59996823519004	-2.79373464882761	0.00607518751970834	0.0193749223601509	-2.99966887985212
9636	-0.526471074020968	9.85606632112371	-2.44049330867123	0.0161422327531505	0.0427099203335243	-3.86864255438652
9637	0.169358243094046	11.2998050617477	2.44684137367502	0.0158744091343119	0.0421751751204299	-3.85395389480081
9638	0.886857425979861	8.4937895225274	6.89119551892998	2.8259012086072e-10	1.34924531694194e-08	13.0709627079767
9639	0.446399783512485	8.22031538306595	4.77703268635005	5.12846074847555e-06	5.30176292645908e-05	3.61445855491488
9643	-0.102575993707083	12.6078135333649	-1.03269485927461	0.303843086375535	0.435494439575643	-6.23106893807216
9644	0.101721772661821	10.1972939240402	0.981524136107791	0.328327705175889	0.45981465662137	-6.28191170275593
96459	0.0026733130610262	8.77333846450556	0.0275242713531594	0.97808773440235	0.985845599287787	-6.75891760076277
9646	-0.202664057554706	9.60913567668151	-2.82829239785942	0.00549375631159649	0.0178412222127868	-2.90910604844191
9647	0.420314943295893	9.21181575101898	4.90493467709618	2.99635857118648e-06	3.39040024630142e-05	4.12779399475953
9648	-0.248188216115891	9.33529329733786	-2.13476914230153	0.034832929267251	0.0799888784396701	-4.5347549961142
9649	0.155563426617515	7.27419269748008	1.55686730205157	0.122160313518606	0.214553304202358	-5.56559084954478
965	0.422615454753908	7.7509258547571	4.22581073283651	4.69360194512618e-05	0.000342426817105023	1.51055680218424
9650	-0.269753458205325	8.5625692618166	-3.27425104655445	0.00138792972389747	0.00574050225625246	-1.65510547162468
9652	0.0825579320805395	9.69828061094544	1.50422918264141	0.135174578685671	0.232564469890365	-5.64419202391167
9653	0.396275389107058	10.0288813376776	4.06895252447631	8.53431685235878e-05	0.000572187152601327	0.946114845984861
9655	0.305784947747037	7.36140489144045	4.48007528302864	1.72664210841653e-05	0.000148654193049966	2.45844256875103
9656	-0.2241827193833	9.31123088324442	-3.1383258084313	0.00214297342637731	0.00825091389948253	-2.05380379882485
966	0.588330467684504	12.4291301901855	3.88271453034741	0.000170200158287798	0.00101725999092418	0.296935728320729
9662	0.100497600410497	8.54609553192978	1.67513920947217	0.0965355389177651	0.178705412698507	-5.37954482700073
9663	-0.00721802276788795	9.1683205710003	-0.0901361014873835	0.928330754237866	0.954445112024493	-6.75525227941484
9665	0.192581197910137	9.337465672212	2.50526452734019	0.0135894152617102	0.0371930318295978	-3.71715603191692
9667	-0.111998974039674	9.24794469735154	-1.85407755802833	0.0662066859398232	0.133447346477047	-5.07347793649298
9669	-0.233252723164688	9.10317033642047	-2.23696862230248	0.0271527479352426	0.0654263996339276	-4.32115964673493
9670	0.0784663914784977	7.99823426271253	0.837833034332339	0.403805835282999	0.535039493012123	-6.41106882395635
9673	-0.0510478570705047	9.333572867937	-1.00325475146984	0.317775733404011	0.449072293912256	-6.26063055398761
9674	0.490883621889835	8.61416080085223	5.74130890123888	7.33631682269887e-08	1.46322791973193e-06	7.69098411280939
9675	0.116036183629205	8.02330176678422	1.71375653481072	0.0891798503496867	0.168102593310911	-5.31598567100872
96764	-0.115440039056953	7.40122394554686	-1.49543414190153	0.137451186463028	0.235402612520135	-5.65707162766887
9679	0.184525873796716	8.29221647426166	2.06371937180803	0.0412209086238237	0.0916513338446255	-4.67780000475636
968	-0.0104491176907711	9.74438751456407	-0.0663984378666592	0.947172153510981	0.966120275129749	-6.75710098107589
9681	-0.0676853335231892	7.42766984322202	-0.711577663223778	0.478120372464833	0.604144492138621	-6.5079027882415
9682	-0.103713297227955	7.57744785729495	-1.43933302136359	0.15268419278778	0.254576389266666	-5.73751394628412
9683	0.134862492735378	8.62375249960063	2.30343419030671	0.0229920578501343	0.0573066982022055	-4.17732970853067
9684	0.0569120017129171	7.69581076726188	0.763445931863313	0.446709982209499	0.575456090619224	-6.47001220078775
9685	-0.021275631535841	10.7907791181587	-0.358998782932719	0.720232832372678	0.806665449936122	-6.69520466766005
9686	0.104263314189057	9.4636185109887	1.37565969653568	0.171513501629425	0.278494500385108	-5.8252140096813
9688	-0.0322501138577829	8.60035308828868	-0.4176938534154	0.676924432507664	0.773146544871862	-6.67255135960378
9689	-0.363089932551206	10.0246050317443	-3.46642233392486	0.00073476256236921	0.00340595377034646	-1.06758179485646
9690	0.121037800682889	9.72489929697825	2.44523166933449	0.0159419451103706	0.0423409860487657	-3.85768181790693
9694	-0.121844352721491	9.07785070017056	-1.41555341016923	0.159520836723295	0.263102408808489	-5.77071530975917
9695	-0.492261057049372	10.2190667872247	-5.87694986148753	3.90449019878234e-08	8.60029041118456e-07	8.29942654655432
9696	0.018929240605544	6.57775656592948	0.358862302962944	0.720334668126978	0.806665449936122	-6.69525336156383
9697	-0.0333376542206085	10.672326323075	-0.528479839251704	0.598151588383547	0.709162066893655	-6.62049682138007
9698	0.0458543047021839	11.4403644488571	0.823692478184823	0.411763775538488	0.542970751268824	-6.42269047544209
9701	-0.0241122947576869	8.36037671239028	-0.342967662240415	0.732228523661036	0.8147928877058	-6.70079794204905
9702	0.0111546861757373	8.56991449091537	0.14104969880937	0.888069418391625	0.926310569000483	-6.74939649659324
9706	0.383603054719864	7.56845514067877	4.17169231316614	5.77857297195746e-05	0.000406914004674924	1.314025770705
9716	-0.111988442233158	8.29357673768279	-1.92447307434037	0.0566852358095973	0.117909858420366	-4.94504161279352
9728	-0.388021785027358	10.5609267761907	-3.85370624690113	0.000189149391191223	0.00111490448080966	0.197922127590401
9730	-0.228054653555459	7.39917627286467	-3.3100276675818	0.00123532267654824	0.00520866018799818	-1.54782180091947
9731	-0.293742803087993	7.38450780929104	-2.84700279814426	0.00520062031062639	0.0170329594630349	-2.85966797770374
9733	-0.0167752442255788	7.86357627886241	-0.279849246098662	0.780079525456939	0.849557484761545	-6.72034115097725
9735	-0.437544859389013	8.57759493878471	-4.87514137958222	3.39852006908711e-06	3.76334092656718e-05	4.00741429162785
9736	-0.27967451824151	8.13617485292925	-3.40421939316547	0.000905230900639284	0.00403519009135482	-1.26076660121387
9738	-0.170851156858938	9.48765036847275	-1.298780308892	0.196532978653775	0.310504642513064	-5.92597888742922
9741	0.224232587534475	12.4914167219781	2.31308671256494	0.0224369760434143	0.0561604309450311	-4.15612172747085
9743	-0.0111864110399183	8.58820468856194	-0.159830428496235	0.873285909361129	0.916445383219785	-6.74658547779004
9748	0.0626317620034404	10.0052829988839	0.82390256319684	0.411644859775507	0.542900613403431	-6.42251924440474
9749	0.472871713771544	10.8777698155893	4.41314054887886	2.25477083123631e-05	0.000186406552124216	2.2050593151179
975	0.436342746937474	12.6112231806331	4.50571558722991	1.55780668541724e-05	0.000136308084974009	2.55621927438748
9750	-0.409339547832722	10.0829792610909	-2.8624997729834	0.00496874136487883	0.0163950671032786	-2.81850587194101
9754	0.673580894481409	7.2476404298781	4.78763217861398	4.90666602921407e-06	5.11403357082363e-05	3.65665520391881
9757	-0.199070147206214	8.03528943477382	-2.89458015567083	0.00451853297961483	0.0151781547017562	-2.73267946205469
9759	0.100832492543333	7.23650322448777	1.15512486512607	0.250355872346851	0.376194197850643	-6.09914602082521
976	-0.103949627530036	10.1473688797979	-0.49843674495458	0.619097206331672	0.725868406571981	-6.63581284693418
9761	-0.287541957072887	11.1324155788491	-3.61183738796868	0.000446576647520938	0.00227698957316231	-0.604930643200965
9764	0.0922734591128337	7.59729246681095	0.945011483936241	0.34656981513639	0.478984587042419	-6.31663649832063
9765	0.0578060699088137	8.29059669922334	0.580323474170397	0.562794912386541	0.679632452677314	-6.59197001737032
9766	0.182746962330194	9.49999511406195	2.44319973151855	0.0160275613296542	0.0425273551503193	-3.86238443086025
9767	0.0708683047790879	10.0682784467682	1.13043122462533	0.260570150130022	0.386549827599494	-6.12691822989157
9768	-0.0719732343683544	11.9712437541595	-0.685529552731812	0.494344496012306	0.61765020981117	-6.5259348183539
977	0.105895585855925	11.3074447011215	1.02368748225248	0.308061549869649	0.439665702916888	-6.24020266362881
9770	0.250661308579957	8.13892423658668	2.69665661357081	0.00802120706711439	0.0243049047594882	-3.24884214060312
9772	-0.0503337208886169	8.76672078851311	-0.703887270142416	0.482879467638728	0.60847969530067	-6.51329589850872
9774	0.0654215205825	11.0730198437206	1.22631048706039	0.222505395813007	0.342124826771302	-6.01580649114991
9775	-0.0607884797909544	12.1524187948829	-0.925867821615278	0.356390466744334	0.489153092821996	-6.33432475668759
9777	0.129765252415017	10.3076717622184	1.9416053991355	0.0545510772998622	0.114508179326897	-4.91310361744123
9778	0.0315983293915104	8.15305941097361	0.315913703044999	0.752621990827849	0.829219373647864	-6.70965883948687
9779	-0.0721050421206105	7.60510133856593	-1.09336353363188	0.276444859051106	0.405007899212866	-6.16750439274281
978	0.298115149098245	6.91026200124243	2.09494527597363	0.0382991242365896	0.0862502523060554	-4.61548585807264
9780	0.228591944333293	8.96464823853473	2.32669332747033	0.02167455419598	0.0544997922857822	-4.12608861318699
9781	0.123103787339539	7.66060210401487	1.54319774418371	0.125440700171401	0.219335347886489	-5.58625232484241
9782	0.0511233379580304	11.4910464399424	1.06921207169613	0.287140389695929	0.417126208035241	-6.19323495215183
9784	0.176428072667874	10.748738709501	3.26953262102277	0.00140932234759057	0.00580598632972474	-1.66918229572933
9785	0.034548328763373	8.29103958895833	0.445929416814497	0.656459360080425	0.756255831836026	-6.66043778594919
9786	-0.200448676222965	7.89973389382066	-2.25056257399379	0.0262518620972134	0.063549060491111	-4.29205658216847
9787	-0.255739568243454	8.78481615390456	-1.72370912445506	0.0873600889554084	0.165427403661548	-5.29938162844029
9788	0.584262728144184	9.44768835685389	5.20852516425714	8.09483759441132e-07	1.11258357597217e-05	5.38132067651634
9789	-0.139816010447636	10.8746145599139	-2.07723420585982	0.0399336559331366	0.089197403463415	-4.65093661488143
9790	-0.27545907127806	9.97711664740923	-4.52718949082799	1.42877278716796e-05	0.000126356137280592	2.63840984350903
9791	0.098944013233542	10.9680468699822	1.43973647278132	0.152570179156628	0.25443764987558	-5.73694603556497
9792	0.00419007655929661	10.6256896825677	0.0616781922656308	0.950922686262689	0.968391245041279	-6.75740176953188
9793	-0.0562834859254809	9.78110216527755	-0.940279237392172	0.348981062639591	0.481795684005184	-6.32104215402896
9794	-0.0750920041659161	8.89314448343142	-1.24724160675761	0.214760521338995	0.332506449158407	-5.9903775188684
9798	0.281128629553657	10.8463852932391	4.9392696213398	2.5900886697438e-06	3.00902002982895e-05	4.26712195553222
98	0.695339106015976	7.42119757430766	5.20813609254828	8.10865996047512e-07	1.11258357597217e-05	5.37968375043459
9801	-0.155315048764339	10.5464872849574	-1.90658475583861	0.0589882234639056	0.12183963205922	-4.97810527048714
9802	0.19466224928719	11.8520675448051	2.15033767899935	0.0335535330840774	0.0775684811851328	-4.50281204223394
9804	-0.182090377933608	11.6985154559569	-2.99409295806403	0.00334944637980825	0.0119509404307629	-2.46119583410236
9805	0.260124497752865	8.50214882403319	2.686214401727	0.00826113029976418	0.0249039913416249	-3.27518181774676
9806	0.212482033090028	6.57423257240995	1.94318417308872	0.0543578715067227	0.114219287368489	-4.91014711498615
9807	0.0741415447696552	8.886064114925	1.31599966964	0.190706210242465	0.303337819488303	-5.90389825914824
9810	0.0304814885553658	8.52740024764426	0.388030077306352	0.698687748906005	0.790894998761628	-6.68442690113927
9811	0.241707924525015	7.28574250814185	2.48950744585876	0.0141747697260656	0.0385270147868713	-3.75433735946924
9812	0.162605421625116	8.77168099252076	2.53404873872385	0.0125757059553749	0.0350102228484654	-3.64869150522303
9813	0.165196237624865	10.8402786035802	2.45971880436431	0.0153432379953216	0.0411163071474543	-3.82405129248623
9815	0.0725651603337314	7.9748861518848	0.862637836247501	0.390073555515307	0.521529227671809	-6.39021054517054
9816	-0.191448609007146	8.10355957378742	-2.21917671302186	0.0283725853490918	0.0675667359894883	-4.35900536210653
9817	0.0426038557732195	8.8504830094217	0.639070715909197	0.524006409484399	0.644594376253818	-6.55643991399238
9819	0.102207457095351	9.34668290978243	1.50490736982036	0.13500026154317	0.232458236469999	-5.64319585733348
9820	0.0600689931320469	7.65303387186476	0.577694534634123	0.564562981645816	0.681170059654461	-6.59348044032104
9821	0.11259251539403	9.43703315400781	2.0204528084244	0.0455839289999475	0.0995946864229489	-4.76270285356475
9823	0.316320403810833	8.74964354498431	2.51728183490852	0.0131576242149299	0.0362514930004406	-3.68865766741483
9825	0.0582959722898715	6.96538803496623	0.724394675683768	0.470246756302248	0.59693225865323	-6.49878539793673
9828	0.152813886863576	8.4277412795909	1.6770399429139	0.0961623351419855	0.178214244620328	-5.37644875377783
983	-0.155243197242984	10.1532594530023	-1.23135181129389	0.220621756275108	0.339861191128757	-6.00972018073094
9833	-0.350351412723193	9.48102489473451	-3.20124744514124	0.00175545450577541	0.00696782999409173	-1.87100332881439
9836	-0.0719599224253018	8.62860358379665	-1.03371481299954	0.303367867992814	0.43518905689834	-6.23002972453141
9839	0.898096013093192	8.16182294647487	6.99435634878009	1.680715739451e-10	8.95658839217113e-09	13.5753626005175
9841	-0.084714250407117	8.15089695665252	-1.27942132941187	0.203240268597076	0.318914251256051	-5.95046567813901
9844	0.355200498888727	8.85423977756918	3.33621476324229	0.00113372678656345	0.00486724701508011	-1.46868207447354
9846	-0.543376666021935	10.7893739922222	-5.1346292076554	1.11781481113235e-06	1.45413789254594e-05	5.07179546812868
9847	0.053075145213263	9.1839785202351	0.792331910161355	0.429745501265228	0.56033115082096	-6.44776673146137
9849	-0.257338551673236	9.03006843383752	-3.51830902894894	0.000616157080147022	0.00293904940217007	-0.904261199384622
9851	0.104023216291029	7.49571227882963	1.66964667336564	0.0976205811200797	0.180390604038447	-5.38847271597859
9852	0.278093958842788	9.14902303201366	3.59547717364149	0.000472641651431677	0.00236896609701869	-0.657745084980148
9853	-0.0321695171521902	7.66137468738049	-0.320926799972963	0.748829366566474	0.826946672200433	-6.70807174241687
9855	0.0647740172531612	6.55700172439414	0.874415217969097	0.383655309086017	0.516094634432977	-6.38009661107962
9857	-0.0853139173468276	8.8712229678727	-1.00484556184385	0.317012205904866	0.448399233352448	-6.25905465022318
9860	-0.0995670051214371	8.11054641004469	-1.67910071416985	0.0957590302991495	0.177745975341792	-5.37308821665338
9861	0.17020151915055	11.9739930962312	3.17239987001485	0.00192422615049908	0.00751494468232736	-1.95519073686037
9862	-0.0818792579187984	8.6567855760823	-1.05215270145606	0.294863513379595	0.425799409181023	-6.21107002731664
9867	0.0337255104895217	10.9563869441318	0.526491314445831	0.599527851204715	0.710546297233199	-6.62153814268157
9868	0.0112660527909451	9.42668728875136	0.235819152847527	0.813978801513705	0.872723896742368	-6.73163167777962
9869	0.0799934177801924	9.51624262443203	1.34254316996517	0.181978032546577	0.292155208714233	-5.86930828581023
987	-0.304641759331989	8.53189571283314	-3.91550159144206	0.000150960921426701	0.000924341891018943	0.409536339469516
9871	-0.204225591825277	10.2963090111002	-2.66233193372105	0.00883447986806329	0.0263362974557179	-3.33508366581697
9873	0.255718826603779	8.75590773395681	3.92965904302995	0.0001433107654208	0.000889366583302634	0.458382162759714
9874	-0.00654587681472039	8.89310711274437	-0.0743203291428451	0.940880417531975	0.962276046823801	-6.75654634975285
9877	-0.129654632875564	9.58205000788257	-1.44275652796179	0.151718807267615	0.25342716845915	-5.73269003320481
9878	0.115852847370486	9.24371223977451	1.88417235427014	0.0619841784572972	0.126542094428392	-5.01912122194031
9879	0.00178932220038048	8.53607475002599	0.0278667498888662	0.977815155560996	0.985697065502578	-6.75890816207181
988	0.0403983126157078	9.58867972753473	0.688231892913163	0.492647588518351	0.616555921388118	-6.52409510464924
9882	0.0141877986518646	8.38374436221072	0.186865547601701	0.852084590338732	0.900687254050512	-6.74192310415598
9885	-0.094742618611484	9.27441446673469	-1.43724771976077	0.153274536895751	0.255457561492919	-5.74044683203341
9886	0.0655301984353545	11.3471136811514	0.491256875811012	0.624150526895088	0.73023843514921	-6.63934105065192
9887	-0.069993645184626	8.71389860996712	-1.1522000620727	0.251550691974915	0.377303198785691	-6.1024660953355
9889	-0.0730601691461607	7.53599587968186	-1.13242098449938	0.259736445903048	0.385659364220596	-6.1247021502132
989	0.550438411060234	10.308418190344	4.66739818380089	8.07348204433614e-06	7.6916910826086e-05	3.18172508941735
9891	-0.116783971345415	8.52479288811559	-0.936858819493818	0.350730588642736	0.483403080625563	-6.32421295099943
9896	0.350022382992823	8.29984266228407	4.42154468971114	2.18077617710425e-05	0.000182102679103075	2.23672439227104
9897	0.118572620700089	9.97779445013971	1.83159251222113	0.0695158753320457	0.138395066339527	-5.11355124625
9898	-0.025092756606336	9.39410181036501	-0.331299384018811	0.741001659701225	0.821393212139911	-6.70470869113058
9904	0.19183133744646	7.47906594452402	2.84842143414064	0.00517898890422733	0.016975574741634	-2.8559079692804
9905	-0.0450697367922786	9.90469262942865	-0.678758353039854	0.498610269779056	0.621513813568175	-6.5305130148313
9908	-0.124675900153801	10.5260173734746	-1.71223539495555	0.0894606851707936	0.168516592818872	-5.31851535382905
991	-0.525905973969859	9.74540253690684	-3.38605293320464	0.00096162684453838	0.0042295195611752	-1.31664593706593
9910	0.156906666983063	8.21718627645649	1.74317600611135	0.0838884299143466	0.160249405895584	-5.26664065845721
9912	1.34974014367468	7.14778472916973	9.98829645141167	1.99519470549682e-17	1.26771602056952e-14	29.104510608285
9915	-0.15148498497393	7.46989802040974	-0.852402689839807	0.395704688946146	0.526840865682651	-6.39889008394881
9917	0.150300780887671	9.9447541886036	1.79295192362331	0.0755235121087267	0.147511045168617	-5.18133781055954
9918	-0.157748408447171	9.57299026763308	-1.54133369918182	0.125893366091931	0.219940609966021	-5.58905626654802
9921	0.0942788611629069	9.27038316590484	1.33001058980044	0.186060938873795	0.297611029259788	-5.88572354283632
9922	0.0961436251733153	8.75991970778161	0.970747688120207	0.333644950464572	0.465153706284609	-6.2922952237162
9924	-0.125803212894114	8.3523326173244	-1.99653354968176	0.0481609124428357	0.104084023228106	-4.80891988862507
9925	-0.0885200570994545	8.72119222977404	-1.78468425797972	0.0768631541613676	0.14984414759804	-5.19566401726315
9926	0.156228090275373	7.23698814941704	1.53556674154062	0.127301981572968	0.221838474217872	-5.59771045271475
9927	0.00154691630363387	10.2332472290541	0.0229120228198221	0.981758864735224	0.988027398194351	-6.75903334393277
9929	-0.0628232303352955	9.38000981672116	-1.11728324394327	0.266126243840573	0.392728486287404	-6.14146582088616
993	-0.223739929109458	7.90797473582598	-1.99341075456118	0.0485063299759907	0.104748309961224	-4.81491584866469
9931	0.0150461106211882	8.82210353155995	0.237229972132447	0.812886730864445	0.871892533039906	-6.73129977378635
9933	-0.315379947379207	9.93592815161905	-3.64149725636222	0.000402750993581555	0.00208833848523769	-0.508693855410768
9935	1.26517577986421	8.70301402683845	5.402588634494	3.42602541986402e-07	5.36982352335424e-06	6.20712172946322
9937	-0.0529728683035269	8.27795831046137	-0.788253445663443	0.432117521832699	0.562713342320368	-6.45095717207479
994	0.604135677334074	8.92634119430741	7.38151767935375	2.33164039139837e-11	1.60494580274588e-09	15.4944327783106
9943	-0.27545748578834	9.80958855112342	-4.74840174512011	5.77725690988997e-06	5.83573612855499e-05	3.50079371497535
9945	-0.589699115006823	8.57117251277773	-4.2544170427918	4.20205300301389e-05	0.000313540720911425	1.61519271267996
9946	0.149150300827727	9.0616563121413	2.89659290082546	0.00449157419590405	0.0151183385730104	-2.72726700426856
9948	0.126953470539878	11.8645352143636	2.12874225688632	0.0353394178920772	0.0810168170381786	-4.54706308882035
9949	0.0916104717314019	9.53718453302159	0.897036248858816	0.371512633012867	0.503890697649636	-6.36029098276681
995	-0.20096892463451	7.36192534401444	-2.10796897167129	0.0371342355380023	0.0841505584482575	-4.58923927429343
9950	-0.0572473123251606	10.4339446266201	-0.58262304267058	0.56125058060158	0.678064910892066	-6.59064323954641
9958	-0.00861299536942356	8.84647719608418	-0.122501145294896	0.902708993660333	0.937437300431776	-6.75182843037567
9960	-0.338473368563034	9.52803500289888	-4.42595321235222	2.14290266463795e-05	0.000179516998072104	2.25335198177819
9961	-0.274884760003356	10.8598252546916	-3.73879938854174	0.000285830900691819	0.00155428784707994	-0.188600471889231
9962	0.466937890263005	7.74172359958106	3.53947484966609	0.000573162012494752	0.00277062392544695	-0.837075149850848
9966	0.0108474549064773	7.68714848346731	0.0783018617149878	0.937719584213941	0.960619651794983	-6.7562440148667
9967	-0.190815462784226	9.51352260985518	-2.35080287695031	0.0203795626550435	0.0518273360623951	-4.07247884646967
9968	0.190384107836488	8.00374432911186	1.71309159639506	0.0893025235532689	0.168295424264203	-5.31709173836233
9969	-0.298496190672635	8.30118130689624	-3.38538508241069	0.000963761626025634	0.00423439948455943	-1.31869554185692
997	0.149226643317075	9.49429065172145	2.67288225189209	0.00857689810117289	0.0256964738178049	-3.30867980211402
9972	-0.088266644499558	9.97853694687564	-1.87338749748481	0.0634706697442391	0.128876040336139	-5.03869543379511
9973	0.113888943547739	8.43063845601511	1.68149853295238	0.0952914904552732	0.177037271965937	-5.36917309952649
9975	0.391303246833321	7.75989252376494	3.85893269782568	0.00018559323746336	0.001097351568681	0.215719084845013
9976	0.171151601638303	6.46010725312678	1.6815303484676	0.0952852993595669	0.177037271965937	-5.36912111591263
9978	0.0596202771573737	12.3223858424483	1.33174576946014	0.185491590985785	0.296930337508253	-5.8834597006177
9984	-0.0715481281025112	8.65255487985316	-1.19390245068723	0.234893116347333	0.35731439061307	-6.05435074247381
9986	-0.0983615899215436	8.54456527314916	-1.42240423188163	0.157527601939726	0.260637637774547	-5.76120490337621
9987	-0.236162836045397	10.4550849099429	-3.22699977448406	0.00161653773261261	0.00648499352665379	-1.79530908539526
9988	-0.0817049254344912	9.3696742978745	-1.03507102292019	0.302736755799938	0.434434607871349	-6.22864634501699
9989	0.123532885979383	10.1699456266375	2.06415269634964	0.0411790897809874	0.091583005274894	-4.67694121654494
999	0.0441380265546398	11.5211029228739	0.543591804349717	0.587740360849171	0.701247346614784	-6.61245556111092
9990	0.0304632264322858	6.29990272566914	0.358102806769851	0.72090146475764	0.806933576449616	-6.69552400037369
9991	-0.187753030253201	10.5661703141865	-2.59451823032172	0.0106639071697642	0.0308075114664401	-3.50258387125159
9993	0.0169807508400191	8.94185106516799	0.259510410065028	0.795690332998367	0.860374676078873	-6.72579592708407
9997	-0.174599057962448	9.00468464733374	-2.12848927187656	0.0353608167650959	0.0810433813761632	-4.54757903001315
