gene	logFC	AveExpr	t	P.Value	adj.P.Val	B
10	-0.312426664022414	7.06636842070862	-2.74628779586048	0.00697284019080742	0.0204167529160118	-3.1303932088001
100	-0.491857651067318	8.05409967815236	-2.65167808064236	0.00911075077978196	0.0255360710692226	-3.36958351824356
10000	-0.285676066978327	6.56012024054947	-3.11232907834881	0.0023291896276549	0.00830811608100639	-2.13666219379811
10001	-0.0717066137484248	10.4469524938749	-1.59703419715755	0.112934422764403	0.195195298605141	-5.51174664468693
10005	0.111463120177598	6.79800233371519	1.46030221474592	0.146866172061977	0.240554150551643	-5.71569854293739
10006	0.172100008593071	9.14709028659669	2.94717078664858	0.00386628593647617	0.0125787205679976	-2.59828471791335
10007	0.226590578994051	10.5065695297641	3.21397571889199	0.00168872863085768	0.00632316341381886	-1.84198047181999
1001	-0.0137630690070067	7.65724744648022	-0.102590861817583	0.918461949593568	0.946773456089214	-6.76218490397565
10010	0.0303235706320082	9.84655962025159	0.424316097833365	0.672108396888379	0.762689292251409	-6.6778847082956
10013	0.0193830743277121	7.64700617413961	0.287838129872033	0.773975904739822	0.840320131302134	-6.72620296867728
10014	0.108131959864373	5.28894950349068	1.50755021131662	0.13434406691698	0.224450241248838	-5.64720521706272
10015	0.278466083208364	9.04577161028089	4.31029726313548	3.39887458252331e-05	0.000245193921848406	1.81064611112055
10016	0.0715326370934185	11.5887343849574	1.69591818093115	0.0925399442745671	0.165917069613181	-5.35337872223147
10018	-0.079103366301157	5.15515482906785	-1.26691490415052	0.207682196842829	0.315631084806213	-5.97404076630092
10020	-0.0865128854109302	11.3640565557305	-1.37714452046153	0.171076113156944	0.27107290339517	-5.83113482534826
10021	0.17880684394687	5.81136581255623	1.46260495392015	0.146235616553034	0.239711488931943	-5.7124090659998
10024	-0.325858757438155	7.52453786128001	-3.04049881811485	0.00291050982639604	0.00993421949009558	-2.34006795791568
10025	-0.0874846118634803	10.1294489618283	-0.98777737484046	0.325284127093974	0.445875686989084	-6.28384199412729
10026	-0.502066453415405	8.91960999498417	-5.34673809684742	4.4451238656463e-07	6.49853506729884e-06	5.95288270861374
100287932	-0.113194383407687	12.3237680120109	-3.0836410236793	0.00254708114509344	0.00894510640241148	-2.2183833771768
100288413	-0.00985904274800301	10.7750615595877	-0.104808077755261	0.91670616005907	0.945907917812357	-6.76195606016128
1003	0.740723448107869	10.3884812271095	6.35393777275395	4.0971900751117e-09	1.30667142935995e-07	10.4763534783981
10036	-0.130223480134605	5.82456881233844	-1.08312643782898	0.280962023566821	0.397926366094597	-6.18646624326474
10038	-0.00100764302042204	9.27461374187574	-0.0174641311984674	0.986095861660508	0.990589681518021	-6.76727107261615
10043	-0.103753725279442	10.9144873695321	-1.55070269674776	0.123652651515839	0.210581092552742	-5.58281743032068
10045	-0.347321703118775	6.20496783700321	-3.06364428375014	0.00270996602653009	0.00938152530559034	-2.2749664131845
10048	0.228329341682047	7.83300714870692	1.41221883635009	0.160519081769167	0.258205962105808	-5.78324317566479
10049	-0.116755831024772	9.94755601043034	-1.39521722110782	0.165572432695839	0.264708391054839	-5.80660321565568
10051	-0.0707071696106528	9.8907783829729	-0.857941596251502	0.392665106005881	0.51346947666047	-6.40223969527058
10053	-0.175700401350593	7.61993984784513	-2.73218360562357	0.00725951305322005	0.0211213729551242	-3.16651949245889
10054	0.111821542587303	7.69242005143478	1.51194573685997	0.133222967915289	0.222892792177494	-5.64072653430531
10055	-0.0741944734994444	12.3824133556555	-1.18599575846371	0.238008141373568	0.349937210349888	-6.0715656160412
10056	-0.0751116569557097	13.9167400678039	-1.94236406308251	0.0544773488376353	0.10840349347118	-4.91951655573167
10057	0.548537411103	7.4681545295714	5.9180015248763	3.27203323662434e-08	7.32438876274174e-07	8.46689927208809
10058	-0.309319216462479	8.22751636996656	-4.23007021218035	4.64033390871141e-05	0.000317557233520764	1.51590245805097
10059	-0.0779512044850088	9.15931216688003	-1.05573924823274	0.293245501088118	0.411800040630373	-6.21533636908042
10061	-0.236381017757745	7.2620534447	-2.29702524249306	0.0233815732963761	0.0549725855360196	-4.19920642474669
10062	-0.057366198013794	7.91805210097946	-0.481180096435836	0.631280153358896	0.729469981770384	-6.6523034595724
10066	-0.0678468762166908	6.87052934780036	-0.77273047620651	0.441227965725867	0.560170466860141	-6.47100159078429
10067	-0.023119279153852	10.6552216802279	-0.428672094744979	0.668943905626763	0.75993352502779	-6.6760383445588
10068	0.884402906046191	7.5440206264837	4.9631581775129	2.35997754067614e-06	2.66667776826059e-05	4.35161696477267
10069	0.0907095738541092	6.59208837737548	1.34918667277557	0.179861867420511	0.282283683240247	-5.86847423260278
10073	-0.130042663217591	8.33194234406326	-1.62807481967634	0.106177922159716	0.185732663498359	-5.46301154104766
10076	-0.483163291573548	8.29514280295317	-8.57041494257066	4.66339091616764e-14	9.33362835657457e-12	21.5453378710893
10078	-0.0742841560967329	9.18046923238199	-1.06098770976211	0.290863660764975	0.409433019499167	-6.20985987960324
10081	0.036777590461243	13.9338766143097	0.866248918430065	0.388112745385816	0.509920574560421	-6.39515621059696
10084	-0.025799371725789	7.81753711894308	-0.344606142079943	0.7310043071437	0.807555915073821	-6.70834981962587
10087	-0.0667554496149824	6.08497532126503	-0.779097121054177	0.437483199780708	0.556882605977601	-6.46610968069593
1009	0.686716087612298	11.5372276891538	4.97735612542108	2.22140042438609e-06	2.52390199524472e-05	4.40953564338766
10092	0.31381359367934	12.8057907848457	5.50235552540748	2.21433790330296e-07	3.6580862162565e-06	6.62315534257632
10093	0.141468721723786	9.95573360889512	1.9504329263817	0.0534972916762872	0.106761930235838	-4.90437659109382
10095	-0.344941773327411	8.51335081738238	-2.42269811945347	0.0169269744304348	0.0423430674728624	-3.91749562303987
10096	0.10190967712508	10.9466628423931	1.01423541269668	0.312546909195602	0.432159877278807	-6.25770437373018
10097	-0.00114889073256732	11.3819193339087	-0.0208945426502939	0.983365093676129	0.989353918850771	-6.7672055828877
10098	0.367652635022978	7.22030420684295	3.07400889313102	0.00262437395560478	0.00913884016580754	-2.24567761982362
10099	0.187479859124944	10.3603359240736	1.72975249874928	0.086290979821755	0.157204122921856	-5.29711168547609
10101	-0.0537839052921771	6.18051624769064	-0.553992656794492	0.580632886395467	0.686593917584991	-6.61487683280976
10102	-0.24849718269091	6.73464080474286	-2.2554528443642	0.0259491862604709	0.0598047652096791	-4.28938308895142
10103	-0.00313668451253713	5.29518629787115	-0.030476923226722	0.9757382188289	0.98379269420295	-6.7669605876727
10105	0.0237855720233331	5.59322722085009	0.26002100127878	0.795301026197489	0.856002832724006	-6.73378290237715
10106	0.212458705466168	10.9473676241465	2.90560752212203	0.00437860909728238	0.0139588232896767	-2.71105108254225
10109	0.101194978402497	12.6258062893928	1.96873226844416	0.0513297667674559	0.103159093308804	-4.86982298442904
10112	-0.300133410433568	8.74173373982537	-2.57969940197892	0.0111165935518463	0.0300369848669449	-3.54657811260923
10113	-0.139343559730402	7.85251187491528	-1.20254485503037	0.231561550301513	0.342348023177107	-6.05213072955475
10116	0.1434736228347	5.38968756331379	1.55950725008888	0.121556153928313	0.20742339740129	-5.56946593736134
10121	0.117442539889536	9.58520506037789	1.71417349823421	0.0891240748433924	0.161368886060154	-5.32315109081773
10123	0.221404834164165	7.48463629573449	1.83638100193583	0.0688200790482656	0.130919818732997	-5.11289886507689
10126	0.221591453840098	9.61184917186178	3.2635564216905	0.00143979784511038	0.00554439636392155	-1.6953666027436
10127	0.140662990821943	8.8448488429155	1.97645996864292	0.0504370474043319	0.101646946112044	-4.85514054921667
10128	-0.000772652837759555	8.61015652758784	-0.00974058892365091	0.992244717050157	0.994894557275346	-6.76737564688091
10130	-0.64620958090683	10.1908404835339	-4.77848275025727	5.13664215808002e-06	5.1428683909989e-05	3.60818443862448
10131	-0.328168970408431	8.63756716438784	-3.10850882087661	0.00235717258630254	0.00838873139287333	-2.14758162142574
10133	0.449225792930853	9.34956502388414	2.62539405608953	0.00980181006166242	0.0271141832248264	-3.43471714264932
10134	-0.324545941970904	11.7134391765285	-5.8227245933851	5.10373989162609e-08	1.04091090135386e-06	8.03770102506242
10135	0.172816394386642	7.45654316731674	1.44773072739318	0.150345797848873	0.245576567972591	-5.73356886580072
10137	0.118196232100607	8.71779235328485	1.98065593022947	0.049957865056429	0.100925490093715	-4.84714579956237
10138	0.305975287368095	6.51312044289195	3.90509133287587	0.000157431999323803	0.000875682366609165	0.364299566195327
10140	0.667787982836435	6.15080031691947	4.46289262857632	1.86074142642404e-05	0.000150535986114227	2.38223587463591
10144	0.0264765308892779	9.77791913191158	0.216494231329982	0.828976598164921	0.881367833806442	-6.74410064077278
10146	0.116940227821185	10.1473014629956	0.840584680000089	0.402281813800422	0.522296099024126	-6.41682201796495
10147	0.0734040467219927	9.98786895194703	0.948639972022524	0.344743803595375	0.466434695773596	-6.32125915029061
10148	0.00842162309042213	13.680602262958	0.086617387615009	0.931122549021071	0.953452390162609	-6.76368898281714
10150	0.271834312242744	10.8398976615702	3.46650881266967	0.000736401331276984	0.00313701650146874	-1.07594494272584
10153	-0.160197171861798	10.9707262466067	-2.10034543182191	0.0378295533476229	0.0807004418004558	-4.61244925074278
10155	-0.182263709871525	9.22868956933757	-2.31312485612685	0.0224488817228211	0.0531616293092036	-4.16387990371321
10157	-0.222763193988603	6.89157091510703	-2.01584354064696	0.046089476241768	0.0946541705014928	-4.77947827561354
10159	0.160862943525328	12.5480637703394	3.25609090717812	0.00147495094243351	0.00564816633495633	-1.71756233033624
10160	0.626467066559091	8.52434555772458	5.21081479911862	8.09645174842249e-07	1.07691934689162e-05	5.37696915542399
10162	0.329944992396763	10.1208721838456	2.90454513394936	0.00439248602321876	0.013997659935103	-2.71391534538813
10165	-0.17771232886279	9.93427179099364	-2.54139843669539	0.012338615804486	0.032718127301783	-3.6389892195528
10166	-1.01566796876361	9.1027389383674	-5.81465353593112	5.2987309985545e-08	1.07273328549167e-06	8.00151682322236
1017	-0.0415685923716984	11.0294790366555	-0.617571168161106	0.538048811772487	0.64908473568581	-6.57791452854957
10171	-0.0974457499051972	7.84696177693955	-1.30010350111045	0.196100901827903	0.301862364722042	-5.93223099468912
10172	0.147231140913405	7.97427479394316	2.79219085189197	0.00610969552986731	0.0183379669610116	-3.01168889603135
10174	0.391808947814094	9.21075301537966	5.08383201253181	1.40651863085578e-06	1.73121539495907e-05	4.84727532143492
10175	-0.0165902806781282	10.9831721157179	-0.276206597843409	0.782872877616592	0.847402695467573	-6.72946597931704
10179	0.129365524252136	9.39847360524355	1.95604293285925	0.0528247139380991	0.105703957198794	-4.89381564438647
10180	-0.0595696532729035	9.23286081926794	-1.0793136207791	0.28265059799448	0.399502727487065	-6.19052894318061
10181	0.0593006889475294	10.7797319481625	1.05977630099367	0.29141224527915	0.410125209857618	-6.21112628476905
10184	0.273029574560096	9.3061686810885	2.81353396622996	0.00574255993465057	0.0174666083779776	-2.95591011896001
10186	0.902388220248944	9.83967620006387	8.38130016447392	1.27955391592043e-13	2.29763377076146e-11	20.5616424935817
10188	0.0125935959202427	8.9398828082071	0.153714312532391	0.878097743538388	0.918693776013564	-6.75566443837784
10189	-0.327966599036805	8.18986679089952	-2.48852849965497	0.0142232839077822	0.0366794645889108	-3.76451697665977
1019	-0.0369792983800426	10.6416916914257	-0.563921806192996	0.573878260018493	0.680872511886347	-6.60936721787377
10190	0.121900280246475	9.6621581369618	1.67791595985952	0.0960119684474897	0.171176097426347	-5.38288554961394
10194	1.02286621911025	8.70250215165795	6.28638276056859	5.67879868576132e-09	1.71820062799958e-07	10.1602860782393
10195	-0.134662464158592	9.52585262845641	-1.94918273545192	0.0536481586070858	0.107004728930873	-4.90672622890083
10196	-0.0235308560340088	9.82499306190476	-0.371859625765564	0.710664730384113	0.791650798782572	-6.6986424167704
10197	0.0608810611233865	9.01620532484636	1.01644137656376	0.311500164431087	0.431131259752141	-6.25549446416721
10198	-0.315689915924707	7.51075264986779	-4.20659720712799	5.07924516672985e-05	0.000342456979875925	1.43043166557366
10199	-0.137837924229958	9.58973461976626	-2.06319410030924	0.0412893558073889	0.0862326369074671	-4.68666895972481
102	-0.284481304871363	9.60601282000914	-2.9292945419163	0.00407947360522396	0.0131678202341344	-2.64695453392533
1020	0.349501214300305	7.34168071435024	4.23460254540465	4.55988892065148e-05	0.000312854038900424	1.53244591746084
10200	0.182407760671865	8.68069471200742	1.96455750471659	0.0518175925598491	0.10396242762797	-4.87773254302397
10201	-0.0847480586639746	8.48946056378268	-1.31933596419195	0.18961277358976	0.293735642243032	-5.9075220724699
10202	1.61165381891044	7.09040095937045	4.38736832869395	2.51135652300618e-05	0.000192607287651171	2.0975605257697
10204	-0.385471653671436	8.91904985716351	-4.8396271115433	3.97825425224196e-06	4.1333811476124e-05	3.85226337510806
10206	0.0220803549864798	10.0404376391422	0.159145376885427	0.873826585705416	0.915931960569457	-6.75481894925313
10208	0.0113977349563603	8.44450941094158	0.190671424251728	0.849110899227761	0.895855923824409	-6.74933163389698
10209	0.149220854158351	12.1246174060834	2.40049910950029	0.0179367089522783	0.0443717328379212	-3.96824699235052
1021	0.333775327172679	9.9418534598713	4.53326099754352	1.40312606867964e-05	0.000118992005413694	2.6505601194446
10210	-0.0263146386648425	7.74747356488878	-0.468395865345196	0.640366171165287	0.736380979232253	-6.65833361858141
10211	0.254206371015587	9.45480716225874	3.25795676264127	0.00146609082205609	0.00562466799358257	-1.71201892000197
10212	-0.18397051706461	10.6260236174374	-2.4061364526022	0.0176753527152606	0.0438302051720361	-3.95539894729725
10213	-0.0280477271888335	11.1921972641624	-0.466307123448702	0.641855934823059	0.737478094538665	-6.65930347866617
102157402	0.0426535614228059	9.56144919746466	0.390996416676009	0.69650541195313	0.781994658520164	-6.69138580807034
10217	0.35123897682696	9.97032162022234	4.95950443555428	2.39697761877431e-06	2.69008629498312e-05	4.33672936583068
1022	-0.450971215744132	11.6705899204603	-4.649534559868	8.74837405860518e-06	7.98470383691478e-05	3.10031651445028
10221	0.0580823397290249	10.2283215230001	0.916327669769339	0.361365193188953	0.4833025414088	-6.35102860470039
10226	-0.00570861295631949	12.5500679094399	-0.0792916348887039	0.936935059181494	0.956623434961575	-6.76429385179844
10227	-0.231570722261634	10.5595862546984	-4.39560185526378	2.43097367890255e-05	0.000187311964437827	2.12842721821832
10228	0.0619593207749089	8.68034078300373	1.15997002158747	0.248404167105911	0.362236149699421	-6.10159768462667
10229	0.11233556781753	6.71113339562443	1.74049207107365	0.0843811795425105	0.154508655070081	-5.27903081789332
10235	-0.00130001185459778	6.12811320480649	-0.0186105725621073	0.98518322074756	0.990338737175958	-6.76725048916559
10236	-0.0460457490814114	11.9840008657137	-1.152221293557	0.251560665366767	0.365792808840648	-6.11041345701998
10237	-0.214899732780364	10.8532656589475	-2.77740501504778	0.00637645494233696	0.0189800064229561	-3.05011290613082
10238	0.149229660142562	10.0961133592443	3.24619330760661	0.0015227916582781	0.00580445735919572	-1.74692361411237
1024	-0.00181914553255569	5.5214914979848	-0.0183812426403339	0.985365780552999	0.990393249182619	-6.76725471127872
10240	-0.273355070672243	9.9543731885492	-4.05134304380794	9.15789009622163e-05	0.000563667453016324	0.874007109859525
10241	0.215651286359021	7.43804139516152	2.55200555942586	0.0119886573829478	0.0319439709623062	-3.61352042489972
10244	-0.0208849537532413	10.6411523754133	-0.347828851591819	0.728588822576009	0.805749588228388	-6.70724034345625
10245	-0.185080699798753	9.16468130659539	-2.91361368751495	0.00427531995642418	0.0136664639473931	-2.68943686047803
10247	-0.248384978433644	8.39947053228486	-2.44813146094088	0.0158324873460381	0.0401400692075737	-3.85883118900567
10248	-0.437711487937035	8.19509528507491	-3.92434872172832	0.000146703706999364	0.000824896269445027	0.430597292805184
1025	-0.0636451524947507	8.59701816334374	-0.963635639127751	0.337200569841948	0.458632752658404	-6.3070984975018
10250	-0.101488939220913	10.7592433421174	-2.13987931411882	0.0344250591159597	0.0750662587903452	-4.53212240305368
10252	1.0300779881398	8.97835562729751	7.97876582578177	1.07731571708704e-12	1.36901966509829e-10	18.4861135540355
10253	0.0429820246113441	9.95760853865484	0.741664402458875	0.459765244970535	0.576538776902477	-6.4943015705401
10256	-0.296601264059848	6.49387548493998	-3.68167233704487	0.0003509306590028	0.00169217001947643	-0.386312707539444
1026	-0.576420002287014	11.4915764283232	-5.45169643443822	2.78150692472884e-07	4.36028696023099e-06	6.40370630126065
10260	-0.0430567410961459	7.61723398287576	-0.375101392254614	0.708258857096467	0.789801415759266	-6.69743869987662
10262	-0.0380029370519238	11.083317497283	-0.934627892940666	0.351890022029906	0.473312421750044	-6.3342933273718
10263	-0.459550814370032	7.49848467146047	-4.63369439877501	9.33397832582639e-06	8.3802892360137e-05	3.03858311261526
10269	0.00997183257976818	11.3540874049245	0.254362961282068	0.79965818398801	0.859377647637388	-6.73523057870444
1027	0.261466241244812	11.0109136895812	2.901941390049	0.00442666703699458	0.0141011452856056	-2.72093136646904
10270	-0.0228599822597292	8.41675191864522	-0.453523141913658	0.651005569370943	0.744825368528305	-6.66514532376534
10272	-1.10726205962223	12.1112694766145	-4.63607712004722	9.2435278075274e-06	8.31716118629372e-05	3.04785998041986
10273	-0.201748405991081	8.74318235940719	-2.89803435471702	0.00447841537697119	0.0142440165628733	-2.73144901243207
10274	-0.00102474208963837	9.37047067589859	-0.0189249748774475	0.984932939703721	0.990207653596974	-6.76724461573351
10276	0.103909043240894	11.2781054660675	1.5421607408433	0.125713838364774	0.213174059606469	-5.595701386695
10277	0.103524002661616	9.73462570937817	1.80076836465899	0.0742953140156034	0.139472566765655	-5.1755831363218
10278	-0.134890444390287	8.64087532127841	-1.60439734173028	0.11130144344806	0.19301908941444	-5.50026737282549
10279	-0.389986761819615	7.62751162983674	-4.38157931500474	2.56940043122376e-05	0.000196329764680002	2.07588285546204
1028	0.068901186066409	12.2408519129154	0.864310828037391	0.38917188406958	0.510490672131925	-6.39681480786034
10280	-0.21301708639531	9.73394159620583	-2.46227713284481	0.0152514254468569	0.0389177553880253	-3.82596372065037
10282	0.0867133204379008	10.0499933729115	1.24942890138611	0.213982494317014	0.322759057393673	-5.99564596201117
10283	0.0852433209397732	9.76800305356064	1.57330727921171	0.118326913053226	0.20294441482966	-5.54839332418392
10284	0.209361999343246	6.93242082912661	2.65336283872856	0.00906799475779497	0.0254507769960538	-3.3653889580592
10285	0.176733020759024	9.74520884779446	2.71794661298796	0.00755970855748134	0.0218104061071589	-3.20282000529208
10286	0.114893291902137	8.25616803260267	0.651700832415578	0.51586231728639	0.62930479113655	-6.55642878567514
10287	0.553325477623853	7.85836915678277	6.26026503115626	6.43995785574662e-09	1.90659684188054e-07	10.038532229083
10289	0.146497286903777	10.7933113420472	2.81542098738189	0.00571108950954183	0.0173879835417676	-2.95096067983604
1029	0.128758578418802	5.51265147843923	1.46686231126065	0.145075358582817	0.238377255200729	-5.70631424942723
10294	0.073645426977345	10.8776867277059	1.58756499225723	0.115062523555286	0.198085961768792	-5.52643500159416
10295	-0.145896297248431	10.4126989142124	-2.49957660299599	0.0138094233489731	0.0358246975070722	-3.7384814658308
10296	-0.21000729590958	8.96780027919298	-2.02101273836028	0.0455432932388547	0.093672211691469	-4.76944400679065
10298	-0.085558142531256	9.06483394950378	-1.5070869845615	0.134462644081023	0.224557509120349	-5.64788692287026
10299	0.100399498004823	10.4497965035457	0.882742245600597	0.379171514970735	0.500872655310774	-6.38089302533848
103	-0.0143562722251496	11.1724504326287	-0.240647666851918	0.8102460822579	0.86703363641019	-6.73860777093923
10300	0.110698344835737	8.01735396526244	1.81950183216805	0.0713718110388892	0.135058684806695	-5.1427536223127
10302	-0.0978585429140513	6.67254034330478	-1.22081827875885	0.224590244552395	0.334677145950348	-6.03036571074365
10307	-0.277560773083521	9.22586781909051	-2.9151958503222	0.00425517484942757	0.0136284390291864	-2.68515941970856
10311	0.179660732281593	9.18251622674001	3.64647628440039	0.000396996132415508	0.00186106018941663	-0.501388676045742
10312	-0.215642717401615	8.34141793020591	-2.13731928210732	0.0346372035980631	0.0754292912523071	-4.53736595466444
10313	0.193667916595615	8.80014884020737	2.72806479455415	0.00734522731787349	0.0213331848261727	-3.17703850847748
10314	0.32241739016614	9.88124055533763	4.73499104768733	6.15325255135256e-06	5.98655666362452e-05	3.43583957777568
10318	-0.0212959908222456	8.34891749981709	-0.31955593935969	0.749870407781614	0.82202117694441	-6.71662234856613
10319	0.94832642643323	10.3724464534262	4.97072005385027	2.28515669573684e-06	2.58921732603379e-05	4.38245130661756
1032	0.418806096668788	6.68500559912846	4.06542538092751	8.68633523973368e-05	0.000540279586447291	0.923833165298388
10322	-0.0221018126677707	5.91832506742248	-0.309214404536759	0.757704113621083	0.828300155970109	-6.71985585066225
10327	0.132896370242219	11.0493439172477	2.48769895049589	0.0142548015234051	0.0367492698449832	-3.76646767522527
10328	-0.235058035553944	7.17993006491223	-2.6780264765072	0.00846251033298097	0.0240124820853393	-3.30371378186275
10329	-0.211180540601495	10.0240404956905	-2.34426258693651	0.0207375266356309	0.0499539136804641	-4.09491814325623
1033	-0.128272461011698	8.43252567570691	-0.95324564379817	0.342415508653276	0.463816349864883	-6.31693320279859
10330	-0.484302573342776	11.943355304468	-6.32097494755409	4.80559043471965e-09	1.49789347135035e-07	10.3219266367235
10331	-0.0215418489773435	7.60315046943003	-0.11949413653885	0.905087221076028	0.938137839890575	-6.76031676756953
10332	-0.0626205076074457	5.69418750316581	-0.549061040452673	0.584001736746575	0.689531849140283	-6.6175771658925
10342	0.00568818532335824	11.7574247693589	0.0733135692355653	0.941680804743826	0.95992637877132	-6.76474786977292
10346	0.0447657713492452	5.60505148067395	0.306474446622491	0.759783897947741	0.830024467272628	-6.72069476292604
10347	-0.759554251329132	7.44430862968026	-4.00104623409213	0.000110500594649446	0.000656171755430928	0.697111765164687
10352	-0.0147103038293308	7.05077503568656	-0.085349506925537	0.932128272873066	0.953837900635719	-6.76379749048503
1036	-0.202697303373107	12.6648322558711	-2.72670765144609	0.00737367082653899	0.0214082674963839	-3.18050145366192
10362	-0.284792641391906	11.312408599149	-3.1966851944787	0.0017845843423957	0.00662204252838656	-1.89266845538004
10363	0.11792102876203	7.02768851466609	1.87014861143136	0.0639428028942786	0.123649110361631	-5.05239277971545
10365	0.866328165306949	10.073491280812	5.75391405949666	7.02016140502808e-08	1.38063174298885e-06	7.73009488415868
10367	0.0637025436499497	7.41197966804139	0.830956393177359	0.407677576686748	0.527477566327152	-6.42478420632463
10370	0.291562731283411	10.6278407162181	3.12207110283284	0.00225921896711928	0.00809945688732867	-2.10876526091169
10376	0.0345578839405341	13.5681867586614	0.752261306538665	0.453392887384045	0.570105837995466	-6.48646012746685
10379	0.234518498869032	9.60899359196906	2.57447812091501	0.0112765089610949	0.0304038599771532	-3.5592484617143
10381	-1.0564302831909	8.96807442598611	-6.11236173326755	1.30690804689383e-08	3.43868463257464e-07	9.3538251628617
10382	0.602962844546295	5.29882423382802	6.64252546579542	9.98731869572665e-10	4.16642689023748e-08	11.8443621632874
10383	-0.148194652577524	10.3275097228837	-1.6442974896946	0.102778152479795	0.180935110716775	-5.43718462727147
10384	0.661616605729351	5.36635235563452	6.29043986493686	5.5687993425459e-09	1.69111332975842e-07	10.1792214991028
10390	0.126760909654491	10.3890138790021	1.98448861146719	0.0495235531116668	0.100204217512962	-4.83982937523594
10392	0.0783146848593635	5.46289312060541	0.757024296325213	0.450545227786109	0.568109425912711	-6.48289974764436
10393	0.0796540209078285	9.23259857052188	1.57217022832005	0.118590383528559	0.203311865493129	-5.55013632549133
10395	0.674112007156336	6.440845309137	3.08322758835166	0.00255035496739405	0.00894899406570724	-2.21955640381755
10397	-0.105636349108938	10.0108016571384	-0.62858030643614	0.530839488963836	0.642546040275687	-6.57110929790794
10399	-0.0388037181793334	14.0585269159897	-1.12676554107594	0.262129284825112	0.377079047832711	-6.13896792268065
104	0.332580417462922	8.50093005636839	2.69459286178519	0.00807662153500641	0.0230760615285897	-3.26200393198413
1040	-0.122302618458452	9.11469253940503	-1.32934342346101	0.186300746429843	0.289855747882936	-5.89452569297355
10400	-0.210546719337618	8.64298225034849	-2.86989562583627	0.00486781595332429	0.0152650568619812	-2.80683523823147
10401	0.0366276457531171	5.81796716718996	0.381362688462321	0.703620399603154	0.787094325666583	-6.69508428000587
10402	0.106439967258349	9.39863440224154	1.21378379607544	0.227255701703038	0.337791430827091	-6.03878219537908
10403	-0.0525802780645189	8.63933126758747	-0.44711263169867	0.655613878670927	0.748703254226719	-6.66801379595934
10404	1.03298369010421	8.36130183329467	5.83024045758863	4.92850381132743e-08	1.01116181324013e-06	8.07142081481608
10409	-0.263840924409367	13.2026010442002	-3.80577664956639	0.000225713450401172	0.00117775938112045	0.026385265914878
10411	-0.114468811578079	5.01373158793254	-1.73614221288346	0.0851504925532574	0.155503663163809	-5.28636693080793
10413	0.227845027789635	11.5386570952455	2.70169184199244	0.00791619987277067	0.0226647524953503	-3.24406107064668
10418	0.552695172420067	10.6417857918062	3.11294529364138	0.00232470488112051	0.0082982118919859	-2.13489980511632
10419	-0.00939886730706041	9.06006062667151	-0.141371621998974	0.887817598220798	0.925697218038853	-6.757476787149
10420	0.0775095402818211	7.95105304660799	0.58725026675413	0.558158358403566	0.665952338641261	-6.59603948294632
10421	-0.0231827223862396	10.5405165450815	-0.462331718861283	0.644695365388639	0.740067031521852	-6.6611374365799
10422	0.179374231141613	11.0051046296442	2.66180475417399	0.00885647457268397	0.0249759235132706	-3.34433550537526
10423	-0.13369453815862	8.33411987204688	-1.91604568567572	0.0577800567648473	0.113823818000868	-4.96848977784882
10424	-0.0919610978059577	12.1081122747674	-1.54508048299213	0.125006271620011	0.212410093220475	-5.59130518035178
10425	0.0825567083878968	9.04946197841065	1.52427719419379	0.130116900494118	0.218670518429585	-5.6224540876529
10427	0.08956061152412	9.61485485735878	1.33825603147733	0.183387688137424	0.286294141753	-5.88287096444221
10428	0.0821701934236495	10.0348940028803	1.12109938475383	0.264523413390158	0.379663491677272	-6.14523890546015
1043	0.00771228120647358	5.90274905662353	0.0576134857216155	0.954154019191352	0.968815267181385	-6.76577087986905
10430	-0.110464347326055	10.7783742005214	-1.55054669316257	0.123690054452276	0.210581092552742	-5.58305334502962
10432	-0.156924472803409	10.364338820566	-2.06026106958815	0.0415737111178732	0.0867607008169866	-4.69247607308432
10434	-0.182064320288259	9.58670369101976	-2.08141533534488	0.039559936458019	0.0836786364003168	-4.65042079162443
10435	0.634217973219339	6.8328272825243	7.00411095533678	1.64332058418571e-10	9.23389661590068e-09	13.5958664472198
10436	-0.123625342893018	9.75672901096816	-1.53607622099137	0.127198505943002	0.214902773387032	-5.60483709254708
10437	0.303048686021103	11.4208385148687	1.2448280389834	0.215663177618465	0.324595088762485	-6.00128208230323
10438	0.564428381377441	6.33842030747154	2.36024570857516	0.0199046467770733	0.0483139530939246	-4.05919398096515
10440	-0.114106461047103	6.28178679521935	-1.4637642904134	0.14591895227022	0.239382432125524	-5.71075105597002
10443	-0.323957544177333	10.1364349438177	-3.82341778805733	0.000211818343081177	0.00111911760921488	0.0859161651944538
10444	0.140689090627536	6.17740203539675	2.29172441632693	0.023696032329093	0.055573318295942	-4.21078844435282
10445	0.0118445930290513	10.3459377445565	0.196613462654166	0.844468483881565	0.893239810073213	-6.74818667240947
10446	0.652795463843153	6.89982106066573	3.37036443831031	0.00101528242390101	0.00409884302122305	-1.37321116328392
10449	0.0353389943538309	9.45461322481641	0.489355792734671	0.625498845943161	0.72402192649811	-6.64836230547065
10450	-0.0955705312996939	8.37507510025817	-1.28007646816354	0.203030675840071	0.309758659482635	-5.9575860664663
10451	0.490057006694541	10.7820786821627	1.69117573202699	0.0934445461391737	0.167321038610356	-5.36118099631986
10454	0.0349491215325916	7.24183957198851	0.604808511515054	0.546468267689489	0.656365841371991	-6.58565416232619
10455	-0.0277463995952837	11.4139139081538	-0.417027270746621	0.677416654668147	0.767132104134754	-6.68093215377795
10456	-0.14891377461457	9.3998275540571	-2.30931603761172	0.0226665278457208	0.0535388961983567	-4.17225772101428
10457	0.285305638453374	12.0629584992929	1.04239265876272	0.299361988015146	0.41861012713816	-6.2291427793935
10458	0.110045361137093	8.60246597046838	1.31086035068924	0.192452030586711	0.297131546289016	-5.91845453979363
10459	-0.0212794817791627	9.55112635114613	-0.256644021707158	0.797900810828904	0.858158944980045	-6.73465076975111
10460	-0.0249155226918862	8.082875057844	-0.226966177839172	0.820843037764472	0.875206646471068	-6.7417903663781
10461	0.55313189273901	8.31792615797794	6.67956694100146	8.31631648475994e-10	3.63453831556175e-08	12.0219485902154
10463	-0.0237509973553681	10.4744896236904	-0.467290131186982	0.641154637029536	0.73708243588921	-6.65884757917702
10464	0.0438964991558365	7.6753934616765	0.765611764160609	0.445437027865002	0.563792499259105	-6.4764243138464
10465	-0.140740204485964	9.84437256679822	-1.82348920727287	0.0707620355841636	0.134141512080718	-5.1357245015425
10466	-0.0259059919695639	7.72863024114405	-0.457414893856841	0.648214474738526	0.742614640962583	-6.66338405558533
10467	0.0365505445522982	9.8590029465766	0.554936190714723	0.579989398163594	0.686250168862811	-6.61435745842034
10468	1.0939954495072	7.7990735164124	7.35344455635631	2.77927835436432e-11	2.03157869088932e-09	15.3229741203376
10469	-0.125394179074958	6.42775936991536	-1.21858326873	0.225434655507051	0.335693213356453	-6.0330449521364
10471	-0.215055660986712	7.87033725424314	-2.79863254419604	0.00599669319825417	0.018071027295724	-2.99489306325382
10473	0.0165298457632771	10.6542962157338	0.421137557493246	0.674421226955754	0.764679846049946	-6.67922012295223
10474	0.0951007796100265	8.85187220968387	1.48855149121715	0.139274950913604	0.231331408515257	-5.67499920476174
10475	-0.253960682716981	7.73001793819303	-3.05594020090243	0.00277525288029019	0.00956091686250006	-2.29668245304453
10478	0.0907947600120826	7.5945930467858	1.91886352400895	0.0574185707519057	0.113355017784594	-4.96327631198432
10479	0.31279488836812	7.28245867054301	5.14997135272325	1.05593956240927e-06	1.33569077879028e-05	5.12214524092338
10480	-0.102737267604063	11.4751090922087	-1.45190715164832	0.149182823872475	0.243913326442328	-5.72764862191378
10482	-0.0668439256746115	10.1476841353154	-1.09920891967238	0.273916021962952	0.390565569034004	-6.16917527932335
10483	-0.320607288430307	10.2336458267208	-4.54961375340341	1.31352019850908e-05	0.000112548514934492	2.71333614026342
10484	-0.40716772213631	6.46779609632685	-3.75434339422617	0.000271340081049781	0.0013682961352083	-0.145952896064655
10486	-0.0895252618781906	11.0770082441492	-1.325306443417	0.187631560786599	0.291432247479749	-5.89977986133189
10487	0.115981392638404	12.6607141495321	2.74924669643243	0.00691402194040643	0.020266082763576	-3.12279358840774
10488	-0.151760569516062	6.12786300204596	-1.66835632283049	0.0978981933359424	0.173714087423176	-5.39843246877284
10489	0.0491097894035485	10.2354797727201	0.688887065312136	0.492247498754844	0.607858325566604	-6.53171336751024
10490	-0.100844631333666	10.3763998973848	-1.57532278332883	0.117861035448893	0.202271380180314	-5.54530076214928
10491	0.149455185135299	9.10014525841799	1.16736179537854	0.245419324281083	0.358536190053368	-6.09313421616996
10492	-0.0493431920761154	10.9093150573651	-1.06482232296486	0.289131802298262	0.407478022007106	-6.205841825126
10493	-0.0766114526876215	8.54080099954095	-0.94772276128364	0.345208697553776	0.466861091913443	-6.32211819119741
10494	-0.0707225044411079	9.552414326825	-1.09186556313829	0.277117953885724	0.393703869813567	-6.17710141122997
10495	0.438935532987767	6.36831807444193	5.90361718058111	3.4999830735107e-08	7.59119907150358e-07	8.4018611304336
10497	-0.344831878531423	6.63803232568073	-4.09628230805598	7.73296601768426e-05	0.000487218148787734	1.03346394217047
1050	-0.197433227581659	12.0693437729508	-2.16607337808993	0.0323182364450609	0.0712242884301502	-4.47813770795088
10509	-0.339084986380161	9.73559052026676	-3.75698429194541	0.000268798281639492	0.00135796563079034	-0.137148653288123
1051	0.0280873686584634	13.2146469062261	0.50383659398306	0.615316187514386	0.715846719558989	-6.64121945601942
10513	0.207069787440507	10.2911254149258	2.81145976745308	0.00577733463290467	0.0175332466216573	-2.96134716307652
10516	0.932028046401461	8.28096142873038	4.51823525944092	1.49064437192466e-05	0.000124875481867116	2.59301762864281
10518	-0.392630246613253	7.09224064516265	-3.57401780316806	0.000510442053521436	0.00229643320375112	-0.735522897386887
10519	0.0687455666573793	11.5496176570019	1.08100315378265	0.281901500323484	0.398648586316038	-6.18873041475621
1052	0.462697958033682	11.6297765499792	5.81966129736417	5.17690340956431e-08	1.05323207298032e-06	8.02396441327187
10520	-0.147975541895456	8.22590098926987	-2.34205500674715	0.0208549494686806	0.0501490196830573	-4.09983499286084
10521	-0.258679128404825	9.53997192855498	-2.19354198444183	0.0302299815175253	0.0675844096330966	-4.42087578281449
10522	0.118237274039555	6.76591792814191	1.32004625258891	0.189376260230699	0.293534980203711	-5.9066027847688
10523	-0.118226282433389	7.05696881692601	-1.84296717794395	0.0678452121199166	0.129532216864685	-5.1011791113251
10524	-0.359236149974484	7.05329725975341	-4.32509001230725	3.20793237340982e-05	0.000233664209915036	1.86543128002722
10525	-0.471771857925226	8.66697243048893	-4.93033048384264	2.71334052083414e-06	2.98034477421409e-05	4.21811267125113
10526	0.124661129991471	7.96381335179248	1.00648031528821	0.316245361549198	0.436236921575881	-6.2654358966628
10527	-0.350026215182092	6.33952711288446	-2.1270447038275	0.035500052555158	0.0767618937449229	-4.55835232876665
10528	-0.419191534903679	10.691346625923	-3.32186251423727	0.00119098139844297	0.00471200030870091	-1.52056610309451
10529	-0.149976458951341	9.49920576606042	-1.52912004707246	0.128912753904085	0.2172657309218	-5.61523906572581
10533	-0.0286923948605044	9.48529286360965	-0.510796793198614	0.610448298927388	0.712189682081953	-6.63771245070111
10534	-0.201799200091043	6.60555606502418	-2.29953992893917	0.02323368261659	0.054675275901149	-4.19370342458849
10535	-0.295268415479699	7.98770405438016	-2.24606114714754	0.0265623284411662	0.0608443796239692	-4.30954621933861
10536	0.0369715341112099	5.96341372754507	0.301416257065457	0.763627966952506	0.832302682411909	-6.7222238803587
10539	0.0238978434401437	10.5671060400569	0.341909054845616	0.73302790684261	0.808925919909146	-6.70927041877129
1054	0.167881068778459	9.59182431924929	2.86735296456229	0.00490448890733641	0.0153567393383619	-2.81361584036405
10540	0.0164739014143445	11.0029546458875	0.378283183822019	0.705900357781322	0.788552341628797	-6.69624711724844
10541	-0.104665935089018	12.8163254430881	-2.42804851706067	0.0166912955586924	0.0418930724140987	-3.90520037752361
10542	0.0745474245332268	11.9732979494412	1.60917858944565	0.110251215388353	0.191519461431713	-5.49278627206275
10544	-1.17535157897082	11.2112938266798	-8.56713610612997	4.74591272368199e-14	9.33362835657457e-12	21.5282410357773
10548	-0.132550447308738	9.15645164923538	-2.41971736852479	0.0170595519983339	0.0425973094033367	-3.9243347725979
10549	-0.0708985971350463	11.9562187324974	-1.17989077687209	0.240418408213499	0.352727540291918	-6.07866879659737
10550	0.179949444115311	12.386119992179	2.94060836470017	0.00394332785318712	0.0128034151208041	-2.6161811870529
10551	-0.721573483229882	8.49359417416725	-1.95598163763857	0.0528320237069999	0.105703957198794	-4.89393118730942
10552	-0.137446357295371	10.6920619186489	-1.77565063233611	0.0783699791381625	0.14550146722437	-5.21909627798801
10553	0.0953405664695952	10.2552938261595	1.62425663694555	0.10699108439852	0.186872736137744	-5.46905462317518
10554	-0.0058362641493178	7.76927598689608	-0.0727923682006905	0.942094667136281	0.960133954694897	-6.76478576792206
10555	0.466566036275634	6.58926485889598	3.9459829861209	0.000135483254818113	0.000772853373479016	0.505375523605157
10556	0.125228890058752	5.62135514260692	1.91159917540805	0.0583543725086331	0.114683809680317	-4.97670192396936
10557	-0.0438695107098469	6.84044058207343	-0.509786851065872	0.611153567524592	0.712710499471006	-6.63822429688971
10558	0.116837466244355	12.6115749911495	1.0961841805664	0.275231787759707	0.391765391503564	-6.17244636790562
10559	-0.0189608606388712	9.67019921885455	-0.406164448958201	0.685357883956881	0.772340893755635	-6.6853761813817
1056	-0.500257366602372	6.78733308209727	-2.30136702657773	0.02312674608982	0.0544546529937039	-4.18970165752687
10560	-0.189925951422955	8.0672961697881	-1.20277371698706	0.231473287674064	0.34227879631002	-6.05186011732245
10564	-0.586434797699124	8.05248766090381	-6.68840765488991	7.96022794281634e-10	3.53502595740124e-08	12.0643977909344
10565	-0.104494094153342	9.71422299451742	-1.98315586751284	0.0496742118959974	0.100424407063541	-4.84237502549651
10567	-0.423956100146282	10.3207254868915	-4.65237115453208	8.64732949418397e-06	7.91241987298684e-05	3.11138674453573
10569	0.0492975569565801	8.90456386441435	0.774168629804622	0.440380442782679	0.559277745600389	-6.46990003666298
10572	-0.205470157110097	10.8279724442984	-2.54569248605095	0.0121958537968477	0.0324332750682428	-3.62869019382407
10573	-0.150649728576	6.76124479017389	-1.92990387173315	0.0560205587873747	0.110966382633984	-4.9427805836286
10574	-0.011270267804993	11.5657614429822	-0.15070430651017	0.880466462852502	0.920705530214162	-6.75612038806369
10575	-0.13398164068724	7.30687346014516	-1.78238218551652	0.0772603016736347	0.143822869773894	-5.20749150811612
10576	-0.0508019667361246	10.6878211485531	-0.509153734367626	0.611595875621951	0.712924348382348	-6.63854465087224
10577	0.350802396862771	12.8242100107466	6.08261966031194	1.50534663061057e-08	3.88567599026353e-07	9.21713926524832
10579	0.170251384821169	11.9320259976194	1.55822277803694	0.121860240571048	0.207753475153118	-5.57141826731086
1058	-0.0962272195753045	7.6794111371641	-0.759071095791976	0.44932466143689	0.566975512292807	-6.48136291007653
10580	0.231156133755504	8.61075802971538	1.78958111403598	0.0760879590236809	0.142255894417294	-5.19503501164319
10581	0.705089543107706	11.997060895214	5.41343109765054	3.3018618639747e-07	5.05062574007981e-06	6.23874121032025
10585	0.0619146583560417	7.8843099041639	1.07235672749657	0.285749504600647	0.403330640465028	-6.19790558439636
10587	-0.0431168539007425	8.7426216115183	-0.653344392938219	0.514806154879939	0.628387592627205	-6.55536515610343
10589	0.15264692942918	10.3343249899704	2.72065823271817	0.00750167777789562	0.0216884348776401	-3.19591896945027
1059	0.319433162643554	10.1186204573844	6.18213456991936	9.36856894945746e-09	2.64110510315763e-07	9.67580962486161
10592	-0.108529287375021	8.25870650599053	-1.68758718148155	0.0941338113574149	0.168299844548105	-5.36707105253755
10594	-0.122448154338977	11.200521585213	-2.09141641814897	0.038637450683448	0.0820847074704939	-4.63039952942572
10598	-0.115551081627734	9.61943614066344	-1.4461103058954	0.150798903599089	0.246244804204554	-5.73586144678627
1060	0.107472210001376	7.08407115497557	0.710996898058003	0.478490111474042	0.594335085830916	-6.51637363302299
10600	0.00754066048926799	10.4208955417177	0.137318160606022	0.891013499476047	0.927889315676091	-6.75803892058179
10603	-0.475482166169918	6.42892852080703	-3.32748444492003	0.00116924693318476	0.00464377707598146	-1.50357625679197
10606	-0.158408993016375	11.5931056663814	-2.36077086360743	0.0198777900500157	0.0482771378456718	-4.05801645415892
10607	-0.243338636187851	6.22130118457787	-2.60546954137362	0.0103568120661034	0.0284021472994733	-3.48370741753096
10608	0.362819684263106	10.2030093118999	3.13113223763095	0.00219589414086488	0.00792056139892747	-2.0827519741003
10610	-0.333259800869756	7.81916300440778	-2.65276638940764	0.00908311074147955	0.0254845430450479	-3.36687421415711
10611	0.319726263702121	7.35755910896775	2.33825678371023	0.0210583537860988	0.0505204769890144	-4.10828474800494
10613	-0.18726878980464	7.71700104619408	-2.34547601296036	0.0206732325175864	0.0498281005530387	-4.09221373618934
10614	-0.391799687596156	7.77768795633507	-4.52010771255588	1.47945728973888e-05	0.000124064134144601	2.600181073281
10615	-0.436021345431383	6.53404612411897	-4.13523710687703	6.67186410380988e-05	0.000431555187920671	1.17274863579697
10616	0.115864314397244	9.18713913881564	1.47275823725036	0.143480350397406	0.236603652282406	-5.6978454748055
10617	-0.106072366403851	10.3114923380307	-2.4915763347683	0.0141080194382153	0.0364390996121508	-3.7573449230001
10618	0.0477822440614377	10.3787824276932	0.819219429351334	0.414313816956352	0.533858977440586	-6.43436757355303
1062	-0.478883907539718	8.31847095181369	-3.66966868561406	0.00036604061224266	0.00174667559625903	-0.425657907701941
10621	0.0304068778986158	8.04052818378167	0.473337444230589	0.63684751223827	0.733355702089518	-6.6560219155551
10623	0.00464007206799745	9.13855625614526	0.0842755782114813	0.932980233682161	0.954234996429159	-6.76388814792957
10625	-0.286577100424814	9.3006121304398	-4.25236347974972	4.25736599296618e-05	0.00029575982423802	1.59739992297084
10628	0.958480975643762	11.2970301096502	4.21182615761365	4.97814983597152e-05	0.000336769186282758	1.44944128804731
10629	-0.11282784575354	8.7524304829055	-2.13013622192115	0.0352384972107249	0.0762961957956979	-4.55204757513782
1063	-0.312965789430747	8.52950170072159	-3.39896381297381	0.000923389065197964	0.00379273678693943	-1.28550015866367
10630	1.7168129307366	9.53092713060979	6.76306884811388	5.495576482162e-10	2.59728794597779e-08	12.423865320116
10631	1.09438070902441	8.92046446867632	4.17721410563176	5.68500976676285e-05	0.000377297592507738	1.32393415341789
10632	0.00573125617972398	12.5048074532628	0.101028357969569	0.919699522088214	0.94722170230033	-6.76234323498137
10635	-0.0717873776092481	9.016072910806	-0.697476366924657	0.4868776002825	0.602849494578542	-6.52581121169296
10640	0.180010791545237	7.31875314639994	3.42846482834949	0.000836815403130047	0.00348919496711468	-1.19438844616074
10641	-0.00319754705541066	9.15378474654645	-0.0584275815678747	0.953506939610315	0.968634524803985	-6.76572386454115
10642	-0.142534660088603	6.07929978052814	-0.921712565771029	0.358560415601389	0.480562880556137	-6.3461380595566
10643	0.00693103960703134	11.4597726541875	0.125540120105856	0.900309742424938	0.935573755883558	-6.75957953839552
10644	0.0865248949344819	10.2059695565025	0.863813803497468	0.389443787596192	0.510766225078525	-6.39723956532514
10645	0.0856834953237378	5.20529100972691	0.756641840339099	0.450773508163669	0.568109425912711	-6.48318645876525
10651	0.177470829246284	10.8830819019394	2.98041102514172	0.00349689401728268	0.0115861791346791	-2.50710803984603
10653	-0.280834022704591	12.3753352074124	-4.00163213230579	0.000110260085330396	0.000655214607790696	0.699162769175353
10654	-0.0411801220550417	8.65954863174145	-0.56949350884134	0.570104514270952	0.677465585941313	-6.60623288414825
10657	0.061918763241562	12.3369506063994	1.43644255766539	0.153524154178396	0.249382401870905	-5.74948794680982
10658	-0.31007494334385	7.6756219964531	-3.95360964992539	0.000131726645089729	0.000755289160661673	0.531811704693026
10663	-0.338544490069438	6.82629845187962	-1.72418891609599	0.0872941613260055	0.158646814643082	-5.30643659204668
10664	-0.172283561632145	7.74222415271764	-2.2678777068015	0.0251570858003707	0.058337318560096	-4.2625896165857
10667	-0.0601173085254166	8.68121433858528	-0.76103813483401	0.448153450473462	0.565751220898198	-6.47988208892154
10668	-0.0761739934494969	8.76053717928321	-1.10160294811986	0.27287770726685	0.389421192471352	-6.16658001066168
10670	0.0961892141210446	11.7025376332049	2.09463451272023	0.0383445820627552	0.0815927394435596	-4.62393826492379
10671	0.0679333944948639	10.5447592838194	1.04088814457418	0.300056846184743	0.418878261476952	-6.23068831614944
10673	1.36199295296768	7.69336664850011	9.70482529752912	1.01043153089497e-16	4.39271812904866e-14	27.5267943057416
10677	-0.110794214186626	6.8966762339798	-1.52812496492298	0.129159456787706	0.217530602441932	-5.61672336256447
10682	-0.587779695462719	8.49847043449579	-5.22338455831222	7.66249547439171e-07	1.02681321339675e-05	5.42984533859951
1069	0.0644053958904853	11.138576449127	0.989764681541901	0.324315696175684	0.444991304055008	-6.28190234620165
10691	-0.276510766549173	6.68805642957883	-2.9926244814159	0.00336954494235002	0.0112272856893147	-2.47338654739588
10694	-0.0720944875910265	12.0481859756471	-1.42691899134561	0.156245688765823	0.25272102842106	-5.7628249609078
10695	-0.0397601577068988	7.85742866773039	-0.596024743082527	0.552301030710354	0.660681609510141	-6.59088758020896
1070	-0.135933644113445	9.75829872716911	-2.18758813312855	0.0306723698138567	0.0683262606964553	-4.433343795652
10712	-0.0822536190524713	9.65408540861297	-1.41927409303471	0.158457055250641	0.255585877049463	-5.77346905738895
10713	-0.0425242082221592	9.26013220145754	-0.654317149464139	0.514181591825393	0.628060952212412	-6.55473438426773
10714	-0.303891613643581	6.86167424246526	-3.45517667870878	0.000765059690128613	0.00323879146113371	-1.11133686865305
10717	-0.0155723202674421	8.24187450829747	-0.214682432190153	0.830385734871184	0.882184716403341	-6.74448928901551
1072	0.0673441391803348	12.8814612852286	1.53710527689069	0.126946442387072	0.214660087652214	-5.60329443546763
10721	-0.232937818140172	8.17561819455862	-2.04681752314883	0.0428986373758915	0.0891953018066051	-4.71899466998192
10724	0.329229703657155	10.8985344650873	4.22701431459684	4.69534077014844e-05	0.000320790031111878	1.50475545867075
10725	-0.103213750308753	7.7456491903048	-0.762268832343393	0.447421564726768	0.564927570771155	-6.47895366878067
10726	-0.0911964603702962	11.2848372344195	-1.50188714694856	0.135799332307236	0.22633222051206	-5.65552541681447
10728	-0.0227099948745163	11.959441216719	-0.211634171006164	0.832757781479907	0.884022526028021	-6.74513580566592
1073	-0.020636305853866	6.59121586413472	-0.190968461318309	0.848878701821512	0.895725354758008	-6.74927523204572
10730	-0.323738490308325	9.88102078200981	-4.44975957781335	1.9607920409595e-05	0.00015693936296827	2.33248555815584
10732	0.185450302376368	7.25381326777386	1.89242787008252	0.0608858345718416	0.118758810003672	-5.01190364089906
10734	-0.00647224423365208	6.46828677662947	-0.055084523432989	0.956164344171116	0.970021798434465	-6.76591272404919
10735	-0.000578684494607625	9.86868915013351	-0.010893188390677	0.991327072606437	0.994095134117904	-6.76736381042919
10743	0.462603971541254	7.35437943399927	4.8351114859489	4.05432028270541e-06	4.19657713473016e-05	3.83416704918404
10745	0.22848088239216	8.41370812019005	2.99994866108859	0.00329524165429716	0.0110407606735379	-2.45310772814555
10749	0.11432494009437	6.88403889218932	1.31596249518071	0.190739088864244	0.295093626899917	-5.9118816134912
1075	0.552821261095897	10.256799789741	6.91377239596537	2.58851873769528e-10	1.37058748547199e-08	13.1546254472552
10755	0.278264928991199	10.3128783683111	4.14383914306822	6.45712530282734e-05	0.000421627312263666	1.20363775421556
10758	-0.213421588040778	9.50134860064079	-2.36141715766481	0.0198447821850773	0.0482253312294024	-4.05656697716606
10761	1.67195946316571	9.89926068750907	7.48218802275998	1.43301241651007e-11	1.18366825603732e-09	15.9672234047799
10762	-0.570300428942382	8.94873215299659	-4.96014180748324	2.39048283320098e-06	2.68644737445443e-05	4.33932589971033
10763	0.347230940709663	7.20357979641693	2.77871967886727	0.00635231341732514	0.0189286106879891	-3.04670371577944
10765	0.00786126817988809	10.2925077039945	0.15835332456477	0.874449251480922	0.916112271239626	-6.75494408073607
10766	-0.0250495377850749	6.72756839012639	-0.295333009987402	0.768258868624835	0.835966045954569	-6.72402922484933
10767	-0.00929657609652109	5.63619008683625	-0.0940967029266142	0.925192034960349	0.950560074278918	-6.76301633439977
10768	0.0489586975998489	10.9706856783227	0.987829521526152	0.325258691268592	0.445875686989084	-6.28379114697841
10769	-0.0496871715098278	7.27860833055825	-0.416249948705916	0.677983721878943	0.767571681563696	-6.68125404426436
10771	0.395096587981822	10.4956189422215	4.24190042910734	4.43316510526468e-05	0.000304897115566273	1.55911115186466
10772	-0.192500028614272	8.46539932597836	-2.48045036600418	0.0145328675056162	0.0373728161881663	-3.78348796131053
10775	-0.139452713713657	8.31155878644761	-2.32236324462057	0.0219286023677197	0.0521644362782473	-4.14350699457353
10776	0.131805818273075	10.7232613971086	2.16366861035231	0.0325068774495991	0.0715445797318648	-4.48311908985606
10780	0.0870027559307323	7.3460817963477	0.951643950605058	0.343224051574591	0.464682948042308	-6.31843995708814
10781	-0.00182654325810821	7.93405126829058	-0.0205899540750928	0.983607552920794	0.989477333714013	-6.76721187161272
10782	-0.0892842383664302	8.73873092455866	-1.32549087612229	0.18757060693704	0.291392366616504	-5.89954015837334
10783	-0.36939649595378	7.72080339852949	-2.80023188188345	0.00596893419643398	0.0180005098439374	-2.99071776807219
10785	-0.234717418751612	9.42985011658933	-1.84351754678201	0.0677642714867719	0.129447937668995	-5.10019796697959
10787	-0.103995699552283	9.49633806774943	-1.477838702571	0.142116902557302	0.234871071453245	-5.69052175973724
10788	0.967539850526787	8.58904072442711	4.2037727175826	5.13466988268376e-05	0.000345096608876875	1.42017057792687
10791	1.07008887695816	10.2047190100373	8.61568284135072	3.65988031876771e-14	7.75143882897981e-12	21.7815216389754
10795	-0.315947122802959	6.93801833349059	-2.3576006488881	0.0200404049223182	0.0485863647368208	-4.06512123684733
10797	-0.261714639919783	8.67129394109666	-2.19184525305662	0.0303554843140513	0.0677839443139063	-4.4244321018275
10799	-0.188039610020623	9.89854111102031	-1.91159083509759	0.0583554542477448	0.114683809680317	-4.97671731064128
10800	1.00413469970565	6.5243168621656	5.70682671369571	8.72190416661429e-08	1.67152966162956e-06	7.52076744069567
10806	0.0319383505580286	5.7194463253125	0.372723263034711	0.710023496425451	0.791149882702579	-6.69832275372694
10808	-0.0442403149101396	10.7885726258946	-0.448161670462862	0.654858843150712	0.748047855680388	-6.66754717363554
10809	-0.151117286796165	10.8602406937353	-2.24919240625397	0.0263565085350482	0.060456751041238	-4.30283225647904
1081	-0.185433512836259	13.6365867228543	-4.2909463104054	3.66521033848275e-05	0.000260539048157208	1.73918480513924
10813	-0.181383419823077	9.32404906655838	-2.96057171839629	0.00371324466018529	0.0121856976134805	-2.56163223416797
10817	0.12112400956697	7.41449339901348	2.17296294155433	0.0317830374573134	0.0704394658968094	-4.46383799444144
10826	0.0152360678322056	6.177153166374	0.121923954468794	0.903166773886912	0.936852637486612	-6.76002485421812
10844	-0.050795643343654	8.58955293803356	-0.777197394578933	0.438598647361135	0.557786732440796	-6.46757352330292
10845	-0.0475228522033596	9.11140804498566	-0.86054797132769	0.39123331186459	0.512560555137884	-6.40002454743088
10847	-0.0601436327600238	5.40313703480067	-0.856592782269867	0.393407329171388	0.514005779651323	-6.40338344169711
10848	-0.145335564020781	8.63923988828858	-1.67215861138237	0.0971443978409139	0.172747626731098	-5.39225891402323
10855	-0.384197724053982	9.43773740839591	-1.96276715602842	0.0520279972553387	0.104283246136641	-4.88111974586912
10856	-0.257226425455673	8.56919430296157	-2.69466713065511	0.00807492807209645	0.0230760615285897	-3.2618164310288
10857	0.0316628945451004	11.1014328588795	0.615507430491463	0.539405767098375	0.650068739612196	-6.5791769203871
10867	0.242441558845508	11.9749029344542	4.38336771225064	2.55133240498162e-05	0.000195491703758332	2.082577541785
10870	1.74931239896949	8.7525757921124	5.06497350704868	1.52572699740135e-06	1.84110402755205e-05	4.76931336550642
10875	0.67639197355524	8.57402861021192	2.1504264833581	0.0335628529891347	0.0733798744548048	-4.51045813865831
10884	-0.154990484757545	9.49614661104001	-1.73183002455992	0.0859188032659538	0.156698899310395	-5.29362230732082
10886	1.14465637125876	8.22573352843535	2.9975312889684	0.00331959695730985	0.0111056585125068	-2.45980552000153
10890	0.231486787227171	11.3275489582359	5.68833656977417	9.49550178716023e-08	1.78256465368053e-06	7.43883239633796
10894	1.96085370342531	10.3260576352621	4.44950325166367	1.9627954979246e-05	0.000156947636136081	2.33151558181639
10897	-0.450455570081053	10.7613031850761	-5.46379830013979	2.6343067941641e-07	4.17376450667366e-06	6.45602151208452
10898	-0.177058241726355	10.7971456897004	-2.66003963970886	0.008900328512567	0.0250568212385151	-3.34874245342203
10899	-0.0386128914339897	12.7627268956538	-1.01165553484243	0.313774052338623	0.433406968614887	-6.26028288159729
109	1.04271747037094	10.0956131178073	7.02076501368183	1.51091046074366e-10	8.60697959016732e-09	13.6774625402282
10904	0.16815859669709	8.86025758046222	2.35057016009918	0.0204052325368396	0.0493260815786641	-4.08084633571407
10905	-0.573713536276047	11.2369473264162	-7.49711387105899	1.32675868662052e-11	1.10697239913995e-09	16.0421658070853
10906	-0.0334797238871761	7.22911879917221	-0.509267887947881	0.611516115020125	0.712924348382348	-6.63848691900144
10907	-0.137546181103598	5.72025883289037	-1.38168153532123	0.169681580710062	0.26958450791789	-5.82500544436321
10908	-0.16451105729816	9.53577067191008	-2.92009106774096	0.00419339669917927	0.0134637376618465	-2.67191230287592
10910	-0.0636828390979373	8.51852526651872	-0.978783484324142	0.329690721564188	0.450644607003176	-6.2925722559084
10912	-0.216434763699263	11.2756472308508	-3.11789406227089	0.00228897765461452	0.00818134560366965	-2.1207355215964
10914	-0.0285474721620475	11.1439012888741	-0.592356195444862	0.554746218567225	0.663045756864129	-6.5930507937569
10915	-0.02986532426611	8.59148236563419	-0.398747812745409	0.690800153354729	0.776874002297793	-6.68834317353256
10916	0.152768088519754	8.75449851375251	2.33766986889457	0.0210899401982647	0.050581563890147	-4.10958932056682
10920	0.356478334637544	10.3465591902839	4.68881912738495	7.44535937226424e-06	6.98314865682536e-05	3.25404077697151
10921	-0.084909729104166	9.98016835185214	-1.05089343684948	0.295456350822086	0.414270829704707	-6.22036905837995
10922	-0.0432185867361218	10.2335725424872	-0.49779175666558	0.619557850912086	0.719362925011784	-6.64422637167462
10923	0.327025526431688	10.0501484219246	5.29815090526661	5.51313521554277e-07	7.7446423265958e-06	5.74597663575158
10924	0.658254035033927	10.4184884447472	4.33844125627203	3.04449188562047e-05	0.000225336048165099	1.91499413299415
10927	-0.151067020522297	7.50534522950704	-1.46429285806648	0.145774754418273	0.239200645179218	-5.70999471156132
10928	-0.143634015711922	9.25080144428016	-1.47657778742626	0.142454351438405	0.2352095373568	-5.69234169107473
10929	-0.0257541236772859	9.47353094310079	-0.363619426245975	0.716793293063797	0.796222781160162	-6.70165520445953
10930	-0.0947991028106588	6.59657913200951	-0.380279442602054	0.704422090824151	0.787564492448225	-6.69549439161556
10933	0.0149220404882426	12.7965950481277	0.328664122207681	0.742992508408735	0.816757801364939	-6.71368654371359
10935	0.208413453309087	12.0133817135632	2.82370187291601	0.00557484062336988	0.0170485685113052	-2.92920665968993
10938	0.308147501829833	11.5282865905507	4.30803908000457	3.42896798311687e-05	0.000246718428053531	1.80229484173187
10939	-0.176187996276116	10.2081810888947	-2.83808328433179	0.00534525671105263	0.0164425795738505	-2.89129419086503
10943	-0.221750229748543	7.78920950669106	-3.74531211839237	0.000280205967965267	0.00140699166893198	-0.176024755781878
10944	0.139557891169433	7.83247046241449	1.16853063229867	0.24494968355076	0.357976713752527	-6.09179110673254
10945	-0.141205856757872	11.4326580353843	-2.80482496065846	0.005889864828973	0.0178266258286567	-2.97871530882591
10946	0.0287872730663829	9.82778136463624	0.404135587168151	0.686845019390788	0.773566929392951	-6.68619323609588
10947	0.431899076961414	8.06770502085277	6.30725120872802	5.13493544053679e-09	1.57674969289345e-07	10.2577473727714
10948	-0.399749587740735	6.89742669328884	-4.36134315500071	2.7826245708264e-05	0.000208949808682055	2.0002672522317
10949	0.153334196344744	11.4305523315209	2.09971993231871	0.0378856707271745	0.0807992874274364	-4.61370902146952
10950	0.182038741244626	11.5318309091111	2.45442922527199	0.0155714016755275	0.0395996852955224	-3.84421941522977
10952	0.00410701257512557	12.4607480477575	0.0989198618685326	0.921369856466422	0.948303960808827	-6.76255304094555
10953	-0.0303743265384911	10.7975419118183	-0.431292536519665	0.667043099592453	0.758817794055042	-6.67491856981965
10954	-0.566501980513879	10.3066707950831	-4.96452257657284	2.34630367162934e-06	2.65485867502169e-05	4.35717819312804
10955	-0.0741974883366325	10.7577126995981	-1.19901407093855	0.232926296642867	0.343934789107987	-6.05629925314481
10956	-0.242998110852602	8.01447077020257	-2.77157646976015	0.00648449632656081	0.0192253911189491	-3.06521049113591
10959	-0.0991512600841233	11.7934283523053	-1.5850452113359	0.115634165771969	0.198945679915948	-5.53032952312075
10960	-0.252736933495104	7.63641666480738	-2.50671780359114	0.0135476778596685	0.0352897568971496	-3.72159769985013
10961	-0.148414779881632	12.4316813640375	-2.50570527711633	0.0135845177380427	0.035374563844966	-3.72399422198767
10962	-0.0849261517331557	7.30575662113496	-0.856925363890948	0.393224236803432	0.513903937024274	-6.40310158933556
10963	-0.178709591617019	10.6562876822319	-2.59360201451259	0.0107006912737954	0.0291708613602474	-3.51272943308961
10966	0.314875266893736	8.46647445608335	3.64732546100435	0.00039582029920767	0.00185676831498487	-0.498622558638392
10969	-0.116108389623031	11.1267605321348	-1.95412624112856	0.0530536947480763	0.106004721485029	-4.89742704853777
10970	-0.319894724433109	11.0903570751856	-3.80708839016304	0.000224651134070887	0.0011729572486887	0.030804433444783
10972	-0.165928349454454	9.74563794699604	-1.72910645386717	0.0864069834261571	0.157380745997808	-5.29819596090459
10973	-0.173473227447542	10.1581926313262	-2.32762558520155	0.0216370170293942	0.0516387635546939	-4.13186916197242
10974	0.347229318599986	9.82057882127913	2.47924138692352	0.0145797140600992	0.0374583011310791	-3.78632239954072
10975	0.0426583221953714	6.76259362056933	0.553900824832729	0.580695533686289	0.686593917584991	-6.61492733536319
10978	-0.109412274935626	8.45894468319181	-2.01772781947064	0.0458897376801975	0.0943143153118764	-4.77582335335873
10979	0.342796564722262	11.9305274671512	5.02433186151277	1.81702280397398e-06	2.13493717792676e-05	4.60192795323565
10980	0.112526878535025	8.44302867824628	1.56260234630851	0.120825887770335	0.206587007448348	-5.56475521656208
10981	0.843742620602507	8.21241069297256	5.73290117304526	7.73502618587078e-08	1.49979615716649e-06	7.6365634229745
10982	0.131851263755758	8.90185152165356	2.20588696672235	0.029330374678614	0.0659773678772743	-4.39492468476878
10983	-0.0210919114663129	12.3025237976546	-0.474127113469748	0.636285992093807	0.732811251351763	-6.65565026352159
10985	-0.669199827413523	10.4647019428095	-5.74631888272572	7.27074083602142e-08	1.41977114197487e-06	7.69626569630101
10987	0.149732079643374	11.4148903764959	4.26300384899045	4.08546562090707e-05	0.000285257362879902	1.63640818445592
10988	-0.111663530042117	11.162700123664	-1.70107539210087	0.0915643244831495	0.164739995693926	-5.34487048138773
10989	-0.0347314080735584	11.0371168082181	-0.664414074946853	0.507722456504498	0.622479645984878	-6.54813214714789
10992	-0.263984336626573	9.36759775415904	-3.36124398264795	0.00104634585149323	0.00421189899285287	-1.40105451760074
10994	-0.686992687206101	11.8738326762924	-6.18645402567987	9.17694314905804e-09	2.62289101768925e-07	9.69580342106693
11000	0.0829663118105196	9.26494802743625	1.41458034029116	0.15982661483573	0.257192253758645	-5.77997686625269
11001	0.0965521749095526	10.6369638787477	1.26522811174523	0.208283952693063	0.316254678169982	-5.97613765033889
11005	-0.313118017965107	5.4207674776049	-5.39952612998417	3.51360207939536e-07	5.3154492995981e-06	6.17896698411147
11007	-0.0945100519440454	6.15014912016353	-1.05802230202931	0.292207788534323	0.411041609893309	-6.21295739807234
11010	-0.236366976231965	8.92879783290185	-1.2028856352092	0.231430134238408	0.34227879631002	-6.051727764065
11011	0.0859749646540746	8.21396719928023	1.59622640124744	0.113114731760411	0.195466042749162	-5.51300293660461
11014	-0.472913575959813	11.7069860428415	-7.18956086822437	6.42200040754184e-11	4.17682861151934e-09	14.508754718659
11015	-0.474710003752814	9.30231586254918	-3.87321844668059	0.000176848934157846	0.000963097061114887	0.255121106240153
11017	-0.0359688890792717	9.97946200431537	-0.692205690924825	0.490168939565563	0.60574438073183	-6.52944156571258
11018	-0.0664067425111509	10.3441008008976	-1.14605322873122	0.25409344565007	0.368277217243302	-6.11738961362828
11019	-0.242207160230122	7.71624407968248	-2.26243671731383	0.0255013091062051	0.0589699925020307	-4.27433937333163
1102	0.880969692632511	7.83030168821264	8.99025073555596	4.88300680657033e-15	1.39081504214727e-12	23.7451964571218
11020	-0.187106940958935	6.96745885987802	-1.99510580275595	0.0483371501032235	0.0982443060660989	-4.81949260963095
11021	0.0732621918740267	8.98461154569467	1.23789096512596	0.218215445700513	0.327243932731706	-6.00974181330591
11025	-0.00824198873660257	13.771512284662	-0.19794098050504	0.843432057556377	0.892715119863618	-6.74792607690772
11030	-0.035692986278297	8.22725948301516	-0.545481942778889	0.586452421554458	0.691223887277372	-6.61952187738866
11031	0.131523982367538	11.9440153258753	2.02196476384314	0.0454433058856827	0.0935178941258221	-4.7675933554092
11034	0.0580934594213214	12.0275694676165	0.800400154263049	0.425088561250661	0.544292592765534	-6.44945240706866
11037	0.0901385101283874	6.98509679083601	0.683358263087298	0.495720966785658	0.611325050111905	-6.53547412005652
11040	-0.342572828699411	6.31520532315424	-2.77619009285899	0.00639883919079288	0.0190329174346234	-3.05326219033743
11041	0.339577191543728	8.56434035649385	4.76252731807742	5.48909796024328e-06	5.4169592773727e-05	3.5448346231348
11044	0.156648765802266	8.67535081118593	2.72492569193507	0.00741116973956015	0.0214793901925498	-3.18504607668851
11046	-0.208531852482858	8.31687412010773	-2.80651131084575	0.00586107526097338	0.0177530185755923	-2.97430429148826
11047	0.00574154476863401	10.6498903813958	0.0835586301467914	0.93354904071253	0.954377934270717	-6.76394803136197
1105	-0.0939881880314295	10.2401735367921	-1.4672465884484	0.144970983863265	0.238377255200729	-5.70576327962136
11051	0.0463763556314547	9.51981029129301	0.64868629456517	0.517802433424644	0.630647021540484	-6.55837272997134
11052	0.00924490497772737	5.41167675889673	0.123841586462666	0.901651545831042	0.936271731040101	-6.75979032621879
11054	0.0311418925861823	7.42320831013039	0.392347174818879	0.695509950594173	0.781445984974307	-6.69085988439343
11059	0.357067265180737	10.7364649771	4.37187169399294	2.66964604896628e-05	0.000202677172467477	2.03957748367509
1106	-0.338906214986336	8.44885138723797	-3.68199486345913	0.000350532936341264	0.00169217001947643	-0.385254138012453
11060	-0.163867350480173	8.15865047568054	-1.6427592339938	0.10309671311485	0.181413579671899	-5.43964406354646
11062	-0.123514848419063	8.15976089184897	-2.23666600822744	0.0271883390497058	0.0620598712064182	-4.32963954516971
11066	-0.064914357932235	8.05608168140854	-0.881354044798791	0.379919092214909	0.501619517534391	-6.38210375249798
11067	-0.00491772614737492	10.0656897440131	-0.0428445812182038	0.965897887627461	0.977255824571635	-6.76650927403915
11068	-0.281530672553209	8.62698953061148	-3.5441375016818	0.000565615847569265	0.00250912293282606	-0.830978223006761
1107	-0.00516218137773181	5.54223310132227	-0.0849611779207798	0.932436329993966	0.953916780499153	-6.76383040439284
11070	0.101640951846179	9.75665314594652	1.63166120940771	0.105418652405981	0.184693085121811	-5.45732297364517
11072	0.213463455742433	10.1286606167714	2.2332753567179	0.0274174087869098	0.0624738749185862	-4.33687213480844
11073	0.071264925012345	9.75615273812368	1.22265094511488	0.22389955329363	0.333888844593858	-6.02816521233543
11078	0.0924977513198316	10.7924876687675	1.44271233857198	0.15175247238961	0.247477872050974	-5.7406608660404
11079	-0.187152917067199	9.36349768256089	-3.31611107092266	0.00121360730944146	0.00478491473794105	-1.53792277159206
1108	0.0425294818541172	9.45886957619237	0.871389527011585	0.385312102741729	0.507038070518828	-6.39073916891995
11080	0.321747000286814	8.85164009213496	2.52072499894337	0.0130471325155503	0.0342668726799509	-3.68835533591585
11083	0.107973721711453	7.5608557271303	1.48409434325621	0.140451940094938	0.232631446798514	-5.68147061119205
11091	-0.0934753178581329	7.68941680354403	-1.21274878309923	0.227649801213827	0.338199165112628	-6.0400165464156
11092	-0.203457593620734	6.5805713882118	-2.13792772833196	0.0345866807485914	0.0753490762528495	-4.53612023836577
11094	0.303020302647681	6.12594473096437	3.84154635670724	0.000198388963259979	0.00105858710369989	0.147314433215062
11096	1.12077737529806	7.47971099643363	4.67105130206046	8.00957026452076e-06	7.44196292294055e-05	3.1844041556304
11097	-0.0622115550573923	8.33384880460185	-1.20423729690195	0.23090941737829	0.341873415942762	-6.05012835525001
11099	-1.02173731573138	8.93507028327691	-7.09573231088421	1.03421790417484e-10	6.23550356823662e-09	14.0457137660176
11100	-0.0179207000973952	10.0409566126388	-0.266940020654921	0.789981598137424	0.852750653504328	-6.73196935520536
11101	-0.159232834657899	6.36228424458031	-1.90302306146717	0.0594756404955703	0.116469604194739	-4.99249031352797
11104	0.0492221969614897	8.94396533937688	0.857654376317391	0.392823084842318	0.51348610235758	-6.40248339649759
11108	0.0934665414172264	9.16275606318873	1.40605246487068	0.16233808056483	0.260320820319451	-5.79174731382791
11112	0.00824599485541262	11.8472719957563	0.166325111406411	0.868185949954166	0.911788422965215	-6.75365620034108
11116	-0.193154903346774	6.37745074300893	-2.17748056153704	0.0314362896746808	0.0697847463687633	-4.4544386695255
11117	0.35066648467681	6.98794134745401	2.96068482159859	0.00371197707077796	0.0121856976134805	-2.56132228045188
11118	0.21496957511888	7.19232554569329	2.29621551500887	0.0234293698231114	0.0550416936117463	-4.20097721713134
11119	0.232970139120273	6.36356189436864	3.23864846871232	0.00156022819143202	0.00592255738107927	-1.76925536394513
1112	0.181794419616441	10.1443533009654	2.2487975175201	0.026382387717753	0.060499312201177	-4.30367943891814
11124	-0.149402359995543	8.96217731124586	-2.23655185739914	0.0271960236956598	0.0620598712064182	-4.32988320376666
11127	-0.182765309138146	5.48446504815825	-1.66273350172026	0.0990215727663372	0.175327304344139	-5.40753735915599
11128	-0.133489008076094	8.16008456722518	-2.42478921259352	0.0168345143368	0.0422268716738439	-3.9126931964378
11129	-0.291812077269643	6.75934245688121	-4.31921128289529	3.28254475467332e-05	0.000237423990136617	1.84364307257511
11130	-0.312061531131121	8.28281371715316	-2.28280174543865	0.024233745271805	0.056513477116067	-4.23022877998511
11135	0.15591917235402	7.75504135152895	2.28947322907652	0.0238306989683163	0.0558257440380865	-4.21569977195923
11137	-0.0696252126938861	10.1383273863084	-1.10443684906179	0.271652143489966	0.387977288248065	-6.16350074732021
11140	0.0219643494551735	12.2943833456971	0.377118448876468	0.706763385726762	0.788794158370903	-6.69668447608945
11142	0.169884482263076	6.8635761507535	1.52455180894412	0.130048383547493	0.218599846988664	-5.62204554677124
11145	0.0256638997658785	10.8301500033654	0.249058622409927	0.803748709548224	0.862952149142534	-6.73655886452695
11146	-0.136207423457316	9.43300918556141	-1.8361517841423	0.0688542160420615	0.130954599241867	-5.1133060331912
11151	0.697449831238833	7.15832042749333	4.45440446887055	1.92482720447747e-05	0.000154660240359766	2.3500693704634
11152	0.162899086074221	7.7144970893431	1.92463592396512	0.0566840038194051	0.112038734517417	-4.95257396781021
11153	-0.763537912955333	7.77039751205532	-5.27261072644247	6.17113821755061e-07	8.49789500823941e-06	5.63767643071558
11157	0.243507331588672	9.29639312813702	1.62931605735824	0.105914645991666	0.185429202181255	-5.46104409978631
1116	-0.0682598310891612	6.27672526858014	-0.408844920912808	0.683395017180432	0.770775470229958	-6.68429045708592
11160	-0.25197196802726	9.31589488161187	-3.81576646623257	0.000217741990310988	0.00114266127062818	0.0600701275119562
11162	-0.24148944917116	6.29409331229598	-3.01592542440374	0.00313837418924657	0.0105981074420183	-2.4087248930501
11164	-0.183375853106512	10.1893182151892	-2.1169070378824	0.036369544024995	0.0780697592636327	-4.57896734224464
11165	0.0777528360354749	8.95328072481993	1.28643360639369	0.200811671943829	0.306904030602966	-5.9495791018974
11167	-0.167346646642415	11.5022977534371	-1.85114143342262	0.0666513073555999	0.127676205648714	-5.08657842019577
11168	0.214908508130875	9.80969973135913	2.8762993087234	0.00477656566261422	0.0150245363188094	-2.78973521920758
11169	0.000694390623051025	6.58177958734385	0.00796446879684064	0.993658798660553	0.99597709722646	-6.76739129759518
11171	-0.0799797116166958	11.779108040029	-1.77404924153683	0.0786358894608299	0.145909919047996	-5.22185084994135
11174	-0.358788395162069	8.82063107344853	-3.81807855523544	0.000215935565716796	0.00113606864510875	0.067876085971541
11176	-0.169474969887213	5.42140093885932	-2.99985437649117	0.00329618848501026	0.0110407606735379	-2.45336904830083
11177	-0.0641883480885885	9.0186811740912	-1.0113245095918	0.313931739699068	0.433512930035156	-6.26061326397844
11178	0.374411504103004	6.95712059319283	3.29370802075057	0.00130562913809474	0.00509905280409576	-1.60529315403265
11179	-0.0416823159862713	9.04117187474432	-0.622355319210745	0.53490980974733	0.646147269452025	-6.57497190988429
11180	0.0690849096597563	10.8769048386792	1.37674714883398	0.171198665200822	0.271108315674615	-5.83167073403267
11183	0.254872632296307	8.95585272658101	4.68258369162091	7.63883473371784e-06	7.12957908480332e-05	3.22958199144348
11186	0.330863361062882	7.95841831956642	4.25348101567244	4.23899013727081e-05	0.000294731132439873	1.60149353632208
11187	0.0799825035103646	5.60914637759601	0.601923986082276	0.548380292112175	0.657801512176382	-6.58738116920844
11188	0.145200814623593	9.4023208795732	1.89992844715312	0.0598846603458815	0.117242781336094	-4.99817103638226
1119	-0.254093920517283	8.69990457426389	-3.78828289441633	0.000240345192666455	0.00124086609576912	-0.0324366498100153
11193	0.115770729516558	9.14929589125411	2.06478049322752	0.0411362524751627	0.0859998596418232	-4.6835248578206
11194	-0.0175520896228053	5.71452612391697	-0.189346723673491	0.8501465945551	0.896605065248356	-6.74958210185069
11196	-0.0385456173103513	8.18432411622488	-0.799682953530009	0.425502438735559	0.544653671773705	-6.45002043089329
11198	-0.114080892252179	10.4252077423488	-1.52106459486049	0.130920559764957	0.219708212852203	-5.6272281780117
11201	0.19849715125305	6.96304993383936	1.08154940585808	0.28165959751188	0.398374704700022	-6.18814833293623
11212	0.0123398920640364	9.78805957214844	0.238913208948205	0.811587597030874	0.868131773047788	-6.73902153983478
11214	0.513151842032675	8.65138752273817	4.4412762838272	2.02815664885278e-05	0.000161237477570009	2.30040453801904
11215	0.279194216264816	8.87261119774865	3.26005150864241	0.00145620299823754	0.00558932935197121	-1.70579233159403
11218	0.0927598613891801	6.03937342689185	0.983715502454338	0.327269431577129	0.448002238121824	-6.28779453032635
11222	-0.291981123798819	11.3847849798649	-4.18491815130059	5.5197979848026e-05	0.00036828377507649	1.35180383995944
11226	-0.26993772290193	6.19237639560163	-2.51408600846012	0.0132822735672448	0.0347298447817164	-3.70413192992062
1123	1.07062486285397	9.78566672388587	5.93711097901909	2.99162792233248e-08	6.86681866705962e-07	8.55343244910101
11230	-0.434860067137948	7.87652528915465	-5.05747292289749	1.57582532842298e-06	1.88642278445998e-05	4.73835688193006
11231	-0.346008292289575	8.44597736917168	-3.90970241471742	0.000154797081728358	0.000863409963715929	0.380151439853865
11232	-0.137382185197032	7.67014748492453	-1.44514347870492	0.151069751544213	0.24646181073577	-5.73722813928366
11234	0.219426389051545	8.45415614517156	3.16230841556848	0.00199038580690316	0.00727781618637456	-1.9927638154324
11235	0.189695396563302	10.9587221660844	3.71252251042386	0.000314761351945054	0.00154757664706318	-0.284727491199621
112399	-0.525325296873392	7.05594923057743	-2.16641796402389	0.0322912835026097	0.0711911928320862	-4.4774234936111
11243	0.0637777546642332	7.78449396132655	1.05323288486365	0.294387595026245	0.413109550117163	-6.21794222604555
112464	0.543648280841557	8.89762419380754	4.51763014259863	1.49427710975011e-05	0.000125052977979087	2.59070307732623
112483	-0.0620818671055354	8.23578301701861	-0.86931387863015	0.386441422948065	0.508119413172719	-6.3925257644673
11252	0.102005471460858	10.574626887894	1.92692441585295	0.0563949821339579	0.111646488446596	-4.94832262947227
11253	-0.0914840497072694	9.99809554397086	-1.5585761725182	0.121776517761921	0.20765359965183	-5.57088128013881
11258	0.221172963211004	9.94257157740041	3.29413699533073	0.00130380745446621	0.00509434700751696	-1.60400669634258
11259	0.783601554744109	7.84173215779085	4.24978613167971	4.30003804577716e-05	0.000298222621814604	1.58796190889976
11260	-0.345429647661058	7.73587182024369	-2.88630790580546	0.00463708241366603	0.0146485491450447	-2.7629426820195
11261	-0.154189107426775	10.2214536314445	-2.29783834696066	0.0233336637073499	0.0548792887877876	-4.19742767354447
112611	-0.0219053364937761	8.92082492792476	-0.340063614903064	0.734413608011286	0.809914072386278	-6.70989616479855
112616	0.540435284851968	10.6599164054143	7.10489858451053	9.87276929053181e-11	5.99625546616123e-09	14.0908453340225
11264	-0.371248031766119	6.07734399322708	-4.69270821808709	7.32709910340012e-06	6.90100782144641e-05	3.2693071369478
11266	0.1570768572706	10.1286078291612	3.59959174445789	0.000467294712090908	0.00212704228274106	-0.65331464309702
11267	-0.127430789162683	9.31363227268475	-1.5371499250478	0.126935514899047	0.214660087652214	-5.60322748098808
11269	-0.392661237099631	9.31180015584142	-4.6026855747594	1.05920790314335e-05	9.32735317693394e-05	2.91815316612164
11270	0.116813939697872	6.69484488045232	1.42370248674612	0.1571731900017	0.253961375080994	-5.76731007367901
112724	-0.284969785400579	9.26425588177103	-2.4769591855908	0.0146685143776664	0.0376336261114118	-3.79166960729737
11273	0.00383393510283008	5.59164701211263	0.0372919326515569	0.970315294548018	0.98088414306286	-6.76673073102786
11275	0.222805989417754	7.63842899587425	2.34749660854258	0.0205665605385442	0.0495854611933377	-4.08770753597917
112752	0.256431794531392	8.22213264443073	3.39699210645419	0.000929465102327494	0.00380633700804418	-1.29156665697764
11276	0.0271343869625276	6.0201844536583	0.466588448326358	0.641655198827365	0.737350019798836	-6.65917310346446
112770	-0.0926383565054209	11.2663714887621	-1.13198671855224	0.259936632427908	0.374771411828674	-6.13316203505643
11282	-0.0222189838493736	7.63118743160076	-0.28487796504616	0.77623733954011	0.841854903354963	-6.72704613691342
11284	0.0741066992733548	9.85793197300755	1.39092175162663	0.166868150947385	0.266029678870224	-5.81246185139158
112840	0.148314730934682	5.96335750348246	2.39486697857793	0.0182012416047189	0.0449185108022044	-3.98105590245314
112849	0.185061383800591	8.12444238672722	1.61793338367518	0.108348737504529	0.188787927384953	-5.47903268314318
11285	-0.304149574964051	9.30311923029584	-3.45325590622166	0.000770019962344198	0.00325671525292528	-1.1173263827116
112858	0.00986539418451221	7.5974078833761	0.184756364754353	0.853737506296408	0.899473444133715	-6.7504365233813
112869	-0.105823316802356	6.84620674164164	-1.39769561586948	0.164828326710831	0.263853096634005	-5.80321495918115
112936	-0.166605533021055	7.58608163652934	-2.74102917659401	0.00707849751563148	0.0206748194763494	-3.14388167384239
112942	0.141348690962239	7.98072723603122	2.0595989812782	0.0416381319393579	0.0868731926797413	-4.69378588065582
112950	-0.203830176609642	9.01144227423986	-3.16131248336474	0.00199666457836139	0.00729754398994029	-1.99565012456435
113	0.271264819050162	8.77205870893718	1.51872402274682	0.13150852506989	0.220426220997827	-5.63070029508382
1130	0.322331018386682	6.78907772367359	2.71041316002638	0.00772307581585154	0.0222111744330317	-3.22196073338669
113000	-0.147377408735397	7.19387158580027	-1.49480343081371	0.137636991596755	0.228886964080772	-5.66589043488493
113026	0.15978739341926	6.3582696058868	1.77790152577656	0.0779974726593432	0.144874999812497	-5.21522050867349
11309	1.50693040811139	8.74667721125484	5.96871493083845	2.57882457903874e-08	6.10346447646419e-07	8.69686939056593
11311	0.0997313230666521	8.89409462588039	1.76564683523411	0.0800433171592881	0.147843872928381	-5.2362653372755
113115	-0.294589278719811	6.98082890920175	-2.89310949661139	0.00454443542961987	0.0144095983359137	-2.74468914431626
11313	-0.0428412755668787	8.04008553777228	-0.519185446049855	0.604604482114947	0.706869500675083	-6.63342204522973
113130	-0.287766243727254	9.8728186788235	-2.18191190083774	0.0310993619987722	0.0691655169924228	-4.44520138147012
11315	-0.018391875827598	12.0743268045674	-0.254912208778704	0.799234938779497	0.859258179658811	-6.7350914414168
11316	-0.0617727810260799	10.6893963652924	-0.942745357200457	0.347738580776616	0.469395599600047	-6.32676565698374
113174	0.0297562331735245	8.75106912758471	0.297269124027706	0.766784074422918	0.835131389073484	-6.7234586251903
113178	-0.0262102500219841	7.11604704184495	-0.395896439302468	0.692896802855549	0.779108030436542	-6.6894693412269
113179	-0.103884748538136	6.88230636775249	-1.39385589906499	0.165982239781925	0.264981310513858	-5.80846182819288
113189	0.266908285214687	8.32869219104556	3.66544603502395	0.000371500948898051	0.00176457609999879	-0.439474587981825
11319	-0.0205581674491003	9.0505288550726	-0.410421384667129	0.682241608329509	0.769910713314521	-6.68364858528609
11320	-0.296380401880471	8.34556284637384	-1.89939513747183	0.0599553868140004	0.117325632571344	-4.99914914483422
11321	0.00739217489802465	10.1680821745508	0.144473826721235	0.88537294778674	0.924081444114035	-6.75703553147433
11322	0.0501620088809198	7.54483027867573	0.526181376838566	0.599750410716315	0.702808616795165	-6.6297907554694
113246	-0.482546253036045	10.6030542072471	-4.28902712672619	3.69269270104479e-05	0.000262266910667497	1.7321101481255
11325	-0.0559758543247493	10.0572669474703	-1.33657479841794	0.183934562617191	0.286985169478277	-5.88507523827336
113251	0.152784838229	10.0805645913163	1.54652364481717	0.124657700663199	0.211954015536852	-5.58912928867496
11326	1.46514522284602	7.5104341348334	4.74473702338064	5.90973908488945e-06	5.79056285186084e-05	3.47436772760952
113277	0.115249050842489	10.1478037943016	0.681225187805108	0.497064604381026	0.612524784751197	-6.536917025031
113278	-0.570655705416383	7.88118150579174	-4.35614871054952	2.84004677309716e-05	0.000212681653180259	1.98089791120953
11329	0.173813138860088	8.61163944160345	2.48305795071243	0.0144322839029578	0.0371257131854349	-3.77737027636217
11331	-0.187438715390269	10.1727743734979	-2.28296653859541	0.0242237179327946	0.0565060463498681	-4.22987036396812
11332	0.203066982543129	9.81237703488736	2.66059667715941	0.00888646785370576	0.0250352105200583	-3.34735198165026
11333	-0.0551410789909965	6.30210148127352	-0.725372748800214	0.469660422687222	0.585457205218379	-6.50614201608966
11334	0.16471508172985	7.22400183900048	2.95761141050635	0.00374656397206801	0.0122415420922792	-2.56974119054579
11335	-0.419635630642541	10.1075545607735	-5.0941702293439	1.34506974505433e-06	1.66570855984239e-05	4.89009205353908
11336	0.0532654542328328	7.89174266063457	0.740231830430007	0.460630589643785	0.577448576484696	-6.49535318266698
11337	-0.19466826012017	7.64206978692876	-2.13153017095857	0.0351211091913131	0.0761018787828558	-4.54920202502786
11338	-0.000730613257658605	11.0419544918298	-0.0130128742284623	0.989639511583316	0.993040392569968	-6.76733859050429
11339	-0.0892744913523	9.15824036913387	-0.643426493019769	0.521196703347841	0.633286962290845	-6.56174311964548
11340	-0.376944600843541	9.5958697185565	-4.51411913012104	1.51552428831355e-05	0.000126446773954241	2.57727786021937
113402	0.168296619490678	11.3297152174141	3.61368181550568	0.000445018790948358	0.00203874387866525	-0.607821527517788
113419	-0.0270096100317948	7.60155189396445	-0.480195412305196	0.631978009833682	0.730089281290379	-6.65277367144824
11342	0.37239960782879	9.74057084107478	5.30114542418645	5.44062539986165e-07	7.67831182840602e-06	5.75869545796339
11343	-0.0492037457167664	7.44848603549638	-0.550524260744694	0.583001230959786	0.688925632006843	-6.61677847787614
11344	0.0363359763428551	7.65886321870899	0.485823111337755	0.627994089492629	0.7262995210318	-6.65007337428814
113444	0.246744909767353	8.04762050246455	3.72801457508511	0.000297959700578441	0.00147830546746976	-0.233462479832878
11345	0.234518147718158	11.6464292701852	3.12657534445469	0.00222753169791315	0.00802066775273001	-2.09584215550062
113452	-0.453309479944537	10.4156092525471	-4.70562554099098	6.94721832462145e-06	6.58829200475007e-05	3.32007496326831
113510	-0.105715214323704	6.8442786505619	-1.9936328062778	0.0485002896930047	0.0985031701166016	-4.82232012540452
113655	-0.189345366247646	9.28782981632974	-2.10704155699969	0.0372332760401038	0.0796134765962355	-4.59894131098116
113791	0.616933288505911	8.43377278583611	3.88535865358721	0.000169198484298367	0.000932341214345905	0.296625400221974
113829	0.0905974284565801	8.7177270146791	1.25115022228227	0.213356166019005	0.322297353935073	-5.99353211668782
113878	-0.0439298093928716	8.96186942056004	-0.940193076154558	0.349040457781832	0.470782851286403	-6.32913940644571
1140	0.183991624941465	8.20227475808309	2.09551968553484	0.0382643611946016	0.0814692748704257	-4.62215940656237
114034	-0.0264100767266054	6.98753440625966	-0.412163901236796	0.680967582328609	0.769149764807099	-6.68293623764663
114049	-0.251161208417677	8.81053291725345	-3.48798401380032	0.00068484069379118	0.00295734670496378	-1.00861669266208
114294	-0.145353039061218	8.85382107267289	-1.87748219746937	0.0629226776076164	0.122119670356887	-5.03911493052808
114327	0.210865434062035	6.66737787200733	2.4374979397489	0.0162821786236498	0.0410283085513567	-3.88342570661476
1145	0.00842671085510273	5.7968096781917	0.0854948226209706	0.932012998177744	0.953837900635719	-6.76378513526035
114569	-0.387171564772416	8.7359938857416	-4.11666199630023	7.15915292264906e-05	0.000456990750703873	1.10620995758435
114659	0.104257185731671	7.98635764990088	1.48178710748262	0.141064242470751	0.233458353598157	-5.68481318510512
1147	-0.0176931301421954	8.58595151361428	-0.302851257436336	0.762536806211859	0.831821714119117	-6.7217926536891
114769	0.823890033297888	6.98647115417664	3.8114651416515	0.000221140891346776	0.00115829027427037	0.0455579891896924
114785	-0.0207990609248972	9.50304328482366	-0.274766159022751	0.783976701622438	0.848175497451001	-6.7298607152634
114789	-0.155108856624439	9.42063699554033	-1.66443935213173	0.0986796663318421	0.174875358056429	-5.40477821610429
114793	0.738063415246577	8.88890360316611	5.92372294007656	3.1854763860929e-08	7.18908058719328e-07	8.49279190126762
114821	-0.4466312384247	7.23546189450361	-6.34620764817309	4.2534655710869e-09	1.34327972159514e-07	10.4401039878023
114823	0.0116122601650119	6.1564023985765	0.101204713069496	0.91955983109144	0.947195935255679	-6.76232548626975
114876	-0.701940966862126	9.04879635365722	-8.95316608215459	5.96472129543526e-15	1.58804475345973e-12	23.5500955631546
114882	0.157389202550577	9.39070721218367	1.97293010294249	0.0508431765612827	0.102277362695638	-4.86185387895166
114883	-0.109475159156049	10.4037590697341	-2.18781425214814	0.0306554662203358	0.068307027510109	-4.43287084786087
114884	0.157085116409529	9.66587739672882	2.43045695091685	0.0165861624629002	0.0416861065632605	-3.89965778391348
114885	0.174209821753493	8.7224868520312	2.11146115645775	0.0368441731392541	0.0789449727964303	-4.59000393285452
114897	0.114511716985825	11.4772149628788	0.686639305782142	0.493658056049029	0.608962894708032	-6.53324594470676
114907	0.713510144617539	8.2642846729754	3.60242562757723	0.000462731486185038	0.00211052571832601	-0.644176186721501
114908	-0.0701979521124905	10.9122363956069	-1.03670977591459	0.301992329496285	0.421218615609476	-6.2349691200835
114926	-0.0120678322354543	9.95368243135452	-0.201039264642509	0.841014220870401	0.89064343731106	-6.74731105730071
114932	0.15334995511187	11.1015766864552	3.92356051503499	0.000147128787495378	0.000825772651200698	0.427878816431138
114984	0.174245923234832	6.05091181171763	1.57195796216685	0.11863962010505	0.20335406973806	-5.55046157749119
114990	0.546904365602368	10.23215907526	3.21623348783937	0.0016765721340155	0.00628334202675499	-1.8353448239594
115	0.389425766658109	6.64915021181921	4.52994401060816	1.42200854028659e-05	0.00012022303523815	2.6378459121754
115024	0.013632173021064	8.15048093540782	0.169408967719677	0.865765238058153	0.910171931571891	-6.75314103194401
115098	-0.181128531680248	6.22507268388157	-1.69371787878068	0.0929587530862518	0.166523378983396	-5.35700124416249
115106	-0.176803697049438	8.53346027474307	-1.49899700080555	0.136546763996981	0.227302755061481	-5.65976002329709
115111	-0.0889005622763846	6.51874473341422	-0.309246496030523	0.757679764834708	0.828300155970109	-6.71984598081658
115123	-0.13522804100627	6.10040126625348	-0.778075236725202	0.438083006022725	0.557474292057882	-6.46689753772205
1152	0.121066445383091	5.91977341811494	0.858177866945045	0.392535179892488	0.513434772115907	-6.40203916320499
115201	-0.0401060876758766	7.71733633825037	-0.583346467032819	0.560774104589728	0.668185287971545	-6.59830717147486
115207	0.48586763012835	9.59302533973834	3.84702163505335	0.000194494912123703	0.00103915134161823	0.165902465425204
115209	-0.116933608710791	8.67330722018801	-2.0137682269151	0.0463103225963551	0.094989636117679	-4.7835000619485
115265	0.234943195861759	8.19981676989627	1.92600555060165	0.0565108792381765	0.111776786998884	-4.95003017773473
115286	-0.361639454320078	7.00196320020876	-2.70423025955085	0.00785954228920419	0.0225403885850211	-3.23763504800033
115290	0.303619277834865	5.91662822801841	3.21060163968779	0.00170704879890138	0.00638307970978968	-1.85188972023919
115294	0.0494299065875305	10.1443635433161	0.794865127561042	0.428288847909015	0.547456806519416	-6.45382309878076
1153	0.072299812753824	12.430945558841	1.12938733490966	0.261026640605344	0.375948684883553	-6.13605580125203
115330	-0.277913323952616	6.97955753843967	-1.34035073940957	0.1827080259311	0.285556914700262	-5.88012082213641
115353	0.11818683037884	9.93924995515113	2.19434624965456	0.0301706500249739	0.0674816055256659	-4.41918917215508
115399	-0.0849054950569289	5.71108678084184	-1.23916574246423	0.217744791918644	0.326775432639534	-6.00819068096746
1154	0.512319799074468	7.37715885098733	2.91380740253069	0.00427284875634941	0.0136638523915781	-2.68891325190153
115416	0.0565171029556645	11.1424957172183	1.08541141424185	0.279953411119811	0.396981146068608	-6.18402478645711
115426	-0.0669035657911879	7.6120179570284	-1.04499064498885	0.298164672644192	0.417430541701869	-6.22646879745448
1155	0.119701334048918	9.96379311809999	1.57748393244011	0.117363113000684	0.201575494105861	-5.54198050955564
115509	0.118004167732397	7.83293142374866	1.53727888326396	0.126903956967703	0.214660087652214	-5.60303408446325
115548	0.121492635883828	9.00491970067164	1.61392997307032	0.109215416502703	0.190200156085246	-5.48533080748148
115677	0.975119094535818	7.47214406737506	6.76021566077601	5.5741135865867e-10	2.61603285370489e-08	12.4100964108355
115703	-0.0637867803016074	7.16155969165553	-0.764444167667707	0.446129595386481	0.564064052945406	-6.47730899498052
115704	0.102502515771599	9.45905157793014	1.34721230674563	0.180494921222557	0.283008361673941	-5.8710830680495
115708	-0.144695679975962	6.01710565888913	-1.89846953547156	0.0600783048465348	0.117510489706933	-5.00084611835049
115752	0.0764023575898623	9.39919937900893	1.0927845257642	0.276715849623762	0.393267879885112	-6.17611236798192
115817	0.0835849561642373	9.87692136440821	1.00716542015182	0.315917464148762	0.435857400011487	-6.26475522273032
115825	-0.393224967355862	7.74433600047607	-4.46250082497015	1.86365369273784e-05	0.000150624065577442	2.38075015314717
115908	0.270456150177818	11.5290771963322	2.93984749526436	0.00395235111169748	0.0128276700128178	-2.61825394129224
115939	0.304589679817733	7.05492317350111	4.0696367499304	8.54988858774019e-05	0.000532996828186671	0.938759021135714
115948	0.821792719062476	6.93975262422087	5.86365736883113	4.21825386879863e-08	8.88846350925425e-07	8.22163139060058
115950	-0.0579233044949203	7.31493209322815	-1.01758967707152	0.310956215650442	0.430749227385473	-6.25434224304075
116028	0.0296183426160092	9.92461028961006	0.413587686694788	0.679927277483505	0.76839503516401	-6.68235195465155
116092	0.17686135922792	9.08529494027319	2.42189031374509	0.0169628131766987	0.0424198718860223	-3.91934983535888
1161	-0.0827473673532169	7.03522624617105	-1.31242949689615	0.191924006427104	0.296538027139522	-5.91643569938303
116115	-0.196685175957696	7.8049736053762	-3.77241331795706	0.000254394156722542	0.00130272519189597	-0.0856144448101563
116138	0.0458416058981058	11.1179915568275	0.927390796936501	0.355617912419888	0.477393784590976	-6.34095052005768
116143	-0.243592415287109	7.40627243191485	-2.28691256099638	0.0239846957220107	0.0560910494518145	-4.22128091998195
116151	0.139287480139179	9.82366912176811	1.41497972577613	0.159709729013539	0.257054240384223	-5.77942393572815
116224	0.186778710321856	7.55732773199136	2.49650751400396	0.0139232970413108	0.036029584449006	-3.74572434896506
116225	-0.278818914409799	7.69850802850369	-2.58075549476885	0.0110844970825303	0.0299796810418141	-3.54401253583102
116228	0.0708891257700196	7.94306962626677	0.739884119894212	0.460840763107028	0.577624385927777	-6.49560812374083
116236	0.443933611559603	6.70836556210145	4.40455700254085	2.34636076272265e-05	0.000181980656338865	2.16204610569132
116238	-1.12459467033273	8.56553146780287	-7.30734251881109	3.51998640748887e-11	2.48505023297932e-09	15.0932447856571
116254	-0.247040672394531	9.36782034095038	-2.60232463853431	0.0104469568233926	0.0285734646891466	-3.49140975565033
116362	1.02474816534548	7.04704313408057	4.2512378237315	4.27595272146827e-05	0.000296801424196033	1.59327735911336
116379	-0.191531537142119	6.13268457467677	-1.35599710079987	0.177691017915287	0.279673743898679	-5.85944683825496
1164	-0.16960765763646	11.4591092992093	-2.01535842857713	0.0461410192704795	0.0946893960681144	-4.78041872863785
116441	0.499697563765548	6.59513291647549	2.96249036233735	0.00369179557454007	0.0121297468033911	-2.55637290740294
116447	-0.0867205473613929	7.5809903476099	-0.677386821662087	0.499487356855382	0.614776570947021	-6.53950219078952
116461	0.0475536592493047	9.80188430570712	0.847800092061429	0.398266816186172	0.518386999952377	-6.4107957768416
116496	0.251410579496792	6.28711409928318	2.05385829398171	0.0422002946286949	0.0880016242446402	-4.70512625653477
116540	-0.347976580265899	8.80754619533279	-4.0722566075193	8.46604362462975e-05	0.000528567803019212	0.948050119917952
116832	-0.402962999895773	9.24175070587313	-3.16352527522822	0.00198273912799806	0.00725628054818964	-1.98923619853251
116835	1.03573376009865	6.45258308619549	7.44195875367355	1.76327704452853e-11	1.38711127502911e-09	15.7654899084496
116841	-0.0841504820890696	7.57113598798396	-1.43867901642763	0.15289036869823	0.248695243294088	-5.7463435443913
116843	0.476959627462965	9.98706188632262	5.46654939009229	2.60192242713703e-07	4.1410171961757e-06	6.46792375383827
116985	0.259863120439491	6.85061117599173	2.85708640573315	0.00505515251487597	0.0157568150086323	-2.84094095514371
116987	-0.32918911181457	9.8274724675418	-3.82236770955605	0.000212622142456385	0.00112128429158875	0.0823666375036263
116988	0.0845184975866714	10.011607769655	0.830477986442301	0.407946813839458	0.527660614205124	-6.42517746487517
117143	0.0504281053105219	9.0158034687922	0.756683461211404	0.450748662276509	0.568109425912711	-6.48315526430972
117177	-0.250795242551073	9.40390484556735	-2.99312358352059	0.00336443294004335	0.0112147764668112	-2.4720060069473
117246	-0.124337527664576	6.527225764296	-1.38933031048684	0.167350160073867	0.266598326366469	-5.81462799838638
117283	0.0277952174483769	6.31864355821965	0.240794512591041	0.810132530420617	0.867024449504314	-6.73857260241576
1173	0.16663017722571	10.5712493331065	2.23061855758786	0.0275980765866978	0.0628544454046564	-4.34253230906818
1174	0.048424344910847	8.17814468809653	0.333281118436479	0.739513936230746	0.814017205925635	-6.71216691370711
1175	0.215868107892852	12.8948447241421	3.67157790484054	0.000363596813906706	0.00174008855414691	-0.419406730204074
117581	0.165816133869865	6.3139360207488	1.43966847229272	0.152610612871092	0.248435881418056	-5.74495088904242
117608	0.0193858205625739	7.91787408003546	0.0941186257804415	0.925174657868369	0.950560074278918	-6.76301428095127
1178	-0.877725408430872	6.89054868033051	-4.51285068981673	1.52327184961479e-05	0.000126709219313376	2.57242946641357
117854	-0.380806477875052	9.33392566223901	-4.80429697167298	4.61238796854903e-06	4.71127112013466e-05	3.7109782910314
118	0.147863587624382	11.6256976645907	3.29297076100293	0.00130876554413267	0.00510644207260129	-1.60750380776278
1182	-0.327552895143266	9.84342303132688	-6.08709301388739	1.47370990918462e-08	3.82793831756759e-07	9.23767564159192
118424	-0.116184091402467	7.62531622919175	-1.42597950830246	0.156516159410047	0.253048243634172	-5.76413599203343
118426	0.424342248668516	5.20551724586494	5.02628854299143	1.80183538549161e-06	2.12313270815416e-05	4.60996689206502
118429	0.930362962294568	9.92929304746033	6.02914152497645	1.93938084203125e-08	4.86908381616356e-07	8.97223503021828
118472	-0.0823271877053359	9.44110491308518	-1.24103754747996	0.217055052806135	0.326095805052505	-6.00591027541588
118487	-0.37066167280825	8.35587088085809	-4.55184857790705	1.30171225102142e-05	0.000111652577294257	2.72192757008999
1185	0.0750173183858755	7.27034020767679	1.08281036738357	0.281101736823484	0.397926366094597	-6.18680356195385
1186	-0.0569138794143835	11.0900153339308	-0.969829479044002	0.33411649157968	0.455488070712685	-6.30118576723029
118672	-0.204372833239472	6.01187644027956	-2.78375470141173	0.0062606224483465	0.0187229331728248	-3.03363381976875
118788	0.780657974251563	8.80477004354527	3.96826936325682	0.000124783161718068	0.000722797276150943	0.582735664569362
118813	0.0658492381537373	5.98484418929517	0.751666821581723	0.453749034166811	0.570293217014281	-6.48690294846727
118881	-0.120574445991462	8.11272988525129	-1.69649608286376	0.0924302003490813	0.165828291677544	-5.3524265368707
118924	-0.0295049135082861	5.34594927162079	-0.504905082184933	0.614567775827278	0.715379062617434	-6.64068419398674
118980	0.0318465586819355	6.29076404236115	0.252316406096983	0.801235764958312	0.860737081357219	-6.73574637958406
118987	-0.0362703562639469	6.97354053377676	-0.592984764622329	0.554326879636766	0.662721092169589	-6.59268109103365
119032	0.0622064762941561	9.6243380029011	0.83212223588759	0.407021914502316	0.526873895810773	-6.42382492636769
1192	0.0481132754962407	11.6833263570442	0.851764350394619	0.396071357793856	0.516587622829188	-6.40746321326715
1195	0.0692463820564533	10.8332873119386	0.666119891207119	0.506635498009822	0.621629413779134	-6.54700683002161
119504	0.407807582069598	7.87279948709482	5.85815819950959	4.32780308025607e-08	9.07300848804954e-07	8.19688035937783
119559	-0.309747470993316	9.6510370167259	-3.28266129149187	0.00135336761950031	0.00525814512562208	-1.63837346481363
119587	-0.353399887860869	9.54391580472751	-1.12127551676106	0.26444876295058	0.379622311778205	-6.14504443836176
119710	0.108035352524466	8.15324689195716	1.36090910058026	0.176137604786342	0.2775460922425	-5.85290852303047
1198	0.0936297444058583	8.69365034688409	1.15258396885173	0.251412297852104	0.365707112961876	-6.11000212747649
120	0.505544438128613	10.7902853170252	3.95273660516504	0.000132151582598965	0.000755936338135356	0.528783510412144
1200	0.00343868577544541	10.5257366005131	0.0351717479838978	0.972002257288532	0.98162839530545	-6.76680719448901
120071	0.429461591935644	7.16708465597217	3.50355829169283	0.000649594823708724	0.00282402802307056	-0.959578070458265
1201	-0.490406653771689	10.2290380005724	-5.66138431468161	1.07449434735246e-07	1.9679209111156e-06	7.3196675667187
120103	-0.122284564453067	7.45803687547015	-1.55441770455591	0.122764591698843	0.209208897757879	-5.57719272276647
1203	-0.220795727987371	9.12888521182997	-2.46134955717478	0.0152889367220255	0.0390014259802133	-3.82812417092548
120534	0.254160445878558	7.81445573604102	3.23645868126326	0.00157125328196769	0.00596166840103497	-1.7757287354072
1207	-0.0246250061759928	10.8270400436192	-0.512450610011505	0.609294186716128	0.710943633602941	-6.63687210619561
1209	-0.0861600500823396	10.2638650849985	-1.23854451224547	0.217974060622296	0.327000679393419	-6.00894677999499
121053	-0.232385493289077	7.7870969524022	-2.44671677514302	0.0158916693928067	0.0402530478946899	-3.86210881894359
1211	0.128795092603199	11.5248284287719	3.02781710866011	0.00302612321909774	0.010282096992903	-2.37555946457747
1212	0.148171608044965	11.6049339968256	1.73763497332085	0.0848858391253937	0.15515756388045	-5.28385132809747
121227	0.357523323910702	6.13190676767783	2.85311836296029	0.00511451100821696	0.0159163378023235	-2.85147934660255
121260	0.168831868996524	9.15843108961349	3.00499842322736	0.00324489566362892	0.0108954626754369	-2.43910148406822
1213	0.189475630573896	9.54485135236134	1.38065870263403	0.169995210538756	0.269813489255379	-5.82638896636492
121441	-0.1867717467875	6.41246002237903	-2.11710929489147	0.0363520186650533	0.0780524237518431	-4.57855694246303
121457	0.280218346149468	8.05946301239376	2.98397173422264	0.00345931597637545	0.011493946084015	-2.49728909385343
121506	-0.714019528463222	7.91006915690959	-3.66674863903599	0.000369808371773339	0.00175957209150218	-0.4352137603085
121536	-0.0337112135403854	9.62745117063208	-0.597547450924587	0.551287679840978	0.659660471604589	-6.58998579451153
121642	-0.362132110641957	6.93013751169257	-3.31257906970113	0.00122770065915481	0.00483586430358547	-1.54856929403598
121665	0.100728838382991	6.83911756390356	1.23529100241236	0.219177658266758	0.328388800523022	-6.01290059358529
122416	-0.0956740416305261	11.0568911906558	-1.39925354955362	0.164361884218207	0.26331054376307	-5.80108210457457
122509	-0.150519197862136	8.07322594802561	-1.35975866376374	0.176500506101068	0.278064882776048	-5.85444191218901
122622	0.236081345295482	6.60345544497094	1.60591414752451	0.110967405916913	0.192642028767067	-5.49789637034345
122704	-0.129087924106852	7.90156083997399	-1.63162116456524	0.105427106095562	0.184693085121811	-5.45738655695686
122769	-0.246851424156104	8.45166263782082	-2.33547790250963	0.0212082767229102	0.0507916398176975	-4.11445890666358
122786	-0.124187059880074	9.75969412138795	-1.82341429578133	0.0707734515312069	0.134141512080718	-5.13585669277689
122809	0.27553466777423	7.86234156253102	5.30592417585085	5.32683618768699e-07	7.56008022513652e-06	5.7790016341435
122830	0.0604483301666208	7.64803165613464	0.993805165788686	0.322352603675272	0.442665420840856	-6.27794693993148
122953	-0.0365460448482106	7.00002855664739	-0.563110024400472	0.574429083220685	0.681134686678561	-6.6098213237968
122961	0.150356491031297	7.1549266429305	3.07302758499108	0.00263236913719085	0.00915510276766164	-2.24845424862621
122970	-0.37120299027752	9.01438712768117	-3.47454019601661	0.000716705156146363	0.00307212485198182	-1.05080474763949
123	-0.328298545260449	13.0371924676166	-2.64107305683873	0.00938409645831927	0.0261690198331253	-3.39593274716858
1230	0.341775676547376	7.61585952315715	2.15859919957166	0.032907676720308	0.0722726428369433	-4.49360344838874
123016	0.116754304658053	5.42783792419883	1.40812317321121	0.161725500147627	0.259590484107928	-5.78889557892567
123036	-0.450583146714007	7.2649808898976	-4.20237499412366	5.16231152681848e-05	0.000346672302532688	1.41509466338599
123096	-0.0771638474339955	5.72173849187722	-0.599623022290627	0.549907895015148	0.659143951510071	-6.5887529062084
123169	-0.198226240429775	8.39821691828384	-2.47452132482689	0.0147639044449688	0.0378256360779908	-3.79737663114325
123207	0.126273160709102	7.38059844054111	1.43296605695291	0.154513366852908	0.250496645771348	-5.75436644127432
123228	-0.0348090770053916	6.37464785683415	-0.370950014771347	0.711340323266322	0.791976151796713	-6.69897829642081
123263	0.191647617173505	7.91232030687055	2.55249345946952	0.0119727767215586	0.0319119508615922	-3.61234664501306
123355	-0.117106388413453	7.33085390170453	-1.37918932016269	0.170446535245176	0.27038378742561	-5.82837477299786
1236	-2.29828840634728	10.7895659634391	-9.19050522036496	1.65364904085328e-15	5.0589411397956e-13	24.8009839426501
1238	-0.308673441921112	11.9095870070463	-5.10238759941008	1.29809938802968e-06	1.61480435920559e-05	4.92416439484915
123803	-0.0901937648732593	9.70368423885207	-1.81538863164354	0.072005392194076	0.136070587857028	-5.14998932180031
123811	0.241876839883125	9.93567736023438	4.76488276603447	5.43562890459777e-06	5.37060942009301e-05	3.55417779275754
123920	0.314047599258634	10.0954568618764	3.15564833484522	0.00203272519184647	0.0074147652245499	-2.01205082887558
124152	0.283786792930855	8.42655351487222	2.91303575214219	0.00428270041264299	0.0136794684487359	-2.69099883181805
124245	-0.11803934854127	7.15727375570511	-1.46449805058049	0.145718805893402	0.239196609038057	-5.70970102409476
124359	0.402564268940155	9.88486905443446	2.38456626964827	0.0186940118264938	0.0459424390618383	-4.00441181784425
124402	-0.292013274647092	8.95291167718695	-4.33776232776416	3.05260601578864e-05	0.000225680606238924	1.91247113799317
124454	-0.281158075226025	8.60492861256856	-4.64104296075575	9.05773678544972e-06	8.2036080973481e-05	3.06720447046331
124491	-0.266017875152578	8.62934416521899	-4.71740044487417	6.61760625060904e-06	6.34123290371585e-05	3.36643536296156
124540	0.178897025946158	8.17552459043725	1.86919665323036	0.0640762320820572	0.12377681875533	-5.05411276305456
124583	-0.191135780922042	10.1526767659007	-2.78136454620651	0.00630399720439204	0.0188321941802091	-3.03984075912584
124790	-0.151596947285213	5.95868646259546	-1.76944564614101	0.0794044582285352	0.146827715462447	-5.22975643644425
124808	-0.115244338187401	8.79491804146138	-1.74608527270095	0.0834003502668746	0.153017968281738	-5.26957217798685
124935	-0.179146600074407	11.661331457164	-2.06806443630906	0.0408208651646719	0.0855649043335251	-4.67700921409394
124936	-0.314883925001524	9.08215123342161	-5.00580095683725	1.96717137179322e-06	2.26939043729218e-05	4.52589430744827
124995	-0.0224648707495358	9.25062657358347	-0.33393956943309	0.739018278628481	0.813689987700032	-6.71194846839687
124997	0.0132781531724666	6.09946010312556	0.11928446947534	0.905252961458424	0.938191902339596	-6.760341681212
125228	-0.401863258308556	6.7752150731201	-2.98296160719654	0.00346993838449846	0.0115158400102641	-2.50007562333781
125476	-0.0220277415980127	9.47466137157287	-0.296019743386035	0.7677356663382	0.835692630449737	-6.72382726104786
125988	0.0505341483748531	10.8222752392813	1.00490624420223	0.316999582960419	0.437131311394501	-6.2669980630705
126119	-0.011456503502212	6.27247569723666	-0.123914958374474	0.901593577759898	0.936271731040101	-6.75978128009554
126133	-0.00704483181926173	7.33177875610465	-0.0891466545608296	0.929116587205794	0.95217158936971	-6.76346774434132
126208	0.0685976626242027	7.92970072698672	0.94233260838786	0.347948904974284	0.469540590604083	-6.32714996368364
126231	0.136253691567983	7.40891564880665	1.37588954559442	0.171463382592655	0.271371439014242	-5.83282681629895
126282	-0.467473157380887	8.64947980040153	-3.20558933974438	0.00173460599414774	0.00647439923708103	-1.86659413249363
126295	-0.100609064866432	6.32440295992598	-1.73671214857309	0.0850493682835981	0.15535333525487	-5.28540671635904
126299	0.201992535231164	11.3037780568217	2.83184469815571	0.00544376599854265	0.0167234220888986	-2.90776103524787
1263	-0.166504715652601	5.27018418226554	-1.56198889560654	0.120970350211837	0.206662894053728	-5.56568959709962
126308	-0.212168846617127	8.00420583424802	-2.39236342160486	0.0183199364985953	0.0451979317438462	-3.98674088162213
126321	-0.549377544304739	9.58939400226639	-5.05798995696131	1.57232113925323e-06	1.88495974023682e-05	4.74048985120196
126328	-0.1379015289178	11.2559789065411	-1.89739739638605	0.0602209471550508	0.117739249662185	-5.00281077714554
126382	-0.339470341233973	8.29034426621441	-3.17687381808158	0.00190063164180186	0.00698985634963642	-1.95046450975135
1266	0.371847090809123	12.1586135282319	4.47258632051594	1.79007056337883e-05	0.000145388228648074	2.41902373935562
126626	0.00212335087248323	13.738975494103	0.0519414224983781	0.958663252986946	0.971363894709541	-6.76608014179334
126695	-0.194113506413045	6.6699350042976	-2.53218099582145	0.012650137361506	0.0334261467069863	-3.66104415868976
126731	-0.265283791778599	9.03478807364184	-1.6573130371369	0.100114365279286	0.176848729086164	-5.41628682923931
126789	-0.496504558999898	6.52238331846104	-3.83101252790927	0.000206090275252289	0.00109332413203848	0.111610803642628
126792	0.327861325619258	6.98169598137566	3.69316177509571	0.000337022858600847	0.00163849841791818	-0.348557832032675
126969	-0.123670975625874	7.500623201281	-1.08202083941329	0.281450942105231	0.398215961252006	-6.18764574542969
127002	0.0356897092826998	6.04312033314956	0.478652737811949	0.633071987932571	0.730562301488318	-6.65350840902323
127018	0.130242102114508	10.7455857028077	2.26102759664863	0.0255911269510425	0.059128030381989	-4.27737814091406
127253	-0.223750386867545	6.90734042542765	-2.13507659284138	0.0348239789240955	0.075736194289897	-4.54195474499332
127262	0.18751040946521	9.332065492359	2.28515050560801	0.024091171462282	0.0562763224769371	-4.22511812260233
127428	0.0523444219345976	6.422279717002	0.824504809112459	0.411317416097798	0.531022484677682	-6.43006867585456
127544	0.256583880090477	7.79696876650464	3.07869345818834	0.00258651549265377	0.00903366510330662	-2.23241218273319
127687	-0.153699808647543	8.96487215551091	-2.58535721936841	0.0109456137371928	0.0296654219900193	-3.53282259415029
1277	0.143102784841342	12.3793406744779	1.0576128760838	0.292393700145452	0.411233094364283	-6.21338439606503
127700	0.164627388323276	7.09062876113131	1.24125530500871	0.216974915081333	0.326094031763429	-6.00564476543304
1278	0.107351653223727	13.4038339077886	0.986769020250837	0.325776234459853	0.446328030625043	-6.28482470069353
127845	-1.16185034609892	9.76307729775297	-6.60014203288364	1.23086057947845e-09	4.81843999359812e-08	11.6417062053025
128	0.0195692311790089	7.18963445365803	0.305488624036764	0.760532624943122	0.830565655698489	-6.72099477560523
128061	-0.0329220783126627	9.74731364618938	-0.501879687699978	0.616687933706115	0.716836804448706	-6.64219684608877
1281	0.154673613550235	13.6142690036607	2.00372798904401	0.0473915475385133	0.0966373871174798	-4.80290263711379
128178	-0.345157757174267	8.20627961874098	-3.98828873071279	0.000115863477834506	0.000679228053167507	0.652509106662882
1282	0.140700208196308	13.1741437873122	2.02529334446218	0.0450951900834759	0.0929964584925702	-4.76111651104814
128218	-0.155393369886736	6.9726532519439	-1.74967351326848	0.0827760514513533	0.152075219081	-5.26348895642023
128240	-0.0485851821028616	10.0054820593914	-0.996472395834473	0.321061025717704	0.441699545707567	-6.27532719110119
128272	0.289834383702519	6.08998942721274	2.91991529954672	0.00419560057404273	0.0134637376618465	-2.67238828739172
128344	-0.178551129486682	5.63792057864107	-1.98833017572362	0.0490914574747907	0.099508083126815	-4.83248273089066
128346	0.776863745808547	8.52608852864881	4.72031404682092	6.5384147337612e-06	6.28723000010099e-05	3.37791897826367
1284	0.365320036738699	9.54168323678959	3.56075247000772	0.000534278135388693	0.00238547967476249	-0.777979647111727
128637	0.158747672475566	8.40539232677756	2.23458098547406	0.027329002653212	0.0623240093637579	-4.33408829370837
1287	-0.0758766644668847	9.53691092762974	-0.861228381963279	0.390860062051483	0.512222139579691	-6.39944517708915
128853	-0.121104327377471	5.85283912907893	-1.46704849609888	0.145024781063425	0.238377255200729	-5.70604731828143
128866	-0.0392401535443716	10.0187913945603	-0.613190632457607	0.540931181068819	0.651420258875702	-6.58058910768413
128869	-0.590866854195123	8.6566592240637	-4.83393975905952	4.07428760962775e-06	4.21196691558513e-05	3.82947319759679
1289	0.00799495556961556	11.9066937204635	0.072764353036979	0.942116913172172	0.960133954694897	-6.76478779733509
128977	-0.00344543066581265	7.15221941425706	-0.0520768176631708	0.95855559898811	0.971363894709541	-6.76607313261127
1290	0.335208971938854	11.3886340133103	3.17034436150786	0.00194039127023985	0.0071233919520805	-1.96944687838899
1291	0.648997375067139	11.2935156326544	4.6128586195108	1.01622663640294e-05	9.00647212091018e-05	2.95760110682631
1292	0.440052173845916	10.6107820547845	3.29273920005443	0.00130975208897106	0.00510644207260129	-1.60819805242089
129285	0.312516522868966	9.23044102557636	4.41702265351566	2.23328931756593e-05	0.000174687213665669	2.20892511642937
1293	0.442036821376772	12.0781792771096	3.85634252348628	0.000188032613434674	0.00101248330310978	0.19759306406945
1294	-0.140567515737219	7.7680036043444	-1.61231241142085	0.109567165588967	0.190601174538364	-5.48787130680733
129401	-0.0313816141521062	8.28095130094126	-0.361278831766888	0.718537480108436	0.79730246986777	-6.70249869104269
129531	0.112010349678941	9.29442998528667	1.71280441363214	0.0893766339410944	0.161649002923898	-5.32542873276476
129563	-0.280190709933742	6.72914777397604	-4.9349482713627	2.66069240672491e-06	2.94602135114581e-05	4.23685748779458
129685	-0.0656376954467947	5.56319513569684	-1.3069547738948	0.193770967683105	0.298665458679314	-5.92346921517094
129787	0.149126267069501	6.89235954584747	1.78184334913028	0.0773486473308388	0.143863955629977	-5.20842195880285
129804	0.342681894533562	7.46281785448565	1.72988475425038	0.0862672477844327	0.157195558504173	-5.29688966987966
129831	0.0230941235154268	7.87497894964088	0.241883525361592	0.809290552760543	0.866347844194153	-6.73831112267323
130162	0.294206679653044	6.94423474789192	2.40490280449181	0.0177322559418951	0.0439317438752409	-3.95821288146549
130502	0.218617846308709	7.80478989042257	1.44030641536432	0.152430452010303	0.248240444322773	-5.7440524967096
130507	-0.290597923285192	8.23464249612783	-4.13377682400114	6.7089911596538e-05	0.000433278084274749	1.16750962859311
130557	-0.161200525710629	7.57968902010703	-2.86886847618639	0.00488260024198438	0.0152998019722272	-2.80957500131309
130589	-0.137835925173898	7.33218194551498	-1.73924726804968	0.0846007505652492	0.154745444205762	-5.28113198026539
1306	0.687335805661466	10.0451662895156	3.6768317169852	0.000356951443847679	0.00171619262292307	-0.402191378217237
130612	0.113473464471231	5.19399896198481	1.41126794150702	0.160798561535042	0.258504499470504	-5.7845569147325
130617	0.227356598534761	9.53728463646978	2.97511678665633	0.00355346281796657	0.0117500411835084	-2.52168873581626
1307	0.241411344278191	8.612934146447	2.2157642707838	0.0286274797260838	0.0647488999281085	-4.37406459187259
1308	0.22239874953466	8.72155367363583	0.756125653144816	0.451081715179419	0.568289215385157	-6.48357319504488
130814	-0.0714473635722225	9.70415953343804	-0.947335970168466	0.345404866331675	0.466946676906651	-6.32248020659521
131118	0.0515141577535281	7.46022359501778	0.886047451265856	0.377395279960647	0.499232484044733	-6.37800280453426
1312	0.0679481627020615	12.0072096937291	1.03204232345331	0.304164292686029	0.423104927178612	-6.23973100981057
1314	-0.0261281398472211	11.6213898332444	-0.57623128089348	0.565557051683277	0.672787160141311	-6.60240164956728
131408	-0.136313868152	9.38108672632061	-1.51439482288367	0.132601506126008	0.221942946423673	-5.63710889357644
131474	-0.0779173611648194	9.42227341606277	-1.08313636211249	0.280957637489001	0.397926366094597	-6.18645565024616
1315	-0.108468737154	11.2180105772881	-2.60257909217218	0.0104396370242641	0.0285629022260423	-3.49078686835477
131583	-0.294336412088926	11.1952564002054	-3.32685804848358	0.00117165008642082	0.00464833319588663	-1.50547044306657
1316	0.165484101572424	9.92519651361259	1.44365106279722	0.151488575245437	0.247096293745519	-5.73933606495594
131616	0.20428616646254	8.49582357489466	3.14914536135742	0.00207487201238464	0.00754997481158463	-2.03084982928276
1317	-0.391361254979493	8.90051495637439	-5.88145557534675	3.88203181806036e-08	8.28568031451643e-07	8.30182476060834
1318	0.325582875531565	10.604919700558	2.75802376861257	0.00674219327773889	0.0198752735453688	-3.10020836731994
131870	0.12778537176394	5.86738205852065	1.38140971061372	0.169764887061067	0.269644848745195	-5.82537322143409
131965	-0.389262116656637	7.46754732571005	-3.18921781789584	0.00182752829259873	0.00676569668734665	-1.91448855782764
132	-0.437838886677268	10.7053173358047	-6.147192811233	1.10705667050236e-08	3.04809603278317e-07	9.51433069457008
132001	-0.184271937944302	8.20945744624253	-1.8447855022467	0.0675781042556777	0.129181935003911	-5.09793652699896
132158	-0.0890928664393778	6.59621551015961	-1.14159735182245	0.255934300594252	0.370101071937767	-6.12240648800948
132160	0.710786872573535	7.73120703722713	5.48415005162486	2.4037617258196e-07	3.8855326526947e-06	6.54415418164164
132299	0.292966134230498	7.74252593065173	1.85347058118802	0.0663143450146917	0.127251816068204	-5.08240699066004
132320	-0.0658970721385618	5.96653800724401	-0.759913744955018	0.448822717591926	0.566428670329918	-6.48072901373977
132321	-0.0530207300404679	8.4283735348462	-0.647815968337615	0.518363274092022	0.630869055296448	-6.5589323009051
132332	0.172311962311623	8.7057744871489	1.40630422790022	0.162263506620755	0.260251760133482	-5.79140080781912
1326	0.0549780144623246	9.94224114971088	0.47795270565528	0.633568679825833	0.730802582790305	-6.65384104020256
1327	0.0378053662899992	12.9232702072185	0.903677074736053	0.368009017945685	0.490124877173712	-6.36240669550634
1329	-0.0455346651507604	12.2361558756987	-0.664883541155969	0.507423185639559	0.622226174789602	-6.54782272860593
132949	-0.107618642319736	8.42855566565751	-1.43831243316563	0.152994115622378	0.248815001976932	-5.74685927434926
132989	-0.319006532325741	7.18400101573592	-2.80850564501787	0.00582719358391128	0.0176568668389975	-2.96908468754759
133	0.242356374947341	13.8329826937371	2.28052905884608	0.0243724058936799	0.0567887370047378	-4.23516933516586
133383	-0.356756949712571	7.65823806268279	-2.72549809877718	0.00739910537340835	0.02145948398327	-3.18358652304016
133584	0.667021885446838	10.4966261129396	5.48712887198669	2.37171785199201e-07	3.84879950048212e-06	6.55707002636882
133619	-0.0344384051168437	10.7197958749176	-0.651161863338089	0.516208909953526	0.629541650113114	-6.55677700023822
133686	0.303737469689407	7.8051228839665	3.01185297728745	0.00317769114584953	0.0107002563655594	-2.42005714256837
133746	-0.222095051901005	8.40212478464031	-1.93733780721193	0.0550954806116265	0.109422618382312	-4.92891780892986
133957	-0.0555034984593877	7.39335521753531	-0.701437403822747	0.484412062087191	0.600336629083301	-6.523064942283
134	0.242714213294276	8.70249051053035	1.20379560756131	0.231079481839483	0.342002601683234	-6.050651194892
1340	-0.102047486663604	12.5668981552907	-2.03499220562837	0.0440938025951092	0.0913627451061156	-4.74218760594305
134145	-0.00721506285999122	7.1413076181423	-0.0905283540782172	0.92802095300391	0.951520987067067	-6.76334419627697
134147	-0.0931434272358907	8.41568207494831	-1.08575498941565	0.279801969229243	0.396902673163928	-6.18365724640599
134218	0.192786733920324	7.3092980813583	2.42335141174919	0.0168980399960354	0.0422834929922	-3.91599566726449
134265	0.0787595468308585	7.9487180712678	0.804450412828087	0.422755738444056	0.5420618440776	-6.44623514494036
134266	0.102070828448871	9.33118317861791	1.42689504690612	0.156252577741689	0.25272102842106	-5.76285838528248
134429	0.627299910572804	5.97854966720895	4.30529437317591	3.46589009681854e-05	0.000248941323475836	1.79214856448573
134430	0.0336463582588736	7.84103862562781	0.563121509919801	0.574421288114708	0.681134686678561	-6.60981490340286
134492	0.17847807828142	9.55881912739937	2.29428335125451	0.0235437685533267	0.0552741645797116	-4.2052003608474
1345	-0.0262913964004358	13.2875355302275	-0.615393924403289	0.539480450316149	0.650068739612196	-6.57924623045493
134510	0.256420544794857	9.84731311271953	4.03236081204421	9.83239458877574e-05	0.000595858982415903	0.80705018145779
134553	0.162279513902974	7.20160476068371	1.63278686644003	0.105181242715534	0.184418820808812	-5.45553504241668
1346	0.609339902646945	7.26446704545171	2.45688026850056	0.0154708307419569	0.0394240560185478	-3.83852347242044
1347	0.027079219206808	12.8546771729832	0.523139151931881	0.60185903955774	0.704257779677991	-6.63137578918804
1349	0.00648068637326161	11.6137459745577	0.101361230877203	0.919435855333244	0.947186351341057	-6.76230970809741
134957	-0.336979137495833	7.48294168719352	-4.1397019874408	6.55956386419176e-05	0.000425959099986037	1.18877566139839
1350	-0.0875193497400595	13.2018978022397	-1.71026545855602	0.089846547456838	0.162285694728511	-5.3296480191804
1351	-0.0502773140862336	12.3924782969569	-0.822142335915892	0.412655142220501	0.532250386436812	-6.43199358612748
135114	0.0520641088376612	9.5659271009614	0.425793732043502	0.671034280136623	0.761889093323506	-6.67726049468324
135154	0.286252193127035	7.97076789218472	4.09496974689198	7.77139411859313e-05	0.00048889349139055	1.02878794868512
1352	-0.147731295208533	9.00451294476231	-2.64780346914745	0.00920977356966756	0.0257350235742402	-3.37922122283534
1355	0.0169302629081915	7.51810627798683	0.224153478386346	0.823025784836475	0.876793322419471	-6.74242159994127
135932	0.640083349740957	6.70284810968129	4.66172007156308	8.32223716049887e-06	7.68922583285466e-05	3.14790499995043
136	0.265868713677738	8.41980966823039	2.31156058765261	0.0225380445865692	0.053342191485691	-4.16732216800196
136051	0.0704798293173398	9.93528950599751	0.636661010668555	0.525579618654706	0.637300007352888	-6.56603826126929
1362	-0.0083859932399322	10.7983996941199	-0.116683272934448	0.907309534881525	0.939050220499759	-6.76064713016865
1366	-0.758638269099377	10.7357344474866	-6.65951703187527	9.18322766544972e-10	3.90997219157808e-08	11.9257697488181
136647	0.272299647818409	8.75088682042919	1.69831156330789	0.0920861279159493	0.165426580379674	-5.3494332356486
1368	-0.22806768494395	6.49220216396163	-1.91559800570317	0.0578376633233125	0.113882979511457	-4.96931739754455
137075	0.490884673909768	9.19092615453031	3.11060164237494	0.00234180452545595	0.00834122698588449	-2.14160112322128
1371	-0.0160955938254014	9.85255596481205	-0.186971592381276	0.852004206511369	0.897876339089552	-6.75002681061484
1373	0.457914822683059	10.4556455286746	1.93464999627993	0.0554284520582478	0.109951732469051	-4.93393579654428
137392	0.172135060716052	7.34858463829943	2.73410074481581	0.00721992741437724	0.0210210082632203	-3.16161855879552
1374	-0.133814954966291	7.03110244640084	-1.75206297195475	0.082362453731542	0.151416396132325	-5.25943148396073
137492	0.176857397790414	10.6703512881273	2.93305474487725	0.00403375280051217	0.0130406254920668	-2.63673821092609
1376	0.0854371681803025	10.4728371822662	1.29147252249797	0.199065575806067	0.305231419372214	-5.94320507947065
137682	-0.0624964629050573	8.07648174913493	-0.783095633033291	0.435140834756086	0.554390971238526	-6.46301705427069
137872	0.58810709098381	11.4537111200936	3.53740693605381	0.000578797282767296	0.00255863201949054	-0.852390681548659
137964	-0.174411993304345	5.93975546991517	-2.04959909602824	0.0426215720419873	0.0887738319392234	-4.71352101789449
1381	0.602897211020071	5.38272899963842	3.21195467233976	0.00169968014423522	0.0063584048874017	-1.84791707870927
138151	0.301636792927844	6.48586655749697	3.11825271243888	0.00228640830597478	0.00818134560366965	-2.11970825960778
138162	-0.798498289401147	6.65243916626817	-6.61095141070682	1.16703721445887e-09	4.7000853553123e-08	11.6933358176005
1382	0.174014835372518	8.85323254681959	1.09546712607225	0.275544347056817	0.391872642336313	-6.17322052816766
1384	-0.116013352280617	7.44634450598139	-1.31879174789643	0.18979413700464	0.293906931319521	-5.90822609715566
138428	0.0445689432824181	7.13079566723179	0.454502309480029	0.65030285931213	0.744284552849964	-6.66470359926423
138429	-0.122097712869495	5.72331487554411	-1.27370396614716	0.205273141843864	0.312636078729322	-5.96557367519709
138474	-0.210733179172449	6.720880639344	-2.59329796680889	0.0107096350401916	0.0291856105021388	-3.5134714313292
1385	0.120537422789101	13.6573456053468	1.95519881653603	0.0529254544415401	0.105825285327311	-4.89540652524265
1386	-0.103752258671357	6.57312105671144	-1.33390578230323	0.184805255635818	0.288125974245349	-5.88856908048653
1387	-0.0421688927085998	9.88744746414213	-0.674974423433345	0.501013291238828	0.616141802927592	-6.54111954079969
138716	-0.0616467016745898	9.42721294598439	-0.922474783375291	0.35816452992283	0.480188121597562	-6.34544353434514
1388	-0.105294143918589	6.75395478642343	-1.90580065390764	0.0591105234447095	0.115818163227539	-4.98738414413544
1389	0.338847227924158	7.15728306207223	4.34157335062902	3.00732703602865e-05	0.000223587050563426	1.92663712484249
1390	0.199680006698136	7.36388605174772	1.01934905171515	0.310124033534463	0.430091423269756	-6.25257438232421
1392	-1.11500706385355	11.1757111950076	-2.85837729864644	0.0050359782644557	0.0157148396163219	-2.83750983805754
139221	0.0312067581318034	7.00309667426834	0.175385586138948	0.86107746528871	0.905820155792759	-6.75211568744867
139322	-0.44438353545657	7.29042052666132	-3.57076245174201	0.000516196757667432	0.00231601587090331	-0.745953634240678
139341	-0.0369618679354874	8.924828252624	-0.654427705677861	0.514110633935859	0.628060952212412	-6.55466263651545
1396	1.20279787675933	8.32521673316599	4.41709033371409	2.23268999119646e-05	0.000174687213665669	2.20917989582287
1397	0.837280320983825	9.05501211452972	5.44128650480508	2.91453929903275e-07	4.52321284192263e-06	6.35876002368229
1398	0.143282877895173	10.1451308778072	1.97528338877587	0.0505721119905844	0.10180980868687	-4.85737949268172
139818	0.874285649184509	9.39478283232214	4.60976087873777	1.02913277517114e-05	9.10132411446858e-05	2.9455826560605
14	0.103346471689699	8.74899356751635	2.37165417733002	0.0193283775911597	0.0472204669928953	-4.0335598337048
1404	0.330758383518564	10.6814668506055	2.59454320214258	0.0106730482287916	0.0291243403930687	-3.51043206703519
140459	0.273702531398228	5.83203762978004	3.32103262193404	0.00119422161051589	0.00471974665208674	-1.52307208163616
140460	-0.139463091113309	6.48848779459826	-2.04985323129368	0.042596334854247	0.0887602739394752	-4.71302057907454
140461	0.265515888285077	8.72746346742842	4.30992200163603	3.40385779814098e-05	0.000245339139726392	1.80925809019068
140465	0.15811962157582	9.16437916163098	1.46696249679228	0.145048141263309	0.238377255200729	-5.70617061859461
140467	0.224540776989444	8.78835423009718	3.16271512058345	0.00198782705052607	0.00727167911308473	-1.99158492444876
140576	0.377710222460641	7.25885799476844	3.63243591319357	0.000416923032314371	0.0019412538032225	-0.547049707575339
140578	-0.0691859128852803	6.16035892536134	-0.51733703218058	0.605889964759182	0.707937754438397	-6.63437339848317
140606	0.00831331607889433	8.88512385960473	0.0638459728327245	0.949200972736281	0.965447609260151	-6.7653941381543
140609	-0.00778680682368731	8.95365357081353	-0.0835191651457385	0.933580352167965	0.954377934270717	-6.76395131284072
1407	-0.0173625465544848	9.71192147780847	-0.233315316636389	0.815921085419018	0.871751153222234	-6.74033656349981
140700	-0.0537641324114904	5.63572766408201	-0.937887197756283	0.350219340875847	0.471679725360263	-6.33127853917753
140707	-0.21808326682967	8.8204513289398	-2.42951970467747	0.0166270049880503	0.0417697874699804	-3.90181528391076
140735	-0.030252813912336	8.64583686415363	-0.362507738185485	0.717621525764276	0.796714220808188	-6.702056504233
140739	0.0906706490665569	11.5223945981857	1.34016737697222	0.182767445237594	0.285595743031125	-5.88036172526451
1408	-0.252100880785138	9.47380260047578	-2.78533520765654	0.00623209022279505	0.0186511105943069	-3.02952687701153
140809	-0.147197757476346	8.94620868094676	-1.26859942994116	0.207082525119423	0.314922494235259	-5.97194398778823
140823	-0.0256056534002321	11.6808594686404	-0.321169648537688	0.748650353807046	0.821398840124345	-6.7161082109383
140831	-0.0297804672905689	6.27001486487207	-0.484662274393036	0.628814967831351	0.727045301551926	-6.65063293529077
140890	0.0343353311631599	9.59178422942684	0.427293711756175	0.669944615856352	0.760965694028254	-6.67662462887595
140893	-0.265199760716449	5.60523766371346	-2.7451097319577	0.00699638464099788	0.0204784327195757	-3.13341694015457
1410	0.204929951680243	10.3867800600086	0.983814494631238	0.327220953057135	0.448002238121824	-6.28769839321634
142	0.0313238376471612	11.840093910194	0.602832419019881	0.547777771224613	0.657314318374743	-6.58683816244202
142678	-0.168207401672244	7.75424399254653	-2.22718937689542	0.0278328046512393	0.063228538619152	-4.3498288588942
142891	-0.336029749872345	7.2121005057512	-3.0519314858125	0.00280979661347584	0.00965429285661831	-2.30796369127719
1429	-0.104934664230703	9.28668563276087	-0.813949125505306	0.417314653537953	0.536584532724703	-6.43862699582641
142940	-0.103227882373865	5.8710361391862	-0.882513872568805	0.379294435938931	0.500954915391041	-6.38109233137775
143098	-0.153835650583967	6.13425028906017	-1.14166591537775	0.25590590405124	0.370101071937767	-6.12232943702535
1432	-0.0722281747484073	6.39311986825554	-0.547355462387005	0.585168980286868	0.690400768057353	-6.61850547404866
143384	-0.295035635125874	6.0876425187289	-2.07534616808609	0.040128928927559	0.0844815370672262	-4.66252728297731
1434	-0.214703689588969	11.2699592982232	-3.50607178250423	0.000644069249678494	0.00280591350334618	-0.951647294534173
1436	0.729702529657243	11.7014056579874	4.23436720175361	4.56403289194928e-05	0.000312854038900424	1.53158657082159
143662	-0.618453305320875	8.79264611997734	-3.56758548908452	0.000521871892349768	0.00233893750993439	-0.756125848258361
143684	0.212442973946459	8.01022283047355	3.73227535252192	0.000293490067966429	0.00145862091540475	-0.219333649485038
1438	0.133334096641513	12.6857717287796	1.91678624505742	0.0576848691097288	0.113744812329043	-4.96712031751503
143884	0.0262049702099374	8.28738218438868	0.615253588295829	0.53957279404131	0.650068739612196	-6.57933190614341
143888	-0.143262776073375	11.822530377234	-1.37082881996665	0.173031804873369	0.273539274306992	-5.83963467001507
1439	-0.195128756980284	6.77547556567382	-1.23359704036916	0.219806229464074	0.328647829481642	-6.01495516311864
143903	0.563800367009233	6.44147795848821	4.14585133848702	6.40785805743862e-05	0.000419072902252122	1.21087023740443
144097	0.185960967664173	6.95915303904926	2.32435266002694	0.0218179646327801	0.0519954956338036	-4.13911016114469
1441	-0.119542013399697	13.243449366298	-1.28498426574456	0.201315990528881	0.307483373108091	-5.95140797362612
144100	0.0594911476748733	7.1095061919166	0.653461725222062	0.514730799950072	0.628387592627205	-6.55528912285395
144108	-0.285080643427888	7.67893753692336	-3.48833486843928	0.000684027233359459	0.00295660122844015	-1.0075139071656
144233	0.0322112944326644	8.53720800426345	0.559110065611576	0.577146893775565	0.68357231754892	-6.61204937561755
144402	0.18571386517899	9.3316172172813	3.30366418174254	0.00126395644885918	0.00496561643106413	-1.5753997068948
1452	0.00415539267315342	8.95936853932005	0.0649404114689471	0.948331406365892	0.964681947854959	-6.76532399090071
1453	-0.180800041681079	9.72351988722204	-2.79454012230703	0.00606826073353187	0.0182384481471972	-3.00556741319941
145389	0.784315809365669	8.18309205477637	6.40080480249163	3.26388158611011e-09	1.09148428750079e-07	10.6965831654509
145407	0.366719463486437	6.78534777803606	1.51004601959093	0.133706596466411	0.223566090447886	-5.64352880390481
145482	0.087204248347788	10.0902283309295	0.415463081542739	0.678557940600477	0.767638027328542	-6.68157927756233
1455	0.00105986700557661	11.1644666615466	0.020066278574929	0.98402441377683	0.989487183721777	-6.76722246787312
145501	0.133052938673243	10.9164232625653	0.852799605619425	0.395499240980944	0.516085897393775	-6.40659039500023
145508	-0.231566235015165	6.48147279471287	-2.13707556032155	0.0346574591445553	0.0754535088386998	-4.53786485209578
1456	0.169289830141403	7.16879783450327	2.27628898157135	0.0246329629372383	0.05728273475833	-4.24437473777521
1457	-0.11966618874711	8.46802482485809	-1.82002689696138	0.0712912661888898	0.134974814029656	-5.14182884587631
145748	0.100580297345984	7.24479691556869	0.959962987904067	0.339038006017091	0.460449511624658	-6.31058685621031
1459	-0.336295506302522	9.34055897936926	-4.75358450020462	5.69678274888085e-06	5.59517544658214e-05	3.50939015494571
1460	0.0672835123762082	10.9347325303885	0.900335425137585	0.369776762652601	0.491686422973355	-6.36538617358035
146059	0.00229848317688361	13.2896212440155	0.0362419577471464	0.97115070946924	0.981464418906792	-6.76676915711769
1462	0.490481889441454	11.557647162637	4.98630772270938	2.13813174758461e-06	2.44611748407879e-05	4.44610756486164
146223	-0.433209116666729	9.45272409316385	-4.32206200178541	3.24615751422824e-05	0.000235617408326232	1.85420595664031
1465	-0.12153627988283	11.619164629443	-1.14605926652576	0.254090957605453	0.368277217243302	-6.11738280270832
146542	0.00968475419380727	5.86490425419303	0.14847327250381	0.882222871865776	0.922075277946515	-6.75645252450802
1466	0.251561056514038	11.8021153090929	3.32182680296994	0.00119112065914861	0.00471200030870091	-1.52067394903019
1468	-0.151265140383199	7.10114783049228	-1.62433346170304	0.106974673828552	0.186872736137744	-5.46893316540358
146923	0.0741015629469512	8.86750014056974	1.31385871723942	0.191444007526633	0.296073301286273	-5.91459484514269
146956	-0.182688180715355	6.06277065493932	-1.83010527506317	0.0697598123617	0.132493918166853	-5.12402934955571
147007	0.0752603729673066	8.71864113873539	1.45482337619747	0.148374898728635	0.242784600534574	-5.72350500857919
147015	-0.550936567038843	7.17578087197257	-4.6322850168877	9.38788230914669e-06	8.41953397106968e-05	3.03309737917958
1471	0.326424831326221	12.2945277424331	3.20085293039764	0.00176102654310565	0.00654933779651178	-1.8804714921409
147111	-0.190497842694299	9.24092341332952	-0.737494406354475	0.462286692255908	0.578997434121881	-6.49735704944007
147339	0.0592590505165826	9.69286256423385	1.24136181001792	0.216935727644311	0.326094031763429	-6.00551488822154
1474	0.0948062434194761	6.66143273662505	0.376488223317996	0.707230520169222	0.789102268890689	-6.69692056530862
147495	0.557330497006714	7.48060897934582	3.63414312900668	0.000414450483959658	0.00193301016234149	-0.541505112042093
1475	0.460374768588434	6.47339587372003	2.40782381236206	0.017597784066067	0.0436711830000385	-3.95154798814007
1476	-0.41762537031203	11.4740185440053	-4.88678793409455	3.26221376136858e-06	3.49492680530538e-05	4.04192722664168
147657	-0.46540113244581	7.15814936135894	-4.17734434327222	5.68217783872952e-05	0.000377297592507738	1.32440497819243
147686	0.0304440529282404	5.60048487083693	0.444108199208826	0.657778260921923	0.750759767198437	-6.66934416573828
147798	-0.541513157546174	7.51315239705932	-3.33628547032567	0.00113596608316054	0.00453507967467669	-1.47693134409669
1478	-0.104801072677324	8.52042541786945	-1.33053902297204	0.185907969110959	0.28951731237868	-5.89296663321849
147807	-0.0111690379719026	7.42407170785474	-0.16481869479297	0.869368887304482	0.912798653760648	-6.75390441318219
147808	0.122179364550749	6.22830450306514	1.48547118195269	0.140087537245781	0.232214139604686	-5.67947355075147
1479	-0.204498098328977	9.85671930712768	-2.53222935724398	0.0126484846568037	0.0334261467069863	-3.66092862960349
147906	0.0441623582251222	8.00440202596097	0.51850277513947	0.605079102467871	0.707324283383047	-6.63377379992365
147912	-0.0787321567239362	8.56811884772017	-1.02648662730488	0.306763257342503	0.426289452498162	-6.24537161159015
147923	0.202108772427943	5.94595056784455	1.59178667412114	0.114109832567891	0.196815038006009	-5.51989678119071
147929	-0.032379316743623	5.87418518357765	-0.449796470448906	0.653682924135097	0.747014520386815	-6.66681782681898
147968	-0.119200483963317	5.94978516690569	-1.32954282079172	0.186235197472248	0.289808351755985	-5.89426577365652
147991	-0.250009368869147	6.41538395711923	-2.19011439004213	0.0304839786001934	0.0679799306796968	-4.42805734952499
148022	0.0648761660316914	7.41097324407294	0.689815489787596	0.491665515489652	0.607321243897791	-6.53107889526412
148170	0.262758869031486	9.42672415337889	3.47684908062602	0.000711135234645331	0.00305459024345836	-1.04356863436232
148213	-0.303329770678163	7.95407684890455	-1.97945730296651	0.0500943532942793	0.101094394871915	-4.84943121383116
148223	0.322988411223527	6.20329708882085	4.11461528593782	7.21488443110882e-05	0.000459837541674066	1.09889199260741
148254	0.123196419891774	6.67699005562628	1.29741178188409	0.197021949867823	0.302828676201753	-5.93566107194137
148304	-0.159661832390668	7.41270305510551	-1.95050307078938	0.0534888376334564	0.106761930235838	-4.90424471825938
148362	-0.18695214316953	5.48847173523844	-1.99915972284657	0.0478905724507539	0.0975045916793757	-4.81170076953262
148423	0.109383526598454	9.983773691639	2.59206790802204	0.010745886781737	0.0292650922575495	-3.51647247693648
148479	-0.094795884825607	10.1731862466189	-2.44589475429899	0.0159261482849643	0.0403156557872526	-3.86401254170349
148534	0.000871427713585671	5.59719304358192	0.00762727118711502	0.993927265428294	0.99597709722646	-6.76739391423302
1486	0.172813166108047	9.35658067785505	1.56943157817216	0.119226879140221	0.204148843635618	-5.55432948303804
1487	0.0318631334878248	9.69512939692653	0.659681325010911	0.510744678280037	0.625000154458238	-6.55123931998995
148741	-0.0906766067060605	5.85833386254897	-1.01894900082109	0.310313126190835	0.430225861851674	-6.25297662631693
148789	-0.13033829152818	6.82641741622186	-1.05033801783925	0.29571047507373	0.414503389092166	-6.22094444591977
1488	-0.124114797631421	7.62665897977495	-2.42365393657631	0.0168846560155844	0.0422834929922	-3.91530094798134
148867	0.0543275186990624	10.8765970622261	0.921400118895109	0.358722776854083	0.480624515298414	-6.34642259459002
148932	0.754867632628401	8.06605719336997	4.88306119323997	3.31390942465656e-06	3.54571137923098e-05	4.02689546902899
149076	0.287384383374643	8.88692638277457	3.19184007701575	0.00181233962469582	0.00671297098654148	-1.90683104200346
149371	0.339817782413011	7.56504732343034	1.97622298409911	0.0504642272172062	0.101663487396834	-4.85559161333328
149473	0.0839994539887417	7.07312145235734	0.762751668695558	0.447134613971697	0.564806218106558	-6.47858901846113
1495	0.0552403272872648	11.950887800512	0.935978953537868	0.351196865042105	0.472758565554767	-6.33304487933596
1497	-0.151227427514355	10.310487088395	-1.94009771158876	0.0547553369480435	0.108825573433792	-4.92375843110299
1499	0.120315114418045	9.11364009904109	0.774532528435083	0.440166142488972	0.559277745600389	-6.46962098703477
149951	0.0252678872405784	11.8727070206562	0.455150075056612	0.649838156387286	0.743935780650201	-6.66441085592514
150274	0.0952732996972545	9.00256489536715	1.05651422166192	0.292892973290161	0.411547284309032	-6.21452940212981
150275	0.0065484353757531	10.121571592854	0.124670623281933	0.900996589578069	0.936012052561295	-6.75968780146647
150290	0.472839237018889	5.70027682441371	4.48587581781075	1.69738064847975e-05	0.000138815486697453	2.46954926887791
1503	-0.0416273898631003	8.48240951764794	-0.324787144491397	0.745917644198781	0.818992388818547	-6.71494626132992
150368	0.238995253862105	7.42705732258735	2.86455073481005	0.00494519867594242	0.0154549152717686	-2.82108260056129
150383	-0.108817488207861	6.54560059655075	-1.81184697242598	0.072554666935029	0.136920618890413	-5.1562072013705
150468	-0.28327743650353	7.93141555521564	-2.60481150793428	0.0103756155810465	0.0284442697309805	-3.48531972472138
150684	-0.0148779840898795	10.9675747572041	-0.244785296074667	0.80704812281802	0.865293028878095	-6.73760863203417
150737	0.289004089899492	5.87605663214295	4.72447814247227	6.42682664253779e-06	6.1943509996922e-05	3.39433959994964
1508	0.0738814893228961	11.7023310912494	0.647757660428222	0.518400859235973	0.630869055296448	-6.55896976296074
150864	0.349155123055525	9.84289705100963	5.99753899271924	2.25145345572017e-08	5.50783737008394e-07	8.8280399413225
1509	0.116122939262986	10.1374387017964	1.05272441149243	0.294619662990242	0.413308154942153	-6.21847014252622
151011	0.243073184480956	6.89038743876812	3.55916370447087	0.000537202360952888	0.00239594573513545	-0.783056118360134
151050	0.0297595898464017	5.51969996178485	0.369183827554523	0.712652774128941	0.792796217414822	-6.69962812851133
151188	0.0235297654513676	10.4722090525133	0.333937750870153	0.739019647424412	0.813689987700032	-6.71194907230931
151194	-0.0690360805940661	12.9574153515269	-0.637026903139752	0.52534209332687	0.637195577528846	-6.56580712356311
151195	-0.131891881787821	8.12340069224224	-0.942654968457021	0.347784633117711	0.469395599600047	-6.32684983130207
1512	-0.3228878263548	9.87513172495047	-1.74903511380479	0.0828868418158729	0.152211052334173	-5.2645721152951
1513	0.761583873931677	7.10044594461694	5.36933848116701	4.01999240144229e-07	5.97537095304784e-06	6.0495139244671
1514	0.322844052541881	13.2465375584222	4.17218467360471	5.79541282182001e-05	0.000383267493260475	1.30576044423685
1515	-0.358869769596228	10.4366170549291	-2.65254423316046	0.00908874673062798	0.0254916971120499	-3.36742734384815
151525	0.0568065039910754	10.1740014786075	0.771132965329532	0.442170508548252	0.560861240879694	-6.47222282789446
151636	0.27589877169583	6.19571323634194	2.50743427223606	0.0135216638160429	0.0352442231367985	-3.71990138420959
151648	-0.478591817301968	7.19185941375031	-3.93901490182235	0.000139004642375536	0.000787524045877799	0.481256233784297
1519	0.566610826917481	9.49509733149278	4.34654695598387	2.9492067722307e-05	0.000219463494942573	1.94513803131385
151903	0.0176516611738081	9.5500050992494	0.305072203142453	0.760848962700341	0.830638703661752	-6.72112121391403
151963	0.0471479343036268	10.181738713858	0.799431423673248	0.425647646345662	0.544755122221129	-6.45021952354613
151987	0.0543224374772493	6.86806507592891	0.376511556951679	0.70721322287163	0.789102268890689	-6.69691183130261
1520	1.09583480216431	5.10698606687727	8.53496186335672	5.63689419721069e-14	1.08280804811536e-11	21.3605505705718
152002	0.134600300900148	9.69196555248535	2.28671188225961	0.0239968012477098	0.056103475320148	-4.22171807157508
152006	0.0718631493531612	10.5539900401441	1.25704596735262	0.2112210675254	0.319732888466275	-5.98627045832619
152007	0.339046256064449	8.45703469873156	2.63045543585139	0.0096651678477603	0.0267720611745473	-3.42221945145362
152100	0.090743135452206	8.22289446985452	1.39311965984815	0.166204196072866	0.265181892903588	-5.80946628421668
152137	0.403273906507159	10.1403112720988	6.03779838823896	1.86158949093985e-08	4.70236366824561e-07	9.01180324622766
152189	-0.0439926357393955	10.4032046220214	-0.529291960281739	0.597597909827515	0.701018789367125	-6.62816064855142
1522	0.948301432356503	6.699810740898	5.03367470292445	1.7456106611486e-06	2.06572264485493e-05	4.64033069016476
152273	0.81585247392083	6.40421630511145	5.9059563906946	3.46187936060298e-08	7.58491340015402e-07	8.41243198908214
1523	0.281644372797035	9.65281371877272	2.9779075372002	0.00352353948276794	0.011665104660386	-2.51400559003383
152503	0.24292362313241	9.21880762617565	2.68554824396965	0.0082852783680529	0.023574371105793	-3.2848040822042
152518	-0.266273589650475	8.43517123178274	-3.24156823451695	0.0015456400224953	0.0058779864575558	-1.7606183744233
152579	0.0651073512094953	5.62226633614606	0.794432831334564	0.428539392836742	0.547692307725746	-6.45416319512911
1528	-0.220188358641436	10.2233705407871	-2.16930269461298	0.0320664087962525	0.0708583565160636	-4.47144027676735
152815	-0.113890736716979	7.24706578689356	-1.54399033134177	0.125270088911788	0.212645074889306	-5.59294753694743
152816	-0.807334492284252	9.87503907863511	-4.91090160750163	2.94615887819571e-06	3.20519801333318e-05	4.13937142049579
152926	-0.0852228133908016	8.87284890326663	-0.598008475351187	0.550981054153357	0.659595149324665	-6.58971231330095
152992	-0.0337288625831568	5.98991860814551	-0.410350088297738	0.682293755624975	0.769910713314521	-6.68367766744102
153	0.643301459009455	6.35663624542811	5.12593149264306	1.17219613865973e-06	1.4714802591686e-05	5.02197837856025
153090	0.259271307617044	5.91655216773664	3.53019087546124	0.000593250999043653	0.00261765665176313	-0.875311261048847
153129	0.0964470647461709	10.3691335664126	1.66231714051063	0.0991051699567841	0.175403621993365	-5.40821039672337
153222	0.323425585038267	8.61804642544026	1.96265341039002	0.052041389244532	0.104284098949061	-4.88133484627854
153339	-0.181534247959516	10.1280827347363	-1.712865619458	0.0893653306690184	0.161649002923898	-5.32532694623401
153396	-0.118728213218916	6.74977081908257	-1.34198085470834	0.182180418233791	0.285001942161195	-5.87797775799675
1535	0.222479106004726	10.3307381535707	2.34281322874814	0.0208145530712301	0.0500664555528133	-4.0981467123919
153527	-0.0797790627546307	9.76606409087518	-1.60485473221993	0.111200630402935	0.192925269298097	-5.49955262634036
153572	-0.385269618657087	8.21523017763694	-4.00176264927473	0.000110206576690648	0.000655214607790696	0.699619689798164
1536	1.55437687031623	7.16743475136212	5.61987360871144	1.29906206759974e-07	2.33987985257316e-06	7.13676266204724
1537	-0.0746754730929714	10.9912180034751	-0.925753487579076	0.356464791779227	0.478375171421026	-6.34244956036579
153830	0.402617371544211	8.79543459816177	6.00744033410173	2.14871247523019e-08	5.29801941653772e-07	8.87317484804923
1540	0.167304188539228	5.66079061176855	2.21695833142071	0.0285435106825879	0.0645766634451317	-4.37153702577913
154007	0.115568072938037	5.84970527166442	1.15746013030188	0.249423501760317	0.363293620973412	-6.10445952514603
154043	0.289435044915234	8.03218304538154	2.59412637625384	0.0106852826232644	0.0291480959273988	-3.51144959829882
154214	0.0771722682128376	9.54510399428807	1.01684886180759	0.311307066392369	0.430986935511327	-6.25508573394892
1545	0.369839162630418	9.12515386934244	1.41503818931204	0.159692624326207	0.257054240384223	-5.77934298304324
154796	0.200399306673694	10.9472970604233	2.49694434322701	0.013907038107663	0.0360054222575489	-3.7446939435759
154807	-0.131899451513732	8.89960606726265	-1.64774160972502	0.102067777257606	0.179837849860885	-5.43167003761411
155054	-0.135842922954005	6.05187669979376	-1.65996528556245	0.099578448139928	0.176014975740596	-5.41200909353159
155061	0.0956579678375594	9.0226313926258	1.31271640502041	0.191827577450359	0.296444488258179	-5.91606631405835
155066	-0.0964754702572232	9.27280244454004	-1.08181626279604	0.281541474194583	0.398275830938047	-6.18786386753821
156	0.268841759444637	10.1149002561821	3.71544989863071	0.000311519196652447	0.0015325482813277	-0.275053305198505
1573	-0.18827450673811	11.1790101899672	-2.13411529819999	0.0349043036329092	0.0758509729039279	-4.54392029641308
157506	0.410107180236361	9.85236683567806	3.6824573227077	0.000349963400772077	0.00169046648560079	-0.383736164553971
157567	0.200800010785038	9.63614093605136	4.02409202530247	0.00010140836610524	0.000611857636252216	0.777957430042667
157638	0.232707098046318	8.13159145270957	2.32241739042309	0.0219255846149078	0.0521644362782473	-4.14338737163478
157697	-0.183827485338277	9.18081168574062	-2.76227770011091	0.00666032055341743	0.0196549652630325	-3.08923940372976
157769	-0.161558040279753	7.56440518005831	-2.10285053821265	0.0376055220751061	0.0802639825168931	-4.60740042198186
157922	0.015549819468396	7.74138183191256	0.241923283345295	0.809259817827497	0.866347844194153	-6.73830155419553
158	0.00365165560416928	10.3916768000654	0.0384637155027203	0.96938300184905	0.980242910599994	-6.76668655144838
158056	-0.0536894832212668	5.31929334108367	-0.694130589134108	0.48896550981579	0.604691349532436	-6.52811889354541
158234	0.042982539606764	6.66009779311405	0.623327024838683	0.534273393919034	0.645850758637673	-6.57437148053634
158293	-0.182650215038296	11.1764654968298	-2.44210246624054	0.0160860762814741	0.0406457601973007	-3.87278764992702
1583	-0.293482059607039	13.0895150336336	-5.06070864843562	1.55401970150865e-06	1.87116657936756e-05	4.75170781282662
158747	-0.0786295995915904	7.8157131353786	-0.935876667304688	0.351249311962422	0.472758565554767	-6.33313945912272
1588	0.0853678236332985	13.2461829318013	0.665361513723795	0.507118588627985	0.621944995110194	-6.54750748081304
159	-0.12628123653718	10.3577677247505	-2.55907450057544	0.0117604083256925	0.0314779561795917	-3.59649451881869
159013	-0.107260890286534	8.19603701853846	-1.50774469990359	0.134294305983387	0.224412495938252	-5.64691893865628
159090	0.139240941157072	8.3442344460737	2.44303969632086	0.0160464190619083	0.040557962500417	-3.87062010336716
1592	-1.16712717397062	8.16609283888728	-3.64729977942489	0.000395855811463482	0.00185676831498487	-0.498706221606385
1595	0.0799366683663374	9.16804230164792	0.532731861633982	0.595221672209589	0.699257527181667	-6.62634682805172
16	-0.250978489859403	11.8398111865326	-5.08183031891779	1.41872833963673e-06	1.73885767760718e-05	4.83899149044255
160	-0.164826788226079	8.66761991689806	-2.40129996619565	0.0178993722314983	0.0443059078909727	-3.9664234260675
1601	0.167914970899502	13.2514471798915	1.96468670572965	0.0518024365780894	0.10396242762797	-4.87748799278221
1603	-0.264254578642812	12.047513799271	-3.59089201111533	0.000481570398926373	0.00218558873358892	-0.681332856745875
1604	-0.112676353603347	10.3124817949471	-1.28404333308307	0.201643901857462	0.307813459497807	-5.95259423047787
160418	-0.0195001003909209	8.74937328671069	-0.250892421873299	0.802333923871748	0.861692655204868	-6.73610281602403
1605	-0.00432613777074554	10.9556086719045	-0.0681456381557551	0.945785114027216	0.962684539971018	-6.76511169601543
1606	-0.0778239772056459	7.4486784770294	-0.697773123270221	0.486692647347546	0.602710834646286	-6.52560599876466
160622	0.140233971288154	5.74070129692946	0.972755951265912	0.332665750926773	0.453884886464345	-6.29837914734969
160760	-0.0188747489025085	7.67496382947217	-0.251378307203121	0.801959170591881	0.861402178034972	-6.73598142091062
160897	-0.187329134086173	8.46994518471424	-2.02315961785421	0.0453180804392138	0.0933564884838244	-4.76526951775674
1611	-0.102237189807199	8.87308150185383	-1.59982106829828	0.112314122579005	0.194489444969094	-5.50740780669352
161198	0.420564361185993	7.48111246633338	3.52983699721201	0.000593968494239143	0.00261942325809681	-0.876434324363637
1612	0.0736762016417047	9.64891156314001	0.650889818429157	0.516383899204382	0.629662091442013	-6.55695265309658
1613	0.41431866887043	6.00945432052779	3.87210190919877	0.000177568855280606	0.000964029958737978	0.251308973978784
1615	-0.194307627086956	11.9259763835346	-3.87490152654113	0.000175768968402384	0.000958927365156315	0.260869154162988
1616	-0.118904751024957	6.81301043536164	-1.74588259827005	0.0834357274389163	0.153048880445358	-5.26991542275678
161882	-0.0907338108181324	6.89489065044115	-0.966774501073307	0.335635337480047	0.457256785021472	-6.30410675297754
162	0.133810076721495	10.5008222723418	2.25508226789965	0.0259731426638216	0.0598432798893072	-4.29018014435958
1622	0.204399672028903	12.2118664053355	3.04495764871548	0.00287084040702868	0.00981910631969229	-2.32755925345051
162282	0.207210729363932	6.21321052709145	1.36239520748736	0.175669651837989	0.277069508978603	-5.8509258680359
1627	-0.0283991631943133	6.74206947734655	-0.230267013368697	0.818283273168948	0.873371215451029	-6.74103955394166
1629	-0.11079712175909	9.59035993657261	-1.58008160341337	0.116766831824774	0.20065181196864	-5.53798384110986
162963	0.060955167870166	6.0807642198008	0.560377134110189	0.576285308150899	0.682747654235001	-6.61134530427198
162966	0.095767438847335	6.98149918647285	0.723474872086891	0.470820853506921	0.586484730804882	-6.50750440770653
162967	-0.107065841516709	8.79601721327914	-1.34934433190038	0.17981138829043	0.282258089562705	-5.86826574951873
162989	-0.170466612325218	10.4913611725773	-1.89681773592773	0.0602981862032603	0.117824286055034	-5.00387255095371
163	-0.126127295690064	6.4844679402851	-1.33022316467015	0.186011674297737	0.289545455008357	-5.89337864406038
163033	0.173543669135635	5.47446743449894	2.10875118458657	0.0370823417362148	0.0793935051169348	-4.59548613458566
163049	-0.0507466441651064	8.73075323791051	-0.762257825249011	0.447428107504224	0.564927570771155	-6.47896197895371
163050	-0.087252013754292	7.38250370826539	-1.40944592860051	0.161335113739829	0.25901419620816	-5.78707178567656
163071	-0.94338673066746	7.55334657665229	-6.01225485842072	2.10043405668791e-08	5.22734282053741e-07	8.89513576683863
163081	-0.175302301059734	7.14169577238741	-2.22092306186097	0.0282662409673384	0.0640722147064257	-4.36313558179567
163087	-0.244167344678847	6.96128100150208	-4.5610108203243	1.2543657061071e-05	0.000108040257898276	2.75718106847236
163126	0.391437965910641	8.55898156942815	2.92320783339217	0.0041544932547936	0.0133714445318354	-2.66346791896758
1632	-0.0996339765297116	9.00668330411907	-1.53087248919556	0.128479186355295	0.216711880599293	-5.61262280961187
1633	0.389925192150197	7.89950843016621	4.86210143567664	3.61981045828508e-06	3.82348265798399e-05	3.9424954374603
1634	0.514109358798455	13.3927303732506	4.04629514007089	9.33280836783592e-05	0.000571553410112786	0.85617829279444
1635	0.421365091056529	8.99893810920683	6.27479421637589	6.00492051183865e-09	1.79712476187635e-07	10.1062326864294
163590	-0.446564207324484	8.57275884581049	-5.09562659517296	1.33662619819537e-06	1.65773759716123e-05	4.89612816467034
163732	1.17060171839814	5.78726045674968	5.44683310960796	2.84290113012143e-07	4.43063459147226e-06	6.38270191510161
163782	-0.0414425002464399	10.4991421962363	-0.573489676324209	0.567405287141135	0.674646274907985	-6.60396598861648
163882	-0.334266339091443	9.34130360432213	-3.20043808793813	0.00176335836643645	0.00655505855389968	-1.8816861337657
1639	0.0568142456456983	10.0534141926457	1.07661353623572	0.283850584267405	0.40105489167617	-6.19339749123938
164	-0.0883830681761562	7.74735459291505	-0.977173365121859	0.330483719940004	0.451579078032165	-6.29412688980683
164091	-0.247654997250014	9.50968301352374	-2.39743566513137	0.0180801681515428	0.0446864718527059	-3.97521743080922
1642	-0.0123607569220125	13.5006712075272	-0.295046732704548	0.7684770065916	0.835983152172609	-6.72411327880371
1647	-0.301134498021375	8.39973193841189	-2.79805370542756	0.00600676884493364	0.0180947887159562	-2.99640368934084
1649	-0.0531158878484351	8.00337263462083	-0.387342811544139	0.699200640219091	0.783784190001889	-6.6927992912047
165	0.949807026842721	8.20039787841397	5.48131096103373	2.43469649700515e-07	3.92166318567382e-06	6.53184802217528
1650	-0.297771506352589	12.1806234081782	-4.43368105609478	2.09035827794171e-05	0.000165386584059373	2.27171872978967
1652	-0.410351299942358	11.4628927604053	-4.60416116634242	1.05286626022269e-05	9.28140374539958e-05	2.92387132853098
165215	-0.100820554949676	7.08901956365821	-0.611798816455565	0.541848621783858	0.652239815787623	-6.58143493476918
1653	-0.0101835241660299	11.7387300290404	-0.266436598863696	0.790368304220351	0.852833728655794	-6.73210291185181
165324	-0.142981525556944	9.24490415984484	-1.9730118715039	0.0508337373767604	0.102277362695638	-4.86169849311954
1654	0.0272195752079746	11.7312779750313	0.470801572242287	0.638652154427049	0.734921537415355	-6.65721123204879
1655	-0.10462376998759	12.4373445692966	-2.12450631993971	0.0357160629121866	0.0770877135235592	-4.56352270287541
1659	-0.134908438804433	6.84472801188956	-2.28122407535329	0.0243299279754758	0.0567057576403584	-4.23365892805743
166	0.0577025834267479	11.6988654981819	0.954676474522253	0.341694261957764	0.463233179382489	-6.3155850736618
1660	-0.0415465118056486	8.44234338452825	-0.320324352303794	0.749289365559883	0.821602304463645	-6.71637784991423
1662	-0.172136858966814	9.14268732202582	-2.45681006276511	0.0154737033428731	0.0394240560185478	-3.83868669376817
1663	-0.196251280216546	6.41710003186373	-1.81904852534555	0.0714414089686432	0.135128472196243	-5.14355181144801
166379	0.156537184445317	5.45968011966037	1.92008007929808	0.0572630947601488	0.113102143165669	-4.96102326135012
1665	0.0953179816828614	12.0713134522092	2.08685866588008	0.0390555301016571	0.0828450638519999	-4.63953477999335
1666	0.134323650082445	10.5597488910831	1.963048044849	0.0519949389539236	0.104242280524128	-4.88058851684104
166785	-0.102298830448142	7.10630512105853	-1.41425709600635	0.159921264817523	0.257294438526049	-5.78042427242134
166815	-0.110435725926322	9.35341367258128	-1.94444264826864	0.0542234410997737	0.10795025873322	-4.91562203785397
166824	0.00427248554044265	7.85551151144776	0.028366535210925	0.977417765298687	0.984926153045451	-6.76702239244968
166929	0.0400853426566196	7.09055404078857	0.233599109366045	0.815701254892838	0.871741799122117	-6.74027064610264
167153	0.174258403274659	10.0088776064431	3.22793441659972	0.00161486652761547	0.00609634255854834	-1.8008930515132
1672	-1.09926402082441	7.16723983394968	-4.89528880564233	3.14720734688927e-06	3.3893002197269e-05	4.0762435944497
167227	-0.214815539389644	11.6751041824972	-3.36194267803194	0.00104393501388905	0.00420629425108467	-1.39892370220905
167359	-0.255642956422007	6.95435766569042	-1.65216931998056	0.101160349528667	0.178429316059532	-5.42456438417229
1674	0.385498135877767	5.62479108169733	2.44650588696083	0.0159005085542445	0.0402630903304904	-3.86259727111899
167410	-0.0874881141611108	6.06664978848924	-0.697148534087506	0.487081966295137	0.602881873537971	-6.52603781399466
1675	1.29069691403047	10.3191618049383	4.62950353680252	9.49514934931804e-06	8.49728424976891e-05	3.02227439787486
1676	0.0215957151581175	8.5739423029215	0.3273895445132	0.743953750672181	0.817085569606142	-6.714102329091
1677	-0.181817334063655	7.37286623980924	-1.56215846689919	0.120930403928594	0.206637388591267	-5.56543134891216
1678	-0.229840906454886	8.42981594700313	-2.62194691378338	0.00989586814750516	0.0273468955832695	-3.44321667942227
168374	-0.0975052591690133	5.56319933923706	-1.26382910455689	0.208784012789448	0.316664698061117	-5.97787472114244
168537	1.12600578525863	7.17433244390164	6.65459446333584	9.40936148613586e-10	3.9857090192555e-08	11.9021759232283
168544	0.297397419148691	7.04602146956412	2.25330623863371	0.0260882254096659	0.0600080038662881	-4.2939984560769
1687	-0.0602560690729575	11.5827107747882	-1.15492163225412	0.250457462263209	0.364542491329358	-6.10734782175897
168850	0.00171994444834476	8.12188321422457	0.0337135257438343	0.973162591915663	0.982199781185652	-6.76685718763347
169792	-0.258184903100017	6.97848714868737	-1.26321564650422	0.209003564450154	0.316881322018772	-5.97863582879891
170384	-0.315612202146513	7.94584158000245	-2.91807745879388	0.00421870821024866	0.0135221303130205	-2.67736372302194
170394	-0.329511154189858	9.7949916686696	-4.63952057516829	9.11430754826948e-06	8.23678121977088e-05	3.06127248834794
170463	0.394812592894798	7.54964788987332	4.68147953857438	7.6735983658106e-06	7.15394159160221e-05	3.22525321161822
170506	-0.139185776805307	9.31438261136408	-2.37259598273412	0.019281471095473	0.0471198080617181	-4.0314386387712
170622	-0.0389108013484073	11.8296257515531	-1.01310643500436	0.313083523514457	0.432742621189661	-6.25883354589796
170626	-0.00691697024964854	12.9055662236129	-0.148841801545522	0.881932702151394	0.921888650945395	-6.75639800260756
170959	-0.0914074680602757	6.72874230457002	-1.09791790931254	0.274477079841712	0.391095511383912	-6.17057251581215
171017	-0.113401148570705	7.46090447949299	-2.27966600085857	0.0244252447412753	0.0568797636207878	-4.23704434357927
171019	0.569181190897121	7.82032523996454	4.62183315049513	9.79713502853669e-06	8.72029475600356e-05	2.99245143021542
171023	0.175524755660975	7.60435435084301	2.95658355884037	0.00375819702346172	0.0122746964862767	-2.57255507836551
171177	-0.0123727048327607	5.68810728370967	-0.0966183370173985	0.923193507543338	0.949045223684875	-6.76277700400447
171546	-0.0436260417846418	9.74110141730079	-0.677423552073053	0.49946414279439	0.614776570947021	-6.539477521284
171558	0.295073858453792	5.10824522871014	4.82065472140383	4.30745842659644e-06	4.43083519348526e-05	3.77630721319356
171568	-0.019921071689412	7.87444605495952	-0.240005808073882	0.810742461734255	0.867452426674216	-6.73876124003261
171586	-0.242524539305429	8.98113635955949	-2.40993899199445	0.0175009752781918	0.0434761070068764	-3.94671719084792
1716	-0.0630562783065165	10.7350260362458	-1.28936743921495	0.199793662312139	0.305912381819142	-5.94587086873539
1717	-0.168611450481771	7.87333603204567	-1.35308817045477	0.178615821025857	0.280701423453878	-5.86330808771659
1718	0.0723469540474412	8.76170143820201	0.635368753062062	0.526418954634472	0.638130402888279	-6.56685353714329
1725	-0.190139586250664	10.2300888466122	-3.0272868031381	0.00303104895129214	0.0102945988230564	-2.37704083974051
1727	0.139792092294621	12.4802628898706	2.35981558327201	0.0199266675228429	0.0483416181817879	-4.06015825042713
1729	-0.421592888443512	9.09298295620472	-4.4693633305601	1.81327509785124e-05	0.000146983830306686	2.40678613810146
1730	0.105040631754125	9.04443377029312	1.15316372101835	0.251175254380778	0.365458446571292	-6.10934433659564
1734	-1.23328451211486	10.5343508012988	-5.49022621041463	2.33884227537249e-07	3.8179520147385e-06	6.57050411517976
1735	0.0153774623283081	7.26594633562089	0.0776226362803659	0.938259789047271	0.957486982928596	-6.7644241865498
1736	-0.0771500843386737	10.6382354267618	-0.960305957903217	0.338866142387951	0.460387819074784	-6.31026165134059
1737	-0.012778847004055	8.91999456800198	-0.206470707443086	0.8367793117144	0.886923792475419	-6.74620986454984
1738	0.066243150538183	10.1361013382437	1.13578539120962	0.258349468070733	0.373005874194066	-6.12892145578027
1739	-0.0957016525506712	7.48245196239572	-1.04258856550269	0.299271588779695	0.418554575570654	-6.22894136977109
1741	0.31191662257101	5.55522546952625	3.1111042820608	0.00233812739242966	0.00833172228708758	-2.14016426041549
1743	-0.0324497798036817	7.46363562521216	-0.248966140721626	0.803820076937368	0.862952149142534	-6.73658177532387
1747	-0.713592237398912	9.15591767968718	-6.87523219302941	3.14004484467874e-10	1.60103521092879e-08	12.9671007573752
1748	-0.0218941612115021	5.88830174728934	-0.258006543040889	0.796851591971937	0.857142095284308	-6.73430197207968
1749	-0.463266178415782	10.4958794895349	-6.62312554034639	1.09906158340343e-09	4.47204368419326e-08	11.7515294490053
175	-0.240344716811191	7.62586206433494	-2.86970232879855	0.0048705950393653	0.0152679753416157	-2.80735089323224
1756	0.303631283648377	6.40302882655685	2.06399211328837	0.0412122783084461	0.086136998691236	-4.68508764353568
1774	0.228611099863133	8.57375297510125	2.68717842267797	0.00824731347191053	0.0234825264660396	-3.28069964166931
1777	0.0235981265703902	9.86139748473954	0.357601676311221	0.721280657406406	0.79980913279325	-6.70381286159737
1778	-0.0165680640331913	10.0822453004803	-0.259645269711172	0.795590171826777	0.85611970027217	-6.7338800238349
178	-0.00211507978112343	10.5219176453871	-0.0237054899421194	0.981127593824558	0.987824710505955	-6.76714318774374
1781	-0.0317072865623136	10.6270039001334	-0.460424477467174	0.646059480219623	0.741070866076112	-6.6620117436101
1783	-0.0288782868877318	11.6152802035102	-0.757266541453911	0.450400670789862	0.568109425912711	-6.48271807247561
1785	-0.148994844639172	8.24798560292233	-2.34929551063129	0.0204720015957907	0.0494007400471022	-4.08369277259639
1786	-0.0797389868609324	12.4599228928151	-1.60454373448144	0.111269169201463	0.193003640824041	-5.50003863172557
1788	-0.209193747913925	6.01173597095874	-1.77183498826848	0.0790047897227343	0.146252703520795	-5.22565573555188
1793	0.123643315457599	7.95980340427525	1.98652169200256	0.0492944732702889	0.0998460885759161	-4.83594294626915
1797	-0.205601475768873	7.31168655941296	-2.56719342701724	0.0115030783311027	0.0308591838307595	-3.5768877693602
1798	-0.37878619801336	9.86144563173858	-4.75641261989143	5.63029346247678e-06	5.54305411204508e-05	3.52059443654199
18	0.729775530279956	6.19948769986293	3.38565587330162	0.00096513315516027	0.00392286419460636	-1.32638971692091
1802	-0.292549316302539	9.25733636094253	-3.62063238818038	0.000434403515257141	0.00200076011920361	-0.585327743139366
1803	0.407853033200649	10.5489129382492	3.44781388221982	0.000784238335122735	0.00330500441230295	-1.13428143861874
1805	0.763009986340096	5.61993007923518	5.36473693367665	4.10319859206814e-07	6.07391046066001e-06	6.0298194562633
1806	0.705756629606111	5.50963676724197	5.46182182711127	2.65781579760617e-07	4.19762112585602e-06	6.44747273220861
1808	0.707532204666088	11.2986611008201	6.69571133587987	7.67744108541082e-10	3.45030354483647e-08	12.0994854772952
1809	1.1607179531546	8.32459230424075	5.62444760334723	1.27222246756095e-07	2.29946555405984e-06	7.15687910107087
1810	0.0228706851183912	9.07746523364667	0.437146900181791	0.66280430941661	0.755556665164394	-6.67239229187979
1815	-0.298347106148173	6.38986032295694	-3.4907629304161	0.000678422622495621	0.00293946907997985	-0.999879703905982
1819	-0.0165252626346956	8.18733043212264	-0.327478406235242	0.743886721120396	0.817085569606142	-6.7140733934277
182	0.834060025424901	7.82219711623121	7.73927645577372	3.77618871572521e-12	3.80381936486467e-10	17.2649603619548
1820	-0.265810103285545	11.6707133740604	-3.16430462928976	0.00197785606495296	0.00724482975455053	-1.98697628921907
1822	0.123264325031163	8.8272321294455	1.54307687973848	0.125491482949169	0.212977121257476	-5.59432283117837
1824	-0.343063943129279	10.6626709724195	-2.92261665934261	0.00416184670275073	0.0133866252977886	-2.66507020911348
1825	-0.363725553445524	8.82435595714652	-3.43797985068348	0.00081055962468096	0.0034020439531833	-1.16486489645939
1827	1.08093119356172	8.81268993040004	6.93649656800392	2.30943816086932e-10	1.25499731636714e-08	13.2653970303011
1829	-0.21655833767053	12.065930190108	-4.36500701085621	2.74279634775208e-05	0.000206334224339091	2.01393921468687
1831	0.725541050560044	8.71446978300424	6.49443146589634	2.06778553002411e-09	7.33043282317559e-08	11.1388248545638
1832	-0.292612013455425	10.6664636095522	-4.26467342488469	4.05910556507017e-05	0.000283896799047245	1.64253540634877
1836	0.273146069465825	9.76794823122004	1.78776017571892	0.0763831007460723	0.142680195238606	-5.19819031984544
1843	0.432203876141573	11.3572412881026	3.10464242354097	0.00238581065601428	0.00847239725652535	-2.15862137140594
1845	0.131889607776145	11.1452188788382	1.83546131871742	0.0689571309762432	0.131120143154643	-5.11453224282778
1847	0.0027702117549443	11.7759426815137	0.03033961751192	0.97584748997067	0.98379269420295	-6.7669647436355
1848	0.460398437824705	9.80285946200706	3.96461256900992	0.000126481725524204	0.000730712812851327	0.570019494579235
1850	-0.165668335161863	7.41128575532227	-1.67965541197178	0.0956719431474097	0.170717271634825	-5.38004756232653
1852	0.28679969927915	8.30480590587566	2.95530876753494	0.00377267108180305	0.0123171000536337	-2.57604382935675
1854	-0.00282029004635094	8.35299511583096	-0.0314077297463399	0.974997473206336	0.98357097321499	-6.76693191926452
1856	-0.00530784531371893	7.40761623873753	-0.0790147215134146	0.937154840772424	0.956729574191104	-6.76431566822866
1857	-0.00408762643722978	10.1082094918899	-0.0453868898051867	0.963875700634043	0.975807487098566	-6.76639763674717
1859	-0.00421110663576361	10.0493193369771	-0.061615924279113	0.950973005888362	0.966773788140045	-6.76553338208013
1861	0.00769690313818413	9.6469180104252	0.14612117145347	0.88407522758512	0.923427083947027	-6.7567973222105
1869	-0.0985808160937855	7.01151249373253	-0.919695436223568	0.359609429869255	0.481454909738648	-6.34797331830148
1871	-0.140441454496156	9.10919723694891	-1.26769964038258	0.20740268128335	0.315322316841611	-5.97306431935654
1874	0.016300451291128	10.2605397850433	0.337697114451413	0.736191844263356	0.811333506819922	-6.71069364432387
1875	0.0239464876487055	8.44303548866884	0.23184527431616	0.817060038910307	0.872855137273556	-6.74067673330866
1877	-0.0365091449269312	9.59118984045008	-0.720669209821449	0.472539269410605	0.588207798469367	-6.50951197356528
1880	1.08994733799821	8.57373728428948	7.99338901503034	9.97548621086975e-13	1.28746118909038e-10	18.5610297638935
1890	0.114869736126132	10.7238889346161	1.04151944195925	0.299765149698426	0.418774688503388	-6.2300400724123
1891	-0.0725993503067613	11.4196313298915	-1.13133383698765	0.260210106870427	0.374971298455989	-6.13388946806547
1892	0.238564018944628	10.4378339693035	2.51693860536986	0.0131807787537032	0.0345300451968248	-3.69735771973349
1893	0.911890036247879	10.0014360030459	6.01100261960671	2.1128874944535e-08	5.24097618744322e-07	8.88942293285809
1894	-0.0682204748594027	9.65169620017991	-0.602776298106039	0.54781498398205	0.657314318374743	-6.58687173174543
19	0.45750079198993	11.0281065896767	4.43507235860464	2.07882817754352e-05	0.000164790026358056	2.27697082236542
1901	0.83629822689261	7.63803243414072	7.22654483326452	5.31905634828349e-11	3.5431778578082e-09	14.6919054692935
191	-0.515159283758677	11.4630034457731	-6.52244264469321	1.80284138645748e-09	6.64797761256194e-08	11.2717155972094
1910	0.471332399717553	8.89090608216712	4.63697130843572	9.20980282875128e-06	8.29585292971489e-05	3.05134225174754
1912	0.34863631358701	6.45444084370911	3.65778562004332	0.00038160406604809	0.00180323202835081	-0.464507579250394
1915	-0.0132526661091581	14.3425497965188	-0.350594117327343	0.726518373600553	0.803890390614946	-6.70628013519431
192286	-0.0230733698313304	11.2956315776071	-0.430236210648779	0.667809073731629	0.758957477851301	-6.67537078043158
192666	-0.796948413868847	6.90176062395898	-3.81045198933215	0.00022194879119021	0.00115958065479515	0.042141589825281
192669	-0.216152306419671	6.96630487142698	-3.54223385083384	0.00056931504180899	0.0025201191025414	-0.837037774704362
1936	-0.27730230067912	10.3250772333082	-2.87216449345048	0.00483530423387113	0.0151803926156502	-2.80078036877135
1938	-0.160894675988291	12.6810380772006	-2.87054783590008	0.00485844966268908	0.0152414714066889	-2.8050951269072
1939	0.233249814344395	8.38222462285509	3.82910849326065	0.000207512327396526	0.00109875116942007	0.105165329910805
1942	0.00165732954632918	11.6401903343554	0.0125996709006666	0.989968474732891	0.993094437854467	-6.76734385771522
1945	-0.292216987815779	7.01680636739541	-2.70525972884308	0.00783666953009322	0.0224915231116739	-3.235027422542
1947	0.135587592952536	7.91527560698906	1.06600488415522	0.288599134619572	0.406796732415984	-6.20459982413742
1956	0.182748228139844	11.0984635886116	1.42420861863556	0.157026963832379	0.253774744913999	-5.76660496844018
1958	0.877209901012195	8.12813163947459	4.81169631353222	4.47194610138565e-06	4.58860556490006e-05	3.74051114877213
196	0.191151488320935	12.6506807255514	2.0426016476603	0.0433215089006087	0.089885873780213	-4.72727759322168
196074	-0.104745985589809	7.60327967472078	-1.83678905679095	0.0687593430264782	0.130900084103091	-5.11217390333166
196294	-0.172411050075049	5.83886649746875	-1.501957202928	0.135781254663248	0.22633222051206	-5.65542267425149
196383	0.447203745652921	6.2951930385997	4.02255112137201	0.000101993285657219	0.000614041209568971	0.772540923924265
1964	-0.0424892920311117	10.5124757815411	-0.333800528243313	0.739122934565151	0.813695247168886	-6.71199463203717
196403	0.455920222787087	5.22756745868031	4.80381593394153	4.62166485770655e-06	4.71295700304397e-05	3.70905938395327
196441	-0.0564586498029932	8.48783453003658	-0.9109153662543	0.364198245120441	0.486304155301462	-6.35591557892639
1965	0.170501476438937	8.63446611030514	2.43764785445911	0.0162757605450869	0.0410246512366242	-3.88307963693815
196513	-0.125396688964148	5.52738204955788	-2.00370141392876	0.0473944376771078	0.0966373871174798	-4.80295387295962
1967	-0.0578477222800232	9.17351351803642	-0.645569509423238	0.519812366970032	0.632162860891116	-6.56037320062135
1968	-0.0486387773681083	10.406594284863	-0.843702113896364	0.400544118006977	0.520776706239198	-6.41422461046593
196883	0.975782498604767	6.80963875193644	5.93643613087889	3.0011156644171e-08	6.86681866705962e-07	8.55037400873804
1969	0.103189511685146	5.51935079765647	1.17322976357621	0.243068010927131	0.355730292391584	-6.08637809028909
197131	-0.396058539695485	6.7415828700352	-3.74883272717572	0.000276717623459038	0.00139286262630814	-0.164308772954102
197335	-0.173728740195797	6.66724192301587	-2.08323698222719	0.0393905135656957	0.0833843265127233	-4.64678065272054
1974	0.0248466547957676	13.0523909411909	0.522518193640563	0.602289854285547	0.704662067478558	-6.63169819138368
1977	0.150419091082959	8.31267433061011	0.824557155587359	0.411287804995385	0.531022484677682	-6.43002596285266
1978	0.118853014334319	6.08994490038243	1.35883620993827	0.176791898449184	0.278364674264251	-5.85567052090384
1979	-0.0209929440885289	9.44244797429677	-0.318553319518737	0.750628763756936	0.822509151122786	-6.71694048727368
1981	-0.124345353566082	10.2360674689428	-1.93569987575791	0.0552981892843736	0.109798808530992	-4.93197650964581
1982	0.0446597230492016	13.7469627185668	1.22666127413911	0.222393518006866	0.331882648371583	-6.02333875370884
1983	-0.275965068833809	9.59583785715296	-3.63175532370921	0.000417912609146183	0.00194462963513102	-0.549259508209354
1984	0.0617994682699938	10.957286116993	0.652383745052799	0.515423335093105	0.628955052130159	-6.55598716196734
1992	0.00672162412083651	9.69598505543147	0.0933715451195472	0.92576684969702	0.95074402318754	-6.76308398820768
199223	0.0599618378727897	4.9746682667862	0.901167879338393	0.369335892269895	0.491416635011168	-6.36464495969629
1994	0.127009168735495	6.25015120582954	1.78420919384335	0.0769613716292366	0.143401969243739	-5.20433468810032
199692	0.0705092709982426	9.19712161146277	1.59742547197037	0.112847168397161	0.195126148411253	-5.51113791166513
1997	0.119272754153515	10.4867622035056	2.11892946719167	0.036194630311061	0.0778156289352847	-4.57486199697006
199704	-0.173767934090356	8.24052346968292	-2.3310267524937	0.0214503823826559	0.0513119485898458	-4.124334607122
199777	-0.736010222124277	8.17819471727755	-4.3332405504417	3.10718076852455e-05	0.000228188877828086	1.89567483059149
1998	0.178798909730624	9.93031617726112	3.70071244910104	0.000328169016192473	0.00160205441710983	-0.323695354553876
199857	-0.070435998901021	7.53095348281106	-0.983028962423159	0.327605774398264	0.448314065031422	-6.28846100781693
1999	-0.485840011676778	9.17839704170191	-4.73660327618026	6.11230878687471e-06	5.95373473815862e-05	3.44220940648562
2	1.44225235059169	9.68975151290958	4.7097590787298	6.82973749486553e-06	6.49178730812305e-05	3.33634066226637
200081	0.06124349606784	10.128060157832	0.989334441933969	0.324525194054664	0.445204800347371	-6.28232259310374
200185	-0.531034139028604	11.4040108954515	-4.92377697803252	2.78979949202501e-06	3.05215149723531e-05	4.19152993703542
2002	0.00522659927549953	10.108042056995	0.0324893328038765	0.974136749588042	0.982942774443834	-6.76689752311992
200205	0.0214522008878216	6.0922945574152	0.245157072900143	0.806760936788102	0.865097408525214	-6.7375180236753
2006	0.850409517652274	5.22605051257945	11.830815786589	9.06888461631661e-22	1.87272467326938e-18	38.8527010121274
200845	0.34634827826867	8.96929538201762	5.55807287142518	1.72089591865129e-07	2.94908719669288e-06	6.86588352700395
200894	0.445813449291793	6.3519680614644	6.25376318847927	6.64455414153172e-09	1.95316787220826e-07	10.0082611518317
200895	0.0774261030422766	7.09177446259753	0.838821942202722	0.403266408709983	0.523327656864801	-6.41828650522384
2009	0.819305078990114	8.18908747094191	5.85850446953366	4.32082337719193e-08	9.07300848804954e-07	8.19843850384759
200942	0.320581036995257	8.53198275260022	4.50913103964453	1.54621237976217e-05	0.000128488070994322	2.55821725507509
2010	-0.346487464588401	10.7594874594989	-5.92601429149757	3.15144580752794e-08	7.13176503292623e-07	8.50316530309306
2011	-0.186902049908567	6.36954633197719	-2.07706380573786	0.0399671892182681	0.0842380665840507	-4.65910434967992
201158	0.0266628766294605	8.13476187682487	0.215636903109366	0.829643320721809	0.88162277488256	-6.7442849526503
201161	-0.427587395707392	8.09177163860594	-2.85342902505369	0.00510984085379624	0.0159092670382047	-2.85065474445123
201163	-0.517206241128127	6.48896271489915	-5.49532763206377	2.28566445547497e-07	3.75339729666466e-06	6.59264020104353
201164	-0.141267191701137	7.69235420344484	-1.77118758425416	0.0791129178487488	0.146354468405524	-5.22676735850263
201176	0.0365850458563152	5.79877204171299	0.355463207499669	0.722877640689876	0.800720036488987	-6.70457095509286
2012	1.25028197727826	8.6940044925378	6.79385562932799	4.7146674752001e-10	2.29077372618546e-08	12.5725948850729
201254	0.0372877633350654	10.7224219544795	0.45505261873322	0.649908062127343	0.743935780650201	-6.66445492570718
201266	-0.303178516085977	8.21168012489544	-3.2851585560656	0.00134243515994922	0.00522304023607188	-1.63090327425733
201294	-0.175108147421708	7.32025559470707	-1.95202225600804	0.0533060173111011	0.106457374997508	-4.90138753097855
2014	0.218534847703816	9.55515242186726	1.89038483397066	0.0611609593744215	0.119204701376291	-5.01563533029409
201516	-0.187898750556766	7.77557753447573	-1.49647077440613	0.137202711041941	0.22824390063444	-5.66345499128273
201562	-0.119821791008126	10.7275782122101	-1.98312898225158	0.0496772551164201	0.100424407063541	-4.84242636210445
201626	-0.237019307623067	8.67642685837319	-3.33041721804279	0.00115805665951033	0.00460940673546249	-1.49470380494362
2017	-0.0679981258139172	9.82867949283335	-1.02007622608098	0.309780516299779	0.42971045478267	-6.25184282436388
201799	-0.798155604175823	9.34062261252011	-7.33566566780082	3.04458686210255e-11	2.18680760704062e-09	15.2343188651714
201895	-0.301047676788688	11.3666412341042	-5.10457130288432	1.28588850981489e-06	1.6020270122279e-05	4.93322470388255
201973	0.0996677051116578	7.57075876642064	1.43361558783209	0.154328176029338	0.250245530821031	-5.75345583614493
202018	0.507001397565766	7.94396178148022	4.76789211168477	5.3680505184283e-06	5.31655842712443e-05	3.56611924387073
2022	-0.814288834954943	11.7113477685529	-6.67809427028392	8.37714260805439e-10	3.64185252329101e-08	12.0148798821705
202243	0.0857000680536548	11.5215780681276	0.546675451397765	0.585634664156385	0.690555649669056	-6.61887478772361
2023	-0.262876527810831	12.9933515446207	-3.18910017545218	0.00182821247047914	0.00676569668734665	-1.91483197331042
202333	-0.58083899587438	7.7841318548739	-6.85427723051005	3.48713386427613e-10	1.75632473895859e-08	12.8653239041514
2028	0.717839062175515	9.32740822289698	5.36876679074663	4.0302394480416e-07	5.97662079727533e-06	6.04706655669575
2029	0.0350174505771958	9.38718863521604	0.39994084194449	0.689923615676324	0.776173886922627	-6.68786958758142
203068	-0.0798188818315034	12.6055588525387	-1.10002365625794	0.273562355838406	0.390213810957641	-6.16829267734675
203100	-1.28186464687497	12.333138273557	-5.95501581024513	2.75039133533813e-08	6.38152596345307e-07	8.63464533484777
203111	0.0529501800011578	5.73363013234591	0.383311480889928	0.70217897283335	0.7862541573482	-6.69434354689822
203197	-0.102374231097813	7.32730611755126	-1.04156069939758	0.299746093007593	0.418774688503388	-6.22999769404208
203228	0.301016162052031	8.38182039260342	3.705988127786	0.000322114116199514	0.00157809169620877	-0.306300095478444
203238	-0.265721522299889	6.70387849508332	-3.68594938343187	0.000345691011073351	0.00167472595393893	-0.372268979347067
203245	-0.152976302743678	7.93842093872209	-2.44508549480963	0.0159601569698413	0.0403646345899845	-3.86588614664347
203259	-0.234855195613948	7.47781670160927	-3.90968399191347	0.000154807524971343	0.000863409963715929	0.380088077793971
203260	-0.363874130317085	5.91200306572995	-3.65407092827204	0.000386596386412567	0.00182369283367664	-0.476631631347972
203286	-0.0858464080964371	5.83250777193929	-1.18445044372031	0.238616597151098	0.350644563684054	-6.07336698119643
2033	-0.140994443440079	7.70902417415127	-1.50845991599679	0.134111438293455	0.224197628072037	-5.64586586746671
203328	0.233562907693242	6.02646403474577	1.67742906809842	0.0961073205371804	0.171272161302505	-5.38367943159835
2034	0.22970826260671	13.0393041537755	3.48212284618779	0.000698565270927399	0.00300841977990632	-1.02702587066222
2036	-0.184898932672646	5.52166486301353	-2.75747259065239	0.00675286822584717	0.0198996402231529	-3.10162852073821
2037	0.531626146686673	7.83228857609465	5.49298715412911	2.30991336242865e-07	3.77819492547735e-06	6.58248290504561
204	-0.0757790118668676	11.0051450658769	-1.12385184984253	0.263358510555932	0.378649486021236	-6.1421964958797
2040	0.785148527446702	11.8221214421809	5.46972603061836	2.56501293936386e-07	4.10600908510572e-06	6.4816714761844
2041	-0.229854910614315	7.51850897665286	-2.00059267723463	0.0477335612057193	0.0972088795757498	-4.80894302636551
2049	-0.0170170618702491	6.32206081637491	-0.134127648686018	0.893530283428432	0.930010098427274	-6.75846988316198
205	-0.674283468977478	7.6101596013052	-3.79130589294886	0.000237753963344093	0.00122894101202892	-0.0222870548164575
2050	0.0121898152772944	10.2527799037701	0.123659688468032	0.90179525809976	0.936271731040101	-6.75981272957058
2052	0.733727414294367	6.71370609179627	5.89770651829804	3.59810748230286e-08	7.75988715504482e-07	8.37516093575438
2053	0.548053930206104	7.8610813322309	3.95446155704045	0.000131313253027508	0.000754275013913222	0.534767073663006
205327	0.0129164199764844	12.6751615056242	0.117129079741565	0.90695702337852	0.939050220499759	-6.76059525877236
2054	0.377165565832293	8.40479093303085	4.44139080595358	2.02723256008623e-05	0.000161237477570009	2.30083733398939
205428	0.810850881446371	9.16452341988157	6.38879853320195	3.45989549439455e-09	1.14314947134796e-07	10.6400916752498
2055	-0.494344041093276	6.71480038903828	-4.02837629813942	9.97988805592702e-05	0.000603027617717316	0.793025514061703
205564	0.205430877731785	8.52915321723216	3.54262248882707	0.000568557987888386	0.00251811741552712	-0.835800905663786
2057	0.324208742962768	7.3877215852813	3.99934618097857	0.000111201301226537	0.000658130336356495	0.691161821641155
2058	-0.305576467871847	10.791539514598	-4.35388172500561	2.86546328817996e-05	0.000214002954433693	1.97244984515992
205860	-0.105710622807584	8.4405596570978	-1.17212336276703	0.243510118059062	0.35631418514931	-6.08765448362879
2059	0.601057643815276	8.59411938653134	5.08100192706603	1.42381141164604e-06	1.73974589647874e-05	4.83556387049356
2060	0.244865139617694	8.16540665461502	3.91599121678608	0.000151271150133562	0.000846544512265055	0.401794069362562
2063	-0.217850224724033	10.425719604216	-3.23429492740403	0.00158221861655906	0.00599501182237515	-1.78212155806589
206338	0.703119585069131	9.21582753348425	2.01539352293902	0.0461372888550262	0.0946893960681144	-4.78035070072206
2064	-0.226370911989657	11.5175312414061	-3.08275108317224	0.00255413304786814	0.00895844542479441	-2.22090821091439
2065	-0.505331390983999	10.7944074121514	-7.57135867921113	9.03748098862753e-12	7.85785189116457e-10	16.4156997810393
2067	0.154139650804162	8.89852448374022	1.92564364323128	0.0565565819433803	0.111813634957473	-4.95070250871542
2068	0.0542648601669226	5.99819185495912	0.557483429032945	0.578253879907413	0.684490835201381	-6.6129509241054
207	0.124793269715245	10.9054841930984	2.19174022242613	0.0303632680340743	0.0677839443139063	-4.42465216090608
2071	-0.0311712062852934	7.55322805168851	-0.385909063369294	0.700259354061788	0.784503223185999	-6.69335035429815
2074	-0.000605266392196731	5.66746993125756	-0.00776908747704923	0.993814355404375	0.99597709722646	-6.76739282753547
2079	-0.12352185195137	10.7486780389536	-1.42141620814224	0.1578350197425	0.254731782546512	-5.77049213047756
2091	-0.109258633145863	10.691822380722	-1.1228422774124	0.263785366447882	0.379020958352374	-6.14331326439704
2098	0.0463386799347957	11.5650339302135	0.954829361924258	0.341617253427815	0.463233179382489	-6.31544090539012
210	0.168553950321691	9.07979921272728	1.81992717257099	0.0713065580863363	0.134974814029656	-5.14200450600174
2104	0.164981091688348	11.1091655934813	1.93257553093321	0.0556866008003233	0.110384286683626	-4.93780423690176
2107	0.0347890672838991	11.9785707042805	0.630254830246686	0.529747294202194	0.641506032855904	-6.57006373674296
2108	-0.00592360751571584	11.8316248023649	-0.104332224862561	0.917082948486658	0.946178510429652	-6.7620055862953
2109	-0.055566786414507	10.1709343579855	-0.69550326536398	0.488108310156479	0.604011182305995	-6.52717344944723
211	-0.335354010658692	7.59439019717819	-5.16326058123206	9.96578529330553e-07	1.28420259785809e-05	5.17764357663646
2110	0.148948000599599	9.6671365355711	1.8037248000602	0.0738274578541172	0.138815115382428	-5.17042346923286
2114	0.0921004066631177	7.79385085848291	0.880627535263024	0.380310699410912	0.501976090945051	-6.38273663239515
2117	-0.123479886489305	6.42722855224359	-1.5496074018775	0.123915445088363	0.210909041094144	-5.58447329659787
2118	-0.564626894567058	7.08444507815538	-4.35784579378245	2.82116196534537e-05	0.000211651206482768	1.98722426827641
2119	0.146665763320849	10.7778373520524	1.88505508430811	0.0618836006327039	0.120414261772941	-5.02535249187185
212	0.832650069435585	9.17549026148446	1.68240154225712	0.0951371221494065	0.169873028308279	-5.37556143647951
2120	0.245321826055565	7.90187476358693	3.62856826454332	0.00042257622058202	0.00195575378873291	-0.559603159646562
2123	1.06094281608017	7.15557844494991	5.33714273071618	4.63862449586557e-07	6.7101643320227e-06	5.91193069159002
2125	-0.09099244464098	5.46521645183829	-0.938987546170252	0.349656467697283	0.471253936702794	-6.33025840596312
2130	0.0402194465786643	10.5262419386215	0.755365083076267	0.451536059281056	0.568636659500156	-6.48414255092307
2131	0.0375722343228522	8.44595441420488	0.408513588994156	0.683637529216703	0.770893774094282	-6.68442504869528
2132	0.293333004700898	9.97718690411526	3.8646104961473	0.0001824718365358	0.000986398802215775	0.225753385461259
2135	0.042857179202354	10.3451925202098	0.765710750761683	0.445378341862361	0.563792499259105	-6.47634925080456
2137	0.234566537374614	7.68034468524255	2.43296627234476	0.0164772522854846	0.041444002398935	-3.89387773536814
214	0.210978150846866	8.44490367432536	1.52579677829925	0.129738116795533	0.218211534255978	-5.62019253470483
215	-0.366173159445582	7.37966637080434	-4.03098268277979	9.88317102241304e-05	0.000598058554176789	0.802198267583656
2152	0.976089651349084	9.47019299997755	5.15281496557626	1.04295459244457e-06	1.32535460516803e-05	5.1340131729493
2153	0.439769397874809	9.81084876591894	2.31398018535902	0.0224002596420133	0.0530921505431937	-4.16199680359212
2159	0.169793305199805	5.79293730307114	1.35226299294125	0.178878819466199	0.281061260945559	-5.86440194704045
2162	2.13375552478435	9.50447590362131	3.72719089609418	0.000298831168819383	0.00148147856300642	-0.236192354061731
2166	-0.201924476848425	7.11120676673622	-2.18545616310333	0.0308321447744681	0.0686266547661295	-4.43780078478732
217	-0.347138254476707	8.60615678621277	-3.09610998820625	0.00245015471635504	0.00865253439807297	-2.18294290924461
2177	-0.318832927264708	8.83228668107664	-3.5845818758014	0.000492181598537975	0.00222280110249223	-0.701621229290451
2178	-0.46114428523192	9.87778096237541	-4.37813046135445	2.60459251747943e-05	0.000198468027623433	2.06297793917624
2180	0.16137440187395	8.51503487109786	1.39434455170564	0.165835048886232	0.264797507017258	-5.80779487278755
2181	0.321574826192904	10.2039582771999	3.38624091373806	0.000963261413215266	0.00391953605397454	-1.32459490394577
2184	-0.221273834666439	7.58217563988437	-2.16556168645924	0.0323582961350003	0.071274540286694	-4.47919808458344
2185	-0.258248091015511	6.58112013169661	-2.52008305032936	0.0130697052219345	0.0343152463868973	-3.68988246229119
2186	-0.0363899344500517	6.95589971626449	-0.391916197111349	0.695827508412352	0.781445984974307	-6.69102788398713
2189	-0.331774306280424	9.11487705348042	-3.73273946255502	0.000293007067672651	0.00145709715772191	-0.217793884691498
2191	0.596381388227973	7.5160619535423	4.04188098822294	9.48838070339397e-05	0.000578406085682909	0.840601551304425
2192	0.263814254219912	13.3919089948567	2.43135495162739	0.0165471138729216	0.0416070504080158	-3.89758992030487
2193	-0.230621238722465	7.54923629201764	-2.42883745556457	0.0166567916888388	0.0418318939950771	-3.90338531886305
219333	-0.0823131997284675	6.54824618096039	-1.12928309517886	0.261070418461508	0.375948684883553	-6.13617171049865
219402	-0.0513357926634648	9.73985744399627	-0.88076853828977	0.380234675538955	0.50195595652098	-6.3826138415498
219541	-0.142325355960411	9.22381545069118	-2.23043693193688	0.0276104653928778	0.0628617541745234	-4.34291902735924
219654	0.42322260318116	8.09265621581813	3.8174706329625	0.000216409146884567	0.00113711167510593	0.065823293468048
2197	-0.0513201508432669	12.8959266606479	-0.939535084052665	0.349376596491368	0.471062056534375	-6.32975034450473
219738	-0.405006644608869	6.40104753350937	-3.11739832598987	0.00229253349000699	0.00819045269353707	-2.12215526732225
219743	-0.131503177596834	9.46251041257917	-2.24077624644761	0.0269128989173806	0.0615450014002115	-4.32085850938527
219844	0.0642513525767559	8.03081077008789	0.90639448092518	0.366575435738409	0.488926269159184	-6.35997578054966
219902	-0.445697928634788	9.52928800948153	-4.65525454722063	8.54577581092509e-06	7.85184740803573e-05	3.12264435091059
219927	-0.00817837848980557	10.0553502621017	-0.103411119220516	0.91781234914907	0.946773456089214	-6.7621008135109
219988	0.0797011390245404	10.131112345576	1.38590100945444	0.168392412496595	0.267948627860119	-5.81928754395557
22	-0.0123434790884744	8.35385587502283	-0.188151942080819	0.851080939576298	0.897246785054272	-6.74980650855551
220	-0.321399374933962	8.92885732144568	-1.72604275515347	0.0869588380512489	0.158096806133623	-5.30333261433425
2200	0.568716278529937	6.82893750862043	3.51804656816584	0.000618346809219532	0.00271389194694651	-0.913800351184235
220002	0.0353599539572915	9.32735491966098	0.289191797316015	0.772942408426667	0.839514042551515	-6.7258144922585
220042	-0.228854736516058	7.53187786954049	-1.8411849975788	0.0681078633434009	0.129954019685029	-5.10435431387561
220064	-0.11421976197169	7.3490824980288	-1.24620781189239	0.215158142290543	0.323953017739681	-5.99959396658855
220074	-0.101487519748247	6.82014173561386	-1.04733910948463	0.297085143898451	0.415989708188033	-6.22404601487013
2201	0.249760753685445	12.8299985559669	2.22036078229833	0.0283054198827001	0.0641434206395344	-4.36432791698216
220134	-0.243832083640402	6.50358544200569	-2.20284526375752	0.0295498373058568	0.0663265369962981	-4.40133126335291
2203	-0.143000034904524	6.78940457846492	-0.954205490075994	0.341931564895674	0.46338879836559	-6.31602905513287
2207	1.71274980820163	8.03411649468485	4.72476553231159	6.41919370451352e-06	6.1942219625329e-05	3.39547324955385
220929	-0.0749119898800707	6.346439028062	-1.10543412468648	0.271221765869438	0.387590066342963	-6.16241528355135
220988	-0.0918397262662284	7.65470091024795	-0.551618509950259	0.582253545976546	0.688239022576741	-6.61617980802744
221	0.867572164008772	6.05174266928667	5.01576840163257	1.88496918340538e-06	2.19293597956738e-05	4.56676900950949
221078	-0.17753405367796	7.30098047119108	-2.44855193711511	0.0158149350052479	0.0401078793808253	-3.85785667484831
221079	-0.457728316314417	8.46044925392864	-4.69825823795695	7.16147807297368e-06	6.77592312517327e-05	3.29110827239858
221120	0.315328286344713	7.11777040750781	2.32283040415144	0.0219025778177933	0.0521369719812602	-4.14247482731727
221143	-0.0773072407751606	8.6754199861404	-1.05646349555833	0.29291603928	0.411547284309032	-6.21458224014533
221154	0.17297526379236	10.7330565270693	2.81869306183218	0.00565689328494064	0.0172610174913493	-2.94237154486945
221178	-0.0949025067507331	6.92768269299168	-0.593739523441426	0.55382356311562	0.662215204304432	-6.5922366529644
221294	-0.0702374455660255	8.91632707125353	-1.05515706542622	0.293510519943615	0.412102140869328	-6.21594220424424
2213	2.42154834244138	8.55107016036574	11.4194734302834	8.55408132488868e-21	1.41313423487161e-17	36.6673186479993
221301	-0.01271809312637	6.10384958960987	-0.107110669417744	0.914883197973754	0.944616901907901	-6.76171322632967
221302	0.0439124443944046	8.13279708803824	0.850986495965977	0.396501559136088	0.516605870494415	-6.40811832934202
221395	0.645581543096958	8.91529101417212	6.96765405099357	1.97457377589232e-10	1.10202563438315e-08	13.4175194567669
221443	-0.0413126391488364	9.61939561991419	-0.788051528491514	0.432247823299812	0.551408034047328	-6.45916220499714
221472	1.00003979249102	7.74526222057398	3.87214427606405	0.000177541487106234	0.000964029958737978	0.251453609358615
221477	-0.141265858747423	7.46334890036403	-1.62823166975821	0.106144624056396	0.185713745966073	-5.46276300269331
221491	0.0309913163034783	6.71448869572082	0.442737925351697	0.658766368271155	0.751591201688937	-6.66994795792123
221496	-0.330073697990421	7.66012529005789	-3.20013292109326	0.00176507553954595	0.00655554134741436	-1.88257956549902
221504	-0.114040172399564	7.6013296179016	-1.36952859129325	0.173436520888953	0.274021741113763	-5.84137985838272
2217	1.35945069244409	9.74695189753322	5.19112456090107	8.82483382613989e-07	1.15520011733622e-05	5.29429870802377
221786	-0.00688566811148975	7.77747578742191	-0.0764086365002258	0.939223482837914	0.957929816467347	-6.76451724807344
221830	-0.0399298458296697	7.1023805995645	-0.489984289859444	0.625055372551456	0.723802057311987	-6.64805659664718
2219	0.126275604747131	6.03001626596612	0.735508725469674	0.463490103674172	0.580064887325555	-6.49880601760961
221908	-0.223613999610319	9.01144168337331	-3.24001521045456	0.00155338356117253	0.00589928653576325	-1.76521319929111
221927	-0.204896332846655	8.62654248015404	-1.73922791581873	0.0846041678006322	0.154745444205762	-5.28116463455328
221955	0.0906428649467429	10.1187170852522	0.746717676736511	0.45672018703046	0.573242477567482	-6.49057601775382
222	-0.0250767407289466	8.98291974397671	-0.19222466974878	0.847896855818924	0.895261156725593	-6.74903573108228
2222	0.226558584983567	12.0866644770981	3.63110218544841	0.000418864360336745	0.00194700034686636	-0.551379867781414
222229	-0.210442055283116	7.39397655583369	-2.78157574039441	0.00630015360597465	0.0188275212682166	-3.03929250169173
222236	0.000964499237613448	7.73932720718078	0.01287611796367	0.989748387016084	0.993040392569968	-6.76734035258795
2224	0.0322339491595657	9.16690010172933	0.369689993791703	0.712276554508421	0.792697970929608	-6.69944221140732
222484	-0.0803408244452065	7.78819380504616	-1.3757379300468	0.171510214204353	0.271393557342521	-5.83303112737374
222658	0.0104457834065963	8.33019130196865	0.133172517679286	0.894283935557894	0.930442789735257	-6.75859692896257
223	0.245484091169743	12.1075094514641	4.68949300603754	7.42473638905791e-06	6.9770560379543e-05	3.25668542446113
2230	-0.209621635589666	8.5810727012052	-2.09461213548513	0.0383466119273485	0.0815927394435596	-4.62398322556479
223082	-0.0949452960525546	6.57291546546204	-0.859991757908613	0.391538594122035	0.512780844688126	-6.40049782785431
2235	0.230267596748143	7.98464440611476	1.94910278157972	0.0536578192774426	0.107004728930873	-4.90687644804902
2237	-0.0243611767632326	9.78865253009462	-0.230333990571477	0.81823135322877	0.873371215451029	-6.74102420710616
2239	0.368192814218974	8.80017453375937	3.33944938003004	0.00112422009085835	0.00449252924552008	-1.46733848529558
224	-0.172825305423147	7.60596897834125	-1.54829861392191	0.124230040581954	0.211357391391749	-5.58645044935149
2241	-0.134615585182517	6.4048000632357	-1.43709880339056	0.153337972664271	0.249227007911625	-5.7485657719338
2242	0.299951823544626	8.35348601506261	3.15026056887603	0.0020675869748968	0.00752678202408442	-2.02762827326043
2245	0.243282650398274	5.97974169072397	2.42353964343322	0.0168897113429171	0.0422834929922	-3.91556342044732
2247	0.452261982976223	6.40829551267961	3.6534649748759	0.000387416591857484	0.00182532835130912	-0.478608421333991
2261	0.420430956028546	9.95000128615424	3.50578999193951	0.000644686518018798	0.00280712210797853	-0.952536652524595
2271	-0.0280805524834453	11.3956191127598	-0.459452507023807	0.646755126222253	0.741559875429735	-6.66245592370214
2272	-0.20654715007169	5.70497588127445	-2.58996307621799	0.0108081758021866	0.0293959605288314	-3.52160481497139
2274	0.254806489568916	11.6760379333391	3.17757993865659	0.0018963775880651	0.00697731798548673	-1.94840971706236
22794	-0.193388910775724	8.17583983009707	-2.0321781448564	0.0443823720790222	0.0918102663092219	-4.74768837786257
22795	0.371075627939616	9.4867587852818	2.50258746735885	0.0136985200365587	0.0356152897393688	-3.73136822521352
22796	-0.123171103658795	8.30871265220186	-1.97684913178067	0.0503924411438802	0.101621475548938	-4.85439972652923
22798	0.0846564936190088	5.04422328252603	1.00468428539658	0.317106031303858	0.437179489834149	-6.2672181498955
2280	0.345824100118527	11.1113110962726	4.50373114981359	1.58011010103979e-05	0.000131041259383421	2.53759973810339
22800	0.165555539802535	9.86767422133688	2.12017325938234	0.036087419569647	0.0777064873944954	-4.57233541125712
22803	-0.259248840220398	8.21195770775568	-2.46501966597173	0.0151409966286377	0.0386837711576083	-3.81957169781445
22809	0.00115060000916839	8.20792173089832	0.0135648265120726	0.989200089159912	0.993040392569968	-6.76733128949237
22818	0.021687859163754	9.63164951931273	0.296054781497279	0.767708974687639	0.835692630449737	-6.72381694401032
22820	-0.148365928917796	10.0036429734752	-2.93674242336576	0.00398937180532417	0.0129224357301873	-2.62670796093458
22823	-0.00671144428883125	9.07652141042101	-0.0617176439895922	0.950892172326116	0.966773788140045	-6.7655271384524
22826	0.155117330957971	11.6049149828394	3.297182865577	0.00129094101550771	0.00505124243869903	-1.59486840082661
22827	0.061289574856719	10.41938441188	0.753340300718749	0.452746886902989	0.56955365303361	-6.48565551871307
22828	-0.0597748612859544	8.12301518394309	-1.0355903365632	0.302512296717069	0.42166978297058	-6.2361131322323
22834	-0.0227235672606098	11.7096821401284	-0.212146969828746	0.832358631441729	0.883712377340447	-6.74502769066547
22836	0.339760195276895	12.1499434680292	2.36767097794756	0.0195278788971998	0.0476374127852541	-4.04252259780343
22837	0.226054859374149	12.8876969740864	2.32504848954608	0.021779383620162	0.051918530650083	-4.13757148928613
22838	0.210160482998511	7.39586019775118	3.20023775775632	0.00176448544841935	0.00655554134741436	-1.88227264504975
22839	-0.117831944635957	7.9593690007516	-1.75695462952647	0.0815210360120882	0.150237339906258	-5.25110871657604
22841	0.379961443419251	9.15427527663529	5.45256144877302	2.77072371495776e-07	4.35927197820021e-06	6.40744340284841
22845	-0.205889732165931	8.15535587544655	-2.17016574389635	0.0319993958425991	0.0707815616595836	-4.46964880012061
22846	0.698504885884611	7.71986161065769	5.24111108361506	7.08884731228942e-07	9.59899652450994e-06	5.504547801677
22850	-0.0667653535500495	8.90255345713085	-1.24187622671391	0.216746525848522	0.325869367220385	-6.00488743154555
22852	-0.154546298278977	6.66365054166552	-2.07714629523122	0.0399594357891253	0.0842380665840507	-4.65893989724999
22856	0.0516232567720834	12.799077964756	0.932452233544405	0.353008079271453	0.474429992642727	-6.33630001229571
22858	0.00927065020858771	10.3792576004659	0.116511478193849	0.907445382570106	0.939050220499759	-6.76066706638303
22862	0.114400662881155	11.4420377232092	1.11128305398463	0.268707165828743	0.384465821885574	-6.15602982837437
22864	0.0656114143254059	6.77049931363215	0.954872686848182	0.341595432951345	0.463233179382489	-6.31540004714304
22868	-0.0935566854639123	7.51952496850114	-1.61128404503678	0.109791261592808	0.190869735501742	-5.48948516499627
2287	-0.00177610018427064	11.1047607286632	-0.0249760209183736	0.980116305852531	0.987047145372093	-6.767112404678
22870	0.0774692397036882	7.0299127967029	1.19294211232751	0.235286772240213	0.346800274572477	-6.06343997762923
22874	0.307784978920817	9.589074847029	2.58869893276875	0.0108457420891	0.0294682003408796	-3.52468546669222
22876	-0.275677803781998	7.02914937039314	-4.72987686900322	6.28489725909984e-06	6.09310461973764e-05	3.41564342820223
22878	0.0203135465303148	9.78753713276952	0.378709463685386	0.705584594945549	0.788330685006119	-6.69608671253571
2288	-0.302912966384169	9.6363596488901	-4.59915146245783	1.07454696800762e-05	9.41225658085148e-05	2.90446304277969
22880	-0.194324170350419	7.74011504443546	-2.85109001751809	0.00514509908911218	0.0159768102733707	-2.85686134267717
22883	0.270166575059921	10.221951829064	2.66039827167279	0.00889140249993	0.0250402266107814	-3.34784726915526
22884	0.0782083214560501	9.56815747524103	0.894716378427664	0.372761284589882	0.494540348652814	-6.37037167941719
22885	1.16563951565352	5.35683709472744	9.64277095303037	1.41696610971951e-16	5.83149963646583e-14	27.1970395389445
22887	0.0880886822915573	10.246968061341	1.43442772441745	0.154096864273842	0.250017697682564	-5.75231670672292
22888	0.067708015092351	5.2995099704904	1.09878646575736	0.274099528017068	0.390692338467814	-6.169632670367
22889	0.024808945739265	10.1620221769311	0.453508723885432	0.651015918971668	0.744825368528305	-6.66515182096996
22893	0.0505505873218124	5.42307318489985	0.627725738065085	0.531397320012902	0.64285375215079	-6.57164181976691
22894	-0.0346924025771235	6.36093239084534	-0.543979692829851	0.587482480964553	0.691648416871039	-6.62033435851977
22897	0.0248826794355508	5.43849248609027	0.312267703944453	0.755388576731651	0.826315672600111	-6.71891221856536
22898	0.310704806447331	4.74518369804844	5.13849893228066	1.10994554681112e-06	1.39758387449083e-05	5.07430638292944
22900	-0.0852721715623661	7.77680488470001	-1.15982995388077	0.248460974516807	0.362236149699421	-6.10175755290294
22903	0.662060354884271	9.88339497840361	5.95693630839742	2.72567990603406e-08	6.37793655066328e-07	8.64336404821657
22904	0.17912758366762	6.93977667827753	2.65924819336267	0.00892005555720008	0.0251038020110639	-3.35071761127919
22905	-0.151782521614475	7.56669518571468	-1.34699399535261	0.180565022605071	0.283064544831636	-5.87137130720271
22907	0.0160682101829938	8.49616043933966	0.256353379967768	0.798124669409985	0.858287953303799	-6.73472493364893
22908	0.112240137804684	10.0686546910504	1.25075132693085	0.21350119062849	0.322333401291276	-5.99402222703002
22909	-0.0601351843121924	7.03444123095479	-0.771504905397756	0.441950957101408	0.560668853579731	-6.47193871708747
22913	0.0947408248467147	9.59326705737212	1.58094210855666	0.116569839735344	0.200388527828083	-5.53665851463367
22916	-0.031412254301116	10.1401231196918	-0.475514496358467	0.635299960671074	0.732186085550868	-6.65499580738695
22918	1.35854307975077	10.3084521892752	10.7546772480886	3.24780417011601e-19	3.35335780564479e-16	33.1236033840049
22919	0.00274345965788777	11.781369693172	0.0665987526372563	0.947013920569546	0.963579081535409	-6.76521542896069
22920	0.112927844418289	8.58191047974326	1.79304938586734	0.0755284200027107	0.14140180172765	-5.18901680745685
22921	0.269007685776786	10.9351855400992	2.73944220650991	0.00711066803228998	0.0207614414799276	-3.14794782304621
22926	-0.34364837652426	10.337596987131	-5.30937092258865	5.24620980325211e-07	7.4584669492018e-06	5.79365467935605
22927	0.00478147239915162	5.83834742814706	0.0572664140833104	0.954429896494479	0.968857188772815	-6.76579072324867
22928	-0.0580813068461342	9.12324743471093	-0.836589642706804	0.404515377899983	0.524618781826638	-6.42013674673293
22929	0.00399725189932761	9.81218698140562	0.0527802816262855	0.957996280384685	0.970926291530981	-6.76603642178037
22930	0.0546134694290952	10.2490576657517	1.05138811363378	0.295230143069762	0.414023935782043	-6.21985634559378
22931	0.345908163633464	8.25602515517705	4.76663322885636	5.39622052009228e-06	5.33805766418709e-05	3.56112322669159
22933	0.206865851022401	7.05911697197977	2.99199225584969	0.00337603073096357	0.0112443604184512	-2.47513503053028
22934	0.00720851657955869	10.6654155190363	0.117026208021648	0.907038365185723	0.939050220499759	-6.76060724585813
22936	-0.283922037125322	10.0653907026027	-2.33128323424016	0.0214363660128031	0.0512932744107051	-4.12376602067214
22937	-0.454009942950643	11.2115324118698	-4.84353014360717	3.9136248979758e-06	4.07648696813117e-05	3.86791376729023
22938	0.0352232125727258	9.02658250106208	0.794239345388879	0.428651559007228	0.547750909251191	-6.45431535521962
2294	1.01417884263412	7.22172601423931	8.36158837597356	1.42109921356419e-13	2.49750627745536e-11	20.4594035846449
22941	-0.153836189001651	7.70491276681469	-1.91529364294377	0.0578768557120583	0.113932990510391	-4.96987996503361
22943	0.3324841209206	10.0917445946329	1.90859198414541	0.0587455005721969	0.115313173651698	-4.98224567191112
22948	-0.0124317644488082	6.96138167859412	-0.116785846834778	0.90722842528323	0.939050220499759	-6.76063521280322
22949	-0.223924415256872	9.15721119971061	-2.12260607619031	0.0358785113218226	0.0773372921498578	-4.56738952541247
22950	-0.00500412622346493	7.41358833115735	-0.103093492670087	0.918063885996149	0.946773456089214	-6.76213345511986
22954	0.270163404102149	7.19707482084519	5.32481841501987	4.89926171553744e-07	7.03732033840447e-06	5.8593970920475
22955	0.197785233820832	8.07280901779091	2.8318159974786	0.00544422300206397	0.0167234220888986	-2.90783671821321
2296	0.658966839076115	7.65832956077964	3.14329843975267	0.00211345851564092	0.00766587009951436	-2.04772439092932
2297	0.849943983593651	5.39463628922149	6.94683307744939	2.19254879913828e-10	1.19936775370081e-08	13.3158328613617
22974	-0.410466246504984	8.04279233123074	-3.18550631102258	0.00184922867210382	0.00682512458962356	-1.92531786611929
22976	-0.194225968601302	8.53440558363608	-2.51960950850792	0.0130863786862728	0.0343481054809702	-3.6910087436464
22978	-0.0957006308872517	10.8473064035096	-2.14420089913339	0.0340694889466507	0.074369444687985	-4.52325761288202
22980	-0.114663867336404	11.6880961358593	-2.63162582517915	0.00963381664067853	0.0267031293463103	-3.41932645381036
22981	-0.216843666329148	6.19575607965251	-2.59243101995352	0.0107351738326691	0.0292455593198702	-3.51558670366599
22982	-0.0481940150916858	6.09549512620927	-0.460072853123034	0.646311104062598	0.741153647029996	-6.66217254014462
22985	-0.0254266326408168	9.15410252913887	-0.502477236822027	0.616268921507232	0.716450568845846	-6.64189879778779
22990	-0.0278533305182535	8.64263541907724	-0.488818096727011	0.625878358204043	0.724359708388034	-6.64862353733596
22992	-0.0751847657809842	8.82799303921259	-1.03387327247749	0.303311025409267	0.422344752171367	-6.23786552952205
22995	0.0224567461641461	8.33017524038351	0.286030299752471	0.775356777308946	0.841030463633866	-6.72671894251366
22998	-0.441726049711367	9.97922180452239	-3.08333181859649	0.00254952924424502	0.00894899406570724	-2.21926068731002
23	-0.252473945706473	11.0837923163126	-4.14768450475777	6.36328804083261e-05	0.00041748021618171	1.21746149890112
23001	-0.123282913097643	5.45622156444099	-1.72642645297276	0.0868895663041407	0.15805060948518	-5.30268977358
23002	0.528036845146054	9.20481499714373	4.84394306568241	3.90684733353306e-06	4.07456552714433e-05	3.86956999308391
23005	0.0544095472529319	5.02896432637364	0.850947470770108	0.396523149992081	0.516605870494415	-6.40815118114419
23008	0.29545378331673	5.75402073231199	2.77874781160668	0.00635179771984165	0.0189286106879891	-3.04663074643618
23011	0.0129249504585656	9.88643188869623	0.261008005144235	0.794541609416888	0.855883371646257	-6.73352710716539
23012	0.266704982697131	6.09262250211456	3.20390348926582	0.0017439673731615	0.00650052820501534	-1.87153553068306
23013	-0.0403209531621042	9.50240417467655	-0.738879975870713	0.461448022172507	0.578122351455318	-6.49634369514894
23014	0.0385184101774366	10.6834352004829	0.828562755082014	0.409025739526958	0.528642248238566	-6.42674957642679
23016	-0.252444124933279	9.0868246533453	-2.34901707386975	0.0204866124061993	0.0494215591341138	-4.08431436663215
23019	0.112485978517359	10.5366180083502	2.4561077496953	0.0155024659903248	0.0394608225208266	-3.84031927038588
23020	0.0746940156468754	7.36027665193162	1.01892358220169	0.310325143451849	0.430225861851674	-6.25300217904188
23022	0.0409283565705529	10.9482998295585	0.558687997088428	0.577434029797624	0.683716325419779	-6.61228355425658
23028	-0.16326063790921	9.69799613537571	-1.62745874273938	0.106308791888963	0.18592221490638	-5.46398753047744
23029	-0.0801415318587303	10.2633538878292	-1.28799409818465	0.200269721224797	0.306443263516384	-5.9476077322922
23032	0.0927972612520878	8.54593850530292	1.61788682518352	0.108358784955456	0.188787927384953	-5.47910601421733
23033	0.121483946590362	6.52653289712322	1.81012465341444	0.0728230336114671	0.137364297243827	-5.15922682667057
23037	0.140716307147785	9.74626623760737	1.3383328894335	0.183362716837515	0.286294141753	-5.88277013133091
23039	-0.0885338257185857	8.7523416950034	-1.47138239334954	0.143851329624225	0.237073420330426	-5.69982463367765
23041	-0.0909353376614832	9.95791518431732	-1.88906202970771	0.0613396499639181	0.119524772045757	-5.01804946493555
23042	-0.12500531629723	11.3044148650839	-2.4372374988698	0.0162933338520894	0.0410313834202008	-3.88402687405041
23047	-0.0316742805287393	8.01406428317254	-0.5435527971779	0.587775348465541	0.691796007170899	-6.62056483521883
23048	-0.493638398062206	10.0877635362865	-6.43099630607916	2.81805536104023e-09	9.69880720091347e-08	10.8388614198231
23049	-0.220366623007998	9.40151776077687	-3.4352621520536	0.000817978783108311	0.00342795776178318	-1.17330427653911
2305	-0.275688849390917	7.04134185032308	-2.23059554971876	0.0275996457000834	0.0628544454046564	-4.34258129914297
23053	-0.103916934237333	10.0079119623842	-1.67114025672377	0.0973458221840647	0.172975718190606	-5.39391367063105
23054	0.164134734552338	10.3696346530324	2.81156725079363	0.00577552792203009	0.0175332466216573	-2.96106550570543
23057	-0.50715411031265	6.78429511514345	-4.64914476654245	8.76234817388739e-06	7.98863089583994e-05	3.09879564997819
23059	0.0227870531169311	13.9931377156092	0.658782867266945	0.511319485643295	0.625610865266423	-6.55182669088273
23061	0.225584967712224	8.76550624509619	3.38827944264682	0.000956766036687783	0.00390073418708839	-1.31833902748369
23062	0.0342413491371857	8.02497065984595	0.604102476147321	0.546935958022032	0.656641135648544	-6.58607763421216
23063	0.210969774809129	8.35009427689432	2.77504198129374	0.00642005827406778	0.0190763357671797	-3.05623718125912
23064	-0.197774693700932	6.70669961635356	-2.29996819474771	0.0232085781022699	0.0546317626459815	-4.19276568362323
23065	0.0374871899892071	9.50055186248634	0.660523583634957	0.510206136259725	0.624618746925349	-6.55068796797396
2307	1.11064364658438	5.64693542038488	8.06849424142734	6.71565790343426e-13	8.94698940038177e-11	18.9464076630418
23070	-0.0284133741847613	8.94101279900624	-0.449377883310115	0.653983932973873	0.747151768515102	-6.66700482661522
23071	0.254819075655944	6.23235672495233	2.16697635959312	0.0322476481380078	0.0711826760074677	-4.47626589907643
23074	-0.0517739810479771	7.22684154265475	-0.783805688116904	0.434725645731344	0.554055521330181	-6.46246622821866
23075	-0.230952473073866	11.3356372294773	-3.71042276740229	0.00031710654372469	0.00155725330033647	-0.291662845870905
23077	-0.0745382266415059	8.48986803760069	-0.975582930008037	0.331268250042655	0.452375020535306	-6.29566004603453
23078	0.177686255116799	7.31570892361384	1.74933738584611	0.0828343691717665	0.152148518870089	-5.26405930345785
2308	0.228936983846254	6.34649042787347	1.53373160612989	0.127774283947006	0.215743169542574	-5.60834819799953
23080	-0.646567377236769	7.60918645795934	-5.63405622199199	1.21759749596878e-07	2.21527650147624e-06	7.19916819117103
23081	-0.164324281173395	5.58859667926884	-2.89481806159274	0.00452143082909799	0.0143476829229156	-2.74009799624895
23082	-0.301375049127646	9.51251745573627	-3.8612117184695	0.000184738526831116	0.000996380709453436	0.21417167243485
23085	0.0259445039759439	9.16073672747627	0.450204731765648	0.653389395621652	0.746885747001777	-6.66663527285071
23086	-0.0478193934238663	8.17734097555626	-0.338480477021116	0.735603050773081	0.810895607634361	-6.71043027684828
2309	0.178376276147698	10.636476024686	2.1506204097129	0.0335471767020354	0.0733650197402204	-4.51005888580957
23092	0.407735134463395	5.42964516309471	3.47002157130558	0.000727724800123638	0.00310544602202453	-1.06495496137946
23093	-0.244438516490112	7.56835786527065	-3.65332518314285	0.000387606044575811	0.00182532835130912	-0.479064424249343
23095	0.318638186248291	8.96440961326599	3.61430272214305	0.000444060627088091	0.00203661342573439	-0.605813521135494
231	0.0404933296818822	12.9560720617389	0.615369214772095	0.539496709123906	0.650068739612196	-6.57926131718008
23102	0.258987880486111	10.2123073467715	3.80555918370463	0.000225890026443935	0.00117793662779476	0.0256527522692034
23107	-0.218354364388222	9.73963943055854	-2.58531915143031	0.0109467562016439	0.0296654219900193	-3.53291523624824
23111	0.0992077246748144	7.71124374661585	1.20449823638668	0.230808989702288	0.341785990487791	-6.04981938620225
23113	-0.230402855623835	6.24965343913494	-2.75182398686883	0.00686315769048227	0.020149243353898	-3.11616823917408
23118	0.408523019515231	7.65668333694928	3.14507557084583	0.00210166048754787	0.00763064423171228	-2.04259828187305
23119	-0.339679224681058	10.6408191030851	-4.96256073997817	2.36598936011609e-06	2.66981859488509e-05	4.34918214892644
23126	-0.00749334072269977	6.39971394802013	-0.0739292173967467	0.941191966672038	0.959664935774724	-6.76470275579012
23129	0.153763099074552	6.47626361760504	1.85665203043677	0.0658563761892907	0.126505504028731	-5.07670112747237
2313	1.10603008949003	8.1107015933351	8.45130697249317	8.81121442579846e-14	1.65410525357035e-11	20.9252042927331
23130	-0.163759736017663	8.96552132539891	-2.68219260495024	0.00836392604704317	0.0237654039038791	-3.29324593697416
23131	0.0851396019205516	6.32583519154665	1.09768778961774	0.274577170566382	0.391103195185086	-6.17082140118522
23132	-0.0172326535844719	8.86066369151128	-0.212990501584748	0.831702142262215	0.883128897684265	-6.74484927743476
23136	0.0694564822631101	10.6610395068969	1.25274994419832	0.212775285648897	0.32165517193629	-5.99156505958716
23137	-0.106320567475892	6.08800951228817	-0.818908089052462	0.414490729683528	0.533950939985331	-6.4346199518805
23139	-0.153811195029279	6.72261539984586	-2.13438666818288	0.0348816120454588	0.0758216093409184	-4.54336551130085
2314	0.0316144763912198	7.56729052235209	0.42511285641269	0.671529135502133	0.762241398824738	-6.67754839336503
23140	0.0100708868549671	8.5199417327902	0.159138171621314	0.873832249711722	0.915931960569457	-6.75482009038123
23142	0.330108475497329	8.40077841892733	4.7529849675929	5.71097525598488e-06	5.60245316085927e-05	3.50701553765469
23152	0.0627639039010144	6.53250346482625	0.904631427729247	0.367505141626266	0.489690671049033	-6.36155377817121
23154	0.0531034708111083	6.45139886913377	0.758353411343854	0.449752421265045	0.567428593195246	-6.48190225057918
23155	-0.332421854738495	9.56912960284791	-4.11374358311234	7.23874669920499e-05	0.000461002681075044	1.09577606302586
23157	-0.27863801431279	7.75340022687498	-3.08399782721145	0.00254425889599856	0.00893899552571165	-2.21737092278522
23158	0.428210874912363	9.75964511326743	4.79481396288279	4.79864507773092e-06	4.8515065290156e-05	3.67317330936265
2316	0.126118249304344	6.73059307046487	1.25437704417271	0.212185651229671	0.320881266780864	-5.98956182805281
23161	-0.0278977220678395	8.99496095863276	-0.586586079494591	0.558602973482738	0.666290333713707	-6.5964263659137
23163	-0.0957517876724519	7.54479132313802	-1.15675863008254	0.249708928599897	0.363581129955076	-6.10525830997748
23165	-0.182295003687122	10.0246652204973	-2.56975713032751	0.0114228793129574	0.0306739216921417	-3.57068505226874
23167	0.137408867403359	10.2503800675817	2.39781203690932	0.0180624882302851	0.04465613672019	-3.97436148395245
23168	-0.229455264498243	6.36434339082004	-3.50907615454704	0.000637522623419424	0.00278326473015034	-0.942161616610709
23169	-0.167297965584582	5.62423047498044	-2.15811169116589	0.0329464451427745	0.0723001160678314	-4.49461049805972
2317	-0.398667666532164	10.3131308851692	-3.62151331490442	0.000433075339665405	0.00199732122034408	-0.582474384587061
23170	-0.453855937281659	7.86859051722796	-3.2727327272734	0.00139766056383778	0.00539470853144864	-1.66802659865712
23171	-0.0372980362207569	11.3695481207173	-0.525055802609864	0.600530174697554	0.703200913382732	-6.63037825852916
23172	0.124880807956781	9.32556144139784	3.40372784480994	0.000908861634465538	0.00374797658546447	-1.27083040628746
23173	-0.223872458261924	10.2229543139958	-2.79538972595664	0.0060533392426554	0.0182085149833699	-3.00335249700921
23174	0.393096933606136	7.55207370869479	5.04103133489899	1.69130931354167e-06	2.01010286760492e-05	4.67060149045709
23175	0.179141831031549	9.66321763482145	2.35171398170263	0.020345480379992	0.0492248587986918	-4.07829085718268
23177	-0.367173457551343	6.93580256342396	-3.20644766828034	0.00172985776924116	0.00645959546741951	-1.86407744848668
23179	0.732127332023329	9.50189422038158	7.97496421589573	1.09907076333230e-12	1.3755037128977e-10	18.466643881414
2318	-0.557015942471384	8.93058311987079	-4.34016977288023	3.02392731711506e-05	0.000224417247433696	1.92141883101323
23180	1.06527192775288	9.55908571481956	6.68295661068371	8.17796443049688e-10	3.6122987270537e-08	12.0382213607444
23181	-0.559580021221077	6.99169809573754	-6.88030235465788	3.06133468836183e-10	1.57059779663781e-08	12.9917456973245
23185	-0.200447169074283	10.3376296654731	-3.04497814134506	0.00287065924730071	0.00981910631969229	-2.32750172781685
23189	0.210535761162736	9.74652203285594	2.23553617038798	0.0272644834866695	0.0621940440761916	-4.33205071776035
2319	0.108100934394226	11.6323494491587	2.19854270101218	0.0298627145519605	0.0668652811599874	-4.41037963609988
23190	-0.122995090358628	10.8790682453349	-2.20828040821206	0.0291586846601855	0.0656626868301888	-4.38987778971411
23191	0.204706032038215	9.78515365979032	2.43672239853941	0.0163154167074616	0.0410744718084831	-3.88521569306151
23192	-0.221959529026322	8.7076308139352	-1.78065740864069	0.077543383464481	0.144128791047843	-5.21046887610681
23193	-0.121318140170934	9.43574411502729	-1.7885105381519	0.0762613659992151	0.14254783506529	-5.19689046575647
23196	-0.157198555934993	12.3198215425285	-3.01520674907745	0.00314527975712042	0.0106127495072772	-2.41072567580812
23197	0.0480099624990401	10.5621085310605	1.13743567292478	0.257662070402731	0.372273692763085	-6.12707486422569
23198	-0.363580572055971	10.129515169873	-4.63968083564119	9.10833632183175e-06	8.23678121977088e-05	3.06189688106368
23199	-0.214228699549381	10.7186494177916	-3.15438951834035	0.00204082117252953	0.0074358989347569	-2.01569240469844
23203	-0.187805019626871	9.40866119662932	-2.35632569396442	0.0201061340463623	0.0487171215086396	-4.06797609795083
23204	-0.14003875143464	12.4832963294636	-2.26355720138537	0.0254300863187185	0.0588400312666542	-4.27192181304519
23210	-0.0436429252913842	5.94525550640446	-0.408394210761687	0.683724913924299	0.770893774094282	-6.68447351512128
23212	-0.429058220402375	8.42501497871468	-3.53733248249934	0.000578944702715233	0.00255863201949054	-0.852627363005563
23214	-0.213987220606235	9.58740905643969	-2.57387960424774	0.0112949716391721	0.0304393036670673	-3.56069940388509
23215	-0.469243258167943	10.6073990272879	-7.25940921152647	4.49770201330586e-11	3.02040801869157e-09	14.8549505155545
23216	0.199386611205832	5.96509577972685	2.42144462587518	0.0169826152196845	0.0424526225790814	-3.9203726142843
23219	-0.107457496089867	8.87452740606679	-1.91389907030631	0.0580567189625461	0.114197304490373	-4.97245654358462
23223	-0.771435611308825	7.30266555067107	-5.48908630891948	2.35088916934245e-07	3.83004823249875e-06	6.56555950239945
23225	-0.433467355643928	7.09333883888879	-4.06928019931181	8.5613607466213e-05	0.000533309500505972	0.937494891835898
23228	0.256911286286323	10.1605925940896	2.07189045556116	0.0404560368842856	0.0850297365557759	-4.66940590944521
23230	-0.0891801825447269	7.45660916102251	-1.52949036358803	0.128821038968112	0.217155465689104	-5.61468645261104
23231	1.33583703609515	9.01535380534911	5.03000459132211	1.77333139660942e-06	2.09253104799911e-05	4.62523963867307
23234	-0.0644031023232746	10.6815346147853	-1.05162248386679	0.295123010352917	0.413943974446442	-6.21961334752606
23236	0.897498345716909	7.48586248726959	6.79220820445018	4.75352653231639e-10	2.29614790391423e-08	12.5646289200747
23239	-0.0140575558338839	7.47651249914875	-0.196709792605161	0.844393267484826	0.893239810073213	-6.74816782153606
2324	-0.146530477849844	4.85474882809429	-1.86988176554431	0.0639801813178708	0.123649110361631	-5.052874995913
23253	0.293003551924416	9.04884424529991	3.16415003714349	0.00197882377634327	0.00724516152154051	-1.98742460054212
23256	-0.0652540821488373	10.7429115494709	-1.15176720696637	0.251746515688226	0.365902906842292	-6.1109282826392
23258	0.0880782078862999	10.2051089400643	1.98030561794119	0.0499977225828368	0.100973395729641	-4.84781387131653
23265	0.190549090548551	9.76686897901685	3.27927626748702	0.00136831930564312	0.00530376230155429	-1.64849172429493
23266	0.844840482469071	8.20653927635485	6.14632126990294	1.11166941850346e-08	3.05062770659089e-07	9.51030888701181
23271	0.0284836786228245	10.269458324978	0.447618877848898	0.655249468328098	0.7483905708504	-6.66778874895932
23272	0.135343881796224	6.59334332651206	1.68573844586061	0.0944905123397426	0.16879144289063	-5.37010081918233
23276	0.0107846223874789	6.61984484732158	0.16290159180355	0.870874750533184	0.914147342661596	-6.75421703075373
23277	-0.245287573700415	7.30624185642986	-2.72466424460794	0.00741668609183573	0.0214803040387669	-3.18571263935685
23279	0.0202366264754588	9.93666612778115	0.359161572089758	0.720116520989607	0.798839976279097	-6.70325701213817
23283	0.283431070278981	6.51989967469235	4.14321565724498	6.47246446895646e-05	0.000422183075520302	1.20139727256192
23284	-0.878863993892686	7.05833566400595	-5.75173457547443	7.09118704609667e-08	1.39128752970923e-06	7.72038484894662
23286	-0.214470085614024	9.66035845841021	-2.65512640946401	0.00902343304732102	0.0253688076823933	-3.36099564923909
23287	-0.247748795103247	8.19365914852228	-3.70485497918737	0.000323405633606476	0.00158254178530183	-0.310038023408423
2329	0.209980090789216	6.51898170205238	2.06802530413696	0.0408246111354023	0.0855649043335251	-4.67708691254384
23291	0.167197282167837	9.71497954725029	2.60122137417194	0.0104787476529859	0.0286319734084231	-3.49410985391116
23293	-0.121491819686821	5.70267654892635	-1.75591552888679	0.0816991791344285	0.150464931917587	-5.25287850478004
23294	0.511752645764656	10.1155064595326	8.65134384725593	3.0233344867222e-14	6.5834155845472e-12	21.9677667823153
23300	0.29221544521416	9.35100990252888	1.84423318547406	0.067659145571279	0.12930692790809	-5.09892178227511
23303	0.160226106684562	6.76653235917645	1.72192146628068	0.0877057346044455	0.159219641281916	-5.31022879035254
23306	0.141737211234306	8.63449106782887	1.98740578519072	0.0491951382518154	0.0996937786947977	-4.83425175706643
23309	-0.227182220262145	8.90480681742076	-3.32157384179582	0.00119210755023916	0.00471364689563209	-1.5214378495271
2331	0.277065454179361	8.43833578279959	2.13648846317487	0.0347062944500458	0.075520019008793	-4.53906642144956
23317	0.0731989944277337	8.33728685464815	1.39450418327334	0.165786986564736	0.264771946833858	-5.8075769448175
23318	0.152795699454134	7.72438393105834	2.28888963226876	0.0238657194389315	0.0558760891625778	-4.21697226253833
23321	0.368108286845897	6.75005849175841	2.75303342416272	0.00683940635367707	0.0201187665531954	-3.11305730323573
23325	0.314873219808694	8.25684544862104	1.77214290422166	0.0789534049524123	0.146190344072389	-5.22512689440373
23327	0.466073549489544	6.92965569883998	3.8114865927813	0.000221123816219438	0.00115829027427037	0.0456303310863362
23328	-0.32607462586462	10.4070959488804	-2.53297362020002	0.0126230745928877	0.0333811357401616	-3.65915043399597
23335	0.277459678777813	7.10317360353044	3.85586721996439	0.000188357142011133	0.00101347831701215	0.195975619151253
23338	0.176434383670381	7.60052974328847	1.69511420748729	0.0926927955381677	0.166119004370854	-5.3547028828004
23339	-0.0899605496025035	6.72990648308393	-1.11096295949092	0.268844361643772	0.384595501762652	-6.15638013868202
23344	-0.0424716024584489	10.1618847993162	-0.774451968556409	0.440213579065793	0.559277745600389	-6.46968277422758
23348	0.199930344464685	7.12411872187942	1.87859172869054	0.0627695313655301	0.121851076164343	-5.03710180504659
2335	0.261950090821442	7.02287386133797	1.35414683715749	0.178278832311929	0.28041257163391	-5.86190376705124
23351	0.333116694378796	8.06786994901966	3.12261818814642	0.00225534803806555	0.00809945688732867	-2.10719646014917
23352	0.114769697504518	9.2874142650112	1.38117082431767	0.169838124383193	0.269644848745195	-5.82569637523473
23355	0.0841190811544054	7.99672002403643	1.35387875155983	0.17836412244123	0.28041257163391	-5.86225948304368
23357	-0.191036985637181	7.26639891067583	-2.52529215602458	0.0128875439617812	0.0339167252083842	-3.67748050088475
23360	-0.185181073348021	10.3282100582588	-2.90171516427888	0.00442964834461662	0.0141052025160113	-2.72154069513268
23362	0.418535425446015	6.20687848427023	3.5815837903914	0.000497300235836324	0.00224341886838232	-0.711250673905532
23365	0.197310133976612	7.73610461619127	2.60334729989359	0.0104175662279718	0.0285240239553632	-3.48890601298586
23368	0.352763002118188	6.81533219723374	3.22577050244804	0.00162611610451886	0.00612481487611753	-1.80727227877108
23369	0.145025726900785	9.75819495131882	2.8264539880817	0.0055302207515202	0.0169371981488902	-2.9219644789549
23370	0.139151502879862	9.72539706906451	2.64723954499613	0.00922426649683951	0.0257668046208638	-3.38062288609136
23376	-0.252445295642156	7.10916087323402	-3.25627791493328	0.0014740606776065	0.00564737532329765	-1.71700685415743
23378	-0.130682358821701	8.48901685111632	-1.46427662041185	0.145779182546269	0.239200645179218	-5.71001795046055
23382	0.211995264641483	8.06872230621717	2.4769022575607	0.0146707356027538	0.0376336261114118	-3.79180293328504
23384	-0.146138833364586	10.5478081897028	-2.50459047329471	0.0136251825304701	0.0354684143838767	-3.72663181656167
23385	-0.00111322701966156	11.9916843321719	-0.0199757029525356	0.984096515045326	0.989487183721777	-6.76722427292699
23386	-0.0100052007819421	7.61865448846542	-0.125491486290065	0.900348158053075	0.935573755883558	-6.75958561376587
23387	0.383698987129421	9.67710925071269	3.56419271446012	0.0005279975388669	0.0023638263799678	-0.766981040832596
23389	0.528614689387593	6.51826258681716	4.2829503106176	3.78102453500975e-05	0.000267849593989542	1.7097244382083
2339	-0.0979707763590734	9.3015626297351	-0.993452507050388	0.322523631565135	0.442826661690162	-6.27829280402933
23390	0.00460454861301098	9.03489353040037	0.0911147120961358	0.927556035450423	0.951280463474112	-6.76329119141643
23394	-0.0209222738661402	9.81260533229013	-0.594066126243554	0.553605835886863	0.662050702826914	-6.59204415943708
23395	-0.0675677846565398	6.9652785102663	-0.682914303501715	0.496000457834143	0.61139587848232	-6.53577480241744
23396	-0.186591736979042	8.53512704513612	-1.67442554501414	0.0966972239122119	0.17206356516908	-5.3885718524389
23398	-0.0744260353004701	8.89135006590057	-1.23438135722869	0.219515033699807	0.328445256127114	-6.01400422377739
23400	-0.105719111592404	7.32976177303369	-1.30133532587042	0.19568046533527	0.301274368681257	-5.93065896832174
23401	-0.142481691758751	9.85474662967324	-2.09234999327677	0.0385522913798817	0.0819248589652234	-4.62852605347682
23404	-0.179520338704357	8.15923469398677	-1.88817532579563	0.0614596750188433	0.119700073106914	-5.01966682114528
23405	0.270588941382675	9.37084209917942	2.15458375462077	0.0332281812859003	0.0728023282285242	-4.50189192458475
23406	-0.52093536131159	8.52086985271023	-4.38817057658641	2.50341306826629e-05	0.000192176505054643	2.10056625627288
23408	0.0157086736467822	8.38289301998821	0.271952594821434	0.786134034846544	0.849819019478139	-6.73062579532149
23411	0.0201791551595122	8.86926356783251	0.332559282772197	0.740057433400718	0.814181459761578	-6.71240589282621
23412	0.185119727018644	10.924579388487	3.47778938664853	0.000708878546174642	0.00304786137981373	-1.04062056956375
23417	0.0663386050005756	6.18463177301437	0.803870873477138	0.423089068760788	0.542267323890927	-6.44669647792508
23421	0.0146807911195488	8.13846241241758	0.142160605397062	0.88719574708328	0.925399276538439	-6.7573654705066
23423	-0.63411750668674	12.4474578142255	-8.32639440649609	1.71363161204477e-13	2.94887439906038e-11	20.2770078281275
23424	0.877541202331122	7.15131126967501	5.9882226696345	2.35252546169646e-08	5.69024379446207e-07	8.785607498153
23428	-0.299618335834247	9.07949831831155	-4.41609392975848	2.24152909506868e-05	0.000175000286628235	2.20542925378227
23429	-0.0679992100590994	11.4699657017525	-0.617332447064834	0.538205687629607	0.649179173455105	-6.57806076936662
23433	0.391527348843645	9.6695609931616	3.04694372184651	0.00285333208903633	0.00977136113409622	-2.3219825393547
23435	-0.0241465965022958	7.32214193977732	-0.384121247628594	0.701580346404833	0.785876547505278	-6.69403464820623
23438	0.00848330347539957	9.72159391396769	0.161542620827103	0.871942494782861	0.914803125480304	-6.75443642075059
23443	-0.196990829161791	9.47273214122224	-3.44122326715631	0.000801788054795589	0.00336994393611093	-1.15478586310125
23446	-0.173356007859884	11.9564002061261	-2.5411869738333	0.0123456847750758	0.0327263659313626	-3.63949599896028
23450	-0.365852340495298	8.26619247523795	-3.97901486330349	0.000119917019784643	0.000698529325402788	0.620153756343486
23451	-0.0818218457244051	10.907920090343	-1.59284030976452	0.113873045924877	0.196514293095173	-5.51826239808723
23456	-0.00772420138365073	9.1001780356095	-0.106358184920021	0.91547889064137	0.944988968583431	-6.76179316452747
23461	0.128851001030676	5.18884946608417	1.53763897228284	0.126815870745848	0.214607476410716	-5.60249398237888
23462	-0.153350738050679	9.01184969329412	-0.892652015790973	0.373861543660289	0.495639921442002	-6.37219555491932
23463	0.250191280886416	8.76221397314296	3.70039927930389	0.000328531812053631	0.00160287818521145	-0.324727340727081
23468	-0.228575638548537	8.89574695899309	-2.71897778636998	0.00753759278190413	0.0217770256658021	-3.20019639673968
23469	0.130390899342897	10.6438450958077	2.637314556989	0.00948273649697953	0.0263728631195458	-3.40524863994401
23471	0.0832283771266973	12.6235697923047	2.41849690829801	0.0171141012265517	0.0426819070444799	-3.9271328469993
23473	-0.234329682525266	8.48376581967205	-3.20861458495283	0.00171792430729569	0.00641793522309472	-1.85772137550553
23474	-0.0567945585762101	6.04891528015386	-0.650196815871928	0.516829804513265	0.630019803022368	-6.55739977895058
23475	-0.0325194293618536	11.244154907402	-0.554290101890924	0.58042999289394	0.686574787527415	-6.61471319711088
23476	-0.303336157469405	6.04365290317231	-3.06202319761858	0.00272358440960915	0.00941289005161989	-2.27953974678368
23478	-0.233560400180959	11.7567661966104	-3.56337622322476	0.000529481808684333	0.00236918729129609	-0.769592169405092
23479	0.0185246952623222	11.4344437889963	0.279187233966311	0.780590191219582	0.845652318721509	-6.72864262421437
2348	-0.283023125553008	10.8288834327166	-3.74456608216424	0.000280950506343811	0.0014090171113539	-0.178506328024295
23480	-0.11820829833842	12.7375759729128	-2.41912092459812	0.0170861910979246	0.042625170180869	-3.92570236251502
23481	-0.231730237182777	7.58093374889946	-2.64436839395491	0.00929837559743391	0.0259562630736073	-3.38775518003883
23483	-0.194644917584041	8.48961273370907	-3.1028637805212	0.0023990929440184	0.00850493893458884	-2.16369603557225
23484	0.58424275255682	9.91265124458641	9.57945210383799	2.00036339869664e-16	7.18391377097142e-14	26.8607796497694
23492	0.270399445875383	7.41186373226616	2.42352159819967	0.0168905096289218	0.0422834929922	-3.9156048600293
23498	0.135646989524784	5.74834161716282	1.10857264212503	0.269870416395875	0.385996474360161	-6.1589929699694
23499	-0.0161343411636009	9.37378576371313	-0.311885298157353	0.755678461185734	0.826523316921896	-6.71903090937944
2350	1.88192936241074	7.74865119792173	4.98152930649745	2.1821959688905e-06	2.486198441798e-05	4.42657996534876
23500	0.690970632557201	6.36621233092373	5.20592570683311	8.27163864157451e-07	1.09668916820876e-05	5.35642393022069
23503	-0.0213763064370449	9.37586759298	-0.387292234110806	0.699237977738974	0.783784190001889	-6.69281876539462
23506	0.130688910304425	7.88625917035073	1.96123282591551	0.0522088897012261	0.104519008466342	-4.88402028126373
23509	0.0134148335302965	12.9759426027299	0.148211627223119	0.882428893942534	0.9221739200361	-6.75649115151309
23510	0.215053037985759	6.98481821880841	2.80509499083461	0.0058852461792367	0.0178196970089792	-2.9780091415677
23512	-0.0345417764703351	11.7153507739729	-0.628305731520051	0.531018688631648	0.64265796116223	-6.57128047694631
23513	-0.181804668261624	9.33664308983671	-3.45737491440586	0.000759419758036114	0.00322178079166836	-1.10447882091776
23515	-0.161937829937761	7.41842106138465	-1.5369808502506	0.12697689930614	0.214660087652214	-5.60348101609109
23516	-0.326083075483075	6.53356359033738	-2.5416953338862	0.0123286969863176	0.032702324054908	-3.63827762960401
23518	0.0338039357502445	7.49767937066795	0.250366327927589	0.802739741144501	0.862016414697553	-6.73623399244162
23521	-0.0557315693208587	12.5663865385095	-0.657675175381511	0.512028625624669	0.626107542214621	-6.55254975587218
23523	-0.0126867664095857	7.10141670042449	-0.156452001214148	0.87594428272901	0.917021517787278	-6.75524191208289
23524	-0.345233101920147	11.6202975167623	-6.68129866901783	8.24534826594774e-10	3.62269024876214e-08	12.0302616334505
23527	0.130673344582186	7.92802522742829	2.45523987862158	0.0155380747436473	0.0395392783063854	-3.84233611716832
23528	0.217572173533705	9.22323217310377	2.26333426913953	0.0254442429447457	0.0588545076235226	-4.27240289976406
2353	0.258588083930961	9.32296290941252	1.15206045765579	0.251626481819923	0.365792808840648	-6.1105958291612
23530	0.397410331779041	8.0670622776716	4.5133955323564	1.51993930871502e-05	0.000126559462600666	2.57451191583217
23531	0.0610986735259228	11.8010193935688	0.621931943454113	0.535187219548755	0.646387839373112	-6.57523322814318
23534	-0.41486026293832	7.41106319722228	-4.22191978931615	4.78843804837813e-05	0.000325803115976963	1.48618528506948
23536	0.0534754160492891	7.99341547356269	0.797997830992802	0.426475815226225	0.545645946990182	-6.45135306802496
2354	0.094176505328035	9.63116958943127	0.721964867042513	0.471745269121041	0.587459056677189	-6.50858583867586
23543	-0.0138454493546363	9.85823740226114	-0.150477265754068	0.880645176420149	0.920775842687396	-6.75615441418154
23545	0.0377632025267481	7.07826436261387	0.545110751431756	0.586706860327106	0.691260350610208	-6.61972284093227
23549	0.254750070550976	7.86427285102037	4.22618909598252	4.71030192931336e-05	0.000321280709629466	1.50174632064626
23550	0.00167087119215706	7.68912406830546	0.0178257450075304	0.985807991810518	0.990484614080389	-6.76726472137278
23552	-0.0129498126225351	7.54386539859932	-0.178589912955272	0.858566173680323	0.903408483388467	-6.75155132523686
23553	0.0652742685231729	7.47033272527275	0.828590660573907	0.409010006921429	0.528642248238566	-6.42672669604488
23554	-0.536859249199571	8.48116461930167	-3.45570520831688	0.000763700076239607	0.00323661499730075	-1.10968828788429
23556	0.1018268733122	9.05974885443005	1.37703245524266	0.171110668075353	0.27107290339517	-5.83128597541103
23557	-0.117545311074753	8.03941206261728	-1.87572731879172	0.0631655384049754	0.12250466006694	-5.04229668437694
23558	0.0931737509254273	12.3111140071662	1.31723506677204	0.190313625149629	0.294586366382972	-5.91023833909792
23560	-0.406757646439159	11.6178722880578	-5.57164481633853	1.61806518920713e-07	2.81373020270546e-06	6.92522313757188
23562	-0.0950238535715757	9.25541421456427	-1.33958440708781	0.182956455264685	0.285837019195442	-5.88112742373981
23564	0.234553698555312	6.2409222597502	2.18119553350234	0.0311536158990781	0.069267528217062	-4.44669584783884
23568	0.344809594583243	10.1432170347703	4.48684673665989	1.69079345342463e-05	0.000138413814918607	2.47324475810774
2357	1.29542488820941	6.93161730110154	5.62690310009478	1.25803881525012e-07	2.27881592411536e-06	7.16768222995069
23580	0.171061266981643	11.0333775926723	2.31375406988742	0.0224131043871385	0.0531073557767539	-4.16249468307654
23582	0.130645543029634	8.50941748698281	1.10699918463726	0.270547313226027	0.386696800008129	-6.16070989275812
23583	-0.0345560112985689	10.4675867690664	-0.410877677143286	0.681907905171041	0.7697908017921	-6.68346234194992
23585	0.127955617016333	8.02429923926081	2.21209176946465	0.0288870900827945	0.0651754613722707	-4.38183063250093
23586	0.020214473274688	6.22742148799374	0.219568299280945	0.82658700178401	0.879279927203596	-6.74343375770687
23587	-0.131656431901676	7.13930185038366	-1.33111449582929	0.185719136434403	0.289277779926112	-5.89221573289235
23588	0.0941032644199774	10.632481975198	1.80239880943235	0.0740369934256303	0.13911409592714	-5.17273862105382
23589	0.132359017438491	11.5029768945854	1.61442327371832	0.109108325261649	0.190053725571746	-5.48455555788141
23590	-0.286738998096087	8.18667323959264	-2.49632881953291	0.0139299530074159	0.0360355188979817	-3.7461458119749
23592	-0.130939772508141	10.0268575220324	-2.3920212251498	0.0183362134003808	0.045224581274155	-3.9875175093839
23593	-0.0740719428036679	12.3345594908924	-1.24415561092856	0.21590961819254	0.324882396341712	-6.0021041203159
23594	-0.118680380041525	14.0420617634293	-3.52186101928916	0.000610358578104429	0.0026816818378418	-0.901722695479875
23595	-0.00696823052435257	8.97255220937191	-0.158261787440543	0.874521217763251	0.916112271239626	-6.75495850189605
23596	-0.118733285092885	10.2742387287065	-1.1933572560816	0.235124840855175	0.346685324074214	-6.06295288827908
23600	0.0908910093188405	6.61898122197209	0.888429171952217	0.376118556301186	0.498194239103239	-6.37591351427413
23603	-0.0930953834813403	9.72258964952298	-1.099003642747	0.27400517978503	0.39062526493344	-6.16939755425175
23607	-0.0723969739005377	8.502958169023	-1.15809438320777	0.249165635396356	0.362982036750247	-6.1037369061736
23608	0.0962122115807966	11.1546275648346	2.07484880452786	0.0401758675393164	0.0845269143848072	-4.66351794537236
23609	0.0901240312573315	9.18228676819932	2.15216443669097	0.0334225894307035	0.0731312817742015	-4.50687887864622
23612	-0.279394265232532	7.66734522664581	-3.00572865565669	0.00323767428826339	0.0108832295031433	-2.43707441054888
23613	-0.580760291812152	8.26673129914841	-7.0495691713249	1.30635729457069e-10	7.5989515867281e-09	13.8187700980273
23621	0.649169458674833	5.48213467927301	6.05419135178446	1.72259464378812e-08	4.40514915098757e-07	9.08681186261018
23623	0.0359626102500675	10.5972013685621	0.535108929999161	0.593582181439777	0.697537177221874	-6.62508659543213
23625	0.22082840334973	8.57163828199981	3.05152777558284	0.00281329739914853	0.00965828616665289	-2.30909910492615
23630	-0.238848467980114	7.65201168988332	-3.00835387813803	0.00321183538948481	0.0108064196811179	-2.42978349811789
23633	-0.162776223424371	10.4685896429279	-2.2554949148129	0.0259464677842487	0.0598047652096791	-4.28929259402678
23635	0.284199565821993	6.67066410199838	3.5715458102918	0.000514806393037325	0.00231347634908722	-0.74344430767803
23636	-0.0366559769347896	11.5073893389525	-0.616934569106755	0.53846720525802	0.649399783242991	-6.57830438502975
23637	0.0972537841693539	8.80615418771631	0.890629750455113	0.374941336913473	0.496873968057964	-6.37397820766218
23640	-0.0435525832297353	6.16714909431846	-0.479688479787639	0.6323374080528	0.730312236477642	-6.65301537059818
23643	1.27284595118025	9.82178988811112	5.79490930435306	5.80708044189001e-08	1.161416088378e-06	7.91311528094169
23644	-0.499485726316564	8.57728574457107	-5.30385920188081	5.3757183142623e-07	7.61636934404916e-06	5.77022564876399
23645	0.131596896071148	10.6978607357422	1.23353844040197	0.219827997322769	0.328647829481642	-6.01502618858822
23646	0.221543239803018	10.6318043957723	2.74958797532537	0.00690726697056649	0.020260662349744	-3.1219165878697
23648	-0.278164727771535	7.2636024614533	-3.68307048044114	0.000349209625857025	0.00168781246903395	-0.381723306854719
23649	-0.2592471012236	8.61439175369875	-2.53202340287844	0.012655524290843	0.0334296868060002	-3.66142061382182
23650	-0.289270549248304	8.70951594803932	-2.69800944489321	0.00799904976856493	0.0228940232461352	-3.25337362542514
23658	-0.136913701548016	11.3254797878381	-1.63172947142952	0.105404243168178	0.184693085121811	-5.45721458358169
23659	0.777466658233451	8.00997497331386	7.26118401839771	4.4571118849215e-11	3.01768394831571e-09	14.8637634234036
23660	0.0429740303328845	5.5261954549116	0.549320619567825	0.583824185334542	0.689531849140283	-6.61743563083987
23670	0.163006152234	10.6577101297467	2.00371765957066	0.0473926708877611	0.0966373871174798	-4.80292255203427
23673	0.367287374110427	8.78692336090712	4.83563429418094	4.04544180951252e-06	4.19264107234296e-05	3.83626162414684
23677	-0.0834531108082473	9.59962841366552	-1.06392757378261	0.289535274711562	0.407977033285142	-6.20678064918727
23682	-0.0704698809852907	10.104560884687	-1.00957992359033	0.314763663825622	0.43448326590903	-6.26235270647569
23705	0.806071856018876	8.4840635062451	4.93245284715926	2.68901859798787e-06	2.9615058159173e-05	4.2267264811478
23708	-0.0494830661402762	7.88467035797279	-0.413839679513325	0.679743220283117	0.768292145530726	-6.68224833437601
23710	-0.028315501985634	11.4918487032134	-0.248481762491733	0.804193894837512	0.863241269832079	-6.73670163311335
23729	-0.340392391655648	10.6043437410566	-4.87554750921509	3.4205658864061e-06	3.64566118989863e-05	3.99661209522669
23731	0.312336244539555	10.1279772638308	4.11091118537826	7.31680462428927e-05	0.000465256398742336	1.08565496421676
23741	0.299146416412292	6.71364597696493	3.07308832332017	0.00263187361939585	0.00915510276766164	-2.24828241031262
23753	-0.816161316070702	11.4787207726555	-5.38936205577696	3.67671624650387e-07	5.53181715776357e-06	6.13533207782818
23760	0.220168973087976	8.15540700654452	3.57787761932056	0.000503697273596775	0.00227061602792306	-0.72314547282275
23761	0.237070495618499	10.2706203047425	1.91740691389011	0.0576051932862007	0.113641962394081	-4.96597217902685
23764	-0.11683689232818	10.6906892077653	-0.914072540515415	0.362543928077074	0.484565185423403	-6.35306831464129
23765	0.202984419583568	5.77203249603666	2.76748875399063	0.00656126076255118	0.0194042298240862	-3.07578225782174
23770	-0.0100399053104566	6.82223365409672	-0.142823230859247	0.886673541490647	0.925088221891215	-6.75727150306928
23780	0.340433646881903	6.07825987595552	2.51027685083835	0.0134188933975025	0.0350237466768767	-3.71316699097582
23786	0.0262154357877145	10.5847512733394	0.374998441850555	0.70833521645819	0.789801415759266	-6.69747708716601
23787	0.105209276654067	12.1288878506051	2.32763963934182	0.0216362428904894	0.0516387635546939	-4.1318380486656
23788	0.0340484172780984	6.51924216596563	0.387355950485892	0.699190940845882	0.783784190001889	-6.69279423180919
241	1.70887004872443	9.30256078428966	5.90400056105021	3.49371003598461e-08	7.59119907150358e-07	8.40359346776114
24137	-0.341443360152777	6.50537106991829	-2.07814740295683	0.039865441707846	0.084130952607769	-4.65694358885285
24138	0.386319681344415	5.66101734834641	4.09450361391356	7.78508512540871e-05	0.000489382063438934	1.02712762143295
24139	0.0949912518787321	6.71431094909918	0.630950392838815	0.529293959346425	0.64114505121007	-6.56962862010692
24140	-0.32146452890784	7.94919749353805	-3.4409574384482	0.000802503598345061	0.00336994393611093	-1.15561222677415
24142	-0.0793416602684263	5.77326114647476	-0.933285137715709	0.352579786669366	0.474028807531478	-6.33553234061955
24145	-0.228490639695881	7.38897287263145	-3.18739955322519	0.00183812951238827	0.0067932661173723	-1.91979515067957
24147	-0.372063077147749	8.47631966111834	-4.60146802560734	1.06446835528209e-05	9.35373256875537e-05	2.91343591437066
24148	-0.138260664732164	6.36641672298813	-1.34881800469637	0.179979948802014	0.28241534519465	-5.86896165462027
24149	0.20785319254438	8.66160369343342	3.23605439037501	0.00157329672352357	0.00596394260500443	-1.77692348613001
245812	0.391777198647918	9.41227081326653	4.5145482813868	1.51291168075377e-05	0.000126356425510881	2.57891843295372
245973	-0.432546737166363	8.35175702581802	-5.08367744614539	1.40745778073348e-06	1.73121539495907e-05	4.8466355884035
246175	0.122949165257819	7.31470007236841	1.67765945282222	0.0960621928059036	0.171228682040734	-5.38330381431586
246243	0.0931226304771447	8.84764530568973	1.35397592279481	0.178333204333064	0.28041257163391	-5.86213055687717
246777	0.587476499635733	8.95238083075246	2.49450690099789	0.0139979778979697	0.0361888254889609	-3.75044138345964
246778	-0.649829527923493	7.07780558345268	-4.69742370413658	7.18614816937084e-06	6.79148556967999e-05	3.28782900534344
2475	-0.131623549123694	8.93046645314867	-1.64157703075303	0.103342078061271	0.181745340633693	-5.44153273279666
2487	0.0564017250671802	11.1584121973315	0.462111609982333	0.644852731991579	0.740067031521852	-6.66123852148156
2495	0.238854821760407	10.0298848325286	3.14037451815628	0.00213300380015501	0.00772746113564929	-2.05615308361253
25	0.1644023463362	9.24149519929836	2.66402784263045	0.00880152053525065	0.024837908992542	-3.33878145583535
250	0.596915273526482	12.4558718146598	4.21712602972292	4.87765568329344e-05	0.000330783546338291	1.46872644160076
2512	0.669612543007792	13.3755622584486	4.94748078405247	2.52276144830991e-06	2.80457733015341e-05	4.28778790261085
2517	0.0263429169122519	11.5714493594815	0.279240188872976	0.780549653549489	0.845652318721509	-6.72862791643956
2519	0.157791029409974	9.81358849564421	2.14548347459976	0.0339645752376113	0.0741862923595563	-4.52062350878786
2521	-0.396787431443474	6.71592699687091	-3.45754490808056	0.00075898524406147	0.00322159204313862	-1.10394832748799
2526	-0.147929401500014	8.7096624525274	-1.87694811005465	0.0629965080248033	0.122234239202461	-5.0400835757994
252839	0.181641470555054	7.69106089486849	2.80098723228138	0.0059558647229423	0.0179742209029972	-2.98874509550587
2530	0.186179076568702	9.28662345290586	1.95570621641316	0.0528648796651205	0.105729759330241	-4.8944503209129
2531	-0.0584094959024302	10.5982659551048	-1.1072201166251	0.270452197858055	0.386627752562744	-6.16046896064856
2533	0.401042379383834	8.39878243532817	3.8827883931604	0.000170791411384756	0.000938614143737914	0.287829982968249
2534	-0.10707715230318	7.45573633755778	-1.14706955556358	0.253674881127197	0.367864206128976	-6.11624265449409
253558	-0.325606154528656	9.10846311950503	-2.98736029823323	0.00342390066971181	0.0113854345941303	-2.48793551543738
2537	-0.0290086754891988	12.418667048516	-0.163348406465762	0.870523739966389	0.913895029502081	-6.75414449644966
2539	-0.145317143032289	9.0902651311353	-2.93415552179552	0.00402045772126561	0.0130027332723782	-2.63374530541945
253943	-0.120279317533103	8.837162677943	-1.78535894510127	0.0767737424210333	0.14324624178851	-5.20234650575536
253959	0.0132334944735105	8.36040080984191	0.182202502829513	0.855736656934883	0.900660650647571	-6.75090281112046
254065	-0.135399392278494	6.05688471954863	-1.49361152903245	0.137948094699425	0.22931198676137	-5.66762981207828
254170	-0.205721176701676	9.86875966971742	-3.72665272045826	0.000299401874196705	0.00148264956886378	-0.237975743984601
2542	-0.0861511463383799	10.2016305296602	-1.17935902985719	0.240629165360586	0.352974055385978	-6.07928579283406
254295	-0.429339194471361	6.30460941567396	-4.26738862604558	4.01658536621353e-05	0.000281877613635716	1.6525037301964
254359	-0.327977606195997	7.48369733058047	-4.32275817473237	3.23733053176812e-05	0.00023518337900092	1.85678627936436
254427	0.315890559801987	7.48484874227207	3.49255597911891	0.000674311571497391	0.00292485901587153	-0.994239318962324
2548	0.274666904517202	8.7555937987716	2.17408074890794	0.0316969328901057	0.0702674894450545	-4.46151396863339
254863	-0.193109225335749	10.7072106719078	-1.93872003676103	0.0549249057659469	0.109136329474795	-4.92633472332176
2549	0.00667353783512895	7.87420872348749	0.0813848278654623	0.935273884961997	0.955399739028703	-6.76412647231446
2551	0.20572519437038	8.29829002617732	2.59850123220847	0.0105575018881764	0.0288376208982597	-3.50076269931155
255104	-0.279215785677475	6.21236985427032	-2.84975233469046	0.00516536328477671	0.0159986265647642	-2.86040891929367
255252	-0.0597038772520408	7.94438732229378	-1.48796221463638	0.139430117285257	0.231542575146004	-5.67585585683393
2553	-0.298108618865154	9.38116044686438	-4.29673630915251	3.5834850553561e-05	0.000256051786827347	1.76054230292111
255394	-0.222283689727095	5.67853658985113	-2.6146591015261	0.0100974077666202	0.0277927837190746	-3.46115340084473
255488	0.26574161991589	7.22773076909338	3.22738495667924	0.00161771612262803	0.0061043102662894	-1.80251319999545
255520	-0.444131475751547	9.19517852723358	-6.38130749383163	3.58802548609724e-09	1.18076057829336e-07	10.6048707103479
255758	0.0534816968049693	9.11884703318111	0.591254622678469	0.555481492222549	0.66362122154444	-6.5936977608681
255919	0.111949322099361	9.78519911910627	2.33358543401112	0.0213109151882511	0.0510078700246172	-4.11865979468199
255967	0.0617353247953532	9.48922430626434	1.0151186750152	0.312127513895081	0.43182929243784	-6.25682009779739
256281	0.433663046846751	9.22496293043637	4.20403866320225	5.12942660151774e-05	0.00034502494892945	1.42113651559173
256364	-0.0232126232127067	8.88294287285799	-0.303448560599559	0.76208276322202	0.831436220342609	-6.72161255758701
2564	0.0618347338944553	9.6812845616924	0.47607975050476	0.634898414633632	0.732029718714936	-6.65472861961183
256471	-0.191151084265592	9.24720458723637	-3.52856628418082	0.000596551638154815	0.00262660795903986	-0.880466294252412
256586	0.997660117092827	8.09914413994716	7.86807069205239	1.92618674436308e-12	2.14550124937532e-10	17.9202992760214
256714	0.151437922187064	8.80270959657509	1.85697670328727	0.0658097884206283	0.126467207132408	-5.07611831483173
256933	0.542295387633917	8.56983066784368	2.97182378065731	0.00358907254790846	0.0118488166449736	-2.53074667464485
256949	1.2278953184677	6.54259127888065	10.1740485935056	7.79311256681657e-18	4.95162383091576e-15	30.0254420460411
257068	0.181449832342596	6.07152051400747	1.65400517483499	0.100786017836503	0.177907379745325	-5.42161284189086
257218	0.221902252057632	6.09738807108848	2.73780370870248	0.00714402252788483	0.0208440925751779	-3.15214382592369
257415	-0.00366973445963221	9.02537348783799	-0.0765389196768392	0.939120057480481	0.957929816467347	-6.76450733122126
25771	0.0683908453332167	7.62320798809533	0.988597625233581	0.324884181654874	0.445585634383536	-6.28304187923927
25776	0.18453119090863	9.19461186075722	2.39670088072156	0.0181147286087381	0.0447451131304355	-3.97688813098741
25777	0.182663237226665	11.2358166946214	3.36330501967315	0.0010392492370425	0.00419150327049366	-1.39476791331234
25778	0.688810346087354	8.66843081733081	6.12212517494655	1.24755928481143e-08	3.34572717290339e-07	9.39876938546266
25782	0.129199833435248	9.78660707998475	2.38122154398059	0.0188565414500948	0.0462455559316458	-4.01197604591873
25788	-0.228201353506789	6.75901978973907	-1.9944698265215	0.0484075293771629	0.0983389553997456	-4.82071364800833
25793	-0.00430061051937805	8.82067287684471	-0.0683637704608836	0.945611845708037	0.962626798810498	-6.76509687663763
25796	0.012803723393198	9.31713520783189	0.201726185249928	0.840478367044578	0.890501707515164	-6.74717340855508
25797	-0.729359302452278	8.80341006633938	-2.63607188488725	0.00951555525095658	0.0264445847586023	-3.40832616311697
25799	-0.0718519693998724	6.47465793504825	-0.819809629342024	0.413978572116482	0.533578012687522	-6.43388888601074
2580	-0.0505562182731354	10.5239933659284	-0.852675296714706	0.395567911527136	0.516093973971591	-6.40669525450179
25800	-0.423980086696391	9.42095253845631	-4.18631314162057	5.49037941496297e-05	0.000366617089471254	1.35685432270698
25801	0.799420814316272	9.42782938778564	5.96266897953283	2.65320675758575e-08	6.24372872297957e-07	8.66939818675336
25802	0.391779980110243	4.96253351735595	4.65784676807351	8.45546328398282e-06	7.77751967992184e-05	3.13276921417883
25804	-0.226437049164865	10.1749430303275	-2.20036733793664	0.0297296786079044	0.0666396595118835	-4.40654437692216
25805	0.506477495625961	11.8016819994732	5.84217653428569	4.66227340721238e-08	9.62759458589357e-07	8.12502049406514
25807	-0.530894648960492	6.61000419720782	-4.33969045718304	3.02961641423175e-05	0.000224637626405334	1.91963708477685
2581	0.246079466232006	9.63220043759519	3.93454440058952	0.000141309644340249	0.000798916948836724	0.465799216545234
25813	-0.117002172603432	8.50670503401907	-0.996213422960592	0.321186280313251	0.441798280664022	-6.27558185640162
25814	0.0207326922311078	7.07820162845694	0.352712331757583	0.724933760431686	0.802567063552571	-6.70553947637273
25816	0.123566940984998	10.0644461924691	1.31338130816119	0.191604244189997	0.296241509183326	-5.91520997053871
2582	-0.0998658473400815	9.06183596416439	-1.38283552291581	0.169328262729858	0.26907492307592	-5.82344332695789
25820	-0.356964638322998	8.4850257094786	-4.19128082511752	5.38683409548616e-05	0.000360285422094864	1.37484961387631
25821	-0.189229177510228	8.74934267612751	-3.04830305725186	0.00284140577246008	0.00974668259157819	-2.31816386241323
25824	0.0719309757069498	12.605123517906	1.6111946894676	0.10981075078261	0.190869735501742	-5.48962534791309
25825	-0.244758504752176	9.21085799111742	-3.63161362769349	0.000418118914284828	0.00194462963513102	-0.54971953843706
25828	-0.34422942142397	6.9686657531052	-3.51162332109227	0.000632021414682605	0.0027650936892364	-0.934114326353784
25831	0.105283554587919	10.905546710334	1.75617210765142	0.0816551616312627	0.150417403004958	-5.25244159412207
25833	-0.167259336410043	6.05389374068859	-1.8172331051304	0.0717207021197828	0.135594643971024	-5.14674654631466
25836	0.0972483549148528	8.60866374891948	1.5852088475596	0.115596974426867	0.198923126826234	-5.5300767902205
25839	-0.132573400358988	7.62137791184044	-1.80214768415845	0.0740767321163323	0.139125467776468	-5.17317689917822
2584	-0.246389665933284	10.4692950744437	-2.6377517041364	0.00947121584687697	0.0263496944746392	-3.40416572303108
25840	0.10586070064062	10.3559115202887	0.742724450265571	0.459125517198485	0.575998902196155	-6.49352212173261
25842	-0.252247564026954	8.64240233880385	-3.7345667927495	0.00029111268029305	0.00145029598264209	-0.211729940948062
25844	0.0457688778519783	11.600048828381	1.12365292852255	0.263442577988057	0.378704436857178	-6.14241661629563
25847	0.161567288615869	11.983450872557	2.31277650904745	0.0224687104866092	0.0531933358037811	-4.16464664565903
25849	-0.229160566395805	8.83454365604662	-1.09577666472728	0.275409391134575	0.391872642336313	-6.17288639891945
2585	0.122992081094851	7.61587838735644	1.66777700160228	0.0980134569119089	0.173843924005232	-5.39937190289523
25850	-0.134621834052565	5.76360466258145	-1.99774474965634	0.0480460445755456	0.0977633450462474	-4.81442209744118
25851	0.135193435460642	6.85710697994824	1.21150451447025	0.228124231169317	0.338782119643754	-6.04149909555613
25852	-0.167673430649722	7.49261702803602	-1.62953507721685	0.105868244646419	0.185387259016202	-5.46069679058927
25853	0.208892365535565	10.0086802596216	2.80357963443029	0.00591120797919434	0.0178737025144266	-2.98197124557673
25854	-0.150715495487714	6.4469610303843	-0.995884181781281	0.321345567481857	0.441818060461462	-6.27590552725845
25855	-0.2286093469722	6.60073966457198	-2.31773830668221	0.0221877223611907	0.0526488327214694	-4.15371536951125
25864	0.0312232302874275	6.966608805636	0.38667583030953	0.699693081536086	0.784081515871398	-6.69305589991759
25865	0.0289358253319338	7.3927180400521	0.402234894080285	0.688239323084601	0.774609184995068	-6.68695497362472
25870	-0.350026502718418	11.878648680867	-4.92548642670873	2.76965610283156e-06	3.03413254766429e-05	4.19846168122153
25873	-0.166833246516487	12.6358458556187	-2.30518575285235	0.0229046401918685	0.0539932442879091	-4.18132839428558
25874	0.354741592137549	10.0429114491891	4.174285641957	5.74904581866295e-05	0.00038111652056305	1.31335026657072
25875	-0.0241501914053681	8.52973874935618	-0.422457331561556	0.673460527965798	0.763908810903254	-6.67866685557034
25879	-0.039350152775499	9.04997103055896	-0.286388998142171	0.77508273580478	0.840954078253971	-6.72661682435531
2588	0.00217708680564922	7.17833838200961	0.0261631382475551	0.979171440765997	0.986215839620429	-6.76708219058493
25880	0.0478494020663765	6.21010816349049	0.871587860860357	0.385204300139301	0.506976978832158	-6.39056823473012
2589	0.15333662797106	9.81478504199183	1.86803395515826	0.0642395149433682	0.124005233333073	-5.05621238918799
25891	0.552034087513614	9.286902843525	3.76275848255215	0.000263319277347032	0.0013347059372265	-0.117881733574028
25893	0.16313218833274	5.83764712925488	1.14953444550416	0.252661759691911	0.366942490758196	-6.11345681462939
25895	-0.131413705750117	8.42990276017417	-2.04512317425286	0.0430681616804421	0.089427605701471	-4.72232546441748
25896	-0.0572428460910725	6.91307812727975	-0.729893704769941	0.466902606013083	0.583241296531608	-6.50288239796298
25897	0.318885747464095	7.9266976367153	4.36612949759122	2.73070450850548e-05	0.000205615747790217	2.01812950984618
2590	-0.478992059354892	6.67682659766229	-3.28583551693077	0.00133948582473538	0.00521402116508681	-1.62887743558528
25900	0.0370715141122117	9.19647437883801	0.598779093584022	0.550468708508079	0.659345160938385	-6.5892547119792
25901	0.191800773594336	10.3061815000321	2.86556119216543	0.00493048357489015	0.0154205961107886	-2.81839088849059
25902	-0.92613021013919	8.75105124915594	-5.66317042943066	1.06573801812266e-07	1.96057818033256e-06	7.32755468492227
25903	1.18111718931363	6.22169678873384	6.56845801787083	1.43845973768486e-09	5.55218571648454e-08	11.4905916999324
25904	-0.321574998431233	6.73960798112045	-2.73831812127996	0.00713353547138791	0.020820849114369	-3.15082671254762
25906	-0.202933285514901	7.90875356127899	-2.85053500187007	0.00515349802351717	0.0159849394195463	-2.8583334371671
25909	-0.119392358495159	8.76376135322096	-1.97275589901339	0.050863291241099	0.102277362695638	-4.86218490079884
25911	0.219535119764641	6.47079618485657	2.00515924031518	0.0472361154144261	0.0963859469671836	-4.80014230046605
25912	-0.0474401164829432	10.3698806595061	-0.879193817263868	0.381084246697094	0.502675330906926	-6.38398406757221
25913	-0.0216050170887086	6.75418653482855	-0.262747318583715	0.793203833721676	0.854999825987347	-6.73307398500587
25915	0.217487542698646	11.4871423830385	3.6507322127116	0.00039113610316059	0.00184090268496096	-0.487520224861878
25917	-0.167269382778679	6.98488750617578	-2.65024893558953	0.00914716260614467	0.0256033761866333	-3.37313982563124
2592	-0.633269622273285	9.1713109897543	-4.55227697447712	1.29946051290405e-05	0.000111575299756626	2.723574808741
25920	0.22378896386754	8.12518902500518	2.91437707822305	0.00426558906868353	0.0136512071706028	-2.68737325341365
25921	-0.123898870096589	9.19946238051803	-2.04916386174258	0.0426648232156305	0.0888357549183535	-4.71437793973225
25923	-0.0321865111376498	8.65388174368188	-0.356592122446539	0.722034427469723	0.800215265114707	-6.7041713167876
259230	0.373224833751309	6.38164936699056	5.15980490962004	1.01169387548764e-06	1.29359000178451e-05	5.16320342355063
25926	-0.0473934753865004	10.5157419203554	-0.819758789878198	0.414007443500524	0.533578012687522	-6.43393013327415
259266	-0.197006486427829	9.60696318524542	-1.79353678556006	0.0754500606872692	0.141287123390806	-5.18817017961755
25927	0.790950739562873	8.9609015245931	7.0928130471386	1.0496263999494e-10	6.28254642288555e-09	14.0313450942114
25929	-0.138484357874112	6.13736502391988	-1.57535563664034	0.117853453596542	0.202271380180314	-5.54525032105071
2593	-0.0540275146538658	7.85937768078331	-0.516998328717687	0.606125650918043	0.707946532322262	-6.63454735835995
25930	-0.0900685405866863	6.81388985183945	-1.23501569302495	0.219279727082972	0.328422583083471	-6.0132346972335
25932	-0.0818358877262536	12.301451733015	-1.88888651141896	0.0613633926638952	0.119542835708437	-5.01836966862271
25934	0.342707591169721	8.94652318948611	4.28523795455762	3.74753581568891e-05	0.000265705114485754	1.71814893026124
25936	0.135835815099166	10.488087300805	2.30868750289037	0.022702621969124	0.0536088214593951	-4.17363902540905
25937	0.101929074146245	6.30218576224076	0.874171627384186	0.383801623143301	0.505291904233928	-6.38833790526349
25940	-0.00636485017446252	11.5287410846866	-0.0993212280666848	0.921051869952638	0.948141630833598	-6.76251344391716
25941	-0.0844370786012844	8.43069442630114	-1.08997859969495	0.277944883183514	0.394607207819839	-6.17912972002097
25942	0.0755323885751567	9.58548376146741	1.47919365204204	0.141754981338594	0.234413642814172	-5.68856443702243
25945	-0.148461383386984	11.7539997329155	-1.50449655436674	0.135127255654478	0.225426952117058	-5.65169540524791
25946	-0.17494516883959	7.88973072258034	-2.53923972043119	0.0124109502713228	0.0328782710843895	-3.64416089788889
25948	0.339118800500504	10.1930534103943	5.48103770931651	2.43769431556731e-07	3.92166318567382e-06	6.53066379834602
25949	0.0516690310956035	11.0010677504741	0.87473091590243	0.383498413600122	0.505134252326105	-6.38785426473879
25950	0.0981757460273438	7.26406540449552	1.41058206715721	0.161000379535716	0.258627603065931	-5.78550397546232
25953	-0.0341570767085323	9.56607057727965	-0.373632482061945	0.709348643532163	0.790717921130319	-6.69798541986655
25957	-0.0673187882196203	9.93560154216433	-0.918315010259449	0.360328448673888	0.482150167835139	-6.34922699674616
25959	0.464487622597664	6.61949016662941	3.2547251915445	0.00148146776522487	0.00567049292898863	-1.72161816148139
25960	0.802782711446177	7.56189737822718	4.77409195871859	5.23138380539221e-06	5.21245238028223e-05	3.59073695415102
25962	0.0648335762671617	8.42112155105263	1.3202746946378	0.189300239925659	0.293472218803668	-5.90630702257724
25963	-0.0182377922024856	11.8242037521874	-0.493320642663625	0.622703515388485	0.722000426320731	-6.64642721026436
25966	-0.46419310126616	10.3299674240397	-5.93278267183571	3.05299540597728e-08	6.94394082099934e-07	8.53381959028053
2597	-0.241609858392983	13.1249595339441	-3.12609051820804	0.00223092252753615	0.00802937694006473	-2.09723392491843
25970	0.153392890799522	7.08123061474573	2.71726077229037	0.00757445052387406	0.0218453077259776	-3.20456450065561
25972	0.0122497066892228	11.7786854462691	0.262328837387028	0.793525648250576	0.855235106282588	-6.73318328143063
25973	0.0228031571473206	6.29533308624188	0.391937385005601	0.6958118952478	0.781445984974307	-6.69101962902976
25975	0.696277666390149	12.3164429114851	5.47640148974408	2.48911164996271e-07	3.9922450929499e-06	6.51057654338965
25976	0.277501592219458	7.81013171630238	2.75705812784344	0.00676090547206866	0.0199162194006017	-3.10269625280053
25977	0.0317798375715656	9.49640876521324	0.584456679174276	0.560029594112341	0.667535879750225	-6.59766378745757
25978	0.0518668743271164	10.0313800952341	0.879721159917377	0.380799610909918	0.502380575964849	-6.38352547568175
25979	-0.391150538902566	8.68961124761589	-4.33295471770702	3.11066194230539e-05	0.000228188877828086	1.89461351889398
25980	0.0180214732609107	8.76407623658232	0.323478965754934	0.746905490138413	0.819968015489539	-6.71536795142459
25981	-0.0689233972764823	6.75318605416564	-0.892651527336459	0.373861804236202	0.495639921442002	-6.37219598597975
25984	-0.0726811949159378	10.7571000240495	-0.755845739644306	0.451248897494861	0.568361679369861	-6.48378280174457
25987	-0.0488209787323522	9.93032643184031	-0.625081125725406	0.533125531523072	0.644557507374206	-6.5732852432006
25988	-0.0424774220594668	6.88376922868978	-0.527084225561855	0.599125279962156	0.702452067067056	-6.62931860089974
25989	0.0960687454788886	5.93190536001358	1.00342045915497	0.317712597124543	0.43782216420566	-6.2684704065291
25994	-0.160191448975874	12.1263339765366	-2.77333426694742	0.0064517384045525	0.0191488894076909	-3.06066022336387
25996	-0.0644423866466466	11.9038992083985	-1.34473664093363	0.181291076638296	0.284148822207272	-5.87434906464765
25998	0.0160648421111578	9.68357426652182	0.213862317451623	0.831023765561491	0.882729932963339	-6.74466413848506
25999	0.344875444618139	8.85035084857361	2.48331201810708	0.0144225169592218	0.0371121464433558	-3.77677389682411
26000	0.0433910329436783	7.64150131870214	0.606821911217044	0.545135659009744	0.655146303422158	-6.58444384891113
26001	-0.194375478736746	9.59269023403466	-2.63996844626364	0.00941298981593907	0.0262141928117521	-3.39867187787261
26003	-0.173062366089609	10.5340798264476	-3.0437760394854	0.00288130400665213	0.00984674021305196	-2.33087563531984
26007	-0.0135621286138577	6.46658684603594	-0.144759890976174	0.885147573990711	0.924081444114035	-6.75699435972944
26009	0.0241278902673201	9.40434258019561	0.47146360197951	0.638180814186854	0.734481472089093	-6.65690135593261
26010	0.421000221944076	9.4997256451296	4.5373821357553	1.38000300262508e-05	0.000117392634414863	2.66636574231735
26012	0.203517398171134	6.79828795820592	1.81925402787078	0.0714098504035005	0.135099716979596	-5.14318998294339
26015	0.0697559289318318	5.9788150366327	0.60342050468662	0.547387898451384	0.656992740658012	-6.58648620614142
26017	0.372485449357223	8.12992736785224	3.57358763710238	0.000511198999268918	0.00229858668152491	-0.736901664553199
26019	-0.0162950030490479	10.5264244306957	-0.371012408368374	0.711293974498979	0.791976151796713	-6.69895528340335
26020	0.0898360065617186	11.0205625833932	1.7107030916722	0.0897654063070093	0.16217459669639	-5.32892117622732
26022	0.272685605170961	9.40367187416662	2.12280340948661	0.0358616120143476	0.0773210428709244	-4.5669881191614
26031	-0.29054692082746	6.8972497624117	-4.33008570817594	3.14581230744178e-05	0.000230154204246848	1.88396353577315
26035	0.706564362511604	9.4887400166631	5.01441449709816	1.89593556160996e-06	2.20259180575222e-05	4.56121382060646
26036	0.151387971391295	8.97347246745977	2.72392331713817	0.00743233940150759	0.0215180944467062	-3.18760133587507
26037	-0.177163221486947	6.43902935049839	-2.44311120503081	0.0160433968752811	0.040557962500417	-3.87045469324849
26039	0.0106166334953482	8.83678770653563	0.183842914315647	0.854452442278994	0.900111870070717	-6.75060404757881
26040	0.349512830973649	8.72638357964194	2.29682648490959	0.0233932975979551	0.0549725855360196	-4.19964114034487
26046	0.00753303097763228	9.36150296079016	0.144689499264445	0.885203030754385	0.924081444114035	-6.75700449839525
26053	0.47463111534706	7.37692157882155	3.24001596811188	0.00155337977460945	0.00589928653576325	-1.76521095811062
26057	0.122725531949329	9.55124765941003	2.61639561355423	0.0100490526008881	0.0276960875820272	-3.456883533868
26058	0.0869265924874268	8.22258083545208	1.63969461595956	0.103733741228337	0.182228988206308	-5.44453736980185
26060	0.149169425195577	8.54291246583462	1.80122001074415	0.074223682585295	0.139369769982845	-5.17479542690882
26061	0.0152494379440999	9.48049362077527	0.248142762203646	0.804455544593524	0.863366522457148	-6.73678537891348
26063	-0.055431163472061	7.80543862357164	-0.582200726871446	0.56154294877268	0.668734826537246	-6.59896986930682
26064	-0.0506176537421686	11.5023083384792	-0.592205256421349	0.554846938280297	0.663045756864129	-6.5931395128567
26065	-0.0139473588528658	10.5336926734983	-0.234974631831144	0.814635960974513	0.870828657648438	-6.73995001497762
26073	-0.0314604203791891	7.32817091210345	-0.444962493548835	0.657162533667908	0.750264343897293	-6.66896679172764
26088	-0.00370216053760693	5.25552275509106	-0.0579991633286047	0.953847461636689	0.968743249498637	-6.76574868860274
26090	-0.213092312511542	10.1014892917643	-1.78367992307779	0.0770478710614465	0.143498402472953	-5.20524951049158
26091	-0.0388228604518139	9.28197973056125	-0.714493517417544	0.47633406038839	0.592013141560052	-6.51390369388946
26092	0.254956947692322	9.87544058013589	4.98733070966281	2.12881134776572e-06	2.43883241782869e-05	4.45028970258661
26094	-0.202073437475329	8.25052937093178	-2.21293547695145	0.0288272671840623	0.0650760390654153	-4.38004753740702
26098	-0.0253231566535297	8.52814079954513	-0.415046111581489	0.678862302364905	0.767654913707988	-6.68175137371158
26099	0.0190404055525876	10.6904746106455	0.342886268594246	0.732294494399332	0.808482782246402	-6.70893769948457
26100	-0.0854087455224232	7.30811497895514	-1.12855773100991	0.261375194099683	0.376216550459698	-6.13697798850509
26112	0.107974491908035	6.38831613860303	1.03264290254288	0.303884230302414	0.42295633130895	-6.23911946174721
26118	0.0754895643685114	11.2676573058001	0.704925335809165	0.482246694558076	0.598159905251909	-6.52063391821049
26119	0.282298892798981	6.67849298718778	3.37112384572702	0.00101273532071811	0.00409277508888469	-1.37089001191708
26122	0.170172336127123	5.13642360659992	2.43807484090111	0.0162574929370641	0.0409911146703753	-3.8820938574576
26123	-0.3861692198212	9.3986278076525	-3.8515565359554	0.000191324841413383	0.00102553094748511	0.181313515983293
26127	0.256944797052027	8.57735909666532	3.66297829405104	0.000374727608489234	0.00177528698269992	-0.447543297774621
26128	0.236126076710194	8.78299013354239	4.24414213542855	4.39492299663027e-05	0.000303022236662488	1.56730870992452
26130	0.0375887977810929	10.3939636624727	1.00022650271072	0.319248947778178	0.43961305414598	-6.27162821898746
26133	0.0215812759060259	10.2344666155592	0.313189372049286	0.754690045424439	0.825770270924078	-6.71862555523746
26135	-0.0473906218057088	9.13549283825594	-0.705478426387158	0.481903816714196	0.598035686006499	-6.52024732603777
26136	0.00942373955615041	5.93623027660063	0.0980131317689909	0.922088269537221	0.948617400221378	-6.76264190479462
26145	-0.0196368377176091	6.52412689871564	-0.208276279163571	0.835372556853991	0.886114976192881	-6.74583729929321
26147	0.399299515251709	7.68499949575853	4.68603312174287	7.53121087930486e-06	7.04505117361927e-05	3.24310980057737
2615	0.104057689852136	10.7338443223544	1.06720501774929	0.288059237016489	0.406105017538181	-6.20333798532043
26151	-0.00900455524611365	8.95202269416613	-0.171926005093411	0.863790401633508	0.908442668384616	-6.75271354134294
26152	0.0579789092906736	7.6953598829453	0.91607153103947	0.36149895185872	0.483403163728837	-6.35126052538557
26155	-0.0375263856695052	5.70195205231411	-0.372096225818453	0.710489038772812	0.791561837100544	-6.69855491620192
2617	-0.209738221548276	10.6954013136825	-2.49877013889122	0.0138392649697013	0.0358687081540399	-3.74038545134669
2618	-0.159695080546657	9.76427248987745	-1.84707134171812	0.067243563122529	0.128631734921744	-5.09385595296459
2619	0.427977477393964	9.54426783160779	3.92255321487743	0.00014767373493466	0.000828095757338964	0.424405308792715
26190	0.0792938599647068	6.69536601113156	0.839630231588696	0.402814749183744	0.522905835024002	-6.41761535329916
262	-0.101899314888468	9.72067561765594	-1.01776820989235	0.310871701878267	0.430749227385473	-6.2541629858616
26205	-0.236232296361836	9.10890367154574	-4.73206137262786	6.22833515208952e-06	6.0453640841668e-05	3.42426833841228
26207	0.288658902933481	6.6698813508086	2.13787270989059	0.0345912466284268	0.0753490762528495	-4.5362328951094
26224	0.290056551178113	8.69171150610781	3.95353253653119	0.000131764125970154	0.000755289160661673	0.531544212950307
26225	0.209616711946087	12.2697564176854	3.75615573213249	0.000269593306845242	0.00136114958101571	-0.139911433620335
26227	-0.242998384511474	11.2556418339536	-2.33838105560192	0.0210516711148432	0.0505204769890144	-4.10800848279736
26229	-0.199488850834657	6.65200564288217	-1.99088867478688	0.0488054609892813	0.0990255730217302	-4.82758246883176
26233	-0.196347111250891	7.00987567328772	-2.90671392351461	0.00436420005977255	0.0139182596500854	-2.70806719481
26234	0.141599846904661	9.24612121096952	2.19224310612803	0.0303260155432252	0.0677711506231687	-4.42359843619416
2624	-0.574836108751127	8.7487207385883	-4.14187822009442	6.50548635805379e-05	0.000423446156954486	1.19659206756941
26240	0.24877772773602	5.75958733264517	2.58256002525139	0.0110298471990266	0.0298612054618025	-3.53962660530873
26249	0.77529789770392	7.82289000672477	3.42267879994579	0.000853169823016167	0.00355021800408743	-1.21230888919809
2625	-0.436376641862984	9.24314239356452	-4.17362644610462	5.76355540131162e-05	0.00038177199370356	1.31096859437892
26258	0.137712095149335	11.4890659064499	1.01715277626242	0.311163100272323	0.430881342539712	-6.2547807861769
26259	-0.0577090723149637	7.10440349160594	-0.529219195160066	0.597648222121465	0.701018789367125	-6.62819889047245
26260	-0.0055909481462029	5.1756787495652	-0.0988323687578989	0.921439175478407	0.948303960808827	-6.76256165135001
26263	-0.144660072496359	8.40144485936495	-1.60568235794014	0.111018399674554	0.192690057010258	-5.49825883212266
26266	0.142399075165847	10.1204512339122	1.63385323729478	0.104956733503835	0.184064250263626	-5.45384019169949
26268	-0.376907968489631	6.73104645277119	-3.68502251627192	0.000346820152167958	0.00167724499818931	-0.375313451744695
26269	0.520376580297626	10.7026155105269	6.60218272500631	1.21855318722663e-09	4.81590876865643e-08	11.6514503962701
2627	0.352334854512181	5.85458195352133	3.95635158157353	0.000130400525027491	0.000750075443403254	0.541325530757756
26271	0.503409585274373	8.19482906921908	2.67075901006224	0.00863700451429392	0.0244488201809691	-3.32193964089366
26272	-0.0876909284821609	8.18201190901887	-1.36601451925685	0.174533913881218	0.275439459048312	-5.84608847989623
26273	0.0299018647138327	8.3560224354932	0.322725549367518	0.747474609272347	0.820483757154763	-6.71561004347789
26275	0.170127883050907	9.27937640210532	2.10913378440702	0.0370486362880515	0.0793419071141574	-4.59471254060075
26276	-0.0411285498449448	8.18445806461911	-0.620352845462489	0.536222544267935	0.647354313892596	-6.57620632930323
26277	0.206698415828249	10.028458029524	2.37651097226577	0.0190875636944995	0.0467012073804993	-4.02261285468305
2628	1.13635130699408	8.20381659885336	6.89805655733576	2.80078329344827e-10	1.47353312126641e-08	13.0781045373867
26284	0.00988848791285679	10.2633466171868	0.21962921634554	0.826539664857223	0.879279927203596	-6.74342044753237
26286	-0.0260146570085218	9.85377318666575	-0.327736737898696	0.743691869352505	0.817085569606142	-6.71398922947493
26289	-0.380478008946311	8.5389012860707	-3.15189788312215	0.00205693434595877	0.00749130409947947	-2.022896740065
26297	0.203676297077912	6.86636575466825	2.39679976938873	0.0181100739880038	0.0447451131304355	-3.97666331203164
2631	0.225171167111145	8.90934787394696	3.25678879291254	0.00147163115911746	0.00564330240218672	-1.71548923864931
2632	-0.206141012783909	9.27068327407017	-3.79607120389354	0.000233723104289603	0.00120961957483215	-0.00627490347971627
2633	-0.297732666452899	9.72620550734619	-3.13257227472257	0.00218598332053793	0.00789170551907488	-2.07861196039804
2634	-0.511775352367244	9.67398281285796	-5.52752657187933	1.97630228643384e-07	3.30450544249868e-06	6.73263488088183
2635	0.58048573273762	6.4081190734387	2.61924673843461	0.00997011257538499	0.0275244418023663	-3.44986750871659
26353	-0.227895819349052	12.8432337561038	-3.62962100514052	0.000421030332943407	0.00195157718861534	-0.556187272820036
26354	-0.413706520749353	10.257683519657	-4.47897488813526	1.74491870807631e-05	0.000142193258476577	2.44329933873221
26355	-0.333398672333227	8.58315024936112	-2.18307115850698	0.0310117398783922	0.0689892193362564	-4.44278201130512
2639	-0.222305406874334	7.61961508565522	-2.49876607198111	0.013839415603744	0.0358687081540399	-3.74039505153877
2644	-0.242103963561145	9.07660604992683	-3.59356274415984	0.000477144661900932	0.00216788498751469	-0.672737306394484
2647	-0.185368925801762	9.1722786550307	-1.8672645811924	0.0643477527027959	0.124156140463699	-5.05760106543861
26471	-0.267483953934037	7.96929887932601	-2.09076498531166	0.0386969692462317	0.0821688858544663	-4.63170634970243
2648	-0.0657359534892176	9.24336033543152	-0.816038885772005	0.4161232241575	0.535502440678473	-6.43694131805694
26499	0.0927639086622354	6.55338270972018	0.858977215432116	0.39209581100836	0.513185136892577	-6.40136032100087
2650	-0.913563501183886	8.38206000450808	-5.35909355191615	4.20754298634043e-07	6.20612590485213e-06	6.00567983840864
26502	-0.00737621554860238	7.79931780287957	-0.0822213712151189	0.934610077055359	0.955075991151462	-6.76405835962688
26504	-0.372248891133953	6.18308277375392	-3.90032585717878	0.000160200030961147	0.000888983766417042	0.347932012035405
26505	0.0198726259482345	8.61099464260053	0.361936471101422	0.71804726350381	0.797079746880993	-6.70226224469503
26508	1.0578505330381	9.21424036886019	6.29639285649894	5.41118647339381e-09	1.64931366310822e-07	10.2070162588714
26509	-0.326444848569833	10.8537633208486	-4.03296887697374	9.81007014966717e-05	0.000594942580295527	0.809191364257616
26511	0.162646421502028	9.87678163998534	2.92312617687743	0.00415550824615273	0.0133714445318354	-2.66368925356512
26512	-0.0524165950531117	9.64922487310142	-0.878035669229377	0.381709826928058	0.503164737792721	-6.3849902730353
26515	0.0251459653954555	7.33126159214608	0.339502214372388	0.734835325650033	0.810270963805803	-6.71008585225909
26519	-0.0540772533420174	9.47301818053876	-0.456341671073884	0.648983673238678	0.743392752870819	-6.66387125540655
26520	-0.212006115302666	9.48611561951462	-3.03110048383502	0.00299578990993785	0.0102042163530254	-2.36638263135859
26521	-0.0703682862754786	8.20051878903337	-0.864463048313888	0.389088633461153	0.510480858512198	-6.39668467207259
26523	-0.198729886735206	6.74459716668698	-2.06629202763666	0.0409908271569266	0.0857826785701073	-4.68052703023331
26524	0.0661536421498656	6.07269502192725	0.664054671190009	0.507951629197852	0.62259689229474	-6.54836887849647
26525	0.266166906637077	6.72068003450905	1.62548790839646	0.10672831511307	0.186576906419885	-5.46710735672775
26528	-0.802917136986862	8.09658879177202	-5.59891660703865	1.42929764106639e-07	2.51829404156674e-06	7.0447133369576
26574	-0.214715751855526	8.54895959975852	-2.92559553223296	0.00412491465921263	0.0132885316244526	-2.65699356753089
26577	0.156346913357561	11.2670204439097	1.45502416810926	0.148319395134741	0.24274186721081	-5.72321941178308
26578	0.0807462311388509	11.2254907599128	1.37684080209672	0.171169775919295	0.271108315674615	-5.83154444358927
26586	0.0465558494368392	9.26875520535672	0.345968700399069	0.729982711475759	0.806878745565489	-6.70788199178078
26589	-0.103559733622669	9.81943731294912	-1.46993354389332	0.144242798679294	0.237388324452366	-5.70190688482976
26608	-0.235993148878622	8.62203945952866	-2.61622515346257	0.0100537899957979	0.0276999017229123	-3.45730278554821
26610	0.0566066856037263	6.76167392578657	0.544490953402377	0.587131825776948	0.691466837504189	-6.62005809713928
2664	-0.697672504364418	8.18470310153522	-4.64426811992991	8.93901222092121e-06	8.11387263129771e-05	3.07977572902418
2665	0.0312535524671249	11.8712060068567	0.682949467566606	0.495978317486001	0.61139587848232	-6.53575099377339
266675	0.0515079648911639	5.35626686841981	0.643769123116464	0.520975243637865	0.633111006686592	-6.56152439777725
266812	0.0306593251362639	7.87268174825592	0.357629693116995	0.721259742933895	0.79980913279325	-6.70380289944696
2669	-0.845486710308909	6.2445448210217	-5.379728335472	3.83813812597422e-07	5.7329151755058e-06	6.09401943575832
267	0.470703882229414	9.9242527498471	2.32848007486755	0.0215899938627248	0.0515712404008405	-4.12997716638853
267002	-0.0587572324989415	7.65487846326471	-0.898743297758847	0.370620880447684	0.492570952936101	-6.36680191584344
2673	-0.144739631669668	10.5847466460428	-2.07005079314082	0.0406311061046794	0.0852891833353627	-4.6730634310589
26750	-0.02134210951105	8.10082720622448	-0.259993553217031	0.79532214799229	0.856002832724006	-6.73379000207427
26751	-0.00759181384377792	10.0562044382846	-0.0629750372622274	0.949893002633807	0.96603252914987	-6.7654491083155
2677	0.025639730977121	8.32648838220229	0.471950729493532	0.637834092287262	0.734272024595572	-6.65667306924909
2683	-0.162274191801174	8.16591262653899	-1.4362163491427	0.153588371451757	0.249399950631801	-5.74980572714639
2688	0.349781024212312	14.1603445687626	3.78704283826317	0.000241415875759782	0.00124457944529869	-0.0365982619342269
2690	-0.174278744381732	9.55987474856413	-1.74528973070957	0.0835392841692006	0.153136814744252	-5.27091927259657
26953	0.0643053141513384	9.03164165183379	0.933255943048264	0.352594793398717	0.474028807531478	-6.33555926019945
26958	0.252665960764689	7.02945410627164	1.87215356430151	0.0636625429595939	0.123265964567802	-5.04876756473897
26959	0.0970039380582401	9.76302798992708	1.27220576562822	0.205802991861373	0.313293902096377	-5.96744596537037
2697	0.543309543030561	11.8506937241207	5.98790863842372	2.35600893184749e-08	5.69024379446207e-07	8.78417780477485
26973	-0.0491514787677235	8.84986000953461	-0.434556516592569	0.664678510798888	0.757066257473637	-6.67351428310704
26985	0.091495538643557	10.2554383856302	2.05010718343012	0.0425711286376281	0.0887301343797144	-4.71252044321175
26993	0.159953339366371	6.31238574939684	1.8150527073168	0.0720573420856843	0.136106481963813	-5.1505795766206
26994	-0.293992724135943	9.8615021962567	-3.79785996784967	0.000232226864490488	0.00120338387747267	-0.000260346371177889
26995	-0.269886148793686	7.33163442527421	-3.25644173691031	0.0014732812025415	0.00564700822876694	-1.71652022574106
27005	0.0367335317205945	7.97663142294721	0.534740462968717	0.593836180146536	0.697736393742587	-6.62528230850069
2701	1.36274428486662	7.8404553912115	7.88953803099999	1.7212147184368e-12	2.00242726398422e-10	18.029847750082
27013	-0.0110107072082189	8.40667236881402	-0.113488185571105	0.909836513864387	0.940581927974948	-6.76101310360542
27018	0.200672109995503	12.5381493711039	3.10431846154021	0.00238822480242653	0.00847368422166801	-2.15954585404816
2702	0.14220185142344	8.38357223652056	1.36122446925732	0.176038221287728	0.277442417064803	-5.85248795644232
27020	0.276929945695921	11.8748588421479	6.41638629588978	3.02574424204597e-09	1.03275402641734e-07	10.7699717800417
27030	0.0792544069188408	5.59294208953193	0.776855472791663	0.438799586555374	0.557870491757333	-6.46783661706954
27031	0.282938669915835	8.81687666768893	3.34122205617917	0.00111768884526875	0.00447508960829855	-1.4619605179333
27032	-0.368944186010534	8.08299203804567	-3.62053693727888	0.000434547657851244	0.00200076011920361	-0.585636879385836
27034	0.0646182172758377	8.34858010874747	1.11825111257789	0.265732646050488	0.381134165024662	-6.14837952761408
27040	0.0538386589462055	5.30854473077311	0.647162654121138	0.518784480471224	0.631098646346437	-6.55935185520362
27043	-0.166037602021597	9.19153376710337	-2.36629804132904	0.0195970643592935	0.0477779668263768	-4.04560873001686
27044	-0.145976210012651	10.5048138438493	-1.76934063286222	0.0794220620685488	0.146827715462447	-5.22993654486416
27065	0.718340526884103	10.2066729288129	3.22810025577592	0.00161400737632981	0.00609588519820954	-1.80040400954723
27067	-0.0550109214708824	7.70882852715619	-0.965998249336943	0.336021983398944	0.457632577555693	-6.30484751317751
27068	0.0336836557318886	12.4010954526351	0.292567219986557	0.770367124310445	0.83715727493807	-6.72483788373694
27069	-0.0243228231475903	12.286310099462	-0.546708434247767	0.585612072881598	0.690555649669056	-6.61885688529173
27071	0.142967336620105	12.9590836234458	1.44581955374536	0.150880315759849	0.246298697268054	-5.73627254240429
27074	-0.363849373857436	7.0022796199487	-4.07040963001639	8.52507134274945e-05	0.000531851127576363	0.941499507339854
27075	-0.0823229695922716	11.1417391453204	-0.841568633115263	0.401732852404732	0.521911506898881	-6.41600322624755
27076	-0.953877000741902	9.89141874226274	-6.14293247664067	1.12978548011086e-08	3.07987724941113e-07	9.49467373462666
27077	0.0696253731552729	6.02398537025767	0.683192286990934	0.495825445684557	0.611362618503424	-6.53558655406849
27079	-0.230581081208753	8.69457936822588	-2.35102683128315	0.020381357901537	0.0492972229185053	-4.07982619555834
27086	0.0378909254008401	7.04009335589402	0.409164908255057	0.683160839990122	0.770678576661896	-6.68416037051928
27089	-0.0283665551285054	12.4566013821183	-0.507966890863122	0.612425414967035	0.713488565250734	-6.63914412005814
27090	-0.339461044238223	7.92395998060666	-3.688380586642	0.000342745760895183	0.00166240750733659	-0.36428035234221
27095	0.112546251157333	10.1300601771514	1.78502287875605	0.0768285463674873	0.143306130129263	-5.20292776657805
27101	-0.389159442729188	9.61235629885526	-3.38801022831134	0.000957621475193398	0.00390229570059076	-1.31916537453573
27102	-0.0614825932099818	12.1762217748913	-1.36616877505592	0.174485632145541	0.275415884105134	-5.84588203327892
27106	0.0450308743372911	6.55978153609254	0.546745520761429	0.585586671332664	0.690555649669056	-6.61883675418981
27107	0.093964289722539	8.04563603316007	0.665378033527404	0.50710806281185	0.621944995110194	-6.54749658112292
27109	0.0230247886737048	8.7353113968722	0.317038684364512	0.751774857683281	0.823343983620247	-6.71741919960572
27113	-0.138216420099232	6.94751251278375	-1.82845137436703	0.0700092376820354	0.132906527982903	-5.1269566810878
27122	1.271237169472	8.90022124971874	5.40430626977572	3.43935629231523e-07	5.22225789972864e-06	6.19950535222874
27128	1.29555418319637	6.74624349101881	4.98358400083546	2.16314140523876e-06	2.46789337117019e-05	4.43497524893434
27129	0.0989027627373218	6.31099212710953	0.723111955096038	0.471042936538176	0.586672897437474	-6.50776452494973
27131	0.0501035770669047	9.58467960178218	0.737245776618945	0.462437276221844	0.579010444382663	-6.49753868862786
27143	0.17946420578051	6.84409253288665	2.15540437996614	0.0331624615870132	0.0726776154706099	-4.50019918993442
27147	-0.203486731919916	11.9269789867948	-1.66744714573016	0.0980791351165214	0.173923069141792	-5.39990666209459
27148	-0.0138943822904441	8.88015233212167	-0.213471592023363	0.831327780799315	0.882844879069471	-6.74474720644067
27152	-0.126811407452426	6.8401874742123	-1.75666720124091	0.0815702806711484	0.150294561307983	-5.25159836155596
27153	-0.0810805804807126	8.88839100178246	-1.42824964082164	0.155863218657461	0.252437291394241	-5.76096663756038
27154	-0.230619750041294	9.38879018273889	-4.90506429388522	3.01982188803896e-06	3.2691649797119e-05	4.11575375888676
27163	0.346428811142911	6.98283449707239	3.34283216044685	0.00111178738535235	0.00445794359369439	-1.45707372375258
27166	-0.252960217350874	9.86685411426297	-2.52981169072215	0.0127313435144675	0.0336084683379679	-3.66670169764447
2717	-0.503986818761675	11.1127779360066	-5.99731691119994	2.25381238630554e-08	5.50783737008394e-07	8.82702803834976
27173	0.0381184024446087	10.667319362437	0.355599039907643	0.722776166196163	0.800715012443711	-6.70452293704694
27175	0.359712627217817	7.45444468510775	3.50243229918585	0.000652084621231291	0.00283336084764359	-0.963129404118335
27183	0.112820532932727	7.76059792716522	2.12295408843952	0.0358487127392483	0.0773134118084049	-4.56668159176392
2719	0.819410220082906	11.7943465370871	4.45814565872967	1.89632302920648e-05	0.000152965119348101	2.36424154711934
2720	0.394403080400566	10.9123533940628	5.18799383289862	8.94638533696649e-07	1.16925858992632e-05	5.28117211605469
27201	-0.139998328719685	5.51658863290031	-1.23670483369105	0.218654035572704	0.32778263771879	-6.01118368586632
27229	-0.101293433018163	8.16022401748344	-1.87288057401874	0.0635611729789645	0.123173351301372	-5.04745213332042
27230	-0.217770732555846	10.1721805998736	-3.43307482117326	0.000823996362134624	0.00344967559616421	-1.1800927310669
27235	0.0720181676134926	9.60809294632307	1.25153348761146	0.213216891788032	0.32216668795258	-5.99306106715981
27236	-0.166763635926111	10.3223925362292	-2.3852970052706	0.0186586689667604	0.0458692278766194	-4.0027579491438
27237	0.321041955159839	6.09800006152786	1.78208421527176	0.0773091454958947	0.143822869773894	-5.20800606943034
27238	-0.193008232272146	8.76980332321571	-2.33741092226282	0.0211038893989428	0.0505856431907334	-4.1101648027979
27241	0.136322981915866	6.28236334492574	1.54498732721752	0.125028798212827	0.212410093220475	-5.59144556668712
27242	0.146468007754181	10.7967046474151	1.78683839896818	0.076532864455155	0.142861346982956	-5.19978640855215
27243	-0.0906726451951606	10.9485843943412	-1.2647646400649	0.208449518172538	0.316447899302548	-5.97671332490878
27244	0.321964508318116	9.53639249218509	4.6580072476389	8.44990267160756e-06	7.77751967992184e-05	3.13339615242856
27246	-0.0498079641470577	8.50530366513449	-0.629060993137798	0.530525846525203	0.642260514773293	-6.57080944314376
27247	-0.214160181011349	10.3205836218751	-2.82415780898332	0.00556742589758933	0.0170448250237538	-2.92800729057274
27248	-0.0853776253420853	11.2240324031471	-1.5442829320415	0.125199236269259	0.212601646367725	-5.59250683165491
27249	0.129011989061342	11.6101940427018	2.6811853466058	0.00838766525639316	0.0238164713020995	-3.29577809946407
27250	0.272925001062392	11.9435562072143	3.06924423211217	0.00266340541850932	0.00924358351129705	-2.25915226158293
27252	0.206396759740441	7.53410354116862	3.34826326463584	0.00109209544843394	0.00438963912606538	-1.44057557952733
27257	0.0883099301831958	11.7864531772021	2.06642387887744	0.0409781626423375	0.0857779076091504	-4.68026543288333
27258	-0.0492848198843856	11.7781647082227	-0.93530615015826	0.351541934897374	0.472998270443445	-6.33366680560181
27286	0.673400822860158	6.59173515203372	4.05856518597166	8.91307444328563e-05	0.000551062836089366	0.899544232139752
2729	-0.134974685125501	8.66982903146964	-2.13654561430579	0.0347015379504104	0.075520019008793	-4.53894946776384
27292	0.208611078237215	10.3212924624609	2.58870221876544	0.0108456442876493	0.0294682003408796	-3.52467746062656
27295	0.854436264265319	7.83672883043616	4.91066643108532	2.94909260306685e-06	3.20519801333318e-05	4.13841954524656
27297	-0.0440157779871258	12.2435722882348	-0.459295283773289	0.646867681400483	0.741585988670088	-6.66252768516622
2730	0.160120277198658	9.43403273884002	1.8940776215694	0.0606644297998449	0.118432566803762	-5.00888753618094
27300	-0.124772299554058	9.69477348064226	-2.92669258297363	0.00411138948516056	0.0132501276423825	-2.65401733658119
27301	-0.116108329471182	9.35962991976337	-2.24174308428538	0.0268484636050519	0.0614146522785181	-4.31879082682025
27303	0.306819628505736	6.07917481409832	2.87915261495709	0.00473641415096465	0.0149209690644424	-2.78210527458338
27306	1.52437153619144	6.59270260699851	5.97227763224893	2.53595691425523e-08	6.05316562767905e-07	8.71306424911784
27309	-0.0428047681422865	8.31311122203785	-0.49191661079566	0.623692770357128	0.722741622215191	-6.64711424414389
2731	0.188335489700327	11.2491543795455	2.1174589865145	0.0363217354437985	0.0780076793462755	-4.57784729741209
27315	0.176915071801416	10.3743921561452	2.55980915516289	0.0117369124067929	0.0314252500745897	-3.59472265195553
27316	-0.13272415485129	9.5468193081181	-1.29106520002066	0.199206303245975	0.305333840195166	-5.94372122533079
27327	0.130295889376143	7.27769521096436	2.08505348484736	0.0392221907074641	0.0831345381687589	-4.64314785069964
2733	-0.102180101205968	9.93806113760799	-1.91652006584044	0.0577190671940003	0.113750618063982	-4.96761259975785
27332	-0.0132934549082044	8.29135435058572	-0.0998044162940986	0.920669076052905	0.947865707116664	-6.76246556202168
27335	0.0533323910555386	11.6895197702507	0.783496911184102	0.434906167748239	0.554200084171622	-6.46270582298153
27339	-0.265976270285613	9.21536737675742	-3.40847517327189	0.000894598726547389	0.00370024310529866	-1.25619536012021
27341	-0.215886694923141	10.261957883976	-1.87258380130428	0.063602536905622	0.123207541003855	-5.04798916379873
27342	0.15735015161063	7.82462496606744	1.23513475712266	0.219235580753188	0.328416013242897	-6.01309021506069
27344	-0.61880407515915	5.993784531902	-4.4146956140391	2.25399045597435e-05	0.000175641143078756	2.20016676016183
27345	0.367176665672458	5.94296348620003	3.61481329605067	0.000443274186645035	0.00203413598982666	-0.604162123611553
27346	-0.163166938518695	10.5909198421408	-1.41652611487991	0.159257773796382	0.25642674689242	-5.77728160997841
27348	-0.295615922451179	8.74592467167828	-3.74906215914783	0.000276491730417904	0.00139257420320237	-0.163544963118983
27349	-0.256685988265239	6.11644598175122	-2.53317537707103	0.0126161942514218	0.0333791686472594	-3.6586683151757
27352	-0.119842346354637	7.38489184648601	-1.67839073292022	0.0959190635219916	0.171084315416033	-5.38211121591139
2737	0.307807193352654	6.92893193883939	2.95991925571595	0.00372056483428848	0.0121951847346123	-2.56342007703194
2739	0.0402281508048491	10.9806755302534	0.415268700292423	0.678699820046046	0.767638027328542	-6.68165952603813
274	0.688891411969934	8.83425637630385	4.5968759272509	1.08453688071481e-05	9.47965569809983e-05	2.89565212774897
27429	0.0783959409861272	7.35668661078456	0.935418258492302	0.351484421267608	0.472997934126824	-6.33356320544118
27430	0.256178236848681	11.3535678649825	3.76790770484536	0.000258522881178648	0.00131490086116726	-0.100680637341339
27434	-0.281222195981692	7.01243070421582	-3.97317552152267	0.00012253845216241	0.000711791571632567	0.599810394876226
27436	0.158452823156608	11.4175430727948	2.49973448232494	0.013803588074223	0.0358208097684833	-3.73810866308126
2744	0.00628951318741273	7.5296182195738	0.0715790268660819	0.943058188278257	0.960674328665591	-6.76487294643983
27440	-0.308789640244986	9.09992886560382	-3.24746301543896	0.0015165745066257	0.00578342817392811	-1.74316118368533
2745	-0.162536044931459	13.6127658914644	-2.17018803274447	0.0319976667980367	0.0707815616595836	-4.46960252528542
2746	0.0279158224303339	11.0030404251294	0.637123762426511	0.525279224784034	0.637195577528846	-6.56574591456734
2747	0.334743025910807	5.6431426344864	2.76979248019844	0.00651789722062793	0.019296713635264	-3.06982597690056
275	-0.308275272842856	8.3238019980599	-3.97628194205417	0.00012113716286391	0.000704752698991013	0.610629855434131
2752	0.378847310763397	7.88307894995704	1.86381909066923	0.064834346196873	0.124919920593928	-5.06381337031883
2760	-0.208588269959497	10.7229320610972	-1.3828594424831	0.169320945158657	0.26907492307592	-5.82341093442735
2762	0.0628278997286674	8.91512040220658	0.884284252721263	0.378342184897483	0.500017031560514	-6.37954595100756
2764	-0.0212853420369717	11.1282542102323	-0.434944136249703	0.664397923694706	0.756955427547348	-6.67334681353287
2768	0.0443024378832613	9.41688201344678	0.821897527597695	0.412793911571041	0.532346246616206	-6.43219274035555
2770	0.201734191408282	8.52891696576548	1.53911337625555	0.126455699561529	0.214129577363311	-5.60028123839901
2771	0.341528356159817	10.7094572726358	5.29129000208511	5.68284173783653e-07	7.94251654052956e-06	5.71685237573855
2773	-0.0313968935177993	8.30126383372898	-0.404460004435265	0.686607142125991	0.773404472107008	-6.68606286217605
2776	-0.167513014810166	7.9347142217581	-1.39771943476565	0.164821187786734	0.263853096634005	-5.80318236774367
2778	-0.00621612965609009	13.3727600928679	-0.126222087354205	0.899771084573082	0.935327102765374	-6.75949409869476
2782	0.242371910902187	11.592701698998	4.29864850782072	3.55688157045724e-05	0.00025459134984382	1.76760039511656
2783	0.0901344443829898	7.70596465406831	1.39267280633123	0.166339020565566	0.265345753161756	-5.81007567911138
2786	-0.662105123225453	6.3682101940589	-4.18178806484069	5.58635885515878e-05	0.000372123581803319	1.34047605940015
2787	0.0842916318984578	9.42664548740044	1.51839261586892	0.131591943679747	0.220521293324145	-5.63119150463134
2788	0.0354986418508497	5.89729846045307	0.383215274804999	0.702250106384905	0.7862541573482	-6.69438020305877
2791	1.05271693578794	11.3425303009432	8.11391029388707	5.28409219029903e-13	7.52527611928793e-11	19.1799259194007
2792	0.125066445154386	10.6431928354321	0.478871496573594	0.632916806967824	0.730562301488318	-6.65340436294586
2794	-0.113877779813649	9.04184432049747	-1.98572634112125	0.0493839829581246	0.100002868162321	-4.83746377878662
2799	0.0705582103350839	12.9347705846289	0.808726044107513	0.420301366323855	0.539668783745537	-6.44282143699791
2800	-0.00822594910690313	6.37089197542026	-0.116560525167689	0.907406598110938	0.939050220499759	-6.76066137763838
2801	-0.241441357542886	7.85591107779492	-3.70238034179132	0.000326243210188675	0.0015945378202121	-0.31819799932777
2802	-0.180467141025746	10.7086423815046	-3.07165583341734	0.00264358324131552	0.00918114371169806	-2.25233438162727
2803	-0.101146048595809	9.05296244966467	-1.48443302920451	0.140362232927125	0.232529491371451	-5.68097952342479
2804	-0.0649606427118544	10.0339873803196	-0.616286094499813	0.538893573604588	0.649724261855772	-6.57870110345519
2805	-0.0959984149386565	10.2224596163453	-1.32516606456128	0.187677965039648	0.291447231543857	-5.89996228682111
2806	-0.189596157658341	10.1505843420055	-2.57245121600416	0.0113391435810399	0.0304986408268934	-3.5641609294572
280636	0.164251913588319	5.07749743181014	2.96565724429879	0.00365664146654932	0.0120430057869607	-2.54768554382759
2815	-0.40775985636435	6.91013736343619	-1.85718009924948	0.0657806168627869	0.126448195319204	-5.07575315456854
2817	0.116789018218529	7.55666911071277	1.17888644078432	0.240816585946551	0.353074227682454	-6.07983391905641
2820	-0.124478867970554	6.57906791452098	-1.56175499824506	0.121025467086116	0.206714300688858	-5.56604576640334
2821	-0.310915208521255	9.2745357487369	-3.07931822650104	0.00258150480325536	0.00901997871188211	-2.23064170928125
28227	-0.140283871583488	6.02231827738403	-2.04151960920948	0.043430615763846	0.0900670063292412	-4.72940090902052
28231	-1.14932303893252	7.51573060246837	-4.4414434180248	2.02680816492553e-05	0.000161237477570009	2.30103616540235
2828	0.386627793163786	4.8751469033218	5.88220394429579	3.86848660858589e-08	8.27816046293249e-07	8.30519955804424
282809	0.268321369385961	8.13347947722559	3.39245563715678	0.000943587487708057	0.00385652283447232	-1.3055134024952
2829	-0.00272519000775215	5.94787032425194	-0.018195298038671	0.985513803718927	0.990393249182619	-6.76725809620901
282969	0.52400538130109	5.42186211180474	5.2429560037759	7.03160873178265e-07	9.53712448678566e-06	5.51233156121133
283130	0.00855134120195053	5.945045486664	0.0855501731827742	0.931969090573986	0.953837900635719	-6.76378042364426
283229	0.0684521363090441	6.30519543725323	0.648386788603095	0.517995400023274	0.630789032020086	-6.55856537967297
283232	-0.0559620987936867	7.39643353475099	-0.841107286818427	0.401990187337492	0.522117140469687	-6.4163872511164
283237	-0.358164092466099	7.40915386337471	-4.31627604013887	3.32042074743846e-05	0.00023990435405395	1.8327722623903
283248	-0.483346993825896	7.17935006145408	-3.53593310052927	0.000581722109668612	0.00256953188548809	-0.857075131694158
283254	0.0787160054120441	5.79619445759731	0.803741490683999	0.42316350639196	0.542267323890927	-6.44679942612154
283377	-0.227719730187941	7.6649416449671	-2.72930289202106	0.00731936580397252	0.0212758151569854	-3.17387800320389
283385	-0.482505025252425	6.7803787878168	-3.66562747964206	0.000371264744598244	0.00176446880919534	-0.438881153166209
283635	-0.0892061016871318	13.8394321035413	-2.17815707893033	0.0313846478480306	0.0697061552096618	-4.45302956375799
283849	-0.184553627939633	5.98991252076632	-1.73882711068428	0.0846749677837066	0.154815282664946	-5.28184086178125
283899	0.0374128963051479	8.55329157878808	0.751468762758194	0.453867723641076	0.570355605853535	-6.48705040187741
283987	-0.259817493970752	8.11454945320924	-3.69569229050143	0.000334030686032772	0.00162682397796621	-0.340229944418737
283991	-0.0322031716385384	7.75475882545177	-0.39054804650522	0.696835962200557	0.782259451994646	-6.69155998308697
284	0.179976646068484	8.15030241297522	2.57264324476179	0.0113331961983876	0.0304925734849126	-3.56369567081648
284018	0.76261301279897	10.3243398018593	8.83127320970514	1.15026092741093e-14	2.79445742953361e-12	22.9098281809975
284086	-0.0162649802176332	5.91379359218354	-0.183528683460674	0.854698411326185	0.900256169032681	-6.75066148478713
284119	0.479195332351561	11.4586913079331	3.73776922096978	0.000287820725912228	0.00143736348006953	-0.201097151871585
284161	-0.173735842630952	8.90478980586916	-1.20079231726107	0.232238234390509	0.343164188920502	-6.05420130986521
284207	-0.11003156438725	7.60651468918047	-1.10241438595017	0.272526397852227	0.38898704791073	-6.16569910921776
284252	-0.198253715839326	6.31471449120247	-2.39624249348035	0.0181363184378444	0.0447850494160223	-3.97793014410247
284273	0.407273730289468	6.60652861454368	3.72704474766897	0.000298986048974782	0.00148147856300642	-0.236676676257879
284309	0.251595192291367	6.01234356837672	3.6436598828353	0.000400919633850719	0.00187732209501527	-0.510559190897397
284348	-0.0775981633537453	10.6685827335468	-0.316690642574905	0.75203829235728	0.823523305696823	-6.71752887913095
284361	-0.220817049064049	7.80269280927113	-2.37148078835783	0.0193370242053393	0.0472276226895632	-4.03395026821883
284370	0.048003511709993	8.22982060511548	0.75411606114365	0.452282759858305	0.569229863847265	-6.48507632643417
284406	0.0108559000588688	6.731054700852	0.137137878194004	0.891155682961069	0.927889315676091	-6.7580635424316
284443	0.0314840020151761	7.64212103376616	0.301732529101674	0.763387435740618	0.832302682411909	-6.72212901429835
284459	-0.00692596449421454	6.47555564452293	-0.095525001995126	0.924059973414469	0.949699562075838	-6.76288155036912
284695	-0.240811790593513	6.42887753424382	-2.54255815253415	0.0122999123055046	0.0326468952106889	-3.63620924222358
284996	0.122426079022977	11.145021286868	2.06921771951206	0.0407105982359878	0.0854343347127183	-4.67471871212438
285	-0.204156563338795	13.0326800873659	-1.05342378613535	0.294300499468168	0.413070879457445	-6.21774396047326
28511	0.142958325819539	9.07647830859023	2.4910908233226	0.0141263246576594	0.0364749739519434	-3.75848793897575
28512	-0.0356269872307519	8.8678095436672	-0.547116694621601	0.585332472935844	0.690495033768933	-6.61863520075106
28514	-0.0809812014615098	7.25509936444697	-0.597771628303688	0.551138569660375	0.659595149324665	-6.58985283793425
285172	-0.207846757184178	8.06754159361952	-2.40776135411052	0.0176006499040107	0.0436711830000385	-3.95169057637657
2852	1.03077588025687	6.57096414213719	6.8655954980871	3.29520204999333e-10	1.66983858484325e-08	12.9202798224095
285268	-0.108144330789302	8.23088120672429	-2.00335370611526	0.0474322659738146	0.0966906507758413	-4.8036241824161
285282	-0.232514186377089	8.87966343149566	-3.40929717664572	0.000892150534439088	0.00369196563851046	-1.25365959622936
285343	-0.249103003094737	7.08820654356796	-2.84628508164884	0.00521822824003309	0.0161010703259893	-2.86959744403703
285362	0.114305110120264	9.22372996439918	1.85164698560793	0.0665780470498728	0.12759505072667	-5.08567341248521
285367	0.186247646532894	8.46260813749988	2.81770016657479	0.00567328900825476	0.017298400593645	-2.94497879608905
285381	-0.212704853699394	9.52289116960811	-3.09491408109271	0.0024593006127223	0.00867741267026321	-2.18634728674182
285613	0.0614092471580851	6.99778482705423	0.583155247744771	0.560902385606032	0.668185287971545	-6.59841786304796
285753	0.114193203514343	6.6102124854571	1.07651503844459	0.283894425136872	0.40105489167617	-6.19350200134485
285761	-0.138941109185452	6.45255115308712	-1.51658131973386	0.132048600145983	0.221196803327077	-5.63387437778249
285955	-0.111743159446638	6.62395795489299	-0.694325814279498	0.488843546843295	0.604691349532436	-6.52798454332016
285973	-0.30627551325338	6.17030310749407	-1.99727325215194	0.0480979463252347	0.0978062620990741	-4.8153284989984
286006	-0.0270867011432268	5.47903960636748	-0.27666723795671	0.782519977346777	0.847131718595593	-6.72933931112492
286053	-0.0653120590427708	8.18745163207575	-0.968026273880549	0.335012448963623	0.456558790371148	-6.3029109799093
286097	0.332709193155127	8.14824684216587	1.59351847224091	0.113720847847715	0.196308088447675	-5.51720989544431
2861	0.27228162768814	7.87537625370583	2.78774855982115	0.00618875164596817	0.0185281219991653	-3.02325185145548
286148	-0.0205407550668191	8.28468839703676	-0.455118580229465	0.649860747388617	0.743935780650201	-6.66442509892494
286257	-0.81774061454901	8.99410115965967	-3.99012857177441	0.000115075005442769	0.00067604519555994	0.658934875059823
286319	0.128665371050617	8.13486621037604	1.97807711145254	0.0502519083496751	0.101387582552105	-4.85206121335646
286451	-0.337284481948536	11.1154134780156	-4.1424035472467	6.49249659760638e-05	0.000422933926626409	1.19847934953812
286676	-0.242638061560761	9.17335040926538	-1.64662723864479	0.102297190159078	0.180165200578674	-5.43345553002998
286826	0.0924012180528281	7.48455772414557	1.24270619753136	0.21644151723262	0.325529303048333	-6.003874545896
2869	0.189040135469708	9.92647651881103	2.29021913763335	0.0237860042236388	0.0557526659725473	-4.21407294082819
2870	-0.04571632654473	5.56764768288076	-0.647562532890431	0.518526648371551	0.630877907725588	-6.55909510545872
2872	-0.135387620846976	11.0875798878762	-1.80447123582947	0.0737097208064424	0.13870739407734	-5.16911949981385
2873	0.056481253359571	10.5426079489339	1.0617992842393	0.290496534320292	0.409052399162225	-6.20901066689747
2874	-0.0321053744166639	8.46148157400691	-0.517710640537447	0.605630038290774	0.707868135882524	-6.63418137972985
2878	0.276624923818443	10.6883153804368	1.98979565506907	0.0489274681367674	0.0992243768253618	-4.82967663639432
2879	-0.0494453090400125	12.5986473472259	-1.04374430769279	0.298738658376154	0.417950765275581	-6.22775240757702
288	0.264678152068562	10.8468179849917	1.38046595613307	0.170054361387833	0.269813489255379	-5.82664957150882
2882	0.351789907117783	9.87082939224992	2.24979548919694	0.0263170281359421	0.0603997367054408	-4.30153815730764
2885	-0.310435084774589	8.64131723193599	-2.84800903345947	0.00519188170151385	0.0160617763500016	-2.86503003627857
2886	-0.182484497934442	9.18152828651617	-2.20190510046187	0.0296179600040784	0.0664433323285409	-4.40330983456916
2887	0.0102764710265455	7.25561523063476	0.116584084087479	0.907387968703401	0.939050220499759	-6.76065864429097
2888	1.65737383535904	6.60327535250737	9.49731929929137	3.12750909861073e-16	1.03332900618099e-13	26.4249559331482
2889	0.234044004109674	10.3538815537291	3.58457594630778	0.000492191672694708	0.00222280110249223	-0.701640280388986
28955	0.252071232189747	9.70170779514172	3.34355374070472	0.00110915208138122	0.0044511093033789	-1.45488304057375
28956	0.2920062016253	11.0552768589336	4.21860257872088	4.85000663787597e-05	0.000329178757837761	1.4741024730483
2896	0.073246619913402	11.056995485544	0.859482108751307	0.391818447721155	0.513060175575762	-6.40093122162206
28960	-0.192795581823143	7.13448663338641	-2.03004953869078	0.044601721962401	0.0921255872491704	-4.75184455076207
28962	-0.104831595383065	8.45560722868345	-1.4936385198165	0.137941043656393	0.22931198676137	-5.66759043841231
28965	-1.14271249448147	8.56509058436289	-7.38696280046897	2.33988204955923e-11	1.80602231676377e-09	15.4903235546441
28966	0.456091272594607	10.1801357207244	3.92475807472927	0.00014648340488071	0.000824218613293371	0.43200929105074
28969	-0.257726602737955	12.7456140293273	-5.22316071435235	7.6700212187142e-07	1.02681321339675e-05	5.42890302317318
28970	0.0216213110739105	9.61626121729813	0.2879831346481	0.773865177234311	0.840320131302134	-6.726161442147
28971	0.170199506511467	8.47108498691428	2.58697062153817	0.0108972921427801	0.029560470640185	-3.52889510257279
28972	-0.112194465922043	12.1871270211692	-2.25402132517484	0.0260418358175237	0.0599513834595166	-4.29246141238488
28973	-0.190591105582541	10.8129416888631	-2.91096445209382	0.00430924792350021	0.0137589438918097	-2.6965946831518
28974	-0.201074648167533	10.053275927022	-2.96000827837746	0.00371956528035358	0.0121951847346123	-2.56317616191982
28976	-0.314975325856319	8.76922510464441	-4.04784286853219	9.27884015973132e-05	0.000569414708167762	0.86164297582994
28977	-0.299197140832497	9.71489978115191	-4.26468727273983	4.05888761349899e-05	0.000283896799047245	1.64258623427992
28984	1.64208507634254	10.2726907564419	6.11290292796782	1.30354679085082e-08	3.43868463257464e-07	9.3563154957173
28985	0.00914583678022874	10.3765587146598	0.0863177525467658	0.931360219230509	0.953524468374319	-6.76371477052692
28986	0.624579931537182	7.50804802615713	5.03562880120597	1.73102365901317e-06	2.05139963033699e-05	4.64836858120213
28987	-0.206358981118565	6.79441317194939	-2.35454786914349	0.0201981062201705	0.0488969394427341	-4.07195463508705
28988	0.123844859508602	10.9939894127674	2.126041090848	0.0355853223065191	0.0768514442208996	-4.56039724704904
28989	-0.37112644616579	8.20581712598919	-3.67751517945981	0.000356095458399454	0.00171507200371982	-0.399950420499303
28990	0.0646504251249381	7.78026801059206	0.991383185113811	0.323528392330543	0.444058577708589	-6.2803198246595
28991	0.260620227553465	8.8551141464905	4.79506054381945	4.79371084899799e-06	4.8515065290156e-05	3.67415569724291
28992	-0.314875217446985	6.47943948106357	-2.69482532469466	0.00807132203848211	0.0230760615285897	-3.2614170353933
28998	0.0624998817893281	10.5836489262463	0.956991169500475	0.340529567199063	0.462171249599779	-6.31339995256915
29	0.435832705045552	9.32064479954933	4.58798526045598	1.12443591230849e-05	9.78697643379149e-05	2.86125621797264
290	0.3230011744007	7.1669098148933	3.6271090419463	0.00042472788139369	0.00196399954083306	-0.56433667673917
29028	-0.317150904887049	8.0961223740117	-3.25199889843365	0.00149455732210411	0.00571265316084218	-1.72971032645345
29035	0.163938948363832	9.07181904548071	2.87301295545125	0.0048231974068373	0.015148140905124	-2.79851503344334
2905	0.674296418528764	5.55508589644042	4.85551971217086	3.72140211903019e-06	3.92577030692074e-05	3.9160418544448
29058	0.0938911335831779	11.6662053581264	1.69815599982845	0.0921155696514002	0.165443488871617	-5.3496898426682
29062	0.0400979142979211	8.5501238309913	0.494817073684412	0.621649916599366	0.721082475931858	-6.64569281610418
29066	0.164649173768051	9.25889784003478	3.02802816043703	0.00302416492671234	0.0102796717261909	-2.37496984307273
2907	0.0977842588004765	9.79118307021461	0.920551178265684	0.359164160417113	0.480981836096847	-6.34719521663686
29071	-0.124440247491424	10.1172790531615	-1.55939663980048	0.121582316200619	0.20742339740129	-5.56963411989001
29072	0.0991062068291328	9.46821733772463	2.5968505105211	0.0106055535570612	0.0289592966549836	-3.50479696607193
29074	-0.0619835259412626	10.8319934095536	-0.958945899082267	0.3395480062484	0.461066337598518	-6.31155058962347
29078	0.0258676108996519	8.9609857932903	0.170169255004956	0.865168635973645	0.90966050574622	-6.75301256990888
2908	0.88557051336611	6.88558219511409	7.26247584722939	4.42779593617602e-11	3.01768394831571e-09	14.8701785773622
29080	-0.0443903978833334	11.0338398139371	-0.995741495084898	0.321414615655318	0.441818060461462	-6.27604576721687
29081	0.0193232890461434	10.2523714593133	0.351611525799124	0.72575711298984	0.803263265884507	-6.70592494187612
29082	0.055085437226556	9.74624518726655	0.754188637371948	0.452239352409464	0.569229863847265	-6.48502210993158
29083	-0.0816700407312073	8.4056970585492	-1.16840347805483	0.245000743366712	0.357987995791445	-6.09193728320611
29085	-0.259933931024655	10.7631530260081	-4.10998330528456	7.34255088154561e-05	0.000466534386781282	1.0823404703324
29086	0.021592289021918	9.76418900949685	0.412811248045647	0.680494514764666	0.768825699898255	-6.68267083310547
29087	-0.0448968483170699	8.31058912935223	-0.601248664964012	0.548828415605061	0.658147896762166	-6.5877843083382
29088	-0.0473892401854105	11.3839161677138	-0.663640577624256	0.508215742818791	0.622724015268072	-6.54864147520698
29089	-0.272965899495023	9.65156814832778	-2.98842262698405	0.00341286683497232	0.0113533145617686	-2.48500125618413
29090	-0.0391870131829261	10.9136869961606	-0.736202799336413	0.46306926303935	0.579713869764327	-6.49829998600981
29091	0.425968430662635	8.25335722603142	2.45504327177729	0.0155461516428635	0.0395476478503395	-3.84279292282188
29093	-0.0139333916447467	10.4493559092869	-0.219831136550472	0.826382762947118	0.879279927203596	-6.7433763022632
29094	0.560852207865333	7.04982398764412	6.14996125323107	1.09252890416808e-08	3.01815677204962e-07	9.52710783947786
29097	-0.0504048055943946	11.7689959636914	-0.8735906943197	0.384116724249609	0.50562615813574	-6.3888399394983
29098	0.216010168732116	8.06100447029278	1.08432224092812	0.280433872375602	0.397594195987379	-6.1851891777437
29099	0.0525617962241087	8.77363319633488	0.793107860501371	0.429307840830722	0.548504681401665	-6.45520443684852
291	0.0853035068891216	11.0203343278711	1.02004066954002	0.309797307291864	0.42971045478267	-6.25187860716468
29100	-0.31470795263253	10.2968029749522	-5.54105325894408	1.85892465271966e-07	3.14645853103778e-06	6.79158826632397
29101	-0.0752570198766264	11.6482613092208	-1.23922531481886	0.217722815616639	0.326775432639534	-6.00811815607709
29102	-0.207860308305498	8.84618505343328	-3.42983696427426	0.000832980445041817	0.00347671474282234	-1.19013505308587
29103	0.268224401018615	9.12679428406233	2.74111132832832	0.00707683577212717	0.0206748194763494	-3.14367112759759
29104	-0.137610042958741	7.09547245281203	-1.6407062307227	0.103523112150025	0.181975081157525	-5.44292307894622
29105	0.109219294476612	9.9902483020947	1.72879113771926	0.0864636477920439	0.157414531796844	-5.29872502521174
29107	-0.00782905302915344	10.0798527350548	-0.138532539150529	0.89005584720369	0.927305758649595	-6.75787222580743
29108	0.603703651376086	8.27545452830152	3.99097238348385	0.000114715102633368	0.000674890845976938	0.661882696087807
29110	-0.0375757493895372	10.48022717029	-0.627550943532856	0.531511456575115	0.64288836305615	-6.57175065384025
29115	0.0954384075311586	6.9179207936464	1.52175725412211	0.130746956238354	0.219506068806667	-5.62619966866062
29116	0.26797510138892	12.4688351799171	3.24765494833046	0.00151563676591404	0.005782521795127	-1.74259233657237
29117	0.0534265471485513	10.4715431539205	1.08962541679399	0.278099848356497	0.394759365427851	-6.17950897662593
29123	0.0160488074066008	9.40378357860974	0.279120187563771	0.780641516979601	0.845652318721509	-6.728661241786
29124	-1.17264406251863	12.894501381802	-9.63446044853698	1.48258465333877e-16	5.83149963646583e-14	27.1528932412643
29126	-0.0631486211148998	7.24972075238429	-0.381109010530674	0.703808112304789	0.787197699070759	-6.69518042558193
29127	-0.339133427156581	9.23291936124268	-2.81480835370673	0.00572128927674768	0.0174126195379277	-2.95256786475549
292	0.136801067887799	13.5956877478247	3.02697171574045	0.00303397914071058	0.0103003155373076	-2.37792091167597
2926	0.150576675515083	9.73689868230059	4.05953312263121	8.88074311017223e-05	0.000549887092129105	0.902969403430808
293	-0.0323423793268955	11.3010825670402	-0.457907699980382	0.647861398806518	0.742416086867624	-6.66315995946449
2932	-0.177265037295865	9.23307438075771	-2.04390001665225	0.0431908980891522	0.0896373915116576	-4.72472838355579
2934	0.0334233379510139	6.87640007938769	0.259921058491121	0.79537793476474	0.856002832724006	-6.73380874991144
2935	-0.246548395304314	11.9899543331575	-4.56028980353781	1.25803046661345e-05	0.000108243038064866	2.75440502889801
2936	0.256955278205916	8.37555423380388	3.07818578650727	0.00259059368872766	0.00904071385902276	-2.23385060216435
2937	-0.00947130227421929	8.40208099627859	-0.141433397818698	0.887768905993601	0.925697218038853	-6.75746809362575
2940	0.562431801266164	9.69237909704268	3.04063276571883	0.00290931077340537	0.00993421949009558	-2.33969241193744
2941	0.207251763477133	11.3445198829974	2.67224635972633	0.00860102991800956	0.0243553332611447	-3.3182131255857
2947	0.175392419889386	6.4393752532884	0.867028113599756	0.387687428103793	0.509514424206417	-6.39448834998488
2948	-0.0717548596098338	5.53386223882948	-0.773770105690004	0.44061520356723	0.559489866481986	-6.47020548936319
2950	-0.198219600620987	13.0727873565717	-3.9306211781637	0.000143362461010077	0.000809955677186156	0.452245504141194
2954	-0.0757567045152978	8.15473996750391	-1.10276142582898	0.272376243776814	0.388839919391027	-6.16532216685159
2956	0.161511686840065	10.8756222666646	2.84656442247882	0.0052139508859314	0.0160951340309979	-2.86885752660194
2957	-0.322723551809746	5.9861304109821	-2.94913662233809	0.00384347828813195	0.0125136502404296	-2.59291697544225
2958	0.116132975642117	11.241909753656	2.51759665737956	0.0131574642066963	0.0345017950308926	-3.69579403162833
2959	0.0675847804813164	8.84153469781133	0.94768367656034	0.345228516877399	0.466861091913443	-6.32215477897688
2960	-0.00935385569593915	7.91503555211531	-0.127944916626958	0.898410501465467	0.934147877908454	-6.75927619432584
2961	-0.0802768840478939	10.8435101186069	-1.688467908931	0.0939642659011051	0.168105877483892	-5.36562657636359
2962	-0.0474850612368532	8.53010796896776	-0.756713049295425	0.450730999928765	0.568109425912711	-6.48313308728351
2963	0.00721541912724475	10.5449592246566	0.157933359598798	0.874779435645494	0.916266565867585	-6.75501017525635
2965	0.211270051718168	8.18745485389485	2.63883776952558	0.0094426481965931	0.0262879252119511	-3.40147459299892
2967	-0.286852578607054	8.66394514559433	-3.21893694605011	0.00166212318189151	0.00624619539691713	-1.8273941552877
2968	-0.105094351166011	7.87758526128597	-1.19751919232442	0.233505846573611	0.344667314635102	-6.05806053749726
2969	0.334093440664684	7.35203465082667	3.29964690053033	0.00128061932384492	0.00502074505410102	-1.5874706204905
2971	-0.0334388084421586	10.8296935116418	-0.415269702822252	0.678699088266987	0.767638027328542	-6.68165911224915
2972	0.0458334211014197	5.92483581145277	0.605061715441415	0.546300589820612	0.656259870843261	-6.58550217377687
2975	0.24904274341284	6.65932461234934	2.82381246557476	0.00557304126589429	0.0170485685113052	-2.92891575409993
2976	-0.0752969585314137	10.2649635390923	-1.69867413036369	0.0920175386747958	0.165339323353016	-5.34883508267637
29760	-0.180895262791939	6.74510033686501	-1.04900308011392	0.296321863310528	0.415061656934875	-6.22232615677738
29761	-0.0206677995499247	7.46496640045313	-0.226956440256698	0.820850592035274	0.875206646471068	-6.74179256527879
29763	0.0248618305328873	7.31788996717811	0.26029858238174	0.7950874309085	0.856002832724006	-6.73371106136969
29766	-0.227117760332689	6.68218503321445	-2.58854150952968	0.0108504284229679	0.0294682003408796	-3.52506900509754
29777	0.194944699086171	7.25113349142727	3.09082899410578	0.00249078113089331	0.00877349771478836	-2.19796785549597
29781	-0.215772857477042	7.78450932859698	-3.63924843870412	0.000407138988728271	0.00190213124824407	-0.524912021025797
29785	-0.782577959703862	7.31197934988188	-5.39667872761463	3.55857040718465e-07	5.37363648324409e-06	6.16673798127955
29789	0.0628076796027936	5.22910178214211	0.921581514883915	0.358628509754756	0.480576166543525	-6.34625741483945
29796	-0.144629953054041	8.62011799622192	-1.91398933100848	0.0580450634813406	0.114197304490373	-4.97228983343613
29801	0.123929621734967	10.5626997730055	1.94080238415918	0.0546687745461483	0.108679681769238	-4.92244000969812
29803	0.0496579423661171	9.94812290748362	0.774203323952733	0.440360008748734	0.559277745600389	-6.46987343762838
2982	1.13514378212613	8.33963289936559	5.02496653499167	1.8120829817291e-06	2.13216601553879e-05	4.60453526090029
29841	-0.309257880211296	9.33146040406413	-1.74105444294467	0.084282135935524	0.154375464960199	-5.27808109563443
29842	0.0203403578894767	7.97189960623162	0.1933737044984	0.846998985454481	0.894546119575211	-6.74881528901307
29844	0.432702021233761	7.64978528387446	5.39365443625244	3.60694827205298e-07	5.4367504976565e-06	6.15375349816668
2987	-0.241154098069931	10.7115211182422	-3.71651407065348	0.000310348466376215	0.00152860961971827	-0.27153503108554
29880	-0.0796213238721988	10.6627027557216	-0.963697761684186	0.337169545637341	0.458632752658404	-6.30703937948448
29883	-0.224497433665876	9.83047319477192	-3.47229073972583	0.000722171168900672	0.00308914233822867	-1.05785085856379
29886	-0.0665549311695912	9.1321329977508	-1.00381920751965	0.317521137131847	0.437631335342743	-6.26807547576112
29887	-0.683853572013338	10.2329940563603	-5.7038491245053	8.84216855510799e-08	1.69065537650907e-06	7.50756282951195
29888	0.164413707292215	7.88094430270071	2.69362554882356	0.00809870742515125	0.0231296419009761	-3.26444561679502
29889	-0.253171196028977	10.8296636089608	-3.71941325434062	0.000307180107339579	0.00151571546393364	-0.261945975500503
29890	-0.150393201431235	6.40530259008435	-1.51091753286015	0.133484556779883	0.223285224585223	-5.64224365678344
29893	-0.0582630822326902	6.34553853985814	-0.554767596496531	0.58010435423049	0.686287878250336	-6.61445032671653
29894	-0.155182253555413	8.50002695176035	-2.10398671499849	0.0375042914019367	0.08008930894002	-4.60510871592832
29896	-0.169625375926313	8.10232108674199	-1.92684925449438	0.0564044547563735	0.111646488446596	-4.94846233223356
29899	-0.500520842041475	9.23896931913256	-5.32376223881766	4.92225190371527e-07	7.04641260393208e-06	5.85489846037056
2990	0.140180109136376	10.0689845654297	1.83646337311358	0.0688078150974294	0.130919818732997	-5.1127525343675
29911	-0.18262932614326	8.54789284990005	-3.47610127971438	0.000712934744135698	0.00305913817483681	-1.04591269182918
29914	-0.376778959817868	8.75808635108466	-4.32423864248749	3.21863594826921e-05	0.000234147623625326	1.86227454102987
29915	0.21433027293624	7.95927884950286	2.71547625332642	0.00761293068332515	0.0219409656120955	-3.20910176288019
29916	0.0888781041113506	8.89017162396995	1.67824343443734	0.0959478795019783	0.171098766123994	-5.38235147550413
29919	0.181246490854626	9.1983188923739	2.54901951055821	0.0120862630144188	0.0321936576907769	-3.62069982904581
2992	0.211643228177601	10.2583974653442	4.00944691274717	0.000107099584130645	0.000640117630187503	0.726541044352611
29920	0.184615074376649	8.67022326141587	2.96005414146168	0.00371905042227878	0.0121951847346123	-2.56305049820363
29923	-0.45345133259804	10.2492204520584	-3.1735388808975	0.00192084332829304	0.00705790297673512	-1.96016390550966
29924	0.045696339432738	11.3454590207021	0.767364240792358	0.444398700472198	0.562909563855291	-6.47509396368352
29925	-0.612516312402912	8.79885926228443	-5.93229116944056	3.06004171772852e-08	6.94394082099934e-07	8.53159292691584
29926	-0.519860911691856	9.3307375337558	-6.17278896707138	9.79675214924012e-09	2.74309060178723e-07	9.63257492949157
29927	-0.0537476114406612	11.5596164484335	-0.850212194249976	0.3969300791824	0.517054479427003	-6.40876986618922
29928	0.175048898949045	9.8359326509278	1.84796444506705	0.06711322968201	0.128412155935465	-5.09226033190817
29929	-0.135756782145263	9.73658766549036	-2.42071010589524	0.0170152949899088	0.0425125035138073	-3.92205784316054
29935	0.198489432123274	5.96980211152378	1.36981491247043	0.173347337596364	0.273933232933989	-5.84099569105229
29937	-0.427798814794744	10.9862078443942	-4.65126740239434	8.68651215493546e-06	7.93701221236359e-05	3.10707863876002
29940	0.441511664091869	9.53697543622282	3.48795165307288	0.000684915768352992	0.00295734670496378	-1.00871840245447
29941	-0.0473959223121951	5.82367226511953	-0.427087764042703	0.670094185534293	0.761030932560602	-6.67671206547959
29945	-0.160773519267504	9.71940255017048	-1.56075425356529	0.121261512856276	0.207074652923887	-5.56756908174519
29946	0.137969790121067	9.38646314287626	1.54206585550144	0.125736885673921	0.213174059606469	-5.59584412003536
2995	0.577362463676024	9.32352756074192	2.84653797171048	0.00521435577081724	0.0160951340309979	-2.86892759205116
29950	0.0706698930721913	8.15470324156623	0.732186528933056	0.465507450540652	0.582148605823738	-6.50122159756225
29952	0.411025179866746	7.01484809437029	3.09572117483449	0.00245312476675211	0.00865932075785145	-2.18404986290113
29954	0.200005898719092	7.35748174840521	2.27133100986979	0.0249407322459364	0.0578843631220666	-4.25511884645529
29956	0.406080536070298	9.64903605835666	4.94656499230987	2.53260055663509e-06	2.81173126314595e-05	4.28406340118472
29957	0.022587448056996	6.99181017583634	0.161595248306326	0.871901140931284	0.914803125480304	-6.75442795885185
29959	0.0190959604884252	7.86653743939544	0.281650245314206	0.778705365036644	0.84421923024054	-6.72795559540425
29960	-0.0695100213773697	7.75570042832756	-0.982525355828047	0.32785264071693	0.448503281272249	-6.28894960670387
29965	0.0702663957865159	5.40859435780706	0.945680572945044	0.346245246781449	0.467853057159295	-6.32402792401255
29966	0.0726919172931151	9.84934029266906	1.2087865324149	0.229163056578147	0.339958126317439	-6.04473241646235
29968	-0.68632549112759	8.03178286007679	-3.80499453722534	0.000226349116470441	0.00117958593189012	0.0237509448854567
29969	-0.030788213261965	6.55539280436348	-0.411224878877501	0.681654026212399	0.769714594191991	-6.68332048756579
2997	-0.454528581278173	5.94680413417895	-3.61412057236917	0.000444341512659713	0.00203677075170324	-0.606402620361139
29978	-0.0111281813068529	10.3731155493743	-0.241950641929771	0.809238668430499	0.866347844194153	-6.73829496894498
29979	0.0888756779404993	10.821696307598	1.49308610647168	0.138085411572137	0.229494064302988	-5.66839615256653
29980	-0.215595995409076	8.78068123012471	-2.94601712417033	0.00387972865336021	0.0126167553845494	-2.60143337506813
29982	-0.280476484130628	9.60159010298126	-3.39900887708822	0.000923250631663286	0.00379273678693943	-1.28536147279943
29984	-0.0258219201552617	9.31275731066179	-0.216937908430297	0.828631610612228	0.881114457216401	-6.74400497034359
29985	-0.185328107596454	9.61319463969075	-2.92088181064341	0.00418349509378583	0.0134405559994831	-2.66977064607541
29988	0.104864774744068	9.28247826208209	0.892598459403531	0.373890115073258	0.495639921442002	-6.37224281697113
29992	0.0107842373859676	6.51147909753269	0.0811834606395662	0.935433679268809	0.955444811519768	-6.76414276395233
29994	0.132351794068852	9.665816321806	1.18602175772136	0.237997913865372	0.349937210349888	-6.0715352892348
29995	0.283525578820877	8.94363781863595	2.25835517480887	0.0257622295212074	0.0594402278897132	-4.283136454041
29997	0.0128587110810286	12.4463565138512	0.279475030674505	0.780369886376268	0.845652318721509	-6.72856265755698
30	0.023589732323333	8.53414192771215	0.295114491647859	0.768425373858676	0.835983152172609	-6.72409339143377
30008	0.574488009595327	8.92669823195593	5.18317828933249	9.13654326676179e-07	1.19222507714775e-05	5.26099101285726
30011	0.406338554127611	10.5255802811439	3.50802342017727	0.000639809399586012	0.00279177265746458	-0.945486153201145
3005	0.0714008843389638	10.7719775225729	0.832126226615986	0.407019671237744	0.526873895810773	-6.42382164042977
3006	-0.560857752090578	12.3272900749034	-5.29955567339661	5.4790031851229e-07	7.70980686697022e-06	5.75194265708487
30061	0.136146759125097	12.3807281261803	1.67108667211151	0.0973564302503785	0.172975718190606	-5.3940007153499
301	0.15988560096197	13.2549793008299	2.95872056538405	0.00373404793362846	0.0122199825403213	-2.56670378029326
3014	-0.284508213440828	8.06067035953796	-2.7092986484688	0.00774751485864018	0.0222589470373454	-3.224788470222
3015	0.0239697266538061	12.7599158894523	0.392269377029136	0.695567270434044	0.781445984974307	-6.69089022440213
3017	-0.295491001644652	10.3502706405507	-2.40115366284527	0.0179061878842668	0.0443095002768256	-3.96675660276435
302	0.0497550812500659	13.3902917549989	0.813292329471318	0.417689531077773	0.53689939724594	-6.43915590914648
3021	0.414285560295306	9.49392899554131	4.61876133751889	9.92066066266538e-06	8.81125344877592e-05	2.98051756719644
3028	-0.228641411793465	8.19015676488159	-2.30655729794215	0.0228253272233432	0.0538523858511324	-4.1783179358065
3029	0.0997433074545377	9.66893273867896	1.70612106562472	0.0906179235681927	0.163393156226429	-5.33652246598531
3030	0.0963167685917596	8.24696632654027	1.22843945448085	0.221728097530993	0.330949419155404	-6.02119377287374
3032	0.0177552952047077	9.30346456287869	0.287589703611043	0.774165617040602	0.840320131302134	-6.72627406455653
3033	0.118321283916462	10.3163834288537	1.48627554844816	0.139874989650985	0.232048084859838	-5.67830601783784
3035	-0.368797037104265	9.29490714201587	-4.23389647398694	4.57233240126241e-05	0.000313163064962085	1.52986783470302
3043	1.70807474304367	11.7252022435845	3.16674464182121	0.0019626402973866	0.00719547663400501	-1.97989790574485
3045	0.0881831103549068	5.0320542499995	1.11271002977621	0.268096141623997	0.383791010366415	-6.15446694906213
3046	-2.81831985131798	10.6578388874222	-3.72412251116799	0.000302098902897263	0.00149242639828432	-0.246357559926288
3048	0.98723687413315	13.0475606744641	1.80408195819563	0.0737711030577536	0.138772332329092	-5.16979960339591
3052	0.241296625555057	8.24227486542929	3.59617895740377	0.000472846544079713	0.00215072271701455	-0.664312268711175
3059	0.0312561238889202	10.6069294880318	0.368406498770863	0.713230679379197	0.793225449262443	-6.69991315001043
306	0.41672827605823	11.0175955145222	3.41615205090912	0.00087197803097567	0.00362300731180032	-1.23249381063209
3064	0.131665610083663	5.61496639342769	1.72898148463928	0.0864294375759263	0.157386938795668	-5.29840565589034
3065	0.0191451541954842	11.5481996696846	0.349422188288309	0.727395590955305	0.804645450822394	-6.70668800114798
3066	0.0785594755004581	11.4276905664243	1.58156108585899	0.116428303229294	0.200228562288979	-5.53570475530195
3068	-0.11227132964043	9.5893295441599	-2.1217310772645	0.0359535277135937	0.0774787735231631	-4.56916899164764
307	-0.404020950119001	9.67673891977692	-2.47068146930547	0.0149152756978974	0.0381661020026743	-3.80635546260515
3070	-0.404636758306784	7.91679576612977	-3.22193171975731	0.00164625275654451	0.00618937085528341	-1.81858022882896
3073	0.359081693282071	5.71997343674432	3.77279941996922	0.000254043279685619	0.00130173541575882	-0.0843227145368157
3074	0.167948486542228	13.2973301124702	1.46203383218756	0.146391809950793	0.239919910752689	-5.71322538277731
308	-0.12157174564392	12.9054755224563	-2.47962813738478	0.0145647132763715	0.0374314037532137	-3.7854158025316
30812	0.572621518442431	6.75537699570101	3.87216969782619	0.000177525067068546	0.000964029958737978	0.251540396781226
30815	0.363529991739539	7.02340878800858	4.37280054965047	2.65989361242578e-05	0.00020212255049344	2.04304879939798
30816	-0.410448847078996	11.8860890713896	-4.64590707789403	8.87925734957934e-06	8.06850007783557e-05	3.0861664736847
3082	0.790107963848837	8.98808663592785	5.45879468632203	2.69422020822531e-07	4.24699597708799e-06	6.43438306676404
30833	-0.0367676927695051	9.72633120938216	-0.380309967145003	0.704399495587106	0.787564492448225	-6.69548285110549
30834	-0.145556598829695	8.32023727269175	-1.9654445982678	0.0517136072827884	0.103854703660548	-4.87605315915111
30836	0.177231865033672	7.74196032332154	0.876391140284342	0.382599224179364	0.504030237914123	-6.38641680008306
30844	0.313151281632703	8.58466954380975	3.35662764455696	0.00106240602947471	0.004272382572279	-1.41512383267121
30845	-0.220065706995673	7.53367423975985	-1.66810229792022	0.0979487214223888	0.173766417300028	-5.39884443684689
30849	0.118599881853065	6.96268422490592	1.82470771509167	0.0705765588332823	0.13386047668494	-5.13357356315037
30850	0.148386429184031	9.5738093590436	1.70987077413497	0.0899197768012766	0.162346963142851	-5.33030337913098
309	-0.041389097374123	8.79605015758827	-0.465135082451527	0.642692515773244	0.738233928561674	-6.65984579796656
3091	0.28339280473179	9.41287812578515	2.15269404037775	0.0333799482329808	0.0730610624374566	-4.50578764578067
3092	0.428621573295487	6.06836401169063	3.94216112896716	0.000137403989415624	0.00077950340149248	0.492142536494595
3093	0.0668814294753464	9.42748832081943	1.08210218251259	0.2814149505855	0.398215961252006	-6.1875590051838
3094	0.001358389635511	12.0960405800314	0.0222508428133892	0.982285467948428	0.988508524031922	-6.76717645874134
3096	0.0402978715487349	5.92895487167304	0.526898929984956	0.599253553878043	0.702502746953255	-6.6294155689413
30968	-0.0566329005870988	10.5144866841309	-0.643228834530361	0.521324482663259	0.633349055272617	-6.56186924463208
3097	0.278374014549533	6.93389834573078	2.4452926658049	0.0159514445700188	0.0403549562475821	-3.86540655573644
3098	-0.102893527632597	12.0331657750373	-2.06740312700532	0.0408842093817016	0.0856680795263458	-4.67832208592997
3099	-0.865124022190465	9.1534385003346	-5.15899688019214	1.01526035647255e-06	1.29414360254063e-05	5.15982779806537
310	0.0273882917514656	10.7517001393623	0.548634728604386	0.584293388128175	0.689531849140283	-6.61780946726983
3104	0.116564710059124	7.85979426131224	2.01101751646929	0.0466044319581601	0.0954270223040165	-4.78882475689049
3106	1.39332883808052	8.71839766573262	4.91875646216167	2.84978549165219e-06	3.11365451865702e-05	4.17118104659658
3108	0.55437935667117	7.49972475735037	2.78501411490323	0.00623787716320743	0.0186616680072776	-3.03036140105595
3109	1.19299602866447	8.10884779686532	4.68872878764935	7.44812828893843e-06	6.98314865682536e-05	3.25368625691345
311	0.105346248640475	8.40963540385903	1.39336481039512	0.166130264696848	0.265166374182796	-5.80913188070736
3113	0.81877282049344	6.76429751530998	2.40662047632398	0.0176530709556585	0.0437880979260479	-3.9542945391417
3122	1.16864731139801	8.83212143757269	3.09356692372835	0.00246964110644126	0.00870645989722784	-2.19018089158576
3133	0.207724095642914	10.6942431092238	2.26440694361909	0.0253761893288456	0.0587464472691325	-4.27008767554619
3134	1.46085868228289	7.97384285180005	6.01219146813331	2.10106273174143e-08	5.22734282053741e-07	8.89484655929487
3135	-0.283526273356049	11.2688376470765	-1.19077374065856	0.236133868794236	0.347490781443148	-6.06598144631473
3140	-0.018020442618504	7.33046442610935	-0.167721439477638	0.867089728146985	0.911064600086494	-6.75342411101177
3141	-0.0163049192032779	6.51049954484622	-0.210634137542551	0.83353630855686	0.884621599470598	-6.74534589379977
3145	-0.455723685553807	9.10035865121272	-3.11624744916769	0.00230080830717613	0.00821646200487456	-2.1254505427098
3146	0.404969751483336	8.17103403181451	3.84953193250209	0.000192733992935039	0.00103107693111621	0.174431527558813
3148	-0.100298928245355	11.7349537264708	-0.822730819570341	0.4123216754204	0.532069526475943	-6.43151460842957
3149	-0.0444149499251264	9.27747768956273	-0.499804950440636	0.618143758014509	0.718124815921216	-6.64322895152387
3155	-0.0242468813333346	8.19247208139089	-0.404735204758979	0.686405377567544	0.773388135139533	-6.68595218534078
3156	-0.107046457477968	10.027463057296	-1.37003212788316	0.173279702519445	0.273878749102681	-5.84070419351742
3157	0.180316208580019	10.7040999667298	2.12645633494866	0.0355500205749568	0.0768297147956942	-4.55955127196272
3158	-0.0280451365912124	9.29569800327581	-0.0882765863273469	0.929806587582666	0.952410344414252	-6.76354456875192
3159	0.0323209014531579	10.9052817435047	0.313541246663739	0.754423413571113	0.82558789031497	-6.71851589039148
3161	-0.356914667797197	9.55098557909562	-3.19392404727776	0.00180035271062081	0.00667455717671809	-1.90074167194607
3162	0.425851310794709	9.30959532319629	2.63419788137482	0.00956524137132154	0.0265486874083051	-3.41296476814409
3176	0.363590246204047	9.9070131287606	4.40319758007004	2.35902006857785e-05	0.000182448555865665	2.15693949868215
317781	-0.0144363246013543	11.9522080749601	-0.14142395885143	0.887776345840226	0.925697218038853	-6.75746942218865
3178	-0.538739242347301	7.8637865419353	-2.72051211958253	0.00750479437172766	0.0216898535725929	-3.19629097983816
318	-0.17689333376363	9.33016073608062	-1.46276067127323	0.146193052560916	0.239696785785972	-5.71218644246617
3181	-0.0266175396552229	13.1873860256979	-0.667770502409723	0.505584897189512	0.620709163315305	-6.54591520536571
3182	-0.0820256053452678	11.9771526618573	-1.08558494324003	0.279876915541796	0.396940817715528	-6.18383916780157
3183	-0.0138684277599653	11.1340911033477	-0.159342859988889	0.873671348208257	0.915931960569457	-6.7547876529153
3184	0.052642269469834	13.2748469961339	1.15695738730789	0.249628034682265	0.363527427093707	-6.1050320369889
3187	-0.171031076989535	11.1565275241432	-1.87674330334771	0.0630248390344557	0.122260490940489	-5.04045495377028
3189	0.0986584011313626	10.26023164937	1.54482276709857	0.12506859937779	0.212434018272784	-5.5916935399648
3190	0.0422846549577098	11.7051254611405	0.825024588660426	0.411023446517709	0.530887204383841	-6.42964443401609
3192	-0.0761354364985666	10.8450853908411	-0.54432660498345	0.58724453572541	0.691466837504189	-6.6201469315238
3209	0.91342191572415	6.65304859787771	8.1034581357117	5.58400399759174e-13	7.81760559662844e-11	19.12615198818
3212	-0.921397738729388	8.14899477811036	-6.52763691531866	1.75753154779291e-09	6.53928404719344e-08	11.2963872638325
323	0.240025836444191	5.63615177407982	1.83450579619229	0.0690997641714509	0.13133089094712	-5.11622845408363
3241	-0.0411841636651813	10.7299379836991	-0.340213328577005	0.734301158510648	0.809914072386278	-6.7098455263269
3248	0.787880114534344	10.6092509218046	4.30191339664181	3.51189715216263e-05	0.000252026676601767	1.77965664627132
3251	0.233462386831015	10.1676734499127	2.85278484396776	0.0051195291166672	0.0159214271474665	-2.8523645318369
3265	0.111985120829961	8.9832463703551	1.71743513683653	0.0885247360519023	0.160494802411921	-5.31771798036813
326625	-0.0196181478223922	5.96241368014928	-0.301550134816019	0.763526147422682	0.832302682411909	-6.72218373574063
3267	0.372297929913973	9.37737116034456	4.21208301632287	4.97323388827129e-05	0.000336712392763286	1.45037553381147
3269	0.335952801941448	6.34550431643667	3.39643252180412	0.000931196347982544	0.00381007776208685	-1.29328784799429
327	-0.0359612660538829	10.4416844298368	-0.612078044247051	0.541664500693971	0.652113216110217	-6.58126539705843
3275	0.267524466308852	9.07213819846715	3.282033247792	0.00135613011196825	0.00526640090496369	-1.64025142074544
3276	0.00973200347285381	8.69598360299951	0.100159651739218	0.92038766144246	0.947694101659775	-6.76243021150711
328	-0.150471185599842	10.8345862951204	-1.85968606176814	0.065422090383228	0.125876186015715	-5.07125106440971
3280	0.119205843805486	8.64878393110363	1.09556397327117	0.275502117683725	0.391872642336313	-6.17311599710371
3281	0.218793387467127	10.3393261838869	3.41250116709294	0.000882667918155727	0.00366189703865711	-1.24377096631591
3283	-0.131744905471015	13.9652816021136	-2.35079556302909	0.0203934454520673	0.0493120197406545	-4.08034283931715
3284	1.37004727646594	5.49762308491161	8.60729766024721	3.8279704815858e-14	7.90475904447468e-12	21.7377522227875
329	0.159407242456915	10.0711688647734	3.64759746825634	0.000395444355035281	0.00185676831498487	-0.497736410972278
3290	1.96966128966862	6.38732817382389	8.24931976678996	2.58028293738724e-13	4.17904648290561e-11	19.8782248640209
3291	-0.184762786881496	11.8206943301623	-1.33468791588355	0.184549786740259	0.287781997069008	-5.88754593988376
3292	0.178680568776678	13.0597088549452	2.20344933668206	0.0295061392197453	0.0662717289430742	-4.40005958347118
3294	1.93983940214007	9.71360345932088	7.65723512496254	5.78814270581914e-12	5.31222875000734e-10	16.849276232743
3295	0.0246886044726614	11.1109692344325	0.433983809778829	0.665093164449327	0.757225298187655	-6.67376144647375
3298	0.289969443853894	7.72351968472304	5.55817599475827	1.72009096906437e-07	2.94908719669288e-06	6.86633409036417
3299	0.00407918664501614	5.15716021821675	0.0613496780174711	0.951184586116822	0.966869884484981	-6.76554967570949
3300	0.0671202035966159	10.3145302765415	0.6680384407884	0.505414466209363	0.620684432186937	-6.54573775254052
3301	0.0346622243003096	12.5897789964544	0.706502474277396	0.481269332601458	0.597517614202321	-6.51953075658048
3303	0.612812469807812	10.3766178117498	3.64183869672643	0.00040347621081207	0.00188715373799983	-0.516486176275793
3306	0.0329713821296349	10.3552212264843	0.284768925401163	0.776320677827452	0.841854903354963	-6.72707702936618
3308	-0.162487290070534	10.1735921394419	-1.63858472034869	0.103965230089026	0.182557993311087	-5.44630739926075
3309	0.222511934639428	9.70628273801331	2.84985922307519	0.00516374138053041	0.0159986265647642	-2.86012550116356
331	-0.158713390732756	7.28573133333717	-2.22908445930407	0.0277028713096329	0.0629626220041379	-4.34579781012499
3312	-0.0234798184485266	12.9988550053331	-0.467577364438756	0.640949780143762	0.736949496657499	-6.65871418552299
3313	-0.195843289395724	11.6218146519537	-3.40939937975075	0.000891846580481872	0.00369196563851046	-1.25334427917616
3316	0.556283022800814	6.51942610857412	3.92350367899176	0.000147159484572328	0.000825772651200698	0.427682808577072
332	-0.180113669913723	8.62912482933973	-1.27450813960726	0.204989154272978	0.312285211046624	-5.96456782169246
3320	-0.0369438719925095	13.474909311405	-0.803715271501673	0.423178591985583	0.542267323890927	-6.44682028638505
3321	-0.149219521938754	11.1381704068662	-2.12792579135901	0.0354253384969781	0.0766605438787108	-4.55655632706543
3326	-0.00476558861183522	11.4696752692577	-0.0722377972227614	0.942535044490545	0.960441582468776	-6.76482579562228
3337	0.0739308255854099	9.60747668372606	0.545256795379664	0.586606746092971	0.691260350610208	-6.61964378876326
3338	-0.159243926638229	8.16036704312015	-2.6383814212379	0.00945464239733014	0.026312448181249	-3.4026054849271
334	0.0267611837114761	9.3054526325425	0.361289967002677	0.718529178719216	0.79730246986777	-6.70249469107286
3340	-0.114827118521646	5.76032603444156	-1.21668531317586	0.226153524367955	0.336512144619936	-6.03531638830848
3344	-0.0710964459152892	10.3707989675273	-1.38875624618084	0.167524290050321	0.266824264522878	-5.8154087817282
3376	-0.24650755046393	9.55153699293624	-2.77502542008296	0.00642036482236798	0.0190763357671797	-3.05628008684542
337867	-0.180577504924763	10.245399161074	-3.83227733502154	0.000205150767428117	0.00108973976781752	0.115893759312494
3382	0.118512592368414	7.98151276965107	1.01421358802364	0.312557276859999	0.432159877278807	-6.25772621387468
338382	0.353750137411813	6.70033995096584	1.53703787865169	0.126962939286461	0.214660087652214	-5.60339550248548
3384	1.17661641722899	9.01068639384419	8.94742738367603	6.15223149040089e-15	1.58804475345973e-12	23.5199168997946
3385	-0.0699646174631679	7.1782481739609	-0.642453100843116	0.521826125173964	0.633865263814256	-6.56236386495741
3386	0.28373330620101	5.45126837263934	2.25454879828653	0.0260076635127758	0.0598894063606157	-4.29132734823796
338657	-0.142729365785018	7.85967407245218	-1.74711520025862	0.0832207647204921	0.152790290418152	-5.26782733205612
338692	-0.0649266039032265	6.39401729641879	-0.679754754121373	0.49799198288447	0.613576040964457	-6.53790908457998
339123	-0.185240671997212	11.4588990619074	-3.02419719806432	0.00305989425794872	0.010372780195401	-2.38566705170518
339175	0.0679282165319174	6.68785631257792	0.72509105335811	0.469832560273982	0.585518549768118	-6.50634445482741
339448	-0.0864813542020884	9.72103270348196	-1.58961757138581	0.114598537300903	0.197492993554238	-5.52325819942557
339487	-0.274032215539205	8.78962475077884	-4.01152053458306	0.000106275601851998	0.000636574670991663	0.733812548964468
3396	-0.162620087201503	8.32833283018601	-1.33262259484202	0.185224958081221	0.288671349764318	-5.89024640994049
3397	0.065303995909078	8.54679382422726	0.537743558873382	0.591767498308169	0.695602609367507	-6.62368329062086
339745	0.126138465596271	7.40240601592473	1.54152778837516	0.12586764331351	0.213308726665899	-5.59665335976399
3398	0.037138356352329	10.4482984973952	0.422218295324802	0.67363448891612	0.764001219064555	-6.678767190822
3399	-0.638612948675261	10.8347479428589	-4.87262871807406	3.46289066100078e-06	3.67392232934316e-05	3.98485640336109
34	0.318808170909996	9.90427853117047	3.98483614157308	0.000117357047776325	0.000685066582779113	0.640456777832941
340252	-0.0697421171409513	8.04187222967312	-0.768935691634074	0.443468820012048	0.561990250582927	-6.47389847431586
340348	0.797326029831042	6.53250548952503	4.20599676551715	5.09097930784717e-05	0.000342717922435351	1.42824989720634
340371	0.287195658131134	7.69202653846935	2.85780730522644	0.00504443642480736	0.0157299575405341	-2.8390250128809
340481	0.103806538571711	5.10261119311458	1.85289885974718	0.0663969251734896	0.127366140718306	-5.08343138347
340485	-0.599482982376994	8.81444027320184	-7.38143496085411	2.40728574373466e-11	1.81028487046557e-09	15.4627055320761
341	0.0245011432092668	9.94946967283302	0.187785291889238	0.851367710476077	0.89743456974635	-6.74987508899132
3416	-0.290493538320555	7.88724743726833	-4.12018043205443	7.06430910880507e-05	0.000451984455760882	1.1187963774338
3417	0.137756298295824	11.8760898211306	2.2481780024522	0.0264230326780834	0.06057570078295	-4.30500825319255
3418	-0.108786059136766	10.1418264912341	-1.7747064187357	0.0785266756227671	0.145759627111024	-5.22072071621731
3419	0.0891587846229884	8.17600910693422	1.28753076813353	0.200430520356367	0.306527698230622	-5.94819329968895
3420	0.0540962796948027	10.0687555598394	0.865948340940911	0.388276890060201	0.509985433241559	-6.39541368192043
342035	-0.109602210196312	11.4922098040735	-0.850096763957634	0.396993985736175	0.517056184512899	-6.40886694493689
3421	-0.0925007965817053	9.09554149072502	-1.45302145966805	0.148873709991014	0.243504325648668	-5.72606626731819
3422	0.211866829111421	9.44392737802941	2.78864351099973	0.00617275023931698	0.0184936224072391	-3.02092365526289
3423	-0.557735671918723	10.9140386811118	-5.98984874160278	2.33456865775808e-08	5.67162856267111e-07	8.793011164508
342538	-0.14525668297486	6.08696883443019	-1.7045424634007	0.0909131565945271	0.163889714856131	-5.33913677550658
3428	1.04525730234389	8.55970137768375	6.37751054527571	3.65474494504835e-09	1.19794417643251e-07	10.5870259600695
3429	0.35803835433734	8.80601369889858	1.23488577479015	0.21932790526051	0.328435188080459	-6.01339233522959
3430	0.0879928725128989	7.93273259554749	0.957318008624291	0.340365317963825	0.462024244269711	-6.31309098982062
3431	0.352324425645133	8.3883184249758	4.10200827771918	7.56744355397479e-05	0.000478981484719017	1.05387577653443
3433	0.726266660853085	8.06407506322425	3.82111271272862	0.000213586605013563	0.0011251437228393	0.0781254275797849
3434	-0.0246011237845928	8.96000713199157	-0.142282425604112	0.887099738602883	0.925399276538439	-6.75734822785898
3437	0.414944539635561	6.75534198874076	2.38913920920607	0.0184738087165397	0.0455095914102649	-3.99405435844263
3454	0.447239352458574	7.97406487184409	5.67865457631639	9.92701480359481e-08	1.85395804607221e-06	7.39598838411573
345757	0.264783467328796	8.75844265208534	4.32929717023091	3.15554003225344e-05	0.000230661598817818	1.88103731413692
3459	-0.0118742071844981	11.7528851267913	-0.198517405015064	0.842982113928463	0.892353230943112	-6.74781237748723
3460	0.584415694336065	10.953816501055	6.73602468494488	6.2861306333675e-10	2.91704713660762e-08	12.2934566053997
3475	-0.067136697193086	9.49082405609031	-0.927877841679815	0.355366242393961	0.477133478896963	-6.34050410205153
3476	0.132349405481496	9.59861863942682	2.34303305877174	0.020802853935652	0.0500636686419198	-4.09765713911261
347734	-0.0254917990302567	8.57716593013756	-0.276750391071589	0.78245627787256	0.847131718595593	-6.72931642297279
347735	-0.118771448020146	9.12206248139187	-0.852516598564812	0.395655589933196	0.516126843469394	-6.40682910076004
347862	0.103773415193986	7.53172612899066	1.48551026126345	0.140077205028913	0.232214139604686	-5.67941684144104
3479	1.87915248652769	7.65143975186965	5.93939542521283	2.95972890458729e-08	6.82887171840532e-07	8.56378702857372
348	1.23053992836409	9.14488237069702	5.14168453707841	1.09468525548818e-06	1.38047331455457e-05	5.08758332299655
348094	0.517235064648378	8.85226151844368	3.21842539649495	0.00166484828765484	0.00625074857092225	-1.82889901285063
348110	-0.067284960779444	7.33097391598681	-0.768254436135885	0.443871803558324	0.562414649086019	-6.47441704024131
3482	-0.136601468221263	10.5607056703047	-2.81925140661974	0.00564769233890326	0.0172394452030085	-2.94090503117055
348235	0.142058548880317	9.78350351250959	1.93431836643973	0.0554696524904526	0.110007041913839	-4.93455447759092
348262	-0.189949164355227	8.08025319185567	-2.34071921784911	0.0209262857335528	0.0502620297060616	-4.10280809188093
3485	0.279210109921233	7.08933499754581	1.59090224576367	0.114308895675329	0.197076075616409	-5.52126789328272
3487	0.908006332983612	7.92776001601613	5.3812848472251	3.8115961368761e-07	5.71071166109903e-06	6.10069128370184
348793	-0.199816618820102	6.90641462250577	-2.85256525668524	0.00512283547474226	0.0159257135947953	-2.85294728439087
3488	0.937680929829822	10.531254860186	4.75373157693137	5.69330628314244e-06	5.59517544658214e-05	3.50997272443927
3489	-0.192679150166639	6.71937100889314	-1.43394835858295	0.154233364377982	0.250140897263328	-5.75298915627529
348995	-0.14925902127067	7.05128422292972	-1.18050198447862	0.24017631973392	0.352497583689086	-6.07795926526599
3490	1.00572488300896	8.83125061788959	4.93097597172103	2.70592080598669e-06	2.97615257755659e-05	4.22073218807075
3491	0.214069281845369	8.45059385194402	1.12210057714724	0.264099271510315	0.379252430924062	-6.14413309233676
35	0.215907462493034	7.10275397364201	2.21480911813631	0.0286948032395019	0.0648479000706663	-4.3760855409427
351	-0.0269380403436341	10.2073458644504	-0.216318055648444	0.82911359538655	0.881400038338855	-6.74413857538411
353	-0.198186179290892	9.29342954254782	-2.13056419902175	0.0352024201376782	0.0762380677339334	-4.55117410347195
353088	-0.167490449420854	6.34280270606695	-1.6608394936793	0.0994023131008866	0.175741247049085	-5.41059767868084
353116	0.309553869502929	10.0406426074329	5.43211303357865	3.0369128883662e-07	4.67130362344597e-06	6.31919449757285
353322	-0.252851784698772	8.72430818292687	-0.801712363060626	0.424331937170344	0.543408031166983	-6.44841183248113
3550	0.0131145807847382	9.60864700668914	0.242204836908027	0.809042171207277	0.866347844194153	-6.73823374828259
3551	-0.114292522043678	8.2216581983787	-2.0879944688657	0.0389509813081214	0.0826657516970922	-4.63725998290189
3554	0.234516967193918	9.4257232157179	2.1041629939873	0.0374886064238261	0.08008930894002	-4.60475305259859
3556	-0.0300756697482363	10.0900040796872	-0.197249217898345	0.84397209974941	0.893057845750721	-6.74806209052379
3560	-0.481683687254644	9.85082087523662	-2.55369844435264	0.011933636555887	0.0318281685345904	-3.60944685784341
3566	0.23379550424441	7.94914824623571	2.57735406014691	0.0111881716988537	0.0302106238092617	-3.55227232598043
357	0.126103266244224	7.45710210501614	1.77265801204416	0.0788675057246758	0.146096792394219	-5.22424200959923
3572	0.623840836156367	11.6584527781918	5.15096799935059	1.05137067813125e-06	1.33399720451062e-05	5.12630431810796
3587	0.559762601968552	6.1870610476072	3.02344036447014	0.00306699879569065	0.0103868019895058	-2.38777899255002
3588	0.384579377107415	11.8712235497001	4.71327426834246	6.73134705785857e-06	6.42043033463185e-05	3.3501807507134
3597	0.351848054822628	9.53259326755431	5.313717803635	5.14622491926697e-07	7.32893410916296e-06	5.81214268384301
359845	0.661068142769501	5.72780794730978	6.3544114792607	4.08779961157963e-09	1.30667142935995e-07	10.4785755587945
36	-0.24231005013419	5.60914096251082	-3.67283061694259	0.000362001746494129	0.00173488464396081	-0.415303693539271
3600	0.0823807383881933	5.42643454983945	0.863053583666572	0.389859901775956	0.511230796740657	-6.39788878300083
3607	-0.00865221441845738	5.55105393534102	-0.115342958210437	0.908369469079043	0.939535664236526	-6.76080189006844
3608	-0.0251859408692779	11.5925841401793	-0.377638043405332	0.706378337069668	0.78870489169596	-6.6964895341778
3609	-0.0437397175637114	9.10907782443203	-0.712619022617182	0.477489222039915	0.593270302955731	-6.51522929165931
3611	0.0313001301314368	11.9426029794269	0.663537474300801	0.508281514641325	0.622724015268072	-6.54870932161486
3612	0.213332073946442	7.69278434042714	1.6975662423936	0.0922272559062772	0.1655361003446	-5.35066246358857
3613	-0.285368633387741	11.608325588359	-3.84096800002821	0.000198804598679607	0.00106012006784606	0.145352165943139
3614	0.0461512922252753	8.23613765400318	0.54104378819165	0.589498009577002	0.693302628815085	-6.62191578570042
3615	-0.45452937783571	11.1035752780882	-3.94576094215753	0.000135594142036062	0.000772952114021995	0.504606439763353
3620	2.87136858141776	5.91761711324122	12.361432345658	5.07462783280484e-23	1.39721419663227e-19	41.6584930426522
3621	-0.0501782203635914	7.73976097389608	-0.609452469283039	0.543397037126572	0.653627424882115	-6.58285652103598
3622	0.0963490650649863	9.57403698811838	1.29040363017006	0.199435028489767	0.305571013786956	-5.94455920805564
3623	-1.44874998868542	10.8732520809443	-6.500832417527	2.00404582600499e-09	7.13509419086261e-08	11.1691689537069
3635	0.727828027521887	6.72443094583984	5.37752592618459	3.87600291619363e-07	5.77902239851252e-06	6.08458098324541
3636	-0.0919576661577568	9.61377295351037	-1.22265102255429	0.22389952414097	0.333888844593858	-6.02816511928528
3638	0.403254971223828	11.092963847187	3.8520191818702	0.000191004212734622	0.00102447714103116	0.182886524770841
3641	-0.619786357117981	12.6695182057669	-5.60082067324028	1.41695537826545e-07	2.50659785674573e-06	7.05306842786938
3646	-0.126695784327135	13.1966290989614	-2.50175518033988	0.0137290968602561	0.0356723309423451	-3.73333529252705
3652	-0.0721829266907019	7.86523612531272	-0.668980588762232	0.504815425518964	0.620317675511253	-6.54511321672776
3654	0.0249644083055755	9.38043189354101	0.319269069873206	0.750087363547022	0.822055710998869	-6.71671347630337
3655	0.335291506181834	8.79309149583639	2.87401747847558	0.00480889963692935	0.015108980981756	-2.79583227563114
3658	-0.0658349987666481	7.19167661386678	-0.803758800632159	0.42315354703248	0.542267323890927	-6.44678565377175
3659	0.339368100668662	9.46103987668535	3.50359477633486	0.000649514298725785	0.00282402802307056	-0.959462983968596
3660	0.327686500491961	6.3873139480015	3.67687190402349	0.000356901058724888	0.00171619262292307	-0.402059620844049
3661	-0.0643992078604033	8.50660531867851	-1.14887341094215	0.252933178126583	0.367124600789133	-6.11420449524758
3663	0.413341660258264	5.53782890744131	2.95261967096547	0.00380337165784344	0.0124124258766443	-2.58339889762136
3664	-0.0343905261180942	8.52058182674752	-0.462023744195631	0.644915556040471	0.740067031521852	-6.66127886040981
3665	-0.240878394142645	7.45623081090348	-1.85209930615497	0.0665125575584604	0.127499124027125	-5.0848634992343
3667	0.975083829238824	7.24319294459714	6.04370304798772	1.81029812278107e-08	4.60094230589898e-07	9.03880879859733
3669	-0.301145732564598	8.88478637009941	-2.6359745717874	0.00951812959894971	0.0264445847586023	-3.40856710826027
3670	1.11276496653412	9.70192940213142	4.05758866302414	8.94580666712106e-05	0.000552672872628421	0.896089298955165
3671	0.0722362541528088	5.30198252851678	0.50266029369024	0.616140584061185	0.716402199372943	-6.64180742118296
3675	0.299012670200499	8.42437003650024	2.95781750483676	0.0037442354243108	0.0122387750711544	-2.56917687723128
3678	-0.0650017278474719	11.145759315064	-0.508826844350781	0.611824303762421	0.713054506796243	-6.63870990049185
3682	-0.188252735090309	8.81927245040566	-2.43871667433087	0.0162300679348562	0.0409469643072427	-3.88061176958622
3685	-0.0604635918854996	11.1385229334503	-1.0419873385388	0.299549077611299	0.418774688503388	-6.22955936683802
3689	1.39385000616667	10.471791232592	5.00027855063024	2.01420551896993e-06	2.32040970525685e-05	4.50327045225347
369	-0.0686139168952013	9.72811573486321	-1.29444343774034	0.19804136766203	0.303943087493194	-5.93943564672791
3690	-0.150538559712242	7.22869680946417	-0.877943772185941	0.381759492947577	0.503164737792721	-6.38507005764989
3691	0.3605178337821	8.54370727194914	2.98168802229567	0.00348337413950683	0.011550650498726	-2.50358777254245
3692	-0.259171426387044	9.69234810920548	-2.65107324096331	0.00912614489057151	0.0255705416540437	-3.3710888182829
3693	0.428500898589839	11.8220318447227	4.65942796321225	8.40082903391543e-06	7.75316735420575e-05	3.13894704231917
37	0.174250285132568	12.7716298568298	2.45320410135683	0.0156218888695113	0.0396914186595395	-3.84706454136008
3703	-0.27328108967911	11.0235756283003	-3.62286428958753	0.000431045927888313	0.00198920549266484	-0.578097446339735
3704	-0.144980255936386	9.33059658776263	-2.11918176501561	0.0361728608758692	0.0777890733753397	-4.57434960102838
3705	0.152691096556505	7.81146973693766	1.47342246844849	0.143301514924588	0.236355933162359	-5.69688933678422
3706	0.0268054872355518	6.07663040415973	0.344253043366275	0.731269126388172	0.807596451936855	-6.70847075379098
3707	0.667164015981291	6.32223155432211	6.31414367460578	4.96684048110282e-09	1.54233467571088e-07	10.2899716165929
3708	0.480599479123438	7.43241104146272	4.42328565319385	2.17848044252308e-05	0.000171700844038556	2.2325136911295
3709	0.329878033075306	6.40650829244714	3.47765539554443	0.00070919970605351	0.00304786137981373	-1.04104070046205
3710	-0.0170527813845526	8.7841444357753	-0.113865783732311	0.909537824671405	0.940390841380124	-6.76097038186074
3712	-0.179040795246555	6.89042044475349	-1.47084366138447	0.143996794790606	0.237206026876502	-5.70059911696557
3716	0.214767676740242	7.57074481627833	1.70007052447419	0.0917537616613118	0.165008942155984	-5.34653021569611
3717	0.268854494368682	7.06516456276513	3.08123983738908	0.00256614962278162	0.00899295540270523	-2.22519432123025
372	-0.23044982926065	11.0585686597057	-4.45014144462172	1.95781100952292e-05	0.000156852754012214	2.33393067243092
3720	0.114755731227591	9.46618055697171	1.78107675048893	0.0774744796968951	0.144055480739192	-5.20974524520479
3725	0.615697545273043	7.95540705688997	3.75893533002972	0.000266934989908111	0.00135020392935762	-0.130641155481126
3726	0.632435406258062	6.005765148683	4.7911220464427	4.87311413528898e-06	4.92077295323801e-05	3.65846861342302
3727	0.222325990696462	13.3244375258097	4.0041640917329	0.000109226462705091	0.00065094558581822	0.708028798999845
3728	-0.373546460486435	10.7235173805915	-5.97250491411777	2.53324606724923e-08	6.05316562767905e-07	8.7140975701681
373	-0.0477157358374926	7.57889331845755	-0.602334558982028	0.548107937344517	0.657570306821454	-6.58713585412189
373156	-0.0327561140403767	11.4545663014819	-0.469267463637677	0.639744950166835	0.735769046000843	-6.65792763467121
3735	-0.25528615329438	8.80058180125997	-4.01910902842164	0.000103311556791289	0.000620620697524395	0.760447115079026
374291	-0.148884925142273	10.0463371474581	-1.9084277117948	0.0587669298854855	0.115327831041604	-4.98254827135916
374378	-0.399542819431888	6.65077872295533	-2.43729539757201	0.016290853341642	0.0410313834202008	-3.88389323332218
374395	-0.0994876262520786	12.4676256929392	-1.6426670443423	0.103115830091957	0.181413579671899	-5.43979139094418
374659	-0.324247890326964	8.45455896265864	-3.84837345716759	0.000193544744591691	0.0010347440714093	0.170494922098131
374868	0.150600887214557	6.04842438972256	2.15587822014323	0.0331245654734094	0.0726331061349513	-4.49922151104387
374969	0.169264970641442	10.3128293247078	2.20690540423888	0.0292572111859357	0.0658307176234893	-4.39277778669773
375	0.015214667022004	12.1104586026323	0.299191779091574	0.765320378528025	0.83386707909794	-6.72288830802371
375061	0.310593716560148	11.3635505277375	6.39587910772502	3.34293742492804e-09	1.11341383588329e-07	10.6734008463166
375748	-0.107339758699452	7.11274284389709	-1.134151906558	0.259031136124121	0.373663497098365	-6.13074666969099
375790	-0.332282653551357	7.42662280302679	-3.99962880863048	0.000111084517863155	0.000658130336356495	0.692150845369691
3759	1.16986166180099	6.85448377090438	6.56667757766072	1.45109989998219e-09	5.57492333667578e-08	11.4821098185826
3762	0.845646565931657	5.61141267990004	7.70645942105388	4.48043508483937e-12	4.3539286824439e-10	17.0985152697975
3764	0.613160210057226	7.04000607462202	4.71342716058578	6.72709889968747e-06	6.42043033463185e-05	3.35078288061936
376497	0.330350975005096	7.07148875206675	3.16823903507887	0.00195337516257069	0.00716784389493374	-1.9755604619731
376940	0.112163523509006	5.74729091441951	1.09352486564917	0.276392197183066	0.39287550313752	-6.17531497645423
377	-0.0175064885778248	9.0726548908704	-0.268392902049181	0.788865853695469	0.852103040607372	-6.73158249711369
3775	0.12107883038441	7.18947800872906	0.842269927777398	0.401341868180623	0.521567626049708	-6.41541906978486
3777	0.876344823364927	7.71970450222387	6.16490865688078	1.01727237974863e-08	2.82918176994063e-07	9.59614456569457
378	-0.0466546235192549	12.6618248304722	-1.04977214789975	0.29596953337608	0.414708794857747	-6.22153035317197
3783	-0.214026000916498	8.81843409881996	-3.12359640132583	0.00224844197786356	0.0080818671615113	-2.10439079471923
378708	0.0920301604911913	8.00302150604422	1.19273331093713	0.235368247728246	0.346832194236191	-6.06368490238677
379	-0.10747411384725	5.92057402670535	-1.41762280049234	0.158937845512315	0.256111315632408	-5.77576092119641
3790	0.79240647618886	8.05225661671725	6.2798883137968	5.85935204829849e-09	1.7663594131002e-07	10.1299874799097
3791	0.629090218621846	6.03241361879187	5.01578528024451	1.8848328599839e-06	2.19293597956738e-05	4.56683827001729
3796	-0.258750268339616	10.2529916195691	-2.31080820775401	0.0225810409491968	0.0533980527455957	-4.1689770674931
3799	-0.224478533289598	9.57833570563932	-2.88894527857357	0.00460095409454194	0.0145552971355482	-2.75586913881668
38	-0.250126337387045	9.74695797998545	-2.29818199646216	0.0233134412154838	0.0548473439019928	-4.19667573144351
381	0.154693013156319	8.58886577067315	1.72596775623549	0.0869723834226615	0.158096806133623	-5.30345825037639
3815	-0.0892381751180105	8.00569195339721	-0.599056940008327	0.550284040548334	0.659319143447816	-6.58908958015752
382	0.149904510087593	6.49199478373454	0.943928243466303	0.347136271746644	0.46882694647274	-6.32566336412067
3824	-0.278234140156861	6.06379104695956	-2.36191936390043	0.0198191667187311	0.0481772563557148	-4.05544040449564
3831	-0.0141139611363927	8.45025828942261	-0.231563763399227	0.817278191529751	0.872975282818537	-6.74074163025675
3832	-0.28214961181342	8.67032433265278	-2.31091017364507	0.0225752096635632	0.0533980527455957	-4.16875281689423
3835	-0.518983176212186	9.23152844616827	-3.99769460022844	0.000111886092615815	0.000660599803435765	0.685383359170959
3836	0.0311298622099463	9.51052071613326	0.588414118149734	0.557379682534802	0.665119355350688	-6.59536050070508
3837	-0.074999826905545	12.1336711291478	-1.31955263949165	0.189540601227621	0.293734590270196	-5.90724169229495
3838	-0.0277477786540722	9.85718492019963	-0.210735248833345	0.833457585787508	0.884621599470598	-6.74532469741256
3839	0.0603979844013404	8.96568208404089	1.11386285864739	0.267603212366744	0.383351115877437	-6.15320289232494
384	-0.240375967543244	7.16479186819751	-2.19049709810049	0.0304555267840745	0.0679348234502985	-4.42725600448439
3840	-0.0581170878376123	10.5697859906942	-1.32440309362554	0.187930326111605	0.291731722172874	-5.9009534568748
3842	-0.0603268924498304	9.75087562331425	-1.15972522475505	0.248503455634131	0.362236149699421	-6.10187707465984
3843	-0.19159717627015	7.7617684334345	-2.0712646917039	0.0405155141078577	0.0851196116210353	-4.67065035943855
3845	0.171558734520865	8.32834115857727	2.86459152614056	0.00494460386115224	0.0154549152717686	-2.82097395432573
3855	-0.193257733809018	10.1087199289082	-1.64016774281037	0.103635188233041	0.18211908092949	-5.44378249287699
387	0.226479256047517	12.7082463004219	5.66181354433768	1.07238365871431e-07	1.9679209111156e-06	7.32156282886027
387032	-0.0113120305440026	7.04769599086208	-0.194994346201193	0.845732937544406	0.893838731379275	-6.74850213741868
387338	0.143162611505107	8.87040509345684	2.66777265641687	0.00870964717343145	0.0246375635796383	-3.32941633016082
387758	0.436477147729724	6.10698057839837	4.0396022116365	9.56966140926102e-05	0.00058293070236354	0.832565172827853
387893	0.091796799337604	8.33370177390931	1.40687314134334	0.162095086965787	0.260082637594678	-5.79061758111256
388	0.534323775294108	10.7142193931612	4.33167394299696	3.1263067113041e-05	0.000228929906341949	1.88985855632814
3880	-0.480516187227158	12.5487885345205	-3.78654790133895	0.000241844475682356	0.00124463262874533	-0.038258967015067
388272	0.0190590216618889	9.04453812099441	0.340135765823924	0.7343594149464	0.809914072386278	-6.70987176357639
388403	0.53391741433924	7.16683928772359	4.1551379502217	6.18511293311168e-05	0.000406759815505593	1.2442830621765
3887	0.0136269634184114	5.37914993805005	0.0685479522917397	0.945465547186375	0.962596501880865	-6.76508432689805
388886	0.349928262614185	5.3347646035547	3.87288893717736	0.000177061105709634	0.000963455028433186	0.253995991998407
388962	-0.150975868845184	10.3906683321595	-1.56505583838977	0.120249477638747	0.205729222306555	-5.5610146505904
389	0.183221748043125	12.2513188021376	3.22382663762054	0.00163628394211984	0.00615736624896285	-1.81299975202617
389119	0.613320654780458	7.85876108770517	4.53138066623889	1.41380021570984e-05	0.000119774254171931	2.64335189979652
389136	0.0375181401759254	10.514080850647	0.394573843432317	0.693870134250749	0.779972339631821	-6.68998897227991
389421	0.117992816881124	12.0649671247867	1.94143479983625	0.0545911866691841	0.10857770331988	-4.92125639670901
3898	-0.0719705496725742	10.9693004951107	-0.897720936883715	0.371163556453186	0.493133501094309	-6.36770971071574
39	0.103253547295902	9.74258018531935	0.75605725309343	0.451122564803932	0.568289215385157	-6.4836244219241
390	0.842710630743834	9.39474286953786	5.21965732614458	7.78875059936755e-07	1.03933893296892e-05	5.41415807173961
3903	0.293317750784112	14.0695657039623	5.7788979625304	6.25419713411616e-08	1.23884096709351e-06	7.84154847200928
3904	-1.65793006350561	12.4210459967344	-5.90703223573441	3.44449183939901e-08	7.56688898761591e-07	8.41729447149586
3908	0.930491892759546	8.97257684362417	5.28671024980934	5.79895036592025e-07	8.09110304434142e-06	5.69742432551157
3909	0.0908301540371886	5.47797890658718	0.462737686122081	0.644405161826674	0.739995361697251	-6.66095087049876
391	0.204222990861079	9.58184182871042	2.29686531452917	0.0233910067123472	0.0549725855360196	-4.19955621626613
3910	0.411091027578017	8.52342649688213	1.97771425538203	0.0502933997582977	0.10144651575178	-4.8527523626152
3911	0.0493881433984239	12.6188779402614	0.64977463919938	0.517101548708803	0.630066853123567	-6.55767193592908
3912	-0.00800254361471809	10.7912090737837	-0.0918136510608644	0.927001886297572	0.951181019463545	-6.76322756259674
3913	-0.0111567363053941	7.5939444443952	-0.0917205620244885	0.927075689262691	0.951181019463545	-6.76323606514155
3915	0.291725237584473	12.4120119758469	3.88470394346828	0.000169602894314753	0.0009333567861113	0.294384560448706
3916	-0.178236850863986	12.4069326584781	-3.37099751034793	0.00101315864223978	0.00409277508888469	-1.37127618955998
392	0.201806522698502	10.0906812127497	3.85069690822042	0.000191921952020709	0.00102806441225101	0.178391146068352
3920	-0.239273680845614	12.355358033473	-2.91423675983579	0.00426737617009124	0.0136516371669069	-2.68775259881614
3925	-0.0248824004955428	9.3248227471204	-0.344240445507563	0.731278575210661	0.807596451936855	-6.70847506619519
3927	0.33606315587203	11.4216998081289	3.48361016650141	0.000695058241120871	0.00299691607212443	-1.02235676408078
393	1.13340341060399	7.01664473414812	6.58446763223838	1.32957356040053e-09	5.15599887742178e-08	11.5669071810272
3930	0.0183806021591122	7.39012086722192	0.145585217109967	0.884497399159468	0.923634452219622	-6.75687511854856
3931	0.0307836193224615	7.34643299458575	0.441529270584214	0.659638432915698	0.752259209703667	-6.67047899137135
3936	-0.440598833284257	11.8186490385508	-3.770078493162	0.000256525796215432	0.00130958162962884	-0.0934235566388235
394	-0.145101093941312	5.5116356361474	-1.88334680169548	0.0621167295468053	0.12076695138582	-5.0284615589524
3945	0.246852542674766	12.6964171252882	3.06325590117436	0.0027132229902241	0.00938886547936785	-2.27606228777255
3949	0.21496763200492	11.419939759388	2.95088555193488	0.00382329131293374	0.0124675824101195	-2.58813890869812
3952	-2.33526650587906	12.7449781645629	-12.3714595702906	4.80627742508237e-23	1.39721419663227e-19	41.7113423757067
3956	0.159671185346087	12.1678772556333	1.4806521217702	0.141366210557901	0.233817560914751	-5.68645564128593
3958	0.198241440790101	10.9740916073762	1.2452965867531	0.215491579203313	0.324395925682406	-6.00070903066292
3959	0.402408247816352	8.80891264337981	3.09858171598435	0.00243135158650338	0.0086008411582518	-2.17590313260788
396	0.316563372642665	10.3267352244284	5.84263989627055	4.65222806933655e-08	9.62759458589357e-07	8.12710245161675
3964	-0.027064204076583	10.7738019051551	-0.342447512756602	0.732623756144405	0.808696007717865	-6.70908720319891
397	0.241019057342025	12.0237562767477	2.28712709722184	0.023971760204185	0.0560766749607952	-4.22081354294191
3972	-0.441479895415529	14.1214486894003	-8.8116495116311	1.27834312908711e-14	3.01688978464557e-12	22.8069011381276
3977	0.102924572390059	11.3729091299763	0.904294960887399	0.36768273864179	0.489848293738901	-6.3618545841566
3978	-0.210127915157156	8.09982265144135	-2.47125137655305	0.0148927221810902	0.0381201999429208	-3.80502362722352
3980	-0.496471221299896	8.26864449201206	-5.81398600154939	5.31518166485694e-08	1.07343277632563e-06	7.99852535858114
3983	0.578144558848597	7.56543056128688	3.90647368637578	0.000156637625432338	0.000873027520965661	0.369050283249087
3985	-0.094351577171502	9.20135764113401	-1.2508741023405	0.213456546045927	0.322331091469717	-5.99387139290008
3987	-0.0444574784159332	11.4935241743267	-0.603918459126161	0.547057887115753	0.656692072020944	-6.58618792475108
3988	0.556115921575584	10.9986441549158	5.03077712674104	1.76746098968191e-06	2.08858766448821e-05	4.62841562388657
3992	0.475832220359723	8.88969872882331	5.26329244903468	6.42980496585156e-07	8.80765987030413e-06	5.59824309001169
3995	-0.010832171342832	5.92418277803316	-0.102868656723013	0.918241944537901	0.946773456089214	-6.76215650020817
3996	0.111434473790895	7.70446786247002	0.937216594062139	0.350562667397302	0.472065150424146	-6.33189967815377
3998	-0.594399089867119	9.13790272440663	-5.66946575026298	1.03542959783436e-07	1.91812646218766e-06	7.35536474617711
400	-0.155497076186983	10.0068773838627	-2.44144088513222	0.0161141224147785	0.040691730708062	-3.87431724693988
4000	-0.0931403480709401	9.66254454276331	-1.45221304822115	0.149097917473658	0.243822767438609	-5.72721435514598
400073	-0.105107800101904	7.84862132681446	-1.63709743445089	0.104276082046462	0.183026017361618	-5.4486774854788
4001	-0.565686832457572	6.86901242169453	-3.21329701523663	0.00169239899328815	0.00633403519916634	-1.84397443927502
400451	0.278855164197821	5.9942557854075	1.89345240072683	0.0607482578755199	0.118568197082182	-5.01003086671888
4005	0.174271706886144	11.047740559614	1.32676053107135	0.187151395644209	0.290901230678419	-5.89788913871483
400569	0.0583109049330575	6.62852212165374	0.805978862675376	0.421877376260716	0.541187626636669	-6.44501686997171
4008	0.498914389993741	5.73534181052339	5.28559053506668	5.82768847322452e-07	8.10382269172299e-06	5.69267587705625
400916	-0.38628751286723	11.3236493997089	-4.82434059176089	4.24149932749604e-06	4.37388070475871e-05	3.79104810866303
401152	0.11228697043748	8.73985956393633	1.28639464712142	0.200825216151215	0.306904030602966	-5.94962828943427
4012	-0.565340737807159	11.9584221056999	-4.59966402975858	1.07230903603813e-05	9.402624880759e-05	2.9064481289081
4013	0.295789733289116	8.06695828515955	1.26994922492587	0.206602932880437	0.314279967880738	-5.97026190271554
401494	0.209762930201898	11.0259075593027	1.16478846380165	0.24645554687139	0.359805785007834	-6.09608660138681
401505	-0.244627286279267	10.483634638526	-2.84970368888874	0.00516610158138042	0.0159986265647642	-2.86053790220531
4016	0.773520276729837	6.76835196173836	5.86416263519674	4.20832608045248e-08	8.88846350925425e-07	8.22390615781361
402	-0.0373567851277145	10.8543080173339	-0.532211964152712	0.59558053012827	0.699487441896703	-6.62662171410418
4023	1.25110652778061	7.64033766484743	4.03927049419786	9.58154866711754e-05	0.00058322470147672	0.831395616203424
4026	0.244718714078562	10.721081006616	2.95800168504473	0.00374215559961595	0.012236819181642	-2.56867253904682
403	0.305243367438444	5.36854538876607	4.01853583200081	0.000103532658333996	0.000621496917034016	0.758433946553414
403313	0.248915676681893	9.05900214656874	2.36570574589526	0.0196269783875835	0.0478226671036696	-4.04693960931808
4035	-0.0587074344654907	7.28618986069521	-0.70436354032617	0.482595106304439	0.598354184640448	-6.52102628706396
4036	0.193534815053231	7.86547422019956	2.03385115645689	0.0442106182339603	0.0915008034609151	-4.74441892086397
4041	0.307788106228209	8.97328153176024	3.61535122675837	0.000442447032672489	0.00203146886596707	-0.602422042122862
404217	0.264525349363009	6.4025972319505	1.8924039414649	0.060889050891713	0.118758810003672	-5.01194736943817
4043	-0.137862933931169	10.3361340838491	-1.75332074011361	0.0821454259194083	0.151084662234316	-5.2572935931582
404550	-0.536953015033543	7.55926698011249	-4.8979226287084	3.11238103937313e-06	3.3605578281336e-05	4.086883778941
4046	0.596419376013583	7.35644076708351	4.27325309409862	3.92620331192482e-05	0.000276710233417227	1.67404973085024
404672	-0.0651413350310006	10.9303670401131	-1.26599516806128	0.208010150169407	0.315955101213553	-5.97518444483785
4047	0.0595313281725388	9.98007602447451	0.3672853775328	0.714064470775325	0.793798956831985	-6.70032317356244
4048	-0.150628685982287	10.4399545128559	-2.20797092388066	0.0291808356449673	0.0656834435945879	-4.39053066258796
4053	0.695154326470139	7.57719860817693	3.15726239691881	0.0020223881408602	0.00738502477608543	-2.00737978848609
4054	0.39006771376596	8.32925307970887	3.42320698007893	0.000851664542975344	0.00354574048637921	-1.21067403881399
4055	0.0633922644900257	9.59520382525804	0.762649644982008	0.447195238064998	0.564806218106558	-6.47866608841903
4056	0.745987443758518	4.94537577489317	7.88646388316855	1.74918050593591e-12	2.00669874708759e-10	18.0141548553886
4059	-0.230176970211099	6.46920352049367	-1.97659368869071	0.0504217165040492	0.101646946112044	-4.85488601107915
406	0.10748333687852	6.77842772053239	0.790945912221638	0.43056345349458	0.549725752342717	-6.45689973408683
4060	0.442869570380015	12.9853775105947	3.74215891135841	0.000283365665712201	0.0014194059422576	-0.186510758891371
4061	-0.517765403028332	12.0839627273966	-5.02205533726379	1.83484958346606e-06	2.14976702970633e-05	4.5925774831854
4066	0.948163971940487	8.88443213819413	5.73821577264171	7.54775047486658e-08	1.4703872387358e-06	7.66020151956565
4067	-0.145698083462863	10.7620806583682	-1.13671698916853	0.257961268185545	0.37257563826064	-6.1278793615851
4070	0.343802508601296	10.5467069782277	1.44048211019805	0.152380863012306	0.248208623246233	-5.74380500452788
4071	0.883959516815115	11.0644079745159	3.76798575979086	0.000258450816911496	0.00131490086116726	-0.100419751435923
4072	-2.12443446931833	8.58417576922472	-6.16719016934242	1.00624354177356e-08	2.80796339697622e-07	9.60668949663303
4074	0.0881582545072373	9.75565189375914	1.18911678621643	0.236782645889466	0.34825937589868	-6.06792046011253
4076	-0.0304408967460679	9.63007308367082	-0.630330562164264	0.529697926019508	0.641506032855904	-6.57001638495441
408	-0.0610267663946979	8.54437039989351	-1.10412837220407	0.271785363567795	0.388063457747621	-6.16383630822347
4082	0.552186397423409	11.9570841503467	6.37516548015024	3.69656141332107e-09	1.20686155233328e-07	10.5760072517229
4085	-0.152647187390038	9.48947694673677	-1.13959628489783	0.256764046872853	0.371041117419484	-6.12465327214009
4087	-0.0954671902685391	6.58894507692526	-1.8729819794398	0.0635470443385446	0.123173351301372	-5.04726861492544
4088	0.367311012649033	7.74477616038569	3.08672899162285	0.00252275164619975	0.00887475664293437	-2.20961776482652
4089	0.26176663849468	10.7484202404061	4.81128264157082	4.47968702460143e-06	4.59084551156424e-05	3.73885926747925
4090	0.332013566025359	10.1033953737267	4.81692490104325	4.37521671113158e-06	4.49493657138642e-05	3.76139818380796
4091	0.380679041747467	9.13485992071821	3.29033102228091	0.00132005319520601	0.00514322612849135	-1.61541562867012
4092	0.577699904189799	9.21291445968629	4.37145126964263	2.67407156818475e-05	0.000202826732352672	2.03800644922808
4094	1.15122314268502	8.12436029520327	4.45719260672797	1.90354545350945e-05	0.000153248396159728	2.36063044728733
4097	-0.193401458811203	7.3088777463719	-2.46760339230868	0.0150376151499746	0.0384315288176949	-3.81354394348101
4107	-0.0958311178674934	12.025186131688	-1.59805923103317	0.112705954162172	0.194987424324568	-5.51015162649274
4109	2.20896262064946	8.09527639776023	5.34895829695459	4.40148722633142e-07	6.46908976681451e-06	5.96236461603694
411	0.310998430293553	8.37272080278946	3.71863395292002	0.00030802873575203	0.00151899543720106	-0.264524094804169
4110	-0.312023927407923	5.99865178507237	-3.07186512015131	0.00264186946292445	0.00918041302640132	-2.25174248886864
4116	0.10135320102268	9.42204843377455	1.34434594542379	0.18141696217084	0.284196537451796	-5.87486395366207
412	0.443254190196637	7.80691921698922	3.15557039731605	0.00203322557307573	0.0074147652245499	-2.01227632651434
4121	0.582358721588806	8.22712620136426	3.88691945917166	0.000168238087153993	0.000927667957204259	0.30196865469803
4122	0.14390464467398	6.26262042239719	1.23884064956413	0.217864747475497	0.32689606069893	-6.00858639745361
4123	-0.0785615125590412	7.04239587166481	-0.960119040170148	0.33895980058499	0.460419002274629	-6.31043890130245
4124	-0.376941589936684	10.1013517344152	-5.07987131411018	1.43077756162344e-06	1.74567542969122e-05	4.83088632924999
4125	0.37018309388505	6.70196528756839	4.85141497660038	3.78615608802255e-06	3.96277153794611e-05	3.89955590517505
4126	0.231408013246287	9.5164002695356	1.66885636963251	0.0977987906665505	0.173602108987724	-5.39762133690289
4128	0.0728904535830649	12.5787989014655	0.786637076897595	0.433072359093121	0.552289283018246	-6.460264863061
4131	-0.323255588826306	5.58540205542643	-3.39818695763694	0.000925778569895764	0.00379688728269067	-1.28789071234736
4134	-0.0278420799405209	5.79224544436327	-0.375209629760604	0.708178579440365	0.789801415759266	-6.69739832984128
414	-0.268192621590539	9.70927949482763	-2.6507295980747	0.00913490160839074	0.0255777245034941	-3.37194392699726
4140	0.10360145956688	6.7178257784755	1.73508032696515	0.085339166677365	0.155779340719345	-5.28815517341692
4141	-0.205384690079856	9.54698771857606	-3.62344088217536	0.000430182520611727	0.00198730851244567	-0.57622898407719
414328	0.0881232212221132	7.33717503510572	1.09006508512615	0.277906945265134	0.394607207819839	-6.17903683145347
4144	-0.0128604656812267	10.9345926783472	-0.160760371436091	0.872557215873735	0.915099365555745	-6.75456187271678
4149	-0.0487153787483225	7.00310014665933	-0.530741850092725	0.596595813097694	0.700182071069473	-6.62739756390916
4150	0.793442346816733	6.36588005075946	4.77271653222547	5.26140880944225e-06	5.22346595745108e-05	3.58527369943364
4152	-0.182257823374451	7.10431765151283	-1.93086471055189	0.0559002597283017	0.110781224893419	-4.94099162760667
4154	0.276909032707394	8.33065470221079	3.12761890532884	0.00222024935105143	0.00800142218136335	-2.09284583256885
4157	-0.218412447028144	8.80394976965887	-2.06810743428482	0.040816749475749	0.0855649043335251	-4.67692383836547
4162	0.308186816782265	6.58227433559903	1.92093939682835	0.0571534876404565	0.112912654367417	-4.95943100449924
4170	0.215637415663286	10.5756878069602	3.28832801447201	0.00132867878802834	0.00517439263984634	-1.62141552883778
4171	-0.146035924158732	8.77976583113546	-1.57776331503331	0.11729886630884	0.201515939207783	-5.54155096548918
4172	0.0297802962333498	11.7103691562178	0.479065273916635	0.632779360744457	0.730562301488318	-6.65331215898322
4173	-0.36197865841326	9.92860337563126	-4.7903551688416	4.88872268773257e-06	4.93050664232857e-05	3.65541513346497
4174	-0.14127078597928	9.43573752580124	-1.70292262955621	0.0912169147056036	0.164293876028846	-5.34181697522497
4175	0.00396179311174036	10.9590315755971	0.0468724405347715	0.962694181354085	0.974969830552323	-6.76632942571527
4176	-0.247793819000346	11.2455464512481	-2.5579595856855	0.0117961465497783	0.0315531640223993	-3.59918264343256
4189	-0.198511899765572	11.793263769023	-2.99335381093053	0.00336207727054772	0.011211448629279	-2.47136912036522
4190	-0.0200527624588069	12.3635321949322	-0.471844167002379	0.637909933232182	0.734272024595572	-6.65672302859804
4191	-0.0850201321759152	12.8599030517466	-1.65287372070325	0.10101658947986	0.178230056094609	-5.4234322741605
4192	0.0344331011762724	10.7358862182727	0.295928401493769	0.767805250905939	0.835692630449737	-6.72385415110691
4193	-0.333044099708171	6.15564073389566	-3.68510956638339	0.000346713956291268	0.00167724499818931	-0.375027544761726
4194	-0.142268149805844	6.34966487019503	-1.43942804506983	0.152678554243597	0.248457206234959	-5.7452893744206
4201	0.0129651104921906	8.87450759828115	0.205894438130386	0.837228405494511	0.887285941671114	-6.74632809072845
4204	0.170342799297981	5.74093826644804	2.26483310313262	0.0253491968261464	0.0587004109290634	-4.26916758853575
4208	0.88134024550489	5.6615467771841	5.4990932015855	2.24717240400047e-07	3.69848123055115e-06	6.6089874810719
4209	0.210683413679268	8.51719486550406	2.24623829382126	0.0265506470499445	0.0608344922697758	-4.30916661497045
4211	0.472058342748913	8.19286096747018	4.24454230497151	4.38812976984746e-05	0.000302806615697076	1.56877239838461
4212	0.357298898413885	7.79814915655703	3.36213431381373	0.00104327468776727	0.00420568517372262	-1.39833920578203
4215	-0.0527082877708023	6.40956696706551	-0.556728225101173	0.578768167496078	0.685001441971286	-6.61336860089828
4216	-0.202735790195886	9.99468948342636	-3.38165316435459	0.00097803096866295	0.00396784666068564	-1.33866257924074
4217	0.139101715889265	6.79458194216966	0.844501660957824	0.40009917775326	0.520352064286684	-6.41355690727358
4218	-0.0351776791760682	10.6325217183142	-0.763392546766511	0.446753902436846	0.564507761072104	-6.47810465791492
4221	-0.411032852230862	7.02209128946346	-6.2495727506098	6.77979487771904e-09	1.98585481170068e-07	9.98875966486259
4232	0.390196874860862	8.07099788663245	1.93489808804701	0.0553976469690959	0.109943431995371	-4.93347289719029
4234	-0.324374083616167	9.53172951349517	-3.82224244907284	0.000212718218513265	0.00112128429158875	0.0819432763020558
4236	-0.037106427940692	9.50870965010026	-0.651738842470349	0.515837878930385	0.62930479113655	-6.5564042175245
4237	0.1798333258548	9.32894097576421	1.54570020701341	0.124856493757841	0.212248330611188	-5.59037104558251
4239	0.461959778118758	11.1168120988055	2.55658370873398	0.0118403842744933	0.0316407551301569	-3.60249852004158
4242	1.12264805100075	6.98528359908665	8.16654581494921	4.00050698425414e-13	5.90074780177486e-11	19.4510047088391
4245	-0.412045832864758	11.8296893593539	-3.78826400133927	0.000240361471335422	0.00124086609576912	-0.0325000626992162
4247	0.287814374115009	9.42311329705828	4.59885218376608	1.07585574315776e-05	9.41373775263041e-05	2.9033040579224
4255	0.119750468727374	9.21885695456903	1.24081036617114	0.217138681591572	0.326162122194288	-6.00618722738308
4256	0.741590807963124	11.1763392467559	3.22397676160941	0.00163549657727856	0.0061573389828263	-1.81255752410871
4257	-1.63919275570855	7.86236697327166	-5.61582199290376	1.32329913681431e-07	2.37503151272454e-06	7.11895144655853
4258	-0.00745104867704448	11.4798144224872	-0.119657510273422	0.904958078156198	0.938121702506299	-6.76029732440063
4259	0.0585489380125397	12.8900596948735	1.31108922910779	0.192374944759506	0.297068058275102	-5.91816021425653
4267	0.348786035529512	9.37051549276942	3.98906442782538	0.000115530422181879	0.000677756596038582	0.65521800674056
427	-0.225567290023244	8.65520107625477	-1.68977389266539	0.093713312600053	0.167729569247332	-5.3634833187736
4281	-0.625323446767353	8.83264191004002	-5.66940975943423	1.03569540210133e-07	1.91812646218766e-06	7.35511732549804
4282	-0.266434208946709	12.7878196487859	-4.49871312390636	1.61225295685866e-05	0.000133438972180887	2.51845577928539
4285	-0.343465544996529	6.96783963415058	-3.10618804643327	0.00237432387768765	0.00843886197491394	-2.15420953968005
4286	-0.00404208930811817	5.74993700634476	-0.0361224701464005	0.971245782099772	0.981464418906792	-6.76677346047954
4287	-0.117519193055671	7.71932706430223	-1.41828374907085	0.158745269722946	0.255900844635351	-5.77484388605455
4289	0.284561556149422	10.1269138393785	5.19172038756276	8.8018837633101e-07	1.15402476007844e-05	5.29679746246535
4292	-0.0428342911598574	9.77704543191245	-0.864437507641958	0.38910260111293	0.510480858512198	-6.39670650882118
4294	-0.0829495248713513	6.53200143790684	-1.12965475415669	0.260914355298168	0.375855000830637	-6.13575839686517
4296	0.275075215403344	7.05632194850161	3.14155788594465	0.00212507331184132	0.00770210862475178	-2.05274262507641
4298	0.329611811736605	9.25360069599086	2.92742078067535	0.00410243429541415	0.0132315920656466	-2.65204124962479
4299	-0.0481216537849936	10.6485476872991	-0.370720266492289	0.711510999925132	0.792059415010996	-6.69906300261714
430	-0.568798895336226	10.2121685316778	-2.52699670143243	0.0128284322943144	0.0338107373168593	-3.67341729629547
4303	0.138709865625353	12.989146892577	2.06538063322483	0.0410784598712526	0.0859007793763409	-4.68233484362167
4311	-0.0216834708412982	10.612779495228	-0.265157245032584	0.791351281600934	0.853527725516855	-6.732441188412
4313	-0.929280299131118	6.96457435314104	-3.60202907210474	0.000463367491452938	0.00211226019834507	-0.645455309603283
4320	0.490653218754824	11.2684860875008	2.27938224559065	0.0244426389879903	0.0569042271817361	-4.23766066504477
4321	-2.69858458688401	10.0582313396143	-6.21709910745544	7.92389338438319e-09	2.30462532940159e-07	9.8378531745002
4324	-0.452932249042787	8.51459806709366	-2.82008771810261	0.00563393636206674	0.01720381306864	-2.93870795364654
4329	-0.302220084568516	8.95783393188074	-4.52955137661128	1.42425984871028e-05	0.000120290248981052	2.63634135339029
4331	0.0846967415397723	8.68195195341834	1.21122528194111	0.228230798294493	0.338879452437986	-6.04183159792682
4335	-0.0570855155634171	8.6892238501214	-0.90726237429709	0.366118318008582	0.488552068941985	-6.35919787131566
4337	0.363049238370523	9.80903608616637	3.38623640978308	0.000963275809875098	0.00391953605397454	-1.32460872235005
4338	0.30018163006036	8.07799456166799	2.08227940721146	0.0394794952209005	0.0835298746220898	-4.64869451282166
4343	0.231033678818537	7.90939224249434	2.69725987998996	0.00801601017059306	0.0229346186384131	-3.25526785636882
4345	0.55384428327285	9.43795964213562	3.48002725386177	0.000703534847990772	0.00302824275372787	-1.03360176598645
435	-0.281748528387479	5.95093627943167	-2.25635627087468	0.0258908641277003	0.0597203400432293	-4.2874394487383
4351	0.180631831531873	5.68614087972852	1.8967286940878	0.0603100582857973	0.117824286055034	-5.00403562336911
4354	0.47157383703506	10.6569245816838	4.89242052020544	3.18556443938787e-06	3.42168560069491e-05	4.06466050030522
4357	0.0889528700104236	7.53721055988315	1.00164774165627	0.318564699174451	0.438849969176278	-6.27022428525538
4358	-0.0948399363155533	9.17885794375855	-1.20963583012336	0.228838085410734	0.339642412639822	-6.04372284963858
4361	-0.117195979541939	7.56123572405157	-1.57401846449126	0.11816235803259	0.202704273592772	-5.54730252437764
439	-0.410060143604933	5.84709468165409	-3.05818637967815	0.00275606934241749	0.0095092450995691	-2.29035579599107
439921	0.408481912733826	8.13672111203687	3.05844235227437	0.00275389100659384	0.0095092450995691	-2.2896345645117
4436	-0.0190199771321124	7.6823311645459	-0.151608480552625	0.879754809738835	0.9200778334316	-6.75598437265966
4437	-0.0667136590931014	13.822092621788	-2.12114702609573	0.0360036755893386	0.0775463781924217	-4.57035638589157
444	-0.223087618529303	7.23757411250823	-2.4523331844469	0.0156578678851575	0.0397461551110636	-3.84908630773039
445	-0.0932754818590887	10.6359330401474	-1.38727305062138	0.167974823393093	0.267438712649758	-5.81742462688427
4478	0.65005889380783	9.52671868805565	6.53275505191819	1.71398528185439e-09	6.40611693579966e-08	11.3207061414636
4482	0.636674873074982	6.80051816242991	3.89946731372094	0.000160703622108945	0.000890880482295225	0.344984881260953
4485	-0.384931779745824	9.24515745899556	-3.45127476230949	0.000775167806284304	0.00327680966218442	-1.12350131265889
4488	0.0824529530763106	8.77867250082412	0.896783373787925	0.371661659960633	0.493706905123895	-6.36854131450473
4494	-1.5126444429342	10.2343962378921	-6.63469645454514	1.03808328008853e-09	4.28728394676563e-08	11.8068840997458
4495	-1.24467172076355	10.7857578951947	-4.62211580481764	9.78584379834263e-06	8.72029475600356e-05	2.99354980477725
4501	-1.19389227324651	9.61347188522247	-5.92241116652428	3.20512072549139e-08	7.21370495710051e-07	8.48685420614853
4507	-0.158325484419474	9.06778687037198	-2.10625234298946	0.037303130216682	0.0797421986516028	-4.60053544540045
4520	-0.565680043075602	7.98325833240049	-7.35364005615473	2.77649219298065e-11	2.03157869088932e-09	15.3239494186374
4521	-0.28180438701592	8.83478233262379	-2.51886091850999	0.0131127754947668	0.0344064566667008	-3.69278881803876
4522	-0.390842426845367	6.76424519899359	-2.64952050649868	0.00916577212573843	0.0256467743084686	-3.37495180665661
4528	-0.196946348795593	9.55485658054784	-3.08810555998471	0.00251197545666049	0.00884061238688354	-2.20570779168812
4534	-0.0561940467606326	8.43684742496812	-0.782896494498184	0.435257318218141	0.554390971238526	-6.46317144752123
4542	0.360449015251666	5.28152408945355	4.27228539090285	3.9409814923348e-05	0.000277514979767139	1.67049291432379
4548	-0.373188690968004	9.28220301722296	-4.51517267219063	1.50911824923616e-05	0.000126167173468529	2.58130556861978
4552	0.0799108684814263	9.16320929232855	0.836637171129732	0.404488761405394	0.524618781826638	-6.42009740355363
4585	0.00571774595912747	5.65289709404859	0.0851977569243584	0.932248653254022	0.953842917859312	-6.76381037034399
4591	0.070645524418768	7.80158733061962	0.937936494118864	0.350194111323269	0.471679725360263	-6.33123286172018
4594	-0.0690092942874016	9.58083785976748	-1.20277966562448	0.231470993852411	0.34227879631002	-6.05185308283159
4595	-0.110622263858218	8.9979294847216	-1.4491778657266	0.149942035240732	0.245009141659435	-5.7315193532698
4598	0.00887155475900353	6.37297384302026	0.0961377056241138	0.923574395677122	0.949318629702965	-6.7628231092415
4599	-0.251685740389332	9.99181694278025	-1.20812982204143	0.229414565007183	0.34015666613404	-6.04551257914859
4600	0.15050860994412	5.91064427053359	0.909451478882706	0.364966921727795	0.487173040315383	-6.3572324747704
4601	0.123104222391382	5.69617901559936	0.81041391640823	0.419334802908449	0.538595159698926	-6.44146889626444
4608	0.373931166033681	5.75987076063409	2.33750609898594	0.0210987613764793	0.0505856431907334	-4.1099532890735
4609	0.34136035197394	8.96490817964626	3.29820609164083	0.00128664537861386	0.00503682029732251	-1.59179692182688
4613	-0.908965964781665	11.3918285491196	-4.90600877679297	3.00778298881671e-06	3.26040518210315e-05	4.11957387032151
4615	0.18679053095545	7.51785325643401	2.51841015826222	0.013128693211875	0.0344372835598881	-3.69386045344244
4616	0.755016342622335	7.03878086034195	6.18461975370473	9.25784176794374e-09	2.6368887242488e-07	9.68731212962147
4624	-0.787570174093355	6.99664148492558	-5.6963008131887	9.15437573841432e-08	1.73714382229011e-06	7.47410591001281
4627	0.132847759610925	12.1633870334755	2.02130278921621	0.0455128105120063	0.093632830592571	-4.76888026022838
4628	0.115791723721614	12.3507131449573	1.7879037272497	0.0763597993144002	0.142680195238606	-5.19794168522744
463	0.0195781365743146	9.35177856034917	0.308904441893554	0.757939304177129	0.828447618433649	-6.71995112806627
4635	-0.246858987747655	7.04890096579823	-1.29910278428222	0.196442951626381	0.302219925579047	-5.93350702182078
4636	0.171794714492233	7.01037150521934	2.17709224364877	0.0314659651821376	0.0698304332091501	-4.45524730754616
4637	0.0262413822996125	13.1021737000208	0.531084536726764	0.596359077210639	0.700003691595833	-6.62721690260558
4638	0.883792239741228	8.48663941922803	5.52154161852872	2.0305230240288e-07	3.38147584243506e-06	6.70657739119674
4641	-0.136825157100363	7.36755653095772	-1.44958280209408	0.149829205025751	0.244921676927114	-5.73094550768541
4642	0.119919752834824	7.34789673928483	1.17808774612788	0.241133570975259	0.353462874224604	-6.08075978695297
4643	-0.025811755131701	5.75143459227514	-0.286202184317519	0.775225455911494	0.84099845886905	-6.72667002449402
4644	0.55008131400612	6.268957997564	4.2261911352742	4.71026490073251e-05	0.000321280709629466	1.50175375633907
4646	-0.691015776714804	7.49774726510789	-7.71247646689819	4.34220550656779e-12	4.26983541479166e-10	17.1290164768918
4647	-0.0825069978752437	7.70490090942449	-0.884756760749186	0.378088284832155	0.499761439064426	-6.37913271075931
4649	0.136204061367363	8.68406910607116	1.08762815756518	0.278977301518091	0.39586883878018	-6.18165141720899
4651	0.0543918457251388	9.50563441507787	0.528374633391872	0.598232323577978	0.701504683809497	-6.6286423695468
4659	0.195446290764956	8.54991274387233	3.01391455307341	0.00315773143530022	0.0106460659818693	-2.41432210728249
466	0.110482937530096	8.8093478353155	1.00735155947207	0.315828415250891	0.435807335444765	-6.26457020863679
4660	0.0679561079348882	6.90421143891679	0.738377468529777	0.461752084852406	0.578415562766284	-6.49671142820244
4664	0.457450341127302	8.32678070449759	4.1248357089774	6.94066886952772e-05	0.00044510811228493	1.13546189566605
4665	0.0731853193322824	7.77380395230509	0.732674119821583	0.465211060261838	0.581866044482553	-6.50086774705084
4666	-0.103781899269067	13.8899901521771	-2.39161441781632	0.0183555802599203	0.0452453276475505	-3.98844064299051
4668	0.285721278905989	6.61419509811284	2.9763112513065	0.00354062683448298	0.0117122858040967	-2.51840104179059
4669	0.0350694775979597	9.22692688199395	0.434029481015794	0.665060093554356	0.757225298187655	-6.67374174803683
467	0.361695491689065	10.7969550727646	2.77514123617996	0.00641822134385645	0.0190763357671797	-3.0559800341843
4670	-0.012024017240424	12.1485019319766	-0.231120598916115	0.817621644171249	0.873116325902329	-6.74084363372233
4673	-0.0195811946449869	10.5279468385656	-0.32224837996782	0.74783512783147	0.820770416673922	-6.71576307880981
4676	-0.0184208717827279	10.8437651596484	-0.347280289148621	0.728999789061255	0.806096152295311	-6.70742992385497
4677	-0.0485559280685452	11.7652118289801	-0.898474032088663	0.370763760048766	0.492681573037774	-6.36704110638777
4678	-0.0957614991216999	8.85349085251976	-1.50434127620477	0.13516717598838	0.225426952117058	-5.65192349692627
4682	0.100914585373935	8.22789848650402	1.47643517266752	0.142492557497994	0.2352095373568	-5.69254743870589
4683	0.106881169117299	8.80339183254965	1.87239344659224	0.0636290802359963	0.123230059261273	-5.04833358146196
4686	-0.124161950714617	9.63061763794605	-2.33832530400383	0.0210546689032472	0.0505204769890144	-4.1081324241972
4688	0.947676890099886	6.86639845350352	4.6942215980096	7.28157332383067e-06	6.87380521769615e-05	3.27525013443662
4690	0.0620133053377973	10.6613337412928	1.1711203319966	0.243911413771207	0.35673478041307	-6.0888106082133
4691	-0.025639619596181	11.8703216530669	-0.462108578412617	0.644854899521552	0.740067031521852	-6.66123991339373
4694	-0.0543947122317815	12.6868696252294	-1.14643148854605	0.253937606114845	0.368180555820366	-6.11696285078686
4695	-0.186244059745139	11.6489766212367	-3.7706218764821	0.000256028191047944	0.00130784963392456	-0.0916064809712216
4696	-0.265735252826095	11.4484835137942	-3.06739420501828	0.00267870488154333	0.00928887586966747	-2.26437942010602
4697	-0.0924894906722462	12.8015701605573	-1.90603127466095	0.0590802930339543	0.115816267050038	-4.98695986936224
4698	0.288556436792927	7.27602306226105	1.23547692270829	0.219108749308245	0.328345114166565	-6.01267492766346
47	0.0245312350678946	10.4273068856266	0.378799738568385	0.705517731253325	0.788330685006119	-6.69605271990602
4700	0.0224447890307649	10.571699296208	0.331468038384752	0.740879321787277	0.814868601592931	-6.71276619069614
4701	-0.116183340566863	9.43996283934825	-1.4963940755195	0.137222664715573	0.22824390063444	-5.66356708059375
4702	0.15619376305163	11.2187774362853	3.16067028941796	0.00200072299386981	0.00730914282590211	-1.99751085982538
4704	0.361526970377329	8.66115103694579	3.45050247461274	0.000777183284654495	0.00328331604932218	-1.12590763690485
4705	0.0499089924445824	10.1060084754326	0.678640053121817	0.498695627467605	0.614168165033907	-6.53865972424558
4706	-0.0414220516144393	12.1518157633225	-0.716381966583794	0.475171869185414	0.590965550360332	-6.51256473742499
4708	0.0284417640537532	11.797203748803	0.382633664043598	0.702680198195464	0.786575204918625	-6.69460161122228
4709	-0.0307927779555768	12.0902677563669	-0.659876480843326	0.510619868434562	0.624940007892945	-6.55111163092685
471	-0.337464424719273	11.979015686602	-5.23921583343799	7.14812067943111e-07	9.64762693008186e-06	5.4965534563115
4711	0.0521762367760342	12.4465307864336	1.12152221033965	0.26434423096488	0.37953821445679	-6.14477201407164
4712	0.068758035269237	9.09766228905925	1.13188159431249	0.259980652515533	0.374771411828674	-6.13327919098536
4713	0.0265771252889976	10.142257902334	0.334441480106888	0.738640532535703	0.813489439832654	-6.71178166730926
4714	0.00507279744081272	11.9615308952452	0.0841927529070603	0.933045943253533	0.954234996429159	-6.76389509208799
4715	0.0772262197813188	11.1893590019966	1.23062630164147	0.220911730334126	0.329866401637127	-6.01855167487531
4716	0.0373927591000391	11.421141607094	0.577390973143076	0.564776134944908	0.672391305079986	-6.60173770526047
4717	-0.164076670505913	9.62342505092841	-2.21527791188305	0.028661743284531	0.0648050748660282	-4.3750937489905
4718	0.0392178695656412	5.94282972575442	0.537953312645524	0.591623134787828	0.695531894868696	-6.62357127294449
4719	-0.112077372729964	6.07841788880123	-0.925315297377213	0.356691658782637	0.478524135381612	-6.34285030311533
472	0.0387256730942708	9.32206977407068	0.497188547437526	0.619981830753179	0.71965288392654	-6.64452444620511
4720	-0.0500694042188521	7.36793283236233	-0.792738994184889	0.42952191777012	0.548523661221582	-6.45549400821065
4722	-0.0418399650094677	11.0866971835179	-0.748613651275981	0.45558065762584	0.572073005775226	-6.48917173642219
4723	-0.0927343775685024	10.3253767303453	-1.39484935669786	0.165683097064591	0.264708391054839	-5.80710563382876
4724	0.176730600573288	11.5638075328166	4.55519515241641	1.28422180776774e-05	0.000110381603872648	2.73479844192917
4728	0.078881940336917	12.0314522366058	1.24398531606272	0.215972062749678	0.324882396341712	-6.00231223581468
473	0.292939210049401	8.6233964309402	3.76851118915527	0.000257966210137346	0.00131368735865258	-0.098663479643637
4731	-0.162660681704599	6.5926107343802	-1.71825810794983	0.0883740328177989	0.160258896694013	-5.31634555608648
4733	-0.056137831484418	10.320138923043	-0.764936298855448	0.445837608857961	0.563867501020787	-6.4769362729841
4734	-0.00292632429900807	8.39407757097673	-0.0342728526690864	0.972717518115102	0.982110585457859	-6.76683826210141
4735	0.192154634050676	12.3787309680733	3.3709601365696	0.00101328390517787	0.00409277508888469	-1.37139043016112
4738	-0.0229333860013404	12.9866979492209	-0.544570802792949	0.587077068822672	0.691466837504189	-6.62001492693832
475	0.192114628853667	10.1656392355776	2.44687387232758	0.0158850876700925	0.0402487190659398	-3.86174493099967
4750	-0.137588347577443	8.073134492238	-1.85689765422562	0.0658211287484528	0.126467207132408	-5.07626022279853
4751	-0.14267561400041	9.26865141432894	-1.20811450309451	0.229420434265465	0.34015666613404	-6.04553077290725
4752	0.197874384441779	8.09375265398474	2.80308145621916	0.00591976580743407	0.0178914253821462	-2.98327339143677
4758	-0.312069608230322	10.1934208910166	-3.02414893128814	0.00306034689300147	0.010372780195401	-2.38580175341127
476	-0.140512503796441	9.23552639394603	-1.3578961130703	0.17708923740071	0.278779702864468	-5.85692179719427
4763	-0.134813133107454	6.18975478133305	-1.59273312638734	0.113897115644258	0.196514293095173	-5.51842870656641
4774	0.898412314942758	5.86802638741643	5.32906932852744	4.80778624746604e-07	6.91852167318284e-06	5.87750871858338
4775	0.00219900363679091	6.54038205607405	0.0356971973827276	0.971584161982986	0.981594861887071	-6.76678866143632
4778	-0.114455039081451	7.66905000704146	-0.699012260067696	0.485920772926113	0.601845191838311	-6.52474817557595
4779	-0.0429309554429971	8.2949231976108	-0.658120712040634	0.511743332356039	0.625944013810289	-6.55225906932949
4780	0.446322153597583	10.4043558120686	4.66969606110205	8.05426475030444e-06	7.46689235444033e-05	3.17910002812136
4782	0.236757360198194	5.84816160051978	1.60176537116683	0.111882974245092	0.193864771819689	-5.50437646367784
4783	0.0901893329905019	10.2159847005925	0.987249007791701	0.32554192499439	0.446081005383819	-6.28435704497879
4784	0.557938032008186	8.03531049165499	3.54312102751389	0.000567588241046162	0.00251609798889775	-0.83421410966245
4790	0.235168887785384	10.959397204148	4.23440340946031	4.56339510512435e-05	0.000312854038900424	1.53171877934012
4791	-0.150681049854739	6.45676006814982	-1.75332715405402	0.0821443203992176	0.151084662234316	-5.25728268733682
4792	-0.0580911339222198	11.6046646464702	-0.550022476552005	0.583344244591483	0.689133790092342	-6.61705261132355
4793	-0.155672252431142	7.43878027675222	-2.3635411351997	0.0197366464031625	0.0480615269133616	-4.05180088470834
4794	0.368994442397932	6.01012918933223	4.05419466029613	9.06046745559752e-05	0.000558920546551423	0.884086194122363
4798	-0.0833015588275181	6.07883694374875	-1.01183518056721	0.313688498305086	0.433406968614887	-6.26010354028281
4799	-0.0602737853682522	10.0960810449672	-0.911644730692099	0.363815644013322	0.485950391259709	-6.35525867192797
48	0.0999669227276776	11.3535928245925	1.89894899531894	0.0600146071773698	0.117413703288743	-4.99996718676653
480	0.0453179471002153	5.54228453413433	0.271556947124227	0.786437536179436	0.850003721845737	-6.7307327513245
4800	-0.0787235790903446	6.65449833891215	-0.895517863838854	0.372334658836588	0.494230362454564	-6.36966244286206
4802	-0.0462833606592756	9.60968597484308	-1.02152673706492	0.309096055308036	0.428953867077348	-6.25038203878674
4809	-0.0919841601773592	10.3360936353074	-1.39494781896965	0.165653471212562	0.264708391054839	-5.80697116956999
481	0.373583671346939	9.92975447847598	3.98923034461113	0.000115459302451685	0.000677756596038582	0.655797475502164
4811	0.0178583774907364	7.49623482289663	0.123572158242834	0.90186441432453	0.936271731040101	-6.75982349844296
4814	0.831458779308802	10.4948947259744	7.80273764407417	2.71128262242404e-12	2.87117877707981e-10	17.5874544198504
4817	-0.0808463038529413	7.11075123020343	-1.04770832818443	0.296915664620216	0.415822887379278	-6.22366462658356
4820	-0.131855208702405	9.45101196537333	-1.53545295963705	0.127351363254887	0.215073044466442	-5.60577094088715
4824	0.0990084675728831	6.45559706676522	1.23422460606684	0.219573208757134	0.328445256127114	-6.01419432267577
4826	1.55594253403376	10.283717415775	9.90375136709149	3.41344428102894e-17	1.72949975809059e-14	28.5851073308549
4828	-0.456825771238518	6.31607647053891	-3.08442597248631	0.002540876170164	0.00893471143701773	-2.21615590011301
483	-0.37569106587347	9.42512749352112	-3.16639576740846	0.00196480916896123	0.00720023235830514	-1.98091025831024
4830	-0.491608093812823	11.6728186810865	-3.7349333935838	0.000290734028318378	0.00144928368974641	-0.210513105673249
4832	-0.260691252201881	8.53056231009954	-2.78881759777773	0.00616964201680388	0.0184910170750363	-3.02047069633262
4833	0.351511377500138	9.92787224551247	4.08505569436448	8.067613086549e-05	0.00050560306597037	0.993505377470909
4835	0.225332879103687	8.36021994387967	1.9841543863442	0.0495612987620708	0.100239061649046	-4.84046792277725
4837	1.57689618754871	5.5856717733515	7.7794234063873	3.06247530022781e-12	3.16200574748521e-10	17.4688826489516
4839	-0.481563907164402	8.88671144848181	-3.94468226019736	0.000136134061484704	0.000773893563567551	0.500870726916743
4841	0.0723753630323611	12.1094416338112	1.72628584481428	0.0869149460748321	0.158061967102182	-5.30292536183855
4843	-0.308771131272627	6.36026017900231	-1.9662872400398	0.0516149964707864	0.103681875206395	-4.87445727132613
4846	-0.36172000913456	10.1852275088671	-2.96235919807054	0.00369325825793326	0.0121297468033911	-2.55673254405703
4848	-0.0763075355715996	9.90299991681744	-1.27935893238573	0.203282268285767	0.310085232879121	-5.95848739768077
4849	-0.0933225662731505	7.15839402541643	-1.18092272678638	0.24000977231529	0.352378371724902	-6.07747063051565
4850	0.0944300221189285	9.11093111159344	1.66897378270389	0.0977754623502198	0.173602108987724	-5.39743084617085
4853	0.617880306816943	7.15426583663868	5.5370996393561	1.89250757640253e-07	3.19022705736427e-06	6.77434854357098
4860	0.181352429364597	11.3989915722308	2.15975091473199	0.032816245250929	0.0721101850951513	-4.49122350817454
4862	0.399512344757275	6.48406470904304	3.01847975875977	0.00311394336873758	0.0105285191263907	-2.40161036106236
4863	-0.345295012439029	6.53294712856081	-2.51621328940036	0.0132065192916098	0.0345865089881728	-3.69908081836642
4864	0.34977040296903	9.9005378422015	3.74377785230421	0.000281739192992137	0.00141211512992418	-0.181127829459641
488	-0.0720743173167381	10.1030581597623	-1.41139158135092	0.160762201208481	0.258496356235556	-5.78438614452984
4891	-0.175571096631093	11.0612499123512	-2.46862179244125	0.0149970396832136	0.0383396929072559	-3.81116648484225
4893	-0.259823536123356	8.21869306507563	-3.66380840060691	0.000373639264806421	0.00177269404210283	-0.44482960026208
4897	1.75556755249546	7.85265725769763	5.1236034628532	1.1840952721325e-06	1.48416190406896e-05	5.01229383930002
4898	-0.0869438371241703	10.9175364480486	-1.43739691051554	0.153253455043188	0.2491386614164	-5.74814672917674
490	0.504526909301738	8.56331341799215	3.46996555251609	0.000727862409036258	0.00310544602202453	-1.06513029213292
4905	-0.101755163966757	11.153025185924	-2.10402028653686	0.0375013038326782	0.08008930894002	-4.60504098357983
4907	-0.277238924371124	11.2221439640661	-2.35000970227787	0.0204345668691309	0.0493536615026378	-4.08209807455883
4913	0.154371669606659	6.90817736430492	1.14814996717244	0.253230457253561	0.367477789338442	-6.11502228360484
4921	0.265416148970727	5.96312283813343	2.00712941214558	0.0470228675627319	0.0960932424710949	-4.79633958367983
492311	-0.0484406111854375	8.53846511818497	-0.632724425936573	0.528138633839763	0.639895311194011	-6.5685166964733
4924	0.0325398678441105	12.7478757990062	0.590732102827862	0.55583043027588	0.663750087332481	-6.5940042245776
4925	-0.374860289715943	13.0712806317527	-4.22835942837029	4.67105170407843e-05	0.00031939476056033	1.50966130366504
4926	0.189024336332006	8.54928285291427	2.4283100123265	0.0166798521459543	0.041877075600481	-3.90459883167725
4927	-0.138414859493688	10.311122964159	-2.17456917546708	0.0316593730940158	0.0702030662433745	-4.46049813832184
4928	-0.00313729362389464	7.44404701341258	-0.0572939232200716	0.95440803006748	0.968857188772815	-6.76578915482358
493	-0.313101036537034	9.47012022165481	-3.31415164745869	0.00122140697756219	0.00481336910050747	-1.54383022695337
4931	-0.12759455371384	8.50153866982072	-1.97613070771471	0.0504748137789851	0.101663487396834	-4.85576723374818
4935	0.0568005393413388	6.21842349499634	0.750712002330894	0.454321386025605	0.570752037805552	-6.48761345029646
493753	0.271483328952591	9.21354753953561	5.12658102023774	1.16889708298919e-06	1.46957228394075e-05	5.0246808897088
4938	0.0153816024618767	7.18684839912569	0.106574155487188	0.915307915961743	0.944937306067241	-6.76177027911806
493856	-0.0518404530452868	7.80521168813602	-0.900864901320087	0.369496312064055	0.491429190196996	-6.36491480829929
493861	0.455290822302394	5.53624227906023	5.0706660269876	1.4887435563416e-06	1.80308237175683e-05	4.79282709292986
493869	-0.0527223455401459	10.9322987765635	-0.661949456329381	0.509295116227587	0.623688311347645	-6.54975298400287
493911	-0.0270896613291484	7.42712773693821	-0.272236377645369	0.785916365319274	0.849819019478139	-6.73054898412968
4940	-0.24250563422113	7.68700886020429	-1.76745642155693	0.0797384672434241	0.147346697859213	-5.23316643683937
494115	-0.156825519101483	6.9416140378364	-1.72141298996845	0.087798247306408	0.159352564876056	-5.31107854102126
4942	-0.0772036394787363	9.72583038779037	-0.981058688427255	0.328572292581074	0.449264548372731	-6.29037116380293
4943	-0.0737078268771452	6.86309963835167	-0.857789374585446	0.392748827236015	0.513470293284185	-6.40236886279971
4946	0.153600241221321	13.8163280960613	4.04491979474962	9.3810174912558e-05	0.000573979292427947	0.851323575897468
4947	0.587398260570181	7.39543242014598	5.01028853895696	1.92973924591316e-06	2.23244344135052e-05	4.54429060154227
4952	0.0698976209166004	8.89415928452573	0.788643673442759	0.431902913859364	0.551138277225142	-6.45870000706878
4953	-0.249211271587066	8.72272402625831	-1.77077650260474	0.0791816391378769	0.146448799659396	-5.22747300510857
4957	-0.269470859969577	8.41805555063723	-4.82333782494149	4.25934627657805e-06	4.38680801054048e-05	3.78703700258647
4967	0.194141078219695	8.83775412245001	1.80876091502772	0.0730361104775154	0.137639521116376	-5.1616158512484
4968	0.153505684116873	7.0381209424342	2.02987749464684	0.0446194912471616	0.0921392494253888	-4.75218029514069
4973	0.280383840481836	12.3246592795304	2.329376197582	0.0215407764106244	0.0514834528795595	-4.1279923081315
498	0.0188210061078531	13.1416296790096	0.430868361192356	0.667350639902481	0.758824932405437	-6.67510029109315
49854	-0.0226160884019834	8.63235640406344	-0.338958892546726	0.73524353989231	0.810612872331885	-6.71026913339862
49855	-0.0553491407325904	8.64335726184646	-0.814838088519339	0.41680758275824	0.536099444656347	-6.4379104477109
49856	0.205932289609199	8.10091817202562	3.18638734953541	0.00184405583637108	0.00680907519375286	-1.92274815980941
4999	-0.203387434482574	8.65524676532267	-3.40052139347274	0.000918615576480085	0.00377876726181549	-1.28070579490059
50	-0.247877144087048	8.94565159561186	-3.69430824103282	0.000335664102955762	0.00163381584585421	-0.344785388112965
5000	0.0888212841737793	6.01463898808568	1.29542512952549	0.197703793892978	0.303681558054811	-5.93818824769727
5001	-0.0963777444813618	9.16505409411164	-1.29382048905852	0.198255801995525	0.304215664960624	-5.94022672780146
5002	0.408723191240812	8.0639646771406	2.02312240883214	0.0453219756440843	0.0933564884838244	-4.76534190383007
5007	-0.105742461272986	11.5632658989983	-2.08018854591967	0.0396743870813537	0.0838539002919083	-4.65287058028731
501	0.0162147310331372	11.6143755841614	0.231282749959774	0.817495972934014	0.873095000832035	-6.74080633395523
5010	0.174620686973353	9.34938457508064	0.865524454542539	0.388508446217917	0.510015920780359	-6.39577662836404
5016	-0.26971534350786	9.33475691978482	-3.02849906380181	0.00301979976086819	0.0102732891370557	-2.37365414013673
5017	-0.147537793242864	6.23603161173159	-1.4065008923776	0.16220527146277	0.260208883721592	-5.79113009322778
5018	0.0163677455269123	9.14991151174202	0.209216584938917	0.834640157822388	0.885565536751821	-6.74564199112753
5019	0.213802843913431	5.93333716028404	1.86337332954996	0.0648975233839336	0.125012486742372	-5.0646162990993
5025	0.192730870863881	9.03562894194477	3.04716973422456	0.00285134593564989	0.00976860946846459	-2.32134772065141
5028	1.00590316112416	8.13720164581604	7.80961383848308	2.61555950992913e-12	2.80578201974215e-10	17.6224461801108
5029	-0.520668012031409	8.16514674582625	-5.61238174187159	1.34422627557073e-07	2.39305350725099e-06	7.1038335971151
5031	-0.431713977764168	9.0833777885063	-5.36921728931145	4.02216253013874e-07	5.97537095304784e-06	6.04899509730676
5033	-0.236245752469572	10.0389430161597	-2.31521204308108	0.022330396343917	0.052956954866711	-4.15928361953311
5034	-0.186695705085582	12.542391621262	-3.07596680386429	0.00260848906361108	0.00909502729650804	-2.24013542642026
5036	-0.110137422037012	10.2547573501923	-1.3080523790557	0.19339962250977	0.298371475892921	-5.92206138193076
5037	-0.0297650900920176	11.6145497047617	-0.548553415068958	0.584349024695155	0.689531849140283	-6.61785375540339
5042	-0.384872329715522	7.96397841317155	-4.21904535572847	4.84174480655851e-05	0.00032915894734299	1.4757148682829
5045	-0.0383615613783295	9.52540566573207	-0.338356359727513	0.735696329735097	0.810895607634361	-6.71047204584119
5046	-0.320475122168035	7.75797373847906	-1.78218924001832	0.0772919267423032	0.143822869773894	-5.20782471272519
5047	-2.33247780167839	9.15266716535611	-7.66554178886095	5.54352497881475e-12	5.1448894747202e-10	16.8912997023503
5048	0.342688572516264	9.75768363608733	4.36832572719156	2.70719421263771e-05	0.000204400586804273	2.02633037270314
50484	0.22917730131349	7.59795496438016	1.65634283185513	0.100310987222036	0.177158168581146	-5.41785001568577
50485	-0.0111487531799302	7.93348963282048	-0.188293036969141	0.850970589271587	0.897246785054272	-6.74978008170452
5049	-0.293529884834169	7.11644431488808	-3.56624884971084	0.000524277140803155	0.00234844315782758	-0.760403419417947
5050	-0.0762469634453505	8.71770996142576	-0.679485764810309	0.498161730880236	0.613693646095563	-6.53809033386718
50507	-0.0187734330477945	7.13911993422369	-0.118675395801693	0.905734453721136	0.93833771324929	-6.76041380615928
5051	-0.31357875778947	7.89294908451373	-3.72582391827847	0.00030028279510954	0.00148612096321438	-0.240721807220591
5052	-0.0374296138740189	13.0818828177608	-0.847855619273472	0.398236013304699	0.518386999952377	-6.4107492037871
5054	0.00546983161666925	10.1040515488977	0.0337831620554069	0.973107179676311	0.982199781185652	-6.76685484837211
5055	0.423315043870703	12.8154695520105	2.6835669513559	0.0083316334339476	0.0236981033623992	-3.28978959079367
5058	-0.116155980529276	8.54558234841148	-1.31675190524397	0.190475078957651	0.294740380702547	-5.91086242815415
506	0.0217197665800397	13.8420238830169	0.486661422987126	0.627401572437889	0.725817505369323	-6.64966845188282
50619	0.204771718072995	8.55777159485384	2.78911405007121	0.00616435231067131	0.0184818693597623	-3.01969929587105
5062	0.26685047959468	9.29389957941825	4.03625667940228	9.69019903668018e-05	0.000588537088551311	0.820772939104017
50626	0.11819230996171	5.31083845137449	1.78580475220779	0.0767010923320921	0.14314302364733	-5.20157527731038
50628	-0.328234898356615	8.54661231444529	-2.57442524802472	0.0112781388583532	0.0304038599771532	-3.55937664989008
5064	0.669516237058775	9.20400644543726	6.11882557317818	1.26731366066273e-08	3.37677768937876e-07	9.38357617853205
50640	-0.0471908264381327	9.71539340899762	-0.619913748897753	0.536510616217618	0.647418216210011	-6.57647648086802
50650	-0.0136349534421711	9.57724142494563	-0.230921076403932	0.817776285774236	0.873168578140537	-6.74088949422037
5066	-0.229764621151134	12.4378501630216	-2.00657560352891	0.047082727778114	0.0961679850265137	-4.79740886655926
5069	1.20312637789053	12.9106780602558	4.05184231133567	9.14076107078978e-05	0.000563032710251481	0.875771393865919
50717	0.0176179148279787	9.08503457779332	0.327934082874685	0.743543029198008	0.817085569606142	-6.7139248902342
5073	-0.0706722478761035	8.74924065823003	-1.39450643318478	0.165786309230922	0.264771946833858	-5.80757387308072
5074	-0.603402418947027	9.44758377747503	-6.77821748274888	5.09655198733455e-10	2.43338262516667e-08	12.4970114677599
50807	0.506826579091955	10.4577331203047	5.27439457923462	6.12279165496935e-07	8.45723395820181e-06	5.64523026031046
50808	0.119962418184664	10.6856141753212	1.56328596963087	0.120665061383068	0.206354742655101	-5.56371353776908
50809	-0.52663454142762	7.59044118202422	-5.84920242586376	4.51221811050416e-08	9.36455316401115e-07	8.1565985494901
50813	0.100620871768932	11.0961624005328	2.52923034661025	0.0127513399001322	0.0336397532976978	-3.66808913395924
50814	0.0215215465302117	8.78363004136734	0.242841428151089	0.808550128428167	0.866116464896468	-6.7380801489861
5082	0.0703913854350805	7.17181226531366	1.11873034442258	0.265528919100702	0.380908105552588	-6.14785165397217
50848	-0.0671435434346656	5.98055259608532	-0.585886376743904	0.559071551504802	0.666560481441927	-6.59683346555812
50855	-0.0335932086219527	5.82704700736198	-0.352505140340065	0.725088705572694	0.802631024930374	-6.7056121197454
50861	-0.0876370338095555	9.44826030526626	-0.76274362955841	0.44713939078146	0.564806218106558	-6.47859509169387
50862	0.105139334186724	7.33089309012717	1.17383173383508	0.242827709553622	0.355441587969683	-6.08568313651667
50865	0.333369855632558	10.194635746333	3.10446881351752	0.00238710410654755	0.00847334762358519	-2.15911680835175
5087	-0.202863537214128	7.25820523207465	-2.94969086185863	0.00383707040241543	0.0125026435991919	-2.59140305977562
5089	0.307758190245033	8.71987995474203	4.97549012793731	2.23915111455473e-06	2.54057530305249e-05	4.40191743154969
509	0.0516193597242229	11.8559209929555	0.865424653356964	0.38856297693351	0.510015920780359	-6.3958620561345
5090	0.522052218938677	7.61731398486245	4.71275190996597	6.74588056168434e-06	6.42687121563007e-05	3.34812366583109
5091	0.164302213062814	6.91927928702231	1.25688935985237	0.211277578690217	0.319742176618027	-5.98646377787402
5092	-0.0945059829322555	8.92105683587569	-1.12765646127598	0.261754226762754	0.376670716561036	-6.13797908809253
5093	-0.0390934797251092	12.8241035007275	-0.836849654337099	0.404369781201688	0.524618781826638	-6.41992148674537
5094	0.061276710644689	12.553177624115	1.57729427011219	0.117406743600884	0.201575494105861	-5.54227206932365
5095	0.202518390684621	8.57305120041093	2.22910992780098	0.0277011287158876	0.0629626220041379	-4.34574361439508
5096	-0.0853545826876504	10.8381001915839	-1.39188344116114	0.166577391050564	0.2656234073509	-5.81115171100933
5097	-0.186305963550977	6.08636702067806	-1.93842107872379	0.0549617610145608	0.109183296291552	-4.92689355707068
50999	-0.149158176238725	11.0863431254965	-2.7218941630589	0.00747536236125156	0.021627493206283	-3.19277153362485
51	-0.273240069652006	8.84269683966323	-3.99047671497905	0.000114926384812693	0.000675652625304517	0.660151041534272
51000	0.171553784030456	8.51691350478406	3.4883397105338	0.000684016013274302	0.00295660122844015	-1.0074986871525
51001	-0.00164611389619409	10.0376930471066	-0.0295770423836345	0.976454373626929	0.984079200360961	-6.76698748369823
51002	-0.228391976578297	9.32975086339619	-3.29962386124975	0.00128071547566475	0.00502074505410102	-1.58753981260774
51004	0.0489703993401886	8.61435186318142	0.689281986747068	0.491999896367482	0.607643412678738	-6.53144358733371
51005	-0.0402180733456751	7.45496497335397	-0.490380570052368	0.624775824211321	0.723590620861681	-6.64786364016119
51006	-0.0256749268243589	9.03621661901689	-0.455735288518351	0.649418446524348	0.74368450967574	-6.66414602442758
51009	-0.158794598912059	9.22356534576268	-2.17855458389636	0.031354338772019	0.0696575681164274	-4.45220141974454
51010	-0.0877687856710551	10.5982519639495	-1.27067186747513	0.206346508484463	0.314005556389401	-5.96936064624027
51011	0.197774242027837	8.21460779149112	1.86119798370262	0.0652065709688098	0.125490744688343	-5.06853205247766
51012	-0.195097906404597	9.3147093619341	-2.26617598723795	0.0252643044455335	0.0585366492903526	-4.2662672378979
51013	-0.22223217244142	10.3646802787371	-3.66289988193505	0.000374830568744389	0.00177528698269992	-0.447799609264239
51014	-0.157393373577127	10.8613086900347	-2.2495207809487	0.0263350052948353	0.0604242065931498	-4.30212766743032
51015	-0.197471354441826	10.3991515279764	-3.27244729133513	0.00139895373689011	0.0053971778919721	-1.66887799189492
51016	-0.135966509804589	7.84263801850369	-1.84881310257926	0.0669895775585624	0.128234973495649	-5.09074344397815
51018	0.0261281232218995	8.87202376299617	0.254564403487726	0.799502947498242	0.859377647637388	-6.73517958347549
51019	0.156819277733068	9.65055874219066	2.6817525057914	0.00837429087006943	0.0237866721412564	-3.29435241248617
51020	-0.296878634763144	10.9283576433022	-3.01228464052987	0.00317350226611225	0.0106910145329731	-2.4188565893994
51022	-0.160105060981322	9.4626606962073	-1.55966306487456	0.121519307155726	0.20742339740129	-5.5692290021549
51023	-0.256834479140861	10.984031844005	-3.63696696635042	0.000410391157472172	0.00191624135710579	-0.532329468935466
51024	-0.0211399193569789	9.72625894517297	-0.294851896619526	0.768625478685879	0.836034560698625	-6.72417043813333
51026	0.0305620649270325	10.4164905631671	0.525229284072241	0.600409961706006	0.703159830383044	-6.63028779002369
51028	0.252853072778904	9.70811913453921	4.66888310025656	8.08119113067298e-06	7.47487555871879e-05	3.17591877520125
51029	-0.225120491285093	10.0770044055364	-4.17712856652563	5.68687049239872e-05	0.000377297592507738	1.32362492513194
51031	-0.000517619383540793	10.4366482915913	-0.0132568364985564	0.989445286980591	0.993040392569968	-6.76733540086121
51035	0.0554982509849204	10.9442276090159	1.42497364658379	0.156806138476262	0.253467456715053	-5.76553872909893
51042	-0.500347244712723	10.5030291299049	-6.11164658376697	1.31136278360897e-08	3.43868463257464e-07	9.35053454150304
51053	-0.208969760601463	9.82216617899445	-1.68529924009407	0.0945754152005877	0.168906579363644	-5.37082013863707
51056	0.607669847236618	9.68790991463258	6.92361010876221	2.4638261069378e-10	1.33014402897426e-08	13.2025621524293
51058	0.0266056055687683	5.92204530715863	0.477172415535278	0.634122514090864	0.731339286008173	-6.65421123569595
5106	-0.000641330304519052	7.44210204527793	-0.00532676083903854	0.99575888074027	0.996965861201773	-6.76740874602999
51060	-0.521833569141829	11.1337375815537	-7.16092286469529	7.42909706897388e-11	4.75692572013366e-09	14.36717946367
51061	-0.106656757227636	7.98797299358074	-1.57500773742553	0.117933761088443	0.202354147609168	-5.54578441445983
51063	-0.126384163601214	8.11586700786718	-1.80816088755685	0.0731300251029718	0.137754619692257	-5.1626664523598
51065	-0.125543317033237	12.0693399077653	-2.02499503755983	0.0451262950050777	0.0930230089198757	-4.76169736989808
51068	-0.371944473753162	10.3484233628196	-4.83689592581002	4.02409407247065e-06	4.17575590937281e-05	3.84131683476048
51069	-0.0762960718917724	7.30543280695384	-0.712120266931244	0.477796842599834	0.593563230542132	-6.51558141827419
51070	0.0814095887281998	10.6740191736668	1.98071875856912	0.0499507194823377	0.100925490093715	-4.8470259695341
51071	0.148027718179397	11.0368931056893	2.89807955189032	0.00447781358398984	0.0142440165628733	-2.73132741280218
51073	-0.100351205559183	6.98143801201317	-0.797046105267651	0.42702614069405	0.546096287681197	-6.45210448790679
51075	-0.0361029536553056	10.9662781890255	-0.7343674271407	0.464182580708275	0.580843526230927	-6.49963708107681
51076	-0.251334287180645	8.41953777076056	-4.73885780342286	6.05549580910885e-06	5.9123398798155e-05	3.45111937903397
51077	-0.0862382695854834	7.33620888157251	-0.944503754522347	0.346843472898911	0.468584737675009	-6.3251265720264
51079	-0.00957033352598236	10.1299387878597	-0.154961191639474	0.877116836470772	0.918132691578833	-6.75547292353772
5108	-0.0655983285180698	10.3070714322221	-1.16993895290684	0.244384666691227	0.357277406525581	-6.09017106280031
51081	-0.11748737130975	9.77729135837658	-1.85146862905544	0.0666038852869946	0.127614959979257	-5.08599272176064
51082	-0.130543964463568	11.5944287159452	-2.13267598854746	0.0350248702531108	0.0759930203022578	-4.54686171111599
51084	0.191864254805395	6.55272763949587	1.91644178928202	0.0577291272305343	0.113750618063982	-4.96775735527086
51088	-0.0686025221192015	11.4597519681817	-0.690195011068731	0.491427720166854	0.607209120206165	-6.53081929170565
51093	-0.0916339770150028	8.0060044882805	-1.24732215864287	0.214750890771259	0.323516753195441	-5.99822926367369
51094	0.135837095591576	10.4802398678311	1.59799738833446	0.112719727742108	0.194987424324568	-5.51024788544679
51095	-0.0433203311975933	8.56906816685511	-0.739292249922055	0.461198643459585	0.577897572053424	-6.49604180940892
51096	-0.0550640694838166	9.07063458880633	-0.731157395761108	0.466133375098847	0.582588632062674	-6.50196768554086
51097	-0.398047617351762	8.79894548370378	-3.05818939285332	0.0027560436909217	0.0095092450995691	-2.29034730633109
51098	0.269569152643954	7.36694686721158	5.17208158696664	9.58986036310417e-07	1.24157126331098e-05	5.21453115285582
51099	-0.230332652978694	9.96096864552469	-3.1882475263443	0.00183317838493213	0.00677800065333008	-1.91732066296682
5110	0.16666393021257	11.3339564634969	4.24606479962724	4.36237616562628e-05	0.00030153328140647	1.57434210457149
51100	0.0857419315142647	10.6312684733317	1.26394190113023	0.208743662239232	0.316664698061117	-5.9777347370963
51101	-0.257887217275751	8.72728820152803	-2.38271520220701	0.0187838063651044	0.0461356647563969	-4.00859926919877
51102	-0.191806382983622	6.15069564047685	-1.92437937355309	0.05671648215609	0.112076110672082	-4.95305026681341
51103	-0.396316403446488	8.63941849205444	-4.04718018150134	9.30191095267102e-05	0.000570406714692373	0.859302983621463
51105	0.188184148188769	8.76472068586879	3.55550913240711	0.000543986260204055	0.00242227844166334	-0.794726408178065
51106	-0.219701463816232	7.9082756506151	-2.09843871687925	0.0380008402927286	0.0809612950265511	-4.6162883336355
51107	0.214272761733924	9.26870046172326	2.41312594162497	0.0173560059686775	0.0431817760108108	-3.93943136169955
51108	-0.0345223557871109	7.41557313150625	-0.49171762502193	0.62383302775091	0.722755208305746	-6.64721145594
51109	-0.221405820494458	10.8854558240983	-3.98766186547504	0.000116133300340365	0.000680326993483272	0.650320251353528
5111	0.0759852871282156	11.4593469569589	1.08006401979543	0.282317720880683	0.3991688419162	-6.18973047466978
51110	-0.0660737948835809	8.52700865547168	-0.659942133472045	0.510577884621191	0.624940007892945	-6.55106866645528
51111	-0.000798444547884442	8.94223257695104	-0.0172424434499036	0.98627234150172	0.990589681518021	-6.76727490189594
51112	0.178488409560373	8.25053905590038	2.38196858993655	0.01882013222393	0.0461974122346692	-4.01028740738587
51116	-0.255869303109886	8.15092249636065	-2.91992044260024	0.00419553607260008	0.0134637376618465	-2.67237436022982
51117	0.00249088765206041	5.72623752600154	0.0280351484501911	0.977681507940119	0.984926153045451	-6.7670316947216
51118	-0.0273011265749631	9.85589613067511	-0.4332893827522	0.665596085692558	0.757589040625676	-6.67406070487407
51122	-0.106529452862465	9.46813727310263	-1.43985893501743	0.152556807309479	0.248397245885334	-5.74468270743882
51123	0.160633285879228	8.27018597027003	2.66853112568935	0.00869114530877079	0.0245936485955624	-3.32751811363966
51124	-0.0707951327556591	10.1975722866594	-0.80988268133019	0.419638872878661	0.538901910755246	-6.44189489093618
51125	0.364511524820124	11.1788705947287	5.99016028196886	2.33114370962074e-08	5.67162856267111e-07	8.79442975918733
51126	0.300269866535325	11.8756817664436	5.80706094301604	5.48882689880137e-08	1.10310730374938e-06	7.9675027407674
51127	-0.756107947006183	7.65128730918099	-6.83581136218501	3.82426225710266e-10	1.89152133195616e-08	12.775744612089
51128	-0.105309875221275	10.7588515390839	-1.0173076502328	0.31108975264401	0.430852004835601	-6.25462535119653
51129	0.462768622216395	11.548704192412	3.14867105756368	0.0020779775996405	0.00755794582696194	-2.03221968316517
51130	-0.0531904483305123	9.32121483392096	-0.916712705444006	0.361164182152486	0.483190175668859	-6.35067985409962
51133	0.11726443684567	10.4650979744073	2.48714244409962	0.0142759801997374	0.036780909684913	-3.76777598156282
51134	-0.146185896784149	7.20189652553879	-1.59830599487012	0.112651008399735	0.194950205192082	-5.5097674999203
51135	-0.0845774942897407	7.11113885150481	-1.04095804680234	0.300024537814748	0.418878261476952	-6.23061655648115
51136	0.0238785337259361	7.98582093481377	0.267253189470811	0.789741062290668	0.852657534606144	-6.73188614519391
51138	0.0423567231630706	10.2085254045512	1.13476399642156	0.258775557738738	0.373490495705396	-6.13006303716516
51141	0.350972557942896	8.67872540289546	5.16982796345273	9.68456698213066e-07	1.25187047374647e-05	5.20510323586829
51142	-0.117387194443615	12.9366041480922	-2.32813855948339	0.02160877687487	0.0516011844424475	-4.1307334194722
51143	0.331080685161346	6.61297288861754	2.11944833508899	0.0361498722460168	0.0777801366897887	-4.57380815798069
51144	0.115207659287548	11.1590607070066	1.79096692338664	0.075863975853913	0.141901367878922	-5.19263165445451
51148	-0.00675570270831894	8.37578120037929	-0.0499503056351877	0.960246496296808	0.972729465220951	-6.76618111142399
51150	-0.167250651330894	10.201194653359	-2.49400408420814	0.0140168037577771	0.0362261573965077	-3.75162638794542
51154	-0.369495446388452	7.44620997910059	-2.89281714808535	0.00454838243364482	0.0144110621027642	-2.74547448976418
51155	-0.0975009366225509	8.64923745452546	-0.808546129040735	0.420404473153642	0.539717275139739	-6.44296544367658
5116	-0.0932591294809429	9.10421833378846	-1.94854799346744	0.0537248937675816	0.10711262913836	-4.90791863754712
51160	0.0686244786343215	9.4932339760484	0.909047429913171	0.365179265506702	0.487377723878714	-6.35759558475555
51162	0.981229931603843	6.89736950694358	8.26932400800848	2.32044478896312e-13	3.83337479136708e-11	19.9816375117766
51163	0.105525590920415	7.66582739731751	1.29945992383069	0.196320828862981	0.302144595939672	-5.93305173803782
51164	0.277990359826853	9.53089739560742	3.0766375642846	0.00260306756516556	0.00907995696295082	-2.23823603767447
51166	-0.807538195985184	8.16747599729949	-3.99133073908315	0.000114562582162177	0.000674473933470836	0.663134739466329
51167	0.00290734825137933	8.15515335298123	0.0686235879258523	0.945405469153225	0.962596501880865	-6.76507916347518
51170	0.242872937273001	9.26847668894492	2.68654909610438	0.00826195100741701	0.023516097629657	-3.28228441173061
51172	0.18079524655505	7.14010755339773	1.93472694309639	0.0554188961702305	0.109951732469051	-4.93379223210875
51174	-0.00587211703112541	6.99282972007624	-0.054214924428742	0.956855672504423	0.970484756248346	-6.76596002726156
51177	0.223733440165058	7.67545002028761	2.98294741261069	0.00347008786749967	0.0115158400102641	-2.50011477465956
5118	0.425003327291543	9.43792739845201	3.40330147436859	0.000910153015887677	0.00374955806046494	-1.27214400244524
51181	-0.336934623198094	10.0291555954628	-4.29738491758895	3.57443991204125e-05	0.000255626611891435	1.76293611807036
51182	-0.225301111906607	8.95825053555197	-2.21908075569861	0.0283947872521316	0.0642930215741797	-4.36704122764564
51184	-0.0277844690531697	9.70523610887402	-0.509154372755837	0.611595429558774	0.712924348382348	-6.63854432805051
51185	0.386499133265958	9.98329638840326	5.18239832657759	9.16771128447075e-07	1.19252433401147e-05	5.25772342348648
51186	0.0304583843906162	12.210858468371	0.420658594461612	0.674770010093604	0.764868983583528	-6.67942048399859
51187	-0.0382680050758783	11.5403384554153	-0.765388701224833	0.445569291135065	0.563851911510715	-6.47659343063828
51188	-0.0805139574351287	11.0585064251215	-1.19472344586579	0.234592507700424	0.346023948858125	-6.06134876629004
5119	0.0267882236125775	8.57411254360216	0.441957088987821	0.659329701136608	0.752010954348023	-6.67029119089355
51191	-0.0756471597205094	10.3355306814201	-1.12237816610332	0.263981758775956	0.379215535215548	-6.14382632536865
51192	0.253396207221554	10.0542311556051	2.84036322669197	0.00530966435974058	0.0163404722844475	-2.88526837827778
51199	0.487369492872781	9.6982845339244	5.06667884799718	1.51455481585523e-06	1.83165780072683e-05	4.77635574367435
51201	0.339453078835909	6.68850113796883	3.4369129903431	0.000813464519984361	0.00341250225244836	-1.16817851002685
51202	0.0846903815651916	11.0328386858757	2.00990098836305	0.0467242660062387	0.0956143010796329	-4.79098414196089
51203	-0.292888866527838	10.0970956166687	-3.26253196599807	0.00144457499765166	0.0055532408868112	-1.69841491704518
51204	-0.0364940267172505	8.1478403459164	-0.387387024636835	0.699168001617343	0.783784190001889	-6.69278226544446
51205	-0.307068997417284	7.03325361011684	-3.30684964700719	0.00125088810951412	0.0049248502309755	-1.56581954378129
5121	-0.689747679040482	7.06406453856651	-6.12310557177073	1.24174835203089e-08	3.34099068005705e-07	9.4032844834361
51218	0.177099228419384	12.2380233718078	2.93867050060281	0.00396634666939821	0.0128629852725674	-2.6214593900843
51222	0.290090358111292	6.48443603529973	3.14756773059825	0.00208521853912387	0.00758046626231312	-2.03540556881698
51225	0.411654748822463	5.45415381157897	4.27443883576848	3.90816798581471e-05	0.000275674360058322	1.67840875235458
51226	0.104062985098999	7.13511054546746	0.851410144078183	0.396267220262245	0.516605870494415	-6.40776160235146
51227	0.0644039620867293	10.4074567083356	0.870978468562892	0.385535589357877	0.507207760233667	-6.3910933177225
51228	-0.20682139772087	11.8542207122383	-4.70734970385726	6.8979792135734e-06	6.54911589702486e-05	3.32685846082957
51231	-0.309763405624414	8.76300891238784	-3.39717078953538	0.000928912928198002	0.00380596269192237	-1.2910170080661
51232	-0.348652075480057	9.55492462333149	-2.22934947396056	0.0276847432832115	0.062962014742879	-4.34523384393284
51234	0.036582987524348	11.1626534332376	0.544427855906745	0.587175096763997	0.691466837504189	-6.62009220605142
51244	0.148319342242118	8.96869181610796	2.56122240447061	0.011691832041851	0.0313146993079409	-3.59131284793856
51246	-0.187132585852085	11.1625646477731	-2.25271753184809	0.0261264706844658	0.0600792449481313	-4.29526351723498
51247	0.161438863818481	11.7469514195139	3.18325239350515	0.00186252359697977	0.00686805576386289	-1.93188910457537
51249	-0.245532985667875	9.54063485276752	-3.78685624663847	0.000241577373465514	0.00124457944529869	-0.0372243689886194
5125	0.0732942695372403	8.38068291174764	0.479549084180926	0.632436250305638	0.730312236477642	-6.65308178812317
51250	-0.0719576532513389	8.34451504628228	-0.841058231060152	0.402017556100147	0.522117140469687	-6.41642807291566
51251	0.114082194792361	9.58738051397643	1.9087474479784	0.0587252263817792	0.115300934331458	-4.98195927574541
51253	-0.217174585979136	11.0175634858835	-2.93723343346232	0.00398349651767783	0.012908466550027	-2.62537162541336
51255	-0.0741634464743593	9.93135048426476	-0.841992597170478	0.401496457254714	0.521686445953112	-6.41565013494392
51256	-0.17701924787537	9.66597751072413	-2.3241030949855	0.0218318167016967	0.0520135004199638	-4.13966191635006
51257	0.543800752065318	6.40644206087478	4.87975055572269	3.36049971166309e-06	3.58626971813142e-05	4.01354839181639
51258	-0.118566857926837	11.4656887442574	-2.07967160105078	0.0397226994774296	0.0839154725533423	-4.65390247141216
51259	-0.0932949105941557	9.07361650385269	-1.43487402311416	0.153969863683903	0.249860721813171	-5.75169044840038
51260	0.0581729964714165	10.0641274293783	0.935897896226668	0.351238426491113	0.472758565554767	-6.33311983046689
51263	-0.285493591642972	8.33200245308125	-3.2797450336737	0.00136623959616368	0.00529818735413708	-1.64709104072408
51265	0.00250635123971177	6.66920985272126	0.0355121791538929	0.97173137840806	0.981594861887071	-6.76679521853544
51267	0.27326778285651	10.3109042372998	3.11998142221283	0.00227406141650182	0.00814206645006721	-2.11475540990428
51271	-0.0753948350492298	9.10364735348027	-1.29536662273423	0.197723900631813	0.303681558054811	-5.93826261583542
51272	-0.339968648101771	6.8907507684879	-4.59068467034491	1.11217400067681e-05	9.69046122952578e-05	2.87169473165058
51274	0.5301299489178	5.50669323586374	5.45166284891421	2.78192642620064e-07	4.36028696023099e-06	6.40356120955667
51276	0.0379088935577332	6.26243915760543	0.550781728215139	0.582825266288452	0.688816239739965	-6.61663772237637
51278	-0.0813313662266079	9.44256077796267	-0.979113336202301	0.32952842067609	0.450497311285088	-6.29225346012118
51280	-0.044493341622686	7.8683801407093	-0.503105729922386	0.615828347425707	0.716240798329532	-6.64158493408872
51282	-0.080689143486167	9.35416731161539	-1.20124023182843	0.232065152028705	0.342969789901075	-6.05367239004105
51283	-0.00627878070784915	8.8977379901621	-0.0909211640180771	0.927709495072332	0.951319730514893	-6.76330872536476
51284	1.7571062985866	6.81534049339151	5.96362060861193	2.64136079798435e-08	6.23361148324306e-07	8.67372116164506
51287	-0.000532318674637082	7.5219904478324	-0.00764997496429167	0.993909189329927	0.99597709722646	-6.76739374160642
51290	-0.0519959929468445	10.0392759858593	-0.43303536485663	0.665780089817412	0.757694067496807	-6.67417005275687
51292	0.0356163597591295	10.6557532337112	0.70054548098401	0.484966638755364	0.600933758793775	-6.52368467629525
51293	-1.05581389514291	11.1812009144192	-7.11705679975068	9.28253587725585e-11	5.67953676638025e-09	14.1507431706398
51294	0.956469779338912	5.53573205210725	7.70363392520891	4.54684359543136e-12	4.36708466258872e-10	17.0841950591819
51295	-0.0326212092565532	5.69733244400383	-0.321170490452678	0.748649717438441	0.821398840124345	-6.71610794202429
51296	0.955388501275929	9.16804956289308	5.66432334710964	1.0601230816101e-07	1.95897464297526e-06	7.33264648104173
51299	0.639442784881764	4.96155677192133	8.68162175039183	2.57026661844953e-14	5.89733396344253e-12	22.1260228543616
513	-0.0894006952176678	10.6496534881409	-1.17592089509537	0.241995046647121	0.354474035344072	-6.08326857172701
51300	-0.0350261426820205	7.0605642605666	-0.507356957300935	0.612851921383519	0.713784104713461	-6.63945165287353
51303	-1.17406422994853	11.1612603291717	-8.14256600561439	4.54149742561676e-13	6.58118749747271e-11	19.3274482253064
51304	-0.0152495004093963	7.14527040949102	-0.238295068809114	0.812065832581002	0.868418407187865	-6.73916827944005
51306	0.319836270990836	9.88764829376292	3.08205768554946	0.00255964007017603	0.00897395033092276	-2.22287500774454
51307	0.030271325274337	9.09021607363178	0.356115955389169	0.722390046248295	0.800501983097789	-6.70434003513227
51309	0.531257836150689	8.23379010382214	4.14660535499268	6.38948944437292e-05	0.000418866530242225	1.21358108823851
51310	0.105019711069484	8.06262183249566	1.43191068741792	0.154814632795188	0.250935805904289	-5.75584515950937
51312	-0.0328458943580138	7.19919026798447	-0.244343934203437	0.807389095330473	0.865401447776938	-6.7377160211145
51313	0.719592307555008	8.75576178682558	6.54038142997128	1.65106614236959e-09	6.19900287998763e-08	11.356959182373
51315	0.210172595474608	9.16493088945395	2.47291763567497	0.0148269560710877	0.0379753975650184	-3.80112810434681
51316	-0.266614623397368	9.4229520758374	-1.13970374618384	0.256719439839619	0.371041117419484	-6.12453271329365
51317	0.242123813690911	8.84165070415657	3.09807912581691	0.00243516406478592	0.00861064005784747	-2.17733495515495
51318	-0.146974662503678	10.2948112908718	-2.0607677605785	0.0415244681161643	0.0866798348848919	-4.69147342328074
51319	-0.0830846139254766	7.93949180615708	-1.14210591904281	0.255723723223856	0.369926086484948	-6.12183485795471
51320	0.178612891252471	8.96638984765964	2.58160078174207	0.011058867459899	0.0299201589317937	-3.54195839714284
51321	-0.0580125452105379	10.5157235132284	-0.984131556324153	0.327065713162042	0.447903330273887	-6.28739041196922
51322	0.0792326608628318	11.3935525771645	1.39209212498408	0.166514347965215	0.265574148328379	-5.81086729871701
51324	-0.385028289781797	9.95958601761742	-2.95833714634099	0.00373837019034178	0.012229282286029	-2.56775388050922
51327	0.209656433352703	9.03792155055007	0.531823471057879	0.595848751729163	0.699603509492947	-6.62682694818757
51329	0.129619016036236	8.59287661481907	1.61278179251954	0.109465002399995	0.190474177338099	-5.48713436021464
51330	-0.121108771889592	10.5082321270843	-0.906452958507785	0.366544624390525	0.488926269159184	-6.35992338905102
51337	0.144483580906259	8.78295125090469	1.41103796448848	0.160866210512415	0.258562930304057	-5.78487451839753
51338	2.54783823755617	7.76504904941774	6.03535854754901	1.88319816876621e-08	4.74244416890514e-07	9.00064839577267
5134	-0.0626521532644248	9.11594525161541	-1.0998860158234	0.273622081485067	0.390213810957641	-6.16844182782552
51340	0.36082984826926	5.8608902174131	4.5471707145331	1.32654665488655e-05	0.00011342935164972	2.70394762711402
51341	-0.198552823303518	6.6874319443641	-2.7041266607689	0.00786184739872224	0.0225403885850211	-3.23789741321974
51347	0.178432647677803	7.90435750370763	2.32172321237407	0.0219643015553321	0.0521936509916694	-4.14492080887416
51360	0.304058524478254	8.85231797222717	3.91524793092594	0.000151683861871619	0.000848279417101948	0.399234694754749
51361	-0.474906100144303	7.18023186411706	-3.48709167277921	0.000686913701600371	0.00296442381150421	-1.01142104103848
51363	0.226981791705593	7.20807649147037	1.99767999726412	0.048053169599003	0.0977633450462474	-4.8145465885525
51365	0.0715158849530898	5.84111744514721	0.542088183626222	0.588780651408373	0.692781792112986	-6.62135419710494
51366	-0.203761645781223	9.3816631735277	-3.67484403649812	0.00035945195243404	0.00172520228187401	-0.4087067726021
51367	-0.266690458651672	8.33241455083594	-2.65353617697178	0.00906360606532988	0.0254471060841689	-3.36495726209203
51368	-0.137183050371663	8.68204270665001	-2.10812837272147	0.0371372654182372	0.0794904929657007	-4.59674514490811
51371	0.0289844215308921	12.7752843592601	0.565599796932437	0.572740486833158	0.680010984798316	-6.60842649749631
51373	-0.23953928386266	10.1147909230587	-2.33996045918421	0.0209669022004478	0.0503449453999124	-4.10449619277682
51374	-0.274371287209011	12.3318448102918	-4.63848665636752	9.1529219944864e-06	8.26263777862925e-05	3.05724458107852
51375	0.24479905106948	9.18941657430574	3.1010342721924	0.00241282656820977	0.0085484181834497	-2.16891325435616
51377	-0.036746620033234	8.75961318708044	-0.467116716868008	0.641278330809459	0.737122044598683	-6.65892807478098
51379	0.0326731964671748	9.02162995034033	0.591078883275838	0.555598838666657	0.663665424061691	-6.59380086404364
51380	0.226403773758217	8.48131169830298	2.0415516667212	0.0434273798826424	0.0900670063292412	-4.7293380166782
51382	0.0302589495292803	10.9720177001665	0.49165170427282	0.623879495789343	0.722755208305746	-6.6472436519891
51386	0.0303785326075083	13.5486130965681	0.76093060186989	0.448217432149856	0.565751220898198	-6.47996313965248
51388	0.00675941366498903	9.04231348016506	0.0802169845678186	0.936200659759363	0.956109971514878	-6.76422039515487
51389	0.0410978083010498	11.5984859782716	1.08595880397738	0.27971215800894	0.39684342582512	-6.18343916160963
51390	-0.354651108744338	8.63698399884908	-3.11803883898185	0.0022879401605912	0.00818134560366965	-2.12032085763531
51393	0.635211473247834	6.79686134755792	3.96459538704894	0.000126489758312415	0.000730712812851327	0.569959766933971
51397	0.103355919800012	10.1080453821121	1.68793313902399	0.0940671828002152	0.168253557802031	-5.36650373508317
51398	0.128434876829096	11.0527534220459	2.71517534834318	0.00761943665284754	0.0219520567675343	-3.20986657586783
51399	-0.096259143117759	9.86699301174634	-1.34094162524383	0.182516645766528	0.285365794819519	-5.87934429389618
514	-0.000874382217394446	10.7351179754213	-0.0138418956508508	0.988979509029501	0.993040392569968	-6.76732751021013
51400	-0.475099155251895	9.35099130322342	-5.95545287450281	2.74474826733433e-08	6.38152596345307e-07	8.63662939642656
51406	-0.0586698085270334	12.0001401739882	-1.09837712146127	0.274277420633063	0.390878449694461	-6.17007570334255
51409	-0.20252310184943	6.671158623829	-2.67957621574867	0.00842571614215742	0.0239162939292853	-3.29982157511558
5141	0.0525062842900613	6.40225411005911	0.677963427493837	0.499123001994164	0.614602861728055	-6.53911476783028
51421	-0.103916645163283	6.49699032747736	-1.10437686939758	0.271678043005667	0.387977288248065	-6.16356600034455
51422	0.120380147098101	9.87000093528621	1.09996108311037	0.273589506782054	0.390213810957641	-6.16836048537757
51428	-0.133613103016037	8.48818472608102	-1.73303442389045	0.0857036443579784	0.15637554724915	-5.2915975965419
5143	-0.0759202339006057	13.6794178067323	-1.32786107420137	0.186788588505199	0.290450628963281	-5.89645678599457
51430	0.0401003112571146	8.41496086053733	0.194041182899382	0.846477501613744	0.894219742080768	-6.74868663055689
51433	-0.138753200610863	10.612668263254	-2.64828199971523	0.00919749141507071	0.0257181039568328	-3.37803160231994
51434	-0.23144894276931	5.93119952031365	-1.55129179586533	0.123511491560057	0.210438308639865	-5.58192636628198
51435	-0.122425639400128	8.32451211040469	-1.2493438357306	0.214013481518783	0.322759057393673	-5.99575035229826
51439	0.0975817691016283	8.23573571070885	1.3622956260028	0.175700979180378	0.277069508978603	-5.85105878787726
51441	-0.0728571746830616	10.5330473766373	-1.59712377442745	0.112914442262833	0.195195298605141	-5.51160729579074
51442	-0.266886219150705	12.026484175254	-3.62998611330783	0.0004204954432362	0.00195019222971983	-0.555002401502185
51444	0.0786010600820783	7.32792852739298	0.724014340699829	0.470490839850801	0.58616204180507	-6.50711750975722
51447	-0.0317091436881845	7.85454665849148	-0.332944052889241	0.739767709157278	0.814079573359861	-6.7122785708217
51449	-0.0481855449618235	8.88372278575732	-0.424328605039203	0.672099302344264	0.762689292251409	-6.67787943381399
51450	0.116187832200626	8.06423192802889	1.24756671518263	0.214661589972628	0.323467385651023	-5.99792960460679
51451	-0.00420284464300056	10.7982913745668	-0.0537009001859291	0.957264335568584	0.970585667628578	-6.76598763447985
51454	-0.351395892879663	8.86395440667251	-2.28772148460001	0.0239359534607104	0.0560087749533903	-4.21951843340191
51455	0.0341017179452256	9.38067003373711	0.674925714660766	0.501044127150682	0.616141802927592	-6.5411521377755
51465	0.047722446402168	9.17242971548623	0.815088099233349	0.416665041215293	0.535999570228675	-6.43770878740083
51466	-0.121359456646356	10.9499483174436	-1.51964101575481	0.131277924592085	0.220166251936561	-5.62934059587488
5147	0.0206433238193724	8.66847086721274	0.367866510792503	0.71363223171697	0.793565190358396	-6.70011079346627
51474	-0.128987191181198	9.89161757654959	-1.27915786542534	0.20335281042166	0.310135563900095	-5.95873987942948
51477	0.2232170108958	9.88405226369263	3.5713297826737	0.000515189461950868	0.00231347634908722	-0.744136351409398
51479	0.396516371954357	8.29010942791663	3.88063881651184	0.000172134577315075	0.000944111293906054	0.280477584776082
51490	-0.413407798410346	8.07519035323756	-3.7714552058455	0.000255266847180371	0.00130533705593235	-0.0888194270707334
51493	-0.21457651300162	9.65566248734727	-2.77953986223995	0.00633729439570242	0.0189111458484473	-3.04457609828632
51495	-0.120506200170808	12.1902016562433	-2.52952221882764	0.0127412969096003	0.0336239975953029	-3.66739258719437
51496	-0.0173907809934182	8.07995860720847	-0.31965879702669	0.749792622708362	0.82202117694441	-6.71658965462286
51497	-0.018734181778007	9.926787130594	-0.227432803438897	0.820481056344613	0.875206646471068	-6.7416848844275
51499	-0.106039072788418	9.76462317675849	-1.8795178464669	0.0626419403989477	0.121631976421088	-5.03542060656267
515	0.0130759763877183	12.5688404420368	0.41748283103988	0.677084403115545	0.76696615053955	-6.68074322713944
5150	0.104919779367835	5.91790693670523	1.11700156084921	0.266264357361667	0.381697950678127	-6.14975486713152
51501	0.136902346675205	9.13447171053714	2.20052967962281	0.0297178671677466	0.0666312656909845	-4.40620300423819
51503	0.284625456516381	10.0018254517507	4.73736031411763	6.09317444238498e-06	5.94210400166469e-05	3.4452009282853
51504	0.0235705962097613	12.0460622387032	0.442719446742162	0.658779697364153	0.751591201688937	-6.66995608755688
51506	-0.26340444481298	11.0254990968544	-4.06067859443846	8.84262663658922e-05	0.000548349069205908	0.907023598819043
51507	0.119147214579016	11.1237200654998	2.35496940780177	0.020176265209416	0.048858384822567	-4.07101153410651
5151	0.144655458956637	7.06669314069053	1.98062148296311	0.0499617831710899	0.100925490093715	-4.84721149797454
51510	0.348898494256966	11.9817884895733	5.57426610976799	1.59890946407239e-07	2.7862852686156e-06	6.93669364162784
51512	-0.427732107456392	6.89975977526426	-3.43156363725682	0.000828178055970615	0.0034611512874796	-1.18478068083309
51514	-0.261979573643861	8.07840472214869	-1.84100320164003	0.0681347032945074	0.129975207670354	-5.10467804577985
51517	-0.158601626862666	8.34421757521053	-2.07771080189152	0.0399064108294887	0.0841959012647705	-4.6578143246218
51520	-0.248833484064674	9.66690069345266	-3.01808220455791	0.00311773418468485	0.0105370230628056	-2.40271799837477
51522	0.0572352682215525	12.2314637954624	1.38342270569754	0.169148698805102	0.268893043135131	-5.82264799130935
51523	-0.253368651098565	10.4574710543754	-3.62024855370501	0.000434983427231197	0.00200165075706389	-0.58657082602884
51524	-0.198265978010685	9.03765721310266	-3.58851507570938	0.000485541860410111	0.00219919991116922	-0.688978541640245
51526	-0.122687861729362	11.0642253287571	-1.70993924605254	0.0899070691043741	0.162346963142851	-5.33018969417169
51527	-0.240139496769146	9.39362523922667	-3.22369117640595	0.00163699470735138	0.00615736624896285	-1.81339877228839
51528	0.352818596572741	9.5455325721826	6.51754656615434	1.84660433483124e-09	6.71963072539805e-08	11.2484685595497
51529	-0.166287427678927	10.0836813150678	-2.1321097401059	0.035072401775069	0.0760362306199659	-4.54801840977486
51530	0.00399674057671815	9.6209311917566	0.0490899915250054	0.960930627473199	0.97330312482264	-6.76622351716015
51531	-0.113626561177651	8.08845716454953	-1.783802474368	0.07702783520392	0.143493441313572	-5.20503770857088
51534	0.123643246459315	7.59562055693235	2.15318321012819	0.0333406044712317	0.0730292741798922	-4.50477950560766
51535	0.0421652926043218	9.55248284213216	0.788340228151407	0.432079642880187	0.551278629933634	-6.45893690378242
51537	-0.443447534503127	9.66743178109416	-4.22373972023138	4.75497899791932e-05	0.000323793293675298	1.49281727271653
51538	-0.123728841543942	8.99232574666283	-2.11439954185647	0.0365874222776678	0.0784151811140468	-4.58405228858154
5154	0.125672238460431	5.67014856879042	1.15212759050752	0.251599008575399	0.365792808840648	-6.11051971011572
51542	0.245736063377697	7.54551065286493	4.3476634097951	2.93630956448898e-05	0.000218703923599081	1.94929313155063
51545	-0.0997068201942827	8.51786157979802	-1.08255962453328	0.281212607160875	0.398015101978895	-6.18707109268352
51547	-0.272813400895983	6.5134245125105	-3.88782491051915	0.000167683325991461	0.000925845102065154	0.305069129480014
51548	0.134267722348983	5.37376087848854	2.02266762195417	0.0453696078437006	0.0934313041109366	-4.76622654157993
51550	-0.266151788065612	6.12601637705254	-2.25096410524895	0.026240672798287	0.0602579809046013	-4.29902962854635
51552	0.200837646279261	6.00545296870048	1.80374791998649	0.0738238087589883	0.138815115382428	-5.17038308804607
51557	0.466395948614851	6.40476290142767	1.44529127864881	0.15102832242743	0.246442896730654	-5.73701926858384
5156	0.618511556644496	10.2267825939348	4.00628288169985	0.000108368629505346	0.000646766531585374	0.71545131788454
51562	0.0138769625653622	8.80082280096119	0.207730423288803	0.835797787394046	0.886452198751261	-6.74595027412747
51564	0.371256329055367	5.17741570124424	4.41014551307795	2.29500335562761e-05	0.00017833233976937	2.18305089083023
51566	0.350739870538705	8.25038989712793	2.15591981342766	0.0331212407778064	0.0726331061349513	-4.4991356817576
51567	0.176601151451184	8.69779664427395	0.820834265210418	0.41339694566472	0.532957510721177	-6.43305703558642
51569	0.0283759976207997	10.3404457762267	0.378794440678468	0.705521655165791	0.788330685006119	-6.69605471502755
5157	-0.687637939150351	9.62795080761157	-5.77644402292949	6.32564383402459e-08	1.24999564758476e-06	7.83058959824311
51571	0.158761166907499	9.67367918203188	1.21427578631224	0.227068540535607	0.337578499788357	-6.03819509040446
51573	-0.380108750822516	8.70773203922074	-2.66547707425141	0.00876586231008221	0.0247587186482132	-3.33515856110163
51574	-0.00782760204282889	9.95476826849078	-0.153840867133217	0.877998175656102	0.918693776013564	-6.75564507070024
51582	0.0207309633315287	12.1710101365051	0.411890562994807	0.68116737040327	0.769270232366832	-6.68304817839325
51586	0.215889137666817	6.31444772891982	2.71433255112564	0.00763768593555393	0.0219892944676457	-3.21200832404376
51588	-0.164563668283282	9.81555796306221	-2.76284145567259	0.00664953850415287	0.0196371784212738	-3.08778462093717
5159	0.871061442352881	10.077802310901	5.6007876535112	1.41716852191314e-07	2.50659785674573e-06	7.05292352258992
51592	-0.0746949137345833	10.8858594268067	-1.7067725546759	0.0904963088195146	0.163245143229786	-5.33544286956253
51593	-0.204116645971432	11.2640679662455	-3.10012118490474	0.00241970809605798	0.00856699051583322	-2.17151613522541
51594	-0.131498976417354	7.52174228150002	-2.07391998548427	0.0402636509770294	0.0846469221354703	-4.66536740227012
51596	-0.0630841945601974	11.9107362538696	-0.853471189369719	0.395128371846202	0.515764910153229	-6.40602362632985
51599	-0.0165499952557457	6.88097264857882	-0.241974408992686	0.80922029555321	0.866347844194153	-6.73828924757498
516	-0.304539030579231	10.7680782794495	-2.92995253685313	0.0040714387310059	0.01315216422296	-2.64516760345888
5160	-0.198850345970673	10.6673248297748	-3.86358605019519	0.000183152250486915	0.000989429423820742	0.222261643646913
51601	-0.17837905235851	7.56969149801549	-2.68327069938604	0.00833858481383304	0.0237097110369229	-3.29053476762391
51602	-0.371540405165207	10.7154232218101	-4.72797464508081	6.3345555934226e-06	6.13404797205987e-05	3.40813521504171
51603	-0.075547951769266	9.34115551073324	-0.995920648708576	0.321327922178113	0.441818060461462	-6.27586968248276
51604	-0.120718306057899	8.97840454704511	-2.35618673188623	0.0201133096105336	0.0487202162413513	-4.0682871750566
51605	-0.106651841605079	7.31366391848093	-0.989976245280196	0.324212711520763	0.444923907154261	-6.28169563032747
51606	-0.0919382546025563	9.78252201695657	-1.50491443002122	0.135019870172754	0.225305884369081	-5.65108146558346
51608	-0.389932262951698	8.91737827183305	-3.27289144311587	0.00139694198164441	0.00539445571219394	-1.66755315716624
51614	-0.312504915001499	12.24777120569	-4.04624820159082	9.33444976080083e-05	0.000571553410112786	0.856012588090582
51616	0.0946358883491554	8.43439048745038	1.4316237122421	0.154896630855189	0.250970217901895	-5.75624706942408
51619	-0.000403269090805315	8.71449957947251	-0.00602757925132252	0.995200901817377	0.996648817775404	-6.76740478569378
5162	0.190402912177382	11.873539397811	4.78550576902659	4.98855297651899e-06	5.01282817348502e-05	3.63611383302519
51621	-0.344604381535826	8.52562107242696	-3.10919477202269	0.00235212521954041	0.00837437685922575	-2.1456218058387
51626	0.236540650997055	8.07940875759759	3.67012386412229	0.000365456576354463	0.00174592375410404	-0.424167793173157
51629	-0.163351881422629	10.9634547825909	-1.82880162394568	0.0699563546487889	0.132836664229654	-5.12633696327711
51634	-0.0342404715816363	8.647775906313	-0.648118800777277	0.518168091947221	0.630869055296448	-6.5587376812484
51635	-0.226067533812447	10.0699979845679	-3.00684597134833	0.00322665368907959	0.0108518564624582	-2.43397200555611
51637	0.008891425804429	11.3215352077377	0.154356404321431	0.877592592710572	0.918397924209974	-6.75556600921249
51639	-0.00181414239479516	11.7292536545026	-0.0349435107329211	0.972183866026678	0.981691776696866	-6.76681515900262
5164	0.347031006678943	6.13442808357781	4.0295042681424	9.93792110193075e-05	0.000600931393132855	0.796994674588824
51642	-0.122524836094427	9.21632211153469	-1.49222949485355	0.138309511972458	0.229820271352345	-5.66964498325901
51643	0.116101631202755	11.9685425238902	2.56319016889395	0.0116293226280606	0.0311674902361391	-3.58656234327179
51645	-0.178209714651359	9.12170205986492	-1.65029438812259	0.101543805894406	0.178991002280792	-5.4275755231355
51646	0.341112502240694	10.8953212008971	3.70838682713174	0.000319396284476301	0.00156663498205121	-0.298384510906958
51647	0.0518402563167106	10.0794016783272	0.774373472593948	0.440259803190429	0.559277745600389	-6.46974297233524
51649	-0.0011473101904801	8.41751815800872	-0.0180905924073917	0.985597155966238	0.990393249182619	-6.76725998712124
5165	0.100955990554399	9.42573172567308	1.06873692824807	0.287371087566796	0.405342415181308	-6.20172528838556
51650	-0.269642740588283	10.4342487971655	-4.12621797848643	6.9043579497033e-05	0.000443882371329223	1.14041300615712
51651	-0.2723300978058	9.81960135294109	-3.6067651863199	0.000455825286770784	0.00208017506559485	-0.63017122740452
51654	-0.180085740596466	8.80058625281546	-2.9948034707164	0.00334727936764121	0.0111801567232982	-2.46735790887813
51657	-0.179233286348544	9.32447448568651	-2.13239413112485	0.0350485227114976	0.0760074972016285	-4.54743750820984
51659	-0.171021585317051	8.9373395777626	-1.28775173829147	0.200353820553122	0.306467140327554	-5.94791405795628
5166	1.70751456428097	8.77821635225465	5.92051384315264	3.23374460157043e-08	7.25835065461189e-07	8.47826728319237
51660	0.181173366885174	10.7270976093178	2.57608106403583	0.0112271959445026	0.0302862960488542	-3.55536107633922
51663	0.157058090883303	10.5203801569502	3.18182143028743	0.00187101034845486	0.00689042920919111	-1.93605901450791
51666	0.615103617384268	5.10007585560596	7.38115170482295	2.41079098972412e-11	1.81028487046557e-09	15.4612905351461
51667	0.127451074650451	8.95093582325988	1.99039832914511	0.0488601632636972	0.0991122172294054	-4.8285220778307
51668	0.0640479152155712	9.34960717989047	0.902450750313295	0.368657128105562	0.490592537159972	-6.36350137388093
51669	0.133775942621001	12.7803683908481	2.96850438658405	0.00362530005653849	0.0119493130355179	-2.53986847960728
5167	0.768669143467644	9.25256256707264	4.52840093105061	1.43087617953309e-05	0.00012072561024457	2.63193341402192
51673	1.60057883945777	7.63208915418789	6.83824407626899	3.77807036035823e-10	1.87993139617825e-08	12.7875400637468
51676	0.471529674494898	6.36359516003187	2.46367156759602	0.015195188738907	0.0387862357797812	-3.82271451208405
5168	1.16240115587115	10.5317379498822	6.63316267109749	1.0459700517778e-09	4.2983644913854e-08	11.7995440754182
51690	-0.416007264530833	10.2541090227027	-3.55452441477036	0.00054582794525097	0.00242916962703287	-0.797869298424533
51691	0.0324709821562709	7.31766981702117	0.437647911765963	0.662442062308643	0.755247955095844	-6.67217451810569
51692	-0.165825086152206	10.6565270198549	-2.72576228324311	0.0073935432935153	0.0214584215054239	-3.18291280035489
51693	-0.128039437993677	9.9347765906705	-1.37468289852306	0.171836365079276	0.271857570495081	-5.83445224233351
51696	0.121317559122203	8.47377730841782	0.939452989186267	0.349418549683549	0.471062056534375	-6.32982653907994
51699	0.160707213591939	11.5469327667911	3.25390986614987	0.00148537107363154	0.00568279993895159	-1.72403879685764
517	0.221441736610299	11.2219520531216	2.77927324358709	0.00634217310501532	0.0189120396561107	-3.04526778746499
5170	0.0227539598356787	9.85240285303539	0.328041693486435	0.743461871959762	0.817085569606142	-6.7138897902816
51700	-0.103816083313865	8.63790279075453	-0.895414454989543	0.372389685504348	0.494230362454564	-6.36975398481936
51701	0.219679941525537	8.23676335290147	2.38880092565912	0.0184900191614748	0.0455223720637203	-3.99482116840768
51706	0.074843963553616	11.6844142625879	0.729706372400262	0.467016699184026	0.583241296531608	-6.50301786353111
51714	0.104099886946565	9.69876523943629	2.10775725398031	0.037170026470271	0.079498813734966	-4.59749519533073
51715	0.494492151492105	10.7652899497525	6.19438833768823	8.83494990692972e-09	2.53391271636248e-07	9.73254781861036
51719	0.402729975228805	11.0792623472457	7.17770594626561	6.82135401722485e-11	4.40190501424041e-09	14.45012245249
51720	0.213645451914687	8.99223837957373	3.24271120819542	0.00153996405134362	0.00586179864704992	-1.757235564112
51726	-0.118209378756669	12.0049875986636	-2.34962579762296	0.0204546819089916	0.0493878025630724	-4.08295533903475
51727	-0.0348283543070195	10.3171563677817	-0.576171470209627	0.565597341406933	0.672787160141311	-6.60243585624867
51728	0.182773087469335	5.83542477408429	1.35962754486477	0.176541902906824	0.278077062931039	-5.85461659762352
51729	-0.175322499737315	10.3592031415307	-3.98682627032966	0.000116493899986109	0.000681955785886081	0.647402969841402
51734	0.0429018054906891	10.7666393515756	0.469610093804294	0.639500814714015	0.735595201094946	-6.65776783423714
51735	-0.216994096123951	7.99663661979812	-3.05751436922734	0.00276179576287334	0.00952502421767591	-2.29224901629074
51741	-0.143721845257077	5.86828575095109	-1.52773260265491	0.129256834110677	0.217623613892009	-5.6173083677095
51742	-0.00980983435293577	8.03642038003431	-0.0828923704708568	0.934077663769848	0.954768160220139	-6.76400322243972
51747	0.10727718984714	10.3696192138595	1.07946108787074	0.282585160307983	0.399478593897645	-6.19037207250059
51750	-0.167308807867744	6.7830622448814	-1.38992530524907	0.167169826668584	0.266413808273684	-5.81381841815797
51751	2.54044569678569	6.23344397594061	8.98106403395705	5.13122006748045e-15	1.41279592524628e-12	23.6968527566597
51752	-0.0106661500461518	6.45703363748098	-0.114865256253009	0.908747280573318	0.939691103847723	-6.76085661600314
51759	-0.0620761003850793	10.6792371764644	-1.27364162731411	0.205295168405308	0.312636078729322	-5.96565162230809
5176	0.675835316689439	10.2722282909786	7.34558752231914	2.89357586386335e-11	2.09657338907993e-09	15.2837851163631
51760	-0.0207262990296673	5.24898884785947	-0.215967336763533	0.829386336050913	0.88157651985337	-6.74421400123775
51762	0.164180872616412	10.6462139115632	1.67860362916536	0.095877427059767	0.171046986504034	-5.38176392384519
51763	-0.0295812605402946	6.95903022895248	-0.484762396959096	0.628744148472136	0.727045301551926	-6.65058472550798
51768	0.0049898086013744	8.15069883482815	0.0620360028913696	0.950639185494176	0.966672371313787	-6.76550753080468
51773	0.213209369108437	6.85525654509903	2.49376419337316	0.0140257934331599	0.036238052473538	-3.75219167076215
51776	0.406292625370536	10.115168834184	3.65359723110466	0.000387237432308137	0.00182532835130912	-0.478176986607654
51780	0.0419811132109646	9.13726936882835	0.943034707900606	0.347591185323634	0.469347077205242	-6.32649614633256
518	-0.0276996451138548	7.13665034514806	-0.314553968353039	0.753656192495364	0.824857579172082	-6.71819958063798
51808	-0.22083407982332	9.33840121205334	-3.39399662198785	0.000938767857296656	0.00383872401052989	-1.3007775712161
51816	0.759078041508752	7.28317945801066	2.76780339651477	0.00655532272513371	0.0193936123601735	-3.07496900608185
5184	0.402484439512139	9.90539155402613	6.11624569058073	1.28297323222335e-08	3.40751089973148e-07	9.37169986919213
5188	-0.199461483955326	8.18114171715055	-2.77488215895299	0.0064230171451249	0.019077354052043	-3.05665122805329
5189	-0.167646838011688	7.45776250461849	-2.64680390754449	0.00923547654747379	0.0257893969851702	-3.38170550482316
5190	-0.0739745252374531	6.97077839173218	-0.379154371338392	0.705255088504516	0.788282412861611	-6.69591910618334
5191	-0.207362452313797	8.58787275011608	-2.96923860316818	0.00361725800822782	0.0119370959440518	-2.53785158225576
5192	-0.168838769532056	6.15017162257529	-1.68011855041473	0.095581574371463	0.170592870420978	-5.37929146077664
5194	-0.350901855404443	9.15576703124928	-4.49390625010821	1.64363456014071e-05	0.0001354932282112	2.50013143732047
5195	0.135494597388227	7.77023642287961	2.08009205037537	0.0396834014819697	0.0838539002919083	-4.65306321637667
5198	-0.20118475210927	9.15325536304914	-1.94225313228103	0.0544909276789936	0.108404398513605	-4.91972429026403
52	-0.19066109519757	12.1536360819016	-2.16121691683035	0.0327001821282365	0.0718934001541745	-4.48819242092307
5201	0.166036703924903	9.45125308877465	2.56320660155946	0.0116288018829701	0.0311674902361391	-3.58652265841572
5202	-0.103522388544546	6.2368992611264	-1.17115114861626	0.243899077560555	0.35673478041307	-6.08877510240917
5203	0.244023343682888	6.95480598777595	2.87702822741151	0.00476627881233814	0.0150036063223754	-2.78778666233477
5204	0.124170904742798	12.5879982575636	2.27184068259898	0.0249089392157501	0.0578397505382981	-4.25401535518503
5205	-0.318367424018532	5.67799321660593	-4.52578909112348	1.44600751340025e-05	0.00012187777612945	2.6219290398193
5209	0.194834381471967	7.94867742643209	1.20494086211061	0.230638708412221	0.341595074679029	-6.04929513970876
521	0.00679212488944632	12.1250007746055	0.0886736782453856	0.929491670478153	0.952410344414252	-6.76350960018476
5210	0.0136942958712868	10.3296075967682	0.168405817986709	0.866552534293786	0.91088367692373	-6.75330964949171
5211	-0.150575940442702	9.32636690713752	-2.703962817097	0.00786549423035456	0.0225430195498712	-3.23831233129182
5213	0.293664703460521	7.50670992941783	3.11175268579348	0.00233339181032977	0.00831843606099436	-2.13831042141834
5214	-1.44373561591762	8.67551693349778	-5.15033353703894	1.054276982597e-06	1.33563310985448e-05	5.1236566034452
5216	0.0644381977580178	13.7187552067852	1.32333341725178	0.188284560306422	0.292069626775951	-5.90234213312632
5217	0.136605995498755	9.76386624190106	1.54284586470244	0.125547523155537	0.213028459586019	-5.59467052402193
522	-0.048918891948343	12.510514679318	-0.905363863735496	0.36711872770983	0.48941263571388	-6.36089858878294
5226	0.25222148608127	9.92846741479295	2.7944460757945	0.00606991452259625	0.0182384481471972	-3.00581255622341
5228	0.397922189261318	10.7868315070084	2.66541186651908	0.00876746392809003	0.0247587186482132	-3.33532160959571
5229	0.277590988437282	6.83474922875651	4.53029338102446	1.42000818911725e-05	0.000120176922562587	2.63918476318871
523	-0.121620689738252	11.4889439392677	-2.44116955155598	0.0161256375278398	0.0407083636858059	-3.87494447083094
5230	-0.268154867312341	11.5691176811766	-3.65999998304361	0.000378657190040614	0.00179135646605697	-0.457275667955481
5236	-0.387790675287874	12.3993368069623	-5.56661700055133	1.65543804434949e-07	2.86605658263373e-06	6.90323065099418
5238	-0.298618628798274	10.3592817170655	-3.82860450573501	0.000207890296080739	0.00110004730661557	0.103459664334422
5243	-0.286385342191446	11.0617364658856	-1.43122035585486	0.155011939245857	0.251107789403958	-5.75681184023309
5245	0.0860095620674682	9.34175909336569	1.2904624702663	0.19941467777178	0.305571013786956	-5.94448469468913
525	-0.0688333986006241	11.401324382033	-0.900812968664656	0.369523813597281	0.491429190196996	-6.36496105334627
5250	-0.071354333526251	12.9205577047987	-1.21817824776811	0.22558792221906	0.33580036718858	-6.03352996299764
5253	0.0549075798409037	8.21322804288056	0.650508802323718	0.516629035066205	0.629868019136066	-6.55719854354069
5256	-0.252830805948239	8.84369092328999	-3.372794702015	0.00100715223036041	0.00407398502584575	-1.365781477271
5257	0.0476593738946563	9.48648185312499	0.887378019596434	0.376681694332895	0.498751902950342	-6.37683628705208
526	0.201245546099944	11.6543181951092	3.83707663748817	0.000201622738072868	0.00107306946938266	0.132155374690652
5261	-0.305461710356966	7.35717061980828	-2.80061732375759	0.00596226181004204	0.0179869549126907	-2.98971120641707
5264	0.105293648711481	10.9517805328395	0.96249064973119	0.337772714004329	0.459335300901508	-6.30818743817761
5265	1.5457624029048	6.64241469717999	4.52088642882895	1.47482871019222e-05	0.000123927621019204	2.6031608202967
5269	0.281019426973605	11.5548903290077	3.76867099864044	0.000257818988061774	0.00131368735865258	-0.0981292711206638
5270	0.419503920605957	13.4439173948675	3.85511468971576	0.000188872046433434	0.00101438525758437	0.19341509433013
5272	-0.110678051524098	7.20135995522021	-0.827621363288307	0.409556692655293	0.52916287835644	-6.42752099993949
5277	-0.124996553473845	10.2377171564464	-2.0339338582737	0.0442021426998753	0.0915008034609151	-4.74425723712466
5279	0.0857641510066822	9.92538173213703	1.63843014881574	0.103997501736185	0.182575847893919	-5.44655381468686
528	0.250033564633267	8.07071279460601	3.0481506118855	0.00284274097443266	0.00974721479817923	-2.31859218775505
5281	-0.0576668589600651	9.76751587063427	-1.06763466470398	0.287866121859179	0.405902042771734	-6.20288590949998
5283	-0.0943767085365916	10.0553557464844	-0.938695472320964	0.349805818685096	0.471353354378286	-6.33052930254186
5286	-0.113699002881964	9.61355900786784	-1.31771056055926	0.190154833277035	0.294410294820676	-5.90962393732596
5287	-0.0932617572755872	9.57183283558802	-0.747562407353865	0.456212281967529	0.572779062023376	-6.48995079128833
5289	0.166504130701216	8.59451558155398	2.84236675633312	0.0052785661951122	0.0162568817194731	-2.87996963976024
529	-0.017539647116433	12.114996604186	-0.308443719406816	0.758288928804592	0.828668500445359	-6.72009257027526
5290	0.214685386705344	7.52543991740414	2.0836323113005	0.0393538283457009	0.0833493902911512	-4.64599028895407
5291	-0.686434255011505	9.35675324393775	-6.78182635404514	5.00579680716503e-10	2.40394660623158e-08	12.5144475007386
5292	0.247247892150133	9.43280035264369	2.82390767829305	0.00557149256727316	0.0170485685113052	-2.92866529632061
5295	0.35144939806305	8.41424918066082	4.71569229470924	6.66446488837281e-06	6.37873464402775e-05	3.3597051264298
5298	0.192940892044582	9.12114915602504	2.94932196066726	0.0038413343888905	0.0125116017556134	-2.59241074756253
53	-0.0655599452440719	9.49631061677399	-0.532618208110975	0.595300112728993	0.699257527181667	-6.62640694303452
5300	0.184089207239262	10.6022270685062	3.28187509699709	0.00135682657864515	0.00526662948289895	-1.64072427111111
5305	-0.0599362884188403	11.419326679689	-0.546542571005991	0.585725683408649	0.69056439408442	-6.61894690165976
5306	-0.434288981133891	8.38218533001816	-4.35108200381095	2.89715490876439e-05	0.000216174340979168	1.96202086913744
5308	0.730046649548427	10.5061330004691	5.21757243436348	7.86025618407987e-07	1.04718896904032e-05	5.40538614906038
5310	0.0925295029468526	5.35604267011253	1.38053602118547	0.170032857725582	0.269813489255379	-5.82655484331492
5311	0.380071323163966	9.03508675431475	4.4905442440606	1.66593286641578e-05	0.000136649508208484	2.48732327976124
5315	-0.297728510928461	9.87923903478604	-3.13399036402869	0.0021762641443425	0.00787037733461866	-2.07453347476017
5318	-0.294028843097826	8.67651793132032	-2.84667020028506	0.0052123320206746	0.0160951340309979	-2.86857732607586
5320	0.986727766830587	10.2305857678654	4.8742408803737	3.43945056358397e-06	3.66106464628913e-05	3.99134895702148
5322	1.28412059540394	5.77330522145231	9.41147381600615	4.98723446232561e-16	1.58440602533883e-13	25.9698894016366
5324	-0.120408342010791	7.89732147239989	-1.33016370280885	0.186031202146411	0.289545455008357	-5.89345619649186
5325	1.11959893128849	9.94696790846465	4.78705984999619	4.95634715287423e-06	4.98653197110124e-05	3.64229787106316
5326	-0.0463171651065836	7.38897126537859	-0.813548634383488	0.417543216775267	0.536794859231705	-6.43894955879107
5328	0.488816277574026	9.67188560453455	3.54449936393842	0.000564915241987328	0.00250736157915923	-0.829826075179978
5329	-0.0309628940443003	6.66320614902384	-0.243299521408151	0.80819610016855	0.865849518468512	-6.73796936920188
533	-0.161273156469915	11.9766684545957	-2.13318253463911	0.0349823974184791	0.075948913083946	-4.54582672817756
53339	0.264274438444052	8.51311508172467	4.24717935807566	4.34361507828972e-05	0.000300487944276994	1.57842039284042
53340	0.222105934249168	7.4174913816905	1.86307324843173	0.0649400824816367	0.125065302237892	-5.06515671937342
53342	-0.675102719128729	6.79473977122658	-3.64833974602709	0.000394420163106358	0.00185319143757595	-0.495317944736138
53343	-0.173889999603163	9.69721773220087	-2.77048904349176	0.00650483715117057	0.0192649533412223	-3.06802415848489
53349	0.0779732261915103	7.52957039976337	1.05031157943383	0.295722575292995	0.414503389092166	-6.22097182740188
5336	0.532665714858742	9.07579445285846	2.61820685074548	0.00999883924743047	0.0275937268372795	-3.45242724263384
5337	0.398283756066588	7.23522759147298	3.97037026601909	0.000123817173829664	0.000718209168422068	0.590045397969581
53371	0.112689051235786	10.4084115905029	2.07458813523771	0.0402004869947519	0.0845571740709576	-4.6640370655603
5338	-0.110973553089251	7.29319117026857	-1.59266830187517	0.113911674980592	0.196514293095173	-5.51852928474406
5339	-0.153353325370339	8.11774740018577	-2.01724709005272	0.0459406259823394	0.0943719399686952	-4.77675612333303
53405	0.428647792328085	6.6332067199049	1.80440736416145	0.0737197893461892	0.13870739407734	-5.16923109896661
5347	-0.265707020503304	6.73624060226236	-2.09007410600136	0.0387601780529579	0.0822819508397409	-4.63309188977753
5348	0.502315218378648	5.80457689244429	4.93267292728853	2.68650867523759e-06	2.9615058159173e-05	4.22761983537941
5349	0.330756549969596	7.94327676760408	1.37596223189803	0.171440934397232	0.271371439014242	-5.83272885940169
535	-0.080518150575817	11.1862961300961	-1.3133209742936	0.191624501642435	0.296241509183326	-5.91528769323308
5351	-0.136437004279279	11.4511334194103	-1.58806041235881	0.114950396876894	0.198016742065307	-5.52566859360704
5352	0.184051485510387	11.7520126404328	2.22970206181706	0.0276606409734877	0.0629412932344376	-4.34448342159595
5355	0.496862289597087	6.37964302910743	4.29313529821967	3.63410448532816e-05	0.000259075963056647	1.74725684114981
5356	-0.0923573669536232	10.270620707671	-1.72765646073198	0.0866678081540218	0.157751453361	-5.3006281245982
5358	0.0498130757339173	10.1181370894314	0.610475388920087	0.542721711739735	0.652910186275883	-6.58223742989977
5359	0.0247822036817072	7.6158674060747	0.26506263139184	0.791423990313571	0.853527725516855	-6.73246614081689
5360	1.08566045216017	10.89640024345	6.59743278632057	1.24738977567492e-09	4.86011299390324e-08	11.6287718033693
5361	0.105569197182632	7.55638986327464	1.19080339367605	0.236122269825597	0.347490781443148	-6.06594672153516
5362	0.47288239107336	5.66478229471845	5.28231631962811	5.91252299737845e-07	8.19420133529295e-06	5.67879422045449
53635	0.0551122040717943	11.0576509748066	0.911249257253129	0.364023065044185	0.486148830600642	-6.35561492207549
5364	0.200388152927383	7.57894703831427	2.37726095531526	0.0190506150983384	0.0466246165073409	-4.02092061815944
5366	0.0966319139360187	9.70232653306926	0.554146304989352	0.580528075558258	0.68659248340653	-6.61479231608697
537	-0.0914093431131045	12.6177970851391	-1.39492575725723	0.165660108907016	0.264708391054839	-5.80700129877909
5372	0.729475738921288	8.44811954815091	5.43705902556237	2.97032256843741e-07	4.57740007748004e-06	6.34052183144266
5373	-0.365411585017705	8.81555826821969	-5.03590469043122	1.72897377425956e-06	2.05139963033699e-05	4.64950357124899
5376	0.976976277188015	11.5670566773288	5.66342383651287	1.06450138207323e-07	1.96057818033256e-06	7.32867379281852
5378	0.0946016311685164	7.39824696064343	0.764973238373483	0.445815696708703	0.563867501020787	-6.47690828677523
538	0.258767083975047	5.75455634326067	2.70670893886092	0.00780457330682193	0.0224150818895512	-3.23135511942423
53826	0.785175554322305	6.57825048116539	5.19881850838148	8.5329149673536e-07	1.12617002876101e-05	5.3265789948155
53827	-0.0908267364563531	11.6384672764787	-0.704900029828032	0.482262385726154	0.598159905251909	-6.52065159906922
53834	-0.690219331298405	8.15613696325896	-3.46747888219939	0.00073399557881783	0.00312838156916165	-1.07291089660029
53836	0.0903821856600095	7.97036224369377	0.449941458163961	0.653578675790596	0.746998735579123	-6.66675301448938
53838	-0.218982249024414	7.01247442222603	-3.23608671603716	0.00157313324610273	0.00596394260500443	-1.77682796269123
539	0.029852678448849	12.4868049837069	0.588943905795829	0.557025405104828	0.664792637793076	-6.59505098393014
53905	-0.0125993705799384	6.96518594096582	-0.0934863195017587	0.925675868248354	0.95074402318754	-6.76307331515737
53917	-0.0531484446991972	9.95211079453754	-0.688401021445442	0.492552324716062	0.608003933339389	-6.53204518505699
53918	0.0952854227082169	10.9184573304962	1.76112116392425	0.0808099299045223	0.149059852838623	-5.24400233603916
5393	-0.169807878873436	9.90278667625763	-2.28501363105215	0.0240994597292488	0.0562797674197329	-4.22541607919618
53938	-0.235842647559583	11.2290517458811	-3.12319763774648	0.00225125482535222	0.00808845796320546	-2.10553459948576
5394	-0.0967436369742787	10.4363489244587	-1.78442089047136	0.0769267962150089	0.143401969243739	-5.20396870738646
53944	-0.00612347269845306	8.03910392618274	-0.122390848636783	0.902797821633988	0.936822865162908	-6.75996808964984
53981	-0.0457651954895431	8.07696224800912	-0.69708317660104	0.487122714769058	0.602881873537971	-6.52608297730488
54	-0.130121333662467	6.9932319143922	-1.14556231843403	0.254295796629573	0.368441199817623	-6.11794326645384
540	-0.478213039514203	9.18451083548829	-4.41040533643709	2.29264217118661e-05	0.000178316613314514	2.184027915836
54014	0.0326822921279941	9.97384686434905	0.403250727175042	0.687493997969145	0.774086753438541	-6.68654830542163
54020	-0.317786201661703	7.45944087261143	-3.82330999825064	0.000211900719226642	0.00111911760921488	0.0855517738608738
54058	-0.0246738590943938	11.07927197595	-0.24379390087666	0.807814073454819	0.865552503143962	-6.73784958039541
54059	-0.0305937476107797	7.77089241283406	-0.333018431173502	0.739711708100497	0.814079573359861	-6.71225394179518
54069	-0.0891173973238823	8.07632828297452	-0.880382809998557	0.380442669118521	0.501989847750636	-6.38294970249181
54093	-0.279822899083402	7.25693099742454	-3.45504843101253	0.000765389943357507	0.00323879146113371	-1.11173686580862
54097	-0.342890929094942	11.0183504214907	-1.79942620993114	0.0745085185275189	0.139809260117516	-5.17792286644482
54101	-0.126657584043331	6.85544472332235	-1.98004059959728	0.0500278935453247	0.101009631064381	-4.84831920774138
54107	-0.00575460993129139	11.4531447812122	-0.112837853681327	0.910350972205464	0.9408782570592	-6.76108635005482
54108	0.0742282119736069	6.42670469917217	0.878015368685	0.381720798069725	0.503164737792721	-6.38500789858905
5411	-0.100765479109745	9.87130133169601	-1.55641222019409	0.122289895567128	0.208442950347601	-5.57416759968232
5412	0.234079171501755	9.13112069896283	3.98371312008051	0.000117846810603681	0.000687222703710884	0.636538232271559
54148	-0.0695151236420039	10.3237608699809	-0.884843836700291	0.378041506562308	0.499761439064426	-6.37905653317983
54149	-0.295823422293132	8.05614733175465	-3.33065267962627	0.00115716259408366	0.00460856462253185	-1.49399118848556
541565	0.0622662767740907	7.23116960853468	0.686775365783505	0.493572610796466	0.608948433932608	-6.53315331695106
54165	0.0748196586839145	7.60605517961629	1.15946714286774	0.248608162962615	0.362297711021736	-6.10217156471502
54187	-0.75223421959496	8.71291336075018	-5.1826661016644	9.15699908190018e-07	1.19252433401147e-05	5.25884521050008
5420	0.959595475787777	7.17277622807755	4.42091124680218	2.19910504123734e-05	0.000172996263244004	2.22356807528888
54205	-0.0599806329250616	6.79584273810315	-0.622452302843394	0.534846273203509	0.646147269452025	-6.57491202425787
54206	0.088537923669407	12.0714632886345	0.756097500720122	0.451098528009136	0.568289215385157	-6.48359427980782
54209	0.19177085534837	5.84138056447486	1.46127434740787	0.146599718087877	0.240165345379981	-5.71431045490284
54210	-1.7222249317811	8.89391883960137	-5.59752420741291	1.43838984324072e-07	2.52789363939752e-06	7.03860448267115
5422	-0.0333840798502106	7.5997515206626	-0.291988285800581	0.770808641820552	0.837526885219384	-6.72500619033592
5423	-0.170810800222189	9.46523223774629	-2.61325016597845	0.01013679527297	0.0278728125681531	-3.46461594626074
5425	0.0652068361619472	8.69132256182872	0.642187908853721	0.521997674119847	0.633937627669606	-6.56253281971893
5427	-0.344943250088326	8.62431373791554	-3.26205285455359	0.0014468142223902	0.00555845836136888	-1.69984026154517
5428	-0.070595680167887	8.15284227782548	-1.10831278657847	0.269982124316527	0.386089395231044	-6.15927668332776
5429	-0.00691063319959536	5.94613264136269	-0.0924842729776619	0.926470221835165	0.951049909016702	-6.76316605464239
5430	-0.107869211972934	10.7035006092179	-1.81518861007749	0.0720363213063496	0.136097898899919	-5.15034079342734
5431	-0.0205675695023277	9.59815063274691	-0.370144673983978	0.711938663520689	0.792428697032865	-6.69927498868756
5432	0.0345740025510592	9.40888832919355	0.371086837256912	0.711238686789894	0.791976151796713	-6.69892782628426
5433	-0.278112729208572	8.61237494979421	-2.74198763058824	0.00705913222214337	0.0206474618112267	-3.14142491222791
5434	0.220481390099368	6.27669428515135	2.29276268792298	0.023634148267008	0.0554596774674677	-4.20852180173226
54344	-0.224519857517023	8.57229011424468	-2.30999806903714	0.0226274187731657	0.0534771041677679	-4.17075846109821
54345	0.846616698994249	8.72033902837247	8.2834226156171	2.15311666258596e-13	3.62953951693061e-11	20.0545585444385
5435	-0.0777797933690541	11.3350558109068	-1.36329745933063	0.175386004676704	0.276714640157783	-5.8497211271888
5436	0.127723894719184	11.2806072857141	1.83882782383456	0.068456555110135	0.130452462393007	-5.10854949571687
5437	-0.134421972230523	11.5577133057466	-2.49041902517091	0.0141516884421484	0.0365290457912956	-3.76006919055584
5438	-0.295554868459653	9.73184724950502	-4.13731184671263	6.61945318262201e-05	0.000429173338213955	1.18019447327393
54386	0.12872017420691	9.4603729625314	1.65147119074273	0.10130299244499	0.178604635559363	-5.42568596035965
5440	0.288253019695034	6.84432831928153	2.89362918120167	0.00453742691247415	0.0143929133245148	-2.74329292893626
54407	0.393250128875974	11.575555720085	5.31709684723614	5.06978949541399e-07	7.2450624969065e-06	5.82652066405305
5441	0.0366154860632869	7.55230507769879	0.312363053160227	0.755316302254025	0.826315672600111	-6.71888260153411
54431	-0.0687327134393926	9.83647779881041	-1.06790351308757	0.287745326481794	0.405800989711391	-6.20260293565994
54432	0.098201925447688	10.9821240994565	1.80865769447442	0.0730522591494179	0.137639521116376	-5.16179660582041
54433	-0.100383583567232	10.3920753637361	-1.52660356141358	0.129537364223333	0.217962645851442	-5.6189909429141
54436	-0.344737496124169	6.85793419752268	-2.75256477175399	0.00684860101721472	0.0201243131989305	-3.11426292159095
54438	-0.0510149987312921	7.8250348192101	-0.364202413607013	0.716359089042579	0.795847488297472	-6.70144426626842
54440	0.854836309473691	5.45884182278804	6.82722265113109	3.99185199982149e-10	1.9626605665789e-08	12.7341148847071
54442	-0.101295313105984	9.52707734605487	-1.80791392892127	0.0731687074349379	0.137796060969582	-5.16309876186917
54443	-0.155382559757151	8.81617133100833	-1.50423772519857	0.135193802959588	0.225426952117058	-5.65207559280529
5445	0.328635118150905	11.0679322950001	4.15898436411295	6.09504521743915e-05	0.00040179627690381	1.25813851291652
54453	0.688546039323556	9.57889106909584	5.35295323752094	4.32402068401372e-07	6.36656164883303e-06	5.97943196545959
54460	-0.114209536905352	11.5633274192416	-1.59962236502496	0.112358259571929	0.194525094123692	-5.50771740453194
54461	-0.264534588290004	7.99105536511123	-3.05201055712321	0.00280911141616288	0.00965429285661831	-2.30774129242259
54462	0.0479916334560018	8.44649927273239	0.560968315172625	0.575883525188893	0.682506145466554	-6.61101626062508
54463	0.435263005322029	9.24649495666986	2.2032936511985	0.0295173959783983	0.0662717289430742	-4.40038735950863
54464	0.279608730122813	9.51381678379145	3.64026673508279	0.00040569532108018	0.00189645916928256	-0.521600175481801
54465	0.359374191543123	6.00505301393015	2.93645608445192	0.0039928017327025	0.0129284760141602	-2.62748717346836
54468	-0.0427412207113849	9.02981068718417	-0.715920475498637	0.47545573488644	0.59109939346207	-6.51289226930043
5447	-0.0502169998608194	9.48049352816914	-0.649823449947749	0.517070126662858	0.630066853123567	-6.55764047896123
54472	0.420623081788119	5.85427506149251	3.93900739690363	0.000139008481705791	0.000787524045877799	0.481230273852882
54475	-0.286372714751067	7.12759673348346	-2.51199864273764	0.0133569843343599	0.034903097311551	-3.70908454044347
54476	0.0633649945937351	7.89237163856418	0.862398582972521	0.390218642670002	0.511538801532172	-6.39844769233994
54477	0.0293074288307993	8.78918334819736	0.210476801949643	0.833658809548884	0.884637945384608	-6.74537885651036
54480	-0.245668020828917	7.69953923838274	-2.89142946751473	0.00456716046555775	0.014459465483138	-2.7492013246289
54482	-0.0468284083946192	8.05436598487227	-0.786372311008079	0.433226803197143	0.552315696003766	-6.46047104771452
54487	-0.067666474793361	9.04499922559201	-0.97637016158549	0.330879771988444	0.452045470827745	-6.29490147335728
54494	-0.0563841164445792	6.12231662715779	-0.795285606768422	0.428045234579578	0.547230094045397	-6.45349212354344
54495	0.156897915508028	7.83008608448542	2.36827749983451	0.0194973837292934	0.0475770722611412	-4.04115872026899
54496	0.0317772382841931	5.86384747726894	0.267982950467221	0.789180632886394	0.852315825309852	-6.73169186713943
54497	-0.139183534087956	8.8795353239396	-3.10095443953604	0.00241342750651389	0.0085484181834497	-2.16914085422476
54499	-0.104191856892287	11.5502190259024	-2.07523032899439	0.0401398570143833	0.0844815370672262	-4.66275803415791
54502	0.0361269675848368	11.6035148272451	0.786881871067545	0.432929593665489	0.552192471228682	-6.46007417014961
54503	-0.0240252497948864	7.2790473686433	-0.275248490869214	0.783607036310548	0.847975123794724	-6.72972876723237
54504	0.187804016021883	11.2098069491619	1.74555059921794	0.0834937050430092	0.153087237215373	-5.27047760704465
54505	0.0377862503163971	10.1034523973209	0.765835114801661	0.445304616711218	0.563792499259105	-6.47625493004839
54507	0.283836084188429	9.7565970107067	1.91979629920926	0.057299330162622	0.113146657218087	-4.96154893965367
5451	-0.180801564996271	8.66954451995129	-2.89716911378299	0.00448995023729617	0.0142697148749774	-2.73377656237762
54512	-0.104025003289841	7.73040979180196	-1.20043351214427	0.232376950157971	0.343307746074914	-6.05462486599828
54516	-0.0608107356008015	8.85140553894911	-1.00863328399438	0.315215692526298	0.43503452301875	-6.26329532003092
54517	-0.246608841053322	8.79057657946209	-2.01140263347547	0.0465631591630719	0.0953796503872232	-4.78807967433306
54518	0.289598487022711	7.3824718130226	3.63417645947671	0.000414402349986729	0.00193301016234149	-0.541396842662007
54520	-0.15530379011436	8.63177224096756	-2.29434058103819	0.0235403730743886	0.0552741645797116	-4.20507531997564
54522	-0.0778569693139942	6.91442630036641	-0.88848138801199	0.376090596111659	0.498194239103239	-6.37586764738032
54529	0.0636034396278783	10.9190306297798	1.33489783514152	0.184481265729842	0.287729466565048	-5.887271236997
54534	-0.0351555832339716	10.1686451292113	-0.402496739298887	0.688047175717695	0.774498456177181	-6.68685024704501
54536	0.727918057234507	8.68877052823179	10.5655323742181	9.14782704002477e-19	7.55610513506046e-16	32.1141611458886
54538	0.540376338655222	5.30405917587585	6.51413124451048	1.87775060154338e-09	6.80272805646856e-08	11.232257059213
54539	0.0752296435141185	11.0837709688562	1.02834896530291	0.30589039714889	0.425291142980951	-6.24348414345048
54541	0.0449268381490075	8.69408778461522	0.265061577511829	0.791424800209878	0.853527725516855	-6.73246641870602
54542	-0.122965538019472	8.13536549946198	-2.22377131453642	0.0280685045620091	0.0636764206762415	-4.35709149351703
54543	0.00183671850338697	12.9925436258641	0.0353620743487255	0.97185081542566	0.981595467769131	-6.7668005132577
54552	-0.206890979859942	8.41750414796164	-1.29290003022317	0.198572961389695	0.304645739427727	-5.94139493906276
54554	0.192137453106034	5.34424199689879	2.52775260402205	0.0128022963173414	0.0337526229113437	-3.67161462982145
54555	-0.176413133612824	6.75781721534514	-2.11866742159598	0.0362172528025805	0.0778440042022678	-4.5753941300409
54556	0.138982839923753	8.34077749882012	2.03050272244615	0.0445549445627848	0.0920750167847392	-4.75096003466638
54583	-0.757142338232474	6.95002163087752	-3.87780114952598	0.000173923110578167	0.000952024448890428	0.27077644964348
54585	0.459262111863821	6.60114396792248	4.32738633845458	3.17923302832555e-05	0.000232188017806976	1.87394791606599
54587	-0.180104492511983	6.19515921749243	-1.21831330178046	0.225536807148938	0.335784792186415	-6.0333682538645
54596	0.138142811253672	9.95563135828478	1.1799142638717	0.24040910221421	0.352727540291918	-6.07864153792021
546	-0.0248505947025703	5.73299904664516	-0.296141405068716	0.767642986994427	0.835692630449737	-6.72379143230404
54602	0.0466927331000143	11.1152898542934	0.95291314256956	0.342583255444192	0.4639674848285	-6.31724620050267
54606	-0.152041802103345	9.1123358994465	-2.18675577038621	0.030734663192655	0.0684465672610758	-4.4350843675566
54617	-0.106401912779203	8.31453403145029	-1.88168799358578	0.0623438105032237	0.121081560018017	-5.03147804471042
54619	-0.169131342143204	6.2082524941379	-2.27319168938052	0.0248248362701951	0.0576639897614769	-4.25108919736618
54622	0.175512548919176	7.15209151601395	2.0012001497163	0.0476671317928675	0.0971214870767354	-4.80777337933857
54623	-0.24597619353382	9.667455903308	-3.82969358035957	0.000207074357425559	0.00109713546653952	0.107145682503523
54625	0.316267617382312	7.84237941843901	2.32182284364467	0.0219587410420539	0.0521936509916694	-4.14470074937297
5464	0.0350825261137828	11.6169807913167	0.414739194836369	0.679086366120772	0.767759839057977	-6.68187793747576
54662	-0.0136913544204204	7.49133178963889	-0.247826973710634	0.804699298807036	0.863366522457148	-6.73686328778069
54663	-0.0534813183080703	8.40382642744143	-0.387682463036655	0.698949920125399	0.783784190001889	-6.69266844705682
54664	0.300120540951766	10.2736825902793	2.77112750645537	0.00649288736491464	0.0192364596966266	-3.06637228105832
5467	-0.175675133160315	8.74403980053585	-3.20185326655828	0.00175541547136026	0.00653217822581325	-1.87754200657032
54674	0.198313805309224	8.56987013988898	0.751699745125913	0.453729305998973	0.570293217014281	-6.48687843338848
54675	-0.209861650657912	10.7078878414672	-3.99809842844619	0.000111718283073007	0.000660080842763261	0.68679608472014
54677	0.203702964936104	8.14548746838107	1.12217708890808	0.264066877863959	0.379252430924062	-6.14404854566201
5468	-0.181991222879999	11.1387583414211	-2.19200581891737	0.0303435882867396	0.0677766466329014	-4.4240956671496
54680	-0.0302468295417342	8.68757048174032	-0.414993618397954	0.678900622837391	0.767654913707988	-6.68177302702978
54681	-0.386809501492134	9.964162682967	-3.5192398342851	0.00061583734095866	0.0027043149581704	-0.910023260928066
54682	0.161401355954086	7.35977587275829	2.36247701697389	0.0197907573989379	0.048122359763093	-4.0541891958757
5469	-0.0555285277308181	9.16799380807084	-0.598663979551284	0.550545226996615	0.659345160938385	-6.58932310512917
54700	0.0161713890357349	8.55422301532837	0.267186729963769	0.789792106207216	0.852657534606144	-6.73190381185459
54707	0.189845713846935	9.5982748437183	3.24204334207167	0.00154327828797246	0.00587170827206474	-1.75921233970394
54708	0.167189520987557	7.34256186934221	2.57292394822116	0.0113245074903897	0.0304870405959044	-3.56301551010428
5471	-0.278307135265358	9.35593558740192	-3.68948244937189	0.000341418766212468	0.00165791828860375	-0.360658399801446
5473	1.40502442055265	7.96573829938067	6.24562814434774	6.90957688185712e-09	2.01671749272579e-07	9.97040812978301
54732	-0.32151669979986	12.3025113521474	-4.38183995724744	2.56675953392064e-05	0.000196309571760967	2.07685842192846
54733	-0.797776236445752	9.01725815318977	-6.61137611546598	1.16459742122516e-09	4.7000853553123e-08	11.6953651418197
54737	-0.178403976477662	8.76292443559863	-2.75337560901641	0.0068327000001248	0.0201061995016141	-3.11217691160558
54739	-0.0468373989033188	7.70202857652906	-0.494391035168858	0.621949799578444	0.721227761409231	-6.64590212592143
54741	-0.0527235093856991	10.8579314568802	-0.526101971023935	0.599805405456529	0.702808616795165	-6.62983224306217
54749	0.932960875235501	7.03992690425785	5.02391086281322	1.82030676793987e-06	2.13575765670218e-05	4.60019856140614
54751	-0.0786876874872585	5.73874867454319	-0.906392806914185	0.366576317784845	0.488926269159184	-6.35997728028805
54757	0.770871409364305	5.66900815451212	5.88360643558194	3.84322688774132e-08	8.24546859551774e-07	8.31152476723084
54758	-0.0762770172056963	8.13686261159523	-0.963693378833757	0.337171734386019	0.458632752658404	-6.30704355048262
5476	-0.29631226518743	9.43555012171651	-3.06582788402814	0.00269172167614754	0.00932618332423604	-2.26880288667231
54762	-0.0596647883793752	7.27829443069515	-0.687576596742928	0.493069602965873	0.608418721317316	-6.53260748081506
54764	-0.113814642837387	8.1620904851146	-1.47871488150281	0.141882783961102	0.234578021520957	-5.6892562531366
54765	0.124343865565424	9.49007786265195	1.909587448183	0.0586157828972818	0.115140634181105	-4.98041144461117
54776	-0.151338602382849	7.08430852741651	-1.47195937196708	0.143695663912356	0.236911413955302	-5.6989948637991
54778	0.0975583567405967	5.26304983508779	1.55865638699137	0.121757520467264	0.20765359965183	-5.57075937701704
5478	-0.275795691425469	6.96191608481386	-2.02795040277941	0.0448189413877537	0.0924586553104011	-4.75593920820673
54780	0.153856283399869	10.5612707629256	2.55842536473002	0.0117812043115115	0.03152340382672	-3.59805975035331
54784	0.0104981877501896	5.61563719788854	0.133540691580102	0.893993414138715	0.930257697251926	-6.75854806418138
54785	0.115405864740468	5.7498707739651	1.28705309701039	0.200596396472602	0.306667820629964	-5.94879677729726
54788	-0.131939339874382	8.22523054573054	-2.41596424373675	0.0172277949870018	0.0429265721244751	-3.93293525885279
5479	-0.514899551956881	11.3179141992168	-2.20792943815643	0.0291838060523169	0.0656834435945879	-4.39061817242926
54795	0.0145743660828905	7.83396078259442	0.132244289986806	0.89501645208524	0.931087644108826	-6.75871952657691
54799	-0.0261821323202723	8.47082051975928	-0.196989666954147	0.844174744020905	0.893157856489391	-6.74811300038478
5480	0.300676956360149	10.1656653055509	3.32770465084538	0.00116840321541693	0.00464377707598146	-1.50291029695327
54800	0.235595817805735	9.99434885482179	2.21058671458599	0.0289940744633218	0.0653632792213531	-4.38500987002386
54801	0.10342096901367	6.24805742679203	0.67161628577538	0.5031416002032	0.6184448835831	-6.54336141310586
54802	0.0658509076194249	9.72222828859177	0.854072526133759	0.394796475994589	0.515456429573085	-6.40551576720756
54805	-0.434851828370951	6.69885266213724	-4.35647681844268	2.83638618871869e-05	0.000212600271495612	1.9821208879816
54806	0.144143746260021	7.02299098792196	1.25322098990613	0.212604463285682	0.321455769126805	-5.99098538402021
54807	-0.177826022247295	8.45316421077992	-2.0173482994763	0.0459299083149653	0.0943719399686952	-4.7765597616609
54808	-0.40514242439665	9.18819071273679	-5.48770867479797	2.36552954386887e-07	3.84631378589703e-06	6.55958446739248
54809	0.468597588304973	7.37953201479232	4.42877206116497	2.13153503180102e-05	0.000168483056102167	2.25319688504148
54811	-0.195055021976239	7.48730326703722	-1.62177027046506	0.107523289746933	0.187569667013657	-5.47298253416387
54812	0.0167481112091193	8.7614571765642	0.195481115898194	0.845352750882366	0.893831761685656	-6.74840757036128
54815	-0.311231457775263	10.5987141638218	-4.12403860319549	6.96169118881559e-05	0.000446109924124258	1.13260732705392
54816	-0.0376658735946396	8.6681772132588	-0.554941070690691	0.579986070910188	0.686250168862811	-6.61435476992051
54819	0.0414211802449807	5.47531557867436	0.693041456333206	0.489646228148858	0.605279533748813	-6.52886772636903
54820	0.26322314343211	7.41933574752883	3.00193682291929	0.00327533434404039	0.0109842718967818	-2.44759568105623
54822	0.0884463158218965	6.15585886206219	0.606491551501842	0.545354202070586	0.655218284960442	-6.58464271191074
54823	-0.170320978398826	7.36872511371394	-2.64213139514183	0.00935648863194269	0.0261008429921806	-3.39330740584412
54826	-0.0507767332395018	7.56032916764255	-0.770773452492337	0.442382784423538	0.561044341983483	-6.47249731712571
54832	-0.0577183565632054	6.36625666996624	-0.867790625611954	0.387271495848678	0.509048783531203	-6.39383421491078
54834	-0.208921142340739	7.10712331700895	-4.29977873649296	3.5412466625527e-05	0.000253692085279144	1.7717732383628
54836	-0.523369810356498	6.56540320405043	-4.49177512918643	1.65773542437405e-05	0.000136383412403682	2.49201177234546
54838	0.0852063716527345	7.94900597146464	0.842367157463596	0.401287679171673	0.521567626049708	-6.41533804256291
54840	0.0532028528152613	9.57840288960846	1.24197614604794	0.216709789598337	0.325869367220385	-6.00476552617518
54841	0.24535618546856	8.69650205712704	2.9937434240194	0.00335809424347965	0.0112026891967455	-2.47029122368306
54845	-0.829037552341359	6.5834323113593	-7.45076643124543	1.68505591045869e-11	1.33832325196046e-09	15.8096245866864
54849	0.0379053810419795	8.52516692769729	0.439188601911078	0.661328596314273	0.754082579452774	-6.67150327133316
54850	0.264680398469771	7.84985277923383	3.89193407235325	0.000165187509988514	0.000913285697794595	0.319146831196904
54851	0.192895340658628	8.89714034014643	3.81110878708804	0.000221424733492185	0.00115899321707266	0.0443562635974004
54862	-0.0149848671414712	6.81148944913521	-0.194694265748257	0.845967330550338	0.893838731379275	-6.74856031807114
54863	0.561534322121927	5.3999137981927	7.15347609611897	7.71564541373367e-11	4.86497947461375e-09	14.3304008742623
54867	-0.262226099931842	9.52712876389023	-3.80408260900772	0.000227092439842112	0.00118129478415703	0.0206799083252429
54868	-0.014206006534349	5.48579970303654	-0.13768196273229	0.890726590152102	0.927793396551875	-6.75798913628583
54869	-0.112522936430125	9.51755430257249	-0.970178834877523	0.333943088489345	0.455389346156226	-6.30085115645569
54870	-0.102910818608045	10.1989664933706	-2.0289080646204	0.044719730322977	0.0923000930704124	-4.75407164472135
54872	-0.24312068065407	7.40640671464244	-2.71434670227864	0.007637379190139	0.0219892944676457	-3.21197236743229
54876	0.081528215538725	7.73370499010249	1.47500371606245	0.142876481795207	0.235749049066802	-5.69461151389003
54878	0.139687154561951	8.46746494068034	2.78113885950987	0.00630810691953549	0.0188376584075789	-3.04042659866057
54879	0.0324756342279657	6.34339079817662	0.47862025628525	0.633095030757068	0.730562301488318	-6.65352385385455
54880	0.136071566369217	7.98274853188873	1.84066755882148	0.0681842800023351	0.130009730567703	-5.10527566025254
54881	-0.0882318907342564	9.47467346300034	-1.67689300728444	0.0962123905685949	0.171422421504874	-5.38455323033373
54882	0.00976463331372762	8.58118578009895	0.177400103268271	0.859498482338302	0.904274291697156	-6.75176207248537
54883	-0.124135687573621	7.70847186123048	-2.19620182457748	0.0300341488078207	0.0672126982261172	-4.41529570697294
54884	-0.0883364761847119	6.57071696495657	-0.667229818083577	0.50592891045148	0.62103920349669	-6.54627307990569
54885	-0.0256620556753339	6.55280703524056	-0.228870719132481	0.819365847527994	0.874413682245637	-6.74135847862655
54888	-0.191662302625629	10.7078302173652	-3.5169166878778	0.000620731854268205	0.00272146768378735	-0.917375850696441
54890	0.0534958796171401	11.8672401785824	1.1539675481302	0.25084685467833	0.365044929464941	-6.10843177381014
54892	-0.138529220511171	6.9767347266574	-1.42038985062215	0.158132823177922	0.255112718642508	-5.7719190148192
54897	0.545264126854509	5.82108738747125	4.09558800675698	7.75327048488537e-05	0.000488125108270984	1.0309903572822
54899	0.100403253820263	6.73175077480349	1.3423287811171	0.182067955734873	0.284933936030703	-5.87752002245615
549	0.0654013501402476	8.92014353617489	1.09557212777833	0.27549856218644	0.391872642336313	-6.17310719520407
54901	-0.296414481455765	6.24243473578931	-3.13597574339483	0.00216272431064525	0.00783169785441902	-2.06882082113045
54902	0.0735002238885411	9.36464425636629	1.17886349139918	0.240825689922875	0.353074227682454	-6.07986053113791
54904	-0.22536618582719	6.38675886359093	-2.98178971745484	0.00348229954190183	0.011550650498726	-2.50330737633396
54908	-0.0764504909308045	7.93648779655547	-0.806935404951962	0.421328226887054	0.540735107844479	-6.44425327950883
54910	-0.252892981156352	8.14302881937758	-1.95053806894329	0.0534846199593297	0.106761930235838	-4.90417891939633
54913	0.835099177487023	6.77633004418269	7.51831687348118	1.18912111737117e-11	1.00225922749856e-09	16.1487133943628
54914	-0.237972581898475	7.45271577905764	-2.43551988066457	0.0163670735184855	0.0411919644310451	-3.8879901452904
54915	0.100855704492555	9.67910925055165	1.73879956018137	0.08467983620826	0.154815282664946	-5.28188733878557
54916	-0.0338182899212558	6.32307508353086	-0.431673880002985	0.666766662054796	0.758607800078873	-6.67475504601761
54918	0.0348435468777089	10.5578874065382	0.607459333152528	0.544714109374211	0.654830234817492	-6.58405984292594
54919	-0.295275006110139	8.51739093727736	-3.95964374482366	0.000128825117668553	0.00074204705156363	0.552755165668711
54920	-0.106660010300872	9.2394172567849	-1.82292547811513	0.070847981222199	0.134251967170306	-5.13671915027078
54922	0.688972618639699	7.60834199034503	5.46351554676012	2.6376574727405e-07	4.17376450667366e-06	6.45479841555602
54923	-0.196555326808441	7.53849678080782	-3.12933190518659	0.00220834330134603	0.00796198850681719	-2.08792555279529
54925	-0.100595199389989	7.74603971237058	-1.75492002480176	0.0818701479561394	0.150679015623376	-5.25457310833552
54926	0.149859650472695	6.29419582659299	2.26354499969088	0.025430860971181	0.0588400312666542	-4.27194814536574
54927	0.0075670032569822	8.36050397627103	0.0936530840342084	0.925543676054662	0.95074402318754	-6.76305778409925
54928	-0.0375246331673006	9.30484764992897	-0.632845913111744	0.528059563878286	0.639895311194011	-6.56844043763594
54930	-0.0454744129335917	8.3012207753607	-0.421014850434716	0.674510576067786	0.764679846049946	-6.67927147574209
54931	-0.00154980175265137	9.07171369643284	-0.0155647039883623	0.987607967614321	0.991810554710552	-6.7673022959784
54934	-0.0320773456533758	10.5263140982209	-0.525974820494968	0.599893471961582	0.702808616795165	-6.62989866311994
54935	0.21258153959324	9.19399288786834	1.77371270974479	0.0786918648732281	0.14591948826939	-5.22242942302819
54936	-0.21354001214954	8.75509309332706	-2.69044193967391	0.00817178342595677	0.0232995965130835	-3.27247619753431
54937	-0.689063799960255	6.98993292597704	-3.67148949658268	0.00036370963441602	0.00174008855414691	-0.419696253928877
54938	-0.22423990486674	9.79275979463056	-2.91957929239586	0.0041998165715561	0.0134720329635159	-2.67329813403592
54939	0.130930238584307	10.2635599679794	2.40546755761018	0.0177061860041389	0.0438919306196442	-3.95692484958282
5494	0.361670847942181	8.69567081313901	3.30426821509063	0.00126146864172479	0.00495941503124548	-1.57358368747637
54940	0.0786654426400507	12.7649665926145	0.851022491733972	0.396481644961148	0.516605870494415	-6.40808802642353
54942	-0.0918416996278587	8.68905677820362	-1.74009532118597	0.0844511115643833	0.154568176716554	-5.27970066587694
54946	0.0835502541065458	9.57042406369026	1.34843791764505	0.180101748655928	0.282552790863811	-5.86946403867805
54948	0.104641225797992	9.60940578857537	1.54779265169691	0.124351828551334	0.211521026324963	-5.58721436397346
54949	-0.136335245926761	10.0400636869919	-1.74121869261187	0.0842532266562921	0.154375464960199	-5.27780365916216
5495	-0.191606358820706	10.1491056589991	-3.24042856525061	0.00155131900571328	0.00589686837882728	-1.7639904144203
54951	0.058527896635015	10.2337953687204	0.83278356541405	0.406650270499491	0.526725926662349	-6.42328017971777
54952	-0.0108222338307069	5.97371363645859	-0.190123500755409	0.849539252310094	0.896188324482684	-6.74943544424124
54953	0.141878766042943	6.5892408736411	0.998542551955215	0.320060937622168	0.440617224126518	-6.27328912941003
54954	0.164907777163616	6.52181321862886	1.97404895187557	0.0507141480103895	0.102070872944887	-4.85972719357231
54955	-0.179079198568899	7.91754518959067	-3.31744416364878	0.00120832746781611	0.00476637291507215	-1.53390198691307
54956	-0.157540055002962	6.44580328888005	-2.01034961458556	0.0466760846014482	0.0955500517491852	-4.79011662536838
54958	0.228626669104027	8.3452997712194	2.85171994463152	0.00513558171475011	0.0159533301857224	-2.85519025511026
5496	-0.106756441091798	11.1756938870628	-1.71924146490627	0.0881942343076815	0.160000960988678	-5.31470484554752
54960	-0.133191186021206	6.94087207343348	-2.27692936164298	0.0245934549143911	0.0572069663736612	-4.2429854476725
54961	-0.228863787586126	9.25757251508134	-3.4737356254276	0.000718655716411793	0.00307782315635551	-1.05332537928905
54962	-0.430737026568373	7.39515901336455	-2.73279526774942	0.00724686190369495	0.0210919941242143	-3.16495618080361
54963	0.159385993022487	9.73978862677184	3.39639869778933	0.000931301089788541	0.00381007776208685	-1.29339187769616
54964	0.0918417654343077	7.1179140058542	1.11642275420441	0.26651090325925	0.381985087787854	-6.15039143006985
54965	0.102621954543826	7.82444785850235	0.725783671852972	0.469409380414633	0.585457205218379	-6.50584656896143
54968	0.255278603877319	7.53475474781909	1.37372056405667	0.172134269458743	0.272224596157232	-5.83574757506393
54969	0.193727423178013	8.88185627929729	2.54244007241481	0.0123038480376361	0.0326468952106889	-3.63649234625255
54970	-0.0912929112423057	6.60377283300214	-0.900120184607854	0.369890808590371	0.491758905352722	-6.36557771297055
54971	-0.132246410110475	11.2074730592018	-1.74626530668847	0.0833689353436308	0.152994313694377	-5.26926724484343
54972	-0.0328511128489251	8.91473341478595	-0.356809914233489	0.721871792955104	0.800142379201444	-6.70409407253069
54974	0.148033651781512	6.04340543198015	1.16477095788187	0.246462606728127	0.359805785007834	-6.09610666414392
54977	-0.248831617800804	6.58799618417441	-2.45420954932734	0.015580443779776	0.0396104849556632	-3.84472966663997
54978	-0.247032243009067	8.93116761464488	-3.29268243493722	0.00130999403775329	0.00510644207260129	-1.60836823417639
5498	0.0427920043567659	8.47329858445631	0.76382951183703	0.446494431895413	0.564352564262603	-6.47777417909582
54980	0.0740674151282379	8.63642743506554	1.67666127999206	0.0962578388403406	0.171466411218722	-5.38493087191841
54981	-0.0404009258359114	9.45771622198504	-0.55026520047702	0.583178309542992	0.689036309086699	-6.61692003806624
54982	0.197026217003161	6.29773886982988	1.67070984498366	0.097431056592732	0.173071081173326	-5.39461277138462
54984	0.0266708234930236	6.63730370356389	0.247788917802742	0.804728675108666	0.863366522457148	-6.73687266994534
54985	0.0650487272235645	10.1803400145877	1.04439310637671	0.298439768742939	0.417674091802215	-6.2270843935981
54987	0.0904181110384392	9.81591454869024	1.52976667282025	0.128752639926745	0.217084467400472	-5.61427404023574
54989	0.204569531439164	8.86534000875382	4.25716510708369	4.1789500432404e-05	0.000291046605035124	1.61499418443568
5499	-0.0177631705049491	9.88039390002701	-0.194770988152018	0.845907401324284	0.893838731379275	-6.74854545138243
54991	0.0195272912050138	5.89279442712982	0.167200936041661	0.867498332068164	0.911182123967833	-6.75351085271219
54994	-0.0415476381574999	10.4968280911512	-0.802605821219401	0.423817222735701	0.54291722391391	-6.44770236021692
54995	-0.201458898885495	7.2702549940394	-2.86644789287207	0.00491760376997124	0.0153919693595917	-2.81602816741868
54996	0.571177308217312	6.79973886160724	5.26015563303323	6.51923758086434e-07	8.91538119502309e-06	5.58497825117336
54997	0.842930165848032	6.9757521640227	3.43627833589829	0.000815197223204127	0.00341803505769852	-1.17014931646078
54998	0.0301942445386877	11.9396792951652	0.574224473163127	0.566909641199897	0.674153993134343	-6.60354744672453
55	-0.526972780892375	8.90500169022215	-6.89603660873735	2.82928471496983e-10	1.47910707250954e-08	13.0682745748247
550	-0.251021216944937	9.66367877688441	-4.74140798959491	5.99184911898472e-06	5.85712115062885e-05	3.46120125614006
5500	-0.0973343578136844	10.8170794656946	-1.9542035280158	0.0530444453156294	0.106004721485029	-4.89728148979575
55002	-0.0771816306244482	8.54866914288525	-0.812912451339906	0.417906444693374	0.537094637181775	-6.43946162970071
55003	-0.0963146926331773	8.87772805554263	-0.930052187385034	0.354244084117046	0.475936261354392	-6.33850831209005
55004	0.0460424663494206	10.7214647542544	0.836766694532704	0.404416232111006	0.524618781826638	-6.41999017518533
55005	-0.054464636616931	7.70699761095403	-0.819147456601316	0.414354709972348	0.533858977440586	-6.4344259244512
55007	-0.424733894290138	6.64937597680667	-1.95592162366427	0.0528391815101477	0.105703957198794	-4.89404431176843
55008	0.0756696612372137	7.42672758094927	0.919648246608362	0.359633994320515	0.481454909738648	-6.34801620571415
55009	-0.35445876174997	8.02074598520319	-3.94854909648403	0.000134208018436214	0.000766637781661915	0.514266042920441
5501	-0.0487422230744918	11.8052642113338	-0.664322863584165	0.507780611942628	0.622479645984878	-6.54819223810323
55012	0.290162364089287	9.76803275459517	4.80169630344151	4.66275830429059e-06	4.74899921004196e-05	3.70060549644111
55013	-0.0772906694049717	11.1776600816165	-1.24630074914004	0.215124155719841	0.323953017739681	-5.99948019486667
55014	-0.293026544746915	5.78030837714007	-2.75286026907338	0.00684280223766539	0.0201213978423853	-3.11350276939118
55015	0.0828992785804053	6.60052397843406	0.656097007008881	0.513039859628477	0.627158389896584	-6.55357784626
55020	-0.0078011052511141	8.05005220844885	-0.10159479889085	0.919250852779267	0.947186351341057	-6.76228611735083
55023	-0.190615450084549	10.3326646833223	-3.04666556256531	0.00285577825530309	0.00977568520049877	-2.32276377208674
55027	0.153626121352901	7.37239278026511	1.52712935742399	0.129406661464108	0.217787087142121	-5.61820751407746
55030	-0.00397713062145598	7.93353831228122	-0.0578502690464793	0.953965810099505	0.968743249498637	-6.76575727328428
55031	0.246876316928727	7.6073948737893	3.21860539618243	0.00166388892637688	0.00624998750880991	-1.82836951923214
55032	0.0251398135500026	10.0573725057605	0.383889510541249	0.701751640730457	0.785961837618112	-6.69412311450143
55033	-0.0310393883348223	12.2435477055442	-0.215717281056269	0.829580807531253	0.88162277488256	-6.74426770371887
55034	-0.675292425175375	9.74616409133218	-4.12019087869327	7.06402930715697e-05	0.000451984455760882	1.11883375987913
55035	-0.0639848233309286	9.52280962164411	-1.14446694329351	0.254747714555418	0.368901844710335	-6.11917780380711
55038	-0.283536842254199	9.33968933413665	-2.43857914072684	0.0162359411614414	0.0409492745018339	-3.88092938456872
55039	0.00216278399288863	8.16114713725939	0.0310438299335426	0.975287065942162	0.98374296796706	-6.76694322988054
5504	0.275287546819715	9.58221458640524	4.13120980279141	6.77473697550292e-05	0.000436840963447729	1.15830334747531
55040	-0.811215125292564	7.47191860934751	-6.08711467576499	1.47355831318968e-08	3.82793831756759e-07	9.2377751063215
55041	-0.282128611411655	8.06663398560069	-2.00108006778362	0.0476802569615669	0.0971242718871869	-4.80800461523399
55048	-0.103881772168205	11.0320494014614	-2.68235955994733	0.0083599971133222	0.0237624143689062	-3.29282614502145
55052	-0.153682148448772	9.74890385494455	-1.8589609263066	0.0655256668926614	0.126016765665514	-5.07255439561335
55055	-0.173092308601672	7.25757832533038	-1.73690753971837	0.0850147224817553	0.15535333525487	-5.28507745700457
55062	0.136255647785259	9.82092819900852	2.13620369256697	0.0347300033724179	0.0755517060458708	-4.53964913097621
55063	0.36617889394862	6.41496809368582	3.38607922010191	0.000963778385030684	0.0039196501528082	-1.32509098028459
55065	-0.262913009271303	9.25598777111336	-2.38149022029784	0.0188434396337483	0.0462271492054531	-4.01136877958889
55069	-0.163057713925929	9.05725018360129	-3.06286381020665	0.0027165147261211	0.00939238662108006	-2.27716850623034
5507	0.159219680791721	9.17728593873719	1.19927722990086	0.232824379523003	0.343845767005185	-6.05598897412018
55070	0.0457837576985971	7.41389086164387	0.89422855150911	0.373021101938123	0.494797630996154	-6.37080305209944
55071	0.00475363173626343	7.96634265632653	0.0715020459683394	0.943119322101787	0.960674328665591	-6.764878428084
55072	-0.173694151222863	8.1481632840523	-2.41437966459728	0.0172992690262581	0.0430916653066622	-3.93656278187817
55074	0.210569983060146	10.0106810691044	3.67457532837544	0.000359791258202359	0.00172582798649912	-0.409587353815613
55076	0.0503059345852581	9.33931139064705	0.394565752177157	0.693876090384178	0.779972339631821	-6.68999214589371
55080	0.616389462616691	7.18739374478451	3.86677793240092	0.000181040197745458	0.000979942354768994	0.233143272920117
55081	0.431469756240155	5.79464949950188	4.95580612468146	2.43500313204159e-06	2.72166791213309e-05	4.32166741771415
55082	0.206179025330261	11.7266095794724	3.06635321736035	0.00268734942249679	0.00931494176660657	-2.26731950037916
55086	-0.0639791843574239	9.56168479975489	-0.844943699265312	0.399853316910348	0.520206079332095	-6.41318749210474
55088	-0.527287422873678	7.83568598031963	-5.91236400449987	3.35957912414115e-08	7.41981913513527e-07	8.44139939405673
5509	0.374875575510014	7.16497133717797	4.2814975631274	3.80244039507731e-05	0.000269135884004615	1.70437623840282
55090	-0.0187641027609804	7.30333130433251	-0.302139255844013	0.763078145915956	0.83230232210033	-6.72200687026248
55093	-0.0976752754336774	7.99574523029848	-1.19138866870729	0.235893419249018	0.34732257450925	-6.06526117013606
55094	0.00945701427044851	5.47783724333905	0.147766244195745	0.882779611454824	0.922423730628317	-6.75655674730572
55096	-0.0345609816734971	8.51778048139758	-0.403771010293709	0.687112380960611	0.773762544885433	-6.68633962450859
5510	0.33199237888099	7.93944324954695	4.37697128568374	2.61652463446754e-05	0.0001991934883014	2.05864217103476
55100	-0.153780607492987	8.58374502857215	-2.19800035464873	0.0299023573173098	0.0669359001195064	-4.41151904578198
55101	0.00931766802950273	9.52987831535639	0.146994246182659	0.883387577505828	0.922942245155343	-6.75666997931189
55102	0.124825206242519	6.4979094307587	1.63128459931554	0.105498178428626	0.184778404117992	-5.45792089727634
55105	0.0277138010055234	7.41852630314201	0.366440431373101	0.714693096076776	0.794210274935312	-6.70063136870348
55107	-0.583802391631009	9.66729792054416	-5.48587535009387	2.38515103155779e-07	3.86300931777791e-06	6.55163438873126
55108	-0.0523919666841932	10.0090791324165	-0.654538452662684	0.514039558776257	0.628060952212412	-6.55459075289425
55109	0.253262895915871	9.13694580250025	3.90145272816105	0.000159541330357565	0.000886817892835454	0.351800989708424
5511	0.0211095906657969	8.18315771372939	0.289538860339769	0.772677498772697	0.83933668330648	-6.72571459873219
55110	0.0546552859619947	6.06181274043686	0.541068540148381	0.589481003615	0.693302628815085	-6.62190248863282
55111	-0.264323772027296	5.83078319335854	-2.32310567511504	0.0218872557534491	0.0521155181676245	-4.14186654034055
55112	0.0872977688354351	7.09800056227626	0.903282558013364	0.368217440861202	0.490165360437313	-6.36275902075111
55114	-0.0541780306366629	11.6243288380536	-0.688579238974292	0.492440542391968	0.608003933339389	-6.53192354460935
55116	0.0662683084198813	8.86694672969604	1.19267140698727	0.235392406887177	0.346832194236191	-6.06375750789484
55119	-0.00728708835406759	7.23747775334709	-0.100681982972969	0.919973893264346	0.947386156135582	-6.76237800472813
55120	-0.0936438130433358	8.22435512539395	-1.29840175960438	0.196682828708902	0.302481155367048	-5.93440033905596
55122	-0.021989080997129	10.1907596019726	-0.519496400412069	0.604388350187771	0.706716842093854	-6.63326166940875
55125	-0.159685447890187	8.63973649740077	-2.48732955337219	0.0142688563439608	0.036774026022189	-3.76733613054063
55128	0.140094447812538	8.52991705806455	2.06330287798044	0.0412788420495594	0.0862324823797067	-4.68645344293472
55131	-0.318148657732843	7.5911377561341	-3.78673373351287	0.000241683466133062	0.00124457944529869	-0.0376354479450667
55132	-0.191645339646106	10.2874581571125	-3.02549918344308	0.00304770783400625	0.0103384257531383	-2.38203281090539
55133	0.0594359297234736	8.7762808574898	1.20514853596247	0.230558845967586	0.341538032226015	-6.0490491057734
55135	-0.217980550206424	6.07121824318167	-1.69621066336974	0.0924843884471121	0.165889478517513	-5.35289684947714
55139	-0.295120272780664	7.19560224196221	-4.25419417157942	4.22730343421627e-05	0.000294166186744957	1.60410628742887
5514	-0.0888315511210615	8.77939407699207	-1.43940923202128	0.152683871531314	0.248457206234959	-5.74531585806276
55140	0.0150351582332248	9.14455369074996	0.306886275070248	0.759471183893446	0.829792589809506	-6.7205691465271
55142	0.0764968525204982	10.1678757112191	0.613724647270199	0.540579384326001	0.65118648308776	-6.58026407210326
55143	-0.333061671004076	7.71574822192702	-2.53728778586208	0.0124766830852696	0.0330206351439688	-3.64883379935601
55144	-0.0540906411033962	6.61267236438976	-0.54880508030389	0.584176837722372	0.689531849140283	-6.61771666254338
55145	0.0757899466985139	7.85157688570993	1.38803766304182	0.167742450896453	0.267120232196781	-5.81638568481733
55146	-0.0623832428450233	8.41879065786779	-0.769667835403167	0.443035970584095	0.56170024820025	-6.47334066542922
55147	0.165217056663999	11.0118537264173	2.73538770918036	0.00719346397078548	0.0209587345321651	-3.15832689526609
55149	-0.180339038982897	8.7832458375472	-2.25491664877981	0.0259838555896811	0.0598512680342348	-4.29053632790143
5515	0.0218519773162894	12.8240831095529	0.504041921766563	0.615172336259403	0.715780179955299	-6.64111668414641
55151	-0.773361981130212	8.9896296802102	-7.29188450800393	3.80974884722071e-11	2.65069118074e-09	15.0163343261812
55152	-0.17328062725634	5.74733376876283	-1.94619237938039	0.0540104801734244	0.107630052167065	-4.91234064808421
55153	-0.0364331722425577	10.43530027698	-0.76925976031776	0.443277197759574	0.561919836325059	-6.47365163627646
55156	-0.0117112930457194	9.55794442034792	-0.153225698262153	0.878482183181863	0.918979588789537	-6.75573906547801
55157	-0.373286166987987	8.64707783322291	-4.08935706852451	7.93778985793492e-05	0.000498601857236064	1.00880544375791
55159	-0.0344738193227273	8.91076251820031	-0.590914192982824	0.555708818415989	0.663700815517072	-6.5938974572499
5516	0.107211569900501	6.59582465518807	1.14885040620393	0.252942627492852	0.367124600789133	-6.11423050779473
55161	0.0331521821459847	10.8495555629002	0.731144145672948	0.466141436961527	0.582588632062674	-6.50197728464259
55163	0.556742804941101	9.88613900667305	3.97357742317741	0.000122356288813437	0.000711233599999288	0.601209830107729
55164	-0.291412518080343	7.20557451586225	-4.42179735084274	2.19138623537626e-05	0.000172553387075386	2.22690608753313
55165	-0.0853178271064138	8.59241888699492	-0.746916095859677	0.456600856089963	0.573179798070379	-6.49042922096555
55166	-0.103822462626316	7.72973555447	-0.946430177996528	0.345864538333093	0.467415099252511	-6.32332740928214
55167	0.205040024268866	7.13147595945327	2.17531210060069	0.0316023165791445	0.0701141914971081	-4.45895259816426
55168	-0.183098260976119	8.37527694224564	-2.32014801774791	0.0220523796298382	0.0523728164871947	-4.14839885938073
55170	-0.0254710608701042	10.2587267595962	-0.418019825605548	0.676692841212218	0.766732903760346	-6.68052026459213
55171	-0.0279851243750731	6.57968349965731	-0.329208693174424	0.742581935480481	0.816415118736693	-6.71350840523898
55172	-0.0805732289824549	8.1646004310042	-0.728729677308105	0.46761180054609	0.583850056346896	-6.50372358246187
55173	0.134938006257222	10.3403386928977	2.55556567394008	0.0118732123667251	0.0317079644840443	-3.6049509675103
55174	0.0535058733689876	9.8230404649992	1.28464473653888	0.201434269666461	0.307550289731048	-5.95183612381555
55176	-0.213589698224918	5.69506169598367	-2.22385427353853	0.0280627633776725	0.0636764206762415	-4.35691534508443
55177	-0.173286275514943	11.3980565673314	-2.58532711502814	0.0109465171956514	0.0296654219900193	-3.53289585614471
55178	-0.181017112347411	9.17215163991531	-2.46012837473131	0.0153384469194389	0.0391156441971489	-3.83096735305614
55179	-0.102316675922471	8.47248437980361	-1.12851519769865	0.2613930730131	0.376216550459698	-6.13702525064471
5518	0.161988749480285	11.4694776024705	3.04387385415561	0.00288043648385675	0.00984674021305196	-2.33060114390556
55181	-0.146229284212296	9.2182433326841	-2.61797582314161	0.0100052314621855	0.0275937268372795	-3.45299580564683
55182	-0.0817186462621319	8.51675623106452	-1.57020342148099	0.119047219588945	0.203883482024608	-5.55314841997772
55183	-0.120282044269857	8.74859881243285	-1.68771136512354	0.0941098902089468	0.168293503599459	-5.36686742309886
55186	-0.104996627970515	8.14521878451966	-1.23702260502523	0.218536472015522	0.327665866554404	-6.01079753206732
55187	-0.0138885273323809	5.46349445233285	-0.170338723702857	0.865035663443549	0.909636483773866	-6.7529838572484
5519	-0.234176354701986	6.99001537633356	-2.1649011042897	0.03241007598499	0.0713695621530304	-4.48056666476118
55192	0.0151164035796108	6.97254496533206	0.227935339300852	0.820091261108762	0.875074772866345	-6.74157104279269
55194	-0.201150586243864	10.4166519800603	-2.13237717142398	0.0350499463487897	0.0760074972016285	-4.54747215237036
55196	0.717161724510371	9.53840872338177	7.32148418684271	3.27408056696773e-11	2.33137116234081e-09	15.1636578937211
55197	0.0702790998642453	9.1573541536263	0.953965903310202	0.342052320341911	0.463476405187694	-6.31625482289195
55198	0.129107321527172	9.64781583386556	1.91645553002427	0.0577273611752503	0.113750618063982	-4.96773194515072
5520	0.295731561658791	9.93266651501323	4.39595206465436	2.4276101807619e-05	0.00018722745184961	2.12974103594055
55200	-0.145587244181526	8.43606850906002	-1.61110197767184	0.10983097492007	0.190869735501742	-5.4897707882905
55201	0.0967235972741384	8.41294394749648	1.3958202650017	0.165391141328768	0.264497740053363	-5.80577931922535
55204	-0.0129379162567467	7.8408219446612	-0.206842226861946	0.83648981059917	0.886923792475419	-6.74613346936353
55206	-0.410329651210523	6.04189577012253	-4.46144058539057	1.87155649054538e-05	0.00015111492289252	2.37673018091705
55207	0.0398227909278194	11.2344211034365	0.737320149784993	0.462392228799991	0.579010444382663	-6.4974843608539
5521	0.13133133255639	9.05416735586081	1.79064977245257	0.0759151876354058	0.141965010158128	-5.19318183278232
55210	-0.331532604125317	7.97778464349074	-3.43021456550917	0.000831927994567808	0.0034740774697321	-1.18896430839889
55214	-0.525687501811582	9.70874865726455	-5.54294611993454	1.84305345414666e-07	3.12686838438722e-06	6.79984459670995
55215	-0.19405243019212	8.36264168768789	-1.70420697182252	0.0909760016616408	0.163967220974286	-5.33969208360309
55219	-0.112056964217873	6.56165392903417	-1.52806129405007	0.129175254839913	0.217530602441932	-5.61681830450986
55223	-0.150543271926114	6.14976190395884	-1.16623297180061	0.245873494414374	0.35913617398103	-6.09443009993374
55226	-0.342797722858422	9.35529772079965	-3.70994327955498	0.000317644399485595	0.00155896775980453	-0.293246138635144
55227	-0.464433753606156	11.7722422887752	-6.38937511908387	3.45022238389487e-09	1.14314947134796e-07	10.642803452638
55228	0.591276208050009	6.08655859677424	3.12166806275711	0.00226207463947687	0.00810617636532708	-2.10992085448239
55229	0.220439815911036	6.62347741616935	2.83798318856917	0.00534682430210201	0.0164425795738505	-2.89155864416815
5523	-0.142052028454971	8.67187368457508	-1.64339516382223	0.102964920778428	0.181225281404179	-5.43862757517571
55233	-0.0107709566433288	9.22256364196224	-0.14327296779304	0.886319138657248	0.924835281115319	-6.75720747666916
55234	-0.103934408927303	8.89468298916256	-1.70139664002481	0.0915038301716555	0.164715753778314	-5.34433968112327
55236	0.17691796316239	10.1651531134572	2.27016147974259	0.0250138212737348	0.0580376864384972	-4.25765013706276
55238	-0.0668197920164909	6.10711656113882	-0.777476507417209	0.438434659184477	0.557682022305479	-6.4673586733195
55239	-0.164096310153696	9.0053274643888	-2.81129959811734	0.00578002791171585	0.0175332466216573	-2.96176686532962
5524	-0.0497203529496396	10.0483160741372	-1.30206120796825	0.195433026652008	0.301002573213796	-5.92973193719363
55240	0.709183124079329	7.86487132749275	5.98335738074502	2.40706770173373e-08	5.7797614000932e-07	8.76346167161932
55245	-0.103048634976884	9.31562226463086	-1.65183836838079	0.101227949892492	0.178510432560202	-5.4250961292671
55246	0.0652645565902472	8.54938821379094	0.895267679756393	0.372467797370419	0.494230362454564	-6.36988389866081
55248	-0.167307114074926	8.83997999671928	-1.89419940826613	0.0606481122403356	0.118428701443303	-5.00866478565921
55249	0.0104900861599091	10.1606613692293	0.233417991640597	0.815841549973496	0.871751153222234	-6.74031272410781
5525	0.133526035660239	7.78382125031511	1.84276903735973	0.0678743716039518	0.12953842639756	-5.1015322695491
55250	-0.368232831620547	9.91295644370021	-5.55696150160685	1.72959437322529e-07	2.95785704406644e-06	6.86102807016731
55251	0.0898275098384416	9.12617271495977	1.2164649427774	0.226237098996693	0.336524119883429	-6.035579899657
55252	-0.0561469656175328	8.65649576391069	-0.649031703067941	0.517579939373112	0.630469001507434	-6.55815044493995
55253	-0.390614794072033	7.93675303476243	-5.40636188588822	3.4079017476228e-07	5.20319194738713e-06	6.20834085485339
55254	-0.130087890485815	8.1584437776644	-1.96741346825711	0.0514834476123276	0.103442782115745	-4.87232329687783
55255	0.0457998891319085	7.66399032111979	0.37748406920884	0.706492432646297	0.78870489169596	-6.69654733026188
55256	0.0289551422765967	10.1791704394189	0.182771834340478	0.855290905307495	0.900392522205027	-6.75079942360329
55257	0.237090069591906	9.50288316963783	4.02299881916849	0.000101823010244834	0.00061391099607469	0.774114486720839
5526	0.281694443989304	5.51989516543165	3.05393633741528	0.00279247108659009	0.00961476080668369	-2.30232325768805
55260	-0.165191533183687	6.46961991218053	-2.13313773653358	0.0349861518504134	0.075948913083946	-4.54591826953274
55262	-0.123159965298407	9.05608604417863	-1.13367834229523	0.259228994570019	0.373883620595138	-6.13127533783338
55266	0.340207657893854	7.39400301656914	4.46909992756679	1.81518429283682e-05	0.000146994335870904	2.40578627965369
55268	0.080333722490444	11.2665401792101	1.25587975184109	0.211642157312266	0.320176596959583	-5.98770949627721
55269	-0.135988495490985	8.65819553842599	-1.68707083343654	0.094233326988392	0.168404863895309	-5.36791757838455
55270	-0.353988359814434	9.11992077825376	-2.88627571820748	0.00463752494119757	0.0146485491450447	-2.76302897592986
55272	0.0903268251032918	11.1184310563341	1.41002103418403	0.161165607103543	0.258792362883994	-5.78627832342782
55274	-0.233282071253488	8.06185266468099	-4.08549558181917	8.05424376122239e-05	0.000505148469762316	0.995069512104856
55276	-0.113163698527687	9.51675269053073	-1.29453349848458	0.198010380748954	0.303943087493194	-5.93932124818794
55279	-0.144416836815303	6.47343691601565	-1.34757690654475	0.180377891213699	0.282878561121161	-5.87060158160576
5528	0.175402891626641	7.31174372400796	2.98619135683467	0.00343607982857442	0.0114213357682192	-2.49116321599187
55280	-0.00416383670865651	10.1700149885728	-0.0782065097568934	0.93779633281917	0.957158618723455	-6.76437890622162
55281	0.10347095845614	9.30777905064231	0.715185675178854	0.475907908964669	0.591572509864284	-6.51341334388309
55282	0.49567513886827	5.09582349958338	6.663854594353	8.98842113281556e-10	3.84685795632417e-08	11.9465660604081
55284	-0.0201111969189149	7.67197064945887	-0.319251098592959	0.750100955665675	0.822055710998869	-6.71671918238946
55285	-0.146833664110256	7.10234972920611	-1.94397241380565	0.0542807944762028	0.108038400571912	-4.91650342903265
55286	-0.0512319639115338	10.2322169434934	-0.606493279288179	0.545353058972514	0.655218284960442	-6.58464167213416
55287	0.290778886337496	7.4682670212858	1.92565871045011	0.0565546785902214	0.111813634957473	-4.95067452005591
55288	0.0713309215280469	10.081126592237	1.59354522059333	0.113714848118431	0.196308088447675	-5.51716837342746
5529	-0.0255844503017628	10.0587255243174	-0.430477558333512	0.667634034231117	0.75886295895817	-6.67526755748426
55290	0.0379808339091629	7.77098050951718	0.490672741652144	0.624569752311624	0.723453394207547	-6.64772127667006
55291	0.0671673098874971	8.48729014113458	1.03435442649268	0.303087063407645	0.422104053911169	-6.23737476239083
55293	0.153041093237276	7.82688862475439	1.5304502902519	0.128583536496574	0.216843611976664	-5.61325338210927
55294	-0.324253945093138	8.83309868358965	-4.24487297835916	4.38252391273209e-05	0.000302672638120126	1.56998196890391
55296	0.308181121972671	6.78523107549418	4.47834115817945	1.74934809170169e-05	0.000142360741255724	2.44089016839548
55298	0.0959745857503507	9.44660864990362	1.83438824597052	0.0691173281247042	0.131334053441467	-5.11643706767769
5530	-0.162639259903107	8.29176117420631	-1.03481612735509	0.302872260940567	0.421947187614958	-6.23690362630102
55300	-0.167935845497692	9.59560137094714	-3.46835170801164	0.000731837309033859	0.00312079306795027	-1.0701804062533
55301	-0.673106026106648	10.3619579433128	-4.266214758942	4.03491540013958e-05	0.000282923609551383	1.64819354213445
55304	-0.0464237839334576	10.832182633608	-0.241060263050492	0.80992704307107	0.866916855742781	-6.73850890255687
55308	-0.0518712426099913	8.91957195811424	-0.916450721244333	0.361300945432923	0.483294867898938	-6.35091716507779
5531	0.0950507965364255	10.4180863302436	2.12622774154923	0.0355694505621297	0.0768514442208996	-4.56001700325981
553115	0.0922397815828279	8.97604234572475	1.48357751547991	0.140588917442576	0.232764974559165	-5.68221979305529
55312	-0.328291781421538	8.02048250732388	-1.31000506174652	0.192740293836854	0.29740983132681	-5.91955395456512
55313	0.179346480039439	6.787788284804	1.11938962022754	0.265248831457731	0.380572407128862	-6.14712510026973
55314	-0.215425380247882	8.7944877803066	-2.63442084787422	0.00955931752740553	0.0265411639584436	-3.41241302635946
55315	0.19844083282944	8.35054735579749	2.65180243778001	0.00910758860825522	0.0255358730156782	-3.36927398562567
55316	-0.158196967431242	7.39139588773826	-2.71870790090201	0.00754337538484361	0.0217861121254574	-3.20088314944701
55317	0.118669708049496	7.67493423875783	1.33763580929175	0.183589292921701	0.286500578033866	-5.88368445392239
55319	0.117803623529419	7.54168779671282	0.60093770680082	0.549034819947789	0.658299842178652	-6.58796978643907
5532	0.151572957277656	9.29508306634886	2.21104616416735	0.0289613786690184	0.0653252287837498	-4.38403955199697
55320	-0.0943722112593651	9.15473361091328	-1.34146623588039	0.182346857453659	0.285208301944181	-5.87865458486622
55321	-0.564771053455242	10.326916278875	-3.9263708448353	0.000145618523787233	0.000819910706532067	0.43757338277176
55322	-0.203650103383119	6.78352277139192	-2.51723678089995	0.0131702099217758	0.03452425704661	-3.69664922915856
55323	0.521060877818876	6.5931604464518	4.35504855002514	2.85235409813216e-05	0.000213409826545033	1.97679769818351
55324	-0.174342525834078	6.04387005273276	-1.89737621006094	0.0602237687436721	0.117739249662185	-5.00284958986268
55325	-0.113394200751633	9.87429624491309	-1.56754667712604	0.11966652608217	0.20481672304988	-5.55721139082569
55326	-0.306764698984654	8.57391672287844	-1.80938658723824	0.0729382884700433	0.137518891294809	-5.16051999727683
55327	0.269959101656666	7.72489214481432	1.48646034876796	0.139826193122344	0.232046336579725	-5.67803769537697
5533	-0.0113728534980499	7.16988604942111	-0.115364931374441	0.908352091145197	0.939535664236526	-6.76079936734188
55330	-0.141689866446281	9.6699242548914	-1.88318897277326	0.062138305510135	0.12076695138582	-5.02874867309497
55332	0.327700290553295	8.6406548518065	4.65902448467748	8.41473766946109e-06	7.75733628903444e-05	3.13737049012688
55333	0.0959112186562253	8.89874934272499	0.86036234155523	0.391335179998305	0.512595716267999	-6.40018253286968
55334	-0.432658057452022	7.23710946157134	-6.06821769003401	1.61180662529568e-08	4.13463438662804e-07	9.15107516309069
55335	0.514654894381276	6.02766122994841	4.31610457497959	3.32264625953655e-05	0.00023990435405395	1.8321373982424
55337	0.556113020977368	6.19742453328913	4.49067558339063	1.66505631244726e-05	0.000136649508208484	2.48782351364571
55339	-0.208755611032396	11.0247701935121	-3.67485546878489	0.000359437523266727	0.00172520228187401	-0.408669306817312
5534	0.143044176147061	8.35170257072587	1.61889971965847	0.108140368057917	0.188486904443637	-5.47751021842941
55341	-0.163413710438883	7.96508675672623	-2.35230894368844	0.0203144612847533	0.0491642104342403	-4.0769611710409
55342	-0.0792573982541252	7.06206625236669	-1.02521944087597	0.307358130052438	0.426900648097047	-6.24665397637833
55343	0.225577681069029	9.10024296832651	3.457101135493	0.000760120045021475	0.00322309628946478	-1.10533314878649
55346	-0.429532145446456	6.63048008176482	-2.99428100566906	0.00335260567309613	0.0111888981251612	-2.46880376246637
55347	0.00366381242116734	7.67664966002955	0.058867377143988	0.953157383414397	0.968517651248975	-6.76569819121447
55352	-0.020856915471582	9.3127190629687	-0.334576935711831	0.738538597398876	0.813485640020632	-6.71173660820259
55353	-0.454555571914532	10.1613051936689	-2.89106052927958	0.00457216487384633	0.0144697631639734	-2.75019190589347
55355	-0.412386597642837	7.02138564442048	-2.62453570653643	0.00982515508682858	0.0271696622086388	-3.43683448206608
55357	-0.237885344892672	8.20526438757045	-3.32730380522499	0.00116993947882778	0.00464377707598146	-1.50412253091141
55359	-0.0896620564736175	5.64358132785475	-0.642053252190031	0.522084792850981	0.633937627669606	-6.56261858344531
55361	0.114048919478555	7.46546177691828	2.0775249457321	0.0399238618983603	0.084200628631753	-4.65818493549503
55362	0.425286836506533	6.03890382413011	2.82655084623119	0.00552865635861019	0.0169371981488902	-2.92170948510603
55363	0.12607507427151	6.67846280532545	0.453341340354377	0.651136075804224	0.744825368528305	-6.66522723404466
55364	0.00846671806372698	5.66266039158405	0.102389426006457	0.918621484541161	0.946778624164002	-6.76220545220337
55365	2.00490381654417	6.12236719996423	9.83398959786425	4.99536711007546e-17	2.29231846273463e-14	28.2137703447637
55366	0.0374697294919689	7.9363776889596	0.377912609306545	0.706174899077345	0.788670182041491	-6.69638641418785
55367	-0.471046093582171	6.59206774477329	-4.29103184292805	3.6639901169692e-05	0.000260539048157208	1.7395001558272
5537	-0.0621157437336755	11.0495982508894	-1.50708993768481	0.13446188787863	0.224557509120349	-5.64788257755626
55374	-0.0476521832039927	6.64238850893252	-0.676572365585669	0.500002251926825	0.61522696274625	-6.5400488687005
55379	-0.0892593808886513	7.70802571139917	-0.805682706769159	0.422047485013799	0.541321774256829	-6.44525310431704
5538	0.214526342755811	11.9156645049809	3.44441928201967	0.000793232000668176	0.00333722550766226	-1.1448465567739
55422	0.012838945705686	9.62111991508128	0.1343157384845	0.8933818814409	0.930002289261369	-6.75844475761516
55425	0.0953495156998925	6.92053534312052	1.04150863710667	0.29977014056364	0.418774688503388	-6.2300511705519
55435	0.506753309835528	6.85132601451198	2.73082942578041	0.00728759330558934	0.0211956058817493	-3.16997946719335
5546	-0.00599379930081354	8.25179382300639	-0.125157583900796	0.900611912398331	0.935730112756002	-6.75962726154133
5547	0.422214846193786	11.6911808445169	7.64162868231071	6.27705213709617e-12	5.63570115787113e-10	16.7703629891279
55471	0.0420769340032219	9.17561251893099	0.30401518937759	0.761652114160249	0.831185950979476	-6.72144138282266
55486	0.0385330108933408	10.1194530624385	0.632653538428761	0.528184773816073	0.639895311194011	-6.56856118662494
5549	0.583340844409338	5.10839789887038	5.53006854800904	1.9537043318364e-07	3.27334640587599e-06	6.74370719054324
5550	-0.124879308699387	9.14327444906506	-1.87030420434071	0.0639210166561115	0.123649110361631	-5.05211157845047
55500	-0.269465774546278	8.08422925875023	-3.26313871676929	0.0014417438669652	0.00554870553457866	-1.69660959879685
55501	-0.455862678631454	8.32436789715543	-5.20858918279968	8.17574708551537e-07	1.08571818209577e-05	5.36761505968223
55503	0.0219888745555058	11.2186938036609	0.144487411840768	0.885362244629276	0.924081444114035	-6.75703357807983
55505	0.0254245605122368	12.4014316687768	0.548573115867843	0.584335544732141	0.689531849140283	-6.61784302578913
55508	-0.0638850182755254	9.42696423811931	-0.886956308103603	0.376907767489018	0.498810430461971	-6.37720619105687
55509	0.42263649318255	5.64757486410378	3.44834028255944	0.000782852302453859	0.00330252182693211	-1.13264234775596
55510	0.473740755372808	6.55924501977043	3.75918931513484	0.000266693331509919	0.00134980816070584	-0.129793818274112
5552	1.81304931859201	9.31112236924838	5.90352399424901	3.50150949908337e-08	7.59119907150358e-07	8.40144006915996
55520	0.118422871188905	6.18501273862294	1.67157612331927	0.0972595690786486	0.172877994531878	-5.3932055348584
55526	-0.297578099116415	7.41447150445806	-2.89766470923341	0.00448333993238637	0.0142541908550852	-2.732443454502
55529	0.396188877372093	7.3506331709164	5.4048983781535	3.43026700974248e-07	5.21804889511471e-06	6.20205016234744
5553	0.888938482755197	12.6442017652096	3.04289941633167	0.00288908960700822	0.00986926391806779	-2.33333531443115
55544	0.00342752990078465	7.24806117474694	0.0297887729112441	0.976285869752121	0.984029442849606	-6.76698122791913
55556	-0.310298314815886	10.5053468010863	-3.63021300198277	0.000420163371276245	0.00194974688019202	-0.554266040720636
55559	0.114667228095943	8.72002433002694	1.12890230364158	0.261230384266394	0.376113469416143	-6.13659504224702
5557	-0.238496817856716	8.79987330892363	-1.99266454245493	0.0486077832467798	0.0986729637794055	-4.82417771051761
55571	-0.0919735995503413	11.3249518115587	-1.68018881939271	0.095567869355603	0.170592870420978	-5.37917672506529
55572	-0.396115744993573	8.89020703296618	-3.76984844829796	0.000256736737186946	0.00130984894945286	-0.0941927657644985
55573	0.236644164663657	10.4692088036776	3.18884700672578	0.00182968564248904	0.00676811616970869	-1.91557097376897
55577	-0.0843284127628735	11.1864709846488	-1.29462215555972	0.197979880300329	0.303943087493194	-5.93920862508802
55578	-0.154579021079122	7.1868855511084	-2.12349527281531	0.0358024162396654	0.0772337315590589	-4.56558049005252
55585	0.125057838120807	7.57163397983836	1.75142164108747	0.0824732964373013	0.151586432704074	-5.26052102556914
55588	0.0950107615797177	8.96098002529982	1.46809241484288	0.144741451581012	0.238065390294536	-5.7045500588127
55589	0.481101147495121	7.47359777042992	4.41945972751196	2.21180580581913e-05	0.000173829837831266	2.21810113491758
55591	0.11186856801293	10.1504779269792	1.38578764637423	0.168426950506458	0.26795196671482	-5.81944138523919
55593	0.0432605333845719	6.7059262762107	0.52408416421026	0.601203669578399	0.703790010022332	-6.6308844064771
55596	-0.169758439759471	8.18471234698174	-2.15837465386787	0.0329255284864421	0.0722734162365166	-4.49406732016713
55599	-0.0327325633119565	8.68353024835003	-0.287482920472372	0.774247166864706	0.840320131302134	-6.72630460545565
55601	0.083276458955756	8.12840350526199	0.647692293896749	0.518442996047492	0.630869055296448	-6.5590117561069
55602	0.0740405857668632	8.45493818099737	1.20003070688001	0.232532747532067	0.343476483300227	-6.05510021554624
55603	-0.108241748036948	13.1853936943832	-1.62217882256109	0.107435693902881	0.187456449437642	-5.47233750676283
55604	-0.187655662802842	8.30996304718691	-2.30189905140939	0.023095689174898	0.0543970323879834	-4.18853585446875
55605	-0.151952999386369	10.0631404499472	-2.00790441452295	0.0469392077606964	0.0959741734525397	-4.79484276197932
55608	0.109212210909116	9.51791498738938	1.0112741531637	0.313955732139262	0.433512930035156	-6.26066351330166
55611	-0.201775946839903	8.68029001075219	-2.21866160594087	0.028424104405115	0.0643417655210332	-4.36792939949261
55612	-0.279034362070875	7.79001044238735	-3.01039844396203	0.0031918436034999	0.0107435322595392	-2.42410144570338
55614	-0.170306171475487	8.00045717876205	-1.91382391000697	0.0580664260120541	0.114197304490373	-4.97259535788525
55615	0.137108656997044	9.36902546397477	1.70135872745658	0.0915109678073464	0.164715753778314	-5.34440232929677
55616	-0.197664446889861	9.87633103776179	-1.37601062111768	0.171425991267626	0.271371439014242	-5.83266364409349
55617	0.396979581782832	5.87125659597858	4.44391189607197	2.00699221153398e-05	0.00016017155234078	2.31036690869521
5562	0.212876235756684	9.49389972361148	3.51170552527287	0.000631844622419472	0.0027650936892364	-0.93385453922395
55620	0.063372877465335	5.30630014790116	0.869610104501495	0.386280127119852	0.507988194556596	-6.39227104800848
55621	0.144370224750433	8.28322969312469	2.03843718840152	0.0437427199538645	0.0906687244213101	-4.73544389234436
55622	0.0485240042842746	9.31618312885338	0.655710653809304	0.51328758142704	0.627368366763443	-6.55382916065933
55623	0.0507547297721608	10.4361899042812	0.973590194900945	0.332252946863781	0.453471470769139	-6.29757754585335
55624	0.147756626059117	10.1196799572058	1.89085437870122	0.0610976361656	0.119109387474122	-5.01477802301378
55625	-0.0195248315780166	10.2704631844896	-0.357955690911424	0.721016401952439	0.799730828538626	-6.7036869246628
55626	0.0398440682409228	5.61144778126031	0.595203647745913	0.552847847643068	0.661239968365443	-6.59137290434058
55629	0.175776225367447	10.9358490897929	3.27367930475331	0.00139338006090854	0.00538321763475425	-1.66520272250724
55630	0.358806533816796	6.07370793111553	3.52944291365383	0.000594768469148344	0.00262015336275484	-0.877684875899952
55631	-0.00995674073601818	7.27900250875655	-0.116338757767448	0.907581965014209	0.939073910937914	-6.76068708041521
55632	0.00931137677046393	6.22721553731692	0.113260169046932	0.910016886651445	0.940650667468519	-6.76103883286513
55633	-0.142042413248538	6.20443078742132	-1.76069545741729	0.0808823508550021	0.14912683438891	-5.24472914688215
55634	0.11745236995971	6.40236187636124	1.54883683142005	0.124100592052191	0.211180653141964	-5.5856375719055
55638	0.854358456262036	5.67077542090399	5.38100473709724	3.8163593667393e-07	5.71071166109903e-06	6.09949053141218
5564	0.0201869359292712	7.73158395050473	0.24406423850983	0.807605192415569	0.865440956065464	-6.73778397449293
55640	-0.39609010830189	11.0218754863526	-6.64582644364461	9.82584796332285e-10	4.14089307025749e-08	11.8601700976493
55643	0.298084149480351	10.185102805853	3.56148578111169	0.00053293350117784	0.0023829354209514	-0.775635935824105
55644	-0.124972543142236	8.8267689295547	-1.6233249787412	0.107190257149829	0.187067721119288	-5.47052711149617
55646	-0.21184638348894	9.89383049882047	-2.29420529893924	0.0235484001399522	0.0552741645797116	-4.20537089210059
55647	0.215636438286107	5.8576683824806	1.28019456377598	0.20298928952273	0.309752730733003	-5.95743767379674
5565	-0.251774821066351	8.68679913609649	-2.89700003553173	0.00449220746614099	0.0142713975655094	-2.7342313227639
55650	-0.0412205467043235	8.0309856556759	-0.420454922040583	0.67491834676012	0.76493215480771	-6.67950561588734
55651	-0.28914391804542	10.8037237927622	-3.11789179451378	0.00228899390921072	0.00818134560366965	-2.12074201669074
55652	0.111933815102188	6.70061911466667	1.56219062289168	0.12092283004973	0.206637388591267	-5.56538237398944
55653	-0.20694449702041	8.24504231205784	-2.45403924713058	0.0155874568253784	0.0396161210392695	-3.84512520704641
55654	0.0841505744542443	6.58396959324952	1.06270622732093	0.29008664037534	0.408614537772903	-6.20806090917183
55655	-1.16418084673472	10.2232017499856	-6.42269582580231	2.93426198981916e-09	1.0056848147679e-07	10.7997136161838
55656	-0.0605053382698677	8.7825524410964	-0.904088490141622	0.367791746724123	0.489914502167595	-6.36203911721399
55657	-0.428529929756906	6.6858078992831	-5.17631323444009	9.4144622369803e-07	1.22269588172103e-05	5.23224095942281
55658	-0.114708243926457	8.7221356042036	-1.74101118266704	0.084289751449213	0.154375464960199	-5.2781541630576
55659	0.195989354382238	6.29340145435964	2.70602042832329	0.0078198071183918	0.022451027736502	-3.23310002363155
55661	-0.286927762532605	7.803591405435	-3.64411825449391	0.000400278591088704	0.00187538352943431	-0.509067065705471
55662	-0.240619770530497	7.81534898706702	-3.57123891998437	0.000515350663719187	0.00231347634908722	-0.744427419692341
55665	-0.0875904069741683	9.00719319059305	-0.827821245572307	0.409443922612772	0.529099937544039	-6.42735727887547
55666	-0.0204143662337371	7.86818960243285	-0.247036938425503	0.80530920390712	0.863764968740788	-6.73705776498645
55667	0.0377398135933152	9.37949175925139	0.586233014017423	0.558839390761378	0.666476085430116	-6.59663184613224
55669	-0.0710074113539839	7.1047853401721	-1.05574267545117	0.293243941445557	0.411800040630373	-6.21533280165364
5567	0.138058354622965	5.79289011624604	1.62001435119109	0.107900420961597	0.188108374238665	-5.47575303447252
55670	-0.245188593915132	5.81867360842958	-2.82026599286865	0.00563100799025773	0.0172012300294116	-2.93823953376792
55676	-0.418807693083437	6.73291125094677	-4.17298802674209	5.77764114714309e-05	0.000382398364386233	1.3086622524528
55677	-0.1326114438875	9.98189075897676	-1.76841035423167	0.0795781491623477	0.147083354683596	-5.23153162470556
55679	0.379835943463998	5.28304706317595	3.34407030937002	0.00110726909997059	0.004446301782089	-1.45331452339667
55680	-0.106685632801321	6.09501279149312	-1.79821984728712	0.0747005839142802	0.140137820379731	-5.18002446702729
55681	-0.117842910197116	10.5994781519056	-2.89298055099106	0.00454617593987785	0.0144095983359137	-2.74503554363948
55684	-0.261072094695616	7.29261814138175	-3.78191456463064	0.000245892013288029	0.00126467498739671	-0.0537973925124442
55686	-0.126891938283327	6.62425449699064	-1.66445848471439	0.0986758369764723	0.174875358056429	-5.40474725463864
55689	-0.104643541419817	8.20788167142464	-1.221067963718	0.224496053207439	0.334597148952264	-6.03006610115073
5569	-0.766490198688803	8.40446493519273	-5.23257344676863	7.35970089688367e-07	9.90579320207819e-06	5.46854931259227
55691	0.177461422145979	8.20157093096494	1.9972984387537	0.0480951726155988	0.0978062620990741	-4.81528008560575
55692	-0.095249890711917	8.11017938147257	-1.7848228509796	0.07686118118317	0.143312270106768	-5.20327368572365
55695	-0.334277206614551	7.80199262338387	-4.83275207721539	4.09462420343574e-06	4.2276994900474e-05	3.82471620267692
55696	-0.0922100618483772	11.8788235898604	-1.35922877802172	0.176667846450101	0.278222385448586	-5.85514776140582
55697	-0.0161718044071489	6.92365576012808	-0.168066485296711	0.86681888121128	0.910931801374704	-6.75336646072517
55699	0.0578704155411681	11.2712488161592	1.10750380210217	0.270330099984918	0.386520101415168	-6.16015952518406
5570	0.0258064324898382	11.3598105864628	0.2454668345451	0.806521675702303	0.864953134419764	-6.73744242456614
55700	0.186676625749887	11.386416839698	3.22673509392828	0.0016210924738746	0.00611146683441544	-1.80442910085582
55701	0.143924412358212	5.94526227800917	0.929160276236623	0.354704116115832	0.476476825356443	-6.33932753688595
55702	-0.104802762342707	8.5082544748294	-1.36885473310091	0.173646551207212	0.274248664048101	-5.84228369107811
55703	-0.204522603388801	9.58509792447582	-4.49102067260858	1.66275532009278e-05	0.000136649508208484	2.48913790867071
55704	0.275183880498895	5.73624933466856	3.07816973565189	0.00259072272449236	0.00904071385902276	-2.23389607681941
55706	-0.357545421325549	7.38362725369731	-2.4453246366241	0.0159501004417049	0.0403549562475821	-3.86533254155993
55707	0.281018894899963	8.90162668183265	3.58299609236931	0.000494882779176993	0.00223373320000107	-0.706715354926288
55709	0.0418546540370039	7.52018915055225	0.720635131028809	0.472560163516068	0.588207798469367	-6.50953631080927
5571	0.0789723881539886	7.77643818359548	0.726736483253049	0.468827575393978	0.585148953272025	-6.50516087476481
55711	-0.186605050788688	10.6493513600716	-2.19154754037958	0.030377552032169	0.0677975087235115	-4.42505584107234
55715	0.194378203205018	5.61421265403111	1.76362096791945	0.0803857398758551	0.148343657590385	-5.2397310472789
55716	-0.0391234780056734	5.49091581021428	-0.478732505702467	0.633015401066533	0.730562301488318	-6.65347047529179
55717	0.0763870404527487	7.81422631029914	0.344931915646262	0.730760010179141	0.807394018737253	-6.70823813442415
55718	-0.16769153534944	9.14501659968845	-2.22972166619301	0.0276593013894921	0.0629412932344376	-4.34444169387159
55719	0.301535410559093	9.06803783471298	3.45933373463379	0.000754427048087075	0.00320553879485558	-1.0983647118794
55720	-0.161527705038128	7.24046993272831	-2.27784159109954	0.0245372712544176	0.0571084419728063	-4.24100576924796
55722	-0.265898434662844	6.20306241022047	-2.54249870178484	0.012301893719077	0.0326468952106889	-3.6363517803609
55723	-0.102692131860187	8.3952639229097	-0.955099251910794	0.341481338806961	0.463233179382489	-6.31518635169053
55726	-0.163080194527445	7.8040488583599	-2.06560031529757	0.0410573222335647	0.0858783189792972	-4.68189915693681
55727	-0.229099006089524	8.2105542896028	-4.00335863031696	0.000109554268225586	0.000652428446678688	0.705207896342272
55728	0.0783108606543505	10.9008936877608	0.48400633974932	0.62927901341801	0.727480007114452	-6.65094852751628
55729	-0.0256688606491946	5.22990286779697	-0.389146379964009	0.697869683295199	0.783113234231761	-6.69210319249491
5573	0.470572301982745	11.4448213925552	5.70184646884362	8.92396840542811e-08	1.70235517387612e-06	7.49868389438502
55731	-0.0834770798832552	7.82578068180667	-1.43598055007109	0.153655333356571	0.249399950631801	-5.75013692897704
55732	-0.220675042141391	7.59604520544124	-1.82504516771957	0.0705252645090631	0.133824646185358	-5.13297764398792
55737	0.0526213267961722	11.1714099317831	1.37789626902051	0.170844450929414	0.270962973248264	-5.8301205825967
55738	-0.258999056391131	8.71162707956672	-3.56002570283474	0.000535613928457514	0.00239015183633661	-0.780302061154108
55739	-0.0507704708803626	9.32347238447855	-0.706032704295896	0.481560337570262	0.597702863895876	-6.51985960236927
55740	0.126617254064243	7.32611558696777	1.29631178764705	0.197399265944862	0.303295747154866	-5.93706081473443
55742	0.153663925573547	9.09729267420402	2.13273570432399	0.035019860892543	0.0759930203022578	-4.5467397107206
55743	0.144852244944104	10.2115635199293	3.63376259384655	0.000415000406192851	0.00193448270606825	-0.542741171395329
55744	0.00770879223414659	9.74216128721654	0.0983331976456861	0.921834670143466	0.948561784879264	-6.76261063025088
55745	0.00110552351288379	8.90296069663231	0.0242019367919787	0.98073243975261	0.987547233007016	-6.76713135083668
55746	-0.0323364765717618	10.0784352374372	-0.727045899751471	0.468638726670535	0.585001644597041	-6.50493801030095
55748	-0.131587836176254	12.5542763017942	-2.53075381446029	0.0126989971375145	0.0335337967889609	-3.66445261797166
55749	-0.106328206817169	8.04830360345846	-0.576361503435237	0.565469335894111	0.672787160141311	-6.60232716101306
55750	-0.0544771008234083	8.42651967802546	-0.895312525279303	0.372443930076771	0.494230362454564	-6.36984420717518
55751	0.0725937308634328	9.56632307440917	1.18418652648329	0.238720623581274	0.350735032156051	-6.07367439889832
55752	0.0488703333173317	10.7464774633494	0.553177665854501	0.581188980990829	0.687079001428975	-6.61532474220691
55754	0.0651762935455138	8.73119646167295	0.885350204152396	0.377769551302447	0.499522655456201	-6.37861339578897
55755	0.0418443289752375	8.52843857832609	0.433844285628902	0.665194199050214	0.757235954266092	-6.67382161176283
55756	0.0601900535306742	9.32147991051069	1.18224472182629	0.239487007853362	0.35173589702503	-6.07593420754814
55757	-0.194201070452656	8.39153836650392	-2.92974167415541	0.00407401202161354	0.0131553320166254	-2.64574028533817
55758	0.274757023102439	9.39805359546974	3.96278807421621	0.000127337425204305	0.000733989624694737	0.563678317001535
55759	-0.264358779584344	9.60958844057137	-2.61583096913606	0.010064752808169	0.0277208596850537	-3.45827220067413
5576	-0.249984510144031	6.19052676636471	-2.84100905698998	0.00529962172724209	0.0163156449746626	-2.88356070476625
55760	-0.427341227083843	10.7519161382455	-6.36850667885271	3.81788683324726e-09	1.24156477333159e-07	10.544730257208
55761	-0.0660073160900451	7.60211349586446	-0.806520795437857	0.421566201370345	0.540956474028127	-6.44458436478327
55762	-0.0537493514789548	7.20794137166154	-0.769117662543669	0.443361214466331	0.561940099968067	-6.47375988259957
55763	0.183475251989752	8.95606011584388	3.74736270358627	0.000278169133851096	0.00139846442216072	-0.169201809174288
55764	0.263260295445137	6.77587432458062	3.38553555652589	0.000965518511820184	0.00392286419460636	-1.32675879851973
55768	-0.0657357919704525	9.23015795811185	-1.05692192336361	0.292707629500558	0.411428709396074	-6.21410463593976
55769	0.0397410011922459	10.2669210123495	0.300059731076196	0.764659893940179	0.833257351444047	-6.72262964472195
55770	0.405782279852623	8.28803965144947	5.38612524107279	3.73019769647024e-07	5.60207872233531e-06	6.12144658692332
55771	-0.416579833119569	6.24520726080463	-2.75193207684242	0.00686103193324782	0.020149243353898	-3.11589025705551
55773	-0.282851247048496	8.62085759250493	-3.05658197483002	0.00276975923087108	0.0095485021898978	-2.29487521633786
55775	0.00445301648124414	11.3130963782436	0.0383875185767608	0.969443624296774	0.980242910599994	-6.76668946583767
55776	-0.0556879302230023	7.33505821183009	-0.704534891791411	0.482488823658288	0.598312217897832	-6.52090664475411
55778	-0.0994402371051436	8.86545290288354	-2.09546999868992	0.0382688603507569	0.0814692748704257	-4.62225927655321
5578	0.5171330143801	8.86525790656118	3.70081636703151	0.000328048714957287	0.00160205441710983	-0.323352899323233
55783	0.101292865768025	8.39135468557309	1.61313489836033	0.109388197393637	0.190380638531698	-5.48657983510145
55784	0.310542604530405	5.24952569219632	2.71105341477884	0.00770906795186548	0.0221793456225736	-3.22033581669625
55785	-0.351495690937581	6.4918296895522	-2.57167651290017	0.0113631656600749	0.0305533035000711	-3.56603761130138
55786	-0.0657342844049673	8.02990962728045	-0.993905022906071	0.32230418714587	0.442665420840856	-6.27784898482616
55787	-0.14196771546853	6.63528778884081	-1.71166522339191	0.08958722841667	0.161888100354779	-5.32732259804014
55788	0.0390405956240758	11.995474901148	0.604650921613215	0.546572640634349	0.656393165852663	-6.58574872554784
55789	-0.0738852761865919	11.2813160482879	-0.564310067449655	0.573614900383665	0.680755614535786	-6.60914979682713
55790	0.488035077505639	9.05077632689847	4.45348512617691	1.93189468529525e-05	0.00015498034902815	2.34658805380699
55793	-0.211362900170226	9.88637032299999	-1.46711594897004	0.145006460719182	0.238377255200729	-5.70595060378854
55794	0.0882970191461989	8.75611324405628	1.35122382647336	0.179210434763415	0.28147522174288	-5.865778551227
55795	-0.0442979848161391	10.8363948832071	-0.896473330700297	0.371826470334777	0.493775987936537	-6.3688161293018
55796	0.142986452888463	11.7775551056487	1.21360498469374	0.227323752079386	0.337791430827091	-6.03899551825805
55799	-0.290353717591305	6.9233361757527	-2.80240788448176	0.00593135456949281	0.0179133414054883	-2.98503366223902
558	0.347344756642364	8.45717273127809	2.43933000219799	0.0162038994307493	0.0408934339437791	-3.87919517622774
5580	0.104416350952368	8.91964086328664	1.50023499794407	0.136226208121561	0.226914434114382	-5.65794708590124
55802	-0.305903264912732	8.25588257042181	-5.06480678185416	1.52682355795781e-06	1.84110402755205e-05	4.76862493796376
55803	-0.146294487956903	9.91248375390244	-1.1710810898261	0.243927123459203	0.35673478041307	-6.08885582031414
5581	-0.115090823450879	7.14887614352748	-1.17637173447916	0.241815625847209	0.354274045671859	-6.08274696048547
55810	0.121676306237328	9.83461338017054	1.76367318920705	0.0803768980519852	0.148343657590385	-5.23964175816232
55813	-0.139619916625024	10.6803645341276	-2.3494995238531	0.0204613019614351	0.0493893495620846	-4.08323728229816
55814	-0.113140423941104	5.67185489232681	-1.31024336910695	0.192659943377718	0.297341392432726	-5.91924769695409
55818	-0.312038884441912	9.14615019227455	-3.21706028434758	0.00167214084777124	0.00626957939291443	-1.83291387022865
55819	0.665382952674252	8.66721324402993	3.91837715566229	0.000149953571746004	0.000839740001777621	0.410012147631665
55823	0.110090268936151	7.07771285884147	2.19978612637201	0.0297719991487418	0.0667164169746628	-4.40776636071063
55825	-0.269274214931183	6.3406758910481	-1.88349035642808	0.0620971103850173	0.12076695138582	-5.0282003920117
55827	0.0868050161838117	10.5875639913532	1.71538857578114	0.0889004138430293	0.161069843900729	-5.32112820953212
55829	-0.0932103268504579	12.2780052546525	-2.00984184073758	0.0467306214840772	0.0956143010796329	-4.79109850331159
5583	-0.146170790790906	10.3994693547448	-2.65432427658212	0.00904367664362845	0.0254084248559085	-3.36299419836896
55830	0.0450497773115986	10.128990282583	0.564366946833086	0.573576323673855	0.680755614535786	-6.60911793264413
55831	-0.386881528991087	10.3965189371264	-5.46848819600033	2.57933407668172e-07	4.12094767377003e-06	6.47631387179809
55832	-0.0767067927181335	9.34555511862565	-1.59559905850072	0.113254920032531	0.195667040644769	-5.51397816634588
55833	-0.547055479248451	7.38526932003623	-5.7369459260922	7.59208886482438e-08	1.47554480055175e-06	7.6545524307572
55835	-0.157340831059487	8.18871071565891	-2.07518565907844	0.0401440717904192	0.0844815370672262	-4.6628470133233
55837	0.297979691382585	10.5141890223034	3.09685568554182	0.00244446783889229	0.00863983925941392	-2.18081957544397
55839	-0.122376680655165	9.64784535350436	-0.968478329994989	0.334787689031891	0.456327774158981	-6.30247877292459
5584	0.00127441084862919	8.02803021739639	0.0132298775486781	0.989466749659162	0.993040392569968	-6.76733575624301
55840	0.0667992975677403	6.74585124974224	0.763522196336228	0.446676907255047	0.564496825876176	-6.47800662284587
55841	0.263530542358711	8.20714109608464	2.61181511555278	0.0101770551983916	0.0279648955218613	-3.4681409649233
55844	0.0348190780877381	7.23760205601117	0.327350610485129	0.7439831197346	0.817085569606142	-6.71411500454289
55845	0.305377277275879	9.73629366861097	4.94029124373915	2.60101474977472e-06	2.88380964203211e-05	4.2585603022221
55846	0.334373643455415	9.03998177412207	5.14443770832774	1.08166135369721e-06	1.36613498188669e-05	5.09906213186288
55847	0.105624579170792	11.2815802800802	1.76526069656711	0.0801084915879918	0.147931173824461	-5.23692620680144
55848	0.105200115100805	10.7320550354778	2.08367220934794	0.0393501275724568	0.0833493902911512	-4.64591051483716
5585	0.512226951963227	6.72810877058708	5.76665096316723	6.61882947115932e-08	1.30480981937413e-06	7.78688105930892
55851	-0.147239712303264	7.58852296688124	-2.11787977711299	0.0362853239342964	0.0779700248952363	-4.57699322415345
55852	0.307599160550765	8.55047787349027	3.57777308010898	0.000503878835252174	0.00227061602792306	-0.72348084390257
55854	-0.121497580823426	10.3309584270961	-2.82207984941009	0.00560129222681872	0.0171231213151453	-2.93347212838338
55856	-0.0556580731003909	9.46544736243424	-0.697219541323882	0.487037697481452	0.602881873537971	-6.52598874183678
55857	-0.143734727104411	6.5450137266715	-1.90598829401404	0.0590859260712905	0.115816267050038	-4.98703894484547
55858	0.129042037391988	8.62330384009461	2.38670857356307	0.0185905644654153	0.0457426459589904	-3.99956185578977
55859	-0.328108357995903	8.47995631438151	-3.51654125715669	0.000621526261322378	0.00272350499656384	-0.918563693746484
5586	-0.0267061739214822	7.464187639955	-0.247891833290198	0.804649232728301	0.863366522457148	-6.73684729421976
55860	0.0868637180881284	10.3325681389339	1.42724928393018	0.156150685180602	0.252704674684908	-5.76236384565379
55862	0.261363076122423	9.48568555413741	2.13454544265501	0.034868341457201	0.0758127139869651	-4.54304088467959
55863	0.149940179558209	10.644596226039	3.10326936229166	0.00239605818084262	0.0084978276400859	-2.16253908293276
55867	-0.223474648356847	12.330842460114	-2.93127872150457	0.00405528867916185	0.0131051191274949	-2.64156500460412
55869	0.0130559241890359	5.63044790962887	0.143877191861298	0.885843032742164	0.924455268534463	-6.75712114006523
55872	0.0002289833737264	8.26265409334276	0.0016721987349563	0.998668604623911	0.998959902602465	-6.7674214761808
55876	-0.0141764203682605	7.67039061998012	-0.111204463903288	0.911643265995979	0.941811505064133	-6.76126846175558
55884	0.13415889689691	9.76677379522272	1.23145650531191	0.220602381007472	0.329615403206977	-6.01754744304481
5589	-0.214738714577095	10.4695294133706	-5.16143612560285	1.00453118410206e-06	1.28842043178308e-05	5.17001900293287
55890	-0.524491167528584	9.4003474831522	-2.21916977811744	0.0283885640356063	0.0642930215741797	-4.36685257067242
55892	-0.0165305383404606	8.77282175164649	-0.412597632239388	0.680650606682835	0.768896883369832	-6.68275845897224
55893	0.0103802134949687	9.74153026233638	0.111674202595151	0.911271597054273	0.941648568128294	-6.76121636108869
55898	0.0985733292022153	9.80294367542326	1.47076536693698	0.144017944889305	0.237206026876502	-5.70071165064234
5590	-0.129987853081035	12.6352991784797	-2.06194338089197	0.041410407525729	0.0864635910420935	-4.68914620063025
55900	0.268636134429517	10.0404750712581	3.15698414018132	0.0020241667080198	0.00738825320735464	-2.00818519742579
55902	0.230806094565896	10.6428367809545	3.32329667877734	0.00118540126251475	0.00469837544547592	-1.51623421833299
55904	0.0205460483105244	7.25016977535335	0.191425434480562	0.84852150640273	0.895577260782846	-6.74918828995825
55905	0.194682329086214	11.4380806958234	2.86200276055392	0.00498248312135929	0.0155596637362676	-2.82786637566177
55907	-0.240459791956026	11.7303932843553	-4.12502926819066	6.93557325725215e-05	0.00044510811228493	1.13615512540191
55909	0.00525259102207438	5.97668061154034	0.0598324890937113	0.952390329877963	0.967976390401375	-6.76564117747113
5591	-0.14686590046848	9.60507048246406	-1.83111940442754	0.0696072368833465	0.132234539249412	-5.12223314944141
55914	0.151807662031747	5.42875339234615	1.2609511988133	0.20981545864462	0.318053897670134	-5.98144217995076
55915	0.214983418034183	7.14038269762219	2.82962494605981	0.00547921503749107	0.0168074572006418	-2.91361249351686
55917	0.194510643181883	6.39435111578349	2.35009673456457	0.0204300091621998	0.0493536615026378	-4.08190371253398
55920	-0.107557557433126	11.1149833364587	-1.34818394945506	0.180183167964218	0.282626845306578	-5.86979964732147
55922	-0.208503931979238	8.37802724175992	-3.22842674084754	0.00161231722312082	0.00609228740300912	-1.79944117871644
55924	1.0602003373142	6.7702317241314	6.33837691365772	4.41776180598327e-09	1.38747956340007e-07	10.4034043930676
55929	0.233662967109886	9.31667059065588	3.88179768271223	0.000171409213215563	0.000941383045984408	0.284440973769108
5594	0.000882306243268158	8.12076115374722	0.0128183512358837	0.989794376758904	0.993040392569968	-6.76734109131089
5595	0.0966285671891573	10.1698977134049	1.47572109766829	0.142683975839989	0.235478449638024	-5.69357733340635
55954	0.131183416646358	7.83072191680374	1.72305621610499	0.0874995642036132	0.158915215550098	-5.30833156982191
55957	-0.301028444280076	7.57445478142713	-4.36612467401332	2.73075635987733e-05	0.000205615747790217	2.01811150155175
55958	0.290491877150919	10.2439417019207	4.36869729358997	2.70323597813534e-05	0.000204288464587355	2.02771811815547
55959	0.126429463437464	6.82701765886291	0.994066736025107	0.322225789427392	0.442638453462541	-6.27769033138756
5596	0.486248568280363	6.58704652173519	3.67781897194923	0.000355715605526226	0.00171424206630492	-0.398954230566742
55967	0.186381391677603	11.1588665978401	2.77249858343435	0.00646729317203403	0.0191881614946124	-3.062823804969
55968	0.084765729921011	8.90838967116961	1.54102780140921	0.125989243096046	0.21347100471248	-5.59740508485852
5597	-0.368189873884475	10.2686632164401	-6.51753840196458	1.84667817756097e-09	6.71963072539805e-08	11.2484298019342
55971	-0.598861318735692	9.40794733424058	-4.71759423072181	6.61231044457572e-06	6.34123290371585e-05	3.36719899768957
55972	-0.249871744201142	7.25787494122754	-3.46204161864047	0.000747575910533599	0.00317806331498071	-1.08990789700532
55974	-0.0796180997633747	8.77169673677828	-1.03559360641798	0.302510777027882	0.42166978297058	-6.23610979236795
55975	0.334344640050324	8.04531890678859	2.50448197183783	0.01362914615671	0.0354684143838767	-3.72688847170636
5598	0.252103959603541	7.08902458200425	3.3585263209696	0.0010557727996321	0.00424777560884616	-1.40933912118247
5600	0.0555051170443124	5.52223260227781	0.921225595048814	0.35881348755925	0.480668084210088	-6.34658148629942
56006	0.233604605124354	6.81637362190339	1.86537401345944	0.0646143710116971	0.124612352219617	-5.0610111440165
5601	-0.32449439383442	10.0145688301632	-4.30070025028336	3.52854792148095e-05	0.000253001786731186	1.77517608753713
5603	-0.260689667544804	9.46248581531686	-3.0282470204354	0.00302213542040867	0.0102770022941851	-2.3743583704562
5604	-0.194884753431431	9.7611739820675	-3.11228768884022	0.00232949114329429	0.00830811608100639	-2.13678055808287
5605	-0.0723563123925157	8.6642933506512	-1.03249098017104	0.303955058432194	0.42295633130895	-6.23927419183415
56052	-0.114778630791956	5.91400782261756	-0.995748220336329	0.321411360987734	0.441818060461462	-6.27603915773113
5606	0.0667367796671246	8.75569032034843	0.764937498915949	0.445836896984419	0.563867501020787	-6.47693536381233
56061	-0.693491204526687	8.2767645176752	-4.96207740080542	2.37086393786504e-06	2.67166932152322e-05	4.34721247237656
56063	0.00484043979904617	6.29021288730082	0.0797688080634257	0.936556346109214	0.95635497822501	-6.7642560789803
5607	0.413679118032062	7.05789682772193	5.31580062654414	5.09897859351215e-07	7.27419053236794e-06	5.82100453142803
5610	-0.148058699359547	9.95525131683354	-1.64826606664988	0.101959952172891	0.179686196916594	-5.430829331619
5611	-1.38239050388235	9.16059915027232	-8.38371508983254	1.2632071191778e-13	2.29763377076146e-11	20.5741719091453
5613	-0.625871301347305	6.858358289525	-5.91538994406888	3.31230667775686e-08	7.37456958443981e-07	8.4550848403783
56160	0.185928970158629	6.53827499398175	2.80276659398287	0.00592518041898314	0.0179012400368693	-2.98409627895779
5618	-0.153728626915412	10.1751950006248	-1.41064369114194	0.160982238805561	0.258627603065931	-5.78541890276727
56180	0.0486240660261232	8.29097636903578	0.382139808089903	0.703045472434122	0.786686237681451	-6.6947893494542
56181	0.137037188270991	7.65663336463874	2.17747218011032	0.0314369299319816	0.0697847463687633	-4.45445612451672
56204	-0.0405881012518398	9.4796700874323	-0.444258593294467	0.657669848262525	0.750739765982373	-6.66927778342182
5621	0.558615993388468	11.0140638076603	4.44077379509089	2.03221607622893e-05	0.000161404853746644	2.29850565266545
56241	-0.317070730480948	9.3376368233308	-2.2462443998992	0.0265502444835975	0.0608344922697758	-4.30915352987831
56242	-0.00946134355300747	5.35870506694826	-0.122008836812961	0.903099696011891	0.936852637486612	-6.76001455043208
56254	0.204265296135663	9.25223336882899	3.61772096963423	0.000438820516273662	0.00201593852303696	-0.594754013319106
56255	0.368516055141572	7.74906652339213	2.64931475454701	0.00917103476243013	0.0256528097316874	-3.37546353855668
56257	-0.014240748207632	8.41088446596007	-0.189990865252266	0.849642950245024	0.896188324482684	-6.74946052866397
56259	0.158883508467513	9.59764372132392	2.1151464817677	0.0365224026251142	0.0783164708420153	-4.58253815411901
56261	-0.11332456601282	8.18993745291319	-1.60709375116048	0.11070818297264	0.192232413570319	-5.49605098553636
56262	0.082441478355882	8.33890315477414	1.31715646617555	0.190339883460765	0.294586366382972	-5.9103398808851
56265	0.361277850942494	7.45486472065823	3.34138902140136	0.00111707551303114	0.00447480297654571	-1.46145385545246
56267	-0.207884490828491	10.1221939026555	-2.49837814704352	0.0138537906740176	0.035894702310974	-3.74131070776847
56270	-0.202282239204639	8.05229025730786	-2.61103759565777	0.0101989284593877	0.028015679772046	-3.4700501244723
5631	0.19620105490489	8.51281789051541	2.30719748197644	0.0227883897965727	0.0537938943591367	-4.17691221126625
56339	-0.0772095797132342	8.97533165987549	-1.49910070633504	0.13651988881324	0.227302755061481	-5.65960821097267
5635	0.029701172445295	10.3632263192549	0.498177494914463	0.61928679282427	0.71914929125945	-6.64403557130538
5636	0.0959282992953283	9.30987967431025	1.23423843453513	0.219568076147115	0.328445256127114	-6.01417755324136
5638	-0.394633257715737	9.48289226600571	-4.1446343597379	6.43761172426009e-05	0.000420685702866997	1.20649570961659
5641	0.477704446347648	12.3754854369431	4.53649270251048	1.38496211578555e-05	0.000117572323498342	2.66295368874745
56477	-0.357586585041313	6.55062085710108	-2.36649585279218	0.0195870828298201	0.0477677307866294	-4.04516418311522
56478	0.187922329046474	7.9919023773803	3.59165856555329	0.000480296171365277	0.00218100405468784	-0.67886628288143
5652	-0.746333134671446	12.1890306008972	-8.08407545565514	6.18564508850486e-13	8.48573837497931e-11	19.0264822783421
5654	0.0145874977178906	11.473425187866	0.0689798383839508	0.945122500592061	0.962484509294837	-6.76505476673533
56548	0.236926811478128	7.96598137500843	3.37921418480289	0.000985969088848782	0.00399612594400929	-1.34613498769204
5660	0.150433648517191	13.1167567621677	2.85011732220533	0.00515982695410348	0.0159985625528884	-2.85944110458221
56603	0.852249589954571	7.18555137674131	7.94051614819799	1.31720020380195e-12	1.57682227295712e-10	18.2903419147053
56616	0.0610677924651317	11.249905334377	1.66160610800413	0.099248063260226	0.175543683625154	-5.40935939150527
56623	0.222535255016942	6.95191079657476	2.27434955123335	0.0247529553017647	0.0575293783884571	-4.24858010739769
5663	-0.0416811586712083	7.58861961327398	-0.452241379825268	0.651925914423299	0.745522366487117	-6.66572212076513
5664	0.263442836777147	8.62086109103329	1.84841010125849	0.0670482724417754	0.128317592763917	-5.09146384922969
56647	-0.27351121873902	10.3474781807916	-3.58766337233177	0.000486972426981198	0.00220405054622723	-0.691717157153303
56650	0.0952623931311446	10.990426125364	1.69208377792755	0.0932707862865762	0.167046117677172	-5.35968868964503
56652	-0.144421147200475	6.59490548913986	-1.25019187011099	0.21370471121788	0.322470024599871	-5.99470935794682
56654	0.835694768808367	5.58432277324184	7.64451557289519	6.18362320864618e-12	5.61282722015576e-10	16.7849564814787
56655	-0.027535452336686	11.5362592645803	-0.387723351710021	0.698919739629173	0.783784190001889	-6.69265268777455
56658	-0.169778128125149	8.53512853708941	-2.79971642871589	0.00597786785840547	0.0180208717191347	-2.99206365839496
56660	-0.286856008618601	8.93744913567506	-1.46620554255947	0.145253880513809	0.238575671712878	-5.70725559074356
56672	0.107557486701178	8.67675980152583	1.25559133696425	0.211746391067264	0.320275625382825	-5.98806518193426
56674	0.0531518446162646	10.3828305270905	0.86803540382059	0.38713803358511	0.508954346237946	-6.39362410702588
56681	0.123072615690014	10.5968013635949	1.13102218646842	0.26034071993123	0.375094077556595	-6.13423656067326
56683	-0.781198620314573	8.3559679391916	-5.54640323575909	1.81440798986425e-07	3.0901051538719e-06	6.81492815425097
5669	-0.201386252319863	12.9017830023835	-1.24114251354972	0.217016421176818	0.326095805052505	-6.00578229680462
567	0.269779666652445	13.4080188399256	4.41666401172423	2.2364677758574e-05	0.000174770329504088	2.20757507016152
5670	-0.00787206288276392	14.1900186916326	-0.120109662064665	0.904600676566202	0.937986641782178	-6.76024337518456
5671	-0.137825100268634	14.3630624453726	-3.47143824811387	0.000724252890006564	0.00309644351524546	-1.06052020273043
5672	-0.00469793451731022	14.3550359479383	-0.118924642891005	0.905537411655072	0.938332381509238	-6.7603843355762
56731	-0.0394100596962763	6.83021767465618	-0.475787776170822	0.635105814199904	0.732143168656427	-6.65486667130023
5678	-0.115305657917498	14.0482193043241	-2.08423818856675	0.0392976619685015	0.0832731369573684	-4.64477871548791
5680	-0.195507064290884	12.7885641297604	-0.948368361022107	0.344881429145117	0.466544481614587	-6.32151362089983
5682	0.093476627685066	12.0041961027782	2.22167141254241	0.028214170265484	0.0639717393337627	-4.36154824554877
56829	-0.0666883636788792	9.00278905274694	-0.609268245351055	0.543518705661149	0.653678583104411	-6.5829679073672
5683	0.212513796278993	8.83422479870936	3.49636031088693	0.000665666652906223	0.00289085518033933	-0.982264283481122
5684	-0.0102469547987028	11.6604179603392	-0.197290037609797	0.843940230731297	0.893057845750721	-6.7480540778074
5685	0.0545797695279315	12.3260452868196	1.03772995486968	0.301518992552118	0.420629433960564	-6.23392549046153
56850	-0.0189383925793811	7.49430126361482	-0.261427484707774	0.794218914699884	0.855647350387511	-6.7334181003211
56851	-0.166424734013858	12.1596526506701	-2.63300818899336	0.00959690555984416	0.0266097482122567	-3.41590802115698
5686	0.102986278878133	12.0089800145852	1.91584372940407	0.0578060381091595	0.113847848064296	-4.96886315405831
5687	-0.0381402163131275	12.9908820406726	-1.02199628899844	0.308874702183773	0.42879076303159	-6.24990872399017
56882	-0.116365890403642	8.63923610566124	-1.11290301553249	0.268013580323362	0.383739326308021	-6.15425543284679
56886	-0.561918806841014	7.94449412399745	-4.24168362548643	4.4368805437126e-05	0.000304897115566273	1.55831850398162
56888	-0.0424742373557838	5.63891688507999	-0.513421150167807	0.608617355452942	0.710454968349533	-6.63637769204507
56889	-0.00588233619431885	10.5248949447615	-0.0971747763383818	0.922752565841402	0.948903331349151	-6.76272333965101
5689	-0.0885439671188931	13.2704036161314	-1.87058302041962	0.0638819921457206	0.123632908885579	-5.05160762227199
56890	0.0483077042007474	5.36252044316203	0.658411089180017	0.511557438584735	0.625809307273388	-6.55206951010008
56891	-0.0975953562270429	13.4893281030332	-0.531938021866945	0.595769658292847	0.699603509492947	-6.6267664485101
56895	0.324739244417377	8.37785094721255	3.9304394204725	0.000143458251298226	0.000809955677186156	0.451617829277587
56897	0.126981474381619	10.3573307042831	2.68897941396649	0.00820555389996421	0.0233878106327482	-3.27616257470843
5690	-0.0884614438213427	11.3072354742435	-1.6656553913353	0.0984365168378187	0.174519345155695	-5.40280967564416
56900	0.161641032367172	9.35529502494665	1.80220182727983	0.0740681628808758	0.139125467776468	-5.17308241040382
56901	1.29481556221816	7.75932169700798	6.72087321517856	6.77709920823383e-10	3.10993552555619e-08	12.2204943944913
56902	-0.0794986053754062	8.94566609433766	-1.07153664401098	0.286116332416384	0.403710438291652	-6.19877206677471
56904	-0.599697563710785	10.342923841404	-4.2686542010031	3.99691295808348e-05	0.000280735553008245	1.65715161744678
56905	0.0277645514485881	8.46058827781797	0.294602123540386	0.768815827314848	0.836131498830895	-6.72424365925806
5691	0.053586365435868	11.9345921833573	0.984084545864516	0.327088727386451	0.447903330273887	-6.28743608224195
56910	0.0521744806371083	10.8849149903926	0.963842036214479	0.337097501642349	0.458632752658404	-6.30690206827906
56912	0.115986513879771	5.70883875028304	1.23164719503267	0.220531370924048	0.329609280736721	-6.01731668756264
56913	0.0138762484141094	10.5987369303515	0.157554305284168	0.875077474066561	0.916346340744142	-6.75506968057465
56915	-0.783186898211681	7.30656811256221	-4.18388605708735	5.54166080605865e-05	0.000369444053737243	1.34806800086326
56916	0.0102617770638954	8.44966162446123	0.161223593741188	0.872193188869941	0.91483938058688	-6.75448765769814
5692	-0.0164598126119159	11.5410254602552	-0.290463546115155	0.771971826611636	0.838680427175078	-6.72544786674098
56920	1.08197899588443	5.22329862920002	10.6338725381526	6.2925783004011e-19	5.77518852903478e-16	32.4788949374163
56922	-0.0411739344151348	9.28064879231067	-0.637563785671555	0.524993667603794	0.637057102160619	-6.56546773111475
56925	0.0762542030760968	9.5780565269972	0.675298844655358	0.500807936883466	0.616034781631783	-6.54090237147942
56926	-0.215364344209566	8.90856839526995	-2.38651174764232	0.0186000475693026	0.0457523504831566	-4.00000761473884
56928	0.133375131427712	6.84476055234987	1.63608126680119	0.104488896977102	0.183360588279342	-5.4502956324611
5693	-0.139025981120761	11.2919499301824	-1.9797738436679	0.0500582779318437	0.10104627950074	-4.84882779354573
56931	-0.404481545051272	7.47055231794105	-2.70359096660604	0.00787377657106424	0.0225511076549898	-3.23925392404951
56934	0.484210228062001	6.49717966380448	1.85239071886821	0.0664703936682769	0.127447876439175	-5.08434160453319
56935	0.670105972483068	8.05468421986094	5.43742922600453	2.96539621010995e-07	4.57740007748004e-06	6.34211861477509
56937	0.285267656367964	5.99557195510301	2.89994569444122	0.00445303088801786	0.0141741946570434	-2.72630526290497
5694	0.0154727681153994	12.6670135538246	0.264520802527065	0.791840410465726	0.853753007498616	-6.73260886573661
56941	-0.112669821047072	8.74907226342301	-1.49063587470437	0.138727178124831	0.230467918606417	-5.67196644325777
56942	0.0144717297400124	11.066900356566	0.258958255794892	0.796118939444415	0.856577105615588	-6.7340572447625
56943	0.0880684361189603	11.0976762909206	2.04957126858088	0.0426243362555642	0.0887738319392234	-4.71357581172188
56944	1.03172301439703	9.18542133904182	6.36254780026359	3.92978178625783e-09	1.26947001320732e-07	10.5167541479612
56945	-0.151558769450023	10.6105490186999	-2.88184908512281	0.00469875420015694	0.0148109235288783	-2.77488869426613
56947	0.252464059222954	8.89440765724684	3.64928473247001	0.000393119906062994	0.00184918589070634	-0.492238453942431
56948	0.00632088540747657	6.35024651084325	0.0561193348362181	0.95534171608454	0.969306298348889	-6.76585545311038
56949	-0.583386348374568	9.15151236512856	-5.72316416193626	8.09003303799203e-08	1.55766137281618e-06	7.59328713871439
5695	-0.00585491457859726	11.704417291881	-0.0839866219293421	0.933209479558686	0.954234996429159	-6.76391234468164
56950	-0.0929996782837396	10.0036421965085	-1.46851512332842	0.144626846726051	0.237924268862215	-5.70394348954378
56951	0.23752992621989	11.0841735322301	3.95379085855157	0.000131638608875365	0.000755289160661673	0.532440298715448
56954	-0.0891972013084473	8.38617507585335	-1.38656201325636	0.16819113354446	0.267731501845681	-5.81839027510375
5696	1.00659548262326	7.1068791355362	5.69056385266455	9.39886690926818e-08	1.77248038060628e-06	7.44869420542505
56965	-0.0921179408841614	5.67785899540713	-1.77355087750845	0.0787187941559809	0.14591948826939	-5.22270761165316
56975	0.726006581917771	6.06342536150786	3.87681158124813	0.000174550970366297	0.000954196568646997	0.267394697331641
56977	0.300037896622669	6.66849496877693	2.13341295723385	0.0349630917048526	0.0759387687304977	-4.5453558498988
5698	0.77921119761058	4.946370812915	6.15910783284494	1.04585217563353e-08	2.89890569487682e-07	9.56934257910036
56980	-0.211849772864939	8.26001620354124	-4.0500254594151	9.2032417379074e-05	0.000565195366209035	0.869351888060324
56983	-0.193409850863229	10.612648419714	-2.66281189402796	0.0088315400512284	0.0249141123029872	-3.3418198275186
56984	0.11587442288007	11.2658301803574	2.88769686245921	0.00461802334944204	0.0145981143767284	-2.75921814007068
56985	0.188537248695413	5.92974543473664	2.47179823304021	0.0148711094897337	0.0380766783587106	-3.80374539997652
56986	0.257384270210011	8.58205164388139	4.6207661872401	9.83987082861168e-06	8.74890560218864e-05	2.98830570386638
56987	-0.145143083630009	9.84059834157673	-1.48535858211507	0.140117310946368	0.232216891736958	-5.6796369401551
5699	0.0743259944723244	10.7971894499868	1.00183651337156	0.31847388917528	0.438798052475031	-6.27003766464294
56990	0.00832408811872806	9.02466536501667	0.0971274301598426	0.922790083651704	0.948903331349151	-6.76272791782433
56992	-0.283252052767413	7.11682271152877	-2.13864879990657	0.0345268885141225	0.0752485749674544	-4.53464351160872
56993	0.0790825890220003	9.41141299247637	0.786465300361706	0.433172556667508	0.552315696003766	-6.46039864070584
56994	0.388718920501866	10.4583734623115	4.96017065409792	2.39018929279497e-06	2.68644737445443e-05	4.33944342054176
56995	0.0218397793588957	8.98464651403693	0.263520540145	0.792609315602806	0.854470496851889	-6.73287158182004
56996	0.0856487782508926	10.0217886437154	1.04138957751929	0.29982513904744	0.418774688503388	-6.23017345441052
56997	-0.0684707136697284	8.1985382356912	-1.02178357675488	0.308974964456032	0.428857873703045	-6.25012316732225
56998	0.404492434549658	7.08815946959119	4.67595938274649	7.84970722028203e-06	7.30987391651968e-05	3.20362214281838
57001	0.0548452844798035	9.08683759034544	0.622481623899268	0.534827064962968	0.646147269452025	-6.57489391721515
57002	0.0323350519073275	8.35415177876671	0.449656924782718	0.653783266028896	0.747025837238717	-6.66688018678835
57003	-0.18210799624771	8.61164200517708	-2.60127731061006	0.0104771337358154	0.0286319734084231	-3.49397298116265
57007	0.958100012187821	9.5801731192009	10.8088994336452	2.41362602779752e-19	2.84807871280107e-16	33.4129440671414
5701	0.0904886474812359	11.6496283579847	2.55418987184081	0.0119177070802798	0.0317959497684467	-3.6082638900873
57017	0.00513955365269656	9.86872437673405	0.0898727916040487	0.928540771554554	0.951817668533211	-6.7634030518781
57018	-0.0750161428363001	9.28078650092794	-0.97124519371422	0.33341416390625	0.454755778379397	-6.29982907144879
57019	0.0915336952186478	8.55132769332761	1.86490312079566	0.0646809223314141	0.12465882734888	-5.06186000231702
5702	-0.0903163049571344	10.2974703834694	-1.43597914548624	0.153655732296033	0.249399950631801	-5.75013890169045
57020	0.20965167530911	6.74397408660388	2.3750148235095	0.0191614624029014	0.0468403904847486	-4.02598726705329
57035	0.0124863575777494	10.2531414457319	0.101497768662036	0.919327707115834	0.947186351341057	-6.76229592415252
57037	-0.0980224673789871	8.9696505433003	-2.09079889070124	0.0386938695141728	0.0821688858544663	-4.63163834241186
57038	-0.104415797736318	8.81843396861319	-1.47089813044141	0.143982082194986	0.237206026876502	-5.70052082444303
5704	-0.208254678710553	9.4504011958815	-1.40014464798723	0.164095544031923	0.262934858138445	-5.79986113316506
57045	-0.0846271647459339	11.0583575953657	-0.622977155101985	0.534502495498489	0.64603315961626	-6.57458777672887
5705	0.0563082472860808	11.9812075961268	1.19234670815648	0.235519155711714	0.346957058351838	-6.0641382783481
57050	0.0428654560846762	9.82557274960655	0.391144678827159	0.696396122044148	0.781978244709715	-6.69132816992583
57060	0.27133249955362	6.02026865608854	3.23370760191926	0.00158520731550471	0.00600358203854604	-1.78385619862054
57062	-0.543560777367303	9.34787551100237	-6.01034027636077	2.1195037755007e-08	5.2416470615676e-07	8.8864015108776
5707	-0.0716257539340688	9.95332098211444	-1.25676560956006	0.211322241298522	0.319751183939511	-5.98661652122291
57085	0.322835027131011	6.89869375524657	3.66792319899465	0.000368288434471045	0.0017543612853119	-0.431370737261014
5709	-0.128081902769798	7.28831501931684	-1.73923399792888	0.0846030938036385	0.154745444205762	-5.28115437184728
57092	0.0477162172242089	11.2026603758898	1.29929690268651	0.196376566449419	0.302174075795864	-5.9332595735168
57095	0.0912550149418695	10.775625513207	1.28385906582098	0.20170816443303	0.307854663380788	-5.95282644182304
57099	0.086767058794386	8.65710675023422	1.14055660672135	0.25636561181795	0.3706400957606	-6.12357551047398
5710	-0.204546657502597	10.3648956138224	-2.14101976952018	0.0343309145366608	0.0749005161312252	-4.52978461255307
57102	0.60870541393891	7.92091118791357	8.17449857654418	3.83563950337131e-13	5.8252716562848e-11	19.4920026163683
57103	-0.10483315732705	8.87909940682019	-1.16034795207425	0.248250935341841	0.362160495571107	-6.10116623415418
57104	-0.0957929507602583	8.55095178435114	-1.31928861343831	0.189628548379659	0.293735642243032	-5.9075833389061
57106	0.289676553545029	7.63426415745258	3.52960097417379	0.000594447490285955	0.0026201367501398	-0.877183313491987
57107	-0.75441791517628	7.39110968564298	-4.7416420874277	5.98603917902794e-06	5.85712115062885e-05	3.4621269193005
57109	-0.0647967052521933	7.8929760543686	-0.510625169978198	0.61056812204202	0.712228878416479	-6.63779950175354
5711	-0.316807860968604	6.98011748584211	-4.01724676059785	0.000104031550802512	0.000624038205975853	0.753907289448047
57111	-0.568330506248099	9.91498756479623	-7.83369306402953	2.3060532343644e-12	2.50631575208552e-10	17.7450550289984
57117	0.0569524219260772	8.78102913651775	0.85595266062847	0.393759875197558	0.514385033865543	-6.40392562036692
57120	0.117266848976844	8.76161609791325	2.41340124249777	0.0173435331504069	0.0431758842140931	-3.93880157524589
57122	-0.195367132675377	9.81474520236913	-3.13509770935983	0.00216870262771656	0.00784990521688817	-2.07134761880258
57124	0.812438149852829	9.99699354464669	4.79556087380084	4.78371407155558e-06	4.84827953755203e-05	3.67614913482149
57128	-0.526533143717826	6.73259261845724	-4.52431410663608	1.4546207832267e-05	0.000122354049587093	2.61628105298594
57129	0.0178567991928534	8.43971287137883	0.282708064391896	0.77789626982806	0.843452768282985	-6.72765867903635
5713	-0.0132654542119095	11.3590018166059	-0.308373746058188	0.758342033276812	0.828668500445359	-6.72011403371841
57130	-0.292280850209942	8.51413759145606	-3.99906526303973	0.000111317494346126	0.000658183610092342	0.690178833332181
57132	-0.0393891512175955	10.1703766299407	-0.64966284752048	0.517173518665591	0.630066853123567	-6.55774397325549
57134	-0.0911811168890851	11.7501742952985	-0.81750059787456	0.415291072048573	0.534731762294811	-6.43575970736314
57136	0.0722903810492297	10.284513774826	0.926857033873495	0.3558938538816	0.477686583207997	-6.34143949414259
5714	-0.027333312629811	9.8364733126808	-0.424151027538236	0.672228431374592	0.762720720213479	-6.67795430646359
57140	0.250098210319743	5.4453419895932	2.98967450512734	0.00339990633464507	0.0113184233008308	-2.48154229450246
57142	-0.215977705656793	11.8059720222222	-3.62879183953756	0.000422247465616374	0.00195575378873291	-0.558877779228877
57143	0.169321351823384	7.17249932245865	2.47630022079675	0.0146942443342737	0.0376705332716016	-3.79321274035325
57146	-0.067251157211341	5.90804303745067	-0.717699080516008	0.474362223445022	0.590184058691954	-6.51162879781483
57147	0.0889926747652778	9.07013718243993	1.81546915450582	0.0719929441436734	0.136070587857028	-5.14984781921931
57149	0.136403975681102	9.89329076896495	2.07852587716027	0.0398299562578703	0.084099038519941	-4.65618864101165
5715	0.279491099814922	5.85858182991617	3.61911995816414	0.000436692795734916	0.00200728018518108	-0.590225276871559
57150	0.0310152140496865	5.64465669325071	0.340444119406842	0.734127823501048	0.809914072386278	-6.70976742111102
57153	0.146346434529345	11.9215310625967	2.24186122896553	0.0268405990603258	0.0614136698721027	-4.31853810612992
57154	-0.241293145732176	6.59074893039808	-3.98549379347768	0.000117071141153307	0.000683948203981973	0.642751904104141
57157	0.0972602894151521	6.01493326812236	1.21227283047049	0.227831194080531	0.338407779734793	-6.04058382039454
5716	0.0773405750290893	10.4687641781246	1.37710230930879	0.171089128196964	0.27107290339517	-5.83119175982874
57162	0.25059518790615	8.27752849686101	2.32192183838196	0.0219532172827801	0.0521936509916694	-4.14448208728395
57169	0.151206379350111	8.19985728197915	2.28957693888571	0.0238244802774449	0.0558257440380865	-4.21547360921161
5717	-0.0307010641117454	8.04740289803169	-0.434692659712584	0.664579955151482	0.75705839602141	-6.6734554799552
57171	-0.24089645581892	8.56784828270669	-3.93670072404224	0.000140193323869051	0.000793148530930384	0.473253155127713
57175	-0.154075044863528	9.65126450694636	-1.84000032744965	0.0682829237885551	0.130167770711624	-5.10646336525177
57176	-0.265965775550697	7.82599911526903	-2.54051299770043	0.0123682393040299	0.032775635755947	-3.64111095858424
57178	0.383026783960972	9.69159120994762	3.42384163951	0.000849859102916156	0.00354000816444148	-1.20870933572626
57179	0.0313575438853608	9.40690429148576	0.637329053956125	0.525145988919631	0.637148335557602	-6.56561615264271
5718	-0.149769576549572	9.93862572155431	-2.31111736483814	0.0225633647740663	0.0533868212643334	-4.16829711956571
57180	-0.47348300569578	6.0957769828802	-5.19322204231946	8.74430085788072e-07	1.14829769612233e-05	5.30309583439593
57181	-0.165729830884432	8.7280799677561	-1.96400897983453	0.0518819793560787	0.104041065666718	-4.87877061724654
57185	0.156726014980837	6.53604573241656	1.31048780126528	0.19257755371504	0.297269780169357	-5.91893351194812
5719	-0.0344496720855588	7.20366777590098	-0.452381603270063	0.651825203434237	0.745510409909554	-6.6656590990178
57192	0.182305387165763	8.44580774231066	2.58705728269052	0.0108947020724255	0.029560470640185	-3.52868408225417
572	0.319926926871239	8.62939418482438	4.53964302734989	1.36747429144261e-05	0.000116446779869237	2.67504110163144
5720	0.0199596720448436	11.5065972936582	0.320721500746962	0.748989114724206	0.821491181466199	-6.71625125285094
57205	0.404790989944603	6.81898898039527	3.87045202543209	0.000178637778164774	0.000968843104163514	0.24567741851173
57211	0.385999699722367	10.7903253621393	2.5937366788663	0.0106967321813862	0.0291696955491086	-3.5124007733468
57213	-0.104922805600254	8.23119526753314	-1.58307395849667	0.116082942421568	0.199676198334476	-5.53337212033916
57215	0.253093078365924	9.84163810414206	5.3417317838711	4.54507636332635e-07	6.62122235645073e-06	5.93151074564987
57217	0.129134785549973	5.23775881919428	2.12880633289959	0.0353508065319751	0.076519303447095	-4.55476075090309
57223	0.0555862331889953	10.2241141843594	1.14275835318959	0.255453754900364	0.369663190068482	-6.12110115678328
57226	-0.0349175486737865	9.94660616610422	-0.489363423407474	0.625493460846166	0.72402192649811	-6.64835859615982
57228	0.538696707030655	11.5665988311917	4.5630088139219	1.24426418913223e-05	0.000107282068916829	2.76487528478081
5723	-0.101760843743093	6.91078701501624	-0.904639328791699	0.367500971865468	0.489690671049033	-6.36154671318674
57231	-0.0969893658564319	10.7266203037723	-2.01523600270133	0.0461540347530893	0.0946925799951608	-4.78065603381208
5724	0.0855984753681714	6.41282887457959	0.792920667201986	0.429416473339061	0.548523661221582	-6.4553514059788
5725	-0.0272983446021504	12.1017231455667	-0.548903074358025	0.58410979758774	0.689531849140283	-6.61766326405265
5728	0.332831607299974	11.5869950557766	3.92371047732188	0.000147047822354094	0.000825772651200698	0.428395994923608
5730	1.26771306235376	9.45628761505136	5.64390226140697	1.16400781345562e-07	2.12245133314424e-06	7.24254478872231
57325	-0.181590001803801	9.17336338681001	-2.99722809353944	0.00332266337704283	0.0111114167993416	-2.46064525459425
57326	0.332046983514773	5.89167013163909	3.30003887173096	0.00127898451026113	0.00501872306639285	-1.58629338189057
57333	0.401401530805484	7.67046346509977	3.44431864272227	0.000793500108601534	0.00333722550766226	-1.14515965016461
57337	0.469491453248888	8.63639759032243	4.44669914391261	1.98484185871713e-05	0.000158556999545488	2.3209070049481
57379	-0.0569428045099283	5.90410392391217	-0.597763514473335	0.551143966173489	0.659595149324665	-6.58985765100202
57380	0.242020473136579	7.8849399778817	3.70395747176529	0.000324432058358123	0.00158662451275198	-0.312997999930908
57396	0.21841714707071	7.33484609696929	2.6877588907135	0.00823383317810213	0.0234603180583386	-3.27923761658981
57403	0.125124152430031	9.14444138829547	1.89557150635985	0.0604645264223057	0.118098129167237	-5.00615425797162
57404	-0.0103865995657919	9.15999534728478	-0.185446452931427	0.853197471281009	0.899019149480946	-6.75030941292476
57405	-0.313308513826869	7.35935895195207	-2.08332415812542	0.0393824214069474	0.0833843265127233	-4.64660637780087
57406	0.110484160128439	6.41633557737182	1.26423716157241	0.208638066260113	0.316617752582865	-5.97736825217961
57407	-0.0989432297953613	9.82657908662096	-1.23124415671699	0.220681476082211	0.329625495920264	-6.01780436717524
57409	0.176354546767445	8.49086134933336	2.06708287265483	0.0409149155921843	0.0857106778573275	-4.67895773432364
57410	0.0201743971723257	11.5781743507344	0.41454684226059	0.679226807251421	0.767813525098774	-6.68195721063927
57415	0.272649331327245	8.89269438038495	2.00252405803223	0.0475226300413934	0.0968509558701972	-4.80522313542007
57418	-0.0848896564696159	10.7991614988546	-0.939738467311557	0.349272674870675	0.47101915011131	-6.32956155048278
57419	0.519955952594565	7.81374470901718	2.26798803650311	0.025150148150521	0.058337318560096	-4.26235109356633
57446	0.0491741386632797	8.7404969915572	0.662976514226891	0.508639442315224	0.622977727390829	-6.5490782740884
57447	0.317314252128543	7.06284131413179	2.71030205546451	0.00772550897652543	0.0222111744330317	-3.22224267367864
57448	0.110391320891178	8.59498821234594	1.72362878989368	0.0873956848433667	0.158796382931414	-5.30737381658261
5745	-0.0658074186080101	9.78480062871803	-0.562714974775738	0.574697230273122	0.681354833078224	-6.61004207686553
57458	0.302273914926387	5.37973446000383	3.55860926063462	0.000538226400501337	0.00239921752193257	-0.784827265596145
57461	-0.0430243841748625	9.06273997153973	-0.688229618534719	0.492659845743406	0.608003933339389	-6.53216214479758
57462	0.051803804819056	6.50134311312204	0.496577550269855	0.620411415004763	0.720050342551544	-6.64482600224337
57466	-0.194350300667712	7.90401888599312	-2.52349943109617	0.0129499768044377	0.0340441783592156	-3.68175125257867
5747	0.212455247741866	11.4254227355055	4.04215139081325	9.47877976164762e-05	0.000578247568915874	0.841555384948399
57470	0.0841641345116727	10.3145870296746	1.75857541510921	0.0812438063481369	0.149759839418793	-5.2483462249714
57473	0.0783800837695589	6.86580274482219	0.964899417010684	0.336569800753489	0.458227551380224	-6.30589510391668
57475	-0.706451541493327	10.4079035778361	-7.51925640820569	1.18336136597034e-11	1.00225922749856e-09	16.1534370362967
57477	-0.232483572807705	11.1624662290268	-2.01207873572504	0.0464907769876108	0.0952887885651775	-4.78677130323839
57486	-0.0262419842571279	5.9079908120899	-0.303558596974306	0.761999127561522	0.831436220342609	-6.72157934127991
57488	0.153497773331316	11.398730702316	1.94446301753289	0.0542209578668181	0.10795025873322	-4.91558385389722
57494	-0.420974422961831	10.5165411180922	-4.86981066459771	3.50423692550023e-06	3.7061455831795e-05	3.97351084762889
57496	0.661511171186252	8.24520169656977	5.79107926995854	5.91109189561769e-08	1.17936277917396e-06	7.895986046181
57498	0.215670372905563	9.68165909167145	2.72478048513324	0.00741423303926156	0.0214803040387669	-3.1854162898819
57502	-0.341588688475815	8.6436699639375	-1.33158048169703	0.185566335516058	0.289094291090652	-5.89160746485412
57504	-0.19353380677457	9.70511095056869	-3.3049329021393	0.0012587363141092	0.00495102950216285	-1.57158499566245
57505	-0.200607086994357	7.96099809091672	-2.09825420758078	0.0380174508082428	0.0809757977504089	-4.61665966310411
57506	-0.109838039221265	6.77372323114624	-1.30233276570609	0.195340517790829	0.300916202340963	-5.92938499909282
57509	0.0303865256552204	8.79339618711975	0.271461566258254	0.786510707756291	0.850003721845737	-6.73075851250404
57510	-0.237974960722227	7.38403812897997	-2.61758441773038	0.0100160695223711	0.0276143972813036	-3.45395895952258
57511	-0.169873418352256	9.11657601673989	-2.37973511781479	0.0189291719040268	0.0463882385804975	-4.01533456614222
57515	0.159627533735286	10.4644309712516	1.86988239042074	0.063980093766997	0.123649110361631	-5.05287386677684
57530	-0.420915243411543	6.78491053388829	-2.85096375223543	0.00514700873334616	0.0159768102733707	-2.85719626400318
57531	0.237251783435986	6.51277954983736	2.95939047305722	0.00372650714895233	0.0122091055935148	-2.56486877005563
57532	0.162744972502898	10.0075340604265	2.93782291028689	0.00397645351516699	0.0128907009557611	-2.62376704804931
57533	0.28420453295438	8.81150621080566	3.68546965929903	0.000346274991852617	0.00167657176594526	-0.37384480053902
57536	0.11008057158885	5.46591759559942	1.21932579021953	0.225153868550222	0.335396024206463	-6.03215537766535
5754	0.417801837289338	8.00624444019102	3.20350103878337	0.00174620909029914	0.00650594816683398	-1.87271483182629
57541	0.072184819406187	7.62403072408231	0.922779250405354	0.358006471670509	0.480054132467274	-6.34516594883521
57542	0.143253068463123	10.3893146168274	2.26184648277542	0.025538897190424	0.0590238642397601	-4.27561242464249
57546	0.0964711549671157	5.63554223654968	1.2259313635764	0.222667079751721	0.332230866826086	-6.02421835266368
57551	-0.241585622766512	7.69011290847531	-1.86846200605312	0.0641793614356908	0.123918075142311	-5.0554395484205
57552	-0.0599507809240412	9.62358798721262	-0.733316485968219	0.464820749495517	0.581465908046793	-6.50040121800165
57556	-0.155836458617568	12.0295826710389	-2.21333266325283	0.028799142190511	0.0650481034983925	-4.37920790577038
57561	-0.233646813920721	8.97665302150359	-1.78775464889202	0.07638399798367	0.142680195238606	-5.19819989206148
57563	-0.438347815180848	8.71629990755224	-4.63776131899852	9.18010607030543e-06	8.27813058304835e-05	3.05441920325216
57568	-0.225665363308513	9.45690676439051	-2.7036721527161	0.00787196761298128	0.0225511076549898	-3.23904835586439
57570	0.0015284052915247	12.3408925090847	0.0231459940630102	0.981572938302045	0.988152647212052	-6.76715623391189
57572	0.408948200279033	6.18084045880624	4.5442364057651	1.34235761201528e-05	0.00011466260470782	2.69267582812805
57575	0.528106539430233	6.87600558767529	4.25859896129408	4.15580393863916e-05	0.000289678823064637	1.62025096352987
57579	-0.0464784270048857	8.58100273903104	-0.541371657600974	0.589272763760734	0.693262075012628	-6.62173960097123
57580	0.269840947463958	5.47596750264749	3.58868864620479	0.000485250809390049	0.00219919991116922	-0.688420369378086
57584	0.170333708787317	10.9559900573033	2.88824284831468	0.00461055110007158	0.0145800735400426	-2.75775363257369
57590	0.0291225926231617	10.7215097529917	0.574460785964006	0.566750284701077	0.674061533712152	-6.60341272918578
57599	-0.121296503875696	8.44961989780516	-1.5237976820686	0.130236607782318	0.218798214558303	-5.62316728221795
57609	-0.0411634563665136	11.105798069664	-0.740513920759929	0.460460120173479	0.577322494328012	-6.49514626709089
57614	0.0174311375314557	8.14666119899437	0.344166127278206	0.731334317250324	0.807596451936855	-6.70850050304727
57617	-0.0859756785976745	7.1747881719528	-0.99712749603754	0.320744324810459	0.441410883527889	-6.27468269687301
57621	0.0259602276379268	7.48032621944645	0.19923804953776	0.842419668521592	0.891872143295097	-6.74766976601036
57623	-0.0366327300378915	6.07159378219675	-0.406130967679411	0.685382415403003	0.772340893755635	-6.68538969793145
5763	0.526797468004812	9.22039699213672	5.90456905175844	3.48442846620629e-08	7.59119907150358e-07	8.40616235248531
57630	-0.0338211729439295	7.76787271736121	-0.50811260403691	0.612323542222789	0.713470511886054	-6.63907059600808
57634	-0.011505404429738	7.53138196162913	-0.152127711378777	0.879346180368704	0.919766930460365	-6.75590589685962
5764	-0.20605018959155	8.46632512738121	-2.18552497685209	0.0308269764265977	0.0686266547661295	-4.43765698874372
57645	0.140714361002779	10.3955641364025	2.23898921696821	0.027032352233158	0.061783959448225	-4.32467810282954
57647	-0.101139369201917	8.3566232531875	-1.35586005422413	0.177734506371617	0.279688897433712	-5.85962893117793
57654	-0.0780800440995218	7.62822276256683	-0.880413204545748	0.380426277109629	0.501989847750636	-6.38292324265185
57655	0.19123603789819	9.2425262145811	1.81858680828445	0.0715123560510417	0.135231698942675	-5.1443646163069
57658	0.366708823517739	7.7030849143264	3.67734432227912	0.000356309261762742	0.00171510169123558	-0.400510663159607
57659	0.522907949525564	9.59578093704534	4.16772079142152	5.89512123722909e-05	0.000389238220779475	1.28964388673976
57661	0.0937928332611381	9.92817255021487	1.44604391775875	0.15081748964538	0.246244804204554	-5.73595532026127
57664	0.231465200458353	6.22772653667108	2.57325669984059	0.0113142154769886	0.0304758278553917	-3.56220914792589
57679	0.181954085795823	8.92664710133718	2.76134309217198	0.00667823037512836	0.0197007796066287	-3.09165060521485
5768	-0.167178234574995	12.4550408636365	-2.15294830399158	0.0333594928764988	0.0730512754930753	-4.5052636549754
57680	-0.380935556753521	9.11590049222994	-4.88830902376926	3.2413397228593e-06	3.47707352088543e-05	4.04806468917345
57685	0.631328262835776	6.91292528764957	5.87485340993324	4.00356403932057e-08	8.52305127958451e-07	8.27206208148205
57691	0.13692670736707	7.50771003103842	1.61324785392088	0.109363637235414	0.19037800707366	-5.48640242271907
57695	-0.11700274720858	7.61297331921416	-2.15121158571166	0.0334994273618623	0.0732799973540737	-4.50884157581955
57698	-0.363935169678141	10.0990937005615	-5.45052300805528	2.79620039970905e-07	4.37435895863574e-06	6.39863733418274
5770	-0.0528462892324106	11.0374616094518	-0.677143373269958	0.499641233830734	0.614874343182638	-6.539665666205
57703	0.132953403225522	7.52414765964357	1.19311935861111	0.235217625601427	0.346760233351381	-6.06323203429082
57704	-0.165164148343109	7.94482476779076	-2.40368564451906	0.0177885579158716	0.0440580175067764	-3.96098792613574
57706	-0.409333317108705	8.95006451157749	-3.42620902508874	0.000843156173813915	0.00351385973547071	-1.20137804183328
57707	0.0110935342397186	5.6610019111099	0.0913822489077549	0.927343916433406	0.951181019463545	-6.76326689328385
57708	0.230746916981036	8.92169666060696	3.86868987657649	0.000179786200670964	0.000974431770040791	0.239664712595912
5771	-0.0357397055815481	7.94395668270914	-0.366520074419232	0.714633834653817	0.794210274935312	-6.70060234903557
57715	-0.288015436792497	6.22427486377374	-1.41868620886702	0.158628095580584	0.255790995037161	-5.77428528970021
57720	-0.307461496795319	5.91911973063326	-3.07556359223956	0.00261175309723553	0.00909872652179057	-2.2412770293702
57721	-0.283227351005655	6.10166695881634	-2.87664063837811	0.00477174612411988	0.0150150944705639	-2.78882282471595
57722	0.245775561045552	10.5521435769493	2.66116325930664	0.00887238973010468	0.0250122659285545	-3.34593742011649
5774	-0.0278261475621724	8.165373100966	-0.375269636790747	0.708134074806418	0.789801415759266	-6.69737594362871
57761	0.343209771481595	8.13610672514113	3.95280384745446	0.000132118807288095	0.000755936338135356	0.529016725134133
57763	0.120456028176498	10.2135363975165	1.711892751545	0.0895451345016847	0.161847442228428	-5.32694443592512
5777	0.467109931310174	7.5193461975652	4.37067465335233	2.68226506104884e-05	0.00020318637430622	2.03510468774173
57798	-0.0435524269951107	7.28219562660549	-0.816786616059464	0.415697417138277	0.535088151092748	-6.43633713318694
57801	0.602735382852328	9.22151355296652	6.66392980489386	8.98507956066623e-10	3.84685795632417e-08	11.9469267080063
57804	0.166719666636403	6.32103678296727	1.69603302977085	0.0925181259780996	0.165913964519996	-5.35318951508196
57805	-0.0190004949916412	8.54130182298876	-0.192066017060125	0.848020844783742	0.895277630101446	-6.74906606540883
5781	0.106391407176599	10.273184287256	2.18953105683918	0.0305273900510256	0.0680583648640948	-4.42927853167503
57817	0.196347669966317	5.89679486346701	1.17463166355289	0.242508646268505	0.355100410951578	-6.08475910673198
57819	-0.0809806195512377	11.167164211687	-1.09549465151888	0.27553234437185	0.391872642336313	-6.17319081977053
5782	0.201297218010523	10.2429717092216	3.09461660380462	0.00246158052754116	0.00868174857279673	-2.18719393938636
57822	-0.461314815898728	6.37870250831295	-2.51024291967566	0.0134201160087548	0.0350237466768767	-3.71324741814545
57826	-0.00528385052415262	9.99831294649902	-0.102859279642988	0.91824937079475	0.946773456089214	-6.76215746024123
57827	-0.147820897103767	7.95283641989347	-2.05365313927067	0.0422205043955912	0.0880215462664268	-4.70553098234752
5783	-0.000609596071525727	5.90725259744838	-0.00552299415342796	0.995602643106944	0.996930274222737	-6.76740768639245
5784	-0.302238114165784	8.51285051970978	-3.97082916520737	0.000123607125584739	0.000717494629184782	0.591642451209712
5786	0.290140808277674	9.54503143926048	4.72151755449448	6.50597210307722e-06	6.26332512487388e-05	3.38266386203863
57862	-0.140865554335259	9.68059137021483	-2.60130352957122	0.0104763773251327	0.0286319734084231	-3.49390882420462
57863	1.68072905077958	5.9922903155671	9.8960771269169	3.55950313408474e-17	1.72949975809059e-14	28.5442484942862
5791	0.0140246680647372	8.80656189715016	0.165564104657522	0.868783505298128	0.912299994121858	-6.75378187383897
5792	-0.140952617849778	12.8538738013484	-2.19214981971341	0.0303329229847282	0.0677711506231687	-4.42379392205932
5793	0.535644400308405	8.10999996383386	2.58846943870868	0.010852574508106	0.0294682003408796	-3.52524458804317
5796	0.386479428384345	8.90177642169693	2.4021484088875	0.0178598922434194	0.0442214358305288	-3.96449090469874
5797	-0.0775412329387734	8.21537572179209	-0.704849722866021	0.482293579779385	0.598159905251909	-6.52068674581909
580	-0.231284345788304	7.54735827071399	-2.04747166412273	0.0428333417758502	0.0890968025858784	-4.7177080561925
5805	0.121202245122078	11.2929646849051	1.7273833216797	0.0867170123882729	0.157806239772446	-5.30108606077126
581	0.28839278934767	6.62670699722048	2.0123617756964	0.0464605037807178	0.0952503750877958	-4.78622345169952
5813	0.0663892323887286	9.07785605876738	0.799897190071529	0.425378783571434	0.544579781819598	-6.4498508080522
58155	0.0910587577539807	8.32415943566843	1.09072265810724	0.277618609418503	0.394279524380473	-6.17833033745803
58189	1.32227148736684	8.31123939830021	6.36230363828059	3.93443490776117e-09	1.26947001320732e-07	10.5156081092749
5819	0.139515869541104	7.83744719977009	1.42289022007463	0.157408079780776	0.25429116741428	-5.76844115716583
58190	-0.0272166307562839	11.2566352955009	-0.301748194964165	0.76337552213976	0.832302682411909	-6.72212431272786
58191	1.67986793540409	6.97395902953781	5.91352276348303	3.3413987450302e-08	7.39945137639396e-07	8.44663968207127
582	0.29554328437981	7.81176654068167	3.6679385720589	0.000368268580252166	0.0017543612853119	-0.431320431924656
5824	0.11265619197025	9.04634793126659	2.13356438256406	0.0349504097104013	0.0759311899547383	-4.5450463802496
5825	0.0560663302051103	8.20591142063604	0.815271879787714	0.416560278825154	0.535948271510245	-6.43756050977482
5827	0.266991151101055	8.82907016954271	3.26657452805016	0.00142580965472701	0.00549565457211624	-1.68638146296063
5828	0.00767845046895544	8.73713413767139	0.11882560195557	0.905615707674533	0.938332381509238	-6.76039605342165
5829	-0.0237761716426621	7.60072773222217	-0.252681280348561	0.800954442387673	0.860546786436288	-6.73565472385964
583	0.232111187694964	8.66528919771295	3.02400990214677	0.0030616510228744	0.0103729439905425	-2.38618974218407
5830	0.168071163487988	10.5861503274294	3.08419643740085	0.00254268918172911	0.00893728197492871	-2.21680730973871
5831	-0.288416313626829	7.04434040236635	-2.41834612039199	0.017120851531047	0.0426858538021274	-3.92747846060395
5832	-0.448340332751902	9.40581185034519	-6.43839136734364	2.71835445827144e-09	9.39481498967452e-08	10.8737590501607
5833	-0.0920050375314446	7.96011797235103	-1.29817845028122	0.196759286446118	0.302481240656046	-5.93468480422966
5834	-0.00633266559429531	7.90285858017258	-0.0719348530593086	0.94277561589851	0.960568223426877	-6.76484753218463
5836	0.125177652667443	10.8108295961283	1.17760282522139	0.241326170940189	0.353682429376501	-6.0813216211245
58476	0.0856455732806093	7.4325012082651	0.684816531358504	0.494803525609068	0.610284772514693	-6.53448510855141
58477	-0.572256392395026	10.1001539952646	-6.40465890622444	3.20331225606725e-09	1.07784771718738e-07	10.714728057226
58478	0.031667161354421	10.2541187453193	0.571471395859303	0.568767767806516	0.675974354256378	-6.6051128634512
58480	0.303735104998645	10.7184308912011	3.58663666445543	0.000488702232188199	0.00221066836685352	-0.695017800445568
58485	0.191660016299094	9.99337920421458	3.86111878942636	0.000184800877346569	0.000996380709453436	0.213855116892399
58486	0.170805813335011	10.0730335438874	3.69719979384264	0.000332260142908923	0.00161915562267121	-0.335266633642296
58488	0.0398065441085764	9.47205912105086	0.654234862400416	0.514234409178274	0.628060952212412	-6.55478777835659
58490	-0.0329609072760957	7.49216872015949	-0.475691673618432	0.635174085543821	0.732143168656427	-6.65491209218166
58492	-0.262630325627257	7.37444808106765	-3.19222524216259	0.00181011858958701	0.00670775215342695	-1.90570583888436
58493	0.041772441542696	13.0206754283482	0.585998311332236	0.558996577991136	0.666560481441927	-6.59676837245724
58494	1.34982965820743	8.85665940776344	9.94336374208415	2.74948259896507e-17	1.5140484178301e-14	28.7960446128965
58495	-0.225247910492995	5.5595122876257	-2.07557544021245	0.0401073072725276	0.0844687297478526	-4.66207053821374
58499	0.216377202597994	7.32444055234468	1.56446279825897	0.120388603067328	0.205924593360143	-5.56191930845908
585	0.0907410127009671	6.68994166818227	1.09410768525451	0.276137591421964	0.39258115406978	-6.17468687176633
58500	0.126266100807328	6.23341396031527	2.23779925679613	0.0271121515213386	0.0619492037527682	-4.32721997094741
58504	-0.20850205682044	6.23001886763503	-1.84644984729046	0.0673343842302022	0.128775645691473	-5.09496588752305
58505	-0.20527258333275	12.6896400150041	-3.34205124488008	0.00111464599496591	0.00446723722388084	-1.45944410687336
58513	-0.0684331706345578	6.49885132724586	-1.04407987391641	0.298584043923349	0.417805218161421	-6.22740695384519
58515	0.0447209097250389	9.52893261890623	0.753976986858952	0.452365946096683	0.569247823698751	-6.48518020443563
58517	0.0286292689582974	10.8884838218341	0.620846665187441	0.535898665082912	0.647057882412638	-6.57590228261433
58528	0.251168931792105	8.65364858573312	1.36174340777857	0.175874778118394	0.277237722759148	-5.85179570951759
58533	0.207540387316361	9.41059991175667	2.82977847105209	0.00547675649523521	0.0168074572006418	-2.91320791702764
5859	-0.00377781293230477	12.1203446596218	-0.056242896653432	0.95524349325161	0.969306298348889	-6.76584854343503
5860	-0.0572681382551811	9.60971422924954	-0.560790403429501	0.576004424828201	0.682512774219042	-6.61111532027248
5861	-0.0284445262247319	9.20160229439452	-0.569070728866071	0.570390444974937	0.67770786471418	-6.60647179139491
5862	-0.478188546890923	10.6198494963754	-7.06064885126927	1.23519383128758e-10	7.23595818896127e-09	13.8731859421244
5863	-0.132831404002023	8.47221374527488	-2.6070124063579	0.0103128445745413	0.0283003641812994	-3.47992568406275
5865	0.19846677316362	6.70089620277967	0.955343107107786	0.341358565262333	0.463144176916371	-6.31495629246986
5867	0.129675191677017	7.64085909369665	3.19402876419581	0.00179975233461573	0.00667455717671809	-1.90043560071798
5868	-0.0509978476913661	10.2858291121245	-0.891221145276193	0.374625358501751	0.496534894291473	-6.37345729819367
587	-0.39150551283011	9.22096549130598	-3.84003426987078	0.000199477371910192	0.00106302134966335	0.142184658884147
5870	-0.0905232087468454	9.58552330579838	-1.57094880300419	0.118873923497505	0.203684863631713	-5.55200732004538
5871	0.439647426739641	9.87047882523499	5.21990755919026	7.78021111525183e-07	1.03933893296892e-05	5.41521104187341
5873	0.0143742857660656	6.87057410940247	0.158662353325101	0.874206301533364	0.916014721637141	-6.75489533342174
5875	-0.261394295430961	6.14218345016799	-2.21444134133755	0.0287207626198628	0.0648888127024252	-4.37686348383799
5876	0.0474170323856653	10.147065547011	0.743654560676956	0.458564621529827	0.575382617930484	-6.49283730708321
5877	0.0996450816154255	6.62562663328772	1.29712876617382	0.19711897776909	0.30292144304608	-5.93602131966949
5878	0.304252829596699	9.46924503870213	3.20437349064084	0.00174135277841915	0.00649427643700368	-1.87015812800562
5879	0.255896179540727	12.183710977172	5.61967364360972	1.30024800524344e-07	2.33987985257316e-06	7.13588342805702
5880	0.469497694041637	8.54621403329977	3.63290744129293	0.000416238730664081	0.00193916069672042	-0.545518513460748
5881	-0.237237947879087	6.82208285175354	-1.80911258420993	0.0729811146651575	0.137568235311319	-5.16099995289778
5883	-0.267487007084576	6.38891923319888	-2.91559304374682	0.00425013123812853	0.0136175655651442	-2.68408527636159
5884	-0.123997524212842	6.79421413537107	-1.96130598958619	0.0522002518675327	0.104519008466342	-4.88388201906417
5885	0.231448661761608	11.286081603157	2.16370070639809	0.0325043534127078	0.0715445797318648	-4.48305263777037
5886	0.0257825956506555	10.3348844146108	0.608627444463805	0.543942022009667	0.654092459135224	-6.58335509076424
5887	0.131501988541013	9.47150773396277	2.12543877696276	0.0356365814894374	0.0769362684534116	-4.56162406697499
5888	-0.0257365199548957	8.47218661035012	-0.182783756205787	0.855281571718082	0.900392522205027	-6.75079725521128
5889	-0.449682888327048	9.57834191240498	-3.57008889579417	0.000517395069533617	0.00232013207076421	-0.748110877953617
5890	-0.0134663133949453	5.83442492589998	-0.195222934490765	0.845554396383224	0.893838731379275	-6.74845775783151
5892	-0.0279013745250252	6.09658832877546	-0.275335671123637	0.78354022552097	0.847975123794724	-6.72970489329877
5894	0.0154715466942053	9.1635183302	0.43056242486346	0.66757248839543	0.75886295895817	-6.67523124686894
5898	0.0350426429151377	10.4363662787619	0.667781547190456	0.505577871189525	0.620709163315305	-6.54590789191732
58986	-0.0233333376807796	10.3532426418253	-0.167486759152163	0.867273951690339	0.911064600086494	-6.75346325375901
5899	-0.176637451125941	11.931970916064	-2.42055319552486	0.0170222833808814	0.0425171033341641	-3.92241778691374
59	0.570381247486438	12.8312256069809	4.24855095634333	4.32063366855809e-05	0.000299148651318439	1.58344029064384
5901	-0.183319208464401	11.7567451350411	-1.35157022262384	0.179099842590424	0.281355020881875	-5.86531978740994
5902	-0.0935048105631574	11.9993239543093	-1.14787375102304	0.253344025597078	0.367578017114327	-6.11533438837029
5903	-0.243462784663201	7.35282900125875	-2.1199362626865	0.0361078267246452	0.0777099136908726	-4.57281694193733
5905	-0.220133747745687	11.0411984422427	-3.52268596209851	0.000608643819553675	0.00267557102156112	-0.899109298798214
5906	0.0530092248890838	6.20774828867667	0.688301658202131	0.492614653715612	0.608003933339389	-6.53211299080393
5909	-0.639965459092803	10.9973258607362	-6.27360223364493	6.0394934524805e-09	1.80094642301404e-07	10.100675598433
5910	-0.00996983290917513	7.96587474972435	-0.125958719037145	0.899979102835836	0.9354256183999	-6.75952714942231
5911	0.464490487569101	9.57146260281077	7.27154014881646	4.22740005749982e-11	2.90986037291237e-09	14.9152032960103
5914	0.596251983755989	7.35280179898227	5.81526958413914	5.28359349406712e-08	1.07229686144949e-06	8.00427772623636
5917	-0.0716553368436569	11.3220209476518	-1.39679298282873	0.165099034828182	0.264132873848689	-5.80444963773975
5919	1.52543477697593	8.05187072762609	6.02562064537593	1.97192621731748e-08	4.93579107728557e-07	8.95615048374042
5920	0.66230542656171	7.60652058678557	3.26248724832334	0.00144478385783986	0.0055532408868112	-1.69854795837305
5921	0.030487408641376	13.2493410529891	0.540954962936665	0.58955903932169	0.693302628815085	-6.6219634987797
5922	-0.211043736374629	5.90136483701097	-2.27175137557123	0.0249145075563274	0.0578397505382981	-4.25420872999864
5925	0.496734408874686	6.80468352513031	4.40381808090844	2.35323365591461e-05	0.000182171602604074	2.15927024161728
59269	0.24068437978556	5.9485367443992	3.0802741122898	0.00257385592094155	0.00900136025624468	-2.22793232213575
59271	0.381984874016068	5.77776259604982	3.39838125936889	0.0009251803798417	0.00379631889592272	-1.28729284541742
59272	-0.394435701690947	7.40026216457145	-4.58408625689395	1.14237788666107e-05	9.91426688993386e-05	2.84618642863951
59274	0.1493759422908	6.081195908132	1.39750775453949	0.16488464017703	0.263892099953937	-5.80347199134698
5928	-0.0408994241031252	9.15507654349137	-0.642005108754574	0.522115942014083	0.633937627669606	-6.56264924198638
593	-0.147143303152632	8.25993267504262	-1.66161165375707	0.099246948108955	0.175543683625154	-5.40935043164561
5930	-0.0970997183820778	9.84057117900245	-0.728674361452072	0.467645517287054	0.583850056346896	-6.50376352335506
5931	0.127926075477141	11.537760795295	2.16960779890693	0.032042704538781	0.0708249235992323	-4.47080703088084
5932	-0.13966526228924	9.47917920985602	-2.62785355959463	0.00973519450145118	0.02693893017822	-3.42864674153698
59338	0.0934313020717392	11.3249059484823	0.970086442588097	0.3339889417693	0.455389346156226	-6.30093966073066
5934	0.0189213190318282	8.62888562642164	0.265161182375747	0.791348255870384	0.853527725516855	-6.73244014982582
59341	0.184063027238483	6.04562356549176	2.07423247640655	0.0402340988369289	0.0846063280022997	-4.66474525873732
59342	-0.096984680808604	8.6495005752517	-0.844402187763756	0.400154517233537	0.520352064286684	-6.41364001154596
59343	-0.169448768762531	9.18787408739666	-2.82993921559825	0.00547418342006476	0.0168074572006418	-2.91278429473087
59344	-0.00995547852055923	5.44297698435919	-0.126496041653529	0.899554712499907	0.935219877312679	-6.75945964627488
59345	0.20086706247795	6.70072488953	1.92626998743546	0.0564775050807918	0.11176157631975	-4.94953884703853
59348	0.205224270105894	6.13174896646835	2.62364108131613	0.00984954011205397	0.0272279790246204	-3.43904065029298
59349	0.267363827466577	9.42697753921708	5.34815043087091	4.417316679491e-07	6.48082340543439e-06	5.95891415152312
5935	-0.103623192734217	8.9231155206621	-1.13154898450244	0.260119965122359	0.374906807173387	-6.13364979857147
5936	-0.084318099895062	9.51714202028644	-0.847861703773419	0.398232638108698	0.518386999952377	-6.41074410027286
5937	-0.285142656328013	11.8386152008032	-3.767360388513	0.000259028727466387	0.00131666294699837	-0.102509834068615
5939	-0.268834039183534	8.72920914053485	-2.66636017358748	0.00874419787513842	0.0247183690789334	-3.3329500702727
594	-0.243479281041151	8.24931730436417	-2.84536333282183	0.0052323651324371	0.0161386616855603	-2.87203852250744
5947	0.519947443407575	8.32888368644725	4.47888181227794	1.7455685725817e-05	0.000142193258476577	2.44294548906445
595	0.812417102940183	9.83222500465484	6.76280735209274	5.50272869910548e-10	2.59728794597779e-08	12.422603288545
5955	-0.102801351650673	11.7905952240472	-1.77222227811889	0.0789401635637036	0.146190344072389	-5.2249905567812
596	0.424150225803268	9.25907461112804	3.94232206886559	0.00013732258527045	0.00077950340149248	0.49269958527395
5962	-0.133881302902782	10.3908743142972	-2.16585347460397	0.0323354471345187	0.0712432097442316	-4.47859344143062
5965	0.0606782373967506	9.29490605550594	1.05696899011541	0.292686237791659	0.411428709396074	-6.21405558884253
5966	-0.151865049168859	7.2956936287707	-1.54722769084612	0.124487929267068	0.211708934681075	-5.58806707307618
597	0.781682472130995	5.44535269096816	6.13696466134683	1.16239755737628e-08	3.14800125374692e-07	9.46715016793078
5970	-0.0912629245210935	6.34235596758443	-1.04950351722317	0.296092567781756	0.414810822570778	-6.22180838754395
5972	-0.481396936308404	8.43111160821999	-1.99669784292132	0.0481613511546799	0.0979110904596741	-4.81643438865061
5973	0.889752518195365	7.33979699445958	5.19876542625549	8.53489634387882e-07	1.12617002876101e-05	5.32635618470465
5976	-0.00367182206027893	8.45115428708505	-0.0528018455582288	0.957979135403262	0.970926291530981	-6.76603528866864
5977	0.128041759365604	9.33969622228773	2.54669127662909	0.0121628607568539	0.0323663755965249	-3.6262924238364
5978	-0.262267719287142	5.44201010353872	-3.30633379255842	0.0012529957882817	0.00493079809966978	-1.56737147475671
598	0.331825534792195	10.292031374733	3.43147874008217	0.000828413570865274	0.0034611512874796	-1.18504399636666
5980	-0.0948445379156039	5.38067489004682	-1.01111476988498	0.314031678734424	0.433545322805673	-6.26082254137707
5982	0.0972868776301394	7.94099810996788	0.954544683937467	0.341760653166693	0.463233179382489	-6.31570933002292
5983	-0.377872317614474	8.71250885206024	-3.79996980337319	0.000230473759517296	0.00119515512481037	0.00683662127709184
5985	-0.315496057282427	8.88520801093421	-2.9192140895842	0.00420440331068256	0.0134815106157756	-2.67428693473696
5987	-0.230255290370084	7.24395155829872	-2.38708879813895	0.0185722573171237	0.0457112173538264	-3.99870065274039
5989	0.238083167738528	7.84703899226908	3.73627904907794	0.000289348138834524	0.00144324615143307	-0.20604575128643
599	0.21570125092003	9.33191536682561	3.50622393988032	0.000643736177137743	0.00280591350334618	-0.951167047264933
5993	0.25170309745653	8.40915077443419	3.0517867494002	0.00281105123619431	0.00965458761370685	-2.30837076948273
5994	0.116834347910583	7.28429059944073	2.11927815518584	0.0361645468662655	0.0777890733753397	-4.57415382568381
5997	0.599478655726348	10.2914905993291	2.44741788979407	0.015862314342032	0.0402033496364481	-3.86048464755458
5998	0.112834263155839	5.06455817634345	2.23426309354843	0.0273505046327513	0.0623558289446661	-4.33476623538494
6001	0.628555640688211	10.0235259645959	5.89840116377592	3.58643685468965e-08	7.75496555490485e-07	8.37829810886897
6004	-0.865173569382702	7.46540684519413	-3.24929141891583	0.00150766327964186	0.0057574196439398	-1.73774105777877
6009	0.0236709580962246	12.0952177133493	0.485867930108381	0.627962405522692	0.7262995210318	-6.65005174345842
6015	0.0451911276535298	11.2128732491412	1.2581066057264	0.21083863190138	0.319311899432599	-5.98496056735883
6016	-0.143882795614116	8.15922547717208	-1.59836330214453	0.112638251114293	0.194950205192082	-5.50967828404771
6018	-0.100339453742453	7.53470245014737	-1.33495184062325	0.18446364055971	0.287729466565048	-5.88720055799253
60313	0.165049436732284	8.42778915762132	1.26580462895682	0.208078138855657	0.316000262354795	-5.97542127642649
60314	-0.00303041701064632	9.42190934655203	-0.0363200662555408	0.971088561141639	0.981464418906792	-6.76676633634821
60343	-0.154105451011777	11.5327190132831	-2.51071967871991	0.0134029465139729	0.0350010553921643	-3.71211726486621
6035	2.15607547052488	9.9370554004908	4.95645080511104	2.42833267893851e-06	2.71788996314798e-05	4.32429245400181
60370	-0.236471476491453	11.0949349603132	-2.38181143736799	0.0188277862866887	0.0462024702103531	-4.01064267828719
6038	-1.40758728274296	8.00036459896391	-8.17238363764557	3.87881284619448e-13	5.8252716562848e-11	19.4810987063398
60386	-0.275392333216351	8.17630769197682	-2.12380618839585	0.0357758418230902	0.077196565689322	-4.56494777916659
604	-0.402606313747005	9.0116872321427	-2.16650408234542	0.0322845505171018	0.0711911928320862	-4.47724498202873
6041	0.340346914114514	7.88227514367208	3.47617437644785	0.000712758655261783	0.00305913817483681	-1.04568358077886
60412	-0.016712127019262	8.35764073327635	-0.340313184267768	0.734226160402385	0.809914072386278	-6.70981173922641
6046	-0.0361161994108661	11.6314755752843	-0.617760132060128	0.537924650401269	0.649029741792942	-6.57779872921939
6047	0.00639901680687571	8.46132691222929	0.105104026784308	0.916471832127502	0.945784274534378	-6.76192514453254
60481	-0.0779792698318879	9.67195335976528	-0.988252990270364	0.325052182530424	0.445705681889327	-6.28337813365834
60485	0.0976706491145452	8.43258147147752	1.06328209193887	0.289826582455385	0.408317852819628	-6.20745744653308
60488	-0.079929213700902	10.06770473038	-1.20135477632148	0.232020904840488	0.342965761271014	-6.05353709930349
60489	0.216834120090679	6.24246464176296	2.58381356998374	0.0109920266475898	0.029768570527571	-3.53657824287355
6049	-0.152154923808345	6.45083213023335	-1.11151778929137	0.268606586795512	0.384388497389281	-6.15577287207411
60491	-0.0683743072068128	10.8412662447442	-1.56783020682221	0.119600311654275	0.204745818500376	-5.55677810198537
60492	0.166063352092153	10.9903797759436	3.44745718487279	0.000785178843945927	0.00330728059714093	-1.13539199717383
60493	-0.161325119454135	8.63466152713104	-2.34166152688486	0.0208759404715147	0.0501702846362267	-4.10071093126819
60496	0.242272087382434	10.4377317003612	3.38739834418367	0.000959568428641125	0.00390830139081642	-1.32104333815636
6050	0.204324404637738	8.75327122704433	3.36396695496007	0.00103697963086827	0.00418439264825205	-1.39274819650374
60509	0.0626435807061869	7.96144077148423	0.886960840326723	0.376905337382302	0.498810430461971	-6.377202216542
6051	-0.285642907304465	9.76458101623067	-3.81706910823321	0.00021672248245254	0.00113803414180418	0.0644675900473413
60526	-0.0978559057562276	8.00029377970558	-1.23159472770213	0.220550907340418	0.329609280736721	-6.0173801822599
60528	-0.0880879049385676	6.69021074992852	-0.653867023324766	0.514470547882846	0.628256464445936	-6.55502637874902
60558	-0.29725512713107	7.86365252326775	-2.72209388003672	0.00747111786650785	0.0216227868175735	-3.19226281376239
60559	-0.846134970124002	11.2197325784694	-6.70780495912721	7.23085561578904e-10	3.29982692742638e-08	12.1576215268862
60560	-0.27641775146341	7.96685285961233	-4.61210188238627	1.0193649102602e-05	9.02460252813422e-05	2.95466464414286
60561	-0.167695945924671	7.61363418417147	-2.49577318911573	0.0139506671658232	0.0360778055071069	-3.74745613080465
60592	0.290757811092076	9.97772848653419	5.16820792206062	9.75321050465403e-07	1.25877373075691e-05	5.19832746238908
60625	-0.00526741045098873	7.05456078266578	-0.0816807971984392	0.935039024255979	0.955277964174939	-6.76410245363593
60626	-0.00723225471705878	9.75230627371595	-0.128405538458141	0.898046782136108	0.933887249206125	-6.7592174342836
60672	-0.119154864450092	6.71692178903638	-1.20722191839467	0.229762603512716	0.34054173784587	-6.04659047497235
60673	0.0891798843831535	9.0198409517207	1.28473395610242	0.201403183973262	0.307550289731048	-5.95172362758416
60676	-0.966915330411679	8.35219320988845	-4.14628105382971	6.39738355808538e-05	0.000419051452734221	1.21241511128278
60681	0.16524246795207	5.81474056719781	1.24763754555754	0.214635731041906	0.323467385651023	-5.99784280432586
60682	0.12710679938159	6.99103398669816	1.79583817333309	0.0750809735780631	0.140755524683341	-5.18416965935029
60684	0.193057434556723	10.0607288435248	2.81683642086468	0.00568758737376746	0.0173292038758094	-2.9472462609568
60685	-0.00151908212145036	7.70937500033115	-0.0172614298451686	0.986257226900323	0.990589681518021	-6.76727457585357
60686	-0.113218286437605	7.73966516468611	-1.91408589640382	0.0580325960473873	0.114197304490373	-4.97211147044163
6091	-0.0956714299216496	8.20676675790854	-0.700056023586727	0.485271119815089	0.601220856408074	-6.52402443329797
6093	0.262040915018897	8.25935254848893	1.41698454910487	0.159123978072943	0.25630833271846	-5.77664607313318
6095	0.508376923958276	5.96370787969041	3.77133307777744	0.000255378290845844	0.00130533705593235	-0.0892279121322854
6100	-0.0632933413112024	8.45441621011548	-0.845667865666719	0.399450735865259	0.519764190020013	-6.41258188743053
6102	0.236816586873865	7.65796022234858	2.72067454401887	0.00750132993071879	0.0216884348776401	-3.19587743907916
6103	0.129073208207687	5.91661349604396	1.52879141946302	0.128994186922377	0.217358625862675	-5.61572935998648
6117	-0.116247691214845	10.6127436091556	-1.64690897103733	0.102239151374765	0.180101384166253	-5.43300423538146
6118	-0.250055258309376	11.0945401529161	-4.32680212232448	3.18651100707254e-05	0.000232308745970161	1.87178086026688
6119	-0.221032327011124	11.1489146952014	-3.43153631525516	0.000828253843598782	0.0034611512874796	-1.18486542283673
6120	0.122258962891865	9.09637933123993	2.01134112040613	0.0465697493960861	0.0953796503872232	-4.78819869206956
6122	-0.152033710955328	13.4440988355769	-2.42397789312395	0.0168703343243876	0.0422782043444908	-3.91455692590043
6124	-0.283609728148414	12.4784682069881	-3.34546922723737	0.00110218482356663	0.00442803825032117	-1.44906582447954
6125	-0.0999824274324039	13.0705274035664	-2.41700095680035	0.0171811750719933	0.0428233271257287	-3.93056078218392
613	-0.144207088662013	6.81371713437189	-1.20799483754864	0.22946628631056	0.340163590259373	-6.04567288760072
6132	-0.110219922889674	13.0329726468941	-1.47706918567385	0.142322768347163	0.235070199269659	-5.69163261345454
6135	-0.174017750854755	13.6089395830451	-3.03795669380587	0.00293335282272576	0.0100039200312613	-2.34719258204465
6137	-0.0640672512550164	10.4838695225393	-0.895568927618535	0.372307488289827	0.494230362454564	-6.36961723516426
6138	0.0871350575227282	12.276761850284	1.62849812010195	0.106088077857618	0.185693478089409	-5.46234074371747
6146	-0.0978086432958012	11.34752425121	-1.69987023771648	0.0917915577234486	0.165040981017781	-5.34686091669218
6150	-0.257102362099595	9.35300761134694	-2.07076324610869	0.0405632293757941	0.085190001180793	-4.67164732700662
6156	-0.023422020595568	13.6306641682501	-0.436208818954613	0.663482786374019	0.756225723119829	-6.67279937731738
6157	0.020140916554546	13.7792426712884	0.434074936641724	0.665027179440382	0.757225298187655	-6.67372214054337
6158	-0.0572766387033682	7.04763935695642	-0.531482234248858	0.596084392863228	0.699780711348815	-6.62700709457254
6160	-0.0194606920714501	13.1305366282712	-0.238555645612879	0.81186422384976	0.868315225818855	-6.73910646770403
6165	-0.110885530405595	13.4403153246586	-2.0783567458681	0.0398458105216364	0.0841110132657084	-4.65652602536385
6167	-0.219901316140585	6.56356447166398	-2.96540949044778	0.00365938051412401	0.0120471651660872	-2.54836546766732
6168	0.0146536330347301	14.0057668409872	0.362634813829616	0.71752683450021	0.796714220808188	-6.70201069422876
6169	-0.079189382956229	13.8040287805076	-1.75517194763076	0.081826854734962	0.150632899512099	-5.25414435713678
617	-0.430991288288933	7.75813240153204	-3.87317216283617	0.000176878721756814	0.000963097061114887	0.254963065030385
6181	-0.037351807492355	14.0058964532744	-0.938029521955505	0.350146503472254	0.471679725360263	-6.33114665672686
6182	0.0586574980974974	8.0960642887478	0.568590781008538	0.570715122800182	0.677996104462751	-6.60674278959678
6183	-0.240228344594542	10.8864596383206	-2.37749213094256	0.0190392387967176	0.0466244033385376	-4.02039890357144
6184	-0.28789953478935	12.310831963452	-5.02134339478461	1.84045944032583e-06	2.15023974216285e-05	4.58965384842434
6185	-0.200938865087835	12.0821075821241	-2.46955497425181	0.0149599453000844	0.0382685500708261	-3.80898719318933
6194	-0.108782892729912	13.9419839383192	-2.25387118156456	0.0260515700441583	0.0599570823529529	-4.29278417582659
6196	0.773414912993411	7.29624871482191	5.52327015379335	2.01471557507465e-07	3.36192942426598e-06	6.71410145794673
6197	0.199783753153363	6.93225740763782	2.31015978122237	0.0226181545816535	0.0534705085416309	-4.17040292176844
6198	0.236766265539167	9.85279563828975	4.58739728326951	1.12712404562843e-05	9.80004696514828e-05	2.85898309676489
6199	-0.0556497696250881	10.8784086854462	-0.766346549071711	0.445001503713935	0.563500294446896	-6.47586688627133
6205	-0.0311473769354835	13.876344462235	-0.777667512892819	0.43832245762051	0.557682022305479	-6.46721160088588
6208	0.00541486159303994	13.7005007817962	0.139073848761069	0.889629025664369	0.927117808729206	-6.75779744879702
6217	-0.0439592404270892	13.8654331714586	-1.31549504720478	0.190895550484999	0.295280383334474	-5.91248484288206
6218	-0.181149148369933	13.9351911480885	-5.01212430706386	1.91462713809804e-06	2.22118260683846e-05	4.55181916568666
6223	-0.092578640508039	13.7989221333126	-2.65908816070669	0.00892404922439079	0.0251064872593556	-3.3511169304565
6224	0.03685373240266	13.7578217940494	0.770596587060748	0.442487237030533	0.561090662860332	-6.47263230796532
6227	-0.114408525742541	10.7373616441923	-0.988543244371108	0.324910687153999	0.445585634383536	-6.2830949453742
6228	0.668593314157997	9.58794031239989	3.86592354776526	0.00018160325575558	0.000982346360537713	0.23022986134699
6229	-0.106907732471847	13.5959588611245	-2.34112277660905	0.0209047114736903	0.050224815815207	-4.10191004368865
6233	0.00589354007507211	13.8546547033088	0.181956846178441	0.855929005420365	0.900748322687248	-6.75094732147988
6234	-0.00357975453768446	13.6275297861562	-0.0585430911549845	0.953415129958222	0.968634524803985	-6.76571714024187
6235	-0.0816632096425664	14.129613438802	-2.51231849199652	0.0133455119750724	0.0348841547196514	-3.70832588607477
6236	-0.123788851347232	8.54358318810079	-0.858289739450961	0.392473670004103	0.513434772115907	-6.40194419366714
6237	0.602659726072042	9.72085767997095	4.69088510111918	7.38230855292619e-06	6.9450875452358e-05	3.26214954306506
6238	0.0121977545280884	12.5531921400472	0.254448566426919	0.799592213505041	0.859377647637388	-6.73520891263188
6239	-0.271828713138208	7.43382721633011	-4.11611288228742	7.17406457438312e-05	0.000457588983663356	1.10424634714715
6240	-0.176591191893688	11.411380120581	-2.77832480295213	0.00635955586272851	0.0189365289928398	-3.04772785764629
6241	-0.734383284340255	7.01949817806242	-3.29628819904369	0.00129470792382538	0.00506358307329434	-1.59755332772408
6242	-0.0878961269867075	9.32035971107632	-0.993304731603581	0.322595315616587	0.44285147199485	-6.27843769641918
6249	0.110813480058827	12.2491177137812	1.34449198509467	0.181369899216028	0.284196537451796	-5.87467150816843
6251	0.0994746717252175	9.26731801113434	1.74971150863759	0.0827694614190611	0.152075219081	-5.26342447865663
6253	0.00440870865581289	8.27937458647168	0.0538914183128232	0.957112867213542	0.970585667628578	-6.76597743280335
6256	-0.10288386687137	10.1922570443897	-1.87019698231707	0.0639360293007425	0.123649110361631	-5.05230536193297
6257	0.182076976214593	9.45187327901368	2.60724268263781	0.010306296769783	0.0282917950543062	-3.4793610805247
6272	-0.0539211144262538	9.62507258065543	-0.854935082166584	0.394320703587818	0.515036213098573	-6.40478667854156
6275	0.658083258096935	11.2157502986565	3.39734750947937	0.000928367123389313	0.00380561411374478	-1.29047337468733
6277	-0.198219041583238	12.2193963359807	-1.99337754651459	0.0485286081730551	0.0985364561232632	-4.82280991541147
6279	1.05007384089905	7.61191741850248	4.08002958918659	8.22188532222858e-05	0.000514101232109069	0.975642699606762
6280	0.678019041300301	13.0363518080416	5.67030881459414	1.03143540648002e-07	1.91812646218766e-06	7.35909037215444
6281	0.101649881741308	12.9864324216378	1.3076173239554	0.193546748322561	0.298437061294572	-5.92261953867184
6282	-0.114407926765631	12.108733172469	-2.50752466875058	0.013518384813782	0.0352442231367985	-3.71968732995066
6286	-0.0557057915713631	13.7625693809983	-1.29234170391822	0.19876552497213	0.304884537840258	-5.94210315189666
629	1.20421101618253	9.4469223120986	4.38031318247853	2.58226650577116e-05	0.000197130511438722	2.07114439719053
6293	-0.106616622618887	8.72210698447312	-1.52085741353597	0.130972521480449	0.219750767302155	-5.6275357280342
6294	-0.0945621713105543	9.76624984153155	-1.401977411243	0.16354878523652	0.262160482447828	-5.79734754252112
6301	-0.0559581726078987	9.68526573231017	-0.851609059302224	0.396157220504876	0.516605870494415	-6.4075940480644
6302	0.0704627696560934	9.62457431271351	0.830011318338348	0.408209548094928	0.527917781002679	-6.42556085843074
6303	0.176703715589363	14.0164603845847	3.09636255995201	0.0024482271683217	0.0086494253252084	-2.18222377306446
63035	0.0366163602894746	8.36292372968112	0.364812854264775	0.715904537564114	0.795449486182348	-6.70122303350188
6305	-0.0439396406135336	9.06872284717609	-0.780819642729906	0.436473230915076	0.555768288478268	-6.46477932685266
6307	0.27433443502737	10.7560107640079	2.98351987136091	0.00346406401653174	0.0115050939994178	-2.49853569966782
6309	0.0655317820826295	9.11943223249749	1.01498933966493	0.312188902108537	0.43182929243784	-6.25694962883107
6311	-0.0133192922838831	10.5988817193793	-0.266573064331891	0.790263472387931	0.85283202011031	-6.7320667327536
6319	-0.0391721441809425	11.04045992892	-0.368470432187094	0.713183141770408	0.793225449262443	-6.69988973030057
6320	-0.108276945092112	7.85228989247249	-0.866235753755061	0.388119933687817	0.509920574560421	-6.39516748915779
6322	0.747109320903466	8.17394400291979	4.45773720658363	1.89941512129875e-05	0.000153065062457831	2.36269386116607
633	0.742623190116417	12.4692108610425	5.42762465420061	3.09860399092806e-07	4.75733623885981e-06	6.2998503765656
6338	-0.433893958048623	8.26939154470845	-2.52476636290288	0.0129058270495181	0.0339389148134415	-3.67873336279388
634	0.0484464507808966	7.73516420844602	0.292955269039322	0.770071225330004	0.836945831740241	-6.72472488454259
6341	-0.125160581227968	11.0224511527987	-2.52593023252779	0.0128653876845937	0.0338865122049565	-3.67595977574113
6342	0.0105685588527194	6.86154818035209	0.0926244730993969	0.926359076333317	0.951049909016702	-6.76315313923386
6347	2.12365954752076	7.67643286962402	6.64327157891471	9.95059417318232e-10	4.16642689023748e-08	11.8479348915123
6352	-0.704513610182237	9.94092756055257	-3.67140495905464	0.000363817546369456	0.00174008855414691	-0.419973096433363
637	0.726406289944721	6.96203924685368	6.50916621529123	1.92395598868091e-09	6.90951150717577e-08	11.2086965610722
6376	0.0113272013925973	5.00566350539412	0.159044935528953	0.873905542523957	0.915931960569457	-6.75483485191703
6382	-0.242700209203392	12.7867214664706	-2.76549183647827	0.00659906159516903	0.01950205680719	-3.08094177105647
63826	0.482832201043433	8.2271980651536	2.94715153836961	0.00386650986950919	0.0125787205679976	-2.59833726038239
6383	0.748790941863983	7.64763704542235	6.31218757784052	5.01398732730777e-09	1.55114364507723e-07	10.2808245669791
6385	-0.402876532244611	8.73205243460262	-3.96878756657429	0.00012454422739837	0.000721919521621431	0.584538391276741
6386	0.195913883360128	11.3558666832038	1.87002380989796	0.0639602821884887	0.123649110361631	-5.05261831616194
63874	-0.0992541887852617	7.25737553315003	-1.01831412489971	0.310613372154156	0.430480948656598	-6.25361466426907
63875	0.0224864957971633	9.61509389036487	0.194641406860094	0.846008620087551	0.893838731379275	-6.74857055726213
63877	0.125066560220678	5.44700503013332	2.24298501553002	0.0267658925440181	0.0612766830414606	-4.31613362831549
6388	-0.293198155481962	10.9734131305848	-4.95131998570102	2.48191658249038e-06	2.76288827107419e-05	4.30340671934211
63891	-0.0927526749209725	8.82972913337572	-2.02010106955354	0.0456392180189754	0.0938227826870924	-4.77121544693332
63892	-0.0457081746052436	6.97356523098206	-0.576881665681076	0.565119029101335	0.672605645587468	-6.60202945623581
63893	-0.347654073616452	6.60653149792172	-3.51193224409785	0.000631357271419412	0.0027650936892364	-0.933138021822232
63894	-0.025265874846867	7.52807361774093	-0.346377333055541	0.729676428344711	0.806736353651092	-6.70774133061466
63897	-0.209279431147399	6.42291475094782	-1.84333446201568	0.0677911881270758	0.129469413625352	-5.10052438346936
63898	-0.536598988729712	7.67788075040831	-4.27901056441905	3.83937374708713e-05	0.000271285091111546	1.69522356875539
63899	0.0480607427890527	6.45632798631972	0.844675017611863	0.400002746152763	0.520318532790838	-6.41341205440466
6390	0.153678678207267	11.2176712855291	2.54264929029075	0.0122968753624665	0.0326468952106889	-3.63599072605036
63901	0.76058728626798	9.15998166815107	3.94938932781882	0.000133792957614544	0.000764795730031927	0.517178058124095
63905	0.0227811770838746	10.3555537104481	0.417685577634087	0.676936555393314	0.766903846872688	-6.68065907942244
63906	0.145634944439188	6.96375280511343	2.06810562963441	0.0408169222064807	0.0855649043335251	-4.67692742166832
6391	-0.192375255328787	9.40606874208906	-2.19950879171151	0.0297922115723044	0.066743603902152	-4.40834934569967
63916	0.146765074609414	9.00235437803276	2.81856903928294	0.00565893890636489	0.0172610174913493	-2.94269726040558
6392	0.113745934043045	10.7800438355476	1.85408170359877	0.0662261684994997	0.127127155892602	-5.08131167100836
63922	-0.415911419082861	6.70300159216654	-4.10294430230508	7.54071028992627e-05	0.000477655421739195	1.05721452482412
63925	-0.0257330988527859	5.66798395381058	-0.305292641890957	0.760681499438144	0.830565655698489	-6.72105430331774
63929	-0.0523022339861038	13.8624791331564	-1.34331706311018	0.181748791431821	0.284507938915216	-5.87621920109446
63931	0.136342060033912	6.96100585893821	2.12600975910384	0.0355879871846176	0.0768514442208996	-4.56046107287994
63932	-0.0248587809515956	7.2798739078707	-0.247383158851235	0.805041907884825	0.863590410276449	-6.73697261479183
63935	0.0906083637054693	5.67132201861906	1.17476577825278	0.242455181963573	0.35508507145729	-6.08460412547764
63940	0.768849652833381	7.20098656114742	5.68932316430103	9.45257695281484e-08	1.77854864761391e-06	7.44320050357234
63943	-0.351860249907395	5.84640149107282	-4.06012733324254	8.86095070775966e-05	0.00054907316463687	0.905072399828402
6396	-0.175013539777109	10.0736352373267	-2.39512739400573	0.0181889344195714	0.0449015535880633	-3.98046425196347
6397	0.321538975875745	7.26460711695497	4.05878224551034	8.90581437084002e-05	0.000551026417251974	0.900312272521989
63979	-0.329363843733799	7.14648464419848	-3.49244782008739	0.000674558889253665	0.00292485901587153	-0.994579620806657
6398	0.0853723467149961	5.64427354052978	1.14755234039475	0.253476221204088	0.367705231321702	-6.11569746729614
6399	-0.0875897651392487	9.11063615580845	-1.13452176931783	0.258876678601849	0.373571167933486	-6.1303336195422
6400	0.0505986136919592	6.21283754948936	0.764626233612052	0.446021560925948	0.564013792597724	-6.4771711326308
6405	0.602050975566875	7.45705753542309	3.5995373110291	0.000467382777624096	0.00212704228274106	-0.653490118965841
64062	-0.0332282590653251	9.05734674998172	-0.567061294080161	0.57175039301888	0.679030660867857	-6.60760488355689
64063	-0.505920042637592	6.34180099700299	-2.64071358887989	0.00939349027428706	0.0261775403730132	-3.39682424046831
64065	-0.0994119755601128	12.1654312434173	-0.822318160009501	0.412555493787116	0.532204963092548	-6.43185051514274
64073	0.138959629499409	5.18873602946862	1.27866668149283	0.203525212817369	0.310341195841142	-5.95935650164228
64077	0.0598737426355216	8.45980176357586	0.645150434097284	0.520082928255581	0.632398791018858	-6.56064144943735
64081	0.0022450404776532	5.82025801563503	0.0302335756548059	0.975931880907866	0.98379269420295	-6.76696794046259
64083	-0.0720440745519391	11.1058691502806	-1.32790173132988	0.186775195484226	0.290450628963281	-5.89640384882666
64087	-0.514670217190358	6.80270671950273	-5.2406777671107	7.10235672176037e-07	9.60154934889373e-06	5.5027198743749
64089	0.296825768154277	6.67341162780283	2.44146111966328	0.0161132639758125	0.040691730708062	-3.87427046959134
64091	0.176908671609256	5.21694510570883	2.26012248146365	0.0256489653853903	0.0592119771054567	-4.27932910658975
64093	0.510693214489972	5.49690590119753	4.60031796985651	1.0694603949256e-05	9.38761196820987e-05	2.90898094982887
64094	0.400875066945675	6.72855346013269	2.84960530034604	0.00516759511801342	0.0159986265647642	-2.86079877067995
64097	-0.00634186720509628	6.81382229789924	-0.0820743136427609	0.934726765808117	0.955077076394736	-6.76407038374266
64105	-0.0824419323172097	8.37459487756598	-0.729841532314726	0.46693437962553	0.583241296531608	-6.50292012886767
64110	-0.0938573525766343	7.46202159286817	-1.46993064197424	0.144243583586734	0.237388324452366	-5.70191105341379
64112	0.178214988780639	9.21284423004291	2.13897067396158	0.0345002271627288	0.0752103131074531	-4.53398417737401
64114	-0.104285840504238	10.6175401725985	-1.22452537827521	0.223194713580077	0.332957979803403	-6.0259112362771
64116	-0.418676664786611	11.5302861036121	-5.29252848934506	5.65183472161082e-07	7.91256861025515e-06	5.72210800244944
64118	-0.217706852104402	7.08947130459219	-2.73702100542054	0.00716000597361527	0.0208833507563779	-3.15414745958911
64121	-0.0841195317580112	9.23415302011101	-1.1960818138888	0.234064079934637	0.345415802880651	-6.05975205273822
64129	0.583902413988417	8.96545021542505	4.63562599771486	9.2605875355891e-06	8.32344429205288e-05	3.04610333291277
64132	0.264171630414013	9.40724205968763	4.15675782440544	6.14702746501968e-05	0.0004045772658252	1.25011697298915
64135	0.072796632822038	8.51917730654679	0.646671935267945	0.519100975685143	0.631390672825694	-6.55966671537024
6414	1.30451693545936	10.6812714356303	5.50472681679703	2.19076651200482e-07	3.62639907598393e-06	6.63345664613328
64145	0.0679434855614827	10.2323789022838	1.64077222231491	0.103509383960751	0.181975081157525	-5.44281773940374
64149	0.612376909950558	5.3672717488458	5.72071374241134	8.1818611685741e-08	1.57167844773074e-06	7.5824026778382
6415	-0.207889033577005	9.88723970112154	-2.47790300897541	0.0146317318818083	0.0375773862527885	-3.78945876220226
64151	-0.491885616293717	9.32383338146686	-3.26187769918597	0.0014476336550341	0.00555902091612352	-1.70036130087891
6416	0.19776229661469	9.10600544377243	3.63084663835944	0.000419237300438242	0.00194755077524447	-0.552209397740866
64167	0.0667946350265521	12.8689995442207	0.754159655693887	0.452256685908077	0.569229863847265	-6.4850437606874
64172	-0.105749772751739	7.27422440116612	-1.33033125301232	0.185976180973996	0.289545455008357	-5.89323766250218
64174	0.409899474262356	8.53991267358279	2.37833609303426	0.0189977579269432	0.0465366193584078	-4.01849386856733
64175	0.0624623075510879	9.01472584546941	0.942948611784339	0.347635038540154	0.469347077205242	-6.32657634756726
6418	0.0101008857842009	12.0081691139709	0.215316301519495	0.829892676449623	0.881774312769987	-6.74435368914494
6419	0.00568866984362665	9.509049851425	0.094033044803128	0.925242493608051	0.950560074278918	-6.76302229435604
642	-0.0564749596722844	8.85161893708901	-0.90950681430871	0.364937846846413	0.487173040315383	-6.35718273364638
64207	0.326724375470385	10.1451965764799	4.32706872395686	3.18318778241712e-05	0.000232271475996161	1.87276974995711
6421	-0.111015608418645	9.224399570185	-1.25040856467322	0.213625864718388	0.322409947482895	-5.99444324685093
64210	-0.0596736941629249	10.0132329662183	-1.0351036324083	0.302738553425865	0.421848066477618	-6.23661014156123
64215	0.0411292740627124	7.15197464478208	0.465927420794223	0.642126909136071	0.737686824682051	-6.65947932114442
64216	-0.119082253523041	10.2197018029057	-1.85249027401279	0.0664559943552061	0.127447876439175	-5.08416329223127
64219	0.0338919428092617	9.19104989643729	0.317114914275397	0.751717162768876	0.823343983620247	-6.71739516097447
6422	0.311321486892997	9.18973461225909	2.12778998233211	0.0354368459032925	0.0766653607022515	-4.556833203943
64220	-0.0755601480371456	9.17311470414452	-0.826452632777272	0.410216444113298	0.52993240981793	-6.42847751021767
64221	0.0912492703211694	5.8327427960795	0.956254069376966	0.340900177110972	0.462598236066474	-6.31409635598843
64222	0.469004647584766	6.67637769970196	3.03984382499637	0.00291637968063933	0.00995014298309825	-2.34190414471988
64223	0.04647859056388	8.22650460728112	0.772630647072941	0.44128683145992	0.560170466860141	-6.47107797968824
64224	0.0749964620279773	8.12136029877956	0.466614681611113	0.641636481733038	0.737350019798836	-6.65916094210433
64225	-0.433202259409405	8.28710643172413	-5.89642302697498	3.61976941685675e-08	7.78627483938458e-07	8.36936492600061
6426	-0.0428534714047927	11.5694005011676	-0.854400572178613	0.394615489514864	0.515339753896092	-6.40523856691871
6427	-0.0584310792357421	12.1229020002159	-0.978099157227123	0.330027606260254	0.451030447999619	-6.29323330848483
6428	-0.0783044739778713	9.84473760071146	-1.09997484883722	0.273583533573037	0.390213810957641	-6.16834556833114
64284	-0.275822424011092	10.1419725441567	-2.00547200356985	0.0472022075799285	0.0963529435478343	-4.79953885481074
64285	0.221783130988086	10.7483184875323	2.56885404061208	0.0114510726811455	0.0307296492353028	-3.57287065084625
6429	0.00331245592661436	11.411099416179	0.0667748770910212	0.946874005283878	0.963555412547103	-6.76520373833341
6430	-0.296289364422037	12.0424040998646	-3.31926000333527	0.00120117022346688	0.00474267019399446	-1.52842302373814
6431	-0.012621009613517	12.0987036442151	-0.191600558226157	0.848384628372653	0.895547224326916	-6.749154916497
64318	0.0373149649890509	9.58514514772036	0.519844760800666	0.604146260549211	0.706533783397492	-6.63308188777778
64320	-0.105141576401538	6.19402247796099	-1.13707971212109	0.25781023122187	0.372422614531768	-6.12747339027527
64321	0.584069677798001	5.13390955533747	5.90835914526415	3.42316477752373e-08	7.54009094995893e-07	8.42329234011949
64324	-0.0533183381578878	6.3611788138976	-0.900825216667039	0.369517327411044	0.491429190196996	-6.36495014696882
64326	0.089991959209713	10.3416036707836	1.78750395621858	0.0764247051531377	0.142723957622636	-5.19863405106636
64327	-0.125175837705083	9.85894841811944	-2.7717466244588	0.00648131875012464	0.0192228699734397	-3.06477013586595
64328	-0.0508419340986664	9.17106843728012	-0.925467647138164	0.356612771324582	0.478496018703873	-6.34271099426766
6433	-0.175096327376641	8.24397946238072	-3.40026095335374	0.000919412126972319	0.0037801613582834	-1.28150757672588
6434	0.106559201274472	11.5805157655534	2.1214724702405	0.0359757248169699	0.0775063867992101	-4.56969478511639
64343	0.0145150707230868	8.62067988749199	0.224081358924391	0.823081770222831	0.876793322419471	-6.74243768177304
64344	0.647379967884429	5.24212853150126	5.15998214007379	1.01091325009581e-06	1.29359000178451e-05	5.16394386611825
64359	0.181859364810883	7.17674003860278	1.42171527787709	0.157748323971905	0.25464161735547	-5.77007616415732
64374	-0.22503203928534	11.3823884780643	-2.61951720517989	0.00996265320066033	0.0275130442786541	-3.4492015937193
64376	0.073948197674347	7.66298112736133	1.14309444808779	0.255314761752574	0.369528637125681	-6.12072303810157
64388	-0.629989933654753	7.59131484905266	-3.47320152699067	0.000719953314767262	0.00308125097408165	-1.05499838960017
64395	-0.2767749242703	8.36659644260753	-2.63374393830238	0.0095773121190624	0.026564337845351	-3.41408794497973
64397	0.0695603483481251	9.45951088097253	1.23424757636828	0.219564683088595	0.328445256127114	-6.0141664670706
64398	0.188034716544224	9.99753084339789	1.67512375640974	0.0965598315217305	0.171893148355494	-5.38743528541066
644	0.971194240337595	9.1542189311076	4.65441088781045	8.57536960295016e-06	7.8702836578187e-05	3.11934996402913
64400	0.257470342943778	11.4022404625755	2.76429930366887	0.00662173022846044	0.0195620499596149	-3.08402140752749
64403	-0.0839202354654305	5.40011726943311	-1.35345557773037	0.17849881571163	0.280570926313618	-5.86282084279904
64411	0.697105074641948	7.02541418199101	5.55443486201469	1.74953032027569e-07	2.98576868708207e-06	6.84999153917417
64417	0.0174637345203126	11.8068767203344	0.157564487974429	0.875069467504436	0.916346340744142	-6.75506808392728
64418	0.13751138806354	8.0314383601031	2.00783826413835	0.0469463435954642	0.0959741734525397	-4.79497054435022
64419	0.00612022886012126	9.65413196317461	0.133874599063327	0.893729944374056	0.930100710662682	-6.75850363068655
64420	0.302873231695474	8.66242870741066	3.48930733069529	0.000681777320292987	0.00294996368026196	-1.00445685170991
64421	0.0118989203038281	9.23302758033969	0.0896221337100827	0.928739535191912	0.951903283370789	-6.76342544260994
64422	-0.16565029321629	9.96752594360548	-2.25371710849659	0.0260615623399402	0.0599633718462134	-4.2931153659355
64423	-0.111109861752574	11.579106876828	-1.81126713217809	0.0726449242371024	0.137059633211162	-5.15722409909115
64425	-0.332746604905015	9.10197295733043	-3.70747341476582	0.000320428648046748	0.00157076595422323	-0.301399200712125
64426	-0.121225719953753	6.08094028728191	-1.48638592532638	0.139845843037999	0.232046336579725	-5.67814575901474
64427	0.0549741817919904	8.6142871949325	0.859029121830303	0.392067290652492	0.513185136892577	-6.40131621820689
64428	0.00710744321080981	7.14848086712676	0.121626002403836	0.903402234648987	0.936861576673023	-6.7600609655838
64429	0.0455308924307857	10.1290692106535	1.15873983243869	0.248903410801638	0.362663992453966	-6.10300113382411
6443	0.589532872163006	7.19576636331669	6.55257459774603	1.55517322333826e-09	5.89253707558443e-08	11.4149613225162
64430	0.167117621914744	9.30137531453422	2.72513878524483	0.00740667637969008	0.0214739020344823	-3.18450275146225
64431	-0.103640755274477	10.418282646502	-1.29839252232209	0.196685990977774	0.302481155367048	-5.93441210701765
64432	-0.0866359715675892	8.29821132373868	-1.28828967338324	0.200167191417599	0.306408636232277	-5.94723407043915
6446	0.00522168743897899	11.6823112576157	0.0653888098361652	0.947975157513339	0.964438329974157	-6.76529490685916
64478	-0.0518647323853899	6.44633076590462	-0.353250171160111	0.724531598171705	0.802229356688778	-6.70535070573447
6448	0.0337926380220616	9.59726460744476	0.389131128509542	0.697880934283293	0.783113234231761	-6.69210909241253
6449	0.654119954289949	6.90221817716301	4.29305659793762	3.63521841625489e-05	0.000259075963056647	1.74696657692881
645	0.536999943203212	9.67754659839805	2.95924778954407	0.00372811208336371	0.0122091055935148	-2.56525963848939
6451	0.837458986569819	9.98538267702421	5.3592885433666	4.20389479707007e-07	6.20612590485213e-06	6.00651366112294
6455	-0.132955058047693	8.64309538441096	-1.7172252111178	0.0885632114065357	0.160529323286808	-5.31806796205927
6457	-0.234466963863515	7.61195445821784	-1.81427627048266	0.0721775351579127	0.136271186378139	-5.15194346383704
64599	-0.136891109680099	5.69697184762706	-1.83877859769869	0.0684638528418506	0.130452462393007	-5.10863705192033
64601	0.0335717585385678	8.971183342756	0.402871027676478	0.687772550677891	0.774294843750768	-6.68670043013682
6461	-0.0698517964478318	6.65512218190476	-0.983576252537007	0.327337633140255	0.448021350412345	-6.28792974798465
6464	0.0269244722949992	11.1313394300429	0.564608290415334	0.57341265359299	0.68071119843031	-6.60898269494552
64645	0.402591289736263	8.96473390495045	2.58902834161431	0.0108359418087344	0.0294617772679875	-3.5238828435914
64651	0.312091150531419	10.6013633019607	2.81261367922838	0.00575796522225435	0.0174920164530419	-2.95832287548611
6468	0.038059048210517	8.95909022879585	0.677843648009797	0.499198678389279	0.614604424429191	-6.53919527489029
64689	-0.10587863850041	8.65604372558133	-1.60739981273847	0.110641003819102	0.192156158861603	-5.49557196768089
6470	0.137594220532775	8.94620677464729	1.34221813203128	0.182103715896256	0.284935914624564	-5.87766560600005
64708	-0.0125022114999685	8.75676949308482	-0.206494639604491	0.836760662249907	0.886923792475419	-6.7462049475377
6472	-0.494243947767608	10.1815688942901	-3.94504379366506	0.000135952872760027	0.000773395818869024	0.502122709949694
64743	0.0767233497143834	9.78292073325624	1.11973820700335	0.265100820703982	0.380426125610648	-6.14674077153925
64744	0.730463623186405	9.2799011560642	6.95315596993947	2.12395188754507e-10	1.16958950607482e-08	13.3466998309783
64745	-0.195668061027158	8.48939427670405	-2.61422125255024	0.0101096332502811	0.0278166457852506	-3.46222961920311
64746	0.0211676218776475	10.8946527406566	0.499563947192526	0.618312966434574	0.718220377267555	-6.64334856579192
64747	0.349201717762795	10.426654647597	5.08132010833262	1.42185693437383e-06	1.73974589647874e-05	4.83688036060932
64748	0.328036745792354	6.18365094085401	3.73287061234863	0.000292870716507212	0.00145709715772191	-0.21735874545559
64754	0.2765978751919	8.8980736465995	3.30044112130566	0.0012773088566886	0.00501453001722808	-1.58508515296962
64755	-0.260095196424809	10.9840521548393	-4.65229525695202	8.6500183357229e-06	7.91241987298684e-05	3.11109048277465
64756	-0.0651016670617581	10.2548195789599	-1.32718915926742	0.187010030648792	0.290740232102207	-5.89733141772812
64757	0.118150568610967	9.57661603186993	1.07165469771969	0.286063506503906	0.403704863099652	-6.19864737383922
64759	0.389225997859201	11.85149994058	4.07407190019583	8.40840975928409e-05	0.000525366600693544	0.954490527992542
64760	-0.064412196732867	8.89056203121033	-0.947368984820738	0.345388119487813	0.466946676906651	-6.32244931236069
64761	0.346052648161404	7.45658339845753	2.94378784991985	0.00390582651594444	0.0126866405905234	-2.60751466052368
64762	-0.36391153989816	6.67316653806789	-3.82271819471051	0.000212353536024736	0.00112079246489733	0.0835512807430883
64764	-0.0325913439753627	12.0703141865094	-0.506364094535994	0.613546481611987	0.714492307643453	-6.63995147452009
64766	0.0642090930933586	8.82168460896386	1.62450141494888	0.106938804297132	0.186865776072416	-5.46866761694597
64768	-0.652055593356767	6.48650991734531	-4.85116969522703	3.79005994549325e-06	3.96277153794611e-05	3.89857106786614
6477	0.0289044472951506	12.8613830743343	0.461086133462478	0.645586107634294	0.740733608703885	-6.6617088388694
64771	0.130196382233988	6.73441547815027	1.60287362066065	0.11163781263938	0.193521161049586	-5.50264702672268
64773	0.372225738935831	7.37948652814671	4.9342817517278	2.66822972794061e-06	2.95041198832523e-05	4.23415120186649
64777	-0.17721857223753	7.46531284478519	-2.51006452711465	0.0134265455085324	0.0350294585914333	-3.71367024669748
64778	0.220864449565767	11.6209628307364	2.57714040704744	0.0111947127951316	0.030218407741107	-3.55279082094992
6478	0.213431476998352	9.78042773059097	2.08099049539923	0.0395995388019501	0.0837409601905038	-4.65126931071079
64780	-0.316044211488132	8.02634900967749	-3.20904320993473	0.00171557292127341	0.00641205082792687	-1.85646369240581
64781	0.325663940520645	7.33728741083025	3.20434630498654	0.00174150391137568	0.00649427643700368	-1.87023780385805
64782	-0.545955864559498	8.31842520731083	-4.42458557927425	2.16726811978002e-05	0.000170980273824097	2.23741263124421
64783	-0.0925230645816677	9.18053313310108	-1.55935868640305	0.121591294215139	0.20742339740129	-5.56969182525218
64784	0.0404742092666601	9.37634677655071	0.568371300280425	0.57086362805679	0.678075002552357	-6.60686664162981
64785	-0.0406462916664494	7.87319941094712	-0.404589414593351	0.686512261572873	0.773403066092735	-6.68601082686838
64786	0.116016182718029	9.8113867132261	1.85341810556179	0.0663219210863946	0.127251816068204	-5.0825010272823
64789	-0.216106638849567	11.4188367581711	-1.62838461863373	0.106112162226262	0.185696283895959	-5.46252062400429
64793	-0.936943375292043	10.4160063257454	-7.96580085305271	1.15331953116211e-12	1.42185363095508e-10	18.4197252699426
64794	-0.298772158153306	6.26009213926504	-2.78195375771432	0.0062932792670699	0.0188137845624312	-3.03831108256001
64795	-0.143308501584699	5.65309829141625	-1.73060359391526	0.0861383519548908	0.157029968472169	-5.29568268108245
64798	-0.0115758411748558	6.73697302914792	-0.0781932413051043	0.937806864567666	0.957158618723455	-6.76437993897891
64801	0.205315544634701	8.91693901772076	4.64793443163593	8.80587655900009e-06	8.01946420918862e-05	3.094073818952
64802	0.0182880826606449	6.52674352677531	0.270103092223636	0.787553070155943	0.851018885333345	-6.73112443825445
6482	-0.331876945466973	11.3320908961614	-4.45339827175211	1.93256367432196e-05	0.00015498034902815	2.34625918450949
64834	-0.0572360692818824	8.5041812539169	-0.921062234062551	0.358898409476678	0.480703885564676	-6.3467301881307
6484	-0.136308076824292	10.1922203229131	-1.36650455462271	0.174380568778887	0.27530265636728	-5.84543256819144
64840	-1.82697511291256	7.8845756963558	-7.62085205379357	6.99205342544123e-12	6.21014637571447e-10	16.6653882246085
64841	-0.154684724984396	8.52872070759842	-2.16146520786936	0.0326805602650704	0.0718693897203092	-4.48767886959045
64844	0.0766968062494495	11.3531906128266	1.75559400371511	0.0817543660731987	0.15053300574334	-5.2534259228223
64847	0.469066588503342	7.55283783635127	3.81090725782984	0.000221585408079534	0.00115899321707266	0.0436766901861656
64848	0.0764960504567605	6.07456247582228	0.82298182336853	0.412179492273682	0.53196915721572	-6.43131020874931
64849	0.48859023030045	6.39697521454477	3.7720429226956	0.000254731192463343	0.00130364290566742	-0.0868535299947917
64852	-0.137215060945243	7.24718367758065	-2.04519022790911	0.0430614418949756	0.089427605701471	-4.72219369740332
64854	-0.177634140669547	8.26467483270121	-1.51769534115494	0.131767590715529	0.220770851787073	-5.6322246651282
64855	0.0893969463830905	13.001827861968	0.964312102985948	0.336862841675996	0.458550934779783	-6.30645454867367
64856	-0.175633698447382	9.0349195136587	-2.16963582588488	0.0320405278211019	0.0708249235992323	-4.47074885659264
64860	0.189079769306808	6.75552048812173	1.62721226355861	0.106361186323697	0.185974470582924	-5.4643779040839
64866	-0.719413647046775	7.46770681643213	-2.66414840318582	0.0087985491553585	0.024837908992542	-3.33848013626673
64895	0.0567100026984312	5.37643684211316	1.00016559259684	0.319278294409411	0.43961305414598	-6.27168834366313
64897	-0.0732429192303502	8.20752297514514	-0.830738474475108	0.407800203401557	0.527553591244613	-6.42496336699387
649	-0.00427687707118481	11.5830808830228	-0.0398128217198684	0.968309679869789	0.979336103308983	-6.76663399369314
64921	-0.0822143458509249	7.18664289352204	-1.0322403040246	0.304071951098141	0.423047720409406	-6.23952945191954
64924	-0.312293497471077	9.93678048947599	-4.47437649833727	1.77730586747876e-05	0.000144493567572585	2.42582368232329
64928	-0.0292509332143085	9.98182652010104	-0.470241534573905	0.639050995639259	0.73527806435162	-6.6574730300737
6494	0.374871872102801	8.30152812889068	5.04590232119918	1.65626360947505e-06	1.97128781185359e-05	4.69066001081573
64943	0.174440639246765	8.52883929654952	1.36661886683115	0.174344812107967	0.275298823936496	-5.84527952867651
64946	-0.230731565566601	7.16776409477314	-2.1313985696803	0.0351321772023407	0.0761058965883384	-4.54947074404685
64949	0.115220098326503	8.90982614365812	1.34036786117453	0.182702478297444	0.285556914700262	-5.88009832578486
64960	-0.135396043975369	10.8307114169193	-1.85497447933919	0.0660975291671056	0.126939221325341	-5.07971093002056
64963	-0.044240656687221	9.52647612944388	-0.589211669195741	0.556846389732519	0.664675025894596	-6.59489444371505
64965	-0.368775085160788	8.30762368316971	-2.88525644383348	0.0046515583652	0.0146816477250867	-2.76576118643065
64968	0.169330823363457	12.0638752174354	4.21272240217742	4.96101708818028e-05	0.000336160796951346	1.45270128795677
64969	0.00332595618970815	8.65659485184204	0.0561832057158502	0.955290943204301	0.969306298348889	-6.76585188329718
6497	-0.254479785525349	6.64059249400894	-3.30359338223878	0.00126424834800579	0.00496561643106413	-1.57561254679814
64975	0.0890080434092898	8.83015327904801	0.927915157608995	0.355346964875319	0.477133478896963	-6.34046988929788
64976	-0.256859122217525	9.3268497945255	-3.14319505723453	0.00211414674173047	0.00766587009951436	-2.04802252112292
64978	0.0184718248171036	9.18992713853076	0.268782769898447	0.7885665280754	0.852002553551707	-6.73147833027418
64979	0.0866249635879641	10.482191386265	1.2636008568672	0.208865681005853	0.316730406665751	-5.97815794642221
6498	-0.20299484189033	6.22861754766994	-2.4338431748621	0.0164393430200231	0.0413612468307618	-3.8918565808812
64981	-0.621077767473482	8.5968529380198	-4.33897637602448	3.03811109928316e-05	0.000225065450045551	1.91698291469011
64983	-0.0310803997696963	11.0584520847297	-0.507732806877979	0.612589086459956	0.713578600219889	-6.63926219035659
6499	-0.119131105869865	8.919746415675	-2.3429529584419	0.0208071161232874	0.0500636686419198	-4.09783553169267
6500	-0.201994899295378	10.4020444115519	-3.80032949516051	0.000230176142115919	0.00119500624379478	0.00804684218370966
65003	-0.166214082671608	9.81811383657809	-2.02522651882944	0.0451021565037816	0.0929964584925702	-4.76124663987576
65005	-0.204748566842753	8.21152524924415	-2.49687546159689	0.0139096007777044	0.0360054222575489	-3.7448564343085
65008	0.0175794218293481	9.95193215313778	0.227194999652666	0.820665526070831	0.875206646471068	-6.74173866764816
65010	-0.803433205968576	10.4424204794022	-8.05173056550766	7.33637686915936e-13	9.61880522845339e-11	18.8603035464322
65018	0.625479200055165	8.84570736630259	4.80681250376944	4.56416898386753e-06	4.67162773317792e-05	3.72101508610633
6502	0.0643337263793847	12.2558532531883	1.01757451235306	0.310963395024161	0.430749227385473	-6.25435746786332
6503	0.637204824625761	7.21870086106152	4.17960029023804	5.63333801411277e-05	0.000374950620439738	1.33256221812109
65055	-0.725669772454164	7.6599321696516	-3.28447011736451	0.00134544072253781	0.00523226947653593	-1.63296310562389
65056	-0.0380940215574623	10.5894813408467	-0.62271973152518	0.534671093571798	0.646142389598106	-6.57474684389764
6506	-0.346247445483906	7.05438481513587	-2.25059892184942	0.0262645123909476	0.0602959622982843	-4.29981365246711
65062	0.11779663560765	9.22897159178441	2.50989279652215	0.0134327375065234	0.0350345474593886	-3.71407725948957
6507	0.0312569848610581	8.90569426692585	0.472054359355353	0.637760342188366	0.734272024595572	-6.65662447401638
65078	-0.199724106934972	6.14501084659891	-1.53653762145225	0.1270854388197	0.214755671982553	-5.60414553007478
65080	-0.160652817902587	9.19704106648013	-2.30941539122662	0.0226608270075682	0.0535388961983567	-4.17203934434468
65082	-0.33131776299258	7.98584440661445	-4.13607069091649	6.65075895336659e-05	0.000430527186166207	1.17573987326331
65083	-0.193054005834157	9.92220924007693	-3.02945434777506	0.00301096237318798	0.0102516690859574	-2.37098454236689
65084	0.386317478183831	8.44764988730475	4.4285302772738	2.13358319549401e-05	0.000168483720791401	2.25228500085239
65094	-0.0619720253168571	6.48408011285545	-0.824917349335983	0.411084087074945	0.530887204383841	-6.42973198392894
65095	0.118699044011374	6.93169087707616	1.78344650071234	0.0770860450821609	0.143537135342347	-5.20565288963748
6510	0.259839500992992	8.82481258743372	4.32027584970792	3.26891070533447e-05	0.000236781326964556	1.8475870659148
65108	0.197609927100277	9.2968199615189	1.90874683442682	0.0587253063840732	0.115300934331458	-4.98196040607593
65109	-0.157394853538712	8.80229865895835	-2.25097750529825	0.0262397983879814	0.0602579809046013	-4.29900085733446
65110	-0.0190088049182771	8.82769121163231	-0.298007644903592	0.766221746684514	0.834628989531068	-6.72323999198863
65117	0.0928301171807321	10.9131641646718	1.69077268601971	0.0935217555672106	0.167422995445418	-5.36184312843143
65123	-0.241999285823377	9.05500773540105	-3.66168805193827	0.000376425190088753	0.00178181780523387	-0.451760254606434
65124	0.305617022656744	10.2286484524039	3.28008240486231	0.00136474465609175	0.00529487593204219	-1.64608286537799
65125	0.118437415558163	9.64527425765823	1.96965023564873	0.0512230250332833	0.102969624428065	-4.86808168578467
6513	0.0795483315571015	13.1502332901526	1.23969901108914	0.217548126057742	0.326717731133991	-6.00754134541243
6515	-0.730619385274662	11.9125457373748	-3.40527969751973	0.00090417592239659	0.00373238036931326	-1.26604819710326
6518	-0.384392148015465	6.36210161274225	-3.73818138151612	0.000287399617402546	0.00143699808701273	-0.199728165500961
6520	-0.324794460945037	11.3289909804331	-5.58730053767049	1.50690635958926e-07	2.6370861292812e-06	6.99377702931591
6522	0.2885490291756	8.52547526552152	2.8565722473151	0.0050628081509023	0.0157747247553576	-2.84230718290086
65220	0.132225478142295	6.89809126388677	1.73310426829596	0.0856911806033867	0.15637554724915	-5.29148014039007
65250	0.283137453650232	5.57303526121317	3.61157022091309	0.000448291982317439	0.0020514635866715	-0.61464834543639
65251	0.169420282353245	6.69500573356813	1.70318986170273	0.0911667453567268	0.16427515633651	-5.34137497615659
65258	0.0926136886837719	9.16896743274212	1.25817236328857	0.210814938329811	0.319311899432599	-5.98487932121584
65260	-0.387591562439599	7.18536016726193	-3.84385816321708	0.000196735828852824	0.00105044469704223	0.155160289706417
65264	-0.00657696660588573	9.06652315124349	-0.111120094117395	0.911710023546344	0.941811505064133	-6.76127779629862
65265	0.00211488580460813	9.71815247462421	0.0201996478129763	0.983918247579096	0.989487183721777	-6.76721979513365
653	1.76175300428956	8.88374904536681	7.9605538262353	1.18557212480992e-12	1.44012143396028e-10	18.3928661915327
6530	-0.16280479582389	7.12439886003637	-1.42073720127972	0.158031989213313	0.254999849756196	-5.77143622512806
6532	0.594505508260385	9.39392926489938	3.12693611422148	0.00222501161212435	0.00801508762152078	-2.09480639125883
6535	-0.733662405449493	7.19049960496295	-4.95421961144951	2.45149459430826e-06	2.73639802013327e-05	4.31520833296392
6542	-0.578394539123348	11.296490844899	-7.02306330239464	1.49348679078095e-10	8.56680617489628e-09	13.6887290298728
6545	0.368856494785441	7.1801265467254	2.92403693537755	0.00414420039906446	0.0133454562558567	-2.66122028906892
6548	-0.0968360430338019	11.161337231693	-0.919275449985109	0.359828090314976	0.481576118460965	-6.34835493881287
655	0.031250011210222	10.2941837290325	0.410685603292635	0.682048368036804	0.76984415413829	-6.68354076522361
6556	-0.977873437201497	8.3697061551202	-6.4829232116078	2.18745175580573e-09	7.7215177363057e-08	11.0843041835672
656	0.204844547228551	6.42876641059256	1.04351919787527	0.298842409609002	0.41802511488067	-6.22798408920919
6560	0.0490756919102815	7.84173017855094	0.741922234384224	0.459609599603449	0.576512120134424	-6.49411208927451
6567	0.490150153831612	6.72199217940333	4.19741149519087	5.26162921738543e-05	0.000352482216833768	1.3970794635526
657	0.350274917214932	7.62180147942613	3.01558841095349	0.00314161072078543	0.0106047014931294	-2.40966318486424
6573	0.167359068029206	8.24666743850557	1.42752976416289	0.156070044204622	0.252623665516397	-5.76197219157519
6574	0.38647120591879	11.3595267312558	3.01971230518714	0.00310221764870504	0.0104974673405586	-2.39817553524946
6575	-0.230110801658876	8.4118027207929	-3.40229972851165	0.000913193860736975	0.00376021001479931	-1.27522973114953
6576	0.0901132035551002	9.13605618118067	1.00086579867872	0.318941041385648	0.439295147881516	-6.27099694964249
6578	0.731882798286816	10.3030507805383	1.64010079843445	0.103649128262655	0.18211908092949	-5.44388931568785
6581	1.12347957140303	7.30439240585407	6.89122766930196	2.898297977773e-10	1.49624633102531e-08	13.0448769584161
6583	-0.225972672095815	7.45371200155619	-1.81464598343112	0.0721202825627172	0.136194223586658	-5.15129409566654
6584	-0.0684917397959208	8.30731866565126	-0.82936091475382	0.408575895701519	0.52830884447316	-6.42609484556191
6586	0.744978287236562	6.26760526200395	3.89798110127513	0.000161578949519616	0.000894532254042913	0.339884323108294
659	0.247615957815894	9.56860807259593	4.11895685010654	7.09715494703342e-05	0.000453666357832312	1.11441837746225
6591	0.47980092085056	9.68205476103233	4.85229389758487	3.77219935522261e-06	3.95913172479527e-05	3.90308516042359
6594	0.419060867460474	9.95498191237236	2.97312947375535	0.00357491396675404	0.0118115157461553	-2.52715618774059
6595	0.117770411873113	11.2749367090431	2.20335745010313	0.0295127825791676	0.0662717289430742	-4.40025304158389
6597	-0.133178901436203	10.8973324315092	-2.65375022864793	0.00905818921337741	0.0254405450195503	-3.36442413553925
65977	0.0548414823256671	6.76917889322206	0.508746881559027	0.611880186945735	0.713054506796243	-6.63875030724202
65979	-0.0214758027234443	10.2151173103292	-0.520622407130195	0.603606002012608	0.706001922489966	-6.63268012772729
6598	0.0912949159661496	10.4476323525984	1.35017968396119	0.179544104076566	0.281892092695768	-5.86716071430402
65980	-0.0790511569814993	10.0749792172299	-1.42600608053091	0.156508504511455	0.253048243634172	-5.76409892244048
65981	0.219123671099746	7.92357681277721	1.73548879131812	0.085266550939963	0.155681191592417	-5.28746743211484
65982	0.356826290132548	10.1138707009863	2.57646628584448	0.0112153739058383	0.0302642889455159	-3.55442653210653
65983	0.000334645197824619	10.7578192186604	0.00392077351444185	0.996878308430439	0.997723837105952	-6.76741521703971
65985	-0.04747062741506	7.23581475517308	-0.675519591636308	0.500668232791065	0.615954662325618	-6.54075454306109
65986	-0.329928495900765	6.38774860148665	-3.37988348396388	0.000983784734485627	0.00398923019482144	-1.34408486711643
6599	-0.128813999551	10.5701942693091	-2.16220196500662	0.0326223961580184	0.0717605838256276	-4.48615468180618
65990	0.150468742803098	8.42561101478037	2.22022860613597	0.028314636623211	0.0641467083125954	-4.36460816129771
65992	-0.235258435330948	10.8617455533371	-3.50364219970817	0.000649409645001936	0.00282402802307056	-0.959313391095708
65993	-0.0613067219693135	7.36052859120146	-0.592171952690472	0.554869162660421	0.663045756864129	-6.59315908513268
65997	0.0535872396432263	10.3214979027921	0.517551574778472	0.605740697195099	0.707897306003327	-6.63426314961033
65999	-0.443516142040001	6.02379711835691	-3.6697213105411	0.000365973044469613	0.00174667559625903	-0.425485637349724
66000	0.689437166247336	6.8816462022152	3.66595706890313	0.000370836049506599	0.00176344603852879	-0.437803135262587
66008	0.468400037934296	8.87547368570956	4.92954968830533	2.72234198697939e-06	2.98626093126823e-05	4.21494434853497
6601	0.167228017682386	7.10544758016227	2.01135013027494	0.0465687840696523	0.0953796503872232	-4.78818125965807
66035	-0.28325322708461	8.37809598341294	-2.46894043348156	0.0149843643476511	0.038319148455603	-3.81042243481301
66036	0.0646935517611559	9.16843162528798	1.30723250612719	0.193676954387645	0.298576267868971	-5.92311309291252
6604	-0.177135259651455	6.87618064518015	-1.94521809049033	0.0541289741192116	0.10781416113448	-4.91416813953127
6605	0.137861281458422	9.21017126495858	2.03169208312138	0.044432378671737	0.0918906980041431	-4.74863778668583
6608	0.0963546323145018	5.96910764049594	0.858199582243959	0.39252323989533	0.513434772115907	-6.40202072985602
6609	0.000943666797471967	7.75447066109179	0.00949259625115862	0.992442158328287	0.994971747516889	-6.76737802073756
661	-0.192662674926446	6.34708917716169	-2.0666322906919	0.0409581512150024	0.0857736871671895	-4.67985190511575
6610	-0.241210229636095	6.52704699441372	-2.87514132150436	0.00479294958047084	0.0150645979964571	-2.792829888495
6612	0.256768940916532	11.4547077183428	4.84877413955133	3.82839321690543e-06	3.99779114685699e-05	3.88895432714591
6613	0.141471457034776	11.7968241583479	1.20526594494616	0.230513704324578	0.341532412147267	-6.04890999151162
6617	0.0490309637174548	9.24137380466775	0.342042123802295	0.732928022212515	0.808923765830488	-6.70922516752409
6618	0.0751501023463924	7.44817495289791	0.865806205462951	0.388354524829226	0.509985433241559	-6.39553540286619
662	-0.297395959404472	7.30614492430669	-3.48232356975107	0.000698091004219374	0.00300794558938552	-1.02639583868717
6621	-0.0875450162730976	8.23296617585881	-1.2772923036349	0.204008183163175	0.310905459949783	-5.96108064379211
6622	0.851025781434403	8.84741481884284	2.82055421714296	0.00562627651043366	0.0171931350263344	-2.93748216513895
6624	0.500720387703232	11.7849429951385	6.63503467019416	1.03635207923383e-09	4.28728394676563e-08	11.8085027556111
6625	-0.178261321409074	11.2980314954947	-3.46544945572057	0.00073903698612499	0.00314338079577365	-1.07925746156321
6626	-0.380895002282252	8.58491943798019	-4.71862436799928	6.58422756191933e-06	6.32392089086671e-05	3.37125872520956
6628	-0.138438539656951	11.2000623282996	-1.75234360992754	0.0823139889067641	0.151360985834789	-5.25895459583398
6629	-0.160293525025778	11.7932779916571	-3.67012095108652	0.000365460311240423	0.00174592375410404	-0.424177330022323
663	0.017164321446246	10.3820708942137	0.371564991551958	0.710883538069664	0.791787759500461	-6.69875130218871
6631	0.0282017599855652	10.4372745911224	0.492856125357982	0.623030729484682	0.722178808014099	-6.64665472802634
6632	0.00454754082657197	8.30452106676164	0.0515713649797684	0.958957493171412	0.97154285460516	-6.76609920596844
6633	-0.141814565209632	13.1562691435486	-2.81637315674841	0.00569526975904726	0.0173462124667147	-2.94846215045847
6634	-0.120293087350607	7.77336674475863	-1.32338005431984	0.188269105573805	0.292069626775951	-5.90228161060833
6635	0.221632760675057	7.1439425851534	0.865651921185888	0.388438806141173	0.510015027615019	-6.39566750538604
6636	-0.0199764563831414	11.7976859429608	-0.24444070915032	0.807314329021452	0.865401447776938	-6.73769249108332
664	-0.348423689387201	11.2755832196777	-4.36349112228746	2.75920790646222e-05	0.000207379957300983	2.00828155940238
6642	0.171529186140105	6.74118348660013	2.20837200822788	0.0291521313056785	0.0656626868301888	-4.3896845387038
6643	0.151657973582737	10.8762013607658	3.00534716071621	0.00324144509559018	0.0108883027611122	-2.43813346606961
6645	0.197600728059402	8.48593009356475	2.20224339194897	0.0295934322173371	0.0664063434162468	-4.40259799050214
6646	-0.0253229488468702	6.68424453763377	-0.280574903491117	0.779528111927134	0.844889411431325	-6.72825629086009
6647	0.328101057073589	13.1489904353143	4.04240339497946	9.46984044020512e-05	0.000578247568915874	0.842444362190172
6648	-0.132967035165165	8.78187030786633	-1.09102819135139	0.277484707925246	0.394157125960882	-6.17800193162474
665	0.367323118264694	9.90034973749601	3.45545828504844	0.000764334990012832	0.00323764462436205	-1.11045851236973
6651	0.188788809537773	11.3561387746543	4.13641040582851	6.6421762228029e-05	0.000430308828238055	1.17695903654531
6654	0.0664794366515749	6.09904508298341	0.523414478554758	0.601668065710175	0.704134063865974	-6.6312327173622
6659	-0.373699862314334	9.1147678234068	-3.44818936979804	0.000783249426024213	0.00330252182693211	-1.1331122765834
666	-0.186626376233894	7.57894805949699	-1.74563203636801	0.0834794804661824	0.153087237215373	-5.27033971638478
6667	0.10562627979883	9.35735787698639	1.82349375270938	0.0707613429430954	0.134141512080718	-5.13571648035356
6668	0.120688735421718	7.923692083103	1.67397998704514	0.0967849824999908	0.172182630939032	-5.38929690750884
667	0.12585248796712	6.44446290731973	0.598713560015437	0.55051226926836	0.659345160938385	-6.58929364929656
6670	0.0239390090952817	10.1434604943548	0.348876141000944	0.727804444297181	0.80498991830406	-6.70687757632867
6672	0.434862884969032	6.94213689895204	3.95649970919442	0.000130329247859338	0.000750075443403254	0.541839640185903
6676	-0.94571957967624	6.33028491927495	-6.404226322865	3.21005494465008e-09	1.07784771718738e-07	10.7126912219462
6678	0.769051511896716	11.1887298537559	5.40037424123367	3.5003157528261e-07	5.30506570978782e-06	6.18261019067813
6683	-0.11951948707043	8.69514778115217	-1.79550497122317	0.0751343185457426	0.140823569591067	-5.18474916764971
6687	-0.0314326189930397	9.53082991954523	-0.462479814872838	0.644589493378066	0.740067031521852	-6.66106939656433
669	0.161406445507048	11.8871642403298	1.47140335805713	0.143845671167619	0.237073420330426	-5.69979448920393
6692	0.044419203518826	8.9376627080122	0.38240123393031	0.702852103500486	0.786661026411113	-6.69468999913591
6693	0.0964826209621462	7.92125759388393	0.620179042667535	0.536336559211412	0.647397337291577	-6.57631328316701
6696	1.45686803980631	12.5081824423663	2.23652025084517	0.0271981517878007	0.0620598712064182	-4.32995066695083
6697	-0.0534575770679083	6.26397440173326	-0.457440960692819	0.648195796882465	0.742614640962583	-6.66337220810907
6698	-0.116626412422957	6.64602830411478	-1.24405596783931	0.21594615421112	0.324882396341712	-6.00222589641587
670	-0.176930193334526	8.28490167428844	-2.09432435769466	0.0383727248259295	0.0816272745460153	-4.62456139286649
6708	-0.473117707502661	6.85962276043018	-1.67553135313233	0.096479698740276	0.171824560499068	-5.3867715799284
6709	0.306044664193713	8.79103578641553	3.87485104514484	0.000175801268754806	0.000958927365156315	0.26069672228786
6711	0.265652936077155	8.20379684948324	3.12231939856135	0.00225746137512263	0.00809945688732867	-2.10805328644054
6713	-0.0797583463759754	11.4298871934513	-1.02756117918882	0.306259421324191	0.425660915385801	-6.24428296986157
6717	-0.0341659559160609	8.79332525583088	-0.377556057695158	0.706439088020439	0.78870489169596	-6.69652031143617
672	-0.127593776460383	7.44137682099276	-1.22174545534269	0.224240619798901	0.334276758624603	-6.02925284386927
6720	-0.18739588371751	8.75085468374316	-2.67255914680715	0.0085934818073002	0.0243423044335733	-3.31742921234231
6721	-0.140351508895318	5.71109488932703	-1.92617367392754	0.0564896587330456	0.11176157631975	-4.94971780743443
6722	-0.173210939864057	9.75750973420977	-1.54059524873629	0.126094517212835	0.213604116464438	-5.59805523433762
6723	-0.305525682819546	8.96849127594556	-2.40536598515091	0.0177108722464012	0.0438919306196442	-3.95715652598198
6726	0.0213728545924121	12.3751918468828	0.481076412253605	0.631353619815554	0.729469981770384	-6.65235301661577
6727	-0.0314841878652634	12.04334162843	-0.546071707768831	0.586048264726161	0.6908461062706	-6.61920229784253
6728	-0.412824385111736	10.1435962946137	-5.27254946701827	6.1728050907308e-07	8.49789500823941e-06	5.63741705186649
6729	-0.115196937004019	11.1306745079066	-2.36060945238086	0.0198860412995584	0.0482829809330842	-4.05837840318186
673	-0.394843534837153	8.37209065508457	-3.77571934211743	0.000251404590566631	0.00128901422599651	-0.0745505740998569
6730	-0.0802327841048017	9.89784976203586	-1.39688273972434	0.165072100726189	0.264132873848689	-5.80432689711662
6731	-0.189372203267968	9.74780492686049	-4.08203906633191	8.15987026091411e-05	0.000510610063296595	0.982782365992021
6732	-0.183868843208798	9.93140440656796	-3.40648418961711	0.000900554680732045	0.00371929083142335	-1.26233518917734
6733	0.201027586484721	6.98522996731194	1.7998682491478	0.0744382436918621	0.139709132673206	-5.17715245757878
6734	-0.467102171544917	9.30626099325248	-5.23245940716134	7.36338623011624e-07	9.90579320207819e-06	5.46806871570082
6737	-0.221257909771689	7.92932446796244	-2.64081730300908	0.00939077908760555	0.0261775403730132	-3.39656703679064
6738	0.112283681774618	10.5724877334227	1.949555790465	0.0536031025367531	0.106947252887338	-4.90602524838594
6741	-0.0611558232000837	11.0210773381302	-1.11740868354985	0.266091036453789	0.381515702327426	-6.14930692617977
6742	0.00951777626716617	11.4171527206345	0.140525470375552	0.888484585216805	0.926158843247199	-6.75759548133715
6744	-0.393072817962732	8.33878099718462	-3.08064573832252	0.00257088788436422	0.00900136025624468	-2.22687878306353
6745	-0.169091089362584	10.5010923771455	-2.72925700387885	0.0073203228421492	0.0212758151569854	-3.17399516488652
6746	-0.361087247419935	11.2007468442717	-3.37563516744569	0.00099772711281065	0.00403981664304704	-1.35709216639217
6747	-0.326536247025556	7.12188718140213	-3.33030312313997	0.00115849011898549	0.00460940673546249	-1.49504909431798
6748	-0.129456977612755	12.1242662484107	-1.54504614726978	0.125014574187393	0.212410093220475	-5.5913569254456
6749	-0.132711538494523	7.37039616313301	-1.66348917751755	0.098869993451502	0.175114841895177	-5.40631541739582
6760	0.24643359320199	10.4667936162323	3.07953672964437	0.00257975451403047	0.00901767764955213	-2.23002244132809
6764	0.578167457672156	7.47558467470901	3.33970833158494	0.00112326378652092	0.00449252924552008	-1.46655302158772
6767	0.178996264555403	10.7009481519567	4.09968913807684	7.63407073482204e-05	0.000482090399614908	1.04560598321031
6768	-0.210918977965341	6.48393565621234	-2.31693956771472	0.0222327451323769	0.0527405154490044	-4.15547650414839
677	0.289498908255347	11.7499445471373	2.63406905556492	0.00956866556663303	0.0265492702654984	-3.41328353518391
6772	-0.071003412612005	10.1803137498638	-0.578003703059679	0.564363745396848	0.671997194317135	-6.60138637066747
6773	-0.15287223607709	10.3535497661755	-1.91741063697444	0.0576047156301884	0.113641962394081	-4.96596529086097
6774	0.353815086828375	8.96335242511985	3.96437675541969	0.000126592013945551	0.000730712812851327	0.569199780530321
6775	1.11266221765553	8.49738461510867	3.54646060517084	0.00056113227774938	0.00249191000763972	-0.823579953598728
6776	0.269025189740596	8.17868827918321	1.70066232191539	0.0916421577126501	0.164844125153852	-5.34555286008613
6777	0.271808527618087	8.48361709013558	1.73276464838448	0.0857517998105196	0.156428857428201	-5.29205123121851
6778	0.206962363744774	7.73654265721795	1.79489518760739	0.0752320248018926	0.140947716171764	-5.18580944569813
678	-0.318407504392287	6.5886284870119	-2.50100535543854	0.0137566964220059	0.0357227198775565	-3.73510696186263
6780	-0.0139833430801678	11.3930816659473	-0.301343827315346	0.763683054479402	0.832302682411909	-6.72224559174334
6782	-0.60814601584271	8.4348548392526	-4.63048076178909	9.45732851282656e-06	8.47261751799863e-05	3.02607635611273
6786	0.154538234228121	8.40571626484837	1.9181416081975	0.0575109996851895	0.113510360191079	-4.96461266059415
6788	0.059688660048121	11.529257104285	0.757195124040969	0.450443285544126	0.568109425912711	-6.48277163895993
6789	0.032655912443221	10.102815002629	0.637859649776665	0.524801709098363	0.636917736872242	-6.56528057808705
6790	-0.436157212637709	9.50823530130973	-3.41340418153415	0.000880012473931338	0.00365271509280043	-1.24098257732624
6799	0.686709806199544	7.0435476153813	6.11220932671307	1.30785615234786e-08	3.43868463257464e-07	9.35312387725277
6804	-0.0140581136106802	6.24586864943312	-0.174348474788289	0.861890575198473	0.906560059994828	-6.75229616119329
6809	-0.201453614923851	9.55357427154982	-2.48964129841096	0.0141811023908242	0.036582106729609	-3.76189929393569
6810	0.216746525280652	8.73193790344602	2.74234904889169	0.00705184238424163	0.0206334460126943	-3.14049830919195
6811	-0.151395125702218	10.8444541149626	-2.47598737831557	0.014706473687626	0.0376901869872141	-3.79394521097207
6812	0.249144938739965	6.55226544603501	2.91077628583869	0.00431166709124564	0.0137613485987979	-2.69710286516973
6813	-0.0567201949458292	9.54076226644495	-0.790889368582716	0.430596321750288	0.549725752342717	-6.45694401149256
6814	-0.0498989202476002	9.08483979037775	-0.832605046942345	0.406750571407479	0.52677323923264	-6.42342727009056
682	0.104976267317203	11.8296546762307	1.53663271342321	0.127062146185957	0.214755671982553	-5.60400297825523
6821	-0.377736932740013	9.97615540789593	-4.05322036912983	9.0936411150684e-05	0.000560548325451231	0.880641946684018
6827	0.100343711759414	8.54272658028735	1.99807794041938	0.0480093961737896	0.0977224278944065	-4.81378145476966
6829	-0.290974052869487	8.46838730478779	-4.10696170689349	7.42699508675861e-05	0.000471040313519506	1.0715508424789
683	0.200005444662214	5.5837873534977	2.57282890058802	0.0113274488606333	0.0304870405959044	-3.56324582342919
6830	-0.153396950507167	7.01952035074903	-2.19350140990044	0.030232977432723	0.0675844096330966	-4.42096085590236
6832	-0.222531335533505	7.41097906869127	-3.14472062536001	0.00210401200179346	0.00763582563041036	-2.04362231223974
6834	-0.205219718602916	8.39964669620834	-2.32557721644563	0.0217501080063777	0.0518637101999653	-4.13640204704823
6835	-0.124716947680381	5.99404776230092	-1.53813559254037	0.126694464864151	0.214445958970878	-5.60174889609235
6836	-0.189008682174556	11.2859146652641	-2.03155338253527	0.0444466571752696	0.0918972185901694	-4.74890866730462
6837	0.0228635484673652	9.97103522674686	0.47478755732962	0.635816524344145	0.732576996942759	-6.65533895656349
6839	-0.383592931308059	9.26859737321036	-4.10117791072161	7.5912351389348e-05	0.000480119465908127	1.05091437910787
684	1.00894420077802	8.96227351441754	9.58539382467844	1.93669388596804e-16	7.18391377097142e-14	26.8923239989708
6840	0.234966895002942	9.72401739087409	3.86788036121208	0.000180316128984663	0.000976663098631684	0.23690323755983
6844	0.0736347852741993	9.35337060462043	0.612157409640271	0.54161217341406	0.652113216110217	-6.58121719503625
6845	0.242977429435925	10.6470224810648	4.28639979892301	3.73063699639377e-05	0.000264734206101483	1.72242879708575
6856	0.269886384824964	11.0716427372254	4.87332671933104	3.45272306513453e-06	3.6704623575304e-05	3.98766724337354
6857	0.247077928882646	5.58607324370668	2.20342908119253	0.0295076035708299	0.0662717289430742	-4.40010223004059
686	-0.327214127297343	6.77286671915894	-4.12617691636759	6.90543398496431e-05	0.000443882371329223	1.1402659091749
6866	0.934351147786035	5.79137660140607	3.8030406677365	0.000227944578326296	0.00118491014284154	0.0171717371491535
6867	0.393374299645878	11.4812730093216	5.78872943983342	5.97580819579151e-08	1.18940182402983e-06	7.88547987736263
6868	-0.0721713173331555	9.08682210459604	-1.33375786187117	0.184853600787498	0.288146960276416	-5.88876251578566
687	0.766770791709274	6.00189215628674	5.43728802002278	2.96727433345388e-07	4.57740007748004e-06	6.34150954426577
6871	-0.269106134813732	6.94307003398113	-3.46615820605926	0.000737272651741801	0.00313749206769051	-1.07704135076503
6873	-0.0769361030126028	8.54340702991234	-1.18464371883069	0.238540435793312	0.350595017731807	-6.07314180687218
6876	0.263813072597909	11.6247717587946	1.668779481756	0.0978140696402985	0.173602108987724	-5.39774607271791
6877	-0.153114750929101	7.97688270423442	-2.62137785946571	0.00991147333627592	0.0273808594507154	-3.4446188292005
6878	-0.111269071088031	6.39673273696204	-1.47747681071409	0.14221368917793	0.234937014521941	-5.69104424641693
6879	0.141069472093096	9.09921651058404	1.86764641089645	0.0642940167516616	0.124081443544095	-5.05691195187956
688	-0.0439251017394031	9.36545451153924	-0.221293303090224	0.825246797646906	0.878636387324168	-6.74305542327187
6881	-0.0509672535994896	10.1404219868984	-1.0295072275011	0.305348372554087	0.424680511415518	-6.24230855728269
6883	-0.0553629547911623	8.36389167077628	-0.689876202747575	0.491627470580027	0.607321243897791	-6.53103737535537
6885	0.0335037710550658	9.95243589277599	0.836037704727311	0.404824547576898	0.524772561673757	-6.42059346939867
6888	-0.146086066207725	12.0890345036649	-2.34814743985687	0.0205323052771686	0.0495173260115074	-4.08625534306239
689	0.00111902202752116	13.1722555170335	0.0219276105703523	0.982542760480026	0.988646997388843	-6.76718356577118
6890	-0.119181585306339	9.41571672459204	-0.626948210966461	0.53190512272912	0.643176154844464	-6.57212570837726
6892	0.188751512271927	9.47574535799478	1.79130853002804	0.0758088470372863	0.141862500346168	-5.19203894838501
6894	-0.321173431568341	8.7712328208501	-3.82831207585565	0.00020810990585103	0.00110050436768855	0.102470061782609
6895	-0.132125365290535	7.49080890761478	-1.85902746310986	0.0655161572425423	0.126016765665514	-5.0724348248238
6897	-0.057927099498076	10.3256832857928	-0.823399020155829	0.411943232904944	0.531747320486769	-6.43097033694844
6901	0.0444211358086387	6.25204248766623	0.611282765323612	0.542188985949533	0.652364315213859	-6.58174806133853
6902	0.00910140706969874	12.7271811394547	0.193095596034472	0.847216284541311	0.894656930492359	-6.74886876449454
6903	-0.0425858185110793	6.93844959648839	-0.460098028675457	0.646293086970262	0.741153647029996	-6.66216103152407
6904	-0.20110253292822	9.13014528845539	-2.87547898205919	0.00478816683909319	0.0150552942866044	-2.79192761730036
6905	-0.054194638337453	9.66568035059048	-0.779627821697422	0.437171888135229	0.5565721017258	-6.46570011497734
6907	-0.16333232220232	9.86983374201726	-2.79021119330129	0.00614481154295922	0.0184299721658835	-3.01684378852298
6908	0.0089824467267831	9.14790949463361	0.226189257386851	0.821445813866444	0.875502248069268	-6.74196551109494
6909	1.05044941724311	9.14347632002744	7.13394043041677	8.52042722081861e-11	5.33172188211831e-09	14.2339867391816
6919	0.352627834988214	7.91231053396929	3.76296112435627	0.000263128934146055	0.0013347059372265	-0.117205151808276
6920	0.0427975531866394	8.80991306351568	0.474379174635265	0.636106800289159	0.732749574693619	-6.65553150285245
6921	-0.0423247154024292	11.6881420033788	-0.973991857798863	0.332054313861464	0.453275265657857	-6.29719135803879
6923	-0.0251672285248782	11.9963721822461	-0.43579232894788	0.663784106734686	0.756464779474131	-6.67297983600623
6924	-0.402558062131211	8.00500012038851	-4.62910787557989	9.51050391896376e-06	8.5018141093767e-05	3.0207352087506
6925	1.04935180236505	7.40399969187821	5.85653704791672	4.36062783965864e-08	9.09565301908595e-07	8.18958617148356
6926	0.134311450510236	10.3130554394179	1.71219046723307	0.0894900798820593	0.161783335483872	-5.32644954675804
6934	-0.273113198669373	6.63205353151703	-2.00676863784398	0.0470618556668645	0.0961491288172892	-4.79703619092596
6938	-0.079855729939524	8.90298201802578	-1.55085418716104	0.123616339200899	0.210573512435435	-5.58258831881174
6939	0.352026542713381	4.79406262028487	7.00835161597811	1.60855341057981e-10	9.10044600780086e-09	13.616636073386
694	-0.166771109352766	12.7447586065721	-2.52680767414397	0.0128349755431098	0.0338171923400597	-3.67386801057355
6940	-0.10760415556056	6.1204694857847	-1.13623669034455	0.258161359070168	0.372799445090838	-6.12841673269968
6942	-0.00109192804434042	7.8377586025998	-0.0136569364585603	0.989126758546351	0.993040392569968	-6.76733004157203
6943	1.63206535576871	9.50598406665995	6.91537678139678	2.56776551637476e-10	1.37058748547199e-08	13.1624412971671
6944	-0.44423762074439	8.05213721503027	-5.97169527691058	2.54291582663999e-08	6.05316562767905e-07	8.71041670619284
6945	-0.25020790406091	6.72342943057725	-2.28170295146822	0.0243006979207774	0.0566536169420325	-4.23261799152989
6950	-0.106143448662666	11.364130374167	-1.19044566573658	0.236262224649474	0.347617737015435	-6.06636557785677
6988	0.0989878825121206	7.74347295335991	1.04087946863166	0.300060856314664	0.418878261476952	-6.23069722229891
699	-0.234377720983595	7.93809592270376	-1.70785630014647	0.090294298537198	0.162916318461611	-5.33364610332613
6990	0.112603678220969	10.0851983535855	0.994856906203247	0.321842900082754	0.442193723756662	-6.27691474662512
6992	-0.0519029198270333	11.0406316264342	-0.754290569115919	0.452178391612142	0.569229863847265	-6.48494595530128
6993	0.0278761210810097	10.941672103583	0.525907794047121	0.599939897944638	0.702808616795165	-6.62993366952381
7004	-0.327132049369887	8.60898008127709	-2.55663939160911	0.0118385910483485	0.0316407551301569	-3.60236435473047
7005	-0.0535990298036269	10.0193790370844	-0.559799048061512	0.576678320863798	0.683115291887992	-6.61166672570431
7009	-0.210258394406087	12.4482613255569	-3.18229858050591	0.00186817647788832	0.00688582673242192	-1.93466874599284
7010	0.707660334183039	8.68030280298879	7.45363740885569	1.66030991292501e-11	1.33147183308355e-09	15.8240147862099
7013	0.00347714808155394	8.56602148013239	0.0281920965120049	0.97755659649536	0.984926153045451	-6.76702730269877
7014	0.228843999533631	8.32286485758866	4.00280532452098	0.000109779996192883	0.000653301706450442	0.703270346984795
7016	0.0581208775088597	8.12339822020857	0.75347289205673	0.45266753998884	0.569540575827542	-6.48555656621524
7020	-0.170205642247251	12.0929198597632	-2.48519117599183	0.0143504608631314	0.0369497527211552	-3.77236119303017
7022	-0.0120667809454246	11.2228701248187	-0.226802124582798	0.820970310072558	0.875221316623559	-6.74182739962467
7024	0.0128674146338732	8.6287300312084	0.201471532609968	0.840677008054022	0.890597933375173	-6.74722449191185
7025	1.19369509042224	8.28386601838666	5.85706944722652	4.34982105973472e-08	9.09565301908595e-07	8.19198152123847
7026	0.309886261432502	10.4454197544928	3.23226998714855	0.00159254507016214	0.00602860782746989	-1.78810102226167
7027	-0.309356672349641	10.1837554400547	-3.52486744170198	0.000604131161571552	0.00265714770744463	-0.892196050510051
7029	-0.00473172061826496	8.69812972627349	-0.0536463819706558	0.957307679681601	0.970585667628578	-6.7659905471192
7030	0.136801236491893	7.7889188900472	1.76100691944434	0.0808293598739496	0.149062405125882	-5.24419740256372
7035	-0.70135118238	14.0341534707836	-12.4249966500763	3.59646155656129e-23	1.39721419663227e-19	41.9933953603729
7037	0.485477376799968	12.9859095269316	6.60601195099269	1.19578610164906e-09	4.7715909176914e-08	11.669738399395
7041	0.649318947964236	8.41017901422479	6.21316990041039	8.07461398511432e-09	2.33203886423232e-07	9.81962046551472
7043	0.914939836716497	9.62882845323501	5.69945702687482	9.02253783089166e-08	1.7171926839439e-06	7.48809239838996
7045	0.978436635223156	11.8576277927797	5.24812512465065	6.87362801512348e-07	9.33818542844078e-06	5.53414918091095
7049	0.158128616210136	12.5116463613735	2.52173973290409	0.0130115228544687	0.0341842171685469	-3.68594068239099
705	-0.260217037988792	8.02316235662298	-2.45286789772412	0.0156357692579373	0.0397089585518136	-3.84784508883901
7050	-0.238186422012466	10.4841737691314	-3.37833753092627	0.00098883705505213	0.00400578424459568	-1.34881974929114
7052	-0.0361293069322519	13.5622881668561	-0.515949307262143	0.606855873911875	0.708699210874041	-6.63508542173069
7056	-0.297064275749583	7.13365279664767	-1.66344722010785	0.0988784046730149	0.175114841895177	-5.40638327718605
7057	0.825777215292759	7.65286197814988	3.99965640653252	0.000111073120533182	0.000658130336356495	0.692247423966162
7059	0.128639310360019	7.47986008185006	1.35403765682352	0.178313563793496	0.28041257163391	-5.86204864390938
706	0.467467730899962	10.846692157195	4.0636587446935	8.74419170299364e-05	0.000543468950088243	0.917575338991107
7064	-0.325355510317842	9.1017874231687	-3.40961210037122	0.000891214257049208	0.00369196563851046	-1.25268796865444
7070	0.451617903663076	8.80206137676749	2.50414296519762	0.0136415369290053	0.0354894787507351	-3.7276903118232
7071	0.378505637672042	6.67618731034931	3.10710453425632	0.00236753695127856	0.0084183621255105	-2.1515926354537
7072	-0.0715577362662798	9.89043281688991	-1.02018712285083	0.309728151033232	0.42971045478267	-6.25173121404595
7073	-0.119364317459876	10.2845027616056	-2.80894658792239	0.00581972660022276	0.0176407125570055	-2.96793020768004
7074	-0.211116564976272	6.39162288492394	-1.77133100433985	0.0790889536073574	0.146342911468811	-5.22652113270183
7075	0.726986974638421	6.76413244049524	6.45880052788497	2.46088920987097e-09	8.576769988833e-08	10.9701685813571
7076	0.548256121613779	11.8563699305018	4.29256606231633	3.64216890577705e-05	0.000259347544497573	1.74515745901402
7077	0.218763416751318	12.7912771103523	1.69758581258222	0.0922235480044197	0.1655361003446	-5.3506301938245
7078	0.442815866835742	9.90673625122804	2.50099332998823	0.0137571394588992	0.0357227198775565	-3.73513537143987
708	-0.176478834119469	10.9955840087985	-1.50549145221535	0.134871697090919	0.225195111779057	-5.65023343949962
7082	0.534080291543783	9.9341296251362	6.81023592045958	4.3449733531538e-10	2.12363786373079e-08	12.6518450345015
7083	-0.142758813205051	8.35380273725242	-0.966168844160037	0.335936986351219	0.457592267028541	-6.3046847684387
7084	0.0982220885436092	6.24848344970415	1.37769994723518	0.170904927366393	0.271006853531658	-5.83038550735102
7086	-0.106865151737865	10.91040134614	-1.30132952384892	0.195682444064763	0.301274368681257	-5.9306663761174
7088	-0.0175211265683648	8.90648135533496	-0.258396732968232	0.796551191936739	0.856930560744655	-6.73420174590105
7089	-0.0936599603628511	6.52113141621356	-0.65001241058224	0.516948492207655	0.630066853123567	-6.55751867775012
7090	-0.382759564206452	6.87637039098463	-3.20286820901968	0.00174973948625168	0.00651616237891743	-1.87456896268286
7091	0.385024035176039	9.37827506605142	4.15159609338953	6.26917651830812e-05	0.000411656727992567	1.23153307840124
7094	0.032464920289415	8.80882570113992	0.502674765972692	0.616130438345224	0.716402199372943	-6.64180019563166
7095	0.141229062068158	7.82059921450664	1.93334187276451	0.05559111847529	0.110221468700407	-4.93637562430121
7098	0.330264487972982	8.53691465357763	1.77167382723062	0.0790316951301838	0.146269729279704	-5.22593249256793
71	-0.0757620622229941	14.0188193022278	-2.21280066689849	0.0288368186048174	0.0650798146655168	-4.38033248751757
710	0.153634924167028	8.151596712656	1.4101673089906	0.161122515802079	0.258773474727819	-5.78607646095538
7100	-0.0396395555356207	7.35211863535661	-0.301501818703852	0.763562893333504	0.832302682411909	-6.72219822587561
7105	0.326429174432936	8.60677950551299	4.71194159033165	6.76848613950947e-06	6.44097874566224e-05	3.34493287475602
7106	0.761612781229394	9.93367758799612	7.29142102572083	3.81879237903221e-11	2.65069118074e-09	15.0140292174813
7107	0.357572066343948	8.76279410770008	2.85226242665435	0.00512739843749101	0.015933901841112	-2.85375088707528
7108	-0.0367725036350145	7.8213455256444	-0.379468545582941	0.705022439248344	0.788129022627057	-6.69580063168445
7110	-0.278718149738858	8.85103846333708	-3.73184398292178	0.000293939672358507	0.00145997696553293	-0.220764657388314
7113	-1.18509990867044	7.2387393460909	-6.85102284480332	3.54433814940239e-10	1.77431715842811e-08	12.8495292582854
712	1.44390749769626	6.23695537888033	7.38518235494985	2.36138511150711e-11	1.80602231676377e-09	15.4814273446542
7122	0.203448804031441	6.86394618736597	1.21596795316043	0.226425662325622	0.336683343080043	-6.03617401194726
7123	2.40746164190079	6.25807395493966	10.514553687414	1.209263178324e-18	9.08046713905112e-16	31.8420901087057
7126	0.366306171581695	9.84016113528254	3.99927965436552	0.000111228807452018	0.000658130336356495	0.690929026928432
7127	0.098926920239259	5.89469598005515	0.571839763907649	0.568518975494926	0.675775901221483	-6.60490384063418
7128	0.196959969193827	8.59992478219198	2.11675159099135	0.0363830182923114	0.078078392074433	-4.57928273492613
713	2.12696603703508	8.22902050235639	4.7807845979346	5.08764128072639e-06	5.10618675319562e-05	3.61733548098754
7132	0.304605881559862	9.66664870901137	4.24879525260377	4.31655270837948e-05	0.000299116823584015	1.58433451214852
7133	-0.370399228221681	10.3246632517372	-2.63550364171641	0.00953059660429791	0.0264703187463015	-3.40973300949123
7134	-0.137304658224098	7.49565132544181	-0.886201653768064	0.377312537738777	0.49921537109119	-6.37786770272015
7136	-0.219059884631951	7.31612503517999	-0.861221310353472	0.390863940165956	0.512222139579691	-6.39945120089704
7139	0.326197424152031	8.16175611605722	2.34372642006095	0.0207659919557997	0.0500078989955993	-4.09611271246389
7140	0.375419173035589	5.28425407477773	3.34344630634343	0.00110954407453476	0.0044511093033789	-1.45520923085745
7145	0.0993811963917532	7.12224158716442	1.08326488860121	0.28090083893275	0.397926366094597	-6.18631845457246
7150	-0.401058621479993	8.42613323527888	-5.56025128875971	1.70396998023116e-07	2.93224834098112e-06	6.87540242930848
7153	-0.244495176658087	10.587261353913	-2.17185983857786	0.0318682083940753	0.0705522350884558	-4.46613036816626
7155	-0.0409128360704908	10.7750301194265	-0.86244763870883	0.390191768029201	0.511538801532172	-6.39840584779966
7156	-0.172765735695996	7.68146300344441	-1.56528836984294	0.120194961265614	0.205678553978449	-5.56065984388625
7157	0.044831792512607	6.83755584695918	0.651287326785493	0.51612821776232	0.629536190005429	-6.55669596695414
7158	-0.175665770652425	8.46088437098123	-2.63135143821562	0.00964115839081178	0.026714514695775	-3.42000479287936
7159	-0.134315654425638	7.62441641554826	-1.52507785848311	0.129917212303786	0.218468276390323	-5.62126275207429
716	0.686735312316301	6.77684839972475	4.01073697581317	0.000106586245170221	0.000637781280663233	0.731064533741276
7162	-0.475817211358881	8.98601636189554	-3.81777783343406	0.000216169709505703	0.00113657657575882	0.0668605963608497
7163	-0.181761800034362	8.2822210261325	-1.97590447734315	0.050500776409409	0.101690983213486	-4.85619776294805
7164	-0.528853067629137	8.70265145143521	-4.13386825594248	6.70666074411762e-05	0.000433278084274749	1.16783761550955
7165	0.0417756506534002	10.5908110278833	0.535608490154257	0.593237895581833	0.697231789628051	-6.62482103737736
7167	-0.355780819324594	11.8514122324801	-3.62852374804363	0.000422641708582111	0.00195575378873291	-0.559747587459054
7168	-0.299724706996801	11.5070560349434	-2.13153160625176	0.035120988496028	0.0761018787828558	-4.54919909419228
7169	0.129342899552108	11.0175104371898	1.15003532912939	0.252456235588128	0.366780918213698	-6.11288999699148
717	1.25163553520314	6.97467024341264	5.08351484271409	1.40844642301755e-06	1.73121539495907e-05	4.84596260426693
7170	-0.216422165581334	8.52474765143047	-2.23380953978565	0.0273812082713734	0.0624086038414857	-4.33573333855032
7171	-0.0140656095109671	9.79546685141998	-0.201320412426899	0.840794893747136	0.890608594812945	-6.74725477615558
7172	0.119532415851	7.89992864271946	1.47811740712742	0.142042398994822	0.234794920091501	-5.69011929193662
7174	-0.253538373437335	7.326724842444	-3.78754843771188	0.000240978787607185	0.00124327594355737	-0.0349016051463549
7175	-0.00205398525999626	9.14776955866158	-0.0355783057197686	0.97167876230928	0.981594861887071	-6.76679287890369
7178	0.0100491961464665	14.3124617396286	0.293894442879832	0.769355217631694	0.836277680962994	-6.72445077978643
7181	-0.131920835536903	9.22617075569195	-1.3045267175758	0.194594318422329	0.299860644882222	-5.92657946189502
7182	-0.462358439614846	7.35415896498586	-4.41736148861838	2.23029039580914e-05	0.000174687213665669	2.21020067545559
7184	-0.26741168544867	13.4485533667848	-5.53273879812371	1.93023841338478e-07	3.24060351515412e-06	6.75534142188747
7187	-0.000135584994499717	5.23352956620543	-0.00161012958775241	0.998718023691423	0.998959902602465	-6.76742157757721
7188	0.0525228561047874	7.24701236876418	0.601631940802319	0.548574062420721	0.657938399244251	-6.58755556350662
7189	-0.0642947012787852	6.82171023245606	-0.934670166504196	0.351868320435552	0.473312421750044	-6.33425429139328
719	1.38224397920028	6.29089170465838	6.63200974028444	1.0519373847177e-09	4.3014865335486e-08	11.794027146431
72	0.511583840901543	10.8129184294109	2.4508079920589	0.0157210539911765	0.0398942875475016	-3.8526253647525
7203	-0.310396112382391	10.1302910093682	-3.32741701753454	0.0011695053948345	0.00464377707598146	-1.50378016741725
7204	-0.127689078634939	6.78775756054075	-1.52259469174951	0.130537307969132	0.219243221599233	-5.62495558129437
7205	-0.259633051906239	10.1130175834885	-3.29320624700418	0.00130776298922321	0.00510497272730798	-1.60679775385709
7247	0.218256012040109	6.37691443154508	1.35037835741968	0.179480579386097	0.281845928845848	-5.86689780399654
7248	-0.00199116373781196	9.70829015004465	-0.0340513631678311	0.972893763166945	0.982168477604371	-6.76684579371835
7249	-0.0584789613652152	7.37523992011972	-0.832012790724599	0.407083438627646	0.526873895810773	-6.4239150366815
7251	-0.274082155916533	10.8827535382272	-3.43311793460515	0.000823877351746931	0.00344967559616421	-1.17995896115962
7257	-0.117409270107998	8.95181319567497	-1.13311591785181	0.259464117118081	0.374157403525725	-6.13190292535787
7260	-0.0525856402766072	8.7167257623607	-0.877036489821487	0.382250051772014	0.503650570687005	-6.38585731394303
7262	0.213691065662423	9.47969896614645	2.20396751538175	0.0294686995081728	0.0662704758882405	-4.39896847049714
7263	-0.0605225786485685	10.4845439868084	-0.814508886639345	0.416995318911674	0.53625740840891	-6.43817589085264
7264	-0.0393401299355614	7.88629288998198	-0.497631757256192	0.619670297794747	0.719392362583923	-6.64430547010436
7265	-0.110142104758028	8.46783867559802	-1.54244932319878	0.125643763231944	0.213147973771997	-5.59526722859611
7266	-0.120265303602354	9.44644327791585	-1.67457208234662	0.0966683755190967	0.172049295795677	-5.38833335252032
7267	-0.0950482216705312	11.0949254523276	-1.71262692341859	0.0894094187901598	0.161672898250158	-5.32572388303725
7270	-0.135202160154933	7.3533476166467	-2.20332377760605	0.0295152174121655	0.0662717289430742	-4.40032393384131
7272	-0.375653942846248	8.90156556565243	-3.27746790612369	0.00137636994831144	0.00532996520068095	-1.65389358933121
7277	0.384490607726023	7.28351988082088	1.84289769710803	0.067855436122699	0.129532216864685	-5.10130295539604
7280	0.49333871239892	8.50739255293448	4.80085233306204	4.67921888963696e-06	4.75989507738932e-05	3.69724011717229
728294	-0.0224555746919964	8.62084030277826	-0.20100181139337	0.841043439591557	0.89064343731106	-6.74731854889026
7283	-0.136150115780573	9.96428838044652	-2.02194270318163	0.0454456207047276	0.0935178941258221	-4.76763624853309
7284	-0.117656130471515	10.1850992136144	-1.95223460803163	0.0532805048041373	0.106432157117817	-4.90098798678633
7289	-0.101089676620839	6.51786881624245	-1.37213529336888	0.172625865687274	0.272949779972604	-5.83787948486886
7291	0.293392191380779	9.73632224522561	2.42136424898504	0.0169861885743177	0.0424526225790814	-3.92055704765848
7294	0.890103951425008	5.46096244818584	5.27853854495307	6.01190302480303e-07	8.31797637937572e-06	5.66278416251373
7296	0.139911077124342	9.78948943878472	1.25149558058236	0.213230663805903	0.32216668795258	-5.99310766278277
7297	-0.060751178343966	9.35874883998364	-0.75267427800076	0.453145576610346	0.569968396954691	-6.48615230848592
7301	-0.172408662440448	7.57099565912738	-1.28933190766983	0.199805968512623	0.305912381819142	-5.9459158281269
7305	1.60575413691576	9.30025329813117	3.64838300544835	0.000394360551397342	0.00185319143757595	-0.495176986188734
7311	-0.0556153423980901	14.0166383144628	-1.28793611348907	0.20028983964505	0.306443263516384	-5.94768102592118
7314	0.2012424222611	13.3366103267809	3.27516108339555	0.00138670390835661	0.00535993181236574	-1.66078084550904
7317	-0.0863816042406843	11.2463105053093	-1.56051116402649	0.121318905436385	0.207129838549925	-5.56793896686624
7318	0.48238410415896	8.05674753259269	3.38840904144326	0.000956354487346741	0.00390073418708839	-1.31794120783622
7319	0.297244671742348	11.0874575100965	3.92761442456314	0.000144954955889364	0.000816731197575816	0.441864954357991
7320	-0.164218671658721	6.27028721680828	-2.24007026692614	0.0269600345921997	0.061635728129413	-4.32236780270016
7322	0.20566112792783	8.28568224424785	4.04234178742687	9.47202509461342e-05	0.000578247568915874	0.842227029737969
7323	-0.129593396697698	12.3257816964034	-2.07895189597315	0.0397900455373071	0.0840362506106256	-4.65533870257934
7324	0.316301820698918	11.8302984900467	7.07334530596492	1.15835336960062e-10	6.83428488064364e-09	13.93558373816
7325	-0.142650670355607	9.32524364796508	-2.32905188403215	0.0215585771426872	0.0515110926232561	-4.12871072358575
7326	-0.253699637987135	9.34793445489546	-3.31769537035312	0.00120733494877233	0.00476473324264667	-1.53314416450699
7327	0.228109323751579	8.18718693803614	2.53864666110518	0.0124308890478271	0.0329205333552588	-3.64558101295574
7328	0.0100051912129202	9.63482595897043	0.107692727166113	0.914422454185652	0.944377278266252	-6.76165100647923
7329	-0.0115702134713331	11.5341472011086	-0.213748047228218	0.831112674171415	0.882729932963339	-6.74468844795952
7334	0.1494295550277	10.7861575463778	2.93969545203258	0.00395415648868571	0.01282848884389	-2.61866808081276
7336	-0.120453247617352	11.1743560040932	-2.26670587961348	0.0252308751515553	0.0584755972928863	-4.26512234745102
7337	0.0295908133499369	10.3466988265024	0.806121357200002	0.421795543454154	0.541166696012941	-6.44490317593338
734	0.276339655995368	6.05882432738444	2.14060739746729	0.0343649300968359	0.0749549307102891	-4.53063005639766
7341	0.350263566781022	9.10131071793164	1.51206479771429	0.133192703216674	0.22288730319484	-5.64055079504387
7342	0.0544853477090683	9.29254235819153	1.16905965045063	0.244737333211972	0.357729671267189	-6.09118278085404
7343	-0.307214763827797	6.22488826801329	-3.37374469824366	0.00100399074079212	0.00406318643750264	-1.36287599813147
7347	-0.325626797653756	10.8046449549504	-6.04020488841103	1.84051496333624e-08	4.66339067397466e-07	9.02280796039357
7349	-0.0754290328711366	6.63025822429687	-0.734222323489492	0.464270663394062	0.580865749717502	-6.49974265012612
7351	0.655665836367793	8.36998889162011	3.26978782640888	0.00141105631050563	0.00544132825619817	-1.67680762967635
7353	0.0303438287716202	5.92895833660173	0.381771458972993	0.703317962362526	0.786862572005209	-6.69492921907295
7355	-0.106921495503067	9.64286306632387	-1.53153422634664	0.128315766392394	0.216568906906656	-5.61163414025562
7357	0.121129249888128	7.25099289970847	1.26392144460091	0.208750979698116	0.316664698061117	-5.97776012518597
7358	0.0940611844789688	10.0890817683495	1.48689529020643	0.139711399181741	0.231916430313741	-5.67740605155614
7360	0.0111359353596635	12.1874203246982	0.217020675598522	0.82856725750482	0.881114457216401	-6.74398710153689
7371	-0.102201391091019	9.79469281309619	-0.543017785348989	0.588142484522075	0.692129494536592	-6.62085342857322
7372	-0.142367381307438	6.11260039017453	-1.65928861634966	0.0997149561831207	0.176218557567945	-5.41310109389474
7374	-0.143644100230496	10.3450011207	-1.52488929130526	0.12996421984868	0.218502840616751	-5.62154338169333
7375	-0.030875802262155	7.90168763432235	-0.517132290690148	0.606032428769238	0.707937754438397	-6.63447856834446
7376	-0.177798378475913	7.97972859031265	-1.97641687098901	0.0504419893599597	0.101646946112044	-4.85522258282305
7378	-0.43290136540083	10.8535781532755	-4.29320033957035	3.63318413186229e-05	0.000259075963056647	1.74749673109464
738	-0.12447506800889	10.042547150434	-2.00777672866561	0.0469529824360427	0.0959741734525397	-4.79508940859233
7381	-0.0535283228382644	10.009607482926	-0.829217095293252	0.40865693049368	0.528330919686617	-6.42621286676808
7384	-0.164923870271573	11.2115382465519	-2.68721252344498	0.00824652099221999	0.0234825264660396	-3.28061375976266
7385	0.192401700692541	9.91094233719116	2.36253348236499	0.0197878828102848	0.048122359763093	-4.05406248927279
7389	0.185663903175061	10.6135550811434	2.84518555972504	0.00523509567177942	0.0161410564572221	-2.87250924203072
7390	-0.109694097916245	9.86091383507319	-1.48772918894408	0.139491514015877	0.231597971009276	-5.67619452437995
7392	0.147671226267753	8.1855646568703	2.30381576221509	0.0229841052110601	0.0541496603090006	-4.18433380944735
7398	-0.1036681361164	9.58285990867798	-1.90576699540627	0.0591149365819982	0.115818163227539	-4.98744606190609
740	-0.165731933645934	8.6646686855073	-2.85918375898141	0.00502403334183321	0.0156834903263576	-2.8353656309027
7402	-0.141894971166663	6.07353416248005	-1.81989723873552	0.0713111487197846	0.134974814029656	-5.14205723136153
7403	-0.100491557158641	8.35609921492273	-1.8028660976026	0.0739630955495125	0.139027117307968	-5.17192292942725
7405	0.146452772453276	8.29263381182532	2.30631835592987	0.0228391272267032	0.0538695576506477	-4.17884251660161
7407	-0.280567930671893	9.61419434916608	-2.58029118822324	0.0110985978702731	0.0299981735629763	-3.54514059570144
7408	-0.35976642982174	8.02623078075311	-3.01939186771448	0.00310526217367075	0.0105034666480428	-2.39906863667311
7409	0.444852941784353	5.38345821271146	5.07690106245242	1.44923694195898e-06	1.76558954875829e-05	4.81860103588341
7411	0.0653682807092967	10.6093283663233	1.18958640584973	0.236598637839848	0.348050712120596	-6.06737116585083
7414	-0.142130017970389	12.2903646862437	-2.08745360938451	0.0390007364673325	0.0827500855946999	-4.63834336466673
7415	-0.224141848583038	10.3402011606563	-3.54301342482377	0.000567797415412276	0.00251609798889775	-0.834556612871701
7419	0.0632734872565817	11.9234444313724	1.15252917702254	0.25143470877851	0.365707112961876	-6.11006427794857
7423	0.170124140146957	11.3314569057612	2.67504697198066	0.00853365935997922	0.0241894393663104	-3.31119128661329
7424	1.02633093870466	6.69107045569981	7.79133497344734	2.87774371437839e-12	3.00888140262854e-10	17.5294489969341
7425	-0.705151129625469	6.56938695645373	-4.60239197271138	1.06047411351197e-05	9.32855822961538e-05	2.91701556045019
7428	-0.00562013938355957	10.3442969297336	-0.0865520346738478	0.931174386373095	0.953452390162609	-6.7636946149534
7430	-0.00704075105310059	13.8772144436469	-0.162575010135491	0.871131324251359	0.914285631288693	-6.7542699212401
7431	0.331495392053482	12.8728904292316	4.49638933529061	1.62735087581472e-05	0.000134419182342296	2.50959551726035
7436	0.00275350604262696	8.3282543287603	0.0308469370514406	0.975443755360006	0.983780881474194	-6.76694929468892
7442	0.0281311680391607	5.03994762982472	0.355214932873081	0.723063128637369	0.800818107072227	-6.70465867522255
7443	-0.236652862380314	8.10703498938035	-1.86202954000881	0.0650882883850559	0.125292300643338	-5.0670357098897
7444	-0.035672551062619	8.05791921284684	-0.48231905287292	0.630473377436169	0.728656792727404	-6.65175838208635
7447	0.346107889135454	7.33498816426957	2.21071535529519	0.0289849167672773	0.0653604729723479	-4.38473821058869
7448	1.46509717041922	7.70522676067309	6.61005969775024	1.1721762508406e-09	4.7000853553123e-08	11.6890752256246
7450	1.33164104920833	8.91323673633749	6.14121469560149	1.13907915641906e-08	3.09499797105968e-07	9.48674993710345
7453	0.762240812154164	9.73055760833439	7.03426099730372	1.41139866864911e-10	8.15255454758158e-09	13.7436425276575
7456	0.382965188398216	8.35695177942192	3.24524637658378	0.00152744379459924	0.00581950449418344	-1.74972878563716
746	-0.0879368783328829	12.7866483120954	-1.69708860341306	0.092317790259879	0.165662599944949	-5.35144994445418
7461	0.270830597428487	6.96920383918367	2.8965255127853	0.00449854800360116	0.0142860463320821	-2.73550749758256
7462	0.819987532089098	5.73814380744828	5.72924950032666	7.86633710089101e-08	1.5216848818117e-06	7.62032870628254
7464	-1.38517729376701	8.93907684528758	-6.91455627120957	2.57835842921365e-10	1.37058748547199e-08	13.1584440441874
7465	-0.122934606662471	10.4259442393709	-1.96214365401084	0.0521014419407179	0.104354488465163	-4.88229868548557
7466	-0.0487699446139393	10.2142087980375	-0.499102294167996	0.618637150345088	0.718495902959846	-6.64357753212195
7468	-0.0622691224708637	5.27619081392095	-1.19410260206102	0.234834311002277	0.346318766091557	-6.06207795671461
7469	0.105198915099322	6.55077656698042	1.20379957947984	0.231077952122886	0.342002601683234	-6.05064649405801
7472	0.754157646059696	10.1434556462452	3.38916219978029	0.000953966069063377	0.00389316192216576	-1.31562904756466
7474	0.540300138658471	7.37598017727344	2.61373355017202	0.0101232664383385	0.0278448820448472	-3.46342818695711
7476	-0.122126359422487	9.66173597789659	-0.797703960011221	0.426645698339661	0.545778762317733	-6.45158518382969
7485	0.303820750150973	9.43499051418558	3.13228348827666	0.0021879675114359	0.00789541793117541	-2.07944233162099
7486	-0.0459155691094915	8.57270666467665	-0.847635223506342	0.398358283089707	0.518424360850949	-6.41093404141766
7494	-0.147650321255572	12.8563124419429	-2.74932838637839	0.00691240449563814	0.020266082763576	-3.12258367458343
7507	0.23668282846646	7.39651258930709	3.276036492979	0.00138277380118586	0.00534724325739475	-1.65816769462084
7508	-0.0750683222937473	9.20433338856645	-1.22001028902584	0.22489524724159	0.335071201698328	-6.03133484909845
7511	0.16952524672175	10.6980343539039	3.47019628865053	0.000727295768033272	0.00310544602202453	-1.06440810645703
7514	-0.0124564724735267	10.9438457871455	-0.222299941669335	0.824464949726648	0.878040289420077	-6.74283327661488
7515	0.102288215743723	7.95480600312345	1.57080824274936	0.118906587461516	0.203684863631713	-5.55222254257656
7516	-0.180581649040361	11.3244917788785	-1.17428217031021	0.242648009844557	0.355241503246374	-6.0851628955255
7518	0.17043638608319	5.57512027645194	1.33810649008134	0.18343628174093	0.286315889489812	-5.88306713785359
752	-0.0165187187416172	5.10166167610443	-0.260440441596837	0.794978277969468	0.856002832724006	-6.73367431710042
7520	-0.0315014871187661	9.69665238646572	-0.422485984993711	0.673439676338442	0.763908810903254	-6.67865482451726
7525	0.197934187692455	10.7685722721969	2.57101833972526	0.0113836103045334	0.0305983147137798	-3.5676316085701
7528	-0.105236874087592	11.3956406924791	-1.58523760628202	0.115590439110264	0.198923126826234	-5.53003237036281
7529	0.0979152934901314	12.3300417011886	1.85832900372823	0.0656160407290872	0.126161195629018	-5.07368979891125
7531	-0.09470428974738	10.5324768597567	-1.26435598224241	0.208595582689693	0.316611450388986	-5.97722074538187
7532	0.0073149744107272	10.78452610984	0.145889440184169	0.884257758368431	0.923500958923156	-6.75683099418069
7533	0.31813908330054	12.0951646888311	6.05156508462351	1.74415526088856e-08	4.44651927621588e-07	9.07478786615486
7534	-0.00665761964831992	12.8318410281783	-0.107201621162019	0.914811200710505	0.944616901907901	-6.76170352614392
7536	0.0478117081044186	6.58667363212646	0.673695005700366	0.50182358609935	0.616916627650042	-6.54197498058714
7538	0.558344397690307	9.42325141214489	4.30857267059689	3.42183411589458e-05	0.000246419788991187	1.80426789397953
754	-0.0611421715069107	12.9502269100076	-0.965822153275384	0.336109736081273	0.457676627107042	-6.30501547634636
7542	-0.187210268563091	7.61551050456042	-2.92715048622456	0.00410575621351435	0.0132371375189807	-2.65277478857664
7543	0.238454032642494	7.60682558999256	2.51139890588834	0.0133785195043869	0.0349483147078544	-3.71050683005618
7549	0.0569548048353166	6.74965101904524	0.925152816146719	0.356775804636126	0.478559296247873	-6.3429988512896
755	0.314970987955993	5.77016418894191	2.5556533749019	0.0118703811007978	0.0317079644840443	-3.60473973010798
7551	-0.143388563728047	6.19183212460384	-1.76628858746014	0.0799350955180574	0.147677004915937	-5.23516668659773
7553	0.0437439286743622	7.86868649900887	0.751126794229634	0.454072694721848	0.570526385519085	-6.48730490447328
7555	0.156801055940185	11.6000730988739	1.79456773363422	0.075284536430049	0.141009131726123	-5.18637867469047
7556	-0.0552041697025626	7.07195687535087	-0.772409594661414	0.441417194516835	0.560249850446997	-6.47124709345668
7559	0.147954102908829	6.9297120851748	1.1499681017454	0.252483813675919	0.366780918213698	-6.11296608790292
7561	0.094736343561424	13.275498186612	0.912744875008854	0.363239025512342	0.48525866904932	-6.35426683901649
7564	0.0437497571366094	7.68595061575072	0.710270559443184	0.478938655695568	0.594802780942022	-6.51688519671501
7569	-0.00341951900850135	6.28172717275609	-0.0457580692913818	0.963580478769478	0.975736887411304	-6.76638079940073
757	0.0971314889081825	9.4838107534922	1.53093752351546	0.128463118483873	0.216711880599293	-5.61252566317582
7570	0.25026322498889	10.1344514830181	5.0059932637166	1.96555290151032e-06	2.26939043729218e-05	4.5266824283197
7571	0.0110949115968805	7.46240068553505	0.0871245070667798	0.930720316608453	0.953223783656022	-6.76364513464995
7572	-0.159137044306861	6.50748959447328	-1.88170466293714	0.062341525113721	0.121081560018017	-5.0314477445052
7574	0.135411591188533	7.85769558384492	2.07122374773761	0.0405194083406672	0.0851196116210353	-4.67073177210284
7580	0.147469708826504	7.60951438929771	2.38893478185962	0.0184836033062704	0.0455201440995209	-3.99451775936311
7589	-0.200523513974469	7.16844418705035	-2.50702909574751	0.0135363697502474	0.0352714240179948	-3.72086073604173
7593	0.0684306630786997	8.88381090769602	0.996497074041335	0.321049091564298	0.441699545707567	-6.27530291997836
7594	-0.0980684548187912	6.51227542713587	-0.860524332387333	0.391246283310455	0.512560555137884	-6.40004466788578
7596	0.360294153529337	6.8864246852906	5.94019685603765	2.94861743946884e-08	6.82229133053576e-07	8.56742013045732
7597	-0.197843675427259	6.73779268739458	-3.06389626787928	0.00270785483123154	0.00937814713038679	-2.2742553422783
760	-0.558024978107591	10.3380621462492	-2.66059174614634	0.00888659046547348	0.0250352105200583	-3.34736429153043
7625	-0.17634153200595	6.26367614121089	-1.51546635227767	0.132330318836069	0.221533934654626	-5.63552432547795
7626	0.113146511641242	7.79771282726223	1.96512592702959	0.0517509416164318	0.103904418510386	-4.87665652704669
7627	0.0516290609865214	8.00729273018847	0.607070426285321	0.544971287712592	0.655044068176079	-6.58429418210994
7629	-0.0229503541746577	7.13276177127808	-0.318440833142998	0.750713860812916	0.822509151122786	-6.7169761177696
7633	-0.146013274578058	5.64555386656056	-1.51070169216916	0.133539520626607	0.223331937715281	-5.64256200527088
7637	0.268124774096169	7.52776034702028	2.8132393939119	0.00574748687304394	0.0174666083779776	-2.95668248697807
7639	0.248774797537228	6.09082491566209	1.41697326043035	0.159127271679582	0.25630833271846	-5.77666172524192
7673	0.214837766751927	6.14990984823606	1.94117385811806	0.0546231890079361	0.108615200097629	-4.92174481234522
7678	-0.241448037517223	5.90168988585523	-2.31345153115491	0.0224303005846766	0.053132860002704	-4.16316076812856
7691	0.10305780815608	5.1831128534407	1.83677010535011	0.0687621628236454	0.130900084103091	-5.1122075763607
7692	0.0168044247145388	6.72507239524471	0.261946463012443	0.793819727553295	0.855440436998072	-6.73328299555284
7693	0.148568803794544	7.22347999900468	2.32362082921872	0.0218586067493673	0.0520623101931298	-4.14072798903477
7699	0.0534990798219486	7.7462377732792	0.584424317655431	0.560051288942986	0.667535879750225	-6.59768255863472
7702	-0.286901279561839	7.99301044182241	-3.50992580082498	0.000635682617158972	0.00277669932191068	-0.939477844597919
7703	0.0517687558821171	7.38699383757638	0.666722169148636	0.506252018286053	0.621343487524932	-6.54660882674302
7705	-0.0954364149365118	10.7125025137559	-1.66187851987578	0.0991932980940326	0.17552198848687	-5.40891924224522
7706	-0.457282226018041	9.13232616790786	-4.56466016067282	1.23597463579148e-05	0.000106678688522859	2.77123634240391
7707	0.161414732119922	8.6337195243041	1.34327828531444	0.181761306737966	0.284507938915216	-5.87627025967387
7709	0.00192341644959071	7.14544335637209	0.030369990605492	0.975823318303396	0.98379269420295	-6.76696382592058
7716	0.5086424635992	9.53197658505302	6.30897332191933	5.09241823960747e-09	1.56952890519245e-07	10.2657971386891
7718	-0.588444368207845	9.57529299137277	-7.7360476957491	3.84029586156859e-12	3.82178841163332e-10	17.2485745101813
7726	-0.0512675754692374	8.11508407843126	-0.706502912591495	0.481269061127512	0.597517614202321	-6.519530449653
7727	-0.254866323650817	6.55040662320277	-3.98631571558618	0.000116714755023235	0.000682764785050934	0.645620717872277
7728	-0.447524337056733	7.96165348312523	-3.42850935866221	0.000836690686201172	0.00348919496711468	-1.19425043140665
7733	0.0465367226097343	5.54055390751696	0.655404208364115	0.513484112853028	0.627515723060513	-6.55402839229316
7737	-0.14807650904723	8.41803537765379	-1.91084969172974	0.0584516479979304	0.114845531033041	-4.97808436172255
7739	0.892463910546613	8.3113665723497	6.66573228118372	8.90536228197638e-10	3.84685795632417e-08	11.9555704341888
7743	0.115166804243755	7.04806895071679	1.77657107064519	0.078217476448044	0.145250979195333	-5.21751195532911
7746	-0.281884450410656	7.88924278009445	-1.42770279874749	0.156020310928783	0.252623665516397	-5.7617305342736
7748	-0.228018476922918	7.86924968126917	-2.59062840595518	0.0107884514228277	0.0293519791675089	-3.51998290289194
775	0.190393647553484	5.71479209327387	1.99099314235801	0.0487938134638757	0.0990255730217302	-4.82738225828601
7750	0.17876622555355	8.27122187699485	2.87828064715329	0.00474865146855384	0.014953816671847	-2.78443767463341
7752	0.325139093490351	7.71385307056426	5.48079528115631	2.44035699447499e-07	3.92166318567382e-06	6.52961318730141
7755	0.0547284640484095	5.84411465303776	0.764161935847174	0.44629709619442	0.564189472691446	-6.47752263979721
7756	-0.0818968892880818	10.8791261788561	-1.51635438267697	0.13210590212691	0.22120597681218	-5.63421029762249
7763	0.273377502701346	12.2499309257419	4.41278793718113	2.27109881004427e-05	0.000176807503967631	2.1929892245245
7764	-0.131702715267809	10.3324984975533	-1.70298975065152	0.0912043114821924	0.164293876028846	-5.34170596386729
7766	-0.0343037671671309	11.0603709174967	-0.244247559437144	0.807463554239329	0.865401447776938	-6.73773944459479
7767	-0.144103729963243	6.27034154306769	-1.40784411587614	0.161807950861456	0.259672367226661	-5.78928012715547
7769	0.0784281695262	7.83256767415306	0.647764560863092	0.518396411157142	0.630869055296448	-6.55896532969784
7771	0.0772424500137051	7.22501824385007	1.22888452199981	0.221561773172889	0.330760933744454	-6.02065642373309
7775	-0.350793811492521	7.63654575368366	-3.54693404213794	0.00056022266973924	0.00249054857483645	-0.822071744586438
7776	-0.0549954735544403	5.24373992207966	-0.558871509746383	0.577309176545482	0.683666494375008	-6.61218175651587
7779	-0.610186428578725	8.96323552242676	-5.97074830641129	2.5542718305528e-08	6.06272566677188e-07	8.70611181631313
7780	-0.642013393899818	11.4997136843602	-4.98983688084552	2.10614437260534e-06	2.41621562746113e-05	4.46053768188321
7791	0.0327702574172822	10.2691212461752	0.476814188484109	0.634376846008016	0.731530468801649	-6.65438098868492
7799	-0.0421224104968006	5.11333415123624	-0.848275196446046	0.398003306201746	0.518289028728744	-6.41039718902291
780	-0.46067352986908	9.93675709590188	-5.01141262621984	1.92047200456253e-06	2.2248385354399e-05	4.54890032126909
7802	0.286938726556183	6.53468610995272	2.92088351182793	0.00418347381489407	0.0134405559994831	-2.66976603802889
7803	0.0679458462321519	8.91152391438063	0.940590847853097	0.348837354946037	0.470653224166829	-6.3287698757149
7804	-0.603336231250267	10.3040536572604	-4.90822263726789	2.97974634877595e-06	3.23425819196969e-05	4.12853007116389
7805	1.35296759137769	7.4268422606555	5.01866039788893	1.86175085040144e-06	2.17204265880168e-05	4.57863835182901
7812	-0.354544506968878	7.52728026417951	-4.13976271341487	6.55804904996132e-05	0.000425959099986037	1.18899373039089
7813	0.0107246094885295	9.71561773351128	0.102295079162512	0.918696207345579	0.946778624164002	-6.76221506252774
7818	-0.422027791763662	9.97567806419481	-4.64336207463228	8.97221260482427e-06	8.13506872841367e-05	3.07624347492968
7832	0.803151823732501	8.99149264909759	3.2994449605759	0.00128146232699479	0.0050212897632718	-1.58807707775823
7841	-0.482402827496196	8.10544715375879	-4.1976055999472	5.25771104009829e-05	0.000352482216833768	1.39778367940432
7844	-0.041404759605856	11.0713286850539	-0.563974455535814	0.573842544294839	0.680872511886347	-6.60933774367705
7846	0.0472255567806409	13.5615421547389	0.870569677158707	0.385757922942589	0.507382236227036	-6.39144534976956
7852	0.687499096619874	5.42246542406759	3.56137779196913	0.000533131314517941	0.0023829354209514	-0.775981100672743
7855	-0.12973350938003	6.15352267395294	-1.33208274184657	0.185401745389263	0.288892363123055	-5.89095161544967
7862	-0.0481664266254882	10.1479344295037	-0.831557031870848	0.407339701894572	0.527122973155126	-6.42429015412488
7866	-0.268296591440198	7.34658290823552	-2.79687021088651	0.00602741761912547	0.0181437571187961	-2.9994914676793
7867	0.554639137378301	9.00657512939184	3.877568931305	0.000174070254606618	0.000952198876192495	0.269982806980321
7869	0.73684669545024	11.9089387505133	2.96527922933353	0.00366082137613545	0.0120471651660872	-2.54872293047221
7871	0.214109804066457	9.41739163746084	3.77774416187877	0.000249590098471275	0.00128130156207131	-0.0677706166754781
7873	-0.3601214657509	12.5560502914257	-4.21883044930609	4.84575308335134e-05	0.000329160530168438	1.47493225998916
7874	-0.054713026945331	7.50175496948306	-0.815993759118554	0.416148930595051	0.535502440678473	-6.43697776402322
7879	0.0637964308950029	11.9822147856412	1.01321059832294	0.313033987943535	0.432742621189661	-6.25872941637834
788	0.252028921195446	7.21354493909357	3.13333058706919	0.00218078106481606	0.0078798125964045	-2.0764312154102
7884	0.414853234447963	10.7419608528309	4.52022256929934	1.47877371669714e-05	0.000124064134144601	2.60062054842213
78987	0.173434682661975	9.33893452127872	1.28614218321444	0.200913001697252	0.306924615132107	-5.94994699945783
78988	0.0952898056331717	9.17083740513231	0.834631158261505	0.405613075450478	0.525557678997135	-6.42175602470936
78989	-0.677025464226627	9.35041572967166	-5.56623436090562	1.65831664720747e-07	2.86605658263373e-06	6.90155739176242
78990	-0.571440790331505	7.99965311757417	-3.39095854869509	0.000948292049145278	0.00387191909339595	-1.31011264101149
78992	-0.675199297273024	7.82444015403132	-7.68809829441111	4.92982032932286e-12	4.6804960827824e-10	17.0054870417423
78994	0.0194860495632965	9.69639351281499	0.297077522747017	0.7669299846317	0.835180181022787	-6.72351525872396
78995	-0.425364725314825	7.57225116635783	-3.64198404158799	0.000403271611041092	0.00188715373799983	-0.516013243078596
78996	-0.597571469623931	9.06855611590972	-5.06006851478673	1.5583101379518e-06	1.87360141768295e-05	4.74906612458779
78999	0.11641559250867	5.59444229276906	1.24989033697479	0.213814462466547	0.322576705018023	-5.99507958008753
790	-0.322841891237843	6.8221022041139	-2.54252833519597	0.0123009060415187	0.0326468952106889	-3.63628073215516
79000	-0.421764573062531	8.54874021736812	-5.54288483164456	1.84356525810723e-07	3.12686838438722e-06	6.79957724223105
79001	-0.319372321388409	11.116204658621	-3.92782772210243	0.000144841431489944	0.000816648617137844	0.442601144873585
79002	-0.372503812054864	10.3638851592713	-3.94531385478172	0.000135817677121602	0.000773342428929039	0.50305798324742
79003	0.0923063396773996	10.2809420443712	1.8851831728915	0.0618661500084227	0.120408670845799	-5.02511926432643
79004	0.180001413278902	9.08882156622316	2.47659576623672	0.0146826994808152	0.0376526226983959	-3.79252069149941
79009	-0.185828055507654	8.98261708741047	-4.0207866861757	0.000102667017004185	0.000617197642252232	0.766340596180637
79016	-0.0434732720893593	11.4930080591213	-0.914675435689234	0.362228561854948	0.484222029603798	-6.35252349571448
79017	-0.0947130618818241	10.9876783206382	-1.25232106399315	0.212930904182952	0.321831522150263	-5.99209266119373
79018	0.00228845820093562	7.17398167838452	0.0229454213003861	0.98173259053896	0.988192931739192	-6.76716083493902
79019	-0.206629078595301	8.18514519411413	-1.61160824848499	0.109720573379439	0.190798302339824	-5.48897648530976
79020	0.121799506296205	8.04552659760895	2.12002016677815	0.0361006008275197	0.0777099136908726	-4.57264647102008
79022	0.414778962953803	9.64874474458314	3.99679391807957	0.00011226123608885	0.000662341292924215	0.682232862727798
79023	-0.214458981789832	10.6283708717056	-2.36307193083628	0.0197604895550591	0.0481054063438809	-4.05285408925617
79026	0.268050497288882	11.7680639252282	2.84365710273753	0.00525862614086163	0.0162015113478243	-2.87655533741535
79027	-0.0526415944495379	6.49169278646262	-0.69358284459882	0.489307790789837	0.604951706619376	-6.52849564085347
79029	-0.117924311415176	8.85460499151534	-1.70122572664048	0.0915360108810205	0.164724934613775	-5.34462209441421
7903	-0.166608831671058	8.10389772355219	-1.62405913266112	0.107033282647417	0.186872736137744	-5.46936684667131
79034	0.127729392108126	8.46291940309737	2.41032482828071	0.0174833671782679	0.0434585052339731	-3.94583557663158
79036	0.0267062526580606	10.1089895546991	0.640537021354221	0.5230662699681	0.634904833201544	-6.56358304830919
79038	0.229398431046957	10.1620335748321	3.03413052272167	0.0029680465182874	0.0101138878882236	-2.35790632710533
79039	0.0154110812197126	6.18137575890913	0.196465305921159	0.844584170492996	0.893247791071978	-6.7482156472912
79042	0.124771218066899	10.8859585451161	2.7181459561809	0.00755542861682803	0.021805674484626	-3.20231288586417
79048	-0.217280288012994	9.00889762304129	-3.77709592220471	0.00025016964439966	0.00128347904518086	-0.0699415076673677
7905	0.163276024159239	11.2287433660117	2.34173207751974	0.020872175429406	0.0501702846362267	-4.10055388604249
79050	-0.101093841131521	6.19369743320197	-1.07527303953802	0.284447630960976	0.40169899670673	-6.19481900769687
79053	-0.200999421034702	9.90888022081164	-2.64418066655944	0.00930323983653441	0.025961067922221	-3.3882212791219
79056	-0.121862602188313	8.40914754130401	-0.852833014662535	0.395480786449387	0.516085897393775	-6.40656221057076
79058	0.296476976629652	11.1001797993745	3.98360788389455	0.000117892805224978	0.000687222703710884	0.6361710758707
79065	0.406140429651135	9.22237361647796	4.45604069370265	1.91231030482563e-05	0.000153804119940212	2.35626659488526
79070	-0.0677419562833219	7.4434464188657	-0.692586812553977	0.489930537582646	0.605540362177563	-6.52917997149798
79071	-0.375462962005619	8.98421469108734	-2.21518904566296	0.0286680076949718	0.0648050748660282	-4.37528177143991
79072	-0.157322812707178	7.71836663973304	-2.07683607595699	0.0399886009177309	0.0842616947909329	-4.6595583240915
79073	-0.0225032910097991	9.5434450947075	-0.351111723904467	0.726131048018122	0.803569460963249	-6.7060995589339
79074	-0.258431235021675	8.79905300953538	-3.86271307272928	0.000183733967997659	0.000991923252065794	0.219286733995952
79077	-0.205493753531681	10.5040206355223	-1.99479393638673	0.0483716514030235	0.0982902436873245	-4.8200914208349
79078	-0.16836274732254	9.27573864009985	-2.72557911487471	0.00739739927488431	0.02145948398327	-3.1833799220618
79080	-0.0600264635538775	8.39084256293561	-0.523809144403079	0.601394363304791	0.703913481776616	-6.63102750094782
79083	-1.14260337323408	8.0290746337823	-6.46489701171951	2.38875671327948e-09	8.36064849647818e-08	10.9989951071566
79084	0.0377551925427512	7.88919299931327	0.663737810484446	0.50815372003337	0.622724015268072	-6.54857748223024
79085	0.0456198202163715	7.63045866068731	0.495422708604562	0.621223727547275	0.720689324373664	-6.6453949627844
79086	0.0397765230733851	9.58159955885936	0.799289792236685	0.425729422739518	0.544775372862652	-6.45033160137954
79087	-0.232300348031899	6.29906464287792	-3.87563994020163	0.000175297142368885	0.000957641796274464	0.263391589191628
79088	0.0371472653072969	7.08628434738083	0.524537402813153	0.600889462525879	0.703521893758151	-6.6306484205694
79089	-0.0694007919333926	8.97125426711085	-0.874292687026429	0.383735979947332	0.505286018550129	-6.38823324574067
79090	-0.0373308569107571	8.15414606896622	-0.538544788854051	0.591216138183785	0.695152356070899	-6.62325516470342
79091	0.0801864727937634	8.02959946810389	1.37735531485369	0.171011129783405	0.271071182500657	-5.83085048020437
79095	-0.0152555189032704	6.29541815227042	-0.167483966288855	0.867276144125921	0.911064600086494	-6.75346371925578
79096	0.0801553409475735	6.54391734631606	1.23944435552846	0.217642025162894	0.326775432639534	-6.0078514611837
79101	-0.346501965559884	8.92068023423716	-2.99692648097712	0.00332571638016379	0.011112628357667	-2.4614805330754
79109	-0.153602991525611	8.55820956877662	-1.72062010996873	0.0879426637492466	0.159579613921085	-5.31240310286568
7913	0.129424440486907	11.2953916488226	2.04773007511949	0.0428075709441003	0.0890880665150589	-4.71719968855852
79132	0.227311037122564	5.82808405128093	1.8498212889729	0.0668429284771192	0.127983910343302	-5.08894056115095
79133	0.0620295648409407	9.21170384778496	1.18273927984214	0.239291650955348	0.351511477305918	-6.07535900075666
79135	0.126767026365708	8.85149730680659	2.09343824920549	0.0384532262917538	0.0817353703473716	-4.62634118906253
79137	-0.198731996930497	7.23880976484088	-2.37968616496247	0.0189315680695953	0.0463882385804975	-4.01544514079032
79139	-0.0273204377551124	10.2190486877101	-0.505826887506983	0.613922433023405	0.714755047293043	-6.64022150600667
79142	0.138133714366617	9.15971577138279	2.56524449248938	0.0115643840612054	0.031013575436869	-3.58159939463508
79143	0.00431669077591354	8.2388691023757	0.0567892530601331	0.954809187143261	0.969123112042681	-6.76581780859998
79144	-0.502494561019113	7.2628705902433	-4.18662461045829	5.48383150638092e-05	0.000366476118468499	1.35798214734407
79145	0.313810029702318	8.74949366464408	4.87080991551504	3.48952143797844e-06	3.6953137279105e-05	3.97753336197619
79147	0.200604453132268	7.69238694169506	2.79634599654495	0.00603658441825374	0.0181647312549275	-3.00085879629718
79148	0.259446714452684	4.65644924029467	7.15762809968827	7.55455472989991e-11	4.80004785145948e-09	14.3509052538846
79149	0.03752187208436	5.67086173677705	0.443493478424946	0.658221462603506	0.751161823860867	-6.66961526392072
7915	0.282553174079448	8.10454587763774	1.76114841312223	0.0808052961028066	0.149059852838623	-5.24395580767478
79153	-0.398866353436232	7.07089245481006	-2.54883338377418	0.0120923705315121	0.032199542421112	-3.62114708777978
79154	-0.0510916579575015	7.69315140187443	-0.596567086820149	0.551939998792437	0.660345363561056	-6.5905666528792
79155	-0.330521006917772	7.21294249228659	-4.34018011523393	3.02380467496919e-05	0.000224417247433696	1.92145727790485
79156	-0.0220420758541951	9.19999015883246	-0.27784937647263	0.781614538647949	0.846484343677994	-6.72901327853511
79157	0.200311933079541	9.96837920071781	2.00542474794918	0.0472073294085606	0.0963529435478343	-4.79963003547271
79158	0.157638468883577	7.91311644083218	2.8918586464558	0.00456134525328215	0.0144465919448277	-2.74804886229655
79159	0.0246861366044824	10.0189149849013	0.335320839439531	0.737978866529778	0.812977519009865	-6.7114888250939
7916	-0.123737960095396	7.68354873634009	-1.36180210400663	0.17585629856459	0.277237722759148	-5.85171739459042
79161	0.367453344130371	9.86146151608019	4.89750568116722	3.11786917225798e-06	3.36208868966722e-05	4.08519913339038
79165	0.0763721055462844	5.84913556272603	1.15580727992272	0.250096383690563	0.364081094339804	-6.10634083802151
79169	-0.388848868530922	7.72186202240818	-4.4038782929989	2.35267288317066e-05	0.000182171602604074	2.15949642445683
7917	-0.230846111895728	8.79342880991177	-2.81743030238716	0.00567775278397011	0.0173056228766026	-2.94568729606208
79171	0.0307058496782924	9.67195734707182	0.415991427791684	0.678172357435192	0.767638027328542	-6.68136096556771
79172	-0.404822994223269	6.2276690647992	-3.65609313254573	0.000383871051719732	0.00181290731115208	-0.47003275084271
79174	-0.51578030458083	10.4920466853127	-4.38937134838166	2.49156883749233e-05	0.00019144519625755	2.10506584480908
79175	0.0992135938088951	6.0610178678042	1.27241553691246	0.205728744122574	0.313238603954371	-5.96718394476454
79177	-0.0440935539529644	7.4125592463361	-0.704240953168471	0.482671150253469	0.59835865242288	-6.52111186308608
7918	-0.00863494543883904	5.5444508604133	-0.0982262955118156	0.921919371550936	0.948561784879264	-6.76262108729981
79180	-0.0430310730588137	10.655136673936	-0.512621938252614	0.609174681899793	0.710943633602941	-6.63678489557162
79183	-0.0809075821651153	8.16486643050262	-1.25701363744494	0.211232732731291	0.319732888466275	-5.98631036895511
79184	-0.177961383854531	7.96898640277898	-2.10595610875577	0.0373293793722716	0.0797776645834318	-4.60113366649521
79188	0.174716892016559	10.8860909472578	2.20144988248898	0.0296509934749798	0.0664993771662592	-4.40426756041946
79191	0.273879001870955	7.28314530789734	1.59040172274822	0.114421673717155	0.197229345764545	-5.52204352110594
7920	0.113804411677032	8.84851057313887	2.0297415200857	0.0446335394338013	0.0921452226251435	-4.75244563107977
7922	-0.182579057080987	7.8476446770473	-2.30709979009182	0.0227940230335325	0.0537938943591367	-4.17712674740894
79228	-0.200696074460903	8.1791823022693	-3.2944972408099	0.00130227947126606	0.00509078487111104	-1.60292624398319
7923	-0.447685056803206	8.43177482036116	-4.26326531704206	4.08132660362596e-05	0.00028520945639552	1.63736763766727
79230	0.058053176339349	9.21461440825334	0.372994770191578	0.709821950546004	0.791138754757792	-6.69822210637451
79269	0.248206470321206	7.81030385314312	4.19992956647621	5.21101661274094e-05	0.000349658791399189	1.40621693681165
7936	-0.134845527080718	7.81350464407362	-1.86976910056528	0.0639959683443262	0.123650689713248	-5.05307857291856
79364	-0.127887520921202	6.514106152458	-1.31299539453057	0.191733844507803	0.296355081518422	-5.91570704853412
79365	1.12564491315459	6.96010108780154	5.63023782901893	1.23902425631026e-07	2.24930557299402e-06	7.18235790279784
7940	0.870702665633317	5.88409340889189	6.32420051268071	4.73125562186366e-09	1.4803095241134e-07	10.3370208661291
7941	1.04229521904553	8.74492867113791	3.74092478129681	0.000284611517619821	0.00142478250638771	-0.190612976707742
79411	0.528593039484652	6.74790852312769	4.73294522857914	6.20559040617686e-06	6.03037373588481e-05	3.42775876483591
7942	0.267756041881565	5.65578739768416	3.65429519931854	0.000386293234848403	0.00182330406848446	-0.475899930302197
79443	0.0912989652954806	7.91105595816532	1.69483868529839	0.0927452249647674	0.166176910674399	-5.35515653593937
79446	0.0137960407385218	5.57763609990547	0.138417994550669	0.890146169531797	0.927305758649595	-6.75788801173371
79447	-0.223524910187314	9.74118560073128	-3.88745655460363	0.000167908803454544	0.000926470752528076	0.303807726599867
79567	0.749933719575191	8.23591128023459	5.34055614072422	4.5688648363463e-07	6.64415907539093e-06	5.92649367525968
79568	-0.00407303926230338	10.2415518467156	-0.0734637528385981	0.941561553627418	0.95992328227135	-6.76473689927948
79571	0.0935389896641518	8.89039671608309	1.6976057739273	0.092219766116304	0.1655361003446	-5.35059727870823
79572	0.0175647467459812	5.75446275001753	0.217976741882454	0.827823981671557	0.880482370410386	-6.74378020033665
79573	-0.171541506304953	7.6517618374119	-1.39485421746299	0.165681634436999	0.264708391054839	-5.80709899597691
79575	0.3304231912829	8.82522019328271	2.87082572920818	0.00485446389754487	0.0152347537210185	-2.80435359700253
79576	0.0640837996761174	8.45507625358888	0.903148162245762	0.368288459043837	0.490180901015484	-6.36287900895928
79581	-0.0765887599409504	9.46888234736999	-1.04047569295927	0.300247526550571	0.418926447518195	-6.23111163112433
79582	0.0812008668274817	7.91187104053822	0.736006815113156	0.463188073089528	0.579774736129641	-6.4984429210325
79585	0.126978589983441	7.61846938736313	1.62007312034492	0.107887781562695	0.188108374238665	-5.47566035453896
79586	-0.577668985874953	10.5496737714097	-4.50699968851976	1.55950718956931e-05	0.00012946260689289	2.55007739454344
79587	-0.0477398579516669	7.94790462755112	-0.586982803964737	0.558337380307084	0.666069722896666	-6.59619532990371
79589	0.797233551534337	8.76411735355784	3.48356333031505	0.000695168425446781	0.00299691607212443	-1.02250382037297
79590	9.92124469084468e-05	10.6760510720194	0.00132480909702107	0.998945194146029	0.999066146464003	-6.7674219943475
79591	-0.0739143728419474	8.32308623706487	-1.03557377910832	0.3025199919956	0.42166978297058	-6.23613004403338
79594	0.0336184099167024	10.0283864152575	0.583129428372707	0.560919707844394	0.668185287971545	-6.59843280640582
79595	-0.478847113312362	9.14247031919658	-5.12104372842504	1.19731454629376e-06	1.49845729581613e-05	5.00164861504498
79596	-0.021273813525997	9.11710842844134	-0.329447571581089	0.742401859284552	0.816325793089776	-6.71343017114375
79600	0.42768497301634	8.34202598996302	3.73793476429149	0.000287651518367038	0.00143736348006953	-0.200547315930005
79602	0.0151766333432909	9.40837667245419	0.277890423132798	0.781583105039917	0.846484343677994	-6.72900193296969
79607	0.157794642660567	6.47020092225133	2.27386251651551	0.0247831685207536	0.0575833957753656	-4.24963565546518
79609	-0.104147094009786	8.34610192107963	-1.5355010327799	0.127339567977481	0.215073044466442	-5.60569892462707
79612	0.292758790809471	7.62234497019405	3.52548750015312	0.000602854261486891	0.00265294416615968	-0.890230415546979
79618	0.303642903987737	8.49683148248547	4.32091886494973	3.26070193154461e-05	0.000236465302498318	1.84996964068621
79621	0.233019736015707	9.61164367718072	2.03020986610714	0.0445851682528811	0.0921144296570281	-4.75153164755011
79622	-0.191863765569136	9.25753530329648	-1.33930077221466	0.183048468175944	0.285926691969232	-5.88149984553301
79624	0.366652621584125	8.44161437111763	2.52512703977708	0.0128932829484657	0.0339167252083842	-3.67787396570322
79627	-0.292384630857416	8.74144878728478	-2.38092495942015	0.0188710135615389	0.0462673113737939	-4.01264631872673
79629	-0.585992479988461	10.0078265005773	-5.61051485007772	1.35571796394531e-07	2.40822158756736e-06	7.09563193819302
79630	0.866549327615622	8.61475990728841	6.69117445513669	7.85191157682593e-10	3.50577241213958e-08	12.0776878220791
79631	-0.0640151579553876	7.6907406656968	-1.02919717178811	0.305493404070652	0.424810693202624	-6.24262337782766
79632	0.0455484530204029	10.0152159608724	0.515353463262518	0.60727081762017	0.708983314988354	-6.63539055718078
79634	0.190980677031514	6.3223172343129	2.53291658147904	0.0126250203453105	0.0333811357401616	-3.65928672765934
79635	0.118976556764717	6.86698934835527	1.68711283752102	0.0942252283611878	0.168404863895309	-5.36784872408309
79637	0.158165198124414	6.75814527486804	1.79768717208012	0.0747855215677418	0.140263018205312	-5.18095201453547
79641	0.0941824646998241	6.93156194737619	0.987411898734054	0.32546243381018	0.446046076534276	-6.28419828819848
79644	-0.187312031637581	5.71089884962511	-1.63162126885653	0.10542708407838	0.184693085121811	-5.45738639136479
79646	0.053299215677742	5.92938131180732	0.752491625257744	0.453254949936764	0.570019166637891	-6.48628847407534
79647	-0.440228796799738	8.6043833133399	-3.94694525786763	0.000135003702078689	0.000770650020158931	0.508708883401818
79648	-0.055397187175958	7.4994796149844	-0.644417107038634	0.520556552023472	0.632788391422204	-6.56111043369857
7965	-0.272040452782982	10.8426645384465	-3.13346598462678	0.00217985340606623	0.0078798125964045	-2.07604179395786
79650	-0.167397622501261	8.79990775168554	-2.77441305467678	0.0064317090849348	0.0190963037532572	-3.05786640138488
79651	0.767102277204153	8.10474038159221	5.09281725713922	1.35296037996342e-06	1.67047126135992e-05	4.88448545123564
79652	0.663119909733811	5.45649145825573	5.93661944238053	2.99853555361313e-08	6.86681866705962e-07	8.55120476593103
79654	-0.20426842055751	8.01902386495841	-3.20181643859827	0.00175562175076337	0.00653217822581325	-1.87764987089006
79657	0.0357024283996683	8.86658846677243	0.598049680749142	0.550953652728036	0.659595149324665	-6.58968785991775
79658	-0.400880438809077	7.76536541231017	-4.33396841322066	3.0983330041594e-05	0.000228094747008526	1.8983776506265
79660	-0.58516279088439	6.44825020169951	-4.00459133072613	0.000109052966179345	0.000650380866889092	0.709525258114061
79661	0.0970205700440426	5.39844387132213	1.53358601824989	0.127810104225072	0.215759546474371	-5.60856604878282
79663	0.104334034036452	8.95624699044646	1.38124057613959	0.16981673751862	0.269644848745195	-5.82560202394191
79664	-0.0391260194394101	6.45105753886494	-0.412834995014022	0.680477163394175	0.768825699898255	-6.68266108923228
79666	0.442238238666331	7.56836000546047	2.50029022988137	0.0137830649903201	0.035778792212459	-3.73679620010547
79669	-0.434481085783162	8.26738479458453	-4.33337054158028	3.1055988391676e-05	0.000228188877828086	1.89615751110025
79670	-0.291795897703233	8.65442833114156	-2.80354876543458	0.00591173792607912	0.0178737025144266	-2.98205193730489
79672	0.14260115512157	10.3557918508148	1.88807632262525	0.0614730883921947	0.119700073106914	-5.01984735953037
79675	-0.252001791085129	7.56815269407388	-2.85058900822895	0.00515268020596984	0.0159849394195463	-2.85819020446566
79677	0.169112859784478	6.79248854368439	1.21919377351817	0.225203772603	0.335409874089574	-6.03231357827834
79680	-0.227801116535686	6.4870882059645	-2.2516927433173	0.0261931630533671	0.060182344039169	-4.29746494380867
79682	0.055343365655061	7.26762303711976	0.495938338659901	0.620860976882963	0.72036966835978	-6.6451410882304
79683	-0.359902763339943	7.81500206303533	-4.05646561032156	8.98359261360086e-05	0.000554592488702116	0.892116716579375
79684	-0.139321086287401	7.2819833226878	-2.2038353245159	0.0294782466957586	0.0662717289430742	-4.39924684316614
79685	0.0965985335540133	9.95871377703673	2.37103192432278	0.0193594241974843	0.0472683546766835	-4.0349608927073
79689	-0.814045253631308	8.40376122825047	-6.07559510481518	1.5563789911831e-08	4.00488799600387e-07	9.18490644677082
79691	0.0693935130966065	8.48111816184347	1.20955761691147	0.228867998638408	0.339642412639822	-6.04381585120216
79693	0.0344910924850619	12.0348197471614	0.255130714451491	0.799066576861681	0.859189003498761	-6.73503600544596
79694	0.166295489419531	7.21666644934849	2.26203376476298	0.0255269652008352	0.0590127994847184	-4.27520851717913
79696	-0.214378159858336	8.35455193813624	-1.9299163694151	0.0560189926506148	0.110966382633984	-4.94275731994279
79697	-0.195234094835737	7.79611431797689	-2.60331405070196	0.0104185206142047	0.0285240239553632	-3.4889874294764
79699	0.0764880903541607	10.527300952534	1.18168054524097	0.23971000404881	0.35200082372323	-6.07659009899664
79701	-0.280558925292418	8.16083275146825	-3.12550063879645	0.00223505454845176	0.00804074502186912	-2.09892701996197
79705	0.126501834935424	6.91477090379085	1.25956373681701	0.210314059906072	0.318751217398927	-5.98315925387196
79709	0.395283437346867	10.1676447482071	4.17005456907846	5.84278888620585e-05	0.000386091489600482	1.29806824907633
79710	0.3774021303565	9.49335889093923	2.59591475100741	0.010632880439954	0.0290243200376801	-3.50708289362864
79711	-0.293114302234876	6.85057537633332	-2.14781229936915	0.0337747940532758	0.0738041795978989	-4.51583693843217
79712	0.310522856897314	6.8213537703278	3.62072800865105	0.000434259161917327	0.00200076011920361	-0.58501805119729
79713	0.498551797587182	7.17096372295191	5.28576092785411	5.8233062956937e-07	8.10382269172299e-06	5.69339843340477
79714	-0.16848264157633	7.79837566934288	-2.08074286336261	0.0396226380569956	0.0837683620042958	-4.65176382400248
79717	0.0713322411330576	11.0674285077146	0.885952282469501	0.377446351435757	0.499232484044733	-6.3780861734286
79718	-0.0513242826550105	7.55402848383486	-0.851348032738123	0.39630157154634	0.516605870494415	-6.40781391330948
79719	0.0870966105785065	8.18606848700885	1.14589501391069	0.254158648678052	0.368307094400125	-6.11756807498128
79720	-0.271078811069057	8.82019509312485	-4.49692346309167	1.62386855491527e-05	0.000134265808444446	2.511631782755
79724	0.00435550978612431	5.62997213664952	0.0534524706121925	0.95746184782938	0.97062283542841	-6.76600088287273
79726	-0.0457392108412942	9.99522400129525	-0.933622195184912	0.35240656103461	0.473930021840749	-6.33522148935128
79730	-0.000178649727281493	6.77158210866464	-0.0020384359658264	0.998377008938765	0.998959902602465	-6.76742079982463
79731	-0.186073924344195	8.43473495638921	-2.75273943740313	0.00684517287374124	0.0201213978423853	-3.11381361152487
79734	-0.0277810451832091	6.38328948071728	-0.392938549739243	0.695074295127282	0.781131112619232	-6.69062906058475
79735	0.0409195635713824	6.77447517827929	0.474327226414438	0.636143728829049	0.732749574693619	-6.6555559838233
79744	-0.150563086714887	8.87789512302602	-2.51473598845804	0.0132590860591432	0.034680193428918	-3.70258899464888
79745	0.017244942380498	8.94787978675542	0.119822633913272	0.904827554566011	0.938104129624106	-6.76027764598841
79746	-0.124233206969141	9.08272901197324	-1.45313670789239	0.148841767912224	0.24350029767379	-5.72590254418951
79751	-0.227102510824954	7.35745230693325	-2.12658673360957	0.0355389410545764	0.0768258710051822	-4.55928557977519
79752	-0.125442353881542	9.19434081921003	-2.04667284260683	0.0429130907239042	0.0891953018066051	-4.7192791869208
79753	-0.0122049216773364	8.66332788381854	-0.225833972126336	0.821721498623029	0.875570121081814	-6.74204540473233
79755	-0.457317608599593	9.85841565203016	-5.61239208269351	1.34416288892481e-07	2.39305350725099e-06	7.10387903092264
79758	0.00712442910827507	6.23015344885703	0.0922696175094508	0.926640395613367	0.951049909016702	-6.76318579106744
7976	-0.0738127629901862	6.61708438410814	-0.784763214904195	0.434166120103659	0.553427801243244	-6.46172264348286
79762	0.114228039872259	11.5641194419486	1.12600528123277	0.26244963491397	0.37747413971607	-6.13981113231744
79763	-0.220336839250271	7.60815075664189	-1.41073567006255	0.160955165166682	0.258627603065931	-5.78529191801607
79767	-0.062604818451802	7.70339364655036	-0.792817430668184	0.429476390756692	0.548523661221582	-6.45543244432323
79768	0.0698807093265809	10.6487099009492	0.274674710786527	0.784046794294183	0.848175497451001	-6.72988570603133
79770	-0.0683238838619409	8.60264551790457	-0.928575816800322	0.355005777049594	0.476804507061731	-6.33986394575488
79774	-0.326180889022046	9.14757961764825	-2.71013787436783	0.00772910577295613	0.0222137834671599	-3.22265928299047
7978	-0.11321075510442	6.96984718585384	-1.32506379762888	0.187711776248586	0.291447231543857	-5.90009517320151
79786	-0.339906820046208	8.53879389484536	-5.91477659064331	3.32183563588999e-08	7.37590385818583e-07	8.45231051826587
79789	0.00441269396648619	6.92045832151351	0.0318186066753844	0.97467049993213	0.983361222601612	-6.76691899008931
7979	0.0625583904928104	12.5057817134045	1.47645591627842	0.14248699985272	0.2352095373568	-5.69251751347807
79792	-0.000647946368279691	8.72473838252115	-0.00715139984717884	0.99430614129777	0.996235896060114	-6.76739741440596
79794	-0.146556245081951	6.30314416966845	-1.58783027419938	0.11500247240085	0.198065142208303	-5.52602464260901
79796	-0.492703407850246	10.2727922739269	-5.499036700328	2.24774525149719e-07	3.69848123055115e-06	6.60874214653478
79798	0.0397414026430648	5.47607279840067	0.398726350619591	0.690815925772069	0.776874002297793	-6.68835168023786
7980	0.406825035616348	13.6462688708767	2.95139640880274	0.00381741319827796	0.0124533305757409	-2.58674279031445
79800	0.0128768684231829	5.25911731068079	0.183308731971454	0.854870590256434	0.900306984230432	-6.75070163055939
79801	-0.0875028683276496	13.3437261476493	-1.59477252419964	0.113439831970973	0.195904873945273	-5.51526248723034
79803	-0.0172568886317855	9.72718282975605	-0.294361859455767	0.768998942589601	0.836187702206635	-6.72431403434839
79811	0.0276959455752958	9.51893224377775	0.463309528131591	0.643996476667553	0.739628878931311	-6.66068779835644
79812	0.825054663826033	4.97293667497127	11.3086150346261	1.5677359422453e-20	2.15824981382437e-17	36.0771789938614
79816	-0.147529616977828	6.97587758452709	-1.04136917365339	0.299834565110053	0.418774688503388	-6.23019440945942
79817	-0.115259977253239	8.12738403925471	-1.32666163306041	0.187184024340895	0.290901230678419	-5.89801779767814
7982	-0.0197426939346449	9.67000243028895	-0.383150224897424	0.702298204953392	0.7862541573482	-6.69440498298296
79820	-0.483933404910261	5.43026501277612	-3.71132228740858	0.000316099853677348	0.00155323307041933	-0.288692151093297
79827	0.360186236234324	7.15928168922064	2.92169783856724	0.00417329939678944	0.0134182378425382	-2.66755998225353
79830	-0.287738857366701	7.91575337129104	-3.97623988275741	0.000121156032998455	0.000704752698991013	0.61048332271493
79833	-0.448824317482921	8.62160841133332	-3.90113462450997	0.000159727012580454	0.000887252941435472	0.350708731646194
79837	-0.446277348608368	8.56876034416542	-6.47325541633637	2.29324017690695e-09	8.06049526010697e-08	11.0385375207063
79838	-0.285708984803193	6.02511410546915	-2.69240027196981	0.0081267617969197	0.0231872374585688	-3.2675373416327
7984	-0.121447443929262	7.59021345053472	-1.19109584297833	0.236007898259281	0.347429199718706	-6.0656042073895
79843	0.57690875147893	7.85576291284848	4.03149066223152	9.86442568861631e-05	0.000597361848885416	0.803986541026283
79848	0.228417360967828	8.96096985760796	3.39198431135383	0.000945066249986047	0.00386065639212896	-1.30696155237824
79850	0.060672425693886	7.33793039255743	0.528605538341669	0.598072602954814	0.701416967259231	-6.6285211914582
79856	-0.273449386957455	7.07023090536505	-3.55427260530492	0.000546299839777168	0.00242996051511007	-0.79867287791812
79858	0.211331887542787	5.5563784368968	1.39791938675952	0.164761268105489	0.263848017555513	-5.80290875190126
79863	-0.262153158170563	6.53223861156781	-2.52894716909708	0.0127610904964013	0.0336547278097939	-3.66876486219237
79865	-0.715794288880761	10.3438545254843	-5.44376847010152	2.88226742799371e-07	4.48352711021244e-06	6.36947162967464
79866	-0.356104252912984	8.93356751781342	-3.36144173994301	0.00104566296419896	0.00421120238141563	-1.40045145298943
79868	-0.300847102959268	9.49366360714486	-3.3386969906245	0.00112700298077469	0.00450147225396466	-1.46962038226264
79870	0.212808007529126	6.36871856854898	2.26736187893434	0.0251895438722698	0.0583961920810969	-4.26370464973134
79871	-0.167188765572267	7.71599148097663	-2.62998620399952	0.00967776300164636	0.0267979625858528	-3.4233789897035
79872	0.0129696996469672	9.02941024422079	0.294268666160312	0.769069972598524	0.836187702206635	-6.7243413159076
79873	-0.111942496949657	7.66384090957481	-1.15128201169279	0.251945205442949	0.366127268993447	-6.11147815885951
79874	-0.0167238861146531	5.04058823424518	-0.315095311050666	0.753246181231394	0.824518083351619	-6.7180300820205
79875	0.445405087935796	6.19170232564955	2.25611988154195	0.0259061135177	0.0597388323998331	-4.28794808783389
79876	-0.317421833622488	9.24088303791547	-3.22974726384521	0.00160549793512394	0.00607207552386617	-1.79554602006308
79877	-0.174516415506384	10.2931603159835	-3.33945875364217	0.00112418546095167	0.00449252924552008	-1.46731005370248
7988	-0.0651147100757371	8.33660440670406	-1.33844372324945	0.183326711207094	0.286294141753	-5.88262471400552
79882	0.0146006636883097	8.47982500381326	0.239633335737554	0.811030547406866	0.867648273744426	-6.73885011079515
79885	-0.0230976388638728	6.08586551868857	-0.260073245281888	0.795260823883764	0.856002832724006	-6.73376938691006
79886	0.0710850087367219	7.30053957452435	1.06926513357126	0.287134073170886	0.405077274874726	-6.2011687018649
79887	-0.339522411945431	11.433257218142	-4.59454311771693	1.09487143049671e-05	9.55987105275144e-05	2.8866225754619
79888	-0.255270306491488	8.52777307705771	-3.5070158528848	0.000642005297257081	0.00279987526681282	-0.948667296929393
79890	-0.198862774630074	5.20801861527068	-2.32228325072073	0.0219330614036747	0.0521644362782473	-4.14368371840223
79891	0.14757815235088	7.1294634046496	1.98526285863881	0.0494362074584326	0.100059562265781	-4.83834976573244
79892	-0.000339554373025616	6.56492787950492	-0.00428782766998801	0.996586064290323	0.997552216558176	-6.76741371747913
79893	0.0227241957765886	9.55478539928737	0.720426039574835	0.472688371204243	0.588278732280706	-6.5096856077303
79894	-0.350088916269207	9.02043180261926	-4.33186050576338	3.12402312979649e-05	0.000228929906341949	1.8905511201022
79895	1.18694612651189	9.25547718268349	5.61545237914179	1.32553211545522e-07	2.37503151272454e-06	7.11732696101548
79898	0.393290399998192	8.58966666373372	4.95192942214496	2.47549225429879e-06	2.75945560330743e-05	4.30588678150811
79901	0.746062565962166	8.83472968263894	4.33434728896409	3.09373706061945e-05	0.000227959572887749	1.89978468402484
79902	-0.041711509822584	9.45332625063424	-0.563734816824115	0.574005116577533	0.680925213690998	-6.60947187629022
79903	0.00486308683064097	8.63167271736422	0.0545062197818378	0.95662408997465	0.970369026549258	-6.76594426562454
7991	-0.392059683446546	12.6059866757519	-3.76142366778576	0.000264576350831474	0.00133991456644266	-0.122337709245119
79912	-0.216184662269204	7.19324201034148	-2.37607750589017	0.0191089477291129	0.0467389668240589	-4.0235906927031
79913	-0.115274223719471	6.43682495028602	-1.17687883926443	0.241613926388947	0.354041339714867	-6.0821600180994
79917	-0.00386884665053964	5.00789347578188	-0.0885567745017694	0.929584380821725	0.952410344414252	-6.76351991121941
79918	-0.24844134498067	7.24682559927926	-2.93507888569584	0.00400933650293048	0.0129769277093283	-2.63123402207202
79921	0.139453294730424	11.7025721120299	2.16637554457355	0.0322946004287926	0.0711911928320862	-4.4775114209634
79927	0.667739091357205	5.70397669652647	6.21602336312279	7.96488032690992e-09	2.3084179473781e-07	9.83286082480417
7993	-0.231342082954247	7.91228612722264	-2.15552252585983	0.0331530091683763	0.0726761825187866	-4.49995543696814
79932	0.0647104462707243	8.99337481903751	0.944116064292583	0.3470406979159	0.468774515909294	-6.32548821483372
79933	0.209833663633243	6.07378426050016	0.882901599595289	0.379085757956575	0.500839469085302	-6.38075392355221
79934	-0.0339711635270119	5.61590127003238	-0.305322254029928	0.760659004505947	0.830565655698489	-6.72104531135825
79939	-0.128215007927837	11.3571790565496	-1.14935073986085	0.25273716794191	0.366955353700155	-6.11366464193807
7994	0.253489341370905	9.84170485552971	3.8796158444618	0.000172777310419119	0.000947007686836047	0.276979719009573
79947	-0.129458498373244	7.29181935812886	-1.44534499389213	0.151013267929245	0.246442896730654	-5.73694335316205
79954	-0.099016737143525	6.48581740627504	-1.44184246190457	0.151997331261971	0.247681585366715	-5.74188776185262
79956	-0.372752904462465	8.32428549054535	-4.8531747494985	3.75826207220076e-06	3.94952222854686e-05	3.90662259380268
79960	-0.432149789571055	8.23976862589657	-4.99014989781575	2.10332984508049e-06	2.41621562746113e-05	4.46181787252996
79961	0.413219475706313	8.26137112414765	2.88178191856487	0.00469968893089469	0.0148109235288783	-2.77506852365475
79971	0.386778761054921	11.2051303624253	3.75825689600263	0.000267581517012002	0.00135264585711085	-0.132904306204433
79977	0.00102432321494273	7.49028453221043	0.0062021754581754	0.995061891839799	0.99663043853483	-6.76740372297786
79979	-0.0718621956147715	6.26222446334389	-0.777452444170487	0.438448795744768	0.557682022305479	-6.467377199259
79980	-0.147100657899163	8.56921350880954	-2.17910932368146	0.0313120833215818	0.069582407381293	-4.45104546697107
79990	0.235183172506592	7.99728592619297	3.00480093320853	0.0032468512229157	0.0108975989846744	-2.43964962996835
79991	0.119236579695194	9.06439314578629	1.04058740972662	0.300195870733383	0.418925138073618	-6.23099698816563
800	0.405890005201932	11.7805751986876	6.08317478319578	1.50138464486353e-08	3.88567599026353e-07	9.21968731457784
8000	-1.28049283617976	8.11498885219141	-3.33341399122375	0.00114672578596132	0.00457140684944041	-1.48563106945185
80005	-0.375985896035861	6.82194706203086	-2.77657478418413	0.00639174373762824	0.019018661121329	-3.05226513575263
80006	-0.0875038958661341	8.14071103537951	-0.90344164087859	0.368133388539775	0.490132461208662	-6.36261696921021
80010	-0.165946221805495	9.2575543499608	-1.77360987240606	0.0787089763802816	0.14591948826939	-5.22260620256997
80011	0.137306250261052	6.9269540985445	1.93533546648509	0.0553433737006894	0.10986211650269	-4.93265668379135
80012	-0.12971196461332	5.7034656319702	-1.66378357038313	0.0988109926429732	0.175070527505568	-5.4058392353796
80013	0.138794772911042	10.6961511738395	2.18918261841211	0.0305533463614368	0.0680978523867965	-4.43000782914502
80014	0.164432919228811	5.29992542675157	2.26013121642515	0.0256484066593799	0.0592119771054567	-4.27931028189646
80017	0.149781289724262	9.13921442184915	2.25993333067742	0.0256610669053485	0.0592233620112262	-4.27973672862392
80020	-0.188436829944761	8.19176696991029	-2.06908621963608	0.0407231581845418	0.0854389856754675	-4.67497994009573
80021	-0.208873203765521	9.49013542188373	-3.79637610137254	0.000233467421960033	0.0012090538591786	-0.00524986931668714
80023	0.257788753610777	7.76753017058369	3.61100279764481	0.000449175418545895	0.00205436819334944	-0.616482290877872
80024	0.0555056254068386	9.81565072511174	0.560920226383627	0.575916202651559	0.682506145466554	-6.61104303910936
80025	0.129839285158653	9.24653011603904	2.15841216079422	0.0329225460378988	0.0722734162365166	-4.49398984057792
80028	0.0980157205931384	8.86512967326413	1.64154655345573	0.103348409801024	0.181745340633693	-5.44158140568244
80031	0.23327441611728	5.43851925320255	2.45280403674016	0.0156384070422578	0.0397089585518136	-3.84799334085204
80063	-0.404872640928213	7.5411890620462	-5.19814707861574	8.55801025277037e-07	1.12741889454359e-05	5.32376079921473
80067	-0.0829333576180666	6.5685915028923	-1.38956090744267	0.167280252262937	0.266538364909695	-5.81431427619926
801	-0.18772304119039	12.35894836575	-2.11462759416206	0.0365675601886211	0.0783929528050896	-4.58359005242971
80108	0.086400875526619	7.12322543504352	0.994845330854008	0.321848506927972	0.442193723756662	-6.27692611268264
80110	0.234448856956069	8.51357958078722	2.41918516893329	0.0170833199646284	0.042625170180869	-3.92555507093547
80115	-0.102245145019385	5.83247000967868	-0.905210453876132	0.367199641466666	0.489441510168575	-6.36103586250516
80119	-0.170499682201274	5.86313578656782	-1.66263759704839	0.0990408234951276	0.175327304344139	-5.40769240092663
80131	0.223572085635602	6.42279692349981	1.60253987660863	0.11171159667623	0.193608432342773	-5.50316795885263
80135	0.166012915593691	8.7637591225518	2.62846857642871	0.00971860079010546	0.0269020249752919	-3.4271280045786
80142	-0.174128794796649	9.27473890950895	-1.91286915982491	0.058189852146874	0.114412801412325	-4.97435824994465
80143	-0.0568617380614123	5.60182285390418	-0.857903533658744	0.392686039232953	0.51346947666047	-6.40227199536426
80144	0.222606376171453	9.86452246646905	2.03429567199053	0.0441650792558977	0.0914523827158976	-4.74354981193909
80145	-0.15798382727591	12.3292292361138	-3.55729476532302	0.000540661594812238	0.00240877280105129	-0.789025479206724
80146	0.074976432079684	5.63210634332465	0.896683625638169	0.371714678325121	0.493706905123895	-6.36862973911135
80148	0.143839355778327	10.5190468727005	2.40869247365247	0.017557969284197	0.0436045779577472	-3.94956454236902
80152	-0.0142418799093294	8.67011087873931	-0.252766059699841	0.800889080198388	0.860546786436288	-6.73563340850466
80153	0.0136332118047088	6.7128445261315	0.183188582120697	0.85496464701011	0.900306984230432	-6.75072354011402
80155	-0.162332817342273	7.97429531078623	-1.70862971891262	0.0901503580132393	0.162727700434737	-5.332363171496
80162	0.146843485685061	5.6672355047478	1.05967749691774	0.291457019596153	0.410125209857618	-6.21122951183056
80173	0.226852853314566	8.69012769681555	3.09122466684553	0.00248771574458386	0.00876643858799603	-2.19684288141156
80176	0.132312148177856	6.26896080460308	1.23921446363155	0.217726818510339	0.326775432639534	-6.00813136683975
80178	-0.296859847594053	6.90605653764828	-2.03118412444555	0.0444846894900413	0.0919528366335689	-4.74962974004957
80184	0.182325671012354	6.10373527090752	1.94560211388072	0.0540822426200145	0.107747063203406	-4.91344792222469
80185	-0.0655060731554646	8.74888839760643	-1.20281226841844	0.231458422357116	0.34227879631002	-6.05181452818035
8019	0.197479490006489	8.25915384261852	2.66579399028973	0.00875808205752439	0.0247491473811671	-3.33436607901226
80194	-0.329718203652937	9.25405895170858	-5.33567509977864	4.6689372060145e-07	6.74220652476919e-06	5.90567091668239
80195	0.0273501849747944	9.94839328656278	0.453416890158129	0.651081840985954	0.744825368528305	-6.66519319922636
80196	-0.0593584443876885	9.80368260602908	-0.913105656616386	0.36305005527833	0.485084674312359	-6.35394132031851
80198	-0.0092808504289773	8.14549386316954	-0.19499884878373	0.84572942067996	0.893838731379275	-6.74850126376027
80199	-0.0231037748053399	5.84204935698375	-0.376293180520166	0.707375112007792	0.789156999619714	-6.69699355060362
80204	0.0976683052945272	11.0774032519169	2.19539209289209	0.030093648660269	0.0673276104912843	-4.41699510120897
80205	0.28958425772567	9.73544408075008	3.71720524012938	0.0003095903242529	0.00152578524959961	-0.269249521054742
80207	-0.257039216144864	7.82478980513026	-2.0474835819055	0.0428321529461796	0.0890968025858784	-4.71768461185072
80208	0.176514613680647	9.41503495995285	3.58845987396007	0.000485634459802985	0.00219919991116922	-0.689156056253257
80209	0.228847316209307	9.87834783996652	4.68493286619469	7.56537890462139e-06	7.06900789051727e-05	3.23879413406067
8021	0.0265160031099759	8.65002475942264	0.456205459535809	0.649081325694625	0.743401518335774	-6.66393300839577
80212	0.587831855746314	8.4458952474116	4.09644070158119	7.72834102192273e-05	0.000487218148787734	1.03402829413597
80213	0.0512205551300205	10.6513648921362	1.05314416563253	0.294428077668249	0.413109550117163	-6.21803435575379
80216	0.125609926851974	6.35328217464675	1.25775107699637	0.210966768754809	0.319447389535238	-5.98539976599597
80218	0.0372602144960546	9.38202466719252	0.304744365803212	0.761098035683528	0.830751489515436	-6.72122063436108
80219	-0.0591407997542395	11.329839632335	-1.04450128937752	0.298389950501405	0.417674091802215	-6.22697296694084
80221	-0.0309429035637562	8.86736996320239	-0.421384458922357	0.67424145983606	0.764584631829469	-6.67911674972266
80222	-0.260733233716624	7.03804260246242	-3.44906025382199	0.000780960318198274	0.00329623517032077	-1.1304001912116
80224	0.156505402857484	10.9659458522652	1.05018625907524	0.295779935959915	0.414513449445012	-6.22110160882616
80227	-0.174899410025829	9.12328527284121	-2.35979446240764	0.0199277493836547	0.0483416181817879	-4.06020559578284
80230	0.0269603776126264	7.05010074159273	0.496115454682448	0.62073639560535	0.720326303413908	-6.64505382306958
80232	0.11611499496563	9.41261723364889	1.77400664151939	0.0786429733173942	0.145909919047996	-5.22192409460536
80233	-0.114964763978566	8.8418531819672	-1.52054154622668	0.131051773147304	0.219839083305591	-5.62800453933088
80237	0.676981877870655	7.45769290470056	5.30263847452781	5.40482110262723e-07	7.64449012118167e-06	5.76503862638114
80254	-0.180113970974164	9.61783598983847	-3.54647630050799	0.000561102100200291	0.00249191000763972	-0.82352995619313
80255	-0.221829069644876	9.71034876100367	-3.79323373915331	0.000236115353422389	0.00122123532828362	-0.0158110936470903
80256	0.0314175904643011	8.2113406474034	0.392126809221187	0.695672316087303	0.781445984974307	-6.6909458082034
80262	-0.0298373689283586	6.52747954583909	-0.430877229787253	0.667344209315767	0.758824932405437	-6.67509649351606
80263	0.042632704853542	6.560590222904	0.458325264754705	0.64756229306414	0.742176292591896	-6.66296989003298
80264	-0.0256802373565098	13.5545371774482	-0.406384471383271	0.685196683770104	0.772340893755635	-6.68528732965173
80267	0.177697511968655	10.2312935004378	1.46469726583976	0.145664503077741	0.239154998096231	-5.70941585379365
8027	-0.0189660520521271	8.76253693664191	-0.331619447076941	0.740765267958603	0.814851659786664	-6.71271627047209
80271	0.0155337481163175	6.58337107474436	0.168101470575019	0.866791420074262	0.910931801374704	-6.75336060876941
80273	-0.292326462751841	8.76407884075807	-3.69726026598983	0.000332189305014803	0.00161915562267121	-0.33506750154384
80279	-0.341389935881822	9.10375491034673	-3.78061036624026	0.000247042874841313	0.00126901377250575	-0.0581684932765523
8028	-0.214066331750219	8.99987702917206	-2.78828090580524	0.00617922893847348	0.0185063201710627	-3.02186704361633
8030	-0.229786104174464	10.6140815316452	-3.71565269345432	0.000311295773015199	0.00153236179088531	-0.274382903558007
80301	0.770905657119269	7.37917770658258	5.15908441184388	1.01487341812226e-06	1.29414360254063e-05	5.16019345450336
80303	-0.0698802585537821	12.5797161660541	-0.778420852771462	0.437880089301418	0.557301931838169	-6.46663118761602
80304	-0.102437194442651	8.30218725771247	-1.44188907559384	0.151984202399347	0.247681585366715	-5.74182203484418
80305	-0.0464003749351741	10.4379529554574	-0.716211795152567	0.475276531603352	0.590965550360332	-6.51268553673561
80306	0.0351716673800748	10.6265368457771	0.879081763216718	0.381144745456426	0.502675330906926	-6.3840814779436
80308	0.105071136553691	9.04646256789776	1.74028230156192	0.0844181480705643	0.154542088444783	-5.27938499782958
8031	0.153279738445917	13.0136869719705	2.8284411627559	0.00549820599586988	0.0168578996012937	-2.91673141441977
80312	-0.635087537725408	7.76182208030659	-4.90259989229737	3.05145534895108e-06	3.29908654219057e-05	4.10578836607685
80315	-0.0666093012476275	8.57380335417352	-0.668731231959489	0.504973935775477	0.620327886601047	-6.54527859662001
80321	-0.182217887163946	5.7078331704377	-1.58770566776179	0.115030676112275	0.198072417070543	-5.52621740182992
80324	-0.291520871072555	9.3898867999056	-2.3773351667643	0.0190469624493383	0.0466246165073409	-4.02075314360176
80335	-0.292401942707376	9.50976303170377	-3.67583543889206	0.000358202698656128	0.00172120668464201	-0.405457414945174
8034	-0.348381594525605	7.87290523669176	-4.22496226810473	4.73262887748001e-05	0.000322537248580733	1.4972735210504
80344	-0.00740050839196377	8.73013512113715	-0.0969954122500138	0.922894697509548	0.948903331349151	-6.7627406716103
80345	-0.222460388524151	5.87238241746101	-1.9893321985566	0.0489792791941195	0.0993050677818918	-4.83056427005001
80346	0.0436776019231065	7.30444349434845	0.505794410295669	0.613945164714787	0.714755047293043	-6.64023782179359
80347	-0.0466462755828082	10.815266620948	-0.851130337283757	0.396421984520199	0.516605870494415	-6.40799722942539
80349	0.138895963931927	10.373934223481	2.55702002785291	0.0118263394683175	0.0316236853377476	-3.60144715938759
8036	0.0736034185769262	9.1404690408519	1.09434739765306	0.276032919670931	0.392499899549301	-6.17442843855944
8038	0.0994481334024456	13.8978801218786	1.02553175489385	0.307211444421021	0.426768673211845	-6.24633806592091
805	0.229751032078482	12.8308956631344	4.67411317785868	7.90947489165207e-06	7.35723677984753e-05	3.19639156166137
8050	0.056461419376426	9.90343652732049	0.975777197320206	0.331172356488808	0.45237037615306	-6.29547290690144
8065	0.147145674536489	10.0553085890187	2.75176066741225	0.00686440324429407	0.020149243353898	-3.11633107754829
80700	-0.110937052268964	8.84036506784423	-1.62141717663818	0.107599041167421	0.187662179063111	-5.47353987822152
80704	0.469764454784246	10.206887086823	4.40554720933044	2.33718092507145e-05	0.000181439045498968	2.16576647892218
80727	0.46495360693315	8.28995948074628	4.72620000260483	6.38122599533931e-06	6.17200547090196e-05	3.40113241692097
80740	-0.11994461929592	7.19743528271646	-0.782931151979982	0.435237044471175	0.554390971238526	-6.46314458016912
80742	-0.293452958614989	5.92908129215541	-2.46435128483494	0.0151678432520262	0.0387403788688116	-3.82113008460746
80745	-0.167802239182928	7.74370203817906	-2.36265342609667	0.0197817778368368	0.048122359763093	-4.05379333009566
80746	0.0289177560233353	7.96008655174024	0.321095980352002	0.748706037202929	0.821398840124345	-6.71613173838882
8076	-0.0862038657460255	11.4150284995087	-1.09752308513563	0.274648824396817	0.391137808537536	-6.17099950552396
80760	0.0826911159048198	13.8204685814708	2.16021392594255	0.0327795502027155	0.072048718646735	-4.49026639716365
80762	0.0698212247883533	8.24894225292009	1.23365037749809	0.219786417929469	0.328647829481642	-6.01489051355903
80764	-0.100474303747029	6.26112458828943	-1.47019284524907	0.144172676557373	0.237388324452366	-5.70153436845198
80765	-0.403258570074309	7.85944117484213	-3.59356797341851	0.000477136034176765	0.00216788498751469	-0.672720471411001
80775	-0.0134810870386411	7.19361103162589	-0.138878275854729	0.889783230776095	0.927161534781197	-6.75782449905516
80777	0.116476717446309	11.7769444462117	1.96456932760524	0.0518162055145275	0.10396242762797	-4.87771016541729
8078	0.0731900523588147	10.3604678818902	1.49979273758549	0.136340655440267	0.227051172164638	-5.65859490242337
80781	-0.0346443362018689	7.71425647898958	-0.220894571522138	0.825556537775166	0.878636387324168	-6.74314313747031
80789	-0.188626486479999	7.30081095246758	-3.01776111441185	0.00312079899948901	0.0105430673765968	-2.40361250594501
8079	0.108354852667771	9.65197529221752	1.40172840161776	0.16362298924892	0.262228539230904	-5.79768923983599
80790	0.0140523556277619	11.1060622797686	0.206611363848952	0.836669704615884	0.886923792475419	-6.74618095764991
808	0.0245518945160353	12.3899460666682	0.361506710779199	0.718367601554717	0.79730246986777	-6.7024168084498
8082	-0.0156396446371391	8.4681007633668	-0.14618661245752	0.884023681946196	0.923427083947027	-6.75678780355899
80821	0.347415016570633	6.13374133438087	2.33413719598492	0.0212809450972039	0.0509509004356243	-4.11743531761196
80824	-0.35076985417209	8.70008137648242	-3.62699317439709	0.000424899174269817	0.00196399954083306	-0.564712470131829
80829	0.248972565078968	10.9776977399744	4.68780936263408	7.4763654791945e-06	7.00167560749962e-05	3.25007842358001
80833	0.917473509138186	6.46504571211412	7.54836829322942	1.01797397762434e-11	8.75881776580941e-10	16.299899983049
80851	-0.055844029933703	6.42225979039064	-0.548723634901825	0.584232559278282	0.689531849140283	-6.61776103619773
80856	0.0128781366846304	6.8301727543545	0.150080751228296	0.880957304857638	0.920985614241753	-6.7562137159916
8086	-0.179417715566235	7.71056247772759	-2.93435702653049	0.00401802833295965	0.0129999663259877	-2.63319732879114
8087	0.0644829019947582	10.7137039774404	1.21357687578878	0.227334450843559	0.337791430827091	-6.03902904953611
8089	0.0180309066451235	9.30316073889875	0.221713993821755	0.824920029208619	0.878411685092586	-6.7429627070777
80895	-0.460951039037634	7.63838201929078	-5.05317049565608	1.60528129663996e-06	1.91613056506447e-05	4.72061307028219
80896	1.08761885594141	9.76307142788096	3.8324326237669	0.000205035699038785	0.00108973976781752	0.116419681693639
81	-0.146992854809344	10.2213716268554	-1.89140946804375	0.0610228472836486	0.118991671048852	-5.01376426784782
8100	-0.0696575060561779	6.63341846776828	-1.02370393790982	0.308070588456496	0.427818268434878	-6.24818558917385
81031	0.0191129350332865	9.4519076270282	0.315285342857182	0.753102268440246	0.824469812765597	-6.71797051258541
81035	0.489686910916895	11.9061850694819	3.44106952754208	0.000802201809753361	0.00336994393611093	-1.15526378935438
81037	-0.0566773492531188	9.08116804368208	-0.765302357921744	0.445620493745999	0.563851911510715	-6.47665887934638
811	-0.298686935625865	11.4856429349741	-4.27680997739212	3.87234106369369e-05	0.000273380659710341	1.68712817830186
8125	0.249452480506803	8.93030426227024	1.50509458352297	0.134973595022245	0.225305884369081	-5.65081673486983
813	-0.410037013648425	11.4810687712855	-5.16179389566932	1.00296683315096e-06	1.28841462547853e-05	5.1715140252325
8139	-0.369410353652414	5.7684360335463	-3.88088600226414	0.000171979612534936	0.000943888106005697	0.281322897783547
8140	-0.779151711356999	12.0582767502528	-8.24067941687121	2.7012769346448e-13	4.23581189923642e-11	19.8335778593415
8148	0.1318148379971	9.80440976481421	0.949122514379358	0.344499386453354	0.466180362402474	-6.32080688247335
81490	-0.0392334122654857	8.39675724988095	-0.597749578672016	0.551153234944169	0.659595149324665	-6.58986591747098
81493	0.250018555209398	6.47606344583632	2.16681326579808	0.0322603876759245	0.0711911928320862	-4.47660403279739
81502	-0.36975728945397	9.11542719499121	-2.54405343448486	0.0122501706403098	0.0325567598098323	-3.63262319828455
81532	0.271397375110195	7.57122344020284	3.76500890508306	0.000261212752038729	0.00132613234901039	-0.110366408680784
81533	0.0509326443511388	11.8505077949479	0.7211756572356	0.472228821319608	0.587972575233639	-6.509150161581
81539	-0.200633425512934	11.6294955928255	-2.07057257222658	0.040581385686194	0.0852064681667418	-4.67202636348249
81542	0.136070043708654	10.8041837327455	1.66890580245868	0.0977889685143696	0.173602108987724	-5.39754113874164
81544	0.0386491991138016	9.54648213183896	0.429421974736508	0.66839974036406	0.759524261302398	-6.67571859848035
81545	0.118263604602192	9.0364428801993	2.7609871446836	0.00668506289160829	0.0197138948535111	-3.09256872846736
81550	-0.157196590020552	6.60077104902239	-2.4800183382844	0.0145495926288169	0.0374041814858473	-3.78450098830066
81553	-0.466099843292574	9.89576588511502	-5.56620132165984	1.65856543159676e-07	2.86605658263373e-06	6.90141291632059
81554	-0.181633098953742	6.82461180524844	-2.43039985525131	0.0165886479749924	0.0416861065632605	-3.89978923714844
81555	0.0561770125176305	9.2755714439871	0.525487720316389	0.600230900219352	0.703049806553013	-6.63015296345571
81559	-0.380655228626744	8.25700171904849	-5.78718034110207	6.01885134959555e-08	1.19508923431873e-06	7.87855508812227
81562	-0.0294547816641922	9.17227986030351	-0.494475109904355	0.621890615427478	0.721227761409231	-6.64586083479639
81563	-0.162368389917334	7.065912653499	-2.09870659002844	0.0379767360420398	0.0809517005696126	-4.6157491785097
81565	0.0192821637058637	11.1614552563562	0.311294975581527	0.756126026301801	0.826903346650718	-6.71921384817242
81566	0.0937228546241325	7.9657861740538	2.05543342188687	0.0420454049119544	0.0877007688315009	-4.70201761785191
81572	0.182370721567109	8.0362698152596	2.78001623128257	0.00632858609306633	0.0188919845062262	-3.04334010876479
81573	-0.107287517427581	7.93435469641158	-1.78429417022584	0.076947491295717	0.143401969243739	-5.20418778603619
81575	1.08395644969286	6.42488765492375	7.92414811780369	1.43541806857234e-12	1.69379332091536e-10	18.2066491741701
81576	0.0764257231635675	10.1563121230716	1.19475291895903	0.234581033101823	0.346023948858125	-6.06131414050148
81577	-0.288569421067867	7.43200433434371	-2.18492852511847	0.0308717987671027	0.0686964056617101	-4.43890322026655
81578	0.521806323702214	8.61638184895071	4.13876020485378	6.58309967797778e-05	0.000427151636607199	1.18539399286691
81603	0.255872103031918	9.25394519864001	3.04990914544101	0.00282737394616168	0.00970257947457228	-2.31365013191292
81605	-0.033892175862537	10.8191642570029	-0.565800425495427	0.572604521864897	0.679947290196096	-6.60831383444107
81606	0.119388292613047	8.26394466839388	1.7149237311147	0.0889859242898561	0.161189415489959	-5.32190225159775
81607	-0.506353029800259	7.11280399129724	-2.74706465337966	0.00695735359360081	0.0203786314479229	-3.12839862875817
81608	-0.141132860637913	8.30968455907979	-1.50107328364778	0.136009484210563	0.226636743913506	-5.65671867300383
81609	0.0468937276613607	10.7743296984028	0.76812773803084	0.443946772726686	0.562423365448224	-6.47451343158923
8161	0.00897741991605452	9.62252315415889	0.2210005170697	0.825474235141851	0.878636387324168	-6.74311984666125
81610	-1.22131434697685	9.09699298920217	-4.211044256803	4.9931431466621e-05	0.000337231090690343	1.4465976182696
81614	-0.164882785978578	10.7363456078022	-2.91346261338967	0.00427724810247941	0.0136673382307466	-2.68984519054173
81617	-0.524119160115115	7.98165664643373	-5.33728817064715	4.63563104309496e-07	6.7101643320227e-06	5.91255108218663
81618	0.715264910871441	10.27078977499	7.87856795033205	1.82309585604939e-12	2.0628454480778e-10	17.9738560345581
81619	0.4058753860059	8.49161757569622	3.26302793678958	0.00144226038531966	0.00554870553457866	-1.69693923293251
81620	-0.574975475194524	8.0889410236119	-3.41960553876504	0.000861978106797795	0.00358326077611967	-1.22181731804619
81622	0.523423875890046	7.75677418166442	5.3443510347742	4.49251150289667e-07	6.55620936641811e-06	5.9426908267441
81624	-0.226357235300102	7.92846411052612	-1.90561496577311	0.059134873411291	0.115829749674476	-4.98772572097457
81627	-0.0479453241888686	7.86815736043706	-1.01202251680398	0.313599298320583	0.433383002196423	-6.25991648816161
81628	0.188518355020701	7.08379680697711	2.79369898885309	0.00608306650946429	0.0182713197702455	-3.00775966786613
81631	0.0830112927016722	10.4458554043768	1.14948054175958	0.252683884677072	0.366942490758196	-6.11351779962853
8165	-0.176391908768359	7.13729202469777	-1.4969926848351	0.137066993102367	0.228076825750513	-5.66269211398737
81669	-0.464683189805161	6.60361034043429	-4.34765975373827	2.93635171030727e-05	0.000218703923599081	1.94927952357008
81671	0.0217792328953066	10.4808946790393	0.419129261172818	0.675884151225563	0.765921675006606	-6.68005871696921
81688	0.00133488503178981	10.9847033976792	0.0199836356184087	0.984090200368885	0.989487183721777	-6.7672241151656
81689	0.326322824878324	9.85952320896932	4.85384030110529	3.74776454574632e-06	3.94350766214836e-05	3.90929567960989
81691	-0.266003579280817	6.24840879153762	-2.59163691624718	0.0107586148931152	0.0292804477815919	-3.51752369248988
81704	0.340840744772224	9.32128230307559	2.75349433474374	0.00683037453745259	0.0201061995016141	-3.11187142521966
81706	0.209702481286494	8.73277301960177	1.41688439593959	0.159153200788497	0.25630833271846	-5.7767849344977
8178	0.0894028526470769	9.05246836151113	1.52225135432381	0.130623228786867	0.219342929412385	-5.62546571883513
81788	-0.554612786714047	6.51933411118171	-4.27110016014469	3.9591544687732e-05	0.000278557205383872	1.66613736891978
81790	0.102282568916101	8.78931765203881	1.0734580676198	0.285257375813533	0.402773662259792	-6.19674090989006
818	0.0490298320660754	10.1831074820052	0.749419030383529	0.455097094900023	0.571552684183395	-6.48857415328611
81844	0.137128766758141	8.0682984740945	2.06579086333973	0.0410389954083618	0.0858617279820335	-4.68152121573965
81846	0.253349953219947	7.64705820488033	3.46633110094823	0.000736842855734066	0.00313727937544504	-1.07650068954299
81847	0.646944300896167	8.16142754801344	5.33163900132767	4.75330062546989e-07	6.85205290861803e-06	5.88846142273659
81848	-0.0360836772319598	8.56322109853846	-0.450902777974888	0.652887645679988	0.746415495268748	-6.6663227592787
81853	-0.0551538109752767	11.322386098129	-0.771781402719723	0.441787785240591	0.56054794256333	-6.47172742347222
81855	-0.144121038177409	7.06216110635365	-1.19185317228925	0.235711905111346	0.347117193121718	-6.06471684821734
81856	-0.34776148503866	6.77153413738555	-3.62284502866037	0.000431074798047224	0.00198920549266484	-0.578159857751861
81858	0.0285752943141896	6.68198006346098	0.387776327215659	0.698880638391261	0.783784190001889	-6.69263226752909
8187	-0.315825251329169	6.56932470218562	-2.76249240323138	0.00665621239554924	0.019649862182715	-3.08868538861103
81873	-0.126148517202664	9.5725206255538	-2.03466261748902	0.0441275172598556	0.0913975156886677	-4.74283223330568
81876	0.19217542178542	7.3755158051759	2.49819885758547	0.0138604389916266	0.0359006666888792	-3.74173385863639
81887	-0.348010992703987	8.13469110236461	-3.28419795540442	0.00134663065111281	0.00523443255444322	-1.63377732438511
81889	-0.0088226737253667	10.3424211710302	-0.158738834010542	0.874146176366286	0.916014721637141	-6.75488325441721
8189	-0.057693263863728	7.51415122029641	-0.669227996434859	0.504658180531035	0.620216719414722	-6.54494906908155
81890	-0.0555387206724417	6.91713253864453	-0.66882856067491	0.504912063039258	0.620327886601047	-6.54521405297412
81892	0.0643987652635984	12.6017973100594	1.06098259478173	0.290865975595776	0.409433019499167	-6.2098652297804
81894	0.018323970124557	10.238844387491	0.235927474484104	0.813898221085162	0.870265282351254	-6.73972680694047
819	-0.016682175890456	11.3140617052071	-0.356811094445337	0.721870911674724	0.800142379201444	-6.70409365381652
8192	-0.263868541011663	8.06184693080744	-2.26084627639587	0.0256027044696379	0.059138237952799	-4.27776903199486
81929	-0.149009263371374	8.08241872616183	-2.06358283412846	0.0412517938291326	0.0861977781504263	-4.68589872860684
81930	-0.280350464729345	6.70617528107251	-2.60908489444629	0.0102540490381902	0.0281577277444983	-3.47484265159043
81932	-0.245722020158335	8.82831769771305	-3.88451176106805	0.000169721778781982	0.0009333567861113	0.293726843663837
8195	0.0504981767762502	9.21530786198451	1.12300822026428	0.263715171211496	0.379020958352374	-6.14312976923382
8202	0.0980046927097374	10.9547675162509	1.38549447529982	0.168516295080416	0.268003234331397	-5.81983918153969
8204	-0.0804452745391726	10.2158845470823	-0.604534203848961	0.546649950109016	0.656393165852663	-6.58581874729477
8208	-0.416300197966018	7.08576722670341	-3.06307517689335	0.00271473977270082	0.00939018028580769	-2.2765721857776
821	0.0731817070692778	8.97050011239164	1.02618435368747	0.306905087594387	0.426414806312806	-6.24567764712326
8216	0.0487755593758291	9.75201178183882	0.660534525328205	0.510199142096694	0.624618746925349	-6.55068080082353
822	0.0788793479912681	6.8349857415392	0.636912501171594	0.525416353335227	0.637195577528846	-6.56587940652992
8220	-0.394958510381647	6.56774113561051	-4.77283969419507	5.25871343703451e-06	5.22346595745108e-05	3.58576286114294
8225	-0.0760706569899324	10.6680176521583	-1.28735301837746	0.200492233902233	0.306565318776831	-5.94841788965798
8226	0.0169812196163929	9.50975606795468	0.260788153321938	0.794710749931848	0.855953943726309	-6.73358416849114
8227	-0.0483882713247413	10.8571738387149	-0.681791068289995	0.496707961278979	0.612176627896802	-6.53653467495994
823	-0.0920258184538266	10.1212959640047	-1.87191390016845	0.063695989952111	0.123301822593025	-5.04920110105633
8233	-0.422810078189817	6.90736513139528	-3.02855529209089	0.00301927892673786	0.0102732891370557	-2.37349702675177
8237	-0.0895864782393	7.50029908425078	-1.43698247757423	0.153370962427631	0.249231585609332	-5.74872926587242
824	0.17055380301003	6.55264405970994	2.55278773289789	0.0119632075475399	0.0318967380060296	-3.61163859108709
8241	0.026810090039701	11.4894729136647	0.725468777777494	0.469601749664378	0.585457205218379	-6.50607298763208
825	0.150209999809724	5.90445081635753	1.39888600660653	0.164471835047642	0.263435593851759	-5.80158548817816
826	-0.0637406338472627	10.3418538010083	-1.07251462079024	0.285678915042094	0.403299921081473	-6.19773868316337
8260	-0.163999403230981	9.4801282657401	-2.04677286584926	0.0429030981218962	0.0891953018066051	-4.71908249137704
8266	-0.166612560249724	8.07642831503798	-1.78686415212725	0.0765286769753401	0.142861346982956	-5.19974182663625
8269	-0.115336658880908	7.44214673958957	-1.46274708409892	0.146196766115159	0.239696785785972	-5.7122058684733
827	-0.218251193511933	11.5539926836818	-3.18689075816175	0.00184110622409148	0.00680122424463132	-1.92127961083829
8270	-0.29028446368949	9.92790828095019	-4.12909105629806	6.82946634598699e-05	0.000440026458797602	1.15070794682828
8273	-0.303968920046631	9.46763248020124	-4.37281874031596	2.65970296411855e-05	0.00020212255049344	2.04311678675896
828	0.18544623439208	7.50233154570924	1.88458777659351	0.0619473010223027	0.120509822525723	-5.02620325340726
8291	-0.0782153266676469	10.6025451503753	-0.834616870663488	0.405621090025029	0.525557678997135	-6.42176782393915
8295	0.022268978834524	10.2696014784717	0.417340553345858	0.677188162977828	0.766978503523496	-6.68080225359046
830	0.362425656429505	10.5420681717613	6.95457452824492	2.10885596441228e-10	1.16907048765405e-08	13.3536264941073
8301	0.307363337900812	11.1347322380391	4.1123268603011	7.27768986275534e-05	0.000463125718538976	1.09071299183757
8303	0.03181197750327	6.01276992593766	0.27460496466192	0.784100254060029	0.848175497451001	-6.72990476051054
8309	0.731379122815173	7.47940323625836	6.55891058164003	1.50753567589378e-09	5.73836160501502e-08	11.445120689614
8310	0.184950558962324	8.91779697457701	1.85467770563433	0.0661402678936491	0.126991774244896	-5.08024312390033
8313	0.199753872035385	10.0704830873009	3.06131096909496	0.00272958768117001	0.00942969228208461	-2.28154840208539
8314	0.193301944155875	6.92346692387565	1.86881141521665	0.0641302942814511	0.123852286828334	-5.05480857074463
8317	0.074237421841532	9.25126666516593	0.962301301286089	0.337867391087845	0.459388419816559	-6.30836739498952
8318	-0.16408953537165	8.75397856995048	-1.18063481490658	0.240123730982364	0.352483031440257	-6.07780501922115
832	0.089880239217559	10.5064455796568	1.68602162402503	0.0944358039847123	0.168730205691915	-5.36963694291546
8321	0.539600973258485	7.41246812477412	4.39650892355949	2.42227119995776e-05	0.0001869902814173	2.13183025748629
8322	0.685195129809373	7.51212916242191	5.7270040060698	7.94816584920623e-08	1.53392172697298e-06	7.61034848268942
8323	0.41434671749644	8.62936658663989	3.33585074916216	0.00113758893062449	0.00453936452510064	-1.47824881663322
83259	0.35912404273429	6.66894736374202	2.20913921140241	0.029097293548409	0.0655601867730109	-4.38806566020289
8326	-0.186035877238629	5.88802477817335	-2.1272571679404	0.0354820236737257	0.0767429996190034	-4.55791930659292
8336	-0.826977338768111	6.69739107587006	-6.11909714007182	1.26567626257914e-08	3.37677768937876e-07	9.38482646631868
8339	-0.975157609492735	7.35741652427657	-4.95723436714014	2.42024914376819e-06	2.71251803629922e-05	4.3274832928102
834	1.4417568690839	7.41639920214375	5.44784274307811	2.83004757079065e-07	4.41894006327614e-06	6.38706154528632
8344	-0.299481874780474	8.30186256618403	-2.42722374457394	0.016727434547996	0.0419710235013507	-3.9070973074544
83440	-0.195883410616826	8.62363626538985	-2.79525910396786	0.00605563116192113	0.0182087780842623	-3.00369306673455
83443	0.0505261041477154	9.99500399633369	0.82246448721291	0.4124725737516	0.532181108901626	-6.43173142321115
83448	-0.0349945387888448	7.22607107074563	-0.428832710325137	0.668827336917518	0.759905612508762	-6.67596990554615
8345	-0.229952289604756	7.05479594086569	-1.43785912143067	0.153122482610445	0.248974745346904	-5.74749684340438
83451	-0.598209724491451	7.45678184058268	-4.60934376728675	1.03088265231674e-05	9.10704888570721e-05	2.94396479460816
83460	-0.0262035075302242	10.9946061285126	-0.426207887660415	0.670733345538808	0.761652108076788	-6.67708515014638
83461	-0.518784185890056	8.05176903557692	-3.41581687105026	0.000872954355710215	0.00362524031079255	-1.233529553188
83463	0.168595242525773	6.64513291696938	2.02085216222166	0.0455601763871182	0.0936836089015674	-4.76975607220125
83464	0.202636520461046	8.64040395655548	2.96390134371393	0.0036760946556992	0.0120926092616788	-2.55250330059605
83468	0.500091547963439	7.56848155984418	5.91662491360082	3.29320177437329e-08	7.35185044765497e-07	8.46067132497359
83478	0.137210797447382	8.68049321767614	1.96406237680615	0.0518757085507704	0.104041065666718	-4.87866957628344
83480	-0.222861412391745	8.30202091915529	-3.78103782276583	0.000246665112615299	0.00126786174872581	-0.0567359762064257
8349	-0.111714370104084	11.6262837518153	-1.05686825079363	0.292732024833018	0.411428709396074	-6.21416056418188
835	0.00288013046881336	11.0257870528122	0.0596581755744724	0.952528867828651	0.967998086646735	-6.76565154359768
8351	-0.876300315239843	7.75577989766579	-6.26119744075497	6.41113063321616e-09	1.90488989317861e-07	10.0428745833723
8353	-0.491798523426647	6.62194494883194	-4.39050514340176	2.48043481735819e-05	0.000190790044445988	2.10931526262977
83540	-0.174997815233069	7.78020758990229	-1.40325565143412	0.163168278399438	0.261601315912142	-5.79559258525577
83541	-0.398433532088968	8.62454690638913	-2.95914699939183	0.00372924617583993	0.0122091055935148	-2.56553573412682
83543	-0.689343916419276	11.8942141066914	-4.77368806609925	5.24018334548298e-06	5.2149294498421e-05	3.58913256528002
83548	0.0152189353299384	9.67840148464376	0.121643309659417	0.903388557114039	0.936861576673023	-6.76005887038557
83549	0.0545733579244451	5.45628025579729	0.817854946915754	0.415089491337883	0.53455553452618	-6.43547294583933
83590	0.0868768503927442	9.25172332359455	1.83664240326519	0.068781166208845	0.130906090526511	-5.11243446961179
83596	-0.134125439308372	10.1544496330622	-1.8858533709448	0.0617749103213183	0.120259429473035	-5.02389870449489
836	-0.0935474135962907	10.3795612813319	-1.58119631065715	0.116511696853151	0.20033026977665	-5.53626686725603
83605	0.184018722793142	10.1575755588302	3.18102526917085	0.00187574778015585	0.00690449049201754	-1.93837839263432
83606	-0.288868263187051	8.71891022666318	-2.86293805100045	0.00496876723624133	0.0155226994596647	-2.82537684943223
83607	0.193022574772614	8.58478571399368	3.69379168578944	0.000336275664374208	0.00163582861468254	-0.34648522656624
83608	-0.0518156685698853	9.11613760119939	-0.805211536663489	0.422318203944029	0.541584903676088	-6.44562876508446
83636	0.096833408713366	9.31517182949009	1.3839366269825	0.168991657415705	0.268695108807261	-5.821951619816
8364	-0.278557527788462	12.1698022722755	-2.38420252281455	0.0187116269566639	0.0459720519518275	-4.00523491215904
83641	-0.487648649271547	10.8994401520152	-4.97741358052566	2.220856047954e-06	2.52390199524472e-05	4.40977024173209
83642	0.0420212020886332	6.97833830766339	0.545070548599662	0.586734421080892	0.691260350610208	-6.61974459863622
83643	0.642481665867369	7.82234138201379	3.80238575254022	0.000228481747018257	0.00118695549079925	0.0149670488543396
8365	-1.17787792462165	9.55109030488372	-6.1441493790524	1.12324688918246e-08	3.07219182273084e-07	9.5002877539457
83658	0.182507194119877	10.806308857441	2.58037087663685	0.0110961766212653	0.0299981735629763	-3.54494700091119
83660	-0.179657650360616	6.40151960420471	-1.5195527162071	0.131300115864346	0.220166251936561	-5.62947155902926
83666	0.478895332794626	7.60080870853953	4.30768060079556	3.43376872046104e-05	0.000246848821853857	1.8009693963315
83695	-0.167650355549864	8.73949446225062	-2.85779415859994	0.00504463166160714	0.0157299575405341	-2.83905995656903
83696	-0.0958618853595042	7.28762328184535	-1.16570442622424	0.246086354111304	0.359383536944726	-6.09503644660207
83699	-0.0666739647798812	10.7125431168186	-0.903511675648685	0.368096389112729	0.490132461208662	-6.3625544245041
837	0.336601990516346	11.4457148196597	3.73644089019548	0.000289181881648485	0.00144324615143307	-0.205508380328
83700	0.562995051206366	10.8248313359318	6.50512075381563	1.96243150798498e-09	7.01717933158264e-08	11.1895058152902
83707	-0.0388420618170535	10.4736592196742	-0.633629510214458	0.527549706312267	0.639407274268426	-6.56794821575546
83719	0.316330187120393	9.85956873759912	3.17386568203487	0.00191885392236343	0.00705373092956028	-1.95921380910462
83732	-0.0510905802758044	8.24161975736993	-0.729802400367743	0.466958212218886	0.583241296531608	-6.50294842717652
83734	0.102355548483235	9.24146153612502	0.878575863369292	0.381417958634514	0.502955354138105	-6.3845211122271
83737	0.189179076175665	8.58229411379946	2.77937935433265	0.00634023103242436	0.0189120396561107	-3.04499251115335
83742	-0.102093242574315	5.58439497652779	-1.1442742513745	0.254827271761033	0.368952368930085	-6.11939485688718
83743	-0.194690989683844	8.3416901239355	-2.0126907381593	0.0464253399438781	0.0952019135889854	-4.78558662237486
83746	-0.0448310579971865	8.49438830557557	-0.563567665285627	0.574118526222723	0.680961950976407	-6.60956540220245
83752	0.126243453382347	8.84301387786447	2.47700268627304	0.0146668172648974	0.0376336261114118	-3.79156772642771
83759	-0.101050750859374	9.33354214324052	-1.72202709899328	0.0876865256738887	0.159219641281916	-5.31005223014894
83787	-0.126231240261722	9.58551312507023	-2.35043847148558	0.0204121217664551	0.0493282989440958	-4.08114047635922
8379	-0.00602522538509895	5.87467214919898	-0.0452106725193678	0.964015858833182	0.975829778671824	-6.76640558226379
83852	-0.0267804786239095	8.27219412001511	-0.561463943092727	0.575546786033461	0.682264129253213	-6.61074013468581
83861	-0.0403794429422548	7.53261516479152	-0.600393150962676	0.549396372568838	0.658637741279913	-6.58829436949191
83862	0.551641186901578	8.1911244188365	5.46660020456454	2.60132794391046e-07	4.1410171961757e-06	6.46814362941049
83871	-0.059749062451557	8.80515974723018	-0.882145437946721	0.379492796883247	0.501136770944144	-6.38141376490504
83874	0.295754405149699	8.13752505391209	2.61283233704263	0.0101485024978331	0.0278957173484531	-3.46564246748753
83877	0.732310029869289	7.45194539048475	6.41245726184899	3.08412632587654e-09	1.04405260048115e-07	10.7514581076001
83878	0.0727581809158259	5.07942136338281	1.20885642663571	0.229136300037134	0.339958126317439	-6.04464935876755
83879	-0.359164097321316	10.856818899088	-3.75591029939199	0.000269829234282231	0.00136150853706245	-0.140729721962026
83882	-0.245517442843337	6.15850912343972	-1.48114856667241	0.141234067301284	0.233645783278312	-5.68573737695834
83890	-0.597105681773932	6.90461909229502	-4.87249283027357	3.46487348009482e-06	3.67392232934316e-05	3.98430921622224
83892	0.106106583145789	8.31827261059256	0.775739242449841	0.439455941010881	0.558618970875635	-6.46869470960577
839	-0.190924562120789	8.38571151314295	-2.60443040394685	0.0103865198123017	0.0284647158757836	-3.48625333634806
83930	0.218851504827067	8.64634898391278	4.1280569197125	6.85633274715359e-05	0.000441413160494845	1.14700176852013
83931	-0.0189376868778345	11.0409645844129	-0.230700727004687	0.817947077777148	0.873238058994344	-6.74094009582143
83932	0.0433252137067072	7.97045118284761	0.731469732518765	0.465943360125989	0.582517353510015	-6.50174136148009
83937	1.22160250920752	5.9923221567392	5.93438806048207	3.03009099338568e-08	6.91396453186898e-07	8.54109319973976
83939	-0.300073428051357	10.4086193637683	-4.48470709342927	1.70534270559192e-05	0.000139328691871308	2.46510164358641
8394	0.13618747573928	5.63923747038017	1.12280668872249	0.263800422465835	0.379020958352374	-6.14335261396196
83941	0.447683482671438	11.0001686446875	5.99778106287914	2.24888497164816e-08	5.50783737008394e-07	8.82914294389573
83943	-0.116603454970669	8.17140970557161	-1.74655845853068	0.0833178027598621	0.152934455732547	-5.26877065413284
8395	0.18874501760824	6.27174594758949	1.50420745072751	0.135201588473112	0.225426952117058	-5.65212005809299
8396	0.110623830106882	5.99431546422295	1.31210599786607	0.192032776796611	0.296650595911727	-5.9168521003458
83982	0.615412584807661	7.77499829720467	3.99636250242639	0.000112441350494933	0.000662930446172839	0.680724004312733
83985	-0.222935605647018	10.2217007167862	-3.7688888655094	0.000257618410018587	0.00131353584367502	-0.0974009607951452
83986	-0.00787178402921335	9.87015156301152	-0.134279859501325	0.893410189502295	0.930002289261369	-6.75844955314405
83988	0.397775348592981	8.5804261399768	5.26935104730743	6.26044740999876e-07	8.60420891956568e-06	5.62387717037328
83989	0.256314641509211	9.34728486090803	3.08041375340181	0.00257274028823313	0.00900136025624468	-2.22753646002782
8399	-1.07999164525299	8.1847035319746	-4.47129256673844	1.79935056498516e-05	0.000145998385724729	2.41411064509701
83999	-0.25521025167469	5.78754265386506	-2.82691604072388	0.00552276159974089	0.0169269056823227	-2.92074798644216
840	0.109294356471268	7.58098259514121	0.93266141268193	0.3529004846975	0.474362571782157	-6.33610727942401
84002	0.320936760252442	8.19263708746938	1.86230378346906	0.0650493186548221	0.12524647368038	-5.06654208487703
8402	-0.217569574713747	7.96690008561678	-3.58534326638816	0.000490889619310671	0.00221934770416319	-0.699174718509166
84033	-0.382023975632884	7.77645536982982	-4.27074381214087	3.96463403173127e-05	0.000278705337039151	1.66482801544105
84034	0.657953915888386	9.75496704573821	5.61237267211377	1.34428187332259e-07	2.39305350725099e-06	7.10379374793993
8404	2.00576882295004	8.41805123334647	6.34585340363716	4.26076618714198e-09	1.34327972159514e-07	10.4384433100442
84057	-0.293453242319865	7.78224533644384	-2.14544617947072	0.0339676219980438	0.0741862923595563	-4.52070012463011
84058	0.122006681453495	7.93743185208211	1.16315636405823	0.247114363703566	0.360693522564314	-6.09795581183835
8406	0.777734485952965	10.6898331034589	3.99978119167712	0.000111021600940987	0.000658130336356495	0.692684114698339
84060	-0.0784032081658774	6.84988634837013	-1.01171907720118	0.313743789306603	0.433406968614887	-6.26021945048757
84061	0.00804787327560404	11.6686846799033	0.0579856542652327	0.953858199258961	0.968743249498637	-6.76574946839446
84062	0.259053102739874	6.38981372692571	3.00563322168656	0.00323861720565692	0.0108832295031433	-2.43733935243406
84064	0.0895540080291654	9.53789635761207	1.64604201059106	0.102417835970284	0.180339229399819	-5.43439274541458
84065	-0.00997772070449681	7.22664638653793	-0.159947927769531	0.873195747279346	0.915652770410993	-6.75469152265474
84067	0.0257884646390952	6.73381510572103	0.310642578886959	0.756620750587841	0.827334842448447	-6.71941562100684
8407	0.587861130308439	10.8846764994177	5.49427547614931	2.29653451770854e-07	3.76376490402233e-06	6.58807370081957
84078	0.0594377365109675	8.46705719985787	0.695238258758204	0.488273735739529	0.604125383045014	-6.5273561196111
84079	-0.0333347876271863	8.05553318017481	-0.48252633832201	0.630326595435004	0.728589095758905	-6.65165904213948
8408	0.242329260227273	10.3771253595392	2.54687184229317	0.012156904689673	0.0323609515748304	-3.62585885486559
84080	0.366940260230317	8.58162781580324	4.77722927696667	5.16351776549893e-06	5.16351776549893e-05	3.60320247276794
84081	-0.0878554586554836	7.75741031371229	-1.25102041279067	0.213403352373284	0.322309689267385	-5.99369162628131
84085	0.25372530114426	8.2549959428889	2.28394322399924	0.0241643632860677	0.0564128071774181	-4.22774564164902
8409	0.133781972295917	11.8331178309181	1.87319469937206	0.063517414978914	0.123158180217331	-5.04688361477313
84102	-0.336075163695539	8.8432776434686	-3.06870694962814	0.00266784031444192	0.00925508651713156	-2.26067060227002
84105	-0.15475603627723	6.78015536857678	-2.60374826566153	0.0104060630911275	0.0285088162960905	-3.48792410496013
8411	-0.179133324619976	7.06968546418204	-2.45909952530264	0.0153802702790915	0.0392101952176839	-3.833361754726
8412	0.219686164984372	10.1377965605837	2.59164050235454	0.0107585089316974	0.0292804477815919	-3.51751494639497
84124	-0.0111243876532988	11.8604352332541	-0.11501619147625	0.90862790458487	0.939685300096535	-6.76083934927641
84128	-0.283413496463109	9.79474162244063	-3.60888059247501	0.000452494142547871	0.00206611476917933	-0.623339344506582
84138	-0.0486086859551221	6.13956057740395	-0.584116699517956	0.560257533590099	0.667685359609612	-6.59786093978166
84141	0.377204344779873	10.5322601959892	4.05069600327066	9.18013464492021e-05	0.000564615876150714	0.871720877009812
84142	0.00570274917824468	12.0143527447527	0.0430446914198654	0.965738709012363	0.977214472184505	-6.76650072010211
84146	0.306713591662995	9.37340145478792	3.10812027690491	0.00236003602483876	0.00839530472229463	-2.14869155929245
84148	-0.0029737380782687	8.01157930185215	-0.0328725354758471	0.973831809869231	0.98275513127915	-6.76688505750299
84154	-0.256198563887593	10.56045744283	-3.42244474211188	0.000853837671718694	0.00355120804048158	-1.21303329119719
84164	-0.187701071265807	10.4623476685176	-2.71822851174458	0.00755365677570585	0.021805674484626	-3.20210285891975
84168	0.739589060390515	10.0918690667637	4.62183908062203	9.79689800759217e-06	8.72029475600356e-05	2.99247447379111
8417	0.288226113372689	9.99935071472964	2.96860215419249	0.0036242282351868	0.0119493130355179	-2.53959993612914
84173	0.243857466455168	7.26287530091155	2.21741259188914	0.0285116225179896	0.064522192328382	-4.37057512681952
84186	-0.0879779151271459	9.09657563194648	-1.43425979710523	0.154144671230312	0.250046147753805	-5.75255229814933
84190	0.00111225798554842	8.30256909083414	0.022311273478843	0.982237365407392	0.988508524031922	-6.76717511849044
84191	0.163253348940706	11.6523218209703	4.11879237998428	7.10158112199975e-05	0.000453666357832312	1.11382997400063
84193	0.0734864993553103	11.3480571077052	1.45536095904202	0.148226334286353	0.242637637971716	-5.72274029115828
84196	-0.116075526608617	8.44307634644015	-2.1162775334888	0.0364241366032922	0.0781260369626574	-4.58024443756129
842	-0.242701217824718	7.65849483839622	-2.69044836934955	0.00817163523995892	0.0232995965130835	-3.27245998727351
84206	-0.0712319780064463	6.95845900712563	-0.961519837715128	0.338258317327946	0.459768586659344	-6.30910972948301
84216	0.271078405246103	7.43423696335005	1.79758838321787	0.0748012827111861	0.140263018205312	-5.18112400703805
84219	0.0701933786118603	6.41901433769272	0.921865439979679	0.358480992437754	0.480534404014257	-6.34599880743409
84221	0.0545449670164948	6.2363047919445	0.353723517822032	0.724177723173694	0.801945031963361	-6.7051843332764
84231	-0.10387607213201	5.85735206058853	-0.906147215537713	0.366705735877037	0.489019919009416	-6.36019727482862
84232	0.118945533371041	7.19491540278999	1.34405320832923	0.181511327688198	0.284224372834979	-5.87524965038625
84233	0.0118098234406203	10.0517645796675	0.205425779150867	0.837593676832045	0.887559175193418	-6.74642399633807
84240	0.0014667230544359	10.2898655526797	0.0279217924516859	0.97777172578362	0.984926153045451	-6.76703485161798
84243	-0.212232696487875	8.1162700911941	-3.41183557923128	0.000884629989051465	0.00366819463331581	-1.24582582727867
84245	0.368884336537645	10.1516755845609	4.54231662006519	1.3528003555069e-05	0.000115435236947179	2.68530394529184
84246	0.0246873046636462	9.36983907525576	0.415543761047817	0.678499055780721	0.767638027328542	-6.68154595878971
84248	0.275039317028149	10.542870302182	2.86611881686692	0.00492238017521279	0.0154010834269915	-2.81690510419836
8425	0.624902499031829	8.04205155410153	3.83081801876465	0.000206235120634184	0.00109339030580126	0.110952243908436
84250	0.0475734896440827	7.11438133546014	0.342835342470008	0.732332709051766	0.808482782246402	-6.70895506209025
84255	-0.256790701621495	9.0609049085331	-3.40116815059947	0.000916640283804362	0.00377252055018636	-1.27871449358767
84256	0.390518555444734	5.28782716708467	3.87472687049151	0.000175880745546225	0.000958927365156315	0.260272579971593
84259	-0.188677253068299	10.1184431534327	-2.38223489744125	0.0188071680993774	0.0461793128718364	-4.00968532410118
84260	-0.106549906758321	6.70796510172893	-1.42238761961611	0.157553555720917	0.254476411860534	-5.7691407174118
84261	0.0543193838437505	7.28800513176502	1.03612077091445	0.3022658406802	0.421528928586604	-6.23557120558115
84262	-0.300291066293125	6.98357105471589	-2.9636157717926	0.00367926743102147	0.0120982280972282	-2.55328660746481
84264	0.224539574399918	5.44368819732646	3.22697241714088	0.00161985870441985	0.00610960406324565	-1.80372947087008
84265	0.540370507442688	9.08179912165515	7.2218302795436	5.44847413437895e-11	3.60035170799761e-09	14.6685385515762
84266	-0.106565135384845	8.48826037966246	-1.46560838663781	0.14541634643533	0.238795034106526	-5.70811113690585
84267	-0.0284077197355684	8.03926800102199	-0.50133857439799	0.61706748121723	0.71697529819304	-6.64246644040179
84269	-0.107211868568965	8.35276598389778	-1.23136942470547	0.220634814083702	0.329615403206977	-6.01765280855407
8427	-0.049470501577815	7.73222747175486	-0.811324720008404	0.418813779794801	0.538093299285279	-6.44073788483401
84270	0.00944851611035955	7.42114438342803	0.123708449179842	0.901756733372012	0.936271731040101	-6.75980672721797
84271	0.0318072438657691	9.42651820594194	0.607925893151898	0.544405660757741	0.654554695467094	-6.58377851641336
84272	-0.305628370997611	10.7834330913964	-3.95449601013543	0.000131296560569204	0.000754275013913222	0.534886605836292
84273	-0.280223436407979	9.64473050809939	-4.56661054826795	1.22625266454665e-05	0.000105950282522545	2.77875137855868
84276	0.114952731925705	9.21678180765929	1.54196520937846	0.125761335899784	0.213174059606469	-5.59599550994223
84277	-0.027802639125304	6.68771119547825	-0.378183886865488	0.705973918443699	0.788552341628797	-6.69628445579005
84279	-0.0252907802411005	7.97322268645107	-0.317166164169871	0.751678374870258	0.823343983620247	-6.7173789963938
8428	-0.19441847945838	11.9721487391565	-2.98012004813921	0.003499981418453	0.0115917588277553	-2.50790998815994
84280	0.0377708530508874	9.53397153119494	0.543848096560805	0.587572753979646	0.691656113420532	-6.62040542522504
84281	-0.226961049542111	8.69839524387168	-0.997214018618083	0.3207025118928	0.441410883527889	-6.27459754395103
84282	0.0686196324167406	9.43892936570476	0.985327112269092	0.326480780241858	0.447219111906758	-6.28622821811724
84283	0.0661156516814524	6.93032470329988	0.741815229384511	0.459674191671346	0.576512120134424	-6.49419073541043
84284	-0.277401736769631	8.49442462591202	-2.41241336428069	0.0173883270965276	0.0432482932301469	-3.94106117297241
84285	0.00999965519587447	7.32056806323054	0.0746225160022262	0.940641499322211	0.959222072148329	-6.76465150008125
84286	0.0494642321847593	8.7483904964133	0.789843673763715	0.431204439512496	0.550331994804267	-6.45776229514681
84287	-0.0452178814157142	11.4448829453103	-0.865848002150438	0.388331694375621	0.509985433241559	-6.39549961137063
84288	0.309330084018739	5.68087239860751	1.95465543114717	0.0529903903921111	0.105929483213659	-4.8964302872989
84289	-0.27908665665733	7.28090664831242	-2.64785696700493	0.00920839973689424	0.0257350235742402	-3.37908823734453
84292	-0.0709189040256831	6.10940836445901	-0.812467467974851	0.41816061939092	0.537337696977132	-6.43981956642993
84293	0.113683752926679	13.1341579134054	1.44224724504972	0.151883352244029	0.247593544412015	-5.74131693439756
84294	0.181141468282135	7.39405672956495	2.69328431579309	0.00810651158314975	0.0231374518579188	-3.26530677029925
84295	-0.170651875598323	5.60840088533923	-2.41165118960229	0.0174229570152591	0.0433213801764119	-3.9428039415971
84298	-0.0278519214317152	10.2705137207747	-0.387381156101589	0.699172333803587	0.783784190001889	-6.69278452543581
84299	-0.163527825361404	7.10912759799875	-1.71305952672957	0.0893295282686618	0.161634590032672	-5.32500445167225
84300	-0.024861734787866	9.76850332506991	-0.298631281049593	0.765746992071829	0.834221861581813	-6.72305494767045
84303	0.240053335823964	7.35334135708486	2.88253179189431	0.00468926290294375	0.0147893514999295	-2.77306063300138
84304	0.101739054753359	8.30108436151208	1.75468234039119	0.0819110115391792	0.150720640524308	-5.25497757344451
84305	-0.186891984364896	8.65170514453913	-2.83520490991573	0.00539050282336065	0.0165707306739706	-2.89889562449443
84306	-0.235471743658373	6.58726927631323	-1.50795257506161	0.134241135984456	0.224369037481102	-5.64661291655688
84309	-0.168297590280743	8.56094026140867	-2.22900765090988	0.0277081272378984	0.0629626220041379	-4.34596125123152
84310	0.246489035715977	10.4226548253124	4.01062308192387	0.000106631470774325	0.000637781280663233	0.73066513082431
84311	-0.153978069154387	10.6090351816246	-2.48671562401944	0.0142922425148184	0.036811326215279	-3.76877922644274
84313	-0.384685326262699	8.91290384420675	-3.73890789890278	0.000286658750350633	0.00143416188848954	-0.197314758081251
84314	0.1070329019936	6.70608033332512	0.97554841228714	0.331285290462236	0.452375020535306	-6.29569329337412
84316	0.110004368926946	8.52974838914857	1.59768390501171	0.112789567286697	0.195067383958986	-5.51073577142099
84317	-0.164651466963913	8.31980758373872	-2.36278126885264	0.019775272647543	0.048122359763093	-4.05350643148387
84318	-0.270531761286963	8.55326403332296	-4.37033399666846	2.68586669594493e-05	0.00020318637430622	2.03383196931098
84319	-0.185555545517532	9.17256509109873	-1.8437149434398	0.0677352607248576	0.12942245051754	-5.09984599997874
84320	0.211653233148651	8.26981561796119	2.69533239494949	0.00805977320866715	0.023051844426451	-3.26013668560743
84324	0.0387537374200949	11.1092283200604	0.576342463902694	0.565482160200812	0.672787160141311	-6.60233805285453
84326	0.0279565774832884	8.4117357457905	0.336824869612817	0.736847628386694	0.81194789360647	-6.71098617751651
84328	-0.0107859679511564	8.28420961021281	-0.221045891055148	0.825438987454403	0.878636387324168	-6.74310986834283
84330	-0.0352237593997139	5.32660671758681	-0.582296769262914	0.561478480104863	0.668734826537246	-6.59891436798192
84331	0.416519415280776	8.32421306707917	3.83679257379652	0.00020182993967943	0.0010734805548951	0.131192434350825
84334	-0.14271617210134	11.8867221918931	-1.48286807049042	0.140777114455008	0.233029852785243	-5.68324777930702
84335	0.0767384391629171	6.30640958080401	1.28621477888474	0.2008877561728	0.306924615132107	-5.94985536103031
84336	-0.175763456976224	9.28182467820012	-2.98956791585829	0.00340100806690825	0.0113184233008308	-2.48183685092018
84337	-0.0829237374001102	8.29533884862318	-1.37391289920425	0.172074698097504	0.272182498331173	-5.83548875606667
8434	0.581416215966415	7.94602554990095	5.0214865716039	1.83932991829992e-06	2.15023974216285e-05	4.5902417912934
84340	0.154447170949683	7.56026346462058	1.73002494539816	0.0862420975977297	0.157184405595156	-5.29665431521271
84343	-0.270224618119983	8.04567624208126	-2.84776573329579	0.00519559257896017	0.0160672387503598	-2.86567477722003
84364	0.0260162420782156	9.09648971890916	0.460430788359288	0.646054964493491	0.741070866076112	-6.66200885654395
84365	0.0484642507944416	10.0007650331556	0.640737359467062	0.522936533365984	0.634840647501915	-6.56345574432302
84376	0.0142693183123779	7.38294845841777	0.193368501114426	0.847003050992461	0.894546119575211	-6.7488162902405
8439	0.213430376584379	9.46122186289964	3.60110121269477	0.00046485884356319	0.00211788971198674	-0.648447758252641
844	0.186312574920232	5.84309354591412	1.32205868209979	0.188707353005365	0.292662924488231	-5.90399559909584
8440	0.481866290475662	10.1333762217461	6.6008294200288	1.22670131217774e-09	4.81843999359812e-08	11.6449882888667
84417	1.18307952626466	8.56608049663853	3.87897952991953	0.0001731782591031	0.000948575875458625	0.274804316214871
84418	0.204146883740705	9.7651708194479	3.53989896564365	0.00057388336994819	0.0025389805226417	-0.844466419265728
84419	1.00870749828126	10.7621550797234	4.51357648637072	1.51883405764364e-05	0.000126559462600666	2.57520358139264
8443	0.162764656885982	8.85992247546008	3.39876308527598	0.00092400592206309	0.00379338415320136	-1.28611788454719
84437	0.453204162048148	7.42558946972874	6.30247408817904	5.25471678249423e-09	1.60755409716305e-07	10.2354230241633
84440	-0.0645181919698505	6.26284738991658	-0.635886785115769	0.526082403681882	0.637816036167964	-6.56652691205312
84441	0.0800044170681257	5.42608115408044	1.09771731687612	0.274564326252734	0.391103195185086	-6.17078946891153
84445	0.358847786253454	6.35197755862713	4.03447332697479	9.75504399958729e-05	0.000592040142811103	0.814490039524205
84447	-0.340764707134219	10.6226553753983	-6.60477561733496	1.20309057694947e-09	4.77765777192433e-08	11.663833270497
8445	-0.0586076677202933	8.79983806119475	-0.739591129732423	0.461017903009318	0.577758743568043	-6.49582285176307
84455	0.24132826865883	6.52775557278249	3.94524953934135	0.000135849862515258	0.000773342428929039	0.502835242143043
84456	-0.148229590441929	7.67590536902368	-1.89942513985609	0.0599514060960445	0.117325632571344	-4.99909412627169
84457	-0.438809785642413	10.0080641652011	-3.40337441609138	0.0009099319695686	0.00374955806046494	-1.27191928730267
84458	0.184239627293167	10.6977605209393	1.52820943821836	0.129138499572903	0.217530602441932	-5.61659739550774
8446	0.0240642766390083	9.37961219955607	0.430813088547597	0.667390718458826	0.758824932405437	-6.67512395736262
84461	0.0137224454786213	5.27526609346207	0.161216756209915	0.872198562000203	0.91483938058688	-6.75448875472317
8449	0.0476741960233725	9.34495865214291	0.940492877182695	0.348887371861198	0.470653224166829	-6.32886090495953
84498	-0.0506953307788803	10.6621060321237	-1.03507892800519	0.3027500409297	0.421848066477618	-6.23663536292332
84501	1.09355566957779	10.5545405217606	5.69255854721292	9.31314204347875e-08	1.76033302698248e-06	7.45752801751918
8451	0.0725797982462167	10.1675461527027	1.08291284692757	0.28105643235235	0.397926366094597	-6.1866942036603
84513	-0.827183214766325	8.71437637354169	-9.0527419602302	3.4843012550061e-15	1.0278688702268e-12	24.0742662332162
84515	-0.0413900021218734	13.2671464325067	-0.512513215663389	0.609250516818888	0.710943633602941	-6.63684024162123
84516	-0.215906675400599	9.41110843615901	-2.53833245510044	0.0124414643571314	0.0329379793557389	-3.64633327721221
84522	-0.0537333286112104	7.36116427062721	-0.974351053990659	0.331876747610994	0.453107757895341	-6.29684586805441
84524	-0.292057821570273	7.31576372257	-3.07156800181087	0.00264430277120214	0.00918114371169806	-2.25258277173957
84525	0.144227911011519	13.5723708131667	1.66089296264421	0.0993915483736893	0.175741247049085	-5.41051132968077
8453	-0.255742016184976	10.1834489854667	-3.74465259858403	0.000280864067495683	0.0014090171113539	-0.17821856462957
84532	0.433491728023536	9.89613847991261	2.4566296190412	0.0154810887215844	0.0394307100956791	-3.83910618818045
8454	-0.189207231537346	10.115002806048	-4.0866899094766	8.01805190726621e-05	0.000503260704817773	0.999316891357845
84545	-0.00626564731053003	10.3144510210585	-0.0929087944862192	0.926133681262337	0.951002512086885	-6.76312688713724
84548	0.254909740110447	8.64074666692804	3.74538901912242	0.000280129328168406	0.00140699166893198	-0.175768935547954
84549	-0.0885503544163292	9.14422169473036	-1.24870950798307	0.214244653954429	0.323048711512155	-5.99652856408873
8455	0.124177123532304	7.66065724943287	1.65393737226196	0.100799822906552	0.177907379745325	-5.42172190512427
84557	-0.158348813561445	10.3491321660963	-1.78494936579072	0.0768405387823856	0.143306130129263	-5.20305490089797
84569	-0.34256629171765	6.29840934505937	-2.63680996090079	0.00949605044396636	0.0264010019074931	-3.40649844587973
84572	-0.25760418576102	9.66862362416404	-2.55420222526819	0.0119173068937398	0.0317959497684467	-3.60823415020752
8458	-0.228914388729278	7.90300283878911	-2.07664216496823	0.0400068406613097	0.0842786288861051	-4.65994484503844
8459	0.175051898774504	10.5457322130303	2.0774698220788	0.0399290390254935	0.084200628631753	-4.6582948502019
8460	0.555690518111477	7.71903723378385	4.7579416954561	5.59465873021277e-06	5.51454428538872e-05	3.52665410819571
84617	-0.300653818507593	9.71612675349187	-2.22610291698691	0.0279075357985582	0.0633808759131401	-4.3521384589327
84619	-0.0901571217259188	9.33514807216747	-1.83761053575425	0.0686372071008951	0.130722464988101	-5.11071397969152
84626	-0.308997341885141	8.11382834857408	-5.16268234628304	9.99092342638545e-07	1.28543656545084e-05	5.1752268953209
84632	1.13494457769334	7.49135447027618	7.11794691317713	9.24072306822846e-11	5.67953676638025e-09	14.1551299053604
84641	-0.180815481514474	9.04042884200368	-2.94562310160217	0.00388432972842419	0.0126267467755938	-2.60250852614396
84656	-0.0385864259220844	8.76530598053783	-0.70602798122457	0.481563263828941	0.597702863895876	-6.51986290748644
84661	-0.178452654323284	11.2029724122241	-3.01226917502131	0.00317365225603511	0.0106910145329731	-2.41889960501992
84668	0.0226284493035965	5.91727413531131	0.382113260815322	0.703065109753568	0.786686237681451	-6.69479943449105
84669	-0.113604641187075	5.33088875235668	-1.15967934986442	0.248522065417266	0.362236149699421	-6.10192942590044
8467	-0.103928639083749	10.285503664973	-1.21627722938802	0.226308306181166	0.336569429070297	-6.03580432417552
84671	-0.217343555077672	5.79399163102823	-3.21553917468518	0.00168030181331438	0.00629446393559038	-1.83738584533172
84678	0.26258564850117	10.0087542446257	4.4814562321373	1.72767954617774e-05	0.000141014160587234	2.45273465950707
84679	-0.361644025605367	7.9610049941976	-4.85131820382639	3.78769584094094e-06	3.96277153794611e-05	3.89916734568997
84681	-0.0274683373572435	9.3867521921025	-0.332795524864237	0.739879543376153	0.814094182534571	-6.71232773676599
84690	-0.2064363067386	7.28319318630025	-1.10533128983672	0.271266122703229	0.387590066342963	-6.16252725635187
84693	-0.0223070253607629	10.006237792556	-0.377236925799395	0.706675580996311	0.788794158370903	-6.69664004938353
84695	0.294709296455432	6.19449215164711	2.35703086971639	0.0200697558518222	0.0486432462840526	-4.06639725179292
847	0.738268433653312	10.4094311436621	4.12595064446912	6.91136633627068e-05	0.000443918242127495	1.1394553540398
8470	1.46012018463375	7.99086172987852	7.12043914895363	9.12464031806169e-11	5.66688188174357e-09	14.1674134910053
84701	2.07985280098989	7.35435234131399	7.76416367748662	3.31642741758304e-12	3.3819370949674e-10	17.3913338232124
84705	-0.0735529704940068	9.3443829280304	-0.856847376959115	0.393267165366881	0.513903937024274	-6.40316769048032
84706	-1.0807020481091	10.3560100566362	-8.65101366626125	3.02868997836312e-14	6.5834155845472e-12	21.9660416255199
84707	-0.418027648978011	10.395917003855	-5.09787912100369	1.32366834050379e-06	1.64413541241523e-05	4.90546622394102
84708	-0.10921778168859	6.09435940787562	-1.12712629442954	0.261977370218583	0.376926158858299	-6.13856761374677
84717	0.000288348443902754	6.21439715147359	0.00231303287119263	0.998158376822589	0.998883958390428	-6.76742020512691
84720	-0.375315697875443	8.80589945912409	-4.85440663730913	3.73885433119616e-06	3.93915009893881e-05	3.91157047302028
84722	-0.164755439902887	7.11704498964803	-1.23423720773818	0.219568531484718	0.328445256127114	-6.01417904095447
84727	0.204929496496499	7.0828572005273	1.3854689762126	0.168524067689743	0.268003234331397	-5.81987377674677
8473	0.0245009094223406	10.1480926564606	0.355926179349744	0.722531794793349	0.800551659958827	-6.70440721501398
84749	-0.230704619643572	6.16564355530759	-2.60585448593339	0.0103458263960687	0.0283814433847649	-3.48276406211334
84759	-0.0626540897499015	8.22574563819896	-0.835356036585832	0.405206583429555	0.525185372529126	-6.42115713130605
8476	0.162568964988212	5.87314215711634	1.62406628175585	0.107031754957616	0.186872736137744	-5.46935554569954
84765	-0.133161530526052	9.72666060559932	-0.953773670728892	0.342149228518172	0.463531675834034	-6.31643592742807
84769	-0.441552238488482	5.95185096986778	-4.17818711830745	5.66388495699507e-05	0.000376680271697096	1.32745197355111
8479	-0.0731601983917185	8.88224236928733	-1.39609701190097	0.165307994360306	0.26441596309375	-5.80540110415486
84790	-0.297289242584939	13.2535604794022	-4.15158079688896	6.26954193480205e-05	0.000411656727992567	1.23147803150025
84795	0.217066292272932	7.01110134136644	1.48609957479829	0.139921467831217	0.232078579173866	-5.678561494484
8480	-0.16479263762521	9.55693455476479	-2.76666839829453	0.00657676583000532	0.0194431230335877	-3.07790223767245
84803	-0.231892395853403	7.43667764585717	-1.29122208596585	0.199152091390285	0.305307400683696	-5.9435224432724
8481	-0.172235828217989	8.8916505349084	-2.1103157445796	0.0369446773495655	0.0791397912104281	-4.59232186659587
84811	0.111897197269049	7.67475481120238	1.81205972350545	0.0725215736558232	0.136889442046869	-5.15583401096398
84816	-0.124503944572371	8.52272701547118	-1.27748211099453	0.203941432704026	0.310861087679508	-5.96084263981367
84817	-0.00579667758405503	11.7353922642739	-0.0969374847108804	0.922940600975675	0.948903331349151	-6.76274626231127
84818	0.16316341844609	5.54035233202011	1.88308458002776	0.0621525799444456	0.12076695138582	-5.02893856649349
8482	-0.578679533017434	8.48720421700659	-5.69594331183493	9.16942743969112e-08	1.73714382229011e-06	7.47252194778433
84823	-0.281786363613962	10.3670259194884	-2.64021856893436	0.00940644031446132	0.0262047881947556	-3.39805173137574
84826	-0.118996719003248	6.17538644331154	-1.45711424543493	0.147742602066004	0.241893734998056	-5.72024432922902
84836	0.0973460437561211	5.56662350682715	1.11172456822225	0.26851800816301	0.384328322201778	-6.15554647459743
84839	-0.0888253763286487	9.77871845366136	-0.665865512340794	0.506797511429703	0.621735845003616	-6.54717482396233
84842	0.0344436006699373	6.30705992219473	0.26786758901861	0.789269218861387	0.852315825309852	-6.731722614046
84844	-0.383059008145068	10.4460689991954	-3.4465161963589	0.000787665051647874	0.00331606183823213	-1.13832126676615
84851	0.0138488091472756	6.62299646212504	0.118242613924204	0.906076603006796	0.938574459598211	-6.76046483075473
84858	0.479854247174657	7.17150718924294	3.58959475030861	0.000483734085678898	0.00219420293668737	-0.685506146784246
84859	-0.06757689288381	7.08362946100099	-0.752020385157778	0.453537200416026	0.570200498544349	-6.48663962719024
84861	0.167769807340128	9.43389136807355	2.1423251337481	0.0342234302720757	0.074685742152535	-4.52710736684109
84864	0.094259273493109	8.39937536072425	0.71629028395392	0.475228256175908	0.590965550360332	-6.51262982355528
84868	1.26510139080014	9.1328833320779	3.5170944922655	0.000620355956186231	0.00272126404572399	-0.916813251239796
84869	0.119275829854586	8.07104574835819	2.03908873781298	0.043676589246352	0.0905543742908805	-4.73416725991652
8487	0.109919328658608	7.89843302514399	1.24844300982575	0.21434183010313	0.323136250529631	-5.99685539702146
84870	1.03407683642482	9.64094526140056	5.74973680077122	7.15690992088745e-08	1.40085488024953e-06	7.71148615713954
84872	0.0338922752947868	7.71065344367813	0.576883443799531	0.565117831796635	0.672605645587468	-6.60202843810624
84875	0.521049784182803	6.88237694946265	4.02270916885922	0.000101933143512398	0.000614041209568971	0.773096412218219
84879	-0.0174917578874021	8.05558088843725	-0.137258042595391	0.891060912405022	0.927889315676091	-6.75804713471916
84881	-0.199160316500726	10.1420072769247	-3.02683395875785	0.00303526104857793	0.0103004339610738	-2.37830565671145
84885	-0.109638554589849	8.38246652877408	-1.60116954649586	0.112014957375557	0.194052757533998	-5.50530578231518
84886	0.24807057410792	8.93636995049451	2.74140572077138	0.00707088379263363	0.0206686597377789	-3.14291658523581
84888	0.00370271040815325	11.5439882724321	0.0713643553665054	0.943228668944061	0.960674328665591	-6.76488821802656
84890	0.249785069125073	9.35658624845753	4.58402515071637	1.14266126867034e-05	9.91426688993386e-05	2.84595032170363
84892	0.626101208805778	7.13145850977248	5.98368691759169	2.40333452171996e-08	5.7797614000932e-07	8.76496135870745
84893	-0.0361785824524218	9.39230899653361	-0.653484882451225	0.514715928246907	0.628387592627205	-6.55527411498716
84895	-0.212328109932494	6.23827507571791	-2.28384893620097	0.0241700877240778	0.0564128071774181	-4.22795079550251
84896	-0.0614629986444281	10.5779545616094	-0.699273762154716	0.48575796562243	0.601733772651661	-6.52456695140272
84897	0.108893986940517	5.36396242215096	1.8449022329856	0.0675609867380992	0.129179108902014	-5.09772826019489
84898	-1.01155058877185	9.38251971429282	-6.70319598071678	7.3979429782085e-10	3.35752796703309e-08	12.1354599798787
84899	-0.142241373958837	7.28938024725168	-1.4986471108485	0.136637468138512	0.227407915942798	-5.66027214522525
84900	0.0526050827683919	8.12382519796042	0.227001161148193	0.820815898375557	0.875206646471068	-6.74178246581397
84901	-0.602337382917638	9.28911365664967	-5.54047411905808	1.86380727775679e-07	3.14827159801044e-06	6.78906248568429
84908	-0.179584639588092	9.96720808304944	-2.73463621558596	0.00720890596666309	0.0209963199170089	-3.16024915280278
84909	0.235341941115869	7.01480814615327	3.07249966944477	0.00263667963729385	0.00916623476601315	-2.24994768343622
8491	0.208086796584657	8.34152745659352	2.33719184650308	0.0211156971511621	0.0505992626830865	-4.11065163080661
84910	-0.29109255965739	6.48975823231251	-2.79057041341265	0.00613842590776872	0.0184175074457572	-3.01590864188886
84912	-0.012488058883271	8.83952104853791	-0.121990806551708	0.903113944282844	0.936852637486612	-6.7600167397078
84916	-0.237442824185311	9.6153342647721	-3.04776037283461	0.00284616155060076	0.00975489394521258	-2.31968855823463
84919	0.293995925731581	8.65147382586342	1.18517587320031	0.238330826569751	0.350349284119264	-6.07252163742837
84920	-0.163609790202248	6.27089442721522	-2.27725616574221	0.0245733142855411	0.0571762185911464	-4.24227631581338
84922	0.00544516829741155	7.38053951619922	0.085599492807304	0.931929967271822	0.953837900635719	-6.76377622283199
84923	-0.0788386464305955	10.3839100641743	-1.42219092250839	0.157610517090244	0.254518645389133	-5.76941443147579
84925	-0.15302944902491	11.9959362342375	-2.44936185850711	0.0157811745175081	0.0400345520622287	-3.85597913985721
84926	0.000408081514156288	7.86719168170498	0.00447423501862165	0.996437649158069	0.997524540303679	-6.76741290458482
84928	-0.209154566556557	9.7970788896861	-2.99783812666656	0.00331649635848524	0.0110997811673777	-2.45895562366366
84929	-0.223088946762364	6.83918941813781	-1.7735774577664	0.0787143706144623	0.14591948826939	-5.22266192200263
8493	0.146076685810831	9.47755111590232	2.71577637790029	0.00760644661134838	0.0219299298463307	-3.20833885911555
84932	0.198656806729234	10.8132999246481	3.80472256592113	0.000226570561104748	0.00117999548217227	0.0228349862983972
84933	-0.0142782747825154	10.7945606038695	-0.363277652854566	0.717047886099882	0.796398485839052	-6.70177870914092
84934	-0.325681595888272	7.50370265338243	-4.54868761256939	1.31844383657449e-05	0.000112853327358604	2.70977659972318
84936	-0.0781066304144926	8.81648370448045	-1.11575105711688	0.266797215728348	0.382329112060401	-6.15112974768405
84938	-0.0944088095071649	9.38656592080407	-1.36322445910761	0.175408941388154	0.276714640157783	-5.84981863019376
84939	0.193984443317209	8.69008508491102	2.51695885914995	0.0131800606181085	0.0345300451968248	-3.69730959740107
84940	-0.392369986790716	9.63105184089837	-2.86868375639211	0.00488526336824734	0.0153023418360725	-2.81006762255948
84942	0.138380325273665	5.72256427274088	1.15990182644522	0.248431823933799	0.362236149699421	-6.10167552248204
84945	0.466157038788968	5.63191029510559	3.81485900291662	0.000218454906141825	0.00114567461887713	0.05700739951497
84946	-0.0606408854368311	9.86903346312085	-0.859377130777169	0.39187610747064	0.513060175575762	-6.40102046093777
84948	0.113374664355133	8.44700516124092	2.20948065700664	0.029072916799308	0.0655231358150843	-4.387345008209
8495	-0.461400892878325	9.05854678409653	-3.66301031872383	0.000374685565692346	0.00177528698269992	-0.447438615104397
84950	-0.255461640084087	8.01223537229777	-3.27642133920916	0.00138104934739638	0.00534307616369749	-1.65701872159817
84951	0.245333468817938	4.85420645187041	4.3371554578648	3.05987655860899e-05	0.000225867563664971	1.91021616390169
84952	0.557557611565859	10.07208065251	6.52348362085006	1.79366951456456e-09	6.64381622883556e-08	11.2766592855406
84954	0.0933492717724438	6.11088920199635	1.14048141580295	0.256396792636328	0.3706400957606	-6.1236599286871
84959	0.178438684243717	9.15940111068961	1.73675968473188	0.0850409383402867	0.15535333525487	-5.2853266150198
8496	0.354782463606186	8.03871311610266	4.69376748622323	7.29520515565486e-06	6.8788121673184e-05	3.2734667141857
84961	-0.357236124767053	8.76757177719315	-4.79711738968823	4.75274343943507e-06	4.82874056700291e-05	3.68235156566209
84964	-0.0286609012891903	7.89223983116434	-0.458711388391239	0.647285760191813	0.741962306298137	-6.66279397853834
84967	-0.365544323553966	8.77441861906818	-4.4919170718692	1.65679262255788e-05	0.000136383412403682	2.49255249604609
84969	0.11676591230225	7.730560557961	1.43664144352596	0.153467710489788	0.249339749930302	-5.74920850975933
84971	-0.0633068207639372	6.12145497799148	-0.803057339180991	0.42355724743746	0.542668351765693	-6.44734352408456
84975	0.0688943990388793	9.07758665733665	1.09695380153604	0.274896587868886	0.391355707652016	-6.17161490269322
84976	0.26217491734039	8.52812027993155	2.51554080237223	0.0132304252005682	0.0346271584780398	-3.70067801594245
8498	-0.0228558425104561	9.32348833411962	-0.410934887893341	0.681866069327741	0.7697908017921	-6.68343897587627
84987	0.163708234645971	8.49226204734536	2.16295853078998	0.0325627616983736	0.0716484847172524	-4.48458901551716
84988	0.175340219448585	7.06433450934417	2.15267286215437	0.0333816524986636	0.0730610624374566	-4.50583128764772
84991	0.371022802760085	9.00581388565959	5.95809449025933	2.71088293807246e-08	6.3613332580905e-07	8.64862270354531
84993	0.0553581588107102	8.2784740870557	0.88688483706535	0.37694609042901	0.498810430461971	-6.37726886464779
8500	0.0789422500639165	10.3500040962616	1.29169541359743	0.198988599442294	0.305170039248672	-5.94292257210759
85004	0.939166972173437	9.18951192996275	8.0816083548656	6.26670751663121e-13	8.48573837497931e-11	19.0138005986029
85007	0.257788103304724	6.98351780315659	2.65514438384351	0.00902297989388882	0.0253688076823933	-3.36095085916066
85012	0.709275428572461	8.71802489124367	5.11827723867599	1.21176323655916e-06	1.51424573887725e-05	4.99014732391655
85014	-0.194166097803107	10.4049508995642	-2.52303631216039	0.0129661492094604	0.0340758487019226	-3.68285408437924
85021	0.0423588608361991	6.14068879083662	0.731917088468699	0.465671280014268	0.582265330444725	-6.50141703358888
85025	0.165502409555882	9.83507587955165	2.99466067176158	0.00334873436578165	0.0111804954977189	-2.46775310774361
85027	0.249217067418444	6.66166196592358	2.30491457343248	0.0229203504854875	0.054014863055671	-4.18192342321741
8504	0.443352744037321	6.30720798669188	2.15688424617749	0.0330442313883881	0.0724954452239271	-4.49714511034753
8507	0.717158422250419	7.62247599146685	5.82918703870096	4.95270417023567e-08	1.01260733777591e-06	8.06669324054318
8508	-0.0940630950730427	9.17588797536377	-1.34421507301664	0.181459145099367	0.284196537451796	-5.875036395098
8509	0.0272523470771741	7.63463633346387	0.408228799782793	0.683846001631983	0.770925068033326	-6.68454064705954
8518	-0.0563284362969705	5.79584422503936	-0.898793646474502	0.370594167908892	0.492570952936101	-6.36675718288928
8519	0.37987163328126	9.22090248171712	2.3192315859704	0.0221037655786368	0.0524797653577291	-4.15042136279265
8520	0.201334836991696	10.5461338405875	2.36539514163596	0.0196426816713849	0.0478468152773929	-4.0476374116738
8521	-0.212919299218681	12.2741920282073	-3.15518064752323	0.00203572959603284	0.00742062068103762	-2.01340392414935
85236	-0.146082062891227	12.9364495968661	-2.32116601913396	0.0219954219010026	0.0522525697159279	-4.1461513448137
8525	-0.576029056167415	6.84958484396697	-5.08180651056631	1.41887418245428e-06	1.73885767760718e-05	4.83889297416284
8527	0.43018000706771	7.52741732875254	3.81076857744084	0.000221696039101065	0.00115899321707266	0.0432090646154508
8531	0.0231094136569904	12.0037149328697	0.451562452998289	0.652413622730506	0.745976816687981	-6.66602698095657
85315	0.724513815837984	8.12265208486764	5.65853282295071	1.08861996121936e-07	1.98938072559112e-06	7.30707887793667
8532	0.534482069900324	8.70580776651362	4.09690686301089	7.71474475093509e-05	0.000486812770379862	1.03568930965359
8533	-0.263692220181704	11.0996713995711	-5.05651534875243	1.58233535932496e-06	1.89147468422926e-05	4.7344068785825
8535	0.301252093851906	9.22198748585247	4.39911817012786	2.3974049248258e-05	0.000185243823003378	2.14162213763662
85360	-0.255951202088723	10.4729344124271	-2.27599763219555	0.0246509560571124	0.0573084427333938	-4.24500669535937
85363	0.058953525715988	8.6279040749949	0.643893376912362	0.520894944053048	0.633106568257531	-6.5614450503697
85365	-0.0656953039741287	6.08289138871901	-1.01677152174182	0.311343709951101	0.430986935511327	-6.25516332268321
85369	-0.148749249871633	7.44577510552973	-2.51601158751822	0.0132136854283051	0.034594307967607	-3.69955991279155
85377	-0.0573693548018301	7.99292154960407	-0.818349301043697	0.414808362937372	0.534276793678885	-6.43507267814898
85378	-0.196264234248086	7.68680561319347	-2.75566705162273	0.00678794485967331	0.0199887431518366	-3.10627889044581
8539	-0.22183410449817	9.74398352231469	-5.17417993533053	9.50249111210658e-07	1.23219115519624e-05	5.22331179041894
85395	-0.313581690521388	7.446242136394	-3.23038730555366	0.00160220239027321	0.00606238742265538	-1.79365760456727
8540	-0.114503961053018	8.70612790209074	-1.6723618861696	0.0971042317602551	0.17271338379408	-5.39192849138039
85409	1.095557520329	6.52052179806466	5.67830080435003	9.94314061029041e-08	1.85395804607221e-06	7.39442367799826
8543	0.103754282803044	11.8923533808313	1.32627619920811	0.187311228309457	0.291044158358939	-5.89851912968099
85437	0.288012946252039	7.40080704977394	3.96324022879176	0.000127124848294167	0.000733276010411883	0.565249609244368
8544	0.254879811679262	9.36442390961624	2.51534490095989	0.0132373964867192	0.0346344298322142	-3.70114322169948
85440	0.0712747515890899	9.63305267342695	1.41862415370964	0.158646158302104	0.255790995037161	-5.77437142949073
85444	-0.237013982426386	7.58825639668116	-2.04610675400378	0.0429696821168297	0.0892680015807379	-4.72039223068211
8545	-0.0826325915185235	10.4019278964049	-1.42698658367015	0.156226243259657	0.25272102842106	-5.76273060492369
85450	0.144572937507927	10.5958187444277	1.01839896732868	0.310573237176714	0.430480948656598	-6.25352942189185
85456	0.161098074808243	7.16795063065975	1.50499187719536	0.134999975173895	0.225305884369081	-5.6509676627841
85457	-0.0426760613549895	9.54644090089754	-0.782409080968781	0.435542501214333	0.554668680239037	-6.46354917809207
8546	0.05112285978529	11.1379169335487	1.13428102111981	0.258977209549155	0.373650960851706	-6.13060249390704
85460	0.21910544246282	9.5466287888066	4.49912524561217	1.60958950860769e-05	0.000133352149860577	2.5200274741637
85461	0.00848301339766785	8.37866786947458	0.102612943578501	0.91844446128379	0.946773456089214	-6.76218264898566
85462	-0.352005976132579	10.1812489448706	-4.9136391304714	2.91221736217962e-06	3.17347169018518e-05	4.1504537262067
85465	-0.12911980589642	7.18358850224287	-1.44772014488049	0.150348753539636	0.245576567972591	-5.7335838460306
8547	1.10141026814943	7.65399972481282	6.56307888306229	1.47698431151685e-09	5.64809741348574e-08	11.4649691076543
85476	0.206418800278024	9.80530788066632	4.24182985121076	4.43437429483243e-05	0.000304897115566273	1.55885311131522
85477	0.349500568894314	8.77753923358707	2.9808552196658	0.00349218574693645	0.0115752224196208	-2.50588368623406
8549	0.352518013991734	6.09597200273183	2.89560337480766	0.00451089303106701	0.0143197449794825	-2.73798696517579
8550	0.122929116097259	9.72365602834738	2.52530975071473	0.0128869325537041	0.0339167252083842	-3.6774385721462
8553	0.0236362681588815	10.3138363209739	0.123327429293936	0.902057774736431	0.936290175838517	-6.75985356707245
8554	0.163746368213389	8.59829144453649	2.06655301459804	0.0409657622124168	0.0857736871671895	-4.68000920818387
8558	0.133407508250291	8.82928123095021	1.53110735242064	0.128421166727419	0.216702520361284	-5.61227195884775
8559	0.226292477879849	8.52592942316728	3.22846101360257	0.00161213989508144	0.00609228740300912	-1.79934010087797
8560	0.418785053845723	11.8768841482183	5.86898678410579	4.11468593119876e-08	8.73709660455058e-07	8.24563036640213
8562	0.0945511972586433	11.2701987092744	1.59984324401575	0.112309197653553	0.194489444969094	-5.50737325261873
8563	-0.281800759484288	8.5057199729163	-3.34077992802841	0.00111931448791914	0.00447942716580043	-1.46330207221925
8564	-0.11868701568175	9.12797638596141	-0.749636531246593	0.454966554059126	0.571475629034122	-6.4884126607128
8565	-0.104562046002339	10.585809023644	-1.44065419337283	0.152332305442613	0.248178470011043	-5.74356257166403
8566	0.00541095088068487	9.88609599199917	0.0970140188799052	0.922879953130254	0.948903331349151	-6.76273887513921
8567	0.0788651567556136	6.97580033077872	1.32355412623136	0.188211429468428	0.292069626775951	-5.90205569325732
8568	-0.259654354553176	6.45693843535043	-2.31453416261321	0.0223688177247195	0.0530328456963785	-4.16077682378673
8569	0.630897328396786	8.15453922813128	6.25611453517647	6.56983488989149e-09	1.93810129251799e-07	10.019206688851
857	0.6612890420974	11.8053537473629	7.86591194801491	1.94809435475968e-12	2.14550124937532e-10	17.9092880513224
8570	-0.276575024402867	9.92605650117232	-3.1221512582214	0.00225865143856537	0.00809945688732867	-2.10853542493342
8574	-0.121216342337588	11.3288334833334	-1.79213049103418	0.0756763338119949	0.141646616199202	-5.19061236306036
8575	-0.0667649219660024	9.97476074446134	-1.4387114931057	0.152881180070725	0.248695243294088	-5.74629784825732
8576	0.0729003723809022	5.29772531505175	1.24751914080332	0.214678959823113	0.323467385651023	-5.99798790274103
858	0.707767405713302	9.29192531208663	6.75660318424133	5.67514351839424e-10	2.64840030858398e-08	12.3926669207032
85865	0.0700271486993547	5.48207660400058	1.08300546724166	0.281015490798743	0.397926366094597	-6.18659535765304
86	-0.0866462691864288	10.305394981888	-1.69903149385692	0.0919499745069528	0.1652538706326	-5.34824539549609
8601	1.38306992539421	6.64212706447927	7.46327949643022	1.57980894188563e-11	1.29200216435399e-09	15.8723578946738
8602	-0.156861224247479	7.79531765278707	-1.91726234887044	0.0576237429471886	0.113651412785047	-4.96623963246107
8603	0.0964593109536142	8.16992397812752	1.74145566122086	0.0842115325727876	0.154334869991397	-5.2774033483059
8604	0.260612494921035	6.54951218536762	3.98546727092007	0.000117082658647762	0.000683948203981973	0.642659337995234
8607	0.17602290006725	7.40706377130891	1.14265324441551	0.255497233910528	0.369663190068482	-6.12121938556465
861	0.404632998665498	6.25365635468028	3.94224705381235	0.000137360522505283	0.00077950340149248	0.492439939331396
8611	0.204459276982658	8.0268910810678	1.71825164871205	0.0883752148233932	0.160258896694013	-5.31635633024021
8612	-0.368465159499955	6.05174472738987	-2.80165986373362	0.00594424848416794	0.0179457209353901	-2.98698806048968
8613	0.865057636882377	12.3881938002243	4.5782543102157	1.16973218854558e-05	0.000101384972480446	2.82366231901939
8615	-0.152346047891525	11.6061280782628	-3.6132108751361	0.000445746834360592	0.00204094725710559	-0.609344360831217
862	-0.776201009441138	7.1948247980749	-4.10683432355762	7.4305754057617e-05	0.000471040313519506	1.07109610769665
8621	-0.148598150053591	8.43567508826669	-3.49066834569867	0.000678640137472347	0.00293946907997985	-1.00017717346848
8623	-0.107275602230864	8.47431353921266	-1.32331869692613	0.188289438569242	0.292069626775951	-5.90236123576654
8624	-0.200838122326096	10.5941204020549	-2.57041317145058	0.011402437649083	0.030630130212815	-3.56909691457465
8625	0.217566556738333	8.42509026732796	2.81132955996667	0.0057795240101821	0.0175332466216573	-2.96168835591019
8626	-0.0575737638945499	9.93471506053037	-0.694036978662986	0.489023996958435	0.604691349532436	-6.52818330119721
8630	0.35432997885145	7.02164542537624	3.88785668976683	0.000167663886848461	0.000925845102065154	0.305177959066302
8634	-0.00538646267317278	10.1528281543328	-0.11596315427432	0.907878991215486	0.939263585601192	-6.76073050111862
8635	0.425352399087997	10.1719724424548	3.65892084653554	0.000380090604619865	0.0017971084110819	-0.460800464819846
8636	-0.129273146790446	8.52723254177254	-2.29091438694513	0.0237444113017767	0.0556709728506033	-4.21255616184749
8645	0.0566690992523843	7.59423844905323	0.62977402194675	0.530060779143275	0.641791561964739	-6.5703642328938
8648	0.254359315575839	8.8951328907198	3.24485964730394	0.00152934755000707	0.00582407135226296	-1.75087422930872
8649	0.061704009176388	10.7254904791282	1.34431879537466	0.181425712596558	0.284196537451796	-5.87489972872463
865	-0.0370585897711268	8.884944015399	-0.653165310080693	0.514921179396548	0.628435127336804	-6.55548117860984
8650	0.31442071609476	10.689433641164	6.52056412104754	1.81950999413742e-09	6.67962335625558e-08	11.2627952407687
8651	-0.0283494526241519	7.78043020385444	-0.408792533645907	0.68343335883344	0.770775470229958	-6.68431174476019
8655	-0.0518102273142337	13.0274597814156	-1.2763460170482	0.204341208519606	0.311355540005893	-5.96226670204798
8659	0.116012432920699	9.50140903496009	1.20849036375702	0.229276459308077	0.340065281717492	-6.04508431184705
8660	-0.158600818663714	9.38611615550219	-1.07673817476141	0.283795114943254	0.401051779201245	-6.19326523133163
8661	-0.047212644479284	11.2101304824779	-0.725894116104505	0.469341920314527	0.585457205218379	-6.50576713303179
8662	-0.1806691218626	11.9761813398198	-2.84475836605134	0.00524166256482921	0.0161552734274214	-2.87364028948649
8664	-0.144496985143668	10.4626050371431	-1.54420226570658	0.125218766292855	0.212601646367725	-5.59262833656732
8665	-0.0276684286480281	11.6693050742516	-0.442368836381813	0.659032622370802	0.751775923323136	-6.67011027396099
8666	0.0274570613404853	11.2880955935272	0.386681427193648	0.699688948747889	0.784081515871398	-6.69305374845501
8667	-0.0655607357372141	11.0969005145979	-1.09227813828517	0.276937376320936	0.393515005747623	-6.17665747369966
8668	-0.0735962981415266	11.0460919754426	-1.11434989156543	0.267395155389621	0.383119511451564	-6.15266848422118
8669	0.0637468069173979	9.44750250427793	1.1959982331361	0.234096569555192	0.345415802880651	-6.05985035006971
867	0.0866948604614084	8.08594246602645	0.885318292954326	0.37778668627541	0.499522655456201	-6.37864132962331
8671	-0.599911269818777	6.57529295060987	-4.54116578925608	1.35909791597815e-05	0.000115852928647879	2.68088585332303
8672	-0.0116216271808383	8.19234075168325	-0.162452126085165	0.871227869718318	0.914285631288693	-6.75428979506212
8673	0.137176001678229	12.078628870515	1.46626721771154	0.145237108816217	0.238575671712878	-5.70716720952674
8675	0.0159165211338093	10.3828313986774	0.268431279065955	0.788836387888627	0.852103040607372	-6.73157225005169
8676	-0.0673969480020501	9.53155296027817	-0.75674998958852	0.450708949301231	0.568109425912711	-6.48310539838319
8677	-0.00666605037572879	8.01249367876104	-0.109096901305567	0.913311061772904	0.943347426565485	-6.76149951771803
8678	-0.117986113933499	8.73785480850885	-1.70181777912673	0.0914245746009163	0.164632000480394	-5.34364368548927
868	-0.461494485463194	11.1279496598836	-4.10090030468162	7.59920504053299e-05	0.000480255804397877	1.04992443260314
8682	0.232352102512037	11.0079854539277	3.67275376528804	0.000362099409950174	0.00173488464396081	-0.415555439433589
8683	-0.0347637297865332	12.1528420396511	-0.716960559443568	0.474816106654463	0.590659795326184	-6.51215379988983
8690	-0.0876138762996831	5.90155836889516	-0.950585721753655	0.343758928087176	0.465330833497226	-6.31943409176271
8692	0.547996995162015	7.51187832346747	5.30086710042449	5.44732534073357e-07	7.67831182840602e-06	5.75751313016888
8694	0.11288202904442	6.87914168175831	1.54196094487828	0.125762371968804	0.213174059606469	-5.59600192430956
8697	0.0931678234262942	10.1679231578871	1.82477853991219	0.0705657905716743	0.13386047668494	-5.13344849980056
87	-0.442858945368471	10.2098668979346	-4.14307787069348	6.47585903976056e-05	0.000422183075520302	1.20090217357979
8702	-0.257360283315828	9.85597778625643	-3.27652557099661	0.00138058264195877	0.00534307616369749	-1.65670751434536
8703	-0.291839190374894	10.4445828435665	-4.89252106369951	3.18421224199566e-06	3.42168560069491e-05	4.06506645304392
8704	-0.236744346680343	5.51164192215849	-2.76902768197829	0.00653226415230584	0.0193323188455916	-3.07180384317706
8706	0.216171255465735	9.15478369142017	2.84741261442184	0.00520098275757752	0.0160778883149664	-2.86661045051429
8717	-0.0123441257943089	7.68581544308423	-0.156481134889171	0.87592137120639	0.917021517787278	-6.75523737558956
87178	-0.0312598820026351	13.448780736706	-0.400109984666676	0.689799377865978	0.776153502407434	-6.68780233033403
8720	0.0303443038268903	10.0230223553621	0.501352282806943	0.617057864589844	0.71697529819304	-6.64245961415196
8721	-0.450854467618521	11.9573711991085	-5.4409660441569	2.91873177329874e-07	4.52321284192263e-06	6.35737719816024
8722	0.677698645461466	7.65536474659743	4.65347112546455	8.60845125620426e-06	7.89187651234708e-05	3.11568078838442
8723	0.386145038946134	10.1751343257818	6.41271560074655	3.08025375378955e-09	1.04405260048115e-07	10.7526752396863
8724	0.155384071189015	12.8708801989021	3.92173367087288	0.000148118526006818	0.000830026475452048	0.421579751024829
8727	0.0321148115472257	10.1891772954364	0.486967244200851	0.627185479131972	0.725669149408893	-6.64952056062878
8728	-0.34694005111746	11.8031172009753	-2.82959345867644	0.00547971939967656	0.0168074572006418	-2.91369546823039
8729	-0.215971653840542	7.47885594879174	-2.96885562998848	0.00362145075192515	0.0119461594292739	-2.53890366532828
873	-0.484756286256722	7.22900400211423	-3.29880207347379	0.00128414953033413	0.00502943343791365	-1.59000756347131
8731	-0.130758452326207	9.67335158627315	-2.14434437315564	0.034057738960217	0.0743634480072408	-4.52296302375312
8732	-0.134713423731275	10.0938650529039	-2.16655556670146	0.0322805258994951	0.0711911928320862	-4.47713825882601
8733	-0.20378092291272	9.38518385721249	-2.09845226984419	0.0379996204286917	0.0809612950265511	-4.61626105676927
8736	0.427716694372338	6.67206216494815	2.50240350782304	0.0137052731514166	0.0356216350631533	-3.73180305462911
8737	0.262142459694706	7.94977290099219	3.1818074316077	0.00187109354917865	0.00689042920919111	-1.93609979969844
8738	0.078298982284665	8.61148670410897	1.30445405784502	0.194618997241355	0.299860644882222	-5.92667244965937
874	0.599799714012794	5.91433671924249	5.40564860577526	3.41878420030808e-07	5.21017665951011e-06	6.20527478867554
8742	1.04964973896098	6.81160737851777	5.80277902537659	5.59896815268391e-08	1.12251157624197e-06	7.94833090111901
8743	0.514949633606951	8.58374742954251	2.0221792595923	0.0454208041524625	0.0935134203138935	-4.76717628294829
8751	0.310391820131204	10.8881309967263	3.01493495980621	0.00314789496443498	0.0106172365889069	-2.41148222737867
8754	0.0228693672162512	7.35976675826993	0.182667108004682	0.855372896094776	0.900392522205027	-6.7508184655337
8760	-0.086437859309173	7.70623129101696	-1.65776301719278	0.100023277958362	0.176725620521084	-5.41556152883104
8761	-0.0716357332781229	10.8679083765722	-1.09710958899976	0.274828770731416	0.391326606833563	-6.17144652709007
8763	0.167581489636092	10.6814416853851	0.982574144076829	0.327828719529159	0.448503281272249	-6.28890228314
8766	0.066350017794818	11.3683528211239	1.42758229931136	0.156054943363223	0.252623665516397	-5.76189882482655
8767	-0.70490174100257	10.4482084089757	-7.37657227759231	2.46816775637886e-11	1.83667258267472e-09	15.4384168297378
8772	0.0218672093517246	9.58934487729353	0.479560967131184	0.632427824116676	0.730312236477642	-6.65307612702907
8773	0.482254686383162	9.98933554520533	3.90563834986128	0.000157117196269947	0.000874520243389327	0.366179338350898
8774	-0.297921586183886	7.23486259919827	-3.2173000910279	0.00167085762638767	0.00626809795568487	-1.83220869093202
8775	0.00672739397492145	7.12923786162798	0.0915444640584851	0.927215305207727	0.951181019463545	-6.76325212594934
8776	0.0122894206389325	5.75488139707947	0.140739894819463	0.888315555543145	0.926099518968368	-6.75756547026247
8777	0.0450064262088467	8.336849791115	0.51021788857221	0.610852518198169	0.712460011340987	-6.63800596723365
8780	0.191048958995672	10.6346127497832	2.81062062029326	0.00579145779313904	0.0175614689322058	-2.96354580389942
8788	0.564957574813735	13.4125752719472	4.32012863079669	3.2707929063748e-05	0.000236781326964556	1.84704160934929
8794	-0.0414205460913262	6.17514472020183	-0.367380835340231	0.71399346416626	0.793798956831985	-6.70028831068804
8795	-0.11913573699951	7.9578090767265	-0.995600097652442	0.321483049614277	0.441838600634597	-6.27618472053104
8798	0.257808994927319	8.48392717605638	4.66941631357881	8.06352055709536e-06	7.46689235444033e-05	3.17800528617534
8799	0.114783364190703	10.3886940039086	1.57298889105774	0.118400641098906	0.203028709876887	-5.54888150760088
8801	0.0172823445141659	9.96379461998811	0.266714257685006	0.790155012672488	0.852826395488664	-6.73202928074445
8802	0.0216018321804264	10.6772660963049	0.380691231026151	0.704117294207105	0.787436887374856	-6.69533862762189
8803	0.0757798482960866	9.90883333853935	1.57732774842039	0.117399041194166	0.201575494105861	-5.54222060699649
8804	-0.139118614408097	11.7608142956616	-1.05729117721139	0.292539833191524	0.411368577147087	-6.21371978811137
8805	-0.342298943785971	8.86602399525547	-3.40955904266756	0.000891371934508287	0.00369196563851046	-1.25285167161854
8813	-0.0181131540784261	11.6088210521142	-0.293999870161527	0.7692748543627	0.836277680962994	-6.72441995537355
8815	-0.0535749351216458	10.9271364082507	-1.01619880318346	0.311615152441987	0.43121815365569	-6.25573770225225
8818	-0.0617534285133667	8.39729630090098	-0.960276091052384	0.338881106534466	0.460387819074784	-6.31028997569597
8819	0.219731731111774	8.02914917491283	2.30570869611213	0.0228743711583414	0.0539372839759921	-4.18018075821408
8824	0.189882605786785	8.90464792758888	2.08567309957309	0.0391649169093175	0.0830344490941897	-4.64190801853719
8826	-0.0695138166717854	10.8727613662854	-1.43175508676287	0.154859088774161	0.250958617475882	-5.75606308851873
8828	0.532319815937352	6.90310945212352	4.79584165788934	4.77811276284606e-06	4.84827953755203e-05	3.67726790853536
8829	0.660424963531933	9.93305473868458	5.81219202611419	5.359641011589e-08	1.07977157940793e-06	7.99048683241567
883	-0.332359208015286	6.74748019572568	-3.47368452667329	0.000718779766175518	0.00307782315635551	-1.05348545009537
8833	-0.238089275903242	9.53184794180109	-2.25179962485087	0.0261862003402868	0.060182344039169	-4.29723538629404
8834	-0.0681096765484805	6.85374762736226	-0.713656818324432	0.476849486383382	0.592564579137465	-6.51449581395379
8835	0.329719196987463	11.1452249812422	3.61997825202414	0.000435392248568619	0.00200241646613407	-0.587446159593578
8836	0.0316378595409592	12.0576190097903	0.360245050338707	0.719308317171217	0.798050597694326	-6.70286950744342
8837	0.299662702219801	9.62875710502052	3.19701198154143	0.00178272665775931	0.00661812233397388	-1.89171258768945
8841	0.144718851617492	9.77686266501248	3.13455050069132	0.00217243619288142	0.00785997501235241	-2.07292206844842
88455	0.283824186001462	10.8434607933238	3.17089426512182	0.00193701316666212	0.00711415240401472	-1.96784947018576
8846	-0.126757952783917	7.69327464502581	-2.00839994656232	0.0468857826610901	0.0959080150521556	-4.79388542027576
8848	0.280835519842391	11.4810516078919	3.72429028794577	0.000301919353519004	0.00149242639828432	-0.245801904935723
885	1.28619723950608	8.83462855583506	2.50305685144545	0.0136813025322251	0.0355817250995527	-3.73025860115459
8857	1.84781485794726	7.62828097456371	5.2483028036739	6.86825974726789e-07	9.33818542844078e-06	5.53489935668463
8862	0.788079801993396	6.3016207587726	5.19923809550788	8.51726897461992e-07	1.12617002876101e-05	5.3283402448058
8864	-0.0561858456263998	9.46851175854867	-0.694063091287643	0.489007681596312	0.604691349532436	-6.52816533556032
8867	-0.260995084792149	10.8817011448599	-3.90023397594287	0.00016025385329237	0.000888983766417042	0.347616586577327
8870	-0.0917753065070232	8.83628625251696	-0.475289220735617	0.635460022570939	0.73226838538448	-6.65510220392316
8871	-0.442000900621366	6.39842440837606	-3.5611951495284	0.000533466034655024	0.00238314193956219	-0.776564860145156
8872	-0.00602042756060887	9.23659506760581	-0.0773498223373761	0.938476345495146	0.957486982928596	-6.76444522740861
8874	0.123043743271351	10.0087504831138	2.3584341295294	0.0199975383316969	0.0484966725249019	-4.06325416015071
88745	-0.176169612020883	10.5372764345057	-3.08061202554713	0.00257115700476991	0.00900136025624468	-2.22697436135136
8875	0.424036844654788	7.48054157308676	2.08309997892595	0.0394032338739769	0.0833898826028822	-4.64705452482947
8878	0.0735717841437833	13.3033280524641	0.877791151954674	0.381841985858279	0.503193172174439	-6.38520254366454
8880	-0.0720581683685715	6.75733442580486	-0.870926471386806	0.385563865194576	0.507207760233667	-6.39113810431467
8881	0.00589662435444866	11.2935590253695	0.122581126781222	0.902647464850379	0.936784528164861	-6.75994489359535
8882	-0.289094612099414	7.61315055087605	-3.0990150486157	0.00242806891429531	0.00859290883979403	-2.17466845896277
8883	-0.106284117636121	10.9447454486779	-1.72315289855239	0.0874820164874124	0.158915215550098	-5.30816986877956
8884	-0.432172305063687	11.7502256626434	-4.41516773333664	2.24977562633833e-05	0.000175478249986351	2.20194342563467
8886	0.0319009298203273	10.0915522125777	0.61162922771648	0.541960462992272	0.652279385737457	-6.58153786582162
8887	0.121768324816252	12.1891207985903	2.17008128690949	0.0320059482806955	0.0707815616595836	-4.46982414092292
8888	-0.27606181861993	9.06395782892256	-4.33500236043981	3.08580620395934e-05	0.000227578207542001	1.90221763659271
889	0.0927684289213294	8.30739339433123	1.53842515464933	0.126623719591093	0.214370142205867	-5.60131435541143
8890	-0.129563202095021	10.4917196147186	-2.58810359819636	0.0108634741985234	0.0294881028195213	-3.5261358018875
8891	0.0414692281378668	8.42490229819557	0.613497642032868	0.540728916026587	0.651271631143133	-6.58040227636559
8892	-0.363692664086119	10.3522487863699	-4.10906022273	7.36825010441089e-05	0.000467807424000261	1.07904366743479
8893	-0.270206876748059	8.60412203383987	-3.86005440094892	0.0001855164564762	0.000999586386492767	0.210229780158916
8894	-0.0537896732872478	7.32695152397929	-0.77186711094043	0.441737212567288	0.56054794256333	-6.47166191178234
8895	-0.0579907453986009	10.508099291094	-1.34130810106548	0.182398024714141	0.285234321116775	-5.8788625132791
8896	0.0462570634954457	11.1252327945098	0.776865545767914	0.438793666144248	0.557870491757333	-6.46782886799564
8897	0.17715604391486	9.54602234745445	2.25235986442848	0.0261497304709408	0.0601159960172476	-4.29603195423743
8899	-0.0712269936817693	7.90520286650747	-0.79539961797273	0.427979193908765	0.547230094045397	-6.45340235113302
890	-0.413757977990712	9.77266723147609	-2.92774608137721	0.00409843962601392	0.0132238716058105	-2.65115835441447
8904	-0.263269966134499	6.9685747073051	-3.07327189916006	0.00263037648869522	0.00915510276766164	-2.24776302776443
8905	1.2402173522006	9.62443188779151	8.88926101166024	8.41784016104788e-15	2.10701090091683e-12	23.2142239109154
8906	0.0822358709291426	8.62186595862478	1.21039115115162	0.228549352285113	0.339291453967476	-6.04282441270162
8907	0.0694707999310896	9.71310908106106	1.48553556342424	0.140070515682763	0.232214139604686	-5.67938012385316
8908	-0.748922658992949	7.55339757566245	-4.80419733915736	4.61430791306168e-06	4.71127112013466e-05	3.71058083654222
8909	0.140830120396401	8.80874904395722	0.802420251717591	0.423924097466252	0.542969924805588	-6.44784978051453
891	-0.61916676008169	9.65281506247365	-3.95333987897592	0.000131857811440638	0.000755302026698803	0.530875937806958
8910	0.419390234036253	11.2425008762771	4.84168062282564	3.94412260228838e-06	4.10307968449647e-05	3.86049650905507
89122	0.178278941541311	9.59464031777238	1.70659557953423	0.0905293319560359	0.16326905719582	-5.33573617763341
8914	-0.122069601289351	8.96392720467539	-1.16061927104567	0.248140970481802	0.362064019816231	-6.1008564081199
8915	-0.0883755085472097	6.31923057414097	-1.04186312078175	0.299606430432232	0.418774688503388	-6.2296870058046
892	-0.111315186677813	9.60934525579551	-1.08291770248936	0.281054285915265	0.397926366094597	-6.18668902192624
8924	-0.182330105474744	7.8659267225368	-2.96240763855249	0.0036927180098974	0.0121297468033911	-2.55659972767187
8925	-0.134322995040851	8.56036524684344	-2.42460338052541	0.0168427129011567	0.0422301405452599	-3.91312013193079
8930	0.0539631748756674	11.0294527152106	0.435032706357287	0.664333816936977	0.756955427547348	-6.67330852627142
8932	-0.470310579301122	8.57712912179016	-5.68566546832541	9.61267751461591e-08	1.80046975670584e-06	7.42700834121862
8934	0.0980298777985556	6.22119478996602	1.20627819295736	0.230124777061276	0.341017340962709	-6.04771006202399
8935	0.152929749227707	7.64729535858975	2.34294887421334	0.0208073334682458	0.0500636686419198	-4.09784462758733
894	0.296196724155356	11.9070132864935	2.58444398818782	0.0109730505095576	0.029726925945866	-3.53504469741818
8942	-0.573827670291648	12.1921569172913	-7.19433199794976	6.26789100896538e-11	4.10895077254397e-09	14.5323622088291
8943	-0.0527784873114841	9.02879409857817	-1.29827557882545	0.19672602839222	0.302481240656046	-5.93456108174692
8945	-0.0343590107428858	6.78659743228321	-0.492627442863998	0.623191845124572	0.722262472390763	-6.64676665692253
896	0.187159403057912	11.4265066446971	1.94811305147559	0.0537775282948197	0.107191694911972	-4.90873549742267
8968	-0.521229467082186	7.06870354953789	-4.98505272855573	2.1496201751579e-06	2.45585928724817e-05	4.44097770119565
8971	0.157863100124961	8.49731557004937	2.23663856204902	0.0271901865560501	0.0620598712064182	-4.32969813095799
8974	-0.153142802360601	9.22308011373087	-1.46274393088496	0.146197627940645	0.239696785785972	-5.71221037669685
8975	-0.376832940491057	7.75133027014266	-5.51565156270196	2.08530437707189e-07	3.46571713372511e-06	6.68094912636728
8976	0.220656242734778	10.8609331262215	3.16810000742054	0.00195423540573738	0.00716784389493374	-1.97596405931534
89781	-0.217853196830594	6.41590109283493	-3.43229463087362	0.000826152793394373	0.00345695140498355	-1.18251322443565
89796	-0.104883381664182	7.23566971682427	-1.07538518710077	0.284397648353077	0.401697088816077	-6.19470014847297
89797	-0.0332389556497271	10.4781348143218	-0.401682577097837	0.688644691387882	0.774959829817971	-6.6871756532726
898	-0.692321243798061	10.9586302096935	-3.57415721266291	0.000510196967401501	0.00229643320375112	-0.735076033885612
89845	-0.0387931875815959	6.61916029560918	-0.478015759098418	0.633523934830931	0.730802582790305	-6.65381109924919
89846	0.163806914827591	8.17506247120182	1.86498852522027	0.0646688478624221	0.12465882734888	-5.06170606235666
89849	-0.122203823549866	6.36788509731305	-1.38612218907763	0.168325041824689	0.267893033809621	-5.81898735335836
8985	0.047147359300595	10.5239638343451	0.619933322945277	0.536497772866656	0.647418216210011	-6.57646444209773
8986	-0.046017073792853	9.48571393485162	-0.679326987685947	0.498261943166651	0.613725566739716	-6.53819728702181
89891	-0.258568704697691	7.64194516278329	-2.57039950188281	0.0114028632450855	0.030630130212815	-3.56913000941624
89894	-0.546393788178772	8.46170835668347	-5.25492381067119	6.67110793447268e-07	9.09296230012284e-06	5.56286493844052
899	-0.230570465164351	8.89478488288224	-2.16893837449671	0.0320947336056819	0.0709019790272619	-4.47219631787862
8991	0.678582663067353	7.71666126652494	5.42719633931319	3.10455465918774e-07	4.75762921797602e-06	6.29800491132385
89910	0.0150786434049884	8.25025689672455	0.223685688911436	0.823388939851818	0.877007433033658	-6.74252581975183
8992	-0.0617369575670382	12.6182491843793	-1.23434664532498	0.21952791536231	0.328445256127114	-6.01404632242829
89932	0.607766059757524	6.60078148575762	4.78015943580934	5.10090448001355e-06	5.11328531613009e-05	3.6148498439777
89941	-0.203759070753051	8.23586741440127	-2.41424215918497	0.0173054837483698	0.0430941500637727	-3.93687746682626
89953	-0.310206590283718	6.82021640742329	-4.06302770888816	8.76494704215623e-05	0.000544349342618124	0.915340561939396
89978	0.1899085185258	7.60450687368902	2.97414544254286	0.00356393269213823	0.0117799455930619	-2.52436146841763
90	0.169166656107905	10.1745693159282	2.39187465584986	0.0183431890302284	0.0452282810118468	-3.98785012314389
900	-0.127500335428567	11.2822870294262	-2.10786845600657	0.0371602073344372	0.079498813734966	-4.59727046304478
90007	-0.0543012136726768	9.0054606257461	-0.887712465491383	0.37650246319262	0.498622790760148	-6.37654280468004
90025	0.112603768966397	6.3121679646724	1.26657273936684	0.20780415927096	0.31575834355742	-5.97446633764707
90060	0.0300975688226318	8.49258835308112	0.41624041691968	0.677990676596698	0.767571681563696	-6.68125798767843
901	0.386200850170496	9.02903515333943	4.5251334386571	1.44983014138126e-05	0.000122075402322214	2.6194182669449
90102	0.0813370485179076	11.1559778914603	0.729869604368415	0.466917283277916	0.583241296531608	-6.50289982760621
90121	0.0525834731892043	10.4394587622326	1.06181560917665	0.29048915276015	0.409052399162225	-6.20899357832742
9013	-0.000477008066985255	9.92533690878644	-0.0068998884896524	0.994506388357907	0.99630211605656	-6.76739917329458
90135	0.027044919885318	9.48984794028042	0.492854001277999	0.623032225896909	0.722178808014099	-6.64665576789762
90139	0.0952610053826652	7.28969893637415	0.72528759006256	0.469712457503898	0.585457205218379	-6.50620322312284
9014	-0.112229507532476	9.67587866020164	-1.44944448062068	0.149867739114285	0.244936194120299	-5.73114154393886
90141	-0.151065854039373	8.49729839557318	-1.6952781291376	0.0926616141388792	0.166099160761099	-5.35443294901892
9015	0.0785515248087925	7.46866630148088	0.810833897978515	0.419094505466364	0.538370235637973	-6.44113191971461
90161	0.12832426723223	9.35185502673666	0.744860601985297	0.45783790761719	0.574558054834092	-6.4919480680492
9019	-0.148471308511385	8.91510993629788	-1.58847133788004	0.114857459619562	0.197897917492194	-5.52503272382436
90196	-0.0568643883281572	8.32082086979774	-0.946645753020134	0.345755102399339	0.467343666473334	-6.32312585069347
902	0.112171227253434	8.92634027697823	1.20353973376446	0.231178042618141	0.342087178793594	-6.05095399405733
90203	0.390468565254648	5.75490150179264	3.72798805251062	0.000297987724374957	0.00147830546746976	-0.233550389539519
9022	-0.330526479015277	12.6912271972471	-5.07489202227384	1.4618538831065e-06	1.77572251094996e-05	4.81029401015291
90231	-0.173380726980027	9.0221719786162	-1.82251229643368	0.0709110295679324	0.134309815233002	-5.13744798723195
90233	0.00936675084793783	5.80733895039305	0.111607601624229	0.911324292205519	0.941648568128294	-6.76122376143721
90313	0.203485346353391	10.5128406408908	1.58006087165504	0.116771581129934	0.20065181196864	-5.53801576306923
90321	-0.139025822299194	7.79284965980021	-2.42452792779919	0.0168460427477762	0.0422301405452599	-3.9132934705726
90324	0.217326781555967	8.21518707329231	2.81339756707194	0.00574484083104829	0.0174666083779776	-2.95626776604586
90338	0.0835491122445351	7.61723818661492	0.820864865612477	0.413379583127677	0.532957510721177	-6.43303217686138
9034	-1.71892188365465	8.42858011229635	-5.83002725412367	4.93339238178903e-08	1.01116181324013e-06	8.0704639544258
90355	-0.49308719647682	8.59683100989335	-3.80406591679163	0.000227106067462634	0.00118129478415703	0.0206237004610301
90362	-0.00428664664083301	7.49703092011884	-0.0408864872726126	0.967455534433875	0.978592054178766	-6.7665908718281
90378	0.0274907142218652	5.9477978386521	0.304671468052446	0.761153422839325	0.830751489515436	-6.72124272693888
9039	-0.0787172745765339	9.4913259817004	-0.889870882242884	0.375347039555413	0.497331816927769	-6.37464613054874
90390	0.286862940942654	9.18260443118913	4.05023303012296	9.19608286601476e-05	0.000565175926140491	0.870085190693915
904	-0.250768843703118	10.0609140296165	-5.29493627167919	5.59202496274298e-07	7.8421266879893e-06	5.73232777974858
90407	-0.296519694190763	7.53181838036976	-3.31953543124915	0.00120008807783395	0.00474066356906191	-1.52759175403694
90410	-0.0717862037042826	9.59544714551467	-0.915549409056261	0.361771707461175	0.48368959268846	-6.35173308255867
90411	-0.339992630654354	10.6577890661868	-3.72124021723771	0.000305199299681539	0.00150684173064525	-0.255900269829801
90416	0.270114045597392	10.1546983855369	2.70513859462874	0.00783935775284613	0.0224915231116739	-3.23533429854179
90427	0.307178941067941	5.31537328862808	4.93301466639013	2.68261579414992e-06	2.9615058159173e-05	4.22900708201261
9043	-0.190238357857261	9.98536604173642	-3.22589987558391	0.00162544148259393	0.00612481487611753	-1.80689098672201
9044	-0.0174199381419907	9.80035055529254	-0.345944850529484	0.73000058905701	0.806878745565489	-6.70789019636045
90441	-0.0487731516656573	10.2662183927889	-0.938951328537706	0.34967498523625	0.471253936702794	-6.3302920020881
9045	-0.612119275575688	11.0881067456914	-4.19436820728465	5.32342825848099e-05	0.000356333204335924	1.38604149060288
90459	-0.526265985729481	9.10239309039847	-5.58232994374793	1.54136279108622e-07	2.69168216794338e-06	6.97199960594886
9048	0.0353968217885902	4.71979850305356	0.840917462992484	0.402096098482812	0.522137049751302	-6.41654520014769
90480	0.148144588991397	6.55443502517793	1.23822453948441	0.218092217015367	0.327118524159603	-6.00933607461649
90488	0.155093806302576	9.66346173106788	1.51943614354161	0.131329417193053	0.220170689266211	-5.62964444479482
9049	0.0439290763814833	8.52776179056567	0.621080804515755	0.535745136113259	0.646967079575368	-6.57575803814498
905	-0.0423215377721119	8.3392476672162	-0.616439711448773	0.538792555849427	0.649697300922083	-6.57860716241568
9050	0.376512905248575	8.50308029829957	4.36760435750551	2.71489478407945e-05	0.000204794802890377	2.02363640553264
90507	0.0548179694052718	5.52923353968088	0.726385250252281	0.469041998000243	0.585328131663696	-6.50541374461533
9053	-0.156711021018787	9.72758165195778	-3.53448174734927	0.00058461593407676	0.00258093405423519	-0.861686587007754
9054	-0.182532428406444	6.39668857373452	-1.77963589365468	0.0777114443461835	0.144408668233853	-5.21223096267414
9055	-0.251715238262055	10.2268230897692	-2.38563812935074	0.0186421903917367	0.0458423616063546	-4.00198572815013
90550	0.0629465607454393	7.74277329726048	1.2900284363454	0.199564830967007	0.305713186904206	-5.94503426482366
9057	0.245392203535332	7.66016750311223	3.27799293430013	0.00137402802969943	0.00532339189742835	-1.65232550104107
90580	-0.293540005241179	7.53818644543745	-3.68820462042634	0.000342958132364631	0.00166246136932621	-0.364858694857811
90592	-0.0465239940923247	9.0556941866663	-0.865006604715327	0.388791447272482	0.510234724256546	-6.39621979152089
90594	-0.192332444231234	9.03332014088795	-2.95072016277291	0.0038251961278875	0.0124688713560974	-2.58859085541312
9060	0.350569228454269	8.83832026854527	2.80470890353301	0.00589185090947129	0.0178266258286567	-2.97901879645137
9061	-0.319288148908058	9.36482317423083	-3.60995160898007	0.000450816391236525	0.0020599309853369	-0.619879186964771
90624	-0.0257245553739242	7.81129846180257	-0.29570485647604	0.767975556264291	0.835767864920032	-6.72391992537278
90627	0.735667912619686	7.81968847637554	6.45511569627775	2.50552460799714e-09	8.69564422775477e-08	10.9527514513345
9063	0.222462317188724	6.95987058078914	2.99972132899541	0.00329752500988112	0.0110407606735379	-2.45373779213868
90634	0.149725762459052	7.01891106836241	1.30783101020235	0.1934744740596	0.298431214889317	-5.9223454110556
90637	-0.0202838476140096	9.47166430769206	-0.19112594512673	0.84875560024125	0.895709883479331	-6.74924529318845
9064	0.035577961879987	8.1121020840389	0.430777058911703	0.667416844300908	0.758824932405437	-6.67513938266051
9066	-0.033033638599013	10.9979944914965	-0.394467039988008	0.693948755926665	0.779972339631821	-6.69003085831537
90678	-0.109191214248064	8.01981394519622	-1.78100356585404	0.0774865013225461	0.144055480739192	-5.20987154678261
9070	-0.125818872188572	10.3118207485616	-2.02472125943987	0.0451548583925888	0.0930586652501956	-4.76223039649151
90701	-0.568520775189806	12.0835027013066	-7.0764650320784	1.14020835069066e-10	6.77562660194593e-09	13.9509226470431
90780	0.129940548626763	6.04546175874995	1.31154311835802	0.192222143698862	0.296887604142222	-5.91757638912822
908	-0.122709684723347	9.88999604543803	-2.10784768233226	0.0371620414794083	0.079498813734966	-4.59731244616547
9080	-0.137679315152925	5.69546808898283	-1.28790362841706	0.200301111346847	0.306443263516384	-5.94772208619611
90806	0.202773521699261	9.37238958289721	3.87200169545467	0.000177633607409104	0.000964029958737978	0.250966861172738
90809	-0.100390050045412	8.49718053859112	-1.08788182650697	0.278865751881803	0.395778541330532	-6.18137952251781
90826	-0.142459690584261	8.30644429132373	-2.77130718035461	0.00648952810762735	0.0192334058733412	-3.06590735566476
90843	-0.187732030311524	10.6232664772302	-3.00139151078222	0.00328078344093777	0.0109980808531437	-2.4491078340107
90850	-0.0845410467716408	9.52707422145605	-1.2506552751656	0.213536122501921	0.322333401291276	-5.99414022012643
90861	-0.485954632670906	7.61122707931867	-6.34835431735486	4.2094878828894e-09	1.33732191971794e-07	10.4501684035354
90864	-0.0253675421796192	9.7592947313718	-0.415366757317135	0.678628246493856	0.767638027328542	-6.68161904879533
90865	1.54415357352667	7.30576380662855	7.68100129359208	5.11526368984041e-12	4.80137250887293e-10	16.9695484465149
9088	-0.302548798745643	6.90203043223191	-2.60294656963981	0.0104290740551283	0.0285434564928296	-3.48988720983016
9091	0.186794178823721	7.99855911754915	2.21318409199923	0.0288096598052641	0.0650540705280158	-4.37952199405762
9093	-0.0318093999500277	10.9711820232742	-0.599517168614302	0.549978222010582	0.659143951510071	-6.58881588605299
90933	-0.0547793306317916	9.22486624589315	-1.11337650220321	0.267811092795342	0.383515885313718	-6.15373632993867
9094	0.274390245405744	7.45069158074157	3.21727592694181	0.00167098688842834	0.00626809795568487	-1.83227975021541
90952	0.21160126175129	12.105021259136	1.7267640227835	0.0868286596916927	0.157974609923652	-5.30212410265172
90956	0.0242927530880505	9.26314583398864	0.345091098510809	0.730640649314761	0.80737013556387	-6.70818352333753
9097	0.0457083812648696	7.79357678897473	0.52659313426253	0.599465273560412	0.702651221741026	-6.62957552236456
90990	-0.0283050048294154	6.7238313626444	-0.345180869376917	0.730573338900836	0.80737013556387	-6.70815271443287
9100	-0.0552566728227037	9.26946758209096	-0.766990143105015	0.444620232642019	0.563103821162693	-6.47537820365778
9101	0.0321839095979095	10.0547789081538	0.287706743490208	0.77407623708696	0.840320131302134	-6.72624057713111
91012	-0.228707884909735	8.65836958749475	-1.90683766905833	0.0589746907652165	0.115653121016308	-4.98547596024764
91039	0.0347495101563592	7.93286223467518	0.530289812822755	0.596908157205527	0.700349627630349	-6.62763569637968
91057	-0.0871459376437283	8.88552638330989	-0.725780183546302	0.469411511184526	0.585457205218379	-6.50584907769617
9110	-0.113010772115664	11.0388364435126	-1.50021618522611	0.136231074912012	0.226914434114382	-5.65797464623804
91107	0.506951864448378	5.20631290885947	4.59348687587422	1.09958192815315e-05	9.59086243563359e-05	2.88253524710591
9111	0.285212141440561	9.36471821669041	2.52524372874974	0.0128892269234204	0.0339167252083842	-3.67759590335817
9112	0.0747903331532174	8.56086590998161	1.44232642269814	0.151861065075782	0.247593544412015	-5.74120525955662
9113	-0.0141064955555282	5.27825791644574	-0.208693762634492	0.835047363372351	0.885883794176165	-6.74575069353127
91137	0.224212411133935	9.39315168907085	4.01646244417528	0.000104336217890752	0.000625411581841519	0.751153648930219
9114	-0.226132775565262	9.41815292306455	-2.45623572589332	0.015497221284033	0.0394596324926363	-3.84002181196893
9117	0.324193266015472	9.06460819358717	4.16597858409629	5.934481012021e-05	0.00039152406676752	1.28335722085827
91179	0.301605228248252	7.20645906982428	3.3231254132435	0.00118606634445194	0.00469875683701345	-1.51675160601581
9121	-0.0244275408787709	9.67182978529221	-0.327801788210844	0.743642806486813	0.817085569606142	-6.71396802576926
9122	0.769985571731702	9.1105448538439	4.37921512471739	2.59347487587803e-05	0.000197803346950624	2.06703574690492
9123	-0.705002130646913	12.8092169984611	-9.96190587600292	2.48467069667623e-17	1.46595571103897e-14	28.8948015116126
9124	0.437376509511131	10.4074277881677	3.93803268271767	0.000139507981913829	0.000789812152575894	0.477859004449456
9126	-0.0572793595657824	9.70227629498063	-1.38113164242442	0.169850138985623	0.269644848745195	-5.82574937343751
91272	-0.151608513913762	9.79036506291123	-2.28855355628959	0.0238859071883844	0.0559075073324043	-4.21770491736872
9128	-0.582783735792005	9.27077682290563	-5.46547817495032	2.61448564471455e-07	4.15300988948888e-06	6.46328885769509
91283	0.100557089425631	8.91098745279938	1.45923045759766	0.147160366904198	0.240988229704337	-5.7172278506249
91289	-0.0294388548433866	8.79918397177692	-0.488039201554184	0.626428289759213	0.724894602607327	-6.64900144509355
9129	-0.180848073350196	9.74013710061195	-4.06259340098177	8.7792591969384e-05	0.000544828557225478	0.913802636818809
91298	0.0362931796612747	8.33012559807955	0.517137281456554	0.606028955894494	0.707937754438397	-6.63447600522292
9130	-0.0520132481627144	11.5961909160528	-0.905576281838035	0.367006709510272	0.48934227934703	-6.36070847562465
91300	0.126266903131002	9.68927217598038	1.89679176268504	0.0603016490520937	0.117824286055034	-5.0039201194408
91304	0.3135287787702	8.22992777272777	4.26515026620012	4.05160702360371e-05	0.000283853045080294	1.64428570024179
9131	-0.0659427149772068	7.59127031308447	-0.836399828008625	0.404621687018319	0.524674275474304	-6.42029384992726
9133	-0.499993250789952	9.71177053203615	-3.05219842883895	0.00280748402195552	0.00965429285661831	-2.30721285789946
9135	0.44879933046883	9.5887349288517	4.14029020301875	6.54490487732795e-05	0.000425676490446684	1.19088806301537
91368	0.0324036951773038	13.3444085396254	0.521421042323209	0.603051390790545	0.705453121077738	-6.63226690189774
9138	-0.210325924650319	6.65316737381437	-2.15914218954856	0.0328645427707982	0.0721971072571258	-4.49248154289917
9139	0.02300624152396	7.02701634516768	0.369393157462521	0.71249717629887	0.792729886345456	-6.69955127152432
91392	0.201889292053974	6.38708209007805	2.77833827656927	0.00635930861826597	0.0189365289928398	-3.04769291485592
9140	-0.129419542416916	10.4877167823519	-2.36111375491986	0.0198602716871055	0.0482487776869092	-4.05724747902821
91404	-0.68866674363711	9.36016858722026	-6.1294126178627	1.20499728727695e-08	3.25270509572144e-07	9.43233961336673
9141	-0.137976437970701	9.96099352010936	-2.41923941801367	0.0170808958615094	0.042625170180869	-3.92543069250348
91419	-0.166953601029572	8.0382779522415	-1.61368888567124	0.109267785074335	0.190251244669901	-5.48570960741968
9143	-0.0132159026422653	5.96010390834384	-0.106221917929154	0.915586769439854	0.944988968583431	-6.76180758023322
9145	0.0662007949145321	5.76400222135622	0.599305600164684	0.550118797163954	0.659216780004971	-6.58894172998333
9146	-0.163451980535851	10.3602837790308	-2.67563257208326	0.00851963291182493	0.0241579704262526	-3.30972221798045
9147	-0.363468955926207	7.58664276332923	-3.70576010532526	0.000322373613531481	0.00157842682144044	-0.307052347739523
9148	-0.507519411134755	6.25954992793866	-5.0741924740362	1.46627215785425e-06	1.77847401231661e-05	4.80740199263395
9149	0.371636711756102	5.68756499535622	4.70486223413748	6.96912560897551e-06	6.60148824886901e-05	3.31707236921537
9150	-0.25553764397688	7.1550066607388	-3.79994511260906	0.000230494202642	0.00119515512481037	0.00675354987179055
91523	0.3671553959234	7.7333964093382	3.32373412394164	0.00118370409872238	0.00469390103478005	-1.51491261052168
9153	0.169311204177772	7.70107890195532	0.615386078097547	0.539485613117255	0.650068739612196	-6.57925102116463
91544	-0.201937462132825	5.85025229197478	-1.63541130486063	0.104629397382299	0.183529161685664	-5.45136195606739
9156	-0.510832821290405	7.93931213263707	-3.4049357098648	0.000905212609253153	0.00373479328293259	-1.26710838776823
91574	-0.452586515310924	7.09856820579683	-3.85510737015009	0.000188877061279027	0.00101438525758437	0.193390191009305
9158	-0.0794518775291235	9.25252203574744	-0.961343869576876	0.338346385744155	0.45981262689153	-6.30927680474924
91582	-0.158546054018679	7.72650272360552	-1.47348142699484	0.143285649487193	0.236355933162359	-5.69680444791003
9159	-0.209254276655505	8.81564319038771	-2.69352636674698	0.00810097506289636	0.0231296419009761	-3.26469592779071
91603	0.0804366527151169	9.45787908744835	1.82254676943393	0.0709057674724174	0.134309815233002	-5.1373871841212
91612	0.0977564656744613	9.11628295589065	0.374713598875436	0.708546502861448	0.789930370311184	-6.69758324226574
91614	-1.17860778496793	7.02646880427598	-4.71417680872333	6.70630725139625e-06	6.41135392320984e-05	3.35373538399685
91624	0.446005658495531	6.15494261165641	3.90624516562274	0.000156768681521335	0.000873168785816741	0.36826483978747
91647	0.0697015643649638	6.32771991328081	0.854012424115315	0.394829640424808	0.515456429573085	-6.40556654227171
9166	0.0682777973617679	10.10229697083	1.17056420430395	0.244134113703136	0.356974292651425	-6.0894512017736
91663	0.182904190599248	11.6072214012619	2.17273528610814	0.0318005986030344	0.0704594808103712	-4.46431117629682
9167	-0.139460137634873	11.3068822367818	-2.85302164735779	0.00511596572217542	0.0159163378023235	-2.85173604655967
9168	0.0556578365153996	13.5369095115424	0.981261254960257	0.328472837264119	0.449202919834706	-6.290174951931
9169	0.20146794188752	10.3922668374366	3.45781228828961	0.00075830227729834	0.00322034797454205	-1.10311388031899
91694	0.0565031219012004	7.59309609172185	0.66845276147531	0.505150984304302	0.620453104885283	-6.54546321314422
91746	0.031104112695074	10.8332678291294	0.839042397681814	0.403143191159314	0.523249962126954	-6.4181035164007
91748	0.217169426362203	9.37405638748252	2.75075472105117	0.00688421877320364	0.0202002298638231	-3.11891762433629
91749	-0.608524527335825	7.1785443641604	-4.32411140858346	3.2202385040965e-05	0.000234147623625326	1.86180281722532
9175	-0.637476383319588	7.4230075085091	-5.11508176723606	1.2286638646814e-06	1.53304584928525e-05	4.97686748120772
91768	0.566238895793012	6.98170814280278	3.73315290176848	0.000292577435728539	0.00145671465890159	-0.216422102377821
9179	0.000142607316992624	5.28938203543429	0.00184755195872093	0.998528989510442	0.998959902602465	-6.76742116900258
9180	0.168438276675247	8.10994638723502	0.842294478348383	0.401328184994093	0.521567626049708	-6.41539861122061
9181	0.655302255500407	9.35529596750672	5.2846676757816	5.851478643036e-07	8.12322917503821e-06	5.68876270842134
9183	-0.272284038258609	9.01341854838307	-2.91453193733174	0.00426361757387243	0.0136501864961962	-2.68695457941269
91833	-0.14998163403822	8.79550834213945	-2.58202257991643	0.0110460982304948	0.0298954034678529	-3.5409331576971
9184	-0.0357500862192821	11.626454915905	-0.558502632019786	0.577560156413053	0.683767649702138	-6.61238634580402
9185	0.109563758648823	6.84765863292608	0.725363004313877	0.46966637672847	0.585457205218379	-6.50614902020742
91860	0.516328070846995	7.14759917064607	5.58980868995318	1.4898072041573e-07	2.61269798436078e-06	7.0047701032342
91862	0.431385007323533	7.03637700832796	3.83170902239807	0.000205572408991832	0.00109127769811859	0.113969173916665
9187	-0.133152790963097	7.96906602562145	-1.80976177979687	0.0728796803138602	0.137439762418376	-5.15986268222061
91875	0.0615009777260685	7.46541966599592	0.949876002620434	0.344117953927775	0.465740504578637	-6.32010021492727
9188	-0.244012698063541	10.5095546195622	-3.13260802220515	0.00218573782331948	0.00789170551907488	-2.07850916825053
9189	-0.0775040556019045	10.8954263133842	-1.52152390262975	0.130805421699144	0.219559598300128	-5.62654621568599
9191	0.156861601685632	9.51616237607698	2.67331508915032	0.00857526432356347	0.0242990337264612	-3.31553431955411
91949	-0.118997008150045	6.55177476273906	-1.35570473390044	0.17778380326672	0.279713183806307	-5.85983528275765
9197	-0.361116419655002	9.19428279431324	-3.89221745475318	0.000165016700584005	0.000912952409125171	0.320118101117377
91978	0.204428092648879	5.23887051059978	2.32736253710368	0.0216515109146504	0.0516584286987326	-4.1324514709741
920	1.26101398940263	6.00515553734426	6.17492854757913	9.69705513465382e-09	2.7244107283075e-07	9.6424701696031
9200	-0.642247936972814	7.26758987978215	-4.13230872204406	6.74651654321116e-05	0.000435361145679095	1.16224395530554
92002	0.0318152284918077	9.36370367618356	0.503475159404961	0.615569442514147	0.716040500657211	-6.64140026209832
92014	-0.00500371170074111	13.249321393756	-0.0456230890644994	0.963687836259251	0.975736887411304	-6.76638693820519
9202	0.276076736794056	8.7190440906641	4.78956599229495	4.90483571715891e-06	4.94072475899178e-05	3.65227320718948
9203	-0.492413912631922	6.58284832758176	-3.38280756916539	0.000974294672708655	0.00395463095654717	-1.33512423594004
9204	0.580546338606996	9.98753142398258	6.18221596037422	9.36492204276119e-09	2.64110510315763e-07	9.67618629830931
9208	-0.128193915890428	10.7623354301172	-0.883142969544784	0.378955886735147	0.500747980232333	-6.38054318199008
9209	-0.0194038840234251	9.19319795459693	-0.372752026906819	0.710002143381906	0.791149882702579	-6.69831209445932
92105	-0.0964014226546128	8.97184648473682	-1.84084494815899	0.0681580746595521	0.129989770650635	-5.10495983005823
92106	-0.225269545970875	5.88786001542358	-1.6528285577349	0.101025801771787	0.178230056094609	-5.42350487371584
9212	-0.361611060632772	8.4717019730549	-2.49878009312211	0.0138388962817182	0.0358687081540399	-3.74036195371169
92140	0.349952578957101	8.59173886956276	5.07629316887201	1.45304333495168e-06	1.76761972705463e-05	4.8160872829313
9215	0.203166917918673	6.34785559693394	1.30760615914818	0.193550525103513	0.298437061294572	-5.9226338602603
92162	0.799880510920417	7.71036928330311	7.6038034351458	7.63867563448559e-12	6.71228305753734e-10	16.5793192856296
9217	-0.161495025750535	5.79022234135999	-2.28915215929894	0.0238499601297176	0.0558550242901808	-4.21639987803985
92170	-0.216416276256917	6.38279252964136	-2.02841451464748	0.0447708372541894	0.0923824920608554	-4.75503423309086
9218	-0.0176889564508343	6.81249764842756	-0.188176724052197	0.851061557383911	0.897246785054272	-6.74980186836447
92181	0.113544069968721	7.68116001634893	1.52637915927654	0.129593177870373	0.218012148515128	-5.61932522010342
9219	0.0368792368770819	9.47021206129058	0.725420417800437	0.469631296753845	0.585457205218379	-6.50610775134001
9221	-0.495365129320773	8.00408150407924	-4.03821577940255	9.61943878185134e-05	0.000585099884669308	0.827677424005667
92255	0.136827144057441	8.60966856638243	2.57821537050192	0.011161837101712	0.0301493703270572	-3.55018170267518
92305	0.186449651164093	5.73363993075438	2.33588328576737	0.0211863474648365	0.0507538370242314	-4.11355863662717
9231	0.0422956094515936	9.20278533387069	0.415884017147655	0.678250738017381	0.767638027328542	-6.68140536991084
9232	-0.223635239041914	10.5729844493275	-1.80468718861496	0.0736756870852542	0.138687596928943	-5.16874215073964
92335	0.0509186012540584	9.55501823752403	0.702250822438539	0.483906601192568	0.599800198957174	-6.52249907360464
92342	-0.000104109016332708	6.98111581135643	-0.001167261317767	0.999070632776364	0.999070632776364	-6.76742218975328
9235	0.292337953159042	5.73280940658768	1.7639628637182	0.0803278664694798	0.148303124058539	-5.23914642074669
92359	-0.339208654107554	8.96654133773792	-3.84990155139006	0.000192475998326359	0.00103036406103417	0.175687719296781
9236	0.198271640457679	8.05938003762686	1.86488315731184	0.0646837450384139	0.12465882734888	-5.06189598518494
92370	0.576948038968443	7.77411291223807	5.85080552872403	4.4786499355896e-08	9.3182993622091e-07	8.16380662463317
9238	-0.268875761763526	8.63639115155759	-2.54439682548914	0.0122387729990133	0.0325369375512874	-3.63179939819298
92399	-0.163615440535636	8.47461069901157	-3.24817335580713	0.00151310664702781	0.00577553646231501	-1.74105575014157
9240	0.352297788341201	6.67688669827258	4.48740998269505	1.68698342698157e-05	0.00013823891971099	2.47538883037609
92400	-0.147827211231271	9.3471031680927	-2.11752993178853	0.0363155942556192	0.0780076793462755	-4.5777033117142
92421	-0.217987865641296	8.77223806223333	-2.32630994536341	0.0217095941405634	0.0517820524403852	-4.13478099106221
9244	-0.213206824319489	5.58598312265375	-2.7970143839861	0.00602489872956811	0.0181427865498478	-2.99911537611665
9246	0.419343089909171	9.59493790813349	3.4073526536363	0.000897952140511724	0.00371225459490833	-1.25965736607973
9249	-0.0353276920274092	9.49477592830237	-0.431712671350495	0.666738544606234	0.758607800078873	-6.67473840383733
9252	-0.2819180575026	10.6094461055751	-3.14744813653871	0.00208600482012563	0.00758046626231312	-2.03575084328206
92579	0.0812165329770119	8.71769478727329	1.03345155033212	0.303507415339897	0.422546983095828	-6.23829549301478
9260	0.0339079212436965	7.82874847826291	0.320837866178831	0.74890114781734	0.821491181466199	-6.71621412995106
9261	-0.116340100683817	7.75425010479758	-1.61061010419579	0.109938321996609	0.19101610006142	-5.49054227428456
92610	0.25901124307118	6.85803570368331	3.47072332519412	0.000726003029650749	0.00310232024051484	-1.0627583779062
9262	0.352047538979804	7.13452813453806	4.06735117223493	8.62368382575358e-05	0.000536786951022793	0.930657080322196
9263	0.0778167085656696	5.7842340652834	0.924922418389015	0.356895144843996	0.478641645788506	-6.34320944795834
9265	0.399367542401485	8.95999254311209	4.37030317938717	2.68619274506528e-05	0.00020318637430622	2.03371683718943
9266	0.0485950264666205	7.964962815856	0.705177930174553	0.482090086887634	0.598159905251909	-6.52045740033039
92667	0.298425745240243	9.07945768014616	4.7712448024517	5.29372110707073e-06	5.24923605575081e-05	3.57942909408552
9267	0.418026409514324	9.5210408955432	5.09373480935522	1.34760424338264e-06	1.66634895963182e-05	4.88828760698195
92675	0.0320542721224462	7.46370778251977	0.367196269370314	0.714130756442915	0.793798956831985	-6.70035570927768
92689	-0.223940352171999	6.43012046832929	-2.01559801086086	0.0461155575756817	0.0946841922881261	-4.7799542935098
9270	0.359719573570623	9.92245791189067	5.05886655916849	1.5663973087195e-06	1.88058746657312e-05	4.74410649854471
92703	-0.0850883026765103	10.8178132239481	-1.31923033906875	0.189647963690326	0.293735642243032	-5.90765873631725
9274	0.0957930971384504	8.7170976471907	1.62339006951667	0.107176332185331	0.187067721119288	-5.47042426158343
9275	0.149335295042969	6.91816525262734	1.46181358702271	0.146452078291896	0.239971070559624	-5.71354010189857
9276	-0.172410816913963	10.928260028168	-4.77484295988706	5.21505994284756e-06	5.20246317970059e-05	3.59372040979393
9277	-0.102528741908093	8.40320620963169	-1.52376062640779	0.130245862104501	0.218798214558303	-5.62322238737789
9278	0.0936277039573184	9.34585326075404	1.26854586929849	0.207101572480137	0.314922494235259	-5.97201069800172
92799	0.0833387811079028	6.46674406205388	1.14504767925092	0.254508050441226	0.368619410248032	-6.11852343191494
928	-0.250082295323008	7.71329574675973	-1.57085009397337	0.118896861158934	0.203684863631713	-5.55215846290386
92822	0.000730524213354292	5.20666530249496	0.0122760055433719	0.990226155317296	0.993232306365618	-6.7673478648626
92840	-0.592100394461599	8.08334875215064	-3.72437280153285	0.000301831087229032	0.00149242639828432	-0.245528623384223
92856	-0.336359192387567	10.1699032509457	-2.97262044268625	0.0035804276304818	0.0118250028899559	-2.52855611831275
9289	0.385962363930902	11.6811620110249	4.72591359520151	6.38878923019858e-06	6.17209345513921e-05	3.40000241048987
929	1.34918933349448	12.241471198206	4.49461530362102	1.63896872529469e-05	0.000135243573136205	2.50283356298823
92906	0.118788178684616	8.91904264907985	1.55051659670196	0.123697271315485	0.210581092552742	-5.58309885545119
92912	-0.175193720869963	11.1076589029441	-2.39855639667494	0.0180275673607193	0.0445831456286053	-3.9726682983551
92922	0.687744144838161	7.47344795143925	5.95574017165298	2.74104508572373e-08	6.38152596345307e-07	8.63793362936942
9295	0.184360732171579	9.7321601620797	1.14523656446137	0.25443013358892	0.368571186153013	-6.1183105265594
9296	0.119602970069759	11.9065470360462	1.23630578545733	0.218801733716674	0.327944532843354	-6.01166846998879
92999	0.19240472012118	5.16729002253058	2.73673526056822	0.00716584921447997	0.0208905799037144	-3.15487880928333
93	-0.157520825237065	5.00563527081438	-2.23730720191349	0.0271452090825825	0.0620075849065628	-4.32827068468306
93058	-0.00465059305348104	6.93121621767411	-0.0670801620353525	0.946631487356904	0.963427314633813	-6.76518340127309
9306	0.0464617786083425	6.271484883274	0.657685743903996	0.512021857243851	0.626107542214621	-6.55254286279356
9308	0.179019327185314	6.59628971135715	1.19201863917989	0.235647269771418	0.347083888786004	-6.06452289817579
93081	-0.100014334553077	10.7091588568571	-1.01493725925522	0.312213624024066	0.43182929243784	-6.25700178345878
93100	0.127477186702347	9.28151838306665	0.666284291003943	0.50653080676073	0.621593294286678	-6.54689822513878
93109	-0.291812799612843	7.5338487982801	-2.1004067474851	0.0378240562008884	0.0807004418004558	-4.61232574083542
93129	0.510143017398041	5.20444134473949	5.25923348245141	6.54575877424687e-07	8.93685412814531e-06	5.58107962180525
93134	0.0361830670284301	6.21764679881053	0.446302362760755	0.656197306054437	0.749265931436225	-6.6683734652689
9314	0.802403448751956	9.08683117221368	4.33759478386279	3.0546115953404e-05	0.000225680606238924	1.91184856477565
9315	0.908188636713985	10.4948234132046	4.242216667034	4.42775098498431e-05	0.000304897115566273	1.56026739104234
9318	-0.0266824276663035	9.55718031233959	-0.234235446713002	0.815208390917369	0.871327809132695	-6.74012255110097
93183	0.359095151612082	8.94944578495894	3.82022285702538	0.000214272976503935	0.00112804001652167	0.0751188522180621
93185	-0.257927023075731	6.76756926825383	-2.36607338497828	0.0196084059333909	0.0477915116582499	-4.04611356521412
9320	-0.0062366487113126	10.5467056377775	-0.12898435274447	0.897589765643607	0.933529522061973	-6.75914329750365
9321	-0.271518433534966	9.95110862250318	-4.41800780160879	2.2245808441171e-05	0.000174667659433529	2.21263394105687
93210	0.0706986647961076	10.1985690900042	0.663257859720209	0.508459909537923	0.622850193205286	-6.54889326733888
9322	0.601838830155024	7.52070343310637	5.26420094960514	6.40412740656876e-07	8.78705853459434e-06	5.60208582601897
9324	-0.332675335349251	8.39743146238123	-1.63873733650866	0.103933374593451	0.18254086203315	-5.4460640792806
9325	-0.00479491518921421	8.99351530621022	-0.0922879932371623	0.926625827637919	0.951049909016702	-6.76318410331201
9326	0.0174102749278648	11.1804128729437	0.315375715026772	0.753033831833805	0.824469812765597	-6.71794217096336
9328	-0.171796191016868	8.15671531792665	-2.40779637822582	0.0175990428045059	0.0436711830000385	-3.95161061894959
9329	0.0869581163279711	6.06513030985077	1.21686256119575	0.226086319928366	0.336481622091586	-6.03510440745252
9330	-0.0255267447110384	9.64086764367657	-0.504630587160388	0.614760004327556	0.715501991791688	-6.64082181076886
9332	1.91699593801918	9.09746994000702	4.53688229046874	1.38278781901648e-05	0.000117508512192141	2.66444817285961
93323	-0.286832967711618	7.61821276878601	-2.65477605229037	0.00903227003949609	0.0253850120878658	-3.36186864523244
9334	-0.0188734287945728	10.5977333099782	-0.27240649041827	0.785785892089634	0.849819019478139	-6.73050290153279
93343	-0.0670683495898968	9.15977247485313	-0.674153443552046	0.501533162479402	0.616651372741866	-6.54166864661875
93349	0.0782498472108789	5.72996146220592	1.14726472124191	0.253594559674869	0.367812302531066	-6.11602228967768
9337	0.0909066724455446	9.47089955567357	1.69923960079811	0.0919106478121115	0.165219140571935	-5.34790194287079
9338	0.142074892639831	7.9149736709932	2.41012166151757	0.0174926369745759	0.043468466128158	-3.94629981717822
93380	-0.00851649395005615	10.6450559698313	-0.199699092273415	0.842059878636749	0.89160551179843	-6.74757825738715
9341	0.271270086703715	10.8685676915014	3.68912686810328	0.000341846466792286	0.00165901986821638	-0.361827330712997
9342	-0.143942835114685	7.9711028991571	-1.87281740615964	0.0635699753750299	0.123173351301372	-5.04756644658396
9343	-0.00914456087281337	9.47734643595576	-0.154802580075661	0.87724160399321	0.918146939810431	-6.75549737139282
9344	0.134965325793683	7.85052299861495	1.63545980702359	0.104619220700574	0.183529161685664	-5.45128477314818
93487	0.0115526570511576	10.2691747801109	0.271975607748606	0.786116382643385	0.849819019478139	-6.73061956941827
9349	0.0745882311795388	13.456654103473	1.10511134695078	0.271361009867278	0.387658585524683	-6.1627667092217
9352	0.177692758402921	10.164129552165	1.68920670011286	0.0938222353930691	0.167888142189504	-5.36441433562527
9354	0.0180076330496839	9.59293890427529	0.27198764671213	0.786107148128913	0.849819019478139	-6.73061631219482
9355	0.215718380060405	7.15385982804834	0.95855810687054	0.339742588561832	0.461254730690455	-6.31191777386369
9360	-0.242423916228107	9.10925411936683	-4.15754474529758	6.12860711725655e-05	0.000403686561312114	1.25295164426127
9361	-0.513151941355384	8.89538665810703	-4.44176223408899	2.02423826771466e-05	0.000161237477570009	2.3022410700266
93621	0.0810425513356041	11.7085809294831	1.41777522783846	0.158893417985495	0.256089684401988	-5.77554947203988
93627	-0.193821448513306	8.69374289387463	-4.20640712135041	5.08295711050707e-05	0.000342456979875925	1.42974094394213
9364	0.173970953533607	7.28373718382969	2.72912973440809	0.00732297775560772	0.0212760451147801	-3.17432010044922
93643	-0.0546478694849272	9.7721700615822	-1.21659358729599	0.226188308345022	0.336512144619936	-6.03542607661652
93650	-0.307449356338924	5.88363193174722	-2.57320210123219	0.0113159036358942	0.0304758278553917	-3.56234146396401
93663	0.12290613884695	8.63026511401714	0.981898016071374	0.328160331577339	0.448849865677897	-6.28955790700288
9367	-0.00947221382035042	10.9098993817811	-0.195629136213127	0.845237148305089	0.893823946357705	-6.74837876703426
9368	-0.152079418152496	10.3406997951763	-2.04472527772051	0.0431080553695652	0.0894879460549405	-4.72310728743661
9369	0.536396313915777	5.70859869656739	3.47862572131781	0.00070687704772982	0.00304104396575433	-1.03799793424443
9371	-0.102781385675956	7.89918547439133	-1.98659876946104	0.0492858062179054	0.0998460885759161	-4.83579553213521
9374	-0.274877840612689	7.94901115913023	-2.9676142700986	0.00363507179560575	0.0119767423341458	-2.54231306032228
9375	-0.154084149536101	12.3210521230734	-2.42345697034123	0.0168933689147274	0.0422834929922	-3.91575327097369
9377	-0.0702078665128605	12.7108781507502	-1.19888053898348	0.232978023619073	0.343949682769177	-6.05645666932608
9380	0.145278619025899	8.55416683570615	1.71656990780034	0.0886834037428111	0.160711916392194	-5.31916020195203
9382	-0.203506027289167	7.43234824108288	-2.48377344252845	0.0144047938230622	0.0370780919222479	-3.77569064198939
9388	0.625290213941133	11.4149491030013	7.45500588382057	1.64864167405041e-11	1.33147183308355e-09	15.830874670296
9391	0.130229263174629	10.6881518002821	1.90813615372706	0.0588049797960841	0.115375091001343	-4.98308527843195
9392	0.135011806966534	6.96231996279502	1.47013982033925	0.144187013778588	0.237388324452366	-5.7016105500152
9397	-0.549025516167261	9.22888019948899	-4.0208993155037	0.000102623883867294	0.000617197642252232	0.766736320792301
93974	0.139769481576264	9.94178457450673	1.98441433428273	0.0495319394800753	0.100204217512962	-4.8399712928042
9399	0.365145107861375	6.43134021578338	3.99305544794461	0.000113831230546597	0.000670646194233162	0.669161818944997
94	1.02771089960583	9.92699926653631	6.89220046012891	2.88420442586489e-10	1.49624633102531e-08	13.0496094690868
94005	-0.394647230126928	8.4675673457577	-4.62789919507405	9.55755853740259e-06	8.53464146150761e-05	3.01603379739986
9403	0.103784909608626	12.0002017909208	1.88329339339892	0.0621240300117903	0.12076695138582	-5.02855871907372
9404	0.043836527736924	8.05454882000106	0.5015835359726	0.61689564750872	0.71697529819304	-6.64234443113667
94056	-0.0786813741796962	9.96229907610354	-0.628200217983935	0.531087559672323	0.64265796116223	-6.57134623779906
9406	0.104228318626452	11.2339015268958	2.08659694387011	0.0390796553712769	0.08287495593498	-4.64005879654064
94081	-0.336149401504736	8.2560200580245	-3.26605720848959	0.00142819826035257	0.00550229367094788	-1.68792205453288
9409	0.0384744092963235	8.52672048079714	0.590433963105846	0.5560295761185	0.6637959674431	-6.59417896616161
94097	-0.113344413099901	6.11675763876969	-1.13528663466154	0.258557470031081	0.373240947650599	-6.12947902606079
9410	0.0880726553451678	9.78337090127837	1.27038343834734	0.206448827358708	0.314103391781714	-5.96972042554112
94101	0.181072549916992	11.0182876550852	2.79288520969603	0.00609742214527482	0.0183077815048964	-3.00988007969479
94103	-0.280619219057055	6.0034662913528	-1.71468157218941	0.089030497186699	0.161234796483695	-5.3223054066317
94104	-0.129551120677168	9.56055476669084	-2.16840559418828	0.0321361947958068	0.0709745906452845	-4.47330173857629
94107	0.0279656721894367	9.48874033192241	0.504455615639261	0.614882550636232	0.715543796598377	-6.64090949302849
9412	0.484090674626149	7.59903579283257	2.84826421471403	0.00518799221657862	0.0160557571033868	-2.86435375920721
94134	0.310691857117652	8.30413928573198	4.33306439777383	3.10932569875997e-05	0.000228188877828086	1.89502076067354
9414	-0.247923370620808	9.11279034984111	-3.185319191549	0.00185032904225791	0.00682613572534628	-1.92586355672514
9415	0.153159410109303	5.45732154512306	2.0936101888263	0.0384375945086692	0.0817231739103236	-4.62599589377326
9416	-0.123318069360505	9.010026925334	-2.1489819108435	0.0336798266909771	0.0736161334923182	-4.51343115783793
9419	-0.243869857232215	9.61904981248111	-3.6640977335456	0.000373260627297082	0.00177191539165166	-0.443883628735726
942	1.14909987811444	7.58326644565116	4.28112048782459	3.80801813027983e-05	0.000269299912295474	1.70298827464062
9422	0.0089241184199769	7.14589213163586	0.0763647743039781	0.939258303095526	0.957929816467347	-6.7645205829607
94239	0.0252867937183796	6.78596596179359	0.335785729083274	0.737629143895986	0.812700644068406	-6.71133369849246
9424	0.491779256022068	7.62946576723404	4.57758481045073	1.17291264275555e-05	0.000101554071584495	2.82107785330369
94240	0.179001647316542	9.76273963281501	1.27816990981393	0.203699686059289	0.310549908979278	-5.95997990439184
9425	0.179575395130565	8.3517089328742	2.41311822947567	0.0173563554910281	0.0431817760108108	-3.93944900330555
94274	1.03761476508622	9.06154998740802	9.53897263541165	2.49338525426936e-16	8.58140091677706e-14	26.6459310753147
9429	0.214031934412568	6.5992859994993	1.77913825276431	0.0777934255939594	0.144528496492601	-5.21308903329614
9435	0.359514800382751	6.9272038278845	3.32948471026644	0.00116160381634642	0.00461957030477679	-1.49752559937229
9439	0.0786910364055572	8.61760672499448	1.17903841686513	0.240756303527507	0.353074227682454	-6.07965767499583
9440	0.158546648709896	5.69233772718331	2.04625486900233	0.0429548690196763	0.0892596775100696	-4.72010103455434
9441	-0.00617989632555486	6.51948708767794	-0.102677722069984	0.918393158254176	0.946773456089214	-6.76217603100485
9442	-0.136526021078413	8.34209855826283	-1.71363158824699	0.0892239728799735	0.161512050546371	-5.32405283214721
9443	0.012474987649821	8.6286959990561	0.264723833968289	0.7916843645053	0.853696194623209	-6.7325554187313
9444	-0.274090980507558	7.3892180578278	-3.02012286635337	0.00309832087293718	0.0104885780370742	-2.39703112887977
9445	0.0407597901183619	13.6346543060227	0.807877256753709	0.420787926504178	0.540125605738075	-6.44350054109861
9446	0.062732014723427	12.0909742245028	0.71905998046903	0.473526468767346	0.589232996688502	-6.51065995395382
9448	0.450978464416955	7.85269906837131	6.27814024420695	5.90890867630148e-09	1.77482129695455e-07	10.1218348169536
9450	1.44212788597925	6.79500757975339	6.18382877846384	9.29294312953134e-09	2.6377907302381e-07	9.68365090258525
9451	-0.273677566574888	8.46487015904677	-4.35397275828522	2.86443845378775e-05	0.000214002954433693	1.97278902555869
9452	1.12479544141932	7.99500431904693	5.34720359801745	4.43593985956659e-07	6.49660695745037e-06	5.9548705483868
9454	0.487871870409484	5.84691019028028	5.33981275222006	4.5839695980068e-07	6.65440929341584e-06	5.92332160078882
9456	-0.194923465378615	7.85689380923244	-2.2447224437	0.026650750574153	0.061029997156225	-4.31241401494682
946	-1.0826894550477	11.5524539519427	-5.19695332723091	8.60280562109479e-07	1.13151551640514e-05	5.31875081884618
9462	-0.191471939255328	6.78305905286049	-2.28561071912129	0.0240633221641716	0.0562430789688899	-4.22411618308987
9463	-0.211083807152968	8.36796769988682	-3.25077463360349	0.00150047033710147	0.00573260175044318	-1.73334234314668
9465	0.318510709750097	8.17622028566582	3.83809746652631	0.000200879794555997	0.00106980470859609	0.135616313162778
9466	0.266742213662559	6.05590913265589	2.84676337207366	0.0052109064638582	0.0160951340309979	-2.86833051080842
947	1.14080081779471	10.1034924302623	10.4331044659774	1.88863638931918e-18	1.3000113813147e-15	31.4074244341546
9470	-0.0866290741681374	10.7930286957074	-1.41202235002167	0.160576801037512	0.258248515687275	-5.78351470770101
9474	0.290613206056131	8.32693737710344	4.43389572865886	2.08857521432816e-05	0.000165386584059373	2.27252903091867
9475	0.00135858407055921	13.7928024627088	0.0380684825215153	0.969697452046222	0.98037955372115	-6.76670160561355
9477	-0.0268263247540234	10.5898490230698	-0.573124303482318	0.567651822007603	0.674842263929592	-6.60417390741732
948	1.82711991876997	10.3332173433594	3.76624178553162	0.000260065498919413	0.00132111993916012	-0.106247692799448
9482	0.266078424503155	8.98317290548304	3.00349555691957	0.00325980451856571	0.0109366309193147	-2.44327200809577
9488	-0.0148871117531544	8.02946114169942	-0.227412997692023	0.820496419722534	0.875206646471068	-6.74168936596752
9489	0.254046189895067	8.77332244271424	3.76268718313546	0.000263386280590701	0.0013347059372265	-0.118119781746819
949	-0.546263715179817	10.603911514683	-4.08339219711296	8.11836341598552e-05	0.000508397890947994	0.987591518614418
9493	-0.224521979928743	8.3963462662185	-2.29245137032625	0.0236526887936302	0.0554874210268065	-4.20920153519776
9497	-0.104709552711948	8.70297770939546	-0.963982214713032	0.337027512615986	0.458632752658404	-6.30676863603652
950	0.427118059664595	12.0070024802559	4.61551759775997	1.00527348389193e-05	8.9189677518231e-05	2.96792171023911
9500	0.0896600492363432	12.9269986118108	2.22358042291434	0.0280817191258496	0.0636889071882255	-4.35749679442091
9502	-0.187622575037947	12.5214763214511	-2.97685124972807	0.00353483792514575	0.0116978210183108	-2.51691435595459
9506	0.111474966338951	13.8060734559126	2.61797819129794	0.0100051659198757	0.0275937268372795	-3.45298997779842
9509	0.154956731054949	4.93438378715753	3.69074671897017	0.000339902178428998	0.00165152470224913	-0.35650154385109
9510	0.264977580208429	10.6348670415736	2.99701302891867	0.00332484005412947	0.011112628357667	-2.46124085668014
9512	0.00277285719926347	10.7858827260416	0.0826524655906914	0.93426801607118	0.95484456975352	-6.76402298730857
9513	0.0741216316076517	7.86633624394709	1.00461268341934	0.317140375676298	0.437179489834149	-6.26728913779505
9516	0.0632540002216517	11.3759550044283	0.489873352115642	0.625133641266794	0.723802057311987	-6.64811058654661
9517	0.272453385209997	5.45340717333403	3.32227463463103	0.00118937538359948	0.00470960722364893	-1.51932145431289
9518	-0.231604968330942	14.0480306435197	-5.83285577369129	4.86892238719796e-08	1.00292516005624e-06	8.08315994470603
9519	-0.301877924571346	10.7352607514295	-3.74863209765234	0.000276915301859063	0.00139300876574656	-0.164976665537568
9520	0.012742561025109	9.96651989494141	0.28077647688388	0.779373868506225	0.844833091057929	-6.72820001281844
9521	-0.212328318535425	10.3583919260874	-2.09397798651961	0.0384041747762177	0.081673142031812	-4.62525718100924
9522	0.117834763532417	10.1278708926906	2.88480984052258	0.00465771948342305	0.014695478584062	-2.76695806316122
9525	-0.0327504952870548	10.9409033133075	-0.87456936841617	0.383585978788238	0.505169034564867	-6.38799399306375
9526	-0.163514837280317	8.34719862604782	-1.51634751218591	0.132107637241463	0.22120597681218	-5.6342204668001
9527	-0.182960928111242	6.13679583021175	-2.3295010832427	0.0215339252163521	0.051481974612755	-4.12771563862855
9528	0.255767805189988	12.6906098469633	4.77634200905866	5.18262395977072e-06	5.17635718351948e-05	3.59967653066756
9529	0.106037159957196	9.95100305933459	2.36950974641415	0.0194355576262815	0.0474402204471292	-4.03838680733033
953	-0.413475568861787	10.8293226768256	-3.49594007801084	0.000666616432806438	0.00289345861007944	-0.983587584546636
9530	0.139874035698046	6.97984158065437	1.65423852346433	0.100738518112473	0.177875194443998	-5.42123745840127
9531	0.0222315108284346	10.1249611244332	0.28666636204699	0.774870852372893	0.840834634866014	-6.72653777376393
9532	0.601008178902502	8.34339950344428	5.32444487147287	4.90738076866946e-07	7.03732033840447e-06	5.85780597483745
9534	-0.182907833378208	6.9087125286402	-1.79116373121092	0.0758322107696095	0.141874079491953	-5.19229019525595
9535	1.12643754427771	8.72045152857775	6.69548887160971	7.68590620157276e-10	3.45030354483647e-08	12.0984164859568
9536	-0.0264551203447833	9.38157511482549	-0.22047046712439	0.825886018046143	0.878873809464203	-6.74323625979981
9538	-0.25892957187357	9.31062960630305	-3.75109444057983	0.00027449842302254	0.00138337826367674	-0.15677762574007
9540	0.304564732815557	7.05834473675652	2.67715800327074	0.00848319334792686	0.0240629042080618	-3.30589410286161
9541	-0.02112229260658	8.86481561169249	-0.369553577686407	0.712377941918989	0.792704001111525	-6.69949234266348
9543	-0.234873791474722	9.15473759744808	-2.3447052124233	0.0207140534300335	0.0499119257094739	-4.09393179510366
9547	0.161660029025141	10.6976542010826	1.24697354599339	0.21487823495526	0.323649566143408	-5.99865632548788
955	0.192605353193578	8.86762064944392	2.24187415328028	0.0268397388488646	0.0614136698721027	-4.3185104592709
9550	0.0183179260622101	12.5841185088864	0.357054429214467	0.721689218250354	0.800142379201444	-6.70400729427735
9551	0.067498315534063	11.6751415860692	1.03457801680406	0.302983027078871	0.422030321023857	-6.23714662860913
9552	0.102780323388063	8.74438100280498	1.37752237821418	0.170959641045417	0.271041580620949	-5.83062509487894
9553	-0.046381645219686	11.7844205539808	-0.88730521633281	0.376720717010555	0.498751902950342	-6.37690015878356
9555	0.0480831809186159	12.7865887673877	1.03252597062236	0.303938744457303	0.42295633130895	-6.23923855669681
9556	-0.120972811936878	10.001984341127	-2.17978688989398	0.0312605391134631	0.0694865589551144	-4.44963320364848
9559	0.100794534190824	11.7429391551746	1.89251104862823	0.0608746553939244	0.118758810003672	-5.01175163157162
9562	0.505852962636352	9.14704873354717	3.91195194000676	0.000153526939244423	0.000857425637700429	0.387890015709971
9564	0.0194622710653827	7.57636848637483	0.261553913769338	0.79412166310355	0.855647350387511	-6.73338521190847
95681	0.0869343332809317	8.61453696552742	1.25838724098973	0.210737527829142	0.319275858376507	-5.98461380226043
9569	0.18909859053863	5.37319542271039	2.27989786012968	0.024411039794272	0.056862715369624	-4.23654068905517
957	-0.185447920406533	5.69873625534897	-2.32961958991161	0.0215274257485433	0.0514813366192727	-4.12745308853964
9570	-0.197174946529693	8.61912227163975	-2.28316536986511	0.0242116242906357	0.0564937900114832	-4.22943788544932
9575	0.286061986727114	8.4780664203321	3.14519430052488	0.00210087444826653	0.00763064423171228	-2.04225572077345
9577	-0.12595412364955	8.58067476700353	-2.03493484271634	0.0440996688544895	0.0913627451061156	-4.74229980660109
9578	0.372005958990815	7.57692561118657	4.03638891291474	9.68540730631771e-05	0.000588537088551311	0.82123889215445
9580	-0.025024331060918	8.69730640003537	-0.36260238758713	0.717550996713488	0.796714220808188	-6.70202238521617
9581	0.273090113791323	8.27448039846449	3.12231946847445	0.00225746088041279	0.00809945688732867	-2.10805308596178
9583	-0.399429730403014	7.15634958706584	-4.64626388674335	8.86629976175549e-06	8.06559868194937e-05	3.08755797381575
9584	-0.278360529581559	8.29561396957962	-3.10526092155159	0.00238120792577479	0.00845968923307518	-2.15685615152211
9586	0.43702948397877	8.44732357756206	2.94399554718902	0.0039033882232283	0.0126837083886175	-2.60694824611197
9587	-0.0260494889367705	8.00579220509348	-0.326376085614223	0.74471835476284	0.817784314057572	-6.7144317829124
9588	-0.248056504711988	11.3415584732834	-3.6817110625588	0.000350882882160029	0.00169217001947643	-0.386185609733777
9589	0.109030441227501	10.7084789701821	1.9074230878424	0.058898126062959	0.115530401633826	-4.98439831616709
9590	0.228606535883411	8.45841237878894	1.54049253829964	0.126119524939112	0.213604116464438	-5.59820958779786
9592	-0.0747389733179138	7.69551156893157	-0.971781764619731	0.333148226565183	0.454468100979094	-6.29931436047174
9595	0.00140213639557638	6.60048855943418	0.0111374075686819	0.991132638454314	0.994020834583856	-6.76736113267731
960	0.968537316101984	9.48240072477865	6.09777619477077	1.40077759025014e-08	3.66152623274245e-07	9.28675159024515
9600	-0.113247945394804	8.90144722566697	-1.8380097444028	0.0685779187489738	0.130639669941541	-5.11000428794691
9601	-0.498735065059997	8.30349550990022	-4.9165823407765	2.8761494294311e-06	3.1383083602511e-05	4.16237322607639
9603	0.238019068064942	11.8450550448738	2.85557677522015	0.00507766055343671	0.0158150362637207	-2.8449517557872
9604	0.185211994886029	10.4699617506568	2.71235565026271	0.00768064801358616	0.0221052796488577	-3.21702980122475
9605	-0.0477390699628662	7.50763100833941	-0.627029477851895	0.531852035700815	0.643176154844464	-6.57207516037056
961	0.325036363542195	9.26969427570529	3.08885169205202	0.00250615234760158	0.00882387825711384	-2.2035878773148
9611	-0.0254404230923553	6.29876831969242	-0.226032787227742	0.821567224646848	0.875518678310278	-6.74200071228415
9612	-0.153387731413583	10.0457529273376	-1.5954939355516	0.113278424741318	0.195667040644769	-5.51414154833834
9615	0.00931901709002416	5.16854344428534	0.0882713039149034	0.929810776919676	0.952410344414252	-6.76354503287221
9616	0.00441805623120182	12.1706361986525	0.0902723121891886	0.928223973936194	0.951611024539278	-6.76336723430688
9617	-0.285207728228287	6.57620150435296	-2.61465235217274	0.0100975961187582	0.0277927837190746	-3.46116999174876
9618	-0.0282700540907	6.42232628290861	-0.27720357231195	0.782109144193373	0.846908957923081	-6.72919156270464
9619	-0.252818651368827	7.87636228841657	-1.86546419850313	0.0646016316801561	0.124612352219617	-5.06084854821781
9623	-0.399927681390259	8.81195537581273	-2.04809097514836	0.0427716012967253	0.0890356418122355	-4.71648959606753
963	1.01079598284303	6.89928226893892	5.53406090840127	1.91872215815904e-07	3.22782994427569e-06	6.76110304045537
9631	-0.354748627116154	9.16262965890077	-4.04428961276022	9.40318634426371e-05	0.000574909838664828	0.849099563996831
9632	-0.20218340546709	10.7287094130587	-3.51127035538919	0.000632781049461954	0.00276695154502686	-0.935229736248964
9636	-0.534469348872466	8.89547999928396	-2.22560320134038	0.0279419670602464	0.0634294269683514	-4.35320040865585
9637	0.167316568316217	11.6501990721181	2.54621924227257	0.0121784434678319	0.0323974051672436	-3.62742572900086
9638	0.884329235162118	8.78651954527664	5.56340462460492	1.67975746059456e-07	2.89661724937601e-06	6.88918519291792
9639	0.446068445110385	7.86399071299865	5.04883766705321	1.63548680584393e-06	1.949368112016e-05	4.70275362386657
9643	-0.104466567430696	11.7729926496234	-0.832341104177764	0.406898895488529	0.526873895810773	-6.42364468875179
9644	0.103143569866672	10.2268638480046	1.05806128597811	0.29219009094663	0.411041609893309	-6.21291673252832
96459	0.00324710612592129	9.22466041367774	0.0419133919707304	0.966638624559802	0.977885491593872	-6.7665485545014
9646	-0.204608421381606	8.37722870107277	-2.81334988758286	0.00574563833297213	0.0174666083779776	-2.95639278106699
9647	0.418910891634875	9.98209790435346	5.23063666846851	7.42253524689092e-07	9.96912864053968e-06	5.46038802911938
9648	-0.247708614279873	6.90787139402971	-1.98546831530649	0.0494130511269789	0.100037206448246	-4.83795704134722
9649	0.155109335422464	7.67193165798364	1.39082777284961	0.166896585460714	0.266029678870224	-5.8125898347027
965	0.4198353140918	7.39009710196814	3.9647796733296	0.000126403627492309	0.000730712812851327	0.570600390097527
9650	-0.271376001264744	8.73097674314494	-3.85489470381136	0.000189022820469329	0.00101450844514403	0.19266665336922
9652	0.0816229148903544	9.8858039788953	1.78222281575391	0.0772864226851983	0.143822869773894	-5.20776673201895
9653	0.400198331260264	7.52933142198533	3.96449381232505	0.000126537255754155	0.000730712812851327	0.569606678604424
9655	0.306704026190075	6.87249685989814	5.15528169910422	1.03181674778914e-06	1.31322131536799e-05	5.1443115088261
9656	-0.222328881662851	9.57385815154018	-3.25259222347706	0.00149169947958	0.00570436930617167	-1.72794970391483
966	0.591257206081195	9.2195000011396	4.41708356728045	2.23274990281229e-05	0.000174687213665669	2.20915442372969
9662	0.0998284417283276	8.44414917838656	1.85011648178625	0.0668000409302948	0.127931448663166	-5.08841250911227
9663	-0.00738763164433431	8.90208673921354	-0.0914944074954465	0.927254992022395	0.951181019463545	-6.7632566856663
9665	0.193706456511692	9.94517600626271	3.05217789806995	0.00280766182243049	0.00965429285661831	-2.30727060698822
9667	-0.110180434746553	9.35452681727625	-2.19881745744153	0.0298426487204808	0.0668384702904478	-4.40980230453512
9669	-0.239214684273575	9.23739543911269	-3.85571264765631	0.000188462795996449	0.00101347831701215	0.195449647003471
9670	0.0769133368054756	7.97879592162528	0.951677160060997	0.343207274739698	0.464682948042308	-6.31840874141866
9673	-0.0475994046288686	9.04672365649915	-0.961927772521911	0.338054211732377	0.459566785534798	-6.30872229464839
9674	0.488205266937235	7.57368994821707	5.51300982110099	2.11034163095025e-07	3.5002855163954e-06	6.66945980645341
9675	0.11858710925923	6.7956190795111	1.80279793103635	0.0739738717395303	0.139027117307968	-5.1720419324789
96764	-0.114907872586802	6.65716991966089	-1.2305970622412	0.220922631217504	0.329866401637127	-6.01858703144033
9679	0.188912482087972	7.45893937826242	2.26534034266015	0.0253171016019495	0.0586425292294175	-4.26807224151797
968	-0.0194104372483808	11.5009129527077	-0.116885612886749	0.907149536911374	0.939050220499759	-6.76062361161934
9681	-0.0697451032426464	6.66065390616638	-0.954639064523829	0.341713106877949	0.463233179382489	-6.31562034671641
9682	-0.102042371163218	5.53753744629669	-1.32166696964606	0.188837414987856	0.292809657931236	-5.90450338087664
9683	0.136019765426101	7.57528753802718	2.0992910092483	0.0379241934684349	0.0808605673849439	-4.61457268160229
9684	0.0574628609308624	7.6875407383856	0.85854706638895	0.392332208634205	0.513413188104964	-6.40172570020867
9685	-0.0210348581004294	10.8673447720327	-0.386444433967816	0.699863954503287	0.784166612072321	-6.69314482232315
9686	0.105492048782393	9.42428906068942	1.48389851789002	0.140503828395566	0.232670734271728	-5.68175450478092
9688	-0.03087828695478	8.88861337654306	-0.349484998965335	0.727348566448211	0.804645450822394	-6.70666617573799
9689	-0.358544955139947	8.91836344345134	-2.90969280199174	0.00432562122941336	0.01380055286016	-2.70002848581596
9690	0.122557022316695	10.4070001832008	2.65084137187103	0.00913205255218775	0.0255777245034941	-3.37166580384374
9694	-0.124662270208399	8.03496185372289	-1.52736567475416	0.129347951323468	0.217732642741359	-5.61785532007816
9695	-0.492628546908961	9.59758840290144	-6.54213674390999	1.63691025831193e-09	6.17391722998017e-08	11.3653060545247
9696	0.0229289118827437	5.34866662915396	0.390260567041663	0.69704793027822	0.782391072713426	-6.69167155321985
9697	-0.0331500646214282	10.4333277581373	-0.515581969000659	0.607111671847215	0.708897711260673	-6.63527357944977
9698	0.0463274981746714	11.0333763073572	0.836072761460443	0.404804906190129	0.524772561673757	-6.42056446919131
9701	-0.0243408255045562	9.29098789830292	-0.287420316885193	0.774294978128395	0.840320131302134	-6.72632250535534
9702	0.0136850921568583	7.88042998915914	0.130042450019818	0.896754408982117	0.932778166250131	-6.75900691065244
9706	0.383774117927966	7.16208658604592	3.91199970770968	0.000153500076332453	0.000857425637700429	0.388054378059674
9716	-0.113072696486516	8.2946249584201	-2.03346369286453	0.0442503451851098	0.0915600829731982	-4.74517633855204
9728	-0.392790266495898	11.3010931141865	-4.88251473908425	3.32155615883847e-06	3.54929545562817e-05	4.02469198838877
9730	-0.225869711549854	6.17481695855408	-3.12105661092122	0.00226641337323155	0.00811820228226045	-2.11167376397072
9731	-0.293588473609294	6.35739709239231	-2.55494782198306	0.0118931757840209	0.0317510122740829	-3.60643894825704
9733	-0.015075886061057	6.23188817624851	-0.207377647730873	0.836072631117472	0.8866298540288	-6.74602312986477
9735	-0.435900847791279	8.619284564812	-4.60713575982967	1.04019378155244e-05	9.17948785857172e-05	2.93540221938812
9736	-0.281763560896309	8.17724240251269	-4.14600188870139	6.40418646073949e-05	0.000419072902252122	1.21141146845261
9738	-0.175037119380625	9.51569874889987	-1.48469970857837	0.140291629429473	0.232459149265285	-5.68059276780909
9741	0.22465307576839	10.2764437520816	2.22934583051076	0.0276849924389996	0.062962014742879	-4.34524159781757
9743	-0.0108981985882413	8.5847465843689	-0.187183880714718	0.851838139855996	0.897815877913809	-6.74998729102223
9748	0.0587115063570535	9.68143820199447	0.797566884150402	0.426724953832567	0.545795620727315	-6.45169342512033
9749	0.467668961420468	10.9175326205846	4.66956589735709	8.05857010519714e-06	7.46689235444033e-05	3.17859064999035
975	0.430939935546716	13.1266162160982	6.51094343264219	1.90728943756922e-09	6.87956801498765e-08	11.2171290175709
9750	-0.411063254375235	10.9806154659495	-3.05245942342181	0.00280522466523186	0.00965429285661831	-2.30647870170585
9754	0.672162466295397	6.47106307020129	4.0251155309248	0.000101021622104513	0.000609969735806491	0.781556069898888
9757	-0.198801578264241	7.99343153565082	-3.33071161490841	0.00115693891347346	0.00460856462253185	-1.49381281635429
9759	0.105944589877137	6.72761857443554	1.04067504545929	0.300155353751833	0.418925138073618	-6.23090704853889
976	-0.109559267359452	10.4192110631126	-0.611310844375716	0.542170463489303	0.652364315213859	-6.58173103044505
9761	-0.285017465008003	10.5993909838862	-3.89853484036544	0.000161252286769989	0.000893322527645949	0.341784535245661
9764	0.0934882030129086	6.12174131617587	1.00569649497691	0.316620782438016	0.436681860567376	-6.2662140893106
9765	0.058064611409271	8.33365457874343	0.530446827466561	0.596799656284836	0.700321801521913	-6.62755300421866
9766	0.184607864404193	8.05500144561233	2.11660285615058	0.036395914786647	0.0780857808149882	-4.57958448917544
9767	0.0699328272544534	10.3962333034734	1.08346136538562	0.280814026973922	0.397926366094597	-6.18610869448151
9768	-0.0903005568636095	13.7684639153634	-2.88588053620982	0.00464296121335805	0.0146601145345327	-2.76408837815544
977	0.101486762197213	12.5138985940714	1.60399015574447	0.111391252415177	0.19313428735293	-5.50090350266963
9770	0.248415714815344	7.143105929178	4.38201064534895	2.56503149304827e-05	0.000196309571760967	2.07749731857245
9772	-0.0473627163800286	7.36164957048783	-0.62771395374619	0.531405014489782	0.64285375215079	-6.57164915810202
9774	0.0691291085148576	11.2941487881547	1.82673075770737	0.0702695107129106	0.133369981270368	-5.12999944484061
9775	-0.0600655347553438	11.8124176242088	-1.0561334815392	0.293066132210002	0.411688138104527	-6.21492593308171
9777	0.129372044509938	10.1578654086193	2.47781486224775	0.0146351636289613	0.0375773862527885	-3.78966527227843
9778	0.0311745217538909	7.17799385324399	0.399829462703602	0.690005429984607	0.776173886922627	-6.68791386049887
9779	-0.0709421845537424	5.37326430851863	-0.973132448082308	0.33247940962133	0.453705587885707	-6.29801746574224
978	0.299371904352426	5.7399302094213	1.79487860771498	0.0752346828815141	0.140947716171764	-5.18583826968427
9780	0.225732586459651	9.16628625903554	2.66727352856738	0.00872184218393732	0.0246636139812812	-3.33066523403367
9781	0.1219294098871	8.4301069755672	1.77341904035834	0.078740737795055	0.145927416241228	-5.22293422113419
9782	0.0535845246489208	12.5891486703227	1.14310420229163	0.255310728664772	0.369528637125681	-6.1207120626528
9784	0.177720544482233	10.3807397561918	3.49047190667814	0.000679092094962002	0.00293988506519189	-1.00079495462764
9785	0.0346086782969052	7.24482444315184	0.425477280608071	0.671264256742347	0.762045459138508	-6.6773943588494
9786	-0.199336798921726	7.08153346123756	-2.22556977144593	0.027944271760028	0.0634294269683514	-4.35327144297946
9787	-0.258285372106355	8.90759634669875	-1.70820913838425	0.0902286087996414	0.162833364362036	-5.33306089072445
9788	0.583178901533209	10.2464431891419	5.86482412026879	4.1953634782483e-08	8.88556470008487e-07	8.22688439983884
9789	-0.136639145360822	12.0494048913584	-2.28523079807968	0.0240863106173304	0.0562763224769371	-4.2249433296299
9790	-0.276038955131647	10.1029501422001	-4.56849044307639	1.21695204099863e-05	0.0001052567943314	2.78599691023621
9791	0.100289784950727	10.2302825992704	1.36934862325525	0.173492595086977	0.274057914595225	-5.84162128811616
9792	0.00333759343286104	10.8524278997237	0.0439260736020565	0.965037625892119	0.976624698587222	-6.76646257003757
9793	-0.0580334135567305	10.6445761813118	-1.28947351033807	0.199756928361948	0.305912381819142	-5.94573664581797
9794	-0.0736343309708511	6.36598509428445	-1.11348875994653	0.267763101164315	0.383513649318058	-6.15361322545979
9798	0.287764414263676	10.271749540637	4.21157338706543	4.98299209497969e-05	0.000336820905929069	1.44852195258861
98	0.693349069691109	6.60919847549861	4.39047476217468	2.48073253916455e-05	0.000190790044445988	2.10920138479196
9801	-0.151513660642328	10.5128495765196	-1.73068619920413	0.0861235500201789	0.157029968472169	-5.29554394974156
9802	0.195249691025443	11.7052491429971	2.10303696667976	0.0375888956078762	0.0802492317707566	-4.6070244682871
9804	-0.182005663644354	11.6610578925626	-3.45038053740183	0.000777501960347965	0.00328331604932218	-1.12628753357309
9805	0.259729263879815	7.91058298164632	2.74823390791553	0.00693410356884379	0.0203177351822099	-3.12539563640406
9806	0.212024747031426	5.71829595322992	2.73665248130044	0.00716754279020904	0.0208905799037144	-3.15509066615255
9807	0.0737977692346169	9.50956212977627	1.25926913356945	0.210420040826847	0.318853336494176	-5.98352360767465
9810	0.0299343048772889	8.53363638456831	0.469604586716981	0.639504738385328	0.735595201094946	-6.65777040362486
9811	0.242263252692061	6.64577537995235	2.48976487933251	0.0141764248614223	0.0365814649657444	-3.7616085245107
9812	0.164532710234315	8.7834224971247	2.46385444685645	0.0151878270621103	0.0387794286037191	-3.82228825746664
9813	0.167214627031614	10.1259459402525	2.56270473172501	0.0116447154074178	0.0311986212342755	-3.58773457062221
9815	0.0729581688190035	6.33179343430835	0.790140452889397	0.431031798092234	0.550196670103826	-6.4575301665425
9816	-0.191926030099864	7.92418836607999	-2.17175093927195	0.0318766272820965	0.0705522350884558	-4.4663566151311
9817	0.0443602945923863	7.91908711074341	0.592096478657873	0.554919529927569	0.663045756864129	-6.59320343643204
9819	0.104254410526545	10.4204294163632	1.47767098257717	0.142161752269363	0.234898194387865	-5.69076392326352
9820	0.0595309016363013	6.5273860595604	0.657556581658437	0.512104579641601	0.62610773058609	-6.55262709839381
9821	0.112471083817418	9.53879073786768	2.17482452895716	0.0316397519099132	0.0701783970934165	-4.45996697000258
9823	0.310796626158585	8.66300664985436	3.05589089275103	0.00277567537969433	0.00956091686250006	-2.2968212915386
9825	0.0569686249249805	6.19645833247457	0.833223717441855	0.40640303420013	0.52648824694057	-6.42291738313391
9828	0.153842779514039	6.9066524681706	1.60522235919816	0.111119654979407	0.192825283640736	-5.49897800854808
983	-0.158585805628638	10.2596435678121	-1.26749865202782	0.207474245072226	0.315373070352702	-5.97331446510674
9833	-0.352994054313549	9.65408911700285	-3.03748113341901	0.0029376444627596	0.0100144214867496	-2.34852483577028
9836	-0.0743139443060914	8.36890658951986	-1.16159204567432	0.247746991251146	0.361553029635064	-6.09974499023085
9839	0.896414275797874	8.162289541998	6.73298656889056	6.38167586878091e-10	2.94484037296817e-08	12.2788207666926
9841	-0.0811679839411054	8.24198698902712	-1.43612054539331	0.153615574961669	0.249399950631801	-5.74994029879538
9844	0.348161562001817	9.40193000460195	3.92988521240098	0.00014375070805826	0.000811052492186631	0.449704085984111
9846	-0.544893945904598	10.9024818273824	-6.3561389507043	4.05373465150228e-09	1.30287347165015e-07	10.4866795221785
9847	0.0510514724245297	9.56831296891461	0.894127347334058	0.373075017656664	0.494797630996154	-6.37089251526044
9849	-0.259189140212792	9.16869241260029	-3.40680943365917	0.000899579188494069	0.0037171206087849	-1.26133239668948
9851	0.104664038609315	6.36270683416323	1.71353248619495	0.0892422516578252	0.161512050546371	-5.32421770921121
9852	0.278055330069476	8.8808356517226	4.43707027957789	2.06237805500203e-05	0.000163643061808999	2.28451491271808
9853	-0.0327014391355937	6.22960996895772	-0.320538687821511	0.749127319556115	0.821533677580126	-6.71630954668128
9855	0.0645796250942174	5.93123680551065	0.930684472420475	0.353918193992392	0.475575773934791	-6.33792708607854
9857	-0.0863641536389801	8.92342648373961	-1.02268056073798	0.308552317315694	0.42841521953734	-6.24921858615868
9860	-0.0994213491293071	8.01553264677433	-1.56247532711329	0.120855788485247	0.206595366905658	-5.56494871537259
9861	0.169364665290596	12.3006195262191	4.26210584169722	4.09971173811268e-05	0.000286010295243334	1.6331132864255
9862	-0.0819850712237343	8.27504236689644	-1.05487178005401	0.293640445769107	0.412214493890691	-6.21623896022495
9867	0.032271325874164	11.5560093712146	0.477967112916283	0.63355845579473	0.730802582790305	-6.65383419925553
9868	0.00998765687973524	10.4044629433392	0.226624840226338	0.821107852417893	0.875254982703807	-6.74186738957123
9869	0.0828008674901755	8.55101373345435	1.48122195758403	0.141214540334549	0.233645783278312	-5.68563117415485
987	-0.30206081361247	7.78713244767478	-3.66706130529664	0.000369403187517718	0.00175865725008435	-0.434190848055028
9871	-0.203021607526584	10.3827607117757	-2.37596880507296	0.0191143135510497	0.0467389668240589	-4.0238358807855
9873	0.25411885095569	7.65191879836171	3.57682381129594	0.000505530337054868	0.00227681602185017	-0.726525823192676
9874	-0.00697703271481653	9.05236669185219	-0.0840830656099008	0.933132964535586	0.954234996429159	-6.76390427787588
9877	-0.128073703764601	6.56759868919872	-1.39312610353148	0.16620225249583	0.265181892903588	-5.80945749528347
9878	0.11799655466523	8.18017023287629	1.8350329626892	0.0690210424105766	0.131211463823099	-5.11529274903661
9879	0.00302128813242133	7.99785753625256	0.0440013725077943	0.964977731692877	0.976624698587222	-6.76645927492171
988	0.0407016953867717	9.28484099987231	0.644451858195131	0.520534102697173	0.632788391422204	-6.56108822126365
9882	0.00965573942954942	8.01355094825375	0.140119595428097	0.888804548380941	0.926375466198936	-6.75765216279081
9885	-0.0937347693892883	9.52196754224933	-1.32896046412046	0.186426687140461	0.289997068885162	-5.89502478381291
9886	0.0630675381410889	10.6639337496908	0.590445169526145	0.556022090023992	0.6637959674431	-6.59417239959355
9887	-0.0681350925951476	9.27843372768324	-1.26625028055676	0.207919145774918	0.315874957531878	-5.9748672971124
9889	-0.0719822311936193	7.56467600186008	-1.08405603479288	0.280551388689143	0.397692546863278	-6.18547359377287
989	0.55366872347962	9.87958375470427	3.66830276752391	0.00036779852029744	0.00175405067994045	-0.430128624875196
9891	-0.117523418026189	7.98046160997715	-1.11787178022905	0.265893981848327	0.381299355914441	-6.14879720505265
9896	0.348221562513425	7.92700284434158	3.63069801842789	0.000419454337670691	0.00194755077524447	-0.552691810687068
9897	0.1182461265254	9.97812263670098	1.92861647118124	0.0561820862810823	0.111259657799506	-4.9451762455774
9898	-0.0250665027687684	9.45061153213683	-0.330075072357592	0.741928891881529	0.815914345219203	-6.71322439109869
9904	0.195705869393435	5.4274678924392	2.74138096774253	0.00707138407009239	0.0206686597377789	-3.1429800312117
9905	-0.0450350667524546	10.870090449731	-0.817042781626388	0.415551599495882	0.534983823540522	-6.43613001915849
9908	-0.129834897895567	10.9344274987922	-3.08025649251422	0.00257399672218522	0.00900136025624468	-2.22798227053738
991	-0.529495713716075	10.3972369771129	-3.12424259068042	0.00224389073130582	0.00806901934722947	-2.10253701725199
9910	0.157969193641967	6.92232995096424	1.67514966372359	0.0965547365862846	0.171893148355494	-5.38739310411035
9912	1.34827775879063	7.00935696419838	8.23952294619494	2.71789383365049e-13	4.23581189923642e-11	19.8276029672465
9915	-0.154125393536284	6.7921607847985	-0.919250393365963	0.359841138394804	0.481576118460965	-6.34837770108031
9917	0.149736200871502	10.0140936632221	2.17255531186421	0.0318144876244067	0.0704713509728075	-4.46468522042005
9918	-0.158458443875806	9.0468869382044	-1.46907723053122	0.144474557149664	0.237721084074944	-5.70313662820263
9921	0.0977877998702794	7.35282270377463	1.2946871726579	0.197957514859994	0.303943087493194	-5.93912602762584
9922	0.097328675440194	7.54484672145082	0.913302522597233	0.362946967075749	0.485025392015158	-6.35376364260356
9924	-0.126696024431133	8.28827691648356	-2.16782035641696	0.032181791818814	0.0710562952214392	-4.4745157101459
9925	-0.0871241294508539	7.41398427549954	-1.77268413208439	0.0788631520065107	0.146096792394219	-5.22419713245108
9926	0.152951293246266	6.59679561305298	1.97273008981554	0.0508662719072253	0.102277362695638	-4.86223394104356
9927	0.00451847391748944	8.59552385478695	0.0774711448557085	0.938380040559911	0.957486982928596	-6.76443587951818
9929	-0.058558904679698	8.43255522630306	-0.967233149317136	0.335407024178608	0.457021118395793	-6.30366879971534
993	-0.223646419268391	7.58538996219548	-1.59140781200909	0.114195071261818	0.196920937081966	-5.52048421308271
9931	0.0149262195228778	8.23300154771977	0.23578045429499	0.81401204080279	0.870274327858018	-6.73976130601554
9933	-0.316971218844011	9.6796486641099	-3.60990424501215	0.000450890462650013	0.0020599309853369	-0.620032224138834
9935	1.26159186694844	8.26507750162944	4.20866494523889	5.03903465248384e-05	0.000340052501875135	1.437946763254
9937	-0.051861717749652	7.52396042125249	-0.774945520012659	0.439923004716632	0.559126637784179	-6.46930413405689
994	0.602809585624343	8.76999646835053	7.38816651304629	2.32545447213807e-11	1.80602231676377e-09	15.4963384809548
9943	-0.274048291438342	9.73674599410779	-5.59882734481553	1.42987882021162e-07	2.51829404156674e-06	7.04432169200143
9945	-0.592256069144724	7.16221355445591	-4.99240485633786	2.08316195061614e-06	2.39650664513778e-05	4.47104183393419
9946	0.148041893936492	9.41225784952212	3.33491233090944	0.00114109952009144	0.00455117432928791	-1.48109231824395
9948	0.129604920428291	11.6222001735661	2.3892606502256	0.0184679923731253	0.0455088356211262	-3.99377905594497
9949	0.0827096217675923	10.1496119621117	1.27167717598781	0.205990171564326	0.313521064514711	-5.96810602850636
995	-0.199400413602813	6.70275988263146	-1.80581205003616	0.0734986215730864	0.138385824981467	-5.16677591302115
9950	-0.0623800518221597	10.8161375420235	-1.02822243225098	0.305949649136452	0.425301935689514	-6.24361249030377
9958	-0.00723541021897644	7.82948125083075	-0.123493382746579	0.901926654223497	0.936271731040101	-6.75983318370048
9960	-0.341381744037886	10.0323607091092	-6.21125954210341	8.14890973358786e-09	2.34529597210577e-07	9.81075790021614
9961	-0.27038314320163	9.49292558489519	-3.51002518947941	0.000635467706776561	0.00277669932191068	-0.939163872017141
9962	0.464278660248333	7.94832278947915	3.88465837329567	0.000169631076949811	0.0009333567861113	0.294228600783444
9966	0.000983822454285317	8.60293188484778	0.00676539557415538	0.994613468402227	0.99630211605656	-6.76740008800299
9967	-0.186678333479836	8.02760240698659	-2.31804909762923	0.0221702256235205	0.0526224320834136	-4.15302995890216
9968	0.190097971848411	7.18694064933858	1.4218227772171	0.157717170475298	0.254641092284199	-5.76992662618756
9969	-0.30296104721365	6.35501806061739	-4.00832768000773	0.000107546859775481	0.000642326147321381	0.722617447967036
997	0.153578208975127	8.47996227682644	2.56926402755993	0.011438265641279	0.0307052564826013	-3.57187851226992
9972	-0.0872299671527736	8.93389117326712	-1.67164190112487	0.0972465577646209	0.172877994531878	-5.39309865289027
9973	0.115173080151315	7.57898141420558	1.61223446800676	0.109584137758195	0.190601174538364	-5.48799366114088
9975	0.39117891344029	6.92106656761971	3.47563140876781	0.000714067633428868	0.00306240843827749	-1.04738534044688
9976	0.168676705369142	5.14592105360255	2.17193022795226	0.0318627676946419	0.0705522350884558	-4.46598412307976
9978	0.0620350445336115	12.2890776475328	1.62480038848834	0.106874976834273	0.18679375976536	-5.46819484926603
9984	-0.0740055391454961	8.87494511187196	-1.12505877174771	0.262848847417071	0.377982499941679	-6.14086013455388
9986	-0.101084910298801	9.179981330659	-1.96254909838507	0.0520536731194889	0.104284098949061	-4.88153209681743
9987	-0.237614323133606	10.2728772812162	-3.07577318938379	0.00261005591823958	0.00909665058424427	-2.2406836181025
9988	-0.0840583847110466	9.38970471675564	-1.22211900167235	0.22409987233866	0.334127246483274	-6.02880425283379
9989	0.121758835633731	10.8940730356747	2.00541601177062	0.04720827633633	0.0963529435478343	-4.7996468918838
999	0.0461940714090811	11.2651803645172	0.724567060101512	0.470152854375418	0.585829322241809	-6.50672081214431
9990	0.025215824962097	5.89006736595405	0.409520471646312	0.682900663299934	0.770490298983398	-6.68401570195386
9991	-0.188447998034196	11.5239963934719	-3.38412965385857	0.000970032115948115	0.00393926513162804	-1.3310707230411
9993	0.0181709053184486	7.93538289026469	0.306209816404321	0.759984860835679	0.830134217204802	-6.72077539186941
9997	-0.174003376715618	8.5527124541935	-2.19084910176681	0.0304293780350965	0.0678948305159096	-4.42651883695946
