gene	logFC	AveExpr	t	P.Value	adj.P.Val	B
10	-0.339127772656741	7.10943472198579	-2.32250844086462	0.0219846313038488	0.0816148639320067	-3.84867071463874
100	-0.536053566360575	8.81930537938428	-1.97055636273238	0.0512046331379437	0.149716909635191	-4.5618697755385
10000	-0.30991020538292	7.80633105383193	-2.36038716068521	0.0199588717609348	0.076253598864626	-3.76555243220291
10001	-0.0558515205005336	9.73439879667808	-0.884081842936309	0.378517255974598	0.574206158741997	-6.05575297227954
10005	0.110886125771859	8.08771993763302	1.12047959966286	0.26487006601968	0.453410432669764	-5.8248376046095
10006	0.177230483757025	9.67746921861582	2.26294072267767	0.0255375307588625	0.0909224155466399	-3.97691048065428
10007	0.227033307319366	9.70874178110561	2.45329780910665	0.0156729968242924	0.0643795675255089	-3.55654379252303
1001	-0.0136339214847416	9.06623782717119	-0.0702329734605605	0.944131582188243	0.971053028125375	-6.43634481756227
10010	0.024491583389239	10.2144274103845	0.249539937224841	0.803393317666204	0.890383577609398	-6.40815667388566
10013	0.0272121587349617	8.39272421233706	0.232645125885673	0.816455155022905	0.900870903084317	-6.41216071474127
10014	0.125747318621355	8.42850801992771	1.29451586984051	0.198109592973691	0.375485913135704	-5.62084499614026
10015	0.288192706413492	10.4842811812594	2.99953965288772	0.00332252163214357	0.0211222322854499	-2.1846924574164
10016	0.0763161864281409	12.0072790030807	1.27599137115846	0.20455847153294	0.382880801011122	-5.64391795886029
10018	-0.0967575765146455	7.05768366259313	-0.981003375000267	0.328673431648334	0.524911551704416	-5.96755114546495
10020	-0.0732444162523868	11.6064827616504	-0.662428228529317	0.509037051420652	0.688608916595904	-6.22340340497981
10021	0.206772403138424	8.78422913788869	0.777580741147594	0.43843080747252	0.627935779238659	-6.14224001817399
10024	-0.322903040710355	8.06800620092966	-2.13661472194331	0.0347726088628996	0.113630761009164	-4.23878128053575
10025	-0.0754679662075797	9.62218636091779	-0.637681270355594	0.524963003211063	0.701195731973379	-6.23916532716868
10026	-0.502551378445869	8.80733474476844	-2.74232199772812	0.00708871641311689	0.0366183849733243	-2.86059324640582
100287932	-0.0990699926695368	11.5921006458759	-1.16096384986084	0.2480877160143	0.433667516848969	-5.7799436369868
100288413	-0.0103710405991091	10.4144847246776	-0.0822219583588367	0.934614751302776	0.966522199784538	-6.43544602357638
1003	0.730175586081246	10.1963988447631	3.80025591077102	0.000233927973641434	0.00296356604643902	0.2368304927267
10036	-0.123970381070936	7.90302654694622	-0.890446797318774	0.375105916469941	0.570183082451549	-6.05023770968694
10038	0.00113663150987285	9.52905767388916	0.0123022045122202	0.990206063986455	0.994746359797387	-6.43869606094805
10043	-0.108684395528502	10.1981719950292	-1.10972364169383	0.269459160726629	0.458630263260242	-5.83650330881959
10045	-0.366873017013909	7.65112215213496	-2.65013507650085	0.00919197904522061	0.0440286502716628	-3.08999839988378
10048	0.249450939201463	9.62842250748233	1.37079647779349	0.173137758454957	0.341235477174409	-5.52244016204008
10049	-0.108765356512188	10.8501000932933	-1.09974779237777	0.273764568567616	0.464075683486663	-5.84722454441342
10051	-0.0677356616865642	9.55386461174832	-0.610617185737749	0.542671443900566	0.713768491499789	-6.2557210384888
10053	-0.186504315392588	8.762687620426	-1.81503196395782	0.0721544552940356	0.190413993843046	-4.8423202209104
10054	0.11647226766136	8.86884309141926	1.26907068340801	0.207007031774001	0.385368060052569	-5.65245508303757
10055	-0.0821451354177575	11.8808467827159	-0.774379156068414	0.440313565372327	0.629345916244233	-6.1446702835422
10056	-0.0658579703925235	11.8758962443145	-0.696109605144857	0.487780408102781	0.669613789418144	-6.20099468518205
10057	0.549412933104045	7.89509220452936	4.22818710035266	4.78291307713967e-05	0.000893820407628364	1.7109944486251
10058	-0.309980551944664	8.56732485981491	-2.86787374046762	0.00492639543517904	0.0281216491323973	-2.53719304781496
10059	-0.0895883251785361	9.7014999517064	-0.906728861797552	0.366467394023977	0.560974921170877	-6.03595176223859
10061	-0.262359500817368	8.18038477827352	-2.0813496851923	0.0396463976231408	0.124706490619628	-4.34899181166363
10062	-0.0860990924001041	8.90748512040357	-0.571428661558216	0.568836720689532	0.733123937103376	-6.27842938916051
10066	-0.0790977524793112	8.51260726861627	-0.674425764178376	0.501409337138115	0.681527254362487	-6.21554762274791
10067	-0.0110496931567823	10.6478856865619	-0.13419159213042	0.89348826696593	0.94159391236777	-6.42991577330983
10068	0.944511933658085	8.44777948836989	4.73250183792027	6.43095115164425e-06	0.000205095198890276	3.5908386404931
10069	0.0873100062926232	7.72085158329162	1.07458462399988	0.284835379796385	0.476745742070544	-5.87384690316878
10073	-0.148481190324367	9.32111400677749	-1.37400777240891	0.172141310626075	0.340408720558147	-5.51817793250922
10076	-0.4859010528647	8.19832767080766	-4.42042148481207	2.26323200097399e-05	0.000507997182827315	2.41021472878505
10078	-0.0821699938461024	9.06547241670376	-1.00007405003911	0.319397828681667	0.51507732622229	-5.9491348749174
10081	0.0424403070009184	11.4762087117984	0.456092567765104	0.649193189601361	0.789275205491204	-6.33656874290378
10084	-0.0400620925338275	8.7998624831231	-0.409813429292463	0.68271373751474	0.813152915915177	-6.35624216513023
10087	-0.0980272866841568	8.01750620005552	-0.991637395318456	0.323479637616253	0.519833036324951	-5.9573249927611
1009	0.719968150248262	10.6283348767066	3.37001779451763	0.0010271549430817	0.00877342294115699	-1.12189717634967
10092	0.316711670703217	12.5670926408679	2.48737913237011	0.0143195978889107	0.0600100855212594	-3.47806052125867
10093	0.150388849127143	9.67446685678968	1.66809171825326	0.0980487055373195	0.234544543219884	-5.08729882992791
10095	-0.401568169718752	10.809606585413	-2.45401501100267	0.0156433802608643	0.0643729754394862	-3.55490219750172
10096	0.10797401962797	11.137507746769	0.925201876041029	0.356820001291522	0.552348802598945	-6.01943468400034
10097	-0.0102595525595278	10.8773314509546	-0.10686113316701	0.915087429840564	0.953889723685394	-6.43315514313266
10098	0.373070844780056	7.98466619621911	2.13722185050133	0.0347220820099074	0.113540933254883	-4.23755575038281
10099	0.213995871996425	10.1186806514408	1.6280006915117	0.106292085696228	0.247830326145057	-5.1507287839137
10101	-0.0450240942383649	8.05415023480603	-0.396608918177577	0.692399111954264	0.821490471810143	-6.36147103580645
10102	-0.284127288225516	8.43463414042367	-2.15025121923044	0.0336529544595198	0.111412185906066	-4.21117785589007
10103	-0.264908311138188	6.60539968150406	-0.827037602919348	0.409947692117176	0.602306641210935	-6.10343907240964
10105	0.0308129335502648	9.12783384460659	0.2345910368035	0.814948008124556	0.899808922217462	-6.41171382029055
10106	0.233056351344265	10.8500586272703	2.38299640813131	0.0188300166354392	0.0732278424711523	-3.71536102902672
10109	0.109184652757966	13.483397469475	1.64631107359483	0.102460559250722	0.241668823361213	-5.12194132506484
10112	-0.302765691160349	8.62560639532524	-1.99534314966133	0.0483963373007452	0.143899836610567	-4.51518421762223
10113	-0.132187321821466	9.51976597625495	-1.00639996550577	0.316359732183561	0.511776613363928	-5.94294911385931
10116	0.125770055385267	6.63150569830605	0.916132132455795	0.36153617972321	0.556520990525713	-6.02758511706146
10121	0.103635184596135	10.169744786363	1.03943423412805	0.300807691134911	0.49574451890949	-5.91002488479135
10123	0.216403163505611	9.0247400305649	1.39670575873853	0.16522183848079	0.332132486213513	-5.48777705046618
10126	0.242843586858046	8.93583152664593	3.01014711683386	0.0032170043961507	0.0207111896431838	-2.1557070140522
10127	0.143030079185223	8.41077626783049	1.64925776168544	0.101854482226844	0.240514014635144	-5.11727991644147
10128	0.00725417931966673	9.70943916929336	0.0750156642735497	0.940334046014267	0.969352295601699	-6.43600321363264
10130	-0.68424683275339	11.6720214281914	-4.15239939321104	6.38655128855156e-05	0.00111764647549652	1.44146997693228
10131	-0.30703101015766	9.17910382893092	-2.26800369325082	0.0252170921397267	0.0900922063469475	-3.96612864682261
10133	0.45788569348207	10.2642548367526	2.3899797653308	0.018492970738667	0.0722573028861822	-3.69977103034084
10134	-0.323633358634275	12.7940924955192	-3.71890075877542	0.000312311933622505	0.00364879288786689	-0.02990583057945
10135	0.22427069755661	8.44272516896096	1.42007055780864	0.158322751034008	0.323087069138619	-5.45598094788414
10137	0.112030255281116	8.7561176828802	1.24184337004175	0.216849359994154	0.397950613986162	-5.68560379213502
10138	0.302901709708332	7.25880599514519	2.89657334970431	0.00452589530079407	0.0264946103363282	-2.46151325168477
10140	0.598343377068572	7.2322731191732	2.88693704802136	0.00465690942383306	0.0270365259094703	-2.48699608750674
10144	0.0144284421631322	10.6057091115134	0.0800339768024605	0.936350901152118	0.967386922265978	-6.43562059680049
10146	0.138472422328383	10.1614405887028	0.870627677573396	0.385791541775559	0.58129115926051	-6.06728266519833
10147	0.0739497670526398	9.06059554434472	0.717546300543072	0.474508393483579	0.65751372759174	-6.18615896056462
10148	0.0831634539617464	14.1821646324875	0.338324949835648	0.735742117564771	0.848198667241119	-6.38251002857296
10150	0.273598815388562	10.4090388533187	2.03568970107898	0.0441056378119355	0.134581665432799	-4.43803178410675
10153	-0.166193027890806	10.7128449956356	-1.69754375219285	0.0923288431469457	0.225232204487233	-5.03976661353272
10155	-0.177764390697268	10.2997479996314	-1.43183583110696	0.154933467668807	0.319697837358069	-5.43977756972217
10157	-0.234194178465423	7.43352328987717	-1.69898794433001	0.0920555014844519	0.224833018205989	-5.03741553258639
10159	0.157571432526537	12.5659888135041	2.24318335440355	0.026822373736026	0.0941575890605929	-4.01877448004831
10160	0.65923753954716	9.10470564567632	4.3376888573411	3.13114960898305e-05	0.000646582394254999	2.106588523081
10162	0.328581370687007	9.78361442524413	2.16931874674952	0.0321398263599689	0.107828986894128	-4.17231004831644
10165	-0.178158869794385	9.55039772487451	-2.04830841076173	0.0428323038493335	0.132012996192349	-4.41360746867107
10166	-0.995514536579648	9.10432335835345	-4.13416501259225	6.84321976971502e-05	0.00117377569102193	1.37715241308991
1017	-0.0189845280228653	10.1829662367079	-0.204960485059166	0.837969390047859	0.91067484107925	-6.41811586623764
10171	-0.101416018309632	8.79200894856124	-0.807183430927336	0.421245783067674	0.612262918905329	-6.11929951341946
10172	0.150004749667818	8.02767048058156	2.01309742886499	0.0464663248332766	0.139905986077013	-4.48141054077671
10174	0.408299438250608	9.03792276191338	2.59384129687878	0.0107391653162519	0.0487929073224646	-3.22668627174549
10175	-0.0208924459646244	11.1370973805976	-0.232722331294102	0.816395344745795	0.900870903084317	-6.41214305472897
10179	0.130225546014937	9.06230364011169	1.28056166463803	0.202953230771156	0.381345242531791	-5.63825548369911
10180	-0.0620009291809417	8.82949693613912	-0.620335575167259	0.536277991934754	0.709085355111424	-6.24985811375122
10181	0.0601422666307267	11.404273241449	0.74019042319515	0.460709828214792	0.645979151426614	-6.17000353374142
10184	0.287370240190456	9.31070388313274	2.29051455734563	0.0238346830047294	0.0863863455985367	-3.91792509215421
10186	0.902543476927793	10.5405431219351	4.60634113696968	1.07627004445058e-05	0.000300337519160871	3.10698785043304
10188	0.0367454253066727	9.18926641516457	0.259592878654969	0.795647182238204	0.885053944031276	-6.40564114276241
10189	-0.340142548094283	9.53837399919667	-2.15008338987739	0.0336665422964275	0.111412515772633	-4.21151856338613
1019	-0.0373984104724724	10.8097924745653	-0.392979870268588	0.695070017343223	0.822995717962853	-6.36287819459568
10190	0.116490873977623	10.2077935146632	0.944391967660133	0.346971463665937	0.543022528609656	-6.00192915377407
10194	1.03778309421759	9.11056630162819	5.47824244020541	2.60906736479951e-07	1.94152220119315e-05	6.61750925091764
10195	-0.120408030417191	10.5349475980411	-1.03917615003529	0.300927158154506	0.495842474836669	-5.910286151915
10196	-0.018399853381524	8.67391269766384	-0.156352229545082	0.876032605004846	0.930798728754827	-6.42675007181101
10197	0.0612801291119992	9.48473018520598	0.500335338326241	0.617805819653856	0.769386643127977	-6.31580252096914
10198	-0.326735606531086	7.68062954438985	-3.48429281372148	0.00070166174920653	0.00670801625977539	-0.773674452684499
10199	-0.136996987906178	9.94179487357896	-1.67860015016545	0.0959758038616723	0.231395253910512	-5.07043013280523
102	-0.281927864580081	9.94039993096115	-1.83910624489834	0.0685082718244075	0.182934149950098	-4.80032368625344
1020	0.347271392478763	8.12543315153349	3.13996737606289	0.00215332264080448	0.015333142252625	-1.79398063140041
10200	0.175498901317577	9.10635687380571	1.44799906574923	0.150368628075921	0.31317318908399	-5.41730720654006
10201	-0.0844860284003151	8.79839483293843	-0.909501460271866	0.365009002827426	0.559987808944007	-6.03349365803756
10202	1.67787845309086	7.57728047774994	3.85705085760214	0.00019071660772889	0.00250847003159336	0.425668562462664
10204	-0.389920420817389	10.0126534162184	-4.16856212524434	6.00632447410712e-05	0.00106464034669796	1.49865274879487
10206	0.00836297940466128	9.90623739429903	0.0504000155031895	0.959892038080555	0.979168042308736	-6.43752133428925
10208	0.00631267879854094	8.60543065054345	0.07906943650455	0.937116355818656	0.967693599082648	-6.43569605983293
10209	0.147783028361256	13.8112716817585	1.76540958171826	0.0801789342443208	0.203652520559068	-4.92723731959419
1021	0.341847370317093	9.78294827103269	2.50600689044247	0.0136248923326121	0.0578322768074901	-3.43475493245101
10210	-0.024761144350926	8.53135974814763	-0.322908075405621	0.747357803764517	0.854773671987664	-6.38751823378369
10211	0.259799978679486	10.1692556641736	2.52356672388462	0.012997797004509	0.0560343440799814	-3.39366806842966
10212	-0.181381038226104	10.9983289825752	-1.92648897661507	0.0565389432982139	0.160485110530325	-4.6435251877709
10213	-0.030705711272153	11.7653672301769	-0.379281391534369	0.705186173953864	0.829748973911526	-6.36807351459311
102157402	0.0232157891126583	9.89086319607314	0.184954575262606	0.85359410302041	0.918601153982842	-6.42195062739395
10217	0.351593427021897	9.63837828198383	2.90765449868461	0.0043794239960242	0.0258940889099212	-2.43211944066067
1022	-0.450802581008079	11.8497540597275	-3.28191962918267	0.00136966019243161	0.0108782626821972	-1.38389515668661
10221	0.0694770327672111	10.2989528184744	0.664197736973738	0.507908185149561	0.687532220474495	-6.22225355485379
10226	-0.0153883698571882	11.5020146401391	-0.146965286878868	0.883419638858219	0.935518745765242	-6.42814995145295
10227	-0.229893973946015	9.86461619708061	-2.4882336098762	0.0142870508740592	0.0599481271627696	-3.47608036096203
10228	0.0638202080222049	8.88492536124553	0.710565923941852	0.478807930368927	0.661584728144419	-6.19103883642346
10229	0.107159971501182	7.59902555332503	0.855438774303211	0.394106950310239	0.589080844343745	-6.08008934537945
10235	-0.000789489190221244	7.4764634454077	-0.00661675856328953	0.994732222027124	0.996869729187708	-6.43874895668043
10236	-0.0474148926725333	11.4527945862473	-0.609020193024224	0.543725730404301	0.714575715074043	-6.25667567806185
10237	-0.233518477863252	10.8812134125929	-2.49135988428309	0.0141685339830563	0.05958864088597	-3.46883037284198
10238	0.156867483399032	9.87760564627141	2.32233132924419	0.0219945141782865	0.0816148639320067	-3.84905649289835
1024	-0.0295958478020226	6.62875807260601	-0.231329729668338	0.817474345814199	0.901032572247836	-6.412460699759
10240	-0.262632771582562	10.3502286875949	-3.0564228499071	0.00279189333685433	0.0186427154101995	-2.02824292020867
10241	0.218303258968825	9.06882038766397	2.24926085640108	0.0264212525215582	0.0932782219979487	-4.00593249839102
10244	-0.0230251877151206	10.5783030246644	-0.246466095905185	0.805765767881228	0.891816326235957	-6.40890602757583
10245	-0.185651754952236	9.7746763340196	-2.13133708892717	0.035214514083196	0.11451649068	-4.24942103090834
10247	-0.252702768238607	8.40930254582917	-1.71730729710418	0.0886450487290853	0.21837402400902	-5.00742780325484
10248	-0.468162754988456	10.5792649646151	-3.48796721629241	0.000693015685803736	0.00665617391248704	-0.762322654117695
1025	-0.0684886066294249	9.04517918744483	-0.766485058005208	0.444975874738586	0.632943124735788	-6.1506201662326
10250	-0.103878501031722	10.8210239516632	-1.29971262124697	0.196327815617262	0.37296866536306	-5.61431428713446
10252	1.03285409997456	8.39611677043357	6.40038916752562	3.58534055683273e-09	8.22636472206621e-07	10.6931530199065
10253	0.0436990060790222	9.50870311040056	0.445794737907582	0.656593060156812	0.794529545399248	-6.34112766034964
10256	-0.296773345283596	7.2327918891493	-2.69283786111313	0.00815600600697312	0.0406537742855666	-2.98458844588074
1026	-0.57873786560052	11.3439045233713	-3.6990940243881	0.000334862860440036	0.00384696415470751	-0.0941676557777935
10260	-0.0694515876436168	7.74068568192702	-0.510415533153118	0.610749672260155	0.764156493646295	-6.31080363264582
10262	-0.0375306890971577	9.92404014397542	-0.484521620523593	0.628947593847108	0.77654815025069	-6.32344471117711
10263	-0.464231982009588	9.10916941787583	-3.92889025571967	0.000146875438499147	0.00205974723599822	0.667577615158905
10269	0.0136825791099985	11.3585233609485	0.145591259073337	0.884501805322536	0.936184637617138	-6.42834759413587
1027	0.259266979471864	10.6138988491553	2.19473056403442	0.0302152934418388	0.102834084808236	-4.1200202489411
10270	-0.0224959394625522	9.47989832917483	-0.319848820293804	0.749669794609925	0.855995646043404	-6.38848432350644
10272	-1.11018693932587	12.7478991630004	-3.39532876089255	0.000944726491487812	0.00826946813269542	-1.04557880272426
10273	-0.206802506861143	9.82237470061716	-2.52713521147859	0.0128735676277358	0.0556148894378128	-3.3852871819625
10274	-0.00888683126289886	8.68082495115245	-0.1065454613367	0.915337307386563	0.954019055315916	-6.43318826831287
10276	0.0957099706871319	11.1692131198537	0.818580974316432	0.414737490742436	0.606946043582041	-6.11024117317803
10277	0.110394599217881	10.0881029302784	1.08949744708776	0.278237826667153	0.469075748195637	-5.85814210582661
10278	-0.132694187305791	10.1259866957739	-1.0864051560195	0.279597147590852	0.470456801609378	-5.86141603336887
10279	-0.390438105001632	8.51130376959686	-3.47407504589648	0.000726241641513452	0.00686356517036741	-0.805191046667837
1028	0.0752598522115428	13.6840200322707	0.641770670359144	0.522313545925872	0.699136611741881	-6.2366017668886
10280	-0.235191233649691	10.3071124884492	-1.87243394273334	0.0637150193806491	0.173863911491299	-4.74132639180773
10282	0.0990082406275765	10.392611273324	0.809449011898617	0.419947263962194	0.611128329867463	-6.11750890931074
10283	0.0884412418214878	9.63424082066783	0.984927730028782	0.326750381831693	0.522952725832407	-5.96378992224196
10284	0.221082174023401	10.2855468366322	2.27840755374207	0.0245696750233746	0.0882755614149953	-3.94390424517871
10285	0.158641031811661	10.0743801790419	1.64344517884456	0.103052804145238	0.242719179423913	-5.12646731085598
10286	0.104348351152244	9.3453717779425	0.528615823027487	0.598102112954964	0.755640522562136	-6.30152656937825
10287	0.554313728096167	7.65674768755645	3.85910012107576	0.000189309272346693	0.00249393076488626	0.432522162659564
10289	0.14414574277319	10.4077618715081	1.14014203795894	0.256622651122578	0.444289058535422	-5.80322783359192
1029	0.152775992271539	7.09616412939152	1.18287840276658	0.239324342851967	0.423937180346825	-5.7549933787161
10294	0.0763665021712261	10.3899085746142	0.945775284908381	0.346268368988666	0.542522141093774	-6.00065360166739
10295	-0.135790710324279	10.3273704090404	-1.46069982357271	0.146855123788723	0.308657333968156	-5.39948004916906
10296	-0.241726022644236	10.7140486787152	-2.01967253558461	0.0457684149629912	0.138428087731346	-4.46883225924495
10298	-0.0786748615482235	8.88943538188399	-0.871558418893477	0.38528554752803	0.580846618467152	-6.06649067093532
10299	0.110862142810054	9.96042933012231	0.839938552538132	0.40270516858597	0.59601230828169	-6.09292916797124
103	-0.00553378868563197	11.4245864529135	-0.0663200289953623	0.947239486403916	0.972675056899098	-6.43660756943934
10300	0.107880014588015	7.99769965408262	1.4250337883312	0.156886093837053	0.32147832674127	-5.44916120017948
10302	-0.108819152288649	7.96173984454233	-1.0951253678689	0.275775595399698	0.466898115198094	-5.85216023776981
10307	-0.287489902889147	8.78584297060793	-2.40162814740506	0.0179426633860965	0.0705744759853129	-3.67367508001557
10311	0.189907776833165	9.08859799184753	2.51265385946129	0.0133843991595015	0.0570165740368656	-3.41923231489749
10312	-0.216763702344304	9.73417318030648	-1.5678886519061	0.11968544170074	0.268957826292942	-5.24307555090257
10313	0.198778086517192	10.9041645140659	1.78436510562005	0.0770308821770267	0.198425272986122	-4.89506163726132
10314	0.327924946784494	9.33768466092837	3.41689086767167	0.000879445682675688	0.00783626897400343	-0.980199026528529
10318	-0.0138023888335936	9.26823698571039	-0.122510039905143	0.902711326546553	0.947043397738747	-6.43139020182552
10319	0.995310498190461	9.65736573997955	4.04738968811485	9.48029899075661e-05	0.00149156704121237	1.07392459143331
1032	0.443796828756582	7.71893864129382	3.40229358329018	0.000923158418794963	0.00812930547894072	-1.02449699339064
10322	-0.00846936128949555	7.56246843162402	-0.0893320082151986	0.928975188958944	0.963502644500362	-6.43484622737324
10327	0.132341660594677	11.6353607632998	1.80766836795763	0.0733013602374721	0.192212455733816	-4.85506157841181
10328	-0.257943141211997	9.28575245055866	-2.40258036450564	0.0178983268113532	0.0705008008878291	-3.67153676632678
10329	-0.238474951968634	9.72831521182204	-2.2212276692866	0.0283161923149569	0.0982325697276541	-4.06490311490243
1033	-0.13465149545132	8.74884767827679	-0.814211855589157	0.417225221294771	0.609206351050876	-6.11372841863087
10330	-0.479601502699713	12.8574506792215	-4.26201091890507	4.19933223979347e-05	0.000799227748863918	1.83241662343876
10331	-0.020381279937726	9.43294407212135	-0.0711093396144704	0.943435633985028	0.971035819266864	-6.43628390632912
10332	-0.0363528136824504	6.77171093998205	-0.205539924652289	0.837517776564311	0.910609034411111	-6.41799893890633
10342	-0.00772263424346381	12.1371955636241	-0.0760467950207642	0.939515488105092	0.968959661848927	-6.43592661745322
10346	0.0478353487384511	6.83803393150145	0.265296830465278	0.791261095628156	0.883218466201158	-6.40416973348469
10347	-0.824324041166242	7.98586776483056	-3.86615806593039	0.000184537516955085	0.00245851595169194	0.456148120605198
10352	-0.0187817996856047	7.925625987369	-0.0948347109531154	0.924613009910167	0.960425485646124	-6.43434790184533
1036	-0.182624338499498	12.9587088305347	-1.19550224042317	0.234377772923833	0.418676558034356	-5.74041432294947
10362	-0.281238238205815	10.9314893538667	-2.36842253695917	0.0195509958436549	0.0751294616403565	-3.74776380934592
10363	0.10589234279904	7.96269199935959	1.37158509754266	0.172892650124383	0.341146339342871	-5.52139434997432
10365	0.886593720321207	9.3747237618435	4.63528111469437	9.57066782530919e-06	0.00027544848863085	3.21720342965206
10367	0.0639601758945808	8.48599056333283	0.65998767199664	0.510596198622257	0.690140603666366	-6.22498431775605
10370	0.29195639756377	10.3849254644024	1.75687057825186	0.0816312664316897	0.205951020709875	-4.94162556540308
10376	0.0409297599990935	14.4372622390976	0.450012528023562	0.65355803593291	0.791984363274051	-6.33927295873124
10379	0.234472745730436	9.4807292073194	1.94537634656782	0.0541978232665421	0.155983979157365	-4.60873868015454
10381	-1.09264298212413	10.2680107980878	-5.61102911224807	1.43606732949123e-07	1.19817334763612e-05	7.18369826177493
10382	0.618880664493634	7.25289875378085	3.67879414609154	0.000359571892581955	0.00404090317377816	-0.159751818305871
10383	-0.127676493309735	12.376426460532	-1.21833613351295	0.225617727857999	0.407790466544217	-5.71366084930673
10384	0.659619213108936	6.54487134550591	5.05654422133636	1.65057136824399e-06	7.13807303753683e-05	4.87237802827053
10390	0.118830448563383	9.76733236856879	1.55358993823624	0.123060803598534	0.273836809731652	-5.26455283597198
10392	0.0834013831789953	6.62359004999461	0.645843399489423	0.519681826771511	0.696846085898162	-6.23403249081849
10393	0.0805256097179477	9.25464267986128	1.14056161209734	0.25644865136149	0.444155026199899	-5.80276270334938
10395	0.710479091917883	8.38721024205531	2.86936376087378	0.00490482797346633	0.0280221323565673	-2.53327988392187
10397	-0.0788253260769765	11.0488696037015	-0.343549959874452	0.731819081664036	0.846258660863074	-6.38075979429779
10399	-0.0346189402693951	14.3885356402473	-0.497315635211915	0.619926630120194	0.77094157855959	-6.31728070682744
104	0.357065485822224	7.95378171032954	2.03375459531892	0.0443037416896203	0.134948145009812	-4.44176492174348
1040	-0.120313610500682	9.33109815172674	-0.876120039477575	0.382811585974527	0.57836915687664	-6.0625969884349
10400	-0.242300266118782	8.71682461255358	-2.04170820603454	0.0434943369424408	0.133505471254017	-4.42640004520413
10401	0.0369302683063733	7.55583071103577	0.310954470706382	0.756404466390185	0.86106682640338	-6.39124095037992
10402	0.111910068319141	9.36422568602962	0.928990814271246	0.354861472634781	0.551046828760986	-6.01600637947732
10403	-0.0579804149047535	9.02647082068031	-0.342197104251621	0.732834154719489	0.846721236254438	-6.38121553162452
10404	1.04274129106225	8.04410857790552	4.73050501483684	6.48400376023148e-06	0.000205991811767354	3.58311269550237
10409	-0.269122277114049	14.1486686415396	-2.42873769383611	0.0167178307006103	0.0673277823437548	-3.61249919091911
10411	-0.108696605722781	6.22954254005353	-1.1177254160037	0.266039924857339	0.454872651484501	-5.8278352183222
10413	0.227841680743029	11.1998879596816	1.90265214012571	0.0596147563554171	0.166469874068879	-4.68697430493571
10418	0.582333581413661	9.22480037840773	2.32913953079504	0.0216174205054603	0.0807597889530085	-3.83420791135838
10419	-0.0142456736436332	9.58806201664876	-0.131953496044806	0.895254244560811	0.942815999737154	-6.43020865149009
10420	0.0473543440664148	8.26172509473041	0.296800090487957	0.767160524257315	0.867993531436192	-6.39546779924592
10421	-0.0184726560473522	9.57485723232701	-0.271040531098583	0.786851200601398	0.879661317261489	-6.40265579736878
10422	0.181698724349653	10.7876942390031	1.70323142840615	0.0912561482218772	0.223208701306694	-5.03049634854423
10423	-0.148063212480137	9.54409001090843	-1.36860838491747	0.173819210578869	0.341681741880405	-5.52533881219721
10424	-0.0951040094738972	12.7028064337741	-0.961494424136887	0.338343506578151	0.534464976923987	-5.98603002030602
10425	0.0891396055616152	9.4841073510866	1.02408935338765	0.307966503650502	0.503324756658715	-5.92544841402137
10427	0.0905024655916314	9.40171173163397	0.723801610984671	0.470673783049585	0.654726414279147	-6.18174581471932
10428	0.0717544528656139	9.99395619471369	0.597546661729929	0.551330436075136	0.719815542484127	-6.26346122842845
1043	-0.0132600406699313	6.75637459551369	-0.05538787083193	0.955926648109374	0.977340919328313	-6.43726185782921
10430	-0.119441612231782	11.3859890781295	-1.25243882710383	0.212979431601356	0.392521091172293	-5.67278709129979
10432	-0.161415375519543	10.1835132294409	-1.70421591624518	0.0910715086596375	0.223021245635519	-5.02888875770225
10434	-0.196395705842446	11.0467414468057	-1.61952128101	0.108105019123335	0.250268972322698	-5.16395607972702
10435	0.647026707848848	7.78350239273212	5.69598043043465	9.7636806974915e-08	9.48800030132704e-06	7.54985107143146
10436	-0.134756152004718	10.5611431916634	-1.36917351961972	0.173643012804718	0.341497925182612	-5.52459058546798
10437	0.296056438083334	13.4936132239731	0.956540090334135	0.340828420867711	0.537111840600516	-5.99066464728791
10438	0.523968425793256	8.04215233292077	1.87315757708236	0.0636141399247993	0.173645999926914	-4.74003436384127
10440	-0.1266448581046	9.49412200593901	-1.17222900865295	0.24355489317222	0.428406492496197	-5.7671748241477
10443	-0.334912227370758	10.514110952729	-2.98499790279437	0.00347236929646948	0.0218444557416892	-2.22428722672759
10444	0.14524692187668	7.58125526237787	1.56519788876861	0.120314949912693	0.269962858625753	-5.24713157480598
10445	0.00181156857682486	9.72448891945018	0.017763895742629	0.985858334993173	0.992345825864441	-6.4386153072381
10446	0.714474707159884	7.36303306308189	3.25493905688055	0.00149426095985755	0.0116001837673152	-1.4629935159836
10449	0.038891725763632	9.51729556711333	0.357774037303758	0.721175574422941	0.838293026278285	-6.3758595167182
10450	-0.10535868995246	8.6972937481958	-1.11299592521204	0.268057207093969	0.45662044351334	-5.83296589891667
10451	0.479131750430427	11.4697701506131	1.48534824509184	0.140218369399069	0.298955042917941	-5.36445553726676
10454	0.0360246309267031	7.38856005357215	0.401378997386865	0.688894321811126	0.818738487999978	-6.35960182493764
10455	-0.019442877750739	11.4327829502435	-0.185571202318565	0.853111610551915	0.918388132585837	-6.42183830513667
10456	-0.141379672890155	10.2850690449798	-1.72251851414261	0.0876939665827792	0.216829471769758	-4.99884162380367
10457	0.278113803889418	12.8153081931478	0.713742631272392	0.476848580943694	0.659539396951592	-6.18882390910244
10458	0.130605953228836	8.61466270885733	0.875961789667437	0.382897246109469	0.57836915687664	-6.06273240209068
10459	-0.0226693185515455	9.43449310636941	-0.221375450928321	0.825197105256637	0.905196293415647	-6.41467575113312
10460	-0.0192835622439191	8.27769684468931	-0.132806949285696	0.894580761740336	0.942504731119283	-6.43009754910236
10461	0.541559644721097	8.2613966850974	4.37480366051418	2.7081200196076e-05	0.000575040394908967	2.24229977507227
10463	-0.0211628411120564	9.35411611202355	-0.285669872858452	0.775650647271643	0.872871164368361	-6.39865349523631
10464	0.0400471775859031	7.96708290282351	0.4754963287443	0.635345295881265	0.780480687682815	-6.32769676397247
10465	-0.129820781484641	8.63390599068748	-1.31689596173579	0.190520973890315	0.365008055925836	-5.59253950674746
10466	-0.0256034127651235	8.50210319858176	-0.341375111426732	0.733451142861174	0.846887413196406	-6.38149156051128
10467	0.03877195633057	11.1963666512057	0.500026760615101	0.618022393638178	0.769463315106535	-6.31595398261337
10468	1.09984371188499	8.28771152501134	5.52763949811361	2.09121099338932e-07	1.61433671078465e-05	6.82724331341914
10469	-0.157667730172893	7.89790181661928	-1.31509729081607	0.191122735008841	0.365574788148308	-5.59483177963022
10471	-0.219556096060411	9.09470657471729	-1.69069041036511	0.0936349891393852	0.227210637570894	-5.05089767212675
10473	0.0278831955921107	10.6162960266422	0.412084952899962	0.681052866642435	0.8117599824627	-6.35532545097102
10474	0.108394962064146	9.55548775153804	1.2216252466226	0.224375658917755	0.406434855846636	-5.70976652837506
10475	-0.279314447158001	8.15918073526691	-2.80792449490668	0.00586966869388966	0.0318760443205316	-2.69317779086183
10478	0.0885102076021013	8.58926245429559	1.15858915186546	0.249050820939314	0.434863635899163	-5.78261994909558
10479	0.323213088933557	7.77496125215514	3.0172750645038	0.00314784685617544	0.0203452386791934	-2.13618076437991
10480	-0.0939650757187821	11.6728758107163	-1.04460642481702	0.298420236435933	0.493384938542995	-5.90477549034596
10482	-0.0609302485398719	10.3904711714943	-0.61475960377265	0.539941564338675	0.711651080491057	-6.25323323745714
10483	-0.313299999295493	10.1723399723014	-3.02672605520058	0.00305826707254948	0.0198907763931171	-2.11023043409115
10484	-0.419752033356041	8.28484512433895	-2.9677315037716	0.0036583764301501	0.0226523158268664	-2.27108806385222
10486	-0.0738937692444418	9.84606600188116	-0.566739955418815	0.57200771835041	0.73663607009267	-6.28104608228885
10487	0.117431791512658	12.1013443466683	1.18156573854738	0.239842952731663	0.424491705498936	-5.7565006915739
10488	-0.161505429092025	8.21236928854318	-1.51078058483492	0.133618008593837	0.290290571011335	-5.3277269601265
10489	0.0416340910973505	9.44862433553165	0.395007207187536	0.693577463315032	0.82241599870545	-6.36209368739188
10490	-0.106794072571106	11.4396002266655	-1.3694381469633	0.173560553753006	0.341428960405761	-5.52424012164932
10491	0.16030103020013	9.28796204702723	1.10084391987501	0.273289181945209	0.463715826390185	-5.84605114697942
10492	-0.0578383611581666	11.10908523435	-0.404987394468336	0.686247554283528	0.816537712241709	-6.35817302965708
10493	-0.0741727217737462	9.81108841694998	-0.656964660306426	0.512530948148744	0.691862335628146	-6.22693449872213
10494	-0.0670809150488795	9.80398269703756	-0.725337953499639	0.469734637291696	0.654015103185461	-6.18065611473214
10495	0.456903151751914	7.35524427741714	5.05100314663432	1.69014237807274e-06	7.23345908957556e-05	4.85001268567626
10497	-0.353476556425788	7.51940173452432	-3.22651359329746	0.00163692764965944	0.0125194651723954	-1.54574469949204
1050	-0.186228106050691	12.4209912622087	-1.35138141095498	0.179255396427032	0.350118130642536	-5.54800361372352
10509	-0.348165161077756	9.54736440110674	-2.74462954797938	0.00704219652891362	0.0364357709261653	-2.85476295063975
1051	0.0200163765980602	13.109108765882	0.178951204316469	0.858294436738201	0.921079360772618	-6.42302465061885
10513	0.222336091382507	10.1072448906694	2.00761011067662	0.0470557014453738	0.140979359426474	-4.49187868186477
10516	0.97612271643755	8.62818684816697	4.02202455461569	0.00010419121556075	0.0015849345129499	0.986187398534273
10518	-0.405543637673718	7.98186055755734	-2.97741399173203	0.00355296836371615	0.0221971657777097	-2.24487200471649
10519	0.0706588216801543	11.452530851753	0.900313653461478	0.369855896066761	0.564383835490752	-6.04161094657321
1052	0.46410043482416	12.6016059524246	4.03370463977881	9.97627216827377e-05	0.00154604142795387	1.02653757097859
10520	-0.145766477013158	8.03710386960535	-1.23570480636493	0.21911475767766	0.400240579039688	-5.69298080026739
10521	-0.244410458572869	9.97016665624535	-1.16465495694613	0.246595962987852	0.432092204980835	-5.77577309994816
10522	0.124829628656228	7.78281539144717	1.17820032307581	0.241176233247055	0.426085410280177	-5.76035769210097
10523	-0.115771037763725	8.54132919865227	-1.12717328810057	0.262041862679325	0.450589213718966	-5.81752222994935
10524	-0.377222647919031	8.75471923228891	-3.88107162020227	0.00017482876196614	0.00237514074644789	0.506178144263917
10525	-0.477431765043162	9.24790504280292	-3.55147510115693	0.000558547171049537	0.00569580201588787	-0.564610412216701
10526	0.0993767616316503	7.47250592792698	0.58439059884912	0.560115042625712	0.726759386127613	-6.27108402449529
10527	-0.393762194360631	8.1805585751062	-1.98792387860848	0.0492228478817199	0.145583742840017	-4.52921529763686
10528	-0.458168148733414	10.7277468431641	-3.13627784137023	0.00217838755282596	0.0154583171703973	-1.80443801451061
10529	-0.15945201827947	9.18566317913838	-1.12367012890793	0.263519362658327	0.452342048120902	-5.82135606241144
10533	-0.0207487209585624	9.24783926364582	-0.217174213086681	0.828461720449511	0.906490106095239	-6.41558141494159
10534	-0.222800141419441	8.76456128718325	-2.26691617441017	0.0252856229808852	0.0902589653509559	-3.9684464211244
10535	-0.294999149439535	9.18842000116876	-1.64819344612532	0.102073057000752	0.24096126059623	-5.11896448832678
10536	0.0675780934844785	6.85772290591829	0.415460011015623	0.678588016730798	0.809990898583294	-6.35395405677452
10539	0.0246362580388012	9.57072617298169	0.215410351091156	0.829833246439794	0.907029590524374	-6.41595648438218
1054	0.173684265649539	9.96769714792823	1.66668301334301	0.0983293221951535	0.234800496066974	-5.08955250150439
10540	0.0307777264055579	11.4755629708933	0.457935340924494	0.647872664665564	0.788309833737767	-6.33574199397716
10541	-0.102471383477193	12.668681306907	-1.53780699869383	0.126873521511148	0.279987300030291	-5.28804071825562
10542	0.0769380926903878	12.5236398494994	1.29474377117552	0.198031203454291	0.37542752823788	-5.62055912684584
10544	-1.13420589912215	12.3566745486956	-5.09197699982935	1.41804417505065e-06	6.58036229545975e-05	5.01575410533012
10548	-0.12102599516657	9.93749702813437	-1.32764653140931	0.186953721831779	0.360576523445517	-5.57877540396217
10549	-0.0831485028981982	12.6685205460861	-0.849135932588231	0.397589571451204	0.59201325429359	-6.08533835007713
10550	0.180620174861945	12.1528427667896	1.7817180580941	0.0774642644853602	0.199455992721033	-4.8995743132261
10551	-0.697326884115525	8.43697751581903	-1.62525618646774	0.106876180040812	0.248535261018329	-5.15501723125382
10552	-0.138981222339465	11.2265262744015	-1.48461062647851	0.140413526816872	0.299164010039169	-5.36551184422728
10553	0.0938633035278468	9.89325352224289	0.818104491362554	0.415008362711342	0.606995495185148	-6.11062237749864
10554	0.0177578559819877	9.19714384054604	0.164962503898495	0.869266360929084	0.926708874834206	-6.42538986268044
10555	0.488876663689151	7.16910368584813	2.78079389777776	0.00634851939629768	0.0338234462247262	-2.76283150026184
10556	0.1470867049721	7.25165430561736	1.64604613990496	0.102515193160265	0.241728659864057	-5.12236003859988
10557	-0.0367840920775636	8.41252276899436	-0.378147101479488	0.706026235652375	0.829897287472452	-6.36849546735426
10558	0.118242379006633	11.1716593946867	0.722136090229394	0.47169307903645	0.655233677322533	-6.18292455288149
10559	-0.0230425628459586	9.64771197280368	-0.344639281186747	0.731002088740767	0.845578490535521	-6.38039152985168
1056	-0.566129079724642	6.79918455874506	-2.26377929537214	0.0254842115798164	0.0908108661127194	-3.97512621819969
10560	-0.196728334040223	10.0325633189643	-1.02170700184744	0.309088097676824	0.50465856628001	-5.92782279236006
10564	-0.597019748177651	8.43397325640149	-4.63910140979681	9.42319446433658e-06	0.000272152399564406	3.23178745146953
10565	-0.0772754999739435	9.46347852890916	-0.959857913158571	0.339163014385933	0.535452312467089	-5.98756353058908
10567	-0.430019361409705	12.035655668098	-3.8452481061501	0.000199018079027749	0.00260521288869922	0.386249234643278
10569	0.0450579793834431	9.50101605419241	0.509343959176561	0.611498053238915	0.764835542058364	-6.31133975329556
10572	-0.219534836658888	11.1409942349503	-2.33363748753588	0.0213714259495595	0.0800217490223762	-3.82437632209416
10573	-0.153641232246818	8.62212538393647	-1.6341746823234	0.104987489286337	0.245943466110363	-5.14105635943036
10574	-0.0231804861532349	12.2032713589712	-0.259207956606612	0.795943407781987	0.885053944031276	-6.40573928801251
10575	-0.146804748025903	11.0277717088999	-1.43787690736024	0.153215015508493	0.317396843303255	-5.43140761441287
10576	-0.0731590309769	11.6434174905195	-0.535525736439185	0.593332099196335	0.751931451198798	-6.29791975089799
10577	0.359016780476821	12.7675337416398	3.77243003948593	0.000258353531375887	0.00320563792932	0.145097339185702
10579	0.168106003290993	11.6765692752907	0.922836250705963	0.358046301756359	0.553034465921169	-6.02156815151915
1058	-0.10356273917309	7.8178944073491	-0.707843803528385	0.480490435152532	0.663022217567643	-6.19292901818013
10580	0.266574423825849	9.23609491398968	1.70914582754544	0.0901514825676979	0.221556455224393	-5.02082534483047
10581	0.695738597394123	12.0379436162182	3.69520124565467	0.000339472808122195	0.0038623214808393	-0.106766128284436
10585	0.0706346664287219	8.77339202923123	0.936905628645722	0.350792482250656	0.547429794708184	-6.00880040146943
10587	-0.0376608257726435	8.22461623028975	-0.437177570894908	0.662811608398944	0.799577223348268	-6.3448628129418
10589	0.158628390321273	10.7693973958021	2.02131005385938	0.0455960000286026	0.138007680555609	-4.46569373470473
1059	0.319646272331835	9.10837858608636	3.36129321405961	0.00105709756585988	0.00895551373743857	-1.1480961685359
10592	-0.10777800680662	8.32209728160586	-1.2185540484967	0.225535283004601	0.407751281763526	-5.71340315340473
10594	-0.11129385949922	11.1595144726002	-1.20148013031248	0.232061150672758	0.415619773277804	-5.73345793772449
10598	-0.132707718353267	10.6525953222319	-1.33547056798081	0.184389145019111	0.357608438097642	-5.56869002962041
1060	0.0666926490983094	8.07721680656127	0.389820052484454	0.69739870740547	0.824225686531576	-6.36409290480565
10600	0.00263389142118762	10.4032985045379	0.0253912012784494	0.979787429635119	0.989478303388456	-6.43845343941967
10603	-0.509061436116503	7.68839185985479	-2.77120967638874	0.00652601833091351	0.0344843559493689	-2.78729705751402
10606	-0.158706229067283	11.4771251634316	-1.63305354420293	0.105223429952516	0.246356443142795	-5.14281537273884
10607	-0.26620754134139	7.00362712166694	-2.13898730606203	0.0345755169242443	0.113362666966002	-4.23399023715549
10608	0.394796725984294	9.57523969979903	2.80212360437965	0.00596919082098122	0.0322771225828564	-2.70812002273516
10610	-0.340477320318682	8.18892056788571	-1.6195434474691	0.108100247712664	0.250268972322698	-5.16392158745317
10611	0.289124284499891	9.01166386787377	1.70777688695516	0.0904061926724707	0.221852392000775	-5.02306661407472
10613	-0.17521720205306	9.68372062969368	-1.22654923238814	0.222525480106958	0.403703155212711	-5.70391741109597
10614	-0.40689877080538	10.4902262092606	-2.8714381336376	0.00487494632102438	0.0279312504537123	-2.52782915034558
10615	-0.438538017515433	8.31439206170504	-2.87135549436186	0.00487613355378368	0.0279312504537123	-2.5280463626396
10616	0.138687556270213	9.26040801624674	1.23666297254333	0.218760022881789	0.400123513951191	-5.69183166777652
10617	-0.103659813595238	9.45058067704672	-1.60941813969052	0.110297398821681	0.253549986669468	-5.17963025822993
10618	0.0450236972787806	10.4083241652322	0.481113162089841	0.631360445407033	0.777563594184696	-6.32505988196541
1062	-0.48024331930378	8.29851398292088	-3.03011442290399	0.00302672877189392	0.0197790978289903	-2.10090998663607
10621	0.0182551646763218	8.10468967052811	0.216112828479626	0.829286957962224	0.906672438486826	-6.41580747506052
10623	-0.001880707600465	8.65415427589611	-0.0236578602208021	0.981166980088734	0.989816925763626	-6.43849524858725
10625	-0.319534008618658	9.60607898056319	-2.25372817482175	0.0261297631203053	0.0925919533992802	-3.996472673708
10628	0.990595903616606	10.9615308764495	3.36945186294286	0.00102907283530696	0.00877342294115699	-1.12359828499743
10629	-0.112387215303773	8.01503883197301	-1.43408789023147	0.154291118253677	0.318930089283126	-5.43666129498099
1063	-0.312527062585408	9.60331664567407	-1.9205990836926	0.0572862276093724	0.162079890498308	-4.6543082047664
10630	1.73539991897152	9.01817849861526	6.07185113988418	1.71207138170017e-08	2.48100168646375e-06	9.20449431382713
10631	1.0895216931204	9.10374145522337	3.45703477328301	0.00076904498721799	0.00715934852584183	-0.857586169823549
10632	0.00742471346770884	13.5204000287316	0.0919501627208519	0.926899411188642	0.962140344610409	-6.43461284000238
10635	-0.0788472233851705	8.2818275126946	-0.651699413261711	0.515909968071508	0.694833904495461	-6.2303099602605
10640	0.184626814310705	7.71295840395961	1.67914362628025	0.0958695712927448	0.231206615730824	-5.06955497734071
10641	0.00191575037780043	9.4365221601989	0.0270167443150283	0.978493730224944	0.988815741261567	-6.43841154539644
10642	-0.130881188368691	7.75698243612744	-0.587563304345686	0.557990276778284	0.724913445452756	-6.26926114770765
10643	0.00784299727950078	12.2839715313857	0.0797832314920393	0.936549885752475	0.967471492785823	-6.43564030243924
10644	0.0877211816430978	8.53082294522715	0.603795186766846	0.547182321983262	0.716734218138558	-6.25978169233535
10645	0.103208893101406	7.94710793593339	0.803088830546443	0.423598652208815	0.613848145748454	-6.12252310115284
10651	0.188402457662792	10.6947237531145	2.39467429785259	0.0182694103655052	0.0716209442900204	-3.68926759549881
10653	-0.278026744849995	13.2265335855425	-2.92119887125274	0.00420631015596937	0.0251731478330028	-2.39606097641869
10654	-0.0425345885386462	9.98715572230617	-0.413673085400381	0.679892600445871	0.810963808385276	-6.35468153100599
10657	0.0639698843595364	12.1527717747847	0.773814101714428	0.44064634432932	0.629712595875465	-6.14509817629595
10658	-0.339304970454961	8.79127300501211	-2.73981459236931	0.00713958212390071	0.0367891131275233	-2.86692364784595
10663	-0.358737910511882	7.82928690768192	-1.38300154586886	0.169373729973468	0.336965671490343	-5.50618954554153
10664	-0.190072370767947	8.5701066591146	-1.93621204756327	0.0553233138118839	0.158285615547683	-4.62565697571251
10667	-0.0680704451644582	8.63054374245978	-0.729806446722708	0.467009080455278	0.652111837676659	-6.17747368464057
10668	-0.0676092222219689	8.41722269010974	-0.679335393123271	0.498305700703643	0.678760733478247	-6.21229255598931
10670	0.0987611976414762	12.1325710619146	1.58143184197607	0.116556590760466	0.263696915826197	-5.22255955629574
10671	0.0602851869226877	10.9562759447324	0.657048502198405	0.512477236564368	0.691862335628146	-6.2268805310898
10673	1.36901175444637	7.45118033586072	6.51737886033305	2.03713996865254e-09	6.00956290752498e-07	11.2319239214478
10677	-0.116844372559649	7.16838579525107	-1.12450660621312	0.263166039979048	0.451864398035773	-5.82044168769071
10682	-0.621490722466699	9.85057965583968	-4.457058699797	1.95780087779308e-05	0.000458114313047334	2.54595271710897
1069	0.0533253981174942	10.1437487407814	0.576169196125147	0.565639347961369	0.730484836485446	-6.27576198277886
10691	-0.301850803684131	7.9429818046184	-2.7851305281421	0.00626966124721539	0.0335388036907141	-2.75173729348445
10694	-0.0739508813192772	12.6260303193608	-1.07367659030767	0.285240536210695	0.477327153383376	-5.87479631384768
10695	-0.0372362570876169	8.5473686233188	-0.367646070712398	0.713820478791954	0.833850538088182	-6.37234196431478
1070	-0.149345973397818	9.67614494590478	-1.23333872557084	0.219992526679272	0.401211378935786	-5.69581473844872
10712	-0.077045315502547	9.48796207011306	-0.85734692383515	0.393056306446235	0.588672402589161	-6.07849268444344
10713	-0.0469104552878938	10.3593824861072	-0.419104419718163	0.675930363584493	0.807719461108378	-6.35246069512088
10714	-0.318220191544934	8.44637910273236	-2.66654350757866	0.00878059323096243	0.0427639741083429	-3.04967011140856
10717	-0.0106551322550822	7.79193486553357	-0.110552619796624	0.912165983415998	0.952573791439442	-6.4327605030477
1072	0.0728362590161866	12.8445435290425	0.604218884179838	0.546901615876153	0.716734218138558	-6.25953081518549
10721	-0.234864543204456	7.88675385977474	-1.68498256926226	0.0947342468005373	0.229204709599425	-5.06013558937785
10724	0.343813111685769	11.1918624350795	3.12935761981866	0.00222613242904176	0.0157026933081852	-1.82402450907679
10725	-0.105391752289478	9.42001137797546	-0.649078837457999	0.517596100388583	0.695511183896288	-6.23197992118315
10726	-0.0843042698792319	10.889292231005	-1.05995776834315	0.291409806609468	0.484997985612373	-5.88904459226641
10728	-0.0283240418880062	12.7569379129146	-0.231482999573633	0.817355573620887	0.901021892180506	-6.41242583298467
1073	-0.0246740894844026	8.41753015147034	-0.189612629901573	0.849950699212722	0.916742668138948	-6.42109288637181
10730	-0.34356258083501	11.1798053520762	-3.65791703110219	0.00038677945697251	0.00425973108612391	-0.226906569985224
10732	0.207726116188842	7.98509763124606	1.57197723641593	0.118733918176728	0.26737790734454	-5.23689971202118
10734	-0.0239112844644312	7.50226415976994	-0.160775810742482	0.872555226281082	0.928537254455261	-6.42606035728649
10735	-0.00657689830307096	10.0595574376305	-0.0708136878580082	0.9436704148992	0.971053028125375	-6.43630453982289
10743	0.476526199617825	7.34861272304575	3.15189892681562	0.00207408772312689	0.0148844175438993	-1.76009226409522
10745	0.235447443772013	7.85684610891916	2.26989390272349	0.0250983666737695	0.0897068406427244	-3.9620977281196
10749	0.116557273273235	8.66871065591511	1.05422363854605	0.294015149689567	0.487761626116856	-5.89494681484627
1075	0.551047316964333	10.4534046618121	3.75456799991686	0.000275289519150973	0.00336183642764266	0.0864858821491232
10755	0.300108364989802	9.86376337413428	2.39551421695115	0.0182296660159845	0.0714990699392366	-3.68738642092054
10758	-0.21306998480786	9.28514143433007	-1.88379078330841	0.0621471517020797	0.171111824353059	-4.7209950738995
10761	1.69889283355409	10.5358300239994	6.54369605187116	1.79282317084097e-09	5.69566130428707e-07	11.3537142217198
10762	-0.603499124657487	9.50117264000679	-4.13848648556935	6.73224220057383e-05	0.00116579288420838	1.3923767169937
10763	0.386832993488347	7.89048574119926	2.59773321119829	0.0106250891825823	0.0484612019039923	-3.21731972413178
10765	0.0117498785093879	10.2099618831348	0.167719909738502	0.867101522449431	0.925748019175749	-6.42493885765405
10766	-0.0311998534839089	7.72718003626718	-0.298783489877429	0.765650523663337	0.867408219100145	-6.39488734894621
10767	0.00933024347487651	7.6342345796915	0.0819328939902371	0.93484410421289	0.966522199784538	-6.43546935713987
10768	0.05340526507433	11.476048193642	0.790200579321764	0.431055272906823	0.621815674853363	-6.13256394304821
10769	-0.0578523774607455	9.24019602138515	-0.347867932609949	0.728582413090064	0.84381530175602	-6.37929319304687
10771	0.407411859268623	8.89153990781226	3.31950656980878	0.00121219591152468	0.00987449529506298	-1.27280860292524
10772	-0.203289285841409	9.56308388014496	-1.97392767151714	0.0508147278246621	0.148893101039982	-4.55555191122648
10775	-0.153623310974162	9.45160892333709	-1.97122386143607	0.0511272333738578	0.149596509978061	-4.56061967599659
10776	0.139813395360917	10.6370794099525	1.72746535564317	0.0867988668239973	0.215238258771005	-4.99066822628958
10780	0.0908524368570732	7.66531358826607	0.799011460186391	0.425949345355727	0.615956161176173	-6.12571702141454
10781	-0.00219833058112437	8.34744888866597	-0.0193549253124157	0.984591884780005	0.991453099385038	-6.43858626499032
10782	-0.0882365589214616	8.66079076609307	-0.908027351832912	0.365783928350247	0.56040813074363	-6.03480147975252
10783	-0.380827559420236	8.86920923464665	-2.2351459185957	0.0273610285791012	0.0955207506607673	-4.03570914261774
10785	-0.259519631821815	9.00554981715037	-1.39757678740942	0.164960594259895	0.331768811440646	-5.48660084221241
10787	-0.103989616681298	10.2142967356927	-1.21402445129505	0.227253473215683	0.409581865319995	-5.71875041188036
10788	1.00399676118614	8.91847855033987	3.70024254673117	0.000333514123175828	0.0038368059295715	-0.0904486376820177
10791	1.07645183803427	9.7999235331688	6.48468948189721	2.38676258888255e-09	6.35956741424834e-07	11.0809441685091
10795	-0.360807323096653	8.38065544101472	-2.3756923575926	0.0191883540547634	0.0742014010785657	-3.73162290726435
10797	-0.262996615028521	8.95498053009174	-1.63819715393484	0.104144470390999	0.244801743150157	-5.1347358224912
10799	-0.189991072858629	9.03228822931664	-1.62328939160256	0.107296342619365	0.249301769349073	-5.1580862181739
10800	0.999773700547492	6.91138467532946	4.7380040997269	6.28693214040605e-06	0.000202851794842789	3.61213869246572
10806	0.0208675446197404	6.72313091569992	0.17968249147747	0.857721600292211	0.920771483664044	-6.42289571516822
10808	-0.0559299794844275	10.3786520234367	-0.387151956329033	0.699367265903557	0.825489227831293	-6.36511097003718
10809	-0.149434748369703	11.0554621703814	-1.58808979286423	0.11504247045409	0.261129652638303	-5.21241187353104
1081	-0.217014537777889	15.601083084737	-1.95828388293842	0.0526454968487874	0.152794028099432	-4.58478345251802
10813	-0.195281239581238	8.70809881601004	-1.21187033881451	0.228073891729588	0.410341961728202	-5.72128657080458
10817	0.126334453428063	7.3546480252674	1.28690807702744	0.200739601832972	0.378736663120226	-5.63035984915653
10826	0.0272738503165515	7.26099761940901	0.168967174104033	0.866122626199378	0.925507489315247	-6.42473239894787
10844	-0.0463227880317853	9.04890543209396	-0.501892269041237	0.616713607896541	0.768565842067808	-6.31503690165212
10845	-0.0516813491690483	9.50849232931074	-0.638279935859784	0.524574702218509	0.701017155852593	-6.23879105254427
10847	-0.0449427692805729	6.25867920682537	-0.340996996738617	0.733735014515692	0.847051183773531	-6.38161831067332
10848	-0.149298972154836	9.76158157532986	-1.2781059136052	0.203814613778066	0.382323578021048	-5.6413005390501
10855	-0.402570926097431	8.67057446940524	-1.46263326114968	0.146325887497759	0.30793677216089	-5.39675307968933
10856	-0.285696156865067	9.98892148055914	-2.51632557783837	0.0132531893387653	0.0566327104978394	-3.41064205192564
10857	0.0322190373983231	10.3429737707531	0.352131553332957	0.725391289036792	0.841653609698539	-6.37782711816122
10867	0.252346313861334	10.3837827054389	2.75484245459608	0.00683962286454932	0.0355763758571646	-2.8289074989313
10870	1.84463943405593	8.97628140871669	4.7121366318905	6.99234310427591e-06	0.000216317430866363	3.51214454699046
10875	0.76031789594458	8.5948424400113	2.12493808504004	0.0357568204499066	0.115824053692639	-4.26228895699174
10884	-0.160123050239262	9.22282992578541	-1.49431078137817	0.13786394019032	0.296319580008338	-5.35158046027377
10886	1.20775622632005	8.33966663437629	2.70580580264024	0.00786305137409298	0.03955469205238	-2.9522850312734
10890	0.232573261850383	11.1071513223059	3.43728957894555	0.000821608298003286	0.00748234238313908	-0.918038925340236
10894	1.98139437546594	10.1436013598347	4.00587798549274	0.000110623660553841	0.00166179558835518	0.930550675325669
10897	-0.413938501113108	11.3381305098123	-3.37286011306648	0.00101757315992784	0.00872809377051298	-1.11335006300697
10898	-0.188587074572815	10.3849413979402	-2.15811105330842	0.0330219053766674	0.110117455959335	-4.19519435128531
10899	-0.0349367038606994	12.9381345021715	-0.564470890128339	0.573545350249188	0.737351687635532	-6.28230471539667
109	1.05136136192338	9.63861790809822	5.74820322511337	7.69093453596335e-08	7.84285423050089e-06	7.7764188616453
10904	0.172480145983837	9.50085579255292	1.81383668796157	0.0723396048791555	0.190658945852528	-4.84439174629695
10905	-0.564888739048086	11.6028718613116	-3.13575688034526	0.0021819484624563	0.0154702955363854	-1.80591376487551
10906	-0.0521833519485377	7.8343671545083	-0.589932544449797	0.556406187907065	0.723310530707013	-6.26789350459124
10907	-0.14862988229798	9.14153739861495	-1.27625027894609	0.204467285119051	0.382796866519348	-5.64359770409795
10908	-0.152466224459328	8.95585811138757	-1.16518756397829	0.246381237835941	0.43199087763211	-5.77517024717757
10910	-0.0582412988872139	10.1861366891075	-0.618892918473075	0.53722464175242	0.709655451923075	-6.25073425306887
10912	-0.195277651198166	11.290241194379	-1.4239121396386	0.157209887373646	0.321742732831098	-5.45070441258154
10914	-0.0241247314976677	11.3848097590063	-0.319347744846328	0.750048693571526	0.85619157115821	-6.38864168448593
10915	-0.029820197667571	8.38525947777412	-0.331963496149226	0.740527850130967	0.851086690146346	-6.38460480535515
10916	0.153287618873125	10.3908731690439	1.55284321639508	0.123239124127372	0.274085935727542	-5.26566926967243
10920	0.35351940655767	9.92778626478876	3.72683709454383	0.000303686684139348	0.00356821054195023	-0.00408199262261721
10921	-0.0959492306765928	10.7764810048161	-0.977573754167802	0.330360123010451	0.526749979571839	-5.97082611547466
10922	-0.0248205152729309	10.7023787993779	-0.227845926700968	0.820175160709397	0.902829542855768	-6.41324699436229
10923	0.343535759410709	11.6348021903706	4.53852432995869	1.41455114313323e-05	0.000369752925388622	2.85054924319194
10924	0.654264910849186	10.4402104485858	3.57155580095887	0.000521431764811656	0.0053905211230842	-0.501504809540452
10927	-0.169871138458417	8.91417228803666	-1.15675822781457	0.249795193875068	0.435572788982069	-5.78467976981296
10928	-0.124922311544111	10.6213991814101	-0.833352390832135	0.406392848136466	0.59875274456785	-6.09831473145875
10929	-0.0297621002708072	8.91040774633001	-0.306120035866606	0.760072947360484	0.863887121218283	-6.39270673432835
10930	-0.129423840161692	6.94965359516342	-0.459028033405611	0.64709017446209	0.788003316723272	-6.33525019570241
10933	0.0184456599329185	13.3967671091356	0.23670382072381	0.813312400247589	0.898363255689367	-6.41122439138401
10935	0.205895897324593	11.7936193989106	1.73061887690978	0.086232167712845	0.214347789740626	-4.98544624259041
10938	0.322867127877639	11.7049549481229	3.03945450509784	0.0029413426019219	0.0193743938531698	-2.07517235656497
10939	-0.174012154228763	9.61866012776198	-2.06773610781649	0.0409334875699169	0.127402214091475	-4.37573052790543
10943	-0.229438119002262	8.12911996091798	-2.90131064397273	0.00446273572488615	0.0262364392082275	-2.44895891408544
10944	0.109762508827949	10.1605549613122	0.753960633603911	0.452431108238311	0.63947312697612	-6.15993619836716
10945	-0.135070158579815	11.3772899952276	-1.43874191317628	0.15297016167539	0.317311284640563	-5.43020636382119
10946	0.0272974714616788	10.1284185350924	0.287009131164304	0.774627600149637	0.872609883006651	-6.39827660583301
10947	0.433642955918526	8.43281491563965	5.07202608848531	1.54473076556975e-06	6.8970141208682e-05	4.93494792950489
10948	-0.406634002186719	8.11750230384883	-3.63815268035883	0.000414323764234081	0.00449122610573951	-0.29020581936317
10949	0.16799428991298	10.4222856399716	1.05961696422373	0.291564212501443	0.485157210971378	-5.88939626385446
10950	0.181964359735043	12.0845175468954	1.53337374592453	0.127961065309449	0.281899976987334	-5.29459686651726
10952	0.00722414035639587	12.8249568940417	0.127482753687208	0.898783465986077	0.944282807052276	-6.43077895175115
10953	-0.0308412624336243	10.0928237247897	-0.259437923530296	0.795766427903352	0.885053944031276	-6.40568066983704
10954	-0.564882075808839	11.5023291580356	-4.02621147344434	0.000102582560958054	0.00157204444065589	1.00064158207763
10955	-0.0495778492312568	11.1887790202118	-0.51475697527004	0.60772185574228	0.761496135987747	-6.30862008455376
10956	-0.256156641454867	10.3328730466395	-2.32808982126386	0.0216751875902381	0.0809080642952094	-3.836499881397
10959	-0.0802226475592364	11.5071564808159	-0.894458009208424	0.372966000556304	0.567766156394227	-6.04674194111488
10960	-0.258035578150818	10.1722364145963	-1.86543181848366	0.0646980955595462	0.176046444064079	-4.75380426955134
10961	-0.14990223289022	12.3722328399229	-1.92287676703363	0.0569962637549202	0.161556165627634	-4.65014196133591
10962	-0.117292137367626	7.57482914672989	-0.759161964405093	0.449326338597519	0.637195678785172	-6.15608573814265
10963	-0.18852703276873	10.3841783755545	-1.94389951484352	0.0543778774505917	0.156329619509568	-4.61147011650439
10966	0.315477905968985	7.72642916846043	1.78729866761645	0.0765529318440597	0.197664025330395	-4.89005312388777
10969	-0.118513626300003	11.2976921300127	-1.03777504128621	0.301576289652035	0.496614862943742	-5.91170343059308
10970	-0.323495695695297	11.2559779753541	-2.59928921635326	0.0105797873849242	0.048354204824978	-3.21357145765907
10972	-0.171682284805602	12.038964312665	-1.40543996101152	0.162616466964446	0.328092822942434	-5.47595063882001
10973	-0.181419892685169	10.5442210512157	-1.95192568812279	0.0534053955816657	0.154456781339131	-4.59660217187658
10974	0.348466151665625	10.3995122743336	1.95291391578646	0.0532866819541506	0.1542754970001	-4.5947675922585
10975	0.046161099899707	9.89231535320696	0.487746717194184	0.626668234472957	0.775588794837673	-6.32190597602714
10978	-0.103416459623569	8.54083247490933	-0.845473116573075	0.399622061804471	0.593358176948702	-6.08837113853121
10979	0.334423088556031	10.7209769465855	3.31471247330265	0.00123129254148566	0.00998084042460411	-1.28703503802767
10980	0.111098371128358	10.3238316769853	1.29349654626502	0.198460483549979	0.375810085768644	-5.62212299272025
10981	0.850542268015296	8.43725763003762	4.82602295227296	4.36681661318248e-06	0.000152511442148131	3.9550787332877
10982	0.137555139852222	8.61209240690831	1.12134173363858	0.264504607807985	0.453279680600406	-5.82389778828635
10983	-0.0205158730785002	12.6286910025275	-0.211273877535431	0.833051698079506	0.908863693849785	-6.41682408099506
10985	-0.687237031578716	10.547331680078	-4.56632571318174	1.26499614664801e-05	0.000340354012094871	2.95536273023961
10987	0.16039797873884	11.8623539522814	2.6467277159421	0.00927956224803795	0.0442187938183707	-3.09834545853959
10988	-0.112353203810906	11.7142635307759	-1.1414745139117	0.256070352678811	0.443704869546251	-5.80175010384637
10989	-0.030615013818685	11.4666825273385	-0.353274863523142	0.724536392085053	0.840897934329428	-6.37743095331383
10992	-0.275538632800218	10.951760605203	-3.0835066697877	0.00256784081086961	0.0176165823071287	-1.9528806030761
10994	-0.695362679306307	12.1546593871602	-4.52143153150608	1.51483372234634e-05	0.000388587780949714	2.78632544440406
11000	0.0835070114195366	9.27652570925518	0.820084377819588	0.413883527479365	0.606148570386446	-6.10903695622371
11001	0.112930133145501	10.8651408490681	0.670192710462136	0.504093579207527	0.683352091716594	-6.2183353230921
11005	-0.326289206172172	6.43909191006276	-1.77686151484969	0.0782646248986298	0.200776147652683	-4.90783727609811
11007	-0.0862032620429713	7.57442827185668	-0.646856146036346	0.519028487225268	0.696422239194397	-6.23339109648611
11010	-0.275717112049362	9.24016967148212	-1.00496676461319	0.317046354854181	0.512586199079182	-5.9443539171384
11011	0.095052067068739	8.44381154544722	1.25456593857071	0.212208643470098	0.391434433913134	-5.67020129070459
11014	-0.471728062843057	12.4189264907757	-5.10207414814136	1.35784500201185e-06	6.33661000938864e-05	5.05672472583107
11015	-0.483839967096724	9.42708059339098	-3.04151566575135	0.00292280213661114	0.0192676341966545	-2.06948357632449
11017	-0.0305275658165874	9.9162313981738	-0.41120565900569	0.681695595038382	0.812408832061324	-6.35568090508551
11018	-0.0677535436644875	9.89594203324196	-0.695669991385972	0.488054692383368	0.669767695478754	-6.20129426269328
11019	-0.230196627220758	7.99128651058757	-1.83098155793749	0.069721259528995	0.185483624874139	-4.81455508541829
1102	0.880280875196151	7.94778001406103	6.46944786905543	2.56940639409889e-09	6.60334773784456e-07	11.0106635321407
11020	-0.200573897529262	7.68616740661273	-1.30632120826873	0.194079187978771	0.369887884795719	-5.60597268265425
11021	0.0758231060105221	9.7219104987409	0.550626253909293	0.582969917117011	0.744600512662209	-6.28987544954577
11025	-0.0101203991943873	10.6466282422499	-0.0597432092939935	0.952465014978989	0.975131510129703	-6.43701527623754
11030	-0.0311630751000075	9.24568938161927	-0.329557745855942	0.742340366678072	0.852102755525413	-6.38538665895446
11031	0.143001870274785	12.090333316408	1.50793057892472	0.134345317962791	0.291334294138267	-5.33187263108374
11034	0.0689623096861171	12.8618190005197	0.782790624681894	0.435377073244737	0.625566917009947	-6.13826408899691
11037	0.0825589324368004	8.49517821410753	0.522793533959952	0.602134966514872	0.758301770728246	-6.30452949231683
11040	-0.364307270443989	7.09187435185524	-2.58662158197906	0.0109537083058005	0.0494954215568447	-3.24402879974009
11041	0.329491984258967	8.88340776845688	3.67446249096638	0.000365063461579007	0.00408041162739187	-0.173709892974566
11044	0.153761308773238	9.07582292006205	1.77106892928025	0.0792281514738631	0.202545506398672	-4.91766496753723
11046	-0.216035650021424	8.45743356769623	-2.12810044840738	0.035487919224199	0.115252518242343	-4.25593413270239
11047	0.0170603034711002	10.5441425901226	0.182362526843894	0.85562290927673	0.919402267545959	-6.42241869802029
1105	-0.0941976336178567	9.69235968645287	-1.09324356629378	0.276597207419759	0.467504181151465	-5.8541637450088
11051	0.0464916969916995	10.136343583338	0.466304598135906	0.641889450564603	0.784734793788472	-6.3319453878045
11052	0.00247746603522022	7.65960153392569	0.0260013024217226	0.9793018700176	0.989242197180552	-6.43843802034961
11054	0.0421215438516922	9.16211604606587	0.395293140139251	0.693367052174661	0.822284544287537	-6.36198271761125
11059	0.348719519593374	10.3261109714638	3.24455079672272	0.00154499722591743	0.0118943152114739	-1.49330497056935
1106	-0.355692100911774	8.66176927452961	-2.58256843143455	0.0110758370116864	0.0498319958254081	-3.25374613149709
11060	-0.170440018857568	8.28603914610853	-1.32041549663674	0.18934757355601	0.363638911316587	-5.58804533671179
11062	-0.121576902221402	7.68677705210753	-1.54496059118878	0.125134023590205	0.277106443660884	-5.27742333590777
11066	-0.0637609642219812	8.55441830505775	-0.634204128990372	0.527221259182	0.702649346065728	-6.24133227833122
11067	-0.00847225238026149	10.1768197787549	-0.0281402081598791	0.977599647218604	0.98875230700367	-6.43838107237364
11068	-0.304553003536951	9.2599399906956	-2.94160118308304	0.0039573876051762	0.0241240011946534	-2.34147418494001
1107	-0.0204330450137859	7.01468201124802	-0.250971550609402	0.802288995483563	0.889517731905266	-6.40780450266479
11070	0.0942463954417688	9.3897811849334	0.958146976119898	0.340021170648	0.536436817885045	-5.98916403535854
11072	0.237490250098742	10.4377481320133	1.99219007687292	0.0487461369879854	0.1447315210355	-4.52115314936718
11073	0.0719875169933357	9.46661391348925	0.786158678792102	0.433409548420873	0.62412183925321	-6.13567977959644
11078	0.106213746473877	10.6605075711618	1.06216031290528	0.290413257438314	0.483826846801225	-5.88676914119197
11079	-0.197505744026779	10.8668622851465	-1.97256039334376	0.0509725542249716	0.149249662494954	-4.5581154168077
1108	0.0340858868170249	9.89811625610618	0.461882982122784	0.645047578005491	0.786666616613814	-6.33395973155764
11080	0.292755926709235	8.91873729915674	1.87523635699445	0.0633250875411154	0.173017133934469	-4.73632015678512
11083	0.105845531545932	8.11007093880158	1.26184696915225	0.209585721658272	0.388475761360365	-5.66131790122202
11091	-0.0871678905271512	8.27861671106787	-0.85286661150526	0.395525928100729	0.590571975074479	-6.08223606898968
11092	-0.208388496503517	7.99363351256925	-1.61807509205486	0.108416681694093	0.250776194565445	-5.16620545916028
11094	0.310464608377249	7.27732517382848	2.98224878616029	0.00350138907620087	0.0219601167573418	-2.23175421954794
11096	1.16042480352662	8.91305567734299	4.18777225654527	5.58262270287721e-05	0.00100399007141061	1.56682700503001
11097	-0.0604404465053033	7.97156696516475	-0.730124967349701	0.466815138748932	0.652111837676659	-6.17724609729158
11099	-0.988841050115642	10.0749835809191	-4.72015396374268	6.76588662786454e-06	0.00021249514656335	3.54309784166736
11100	-0.00740263717618773	9.79370602589258	-0.0542914568251248	0.956798215843613	0.977870980310349	-6.43732099311952
11101	-0.185442192908911	6.90858035784152	-1.77484352370201	0.0785991905480145	0.201186648257391	-4.91126443781344
11104	0.0490000747855407	9.22529293848262	0.542691401206378	0.588404263501175	0.747496034530869	-6.29413021912752
11108	0.107709324867926	8.76855760495128	1.32532040489132	0.187721308120852	0.361589401818047	-5.58176276784915
11112	0.0224060915943191	11.2945726607666	0.200093609915449	0.841764738808628	0.912125028437012	-6.41908495114502
11116	-0.199599512653572	7.60582570904482	-1.82038515556755	0.0713300576604305	0.188720780357193	-4.83302686535869
11117	0.373964659807369	7.9583229565584	1.9760380217137	0.0505719419683607	0.148286915391785	-4.55159197274813
11118	0.211358369176356	7.85591806602977	1.61521848270106	0.109034415164848	0.25178201544916	-5.17064295144733
11119	0.232923485822106	7.4491673821712	2.55318414910738	0.0119985115656741	0.052998773012015	-3.32378986720186
1112	0.20188632198411	10.2464417375458	1.67772272954227	0.0961475135874577	0.231417276014674	-5.07184246832183
11124	-0.167909298986013	9.30640385167263	-2.13329577829353	0.0350499461381558	0.114206136134583	-4.24547512565679
11127	-0.171976912680113	7.47586487997613	-1.19254217320506	0.235531018320416	0.419919320381316	-5.74384639358273
11128	-0.133104222538112	8.14270501459667	-1.73798403302992	0.0849204127299447	0.212044319573562	-4.97321498345031
11129	-0.288256454851609	8.95090064184505	-2.20813337524697	0.0292412563580524	0.100221069509341	-4.09221650038928
11130	-0.330976772111875	9.64271310253886	-1.95158327885919	0.0534465806307847	0.154521790693133	-4.59723762993518
11135	0.163864829037164	8.69058241825205	1.56541909011088	0.120263100630883	0.269962858625753	-5.24679839001233
11137	-0.0746781958428257	10.6249453874203	-0.78108431996897	0.436375839191895	0.626536490826535	-6.13956914945805
11140	0.0178574930275812	11.614100706391	0.172673764045367	0.863214799648198	0.9236540092669	-6.42410982724151
11142	0.162208014151897	8.78409607554569	1.20545905127107	0.230528349566427	0.41385876275129	-5.7288089854888
11145	0.019323304261092	11.4741319156403	0.127023181128234	0.899146370570661	0.944423832771319	-6.43083646233435
11146	-0.137226738909919	8.53666094349929	-1.21628407426764	0.226395163032961	0.408659101104078	-5.71608531621158
11151	0.698562058426353	7.62163973689204	3.69852967011859	0.00033552748819473	0.00384799828026112	-0.0959947557655987
11152	0.166994035315269	9.33735972352294	1.48656920687425	0.139895794855217	0.29843472766118	-5.36270595054674
11153	-0.765546726605165	8.83822748047236	-4.55145537963208	1.34297873316733e-05	0.000357838849547167	2.89924600090964
11157	0.215631426472001	10.1688651642036	1.27737886700676	0.204070150269956	0.382417930061944	-5.64220096551194
1116	-0.0932475379313692	7.03924339168045	-0.347532890570701	0.72883337959303	0.843987623081232	-6.37940764432929
11160	-0.265586428233143	9.13376135508789	-2.22018519800294	0.0283888916309345	0.098402117025396	-4.06708301892737
11162	-0.245940632454587	7.10180611587391	-2.12799733636494	0.0354966593714916	0.115252518242343	-4.25614147548925
11164	-0.196751854344834	10.5791289330578	-1.84694086010424	0.0673552867082467	0.180693299191334	-4.78654425106104
11165	0.0656628773576922	8.88046951316267	0.78579403047991	0.433622314121143	0.624155989188388	-6.13596010409154
11167	-0.172122451933362	12.3535691351773	-1.41222077369177	0.160615526586023	0.32556668701854	-5.46672013087289
11168	0.206040459179046	10.3745778862303	1.80268866148006	0.0740854986059475	0.193225834696914	-4.86365037360484
11169	0.00317159326111071	7.11791451218526	0.0199647646757815	0.984106466474386	0.991307245497369	-6.4385744731069
11171	-0.0757221484309198	12.2125386787252	-0.876714398417587	0.382489967590917	0.578320910177737	-6.06208818268371
11174	-0.358960913478698	8.79851764364014	-2.32928334944855	0.0216095165356851	0.0807597889530085	-3.83389382006203
11176	-0.174603397043188	7.49323371430756	-2.29456776588043	0.0235929750717043	0.0858115253598758	-3.90919975498324
11177	-0.0649697739669354	8.87514928512858	-0.68061486149433	0.497498584878142	0.677773100955543	-6.21144042686741
11178	0.403438323771741	7.98559137235438	2.83173176686605	0.00547689705736224	0.0303141592715394	-2.63157352681505
11179	-0.0393103302491823	8.7567455635306	-0.414051999621424	0.679615884621881	0.810866272855227	-6.35452753261133
11180	0.0758854208741399	11.1563296225326	1.03187923635547	0.304318151111305	0.499413649207004	-5.91764672627908
11183	0.253453473360325	8.52550496957381	3.17913748285303	0.00190324690318644	0.0138999287535986	-1.6823267857547
11186	0.330476566889627	8.90660991833736	2.97186420050581	0.00361303839293727	0.0224557540448923	-2.25990737794626
11187	0.0903192538642272	9.06808012497565	0.590714254614021	0.555884019483217	0.723310530707013	-6.26744106267628
11188	0.148784883883511	10.016427452397	1.37571912885657	0.171612064481607	0.339976741470361	-5.5159025767866
1119	-0.253573370874622	8.88640115333633	-2.62218985679684	0.00993289218239608	0.0463534968511817	-3.15817654117474
11193	0.123308683060226	9.20799813914629	1.23790537964223	0.21830067826868	0.399725914985435	-5.69034035391376
11194	0.00452996490348963	6.81099960151413	0.0363769914357074	0.97104553580682	0.985610724632377	-6.43811974304091
11196	-0.0450688568282366	8.77933383988219	-0.560346103054125	0.576345585571022	0.739147496796745	-6.28457984461766
11198	-0.124324613251318	10.0025431162137	-1.35412203390819	0.178382091768993	0.349072750062043	-5.54441646798205
11201	0.217929574938398	8.09743731790028	0.976835940349474	0.330723721353476	0.526963336878802	-5.97152918580656
11212	0.0173842653179402	9.6524757629637	0.208488380438794	0.835220602177574	0.909503459160699	-6.41739884934222
11214	0.486987428341211	9.07622292767271	3.11014083995671	0.00236385799998999	0.0165329949872289	-1.87822419554757
11215	0.282356904526877	8.8118205691935	2.63750713374497	0.00952036510488686	0.0450648800953384	-3.12088579540556
11218	0.0975630748488302	7.61245693112382	0.878775871933398	0.381375768057974	0.577376071143487	-6.06032080470582
11222	-0.301434961151116	11.1624084982602	-3.52256391072476	0.000616384446289272	0.00609740781598729	-0.654969478511409
11226	-0.271863082563502	7.25422113602966	-1.62822360365612	0.106244757635772	0.247830326145057	-5.15038016796027
1123	1.05846252086253	10.1977346674511	4.41493821029769	2.31272554288052e-05	0.000514908705773398	2.38996684525496
11230	-0.437243256812814	8.58425731511838	-3.07571559370842	0.00263052386463635	0.0178832321990915	-1.97461712229949
11231	-0.3711346822942	9.71690145280693	-3.60273806950819	0.000468379837030153	0.00494101845960289	-0.402953101274754
11232	-0.152237038699971	8.21558955729931	-1.38033565494576	0.170190534218388	0.337926397270165	-5.50975096616064
11234	0.219967129852658	9.22735574828549	2.3677198100354	0.0195863695850077	0.0751781657863216	-3.74932167807877
11235	0.193470597579345	10.9134255072305	2.22470453889594	0.0280748978945366	0.0975183585403165	-4.0576258925088
112399	-0.543591605079016	8.21251718862603	-1.57268307939743	0.11857025943952	0.267082176975849	-5.23583197362332
11243	0.0640533816348606	9.16406234862009	0.753184839920387	0.452895244014807	0.639800703875886	-6.16050826032396
112464	0.544422234559899	9.76795903432151	3.25824280814825	0.00147845423214602	0.0115333645965854	-1.45333688916258
112483	-0.0601681582418764	9.62610413012411	-0.498627332234182	0.619004998612368	0.770259308306441	-6.31663970760924
11252	0.0989373395878959	10.423365152273	1.29298692646613	0.198636086942703	0.375910531201802	-5.62276157211417
11253	-0.0960092066874441	10.1693937255657	-1.02029877366746	0.30975236627682	0.505080755268884	-5.9292237554838
11258	0.221231244044899	10.8413842453009	2.53447769198907	0.0126212975533443	0.0548694304161181	-3.36800958432862
11259	0.801408398982728	8.23075418724668	3.72883080074099	0.000301555704077371	0.00354975830859966	0.00241199324678476
11260	-0.379891943098896	8.93817962175938	-2.5383715961535	0.0124893195222548	0.0545580848619557	-3.3588287267489
11261	-0.14850397890476	11.0505793290199	-1.52622436431603	0.129730374065982	0.284785750635209	-5.30513155864338
112611	-0.0172794400634878	8.25435875761717	-0.168062698594384	0.866832469243571	0.925748019175749	-6.42488226843246
112616	0.546641517149578	10.26075176434	4.95941989391966	2.49485358984128e-06	9.64371589193858e-05	4.4825852349749
11264	-0.39639455431454	7.55212977348447	-3.64771783547724	0.000400769406213637	0.00437299246410124	-0.259605116561973
11266	0.168220569600325	10.2743527871964	2.32353774017385	0.021927273574662	0.0815485275671804	-3.84642820315979
11267	-0.133661337322305	10.2300637630442	-1.29294639894812	0.198650056742841	0.375910531201802	-5.62281234466425
11269	-0.393568659795984	8.97557138629645	-3.49442154223137	0.000678070712631541	0.00655071822963337	-0.742359277690575
11270	0.117888381063179	8.21608954548013	1.18842145056978	0.237143222596962	0.421792209011824	-5.74861038562958
112724	-0.28069024149294	9.48450777717037	-1.54682722476863	0.124683237957216	0.276404601590609	-5.27464510803842
11273	0.0163759495716373	8.29197788154689	0.13509678674856	0.89277417138565	0.941201615270641	-6.42979592062513
11275	0.188330844459562	7.98912094567101	1.5615922050261	0.121162619758251	0.271057891718259	-5.25255628794208
112752	0.260392264838023	8.63298119733793	2.15140102368037	0.033559991484382	0.111228582232428	-4.20884299972285
11276	0.0248140058921051	7.4700231241473	0.351917095322827	0.725551686196992	0.841721478649881	-6.37790128662265
112770	-0.0709704886367385	10.8608120366785	-0.612806775043222	0.541227622776053	0.71277000176112	-6.25440812414915
11282	-0.00939074197193281	8.39145773294983	-0.0866482103222571	0.931103519672201	0.964378065516286	-6.43507847030196
11284	0.0784916646103443	9.09299992342351	0.901869879186004	0.369032093242951	0.563543185466218	-6.04024175760238
112840	0.144722627240855	7.31583573963178	1.51210133410991	0.133282007381385	0.289789255322516	-5.32580322669755
112849	0.180934386119662	7.65043669338225	1.31546603127265	0.190999254308389	0.365536107643024	-5.59436209468407
11285	-0.325548303009348	8.95132156458151	-2.34152313411875	0.0209461140491602	0.0789130791703225	-3.80709847995071
112858	0.0157395362709492	8.44346005490655	0.186283489314547	0.852554336317754	0.918015749965408	-6.42170809279938
112869	-0.110701560580393	7.77883660936454	-1.22727194503656	0.222254856156737	0.403438810271994	-5.70305698609844
112936	-0.172703168733322	8.05232522802022	-1.79940982365264	0.0746055899946565	0.194153173710102	-4.86929338063951
112942	0.134072167776419	8.33293558047051	1.1720891361528	0.243610810563515	0.428406492496197	-5.76733410414427
112950	-0.214385345813475	9.53874738314182	-2.62244364550659	0.00992592767788327	0.0463534968511817	-3.15756024052454
113	0.261883681314046	9.22795301175851	1.12894812579482	0.26129552069433	0.449833472475024	-5.81557540875577
1130	0.347732226904837	7.3235201984745	2.50442407109673	0.0136827272432612	0.0580181350253271	-3.43844586894651
113000	-0.140964395237941	7.9745640308554	-1.19696786210778	0.233808267705377	0.418020842261128	-5.73871192848653
113026	0.173971395292562	7.0032550954939	1.59667697086258	0.113112808887253	0.258023365538089	-5.19926362654726
11309	1.53722479653502	8.23906316893402	5.37745484727326	4.08434246483121e-07	2.57531822591647e-05	6.1929249810594
11311	0.0960524839330981	9.3796787427964	1.17739782071569	0.241494940821533	0.426410476952943	-5.76127583144593
113115	-0.289664291779352	7.30512174841578	-2.16453997501131	0.0325133966664778	0.108861230833039	-4.18208084905693
11313	-0.0441054136374728	8.8070926921144	-0.414279144170221	0.679450025054718	0.810848331131922	-6.35443514909257
113130	-0.298500456993965	10.0145110905731	-1.79276958297783	0.0756681287369779	0.195992080077591	-4.8806918052082
11315	-0.0331875845604603	12.8207479954009	-0.378536732411073	0.705737631767355	0.829806809736421	-6.36835066785635
11316	-0.0610141337234855	11.1850538335125	-0.619829876383923	0.536609727088336	0.709284017996424	-6.25016546009956
113174	0.0334069570317492	8.58426955510727	0.27953600630832	0.780341268572554	0.875669588886133	-6.40035717353761
113178	-0.0265335025731752	7.74199776150797	-0.261466912194368	0.794205404038034	0.884700227313266	-6.40516123425321
113179	-0.117537299756608	7.14100466357001	-0.849960430679059	0.397132931013571	0.591593522073713	-6.08465388647575
113189	0.267732362263109	9.98798149496909	2.83039972309963	0.0054982219508896	0.0303984694205811	-2.63503224171174
11319	-0.0185561240077973	9.44415356835858	-0.217350317859113	0.828324815694092	0.906490106095239	-6.41554380004764
11320	-0.334601319326293	8.70423148575744	-1.47115449639091	0.144010988382728	0.304305644420908	-5.38469316707363
11321	0.00251074189873788	10.2634016142443	0.0352341565438587	0.971954795627902	0.986086694370214	-6.43815998862729
11322	0.0730448513667989	7.8117259129136	0.493199142860001	0.622822907303812	0.772673563812959	-6.31928143591076
113246	-0.510041880143596	11.8015569862592	-3.7411231874352	0.000288727112496563	0.00345135448512534	0.0425107778511657
11325	-0.0440974349625076	10.1136928256062	-0.743258471476952	0.458857905295035	0.644366932631246	-6.16777640437302
113251	0.12864487702469	9.16758491981689	0.850360209289089	0.396911632860764	0.591533681763849	-6.08432177106619
11326	1.52178358010485	9.05662630061108	3.66442383285812	0.000378097219099054	0.00419382155144522	-0.206008434170876
113277	0.077499356677839	8.91499525167143	0.400086931880518	0.689842995948603	0.819399359582322	-6.3601103361975
113278	-0.593998545210287	8.50645063986806	-3.48713327580449	0.000694969145812758	0.00665952155518057	-0.764899893674066
11329	0.165758919762858	8.61772939085801	1.85471256686302	0.0662275901102126	0.178405610515268	-4.77282105067912
11331	-0.206110309986449	11.4984539839007	-1.80804298015831	0.0732426505000341	0.192180525136684	-4.8544145591478
11332	0.205444554770818	9.70862661476988	2.06790664896269	0.0409171445359189	0.127402214091475	-4.37539656874863
11333	-0.04258680960507	8.16311839972184	-0.339749022482906	0.734672199557523	0.847659221727216	-6.3820356570147
11334	0.164269610758301	8.90764901059635	1.97858402265239	0.0502803478527506	0.147851788274731	-4.54680931531677
11335	-0.422663726384093	11.7197497520482	-3.65204509322156	0.000394776311507695	0.00432473784224611	-0.245740703819625
11336	0.0430157478215514	8.47999750656453	0.508205831711098	0.612293365106889	0.765281950388762	-6.31190794330011
11337	-0.212737736246019	10.617415096891	-1.89028177620974	0.0612656536828403	0.169595387478279	-4.70932294030825
11338	-0.00798738778636688	9.13205269184709	-0.0621548302159644	0.950548639640905	0.974166703696303	-6.43687071549544
11339	-0.101152988746842	8.91945796569971	-0.520325960985356	0.603847888797074	0.759060045877923	-6.30579219072304
11340	-0.382539876915983	10.395470893298	-3.69694108624606	0.000337405049561852	0.00384899758157602	-0.101136638128913
113402	0.175009960365118	11.2576848209937	1.99276823740794	0.0486818357040733	0.144644590976851	-4.52005931903138
113419	-0.0316244421672558	8.76391649903747	-0.400931857889996	0.689222569351214	0.818897931939158	-6.35977798820455
11342	0.37054798796021	10.9568216053782	3.98963090087226	0.000117478263974042	0.00172663782993877	0.874736131534902
11343	-0.0386359746272188	9.5080822146596	-0.294770978141289	0.768706254481404	0.869082078020312	-6.39605763327692
11344	0.0443125234741611	8.459818041594	0.421660854022057	0.674068542586934	0.806698053393048	-6.35140539179434
113444	0.262307349832148	9.11251041987684	2.84442341607624	0.00527747575520876	0.029553864229169	-2.59854851913431
11345	0.234042958499691	12.106716591018	2.29536060614599	0.0235459478607763	0.0856782067533094	-3.90749136852838
113452	-0.453696990175949	10.772635960899	-3.15841028983334	0.00203199848425249	0.0146459925653801	-1.74155322276906
113510	-0.114827044224508	7.09565855340136	-1.55136463291074	0.123592819633679	0.274503008920191	-5.26787840318205
113655	-0.212548845991598	9.27305470336459	-1.95887189407852	0.0525756856811736	0.152698721422818	-4.58368863566779
113791	0.647360929501868	8.17930454738015	3.31863455939098	0.00121564869266953	0.00988312815103377	-1.27539753781549
113829	0.0844897087131487	9.29511981370137	0.876874822569041	0.382403187949339	0.57829555702335	-6.0619507919761
113878	-0.0315112366750028	8.96781992769018	-0.369566412191831	0.712392840488683	0.833479442271462	-6.37164662186218
1140	0.18770790117421	8.10386298326164	1.59273821957027	0.11399467046086	0.259392831406805	-5.20530284931038
114034	-0.0274477141169867	8.69055838221952	-0.282490044061134	0.778081267041423	0.874177266833808	-6.39954130042854
114049	-0.259226038095586	9.72719602273934	-2.89154352836354	0.00459385214050241	0.0268353738900636	-2.47482352830652
114294	-0.15474132389548	8.23117056033276	-1.50542142681276	0.134988206986015	0.292268044483482	-5.33551627053988
114327	0.215337703258023	7.41348871854624	2.0079925928972	0.0470144145658817	0.140906772247527	-4.49114988287943
1145	0.00682298672793548	6.76815717153744	0.0501603964275695	0.960082563517972	0.979168042308736	-6.43753318372548
114569	-0.38216706839597	9.61081612967918	-3.19590850472599	0.00180467016426002	0.0133811270707251	-1.63416889212801
114659	0.105350629633436	7.69488300982815	0.942535613497395	0.347916433103352	0.54427835936244	-6.00363800450619
1147	-0.0217182398067889	8.08487701279872	-0.241991220094361	0.809222798520583	0.8948032551245	-6.40998034671095
114769	0.777398918026173	8.25836309756354	3.09912374150331	0.00244634034114182	0.0170582747993674	-1.90917088355056
114785	-0.0291368867772048	9.85943302374835	-0.248938008723098	0.803857753985261	0.890659295495407	-6.40830414498174
114789	-0.164737151485044	9.41296755355361	-1.38828886035704	0.167762563542616	0.33536272382914	-5.49910647135542
114793	0.740613374060652	9.35014695359255	5.06397744426143	1.59890191967644e-06	6.96019913839603e-05	4.90240454884688
114821	-0.444262835020033	7.25568035318813	-4.3056014399752	3.5475418705615e-05	0.000716424619562552	1.98992025301566
114823	0.00578000762076308	7.45765323927699	0.029921310786615	0.976182256319018	0.988266385242688	-6.43833021742886
114876	-0.703250963361287	8.67667117638753	-5.07794521952286	1.50603718222155e-06	6.79774159844262e-05	4.95890140933732
114882	0.16296015575497	9.10847760341155	1.4509455850423	0.149547779728157	0.312329876246417	-5.413184736517
114883	-0.109079127533194	10.9249096757217	-1.37579160423274	0.171589678350968	0.339976741470361	-5.5158061558142
114884	0.15262115360412	9.39125326143325	1.78906545526337	0.0762662620621748	0.197232099133865	-4.88703291428627
114885	0.159968482072882	9.13756953214942	1.51234267567253	0.133220681272611	0.289763202703164	-5.32545152705063
114897	0.114604419880547	10.0424634949936	0.548144610662604	0.58466697084675	0.745730262383286	-6.29121273982026
114907	0.720514612694131	8.05527772905615	3.1555293722403	0.00205052174307889	0.0147560132866026	-1.74975966068759
114908	-0.0698987335043062	10.9958655411124	-0.734417519885356	0.464205898428173	0.649337971383016	-6.17416941577855
114926	0.00149512570370654	9.69465882446275	0.0130500171583464	0.989610754275725	0.994668390157884	-6.43868673769759
114932	0.156049272357279	10.9928776476444	1.55973415575562	0.121601278059831	0.271833980182464	-5.25534702909153
114984	0.201282818720906	7.25069537880961	1.38965338225813	0.167348661578064	0.33485948271192	-5.49727427160234
114990	0.586055123048909	9.63409282660623	2.81905772528264	0.00568289677834201	0.0310581539767981	-2.66442523483407
115	0.406297984364468	7.31331312335302	3.03067064371013	0.00302158038327522	0.0197767464071738	-2.09937913589493
115024	0.00414887044116226	8.58458433183417	0.0403028011341595	0.967922389471124	0.983883698871706	-6.4379717083314
115098	-0.179098363670011	8.19538073272823	-1.41154486087224	0.160814130860428	0.325809350234765	-5.46764215309893
115106	-0.196029341997371	9.29169669695014	-1.33022134878526	0.186106812973143	0.359672970322452	-5.5754627377043
115111	-0.0629051389774897	7.18251912062343	-0.1748944205959	0.861473586865454	0.923005942458105	-6.42373037042943
115123	-0.142001548304009	6.87005795799764	-0.536878965261601	0.592400016510871	0.751070473734427	-6.29720793934112
1152	0.0989238066789771	8.61321091420346	0.48107114424251	0.631390214808656	0.777563594184696	-6.32507972216901
115201	-0.043487330525854	7.67379192805236	-0.35969730359084	0.719740580741485	0.837443620702757	-6.37518171970636
115207	0.487454437241888	9.80688095377638	2.53039930389633	0.0127608683405477	0.055272560300432	-3.37761195458089
115209	-0.121963949406142	8.85544474930536	-1.51800858161654	0.131787294719435	0.288019853098107	-5.31717930395699
115265	0.195198136342797	7.69604096190878	0.972175890652597	0.333026276033218	0.529101181002958	-5.97595773868417
115286	-0.406805352568932	7.66973790022004	-2.4367247452501	0.0163714400491956	0.0662882817678215	-3.5943577339675
115290	0.301852435523429	8.03417149060297	1.97680343970971	0.0504841279153102	0.148254208706138	-4.55015473989983
115294	0.0448984901948578	9.2747928721338	0.368160683114247	0.713437800969652	0.833850538088182	-6.37215598114409
1153	0.0796078965885541	11.960730091026	0.845829325235241	0.399424124695151	0.593194799194981	-6.08807676812523
115330	-0.303835706278257	7.69155113717273	-1.11206574636743	0.268455208664979	0.457204128571697	-5.83397247874393
115353	0.114615707131077	10.2227443247997	1.39393067151173	0.166056263625975	0.333080315092412	-5.49151971537454
115399	-0.0886024309553232	6.63448732677021	-0.835487711226959	0.405195022241576	0.597924553214358	-6.09657324707986
1154	0.470718005694322	8.54659730809296	1.96369099718461	0.0520064906647893	0.151412276293773	-4.57470440220793
115416	0.0580468919428673	10.8114190482881	0.831501381549134	0.407432918223478	0.59967852896043	-6.09982078158932
115426	-0.0820484699916854	8.93682954384966	-1.021090842147	0.309378625951574	0.50481595480485	-5.9284360066283
1155	0.134994838173282	10.5320453405649	1.38479377952361	0.168826282945549	0.336511847763088	-5.50379153067538
115509	0.105187186736332	7.78867277818525	1.09116113888127	0.277508383432799	0.468660651636664	-5.8563769228513
115548	0.126520082577546	8.89524573942825	1.0600472878705	0.291369257821331	0.484997985612373	-5.8889521997869
115677	0.975321531686821	8.56593502140892	4.54396132557395	1.3840197061371e-05	0.000365239705197842	2.87101276753549
115703	-0.0618967364755533	9.62674910005661	-0.527602809086157	0.598802891494328	0.755939459535863	-6.30205142272264
115704	0.123244943598804	8.34102252841513	0.866493337595874	0.388044128045979	0.583302001393956	-6.07079060294588
115708	-0.154871044910184	7.15633727802406	-1.59797992839282	0.112822286711337	0.257933044072971	-5.19726268740219
115752	0.090706682296988	9.45935227371236	0.9904888669455	0.324037969116218	0.520230508856764	-5.9584346875059
115817	0.0856923807667633	10.1407294460356	0.729961027588134	0.466914953182377	0.652111837676659	-6.17736324677995
115825	-0.410244719304297	8.30704393814278	-4.0246068262215	0.000103196254826566	0.00157560270770321	0.995100658079193
115908	0.267736198208115	10.7246451094764	1.69337257882987	0.0931220297072219	0.226298312851325	-5.04654644086921
115939	0.320784562301849	8.63107936108718	3.23837179993854	0.00157593318147946	0.0121203054739482	-1.51129643911379
115948	0.844036491080296	6.9688326623159	4.10847812081562	7.53994590904918e-05	0.00125818087290396	1.28689938400984
115950	-0.0664912924928441	7.23210514389168	-0.89254314519199	0.373986591872273	0.568900414155612	-6.04841267590378
116028	0.0301090459196787	10.4582314578114	0.227781662663067	0.820225001752826	0.902829542855768	-6.41326138679028
116092	0.16397916367671	9.87039581424024	1.82885545004284	0.0700416129164937	0.186146628922213	-4.81826943761172
1161	-0.09377568319656	6.99423905909768	-0.810483894198815	0.419354914377809	0.610804371849885	-6.11668933885646
116115	-0.196431392647988	8.30248218372145	-2.31384052784892	0.0224729203202109	0.0828688936807777	-3.86751953899325
116138	0.0486404964965014	10.1833988504067	0.518205376360476	0.605321710981562	0.759987434672093	-6.30687257960343
116143	-0.280036511281653	8.55160598472813	-2.34347676779522	0.0208419070235554	0.0786943195691417	-3.80280981279924
116151	0.164526146466762	10.4087175451081	1.28620378449031	0.200984374834331	0.378938812173378	-5.63123793549337
116224	0.165254088694243	8.14505030970249	1.73011236957761	0.0863229842438359	0.214444466121529	-4.98628558723874
116225	-0.28754199215915	8.22318279395025	-2.3695702530816	0.0194933438946227	0.0750957703948355	-3.74521855006822
116228	0.0781933015313955	9.89583489657346	0.649411761416205	0.517381730155611	0.695455344358884	-6.23176813580206
116236	0.467113848324448	6.73853616830207	3.29926424784424	0.00129476072512845	0.0103933173853848	-1.33276285804837
116238	-1.1439973362994	9.52270459917302	-5.44976945484962	2.96254621337521e-07	2.05635560693102e-05	6.49710319920541
116254	-0.238353923679979	10.9163183747399	-1.8997727552409	0.0599956504327175	0.167357547460762	-4.69218847660584
116362	1.0506737912962	8.00372491780664	3.70903635656985	0.00032335670142854	0.00373556133398565	-0.0619437021443794
116379	-0.204025670709545	6.58070057643744	-1.27383526258678	0.205319009616033	0.383848319270323	-5.64658249649208
1164	-0.170572909930527	11.5035498726621	-1.27011756268938	0.20663526534606	0.385023075063942	-5.65116658327984
116441	0.47463869377803	6.89084130961102	2.29217843057493	0.0237351979510503	0.0861013329273937	-3.91434497157491
116447	-0.0993877747790401	8.74555648712719	-0.64891845468421	0.517699387715548	0.695511183896288	-6.23208190819688
116461	0.0496185884721033	9.57267830123383	0.520012891400695	0.604065371700656	0.759217889568993	-6.30595196870155
116496	0.249198195663907	7.00890602246503	1.06495332230642	0.289152895257303	0.482116050630868	-5.88387702481541
116540	-0.352593476369326	10.6215274768355	-3.45305197714102	0.000779385945565378	0.00722528385002247	-0.869802524011403
116832	-0.429550524917416	9.21375797775304	-2.80431264631931	0.00593145524582199	0.0321692845242873	-2.70248452402871
116835	1.05635473007159	6.80751979917111	6.29352027086894	5.98595735956839e-09	1.20281093591642e-06	10.2048653226276
116841	-0.0995320809409998	8.68499515561092	-1.31621941280029	0.190747153208819	0.365138235342954	-5.59340207454717
116843	0.477019498825532	10.3029112935141	2.88566727866305	0.00467443013876169	0.0271143208891654	-2.49034850161536
116985	0.26706707233746	8.200763694067	1.82414495994488	0.0707557319433232	0.187621940883419	-4.82648428308204
116987	-0.339442087588324	9.55627008355452	-3.00704016999623	0.003247585707721	0.0207866514716476	-2.16420590096568
116988	0.102576999434116	9.62319097312608	0.612553473556495	0.541394550974488	0.71277000176112	-6.25456024671858
117143	0.0462995724198737	9.08195514196229	0.468065592940599	0.64063348567095	0.784177918144939	-6.33113781325087
117177	-0.265312981241679	9.002971287571	-2.41704431628688	0.0172367220805478	0.0687471387664534	-3.63896245290615
117246	-0.1135155290726	8.47062682943081	-0.953568758430489	0.342324400338474	0.538282799694612	-5.99343293905537
117283	0.00966789587136939	6.72713528829057	0.0674016677559879	0.94638029812122	0.972276276428019	-6.43653644386726
1173	0.171190794792791	11.4564489420651	1.47169932918381	0.143863950967528	0.304227045805665	-5.38391978567563
1174	0.0368290315123659	8.26373513355897	0.224462837490205	0.82279996733185	0.903744749327495	-6.41399914950785
1175	0.218884172092785	12.031246375449	2.35484289461333	0.0202446692533822	0.0770958819884447	-3.77779439431877
117581	0.151165312104173	7.1581136228393	0.974162867816634	0.332043221048958	0.528148855356132	-5.97407201418901
117608	-0.00283388600963879	8.53631154111374	-0.0120448920350717	0.990410903507713	0.994746359797387	-6.43869914176996
1178	-0.918853580538524	7.20274951872032	-3.422854853551	0.000862151750664513	0.00775373824155504	-0.962056151746409
117854	-0.380809207999453	9.70065398487054	-3.55281270283662	0.00055599932449181	0.0056768287024751	-0.560415649857692
118	0.155453322453469	11.8342474787742	2.15602930897998	0.0331880369651757	0.110428596765201	-4.19943293966386
1182	-0.322037919544101	9.47243942580331	-3.68876625216503	0.000347225491553739	0.00393426962995046	-0.127569464539175
118424	-0.13647899632711	8.28046735205542	-1.37458803897427	0.171961721618634	0.340216483968843	-5.51740673843478
118426	0.44150623871437	6.94928361295876	3.28733103155482	0.00134586821829362	0.0107202232238238	-1.36796599318251
118429	0.953208359641115	10.2495887077885	4.86033595647353	3.78441426116573e-06	0.000137456947117797	4.0898822814208
118472	-0.0819175694673972	9.37034617018881	-0.919297915234113	0.359885523882072	0.554613177084475	-6.02474920205619
118487	-0.367951427464355	10.2675066784258	-2.64660484120524	0.00928273468293641	0.0442187938183707	-3.09864628979282
1185	0.0767699817027608	7.65006714019352	0.688978329893888	0.49224014972059	0.672940025933808	-6.20583117271825
1186	-0.0607035498102198	9.42468555274736	-0.590331408825246	0.556139723350792	0.723310530707013	-6.26766272236749
118672	-0.209665945610257	6.49434090057944	-1.68061127632787	0.0955831681036787	0.230650589698039	-5.06719028636923
118788	0.7479585003445	8.03154762404727	3.00821790913833	0.00323596191431577	0.0207866514716476	-2.1609851350465
118813	0.0588614311146085	8.21382521588948	0.387471969619151	0.699131047229071	0.825328347879395	-6.36498923061248
118881	-0.122217676536794	9.33895027875553	-0.972842504859757	0.332696257327028	0.528882041093389	-5.97532551580982
118924	-0.0258379945942585	6.98801667682439	-0.276806212616321	0.78243138469237	0.876560862275732	-6.40110349888846
118980	0.0394441643145514	7.42002199208632	0.25978125051257	0.795502227250174	0.885053944031276	-6.40559305975951
118987	-0.0325783161024608	7.43571867150056	-0.335875052692027	0.737583961136383	0.849121047942372	-6.38332145872535
119032	0.0640776830327073	10.0265061218841	0.61595864912743	0.539152687390718	0.711178728496859	-6.25251001227319
1192	0.0586062736993305	12.3779672499521	0.746755520299804	0.456752195557753	0.642721147411761	-6.16522673602899
1195	0.0651188077894123	10.1223902852325	0.419477483796705	0.675658539892896	0.807661293706993	-6.35230709186762
119504	0.416569264657539	9.59327293072094	4.95011230362618	2.59497548602101e-06	9.77776383853158e-05	4.44548116331308
119559	-0.336078177012295	9.52586564783259	-3.08769395094779	0.00253472661664136	0.0174473682112147	-1.94117928342024
119587	-0.339408403916891	9.80180923571308	-0.824815046824149	0.411203299962261	0.603721873033821	-6.105233478446
119710	0.119364349431527	7.89702822380466	0.9904519260247	0.324055937673325	0.520230508856764	-5.95847035842156
1198	0.0982723060540739	9.29987326551906	0.985545502623848	0.326448331030764	0.522952725832407	-5.96319648559194
120	0.524315909274514	10.1610857246267	3.35811478775357	0.0010682077676407	0.00900346547011445	-1.1576269043859
1200	0.0332037377376371	10.7951386976152	0.184646068861265	0.853835521012513	0.918676749194133	-6.42200668343058
120071	0.440400722428292	8.84498588819277	2.64938701525586	0.00921114300644856	0.0440556116000377	-3.09183174620127
1201	-0.488787793382635	11.169559173177	-4.0931622158429	7.98719030941524e-05	0.00131422693138984	1.23328221153457
120103	-0.138184214439177	7.92981202567222	-1.32984625208036	0.186230010666484	0.359742724065752	-5.57594571032986
1203	-0.233969252418246	9.61900328855118	-1.91644587668852	0.0578181578330458	0.163051547866493	-4.661893184923
120534	0.257458800661112	7.91358890007744	2.45214104451433	0.0157208702740006	0.0644118990393081	-3.55919059065291
1207	-0.0230212182218101	11.1471963298224	-0.350689240033692	0.726470256819552	0.842195694221685	-6.37832506184208
1209	-0.0838192403410062	10.0295528071328	-0.561456203436702	0.575591318193052	0.73905564110709	-6.28396917280941
121053	-0.218881078347447	8.65429278575816	-1.92792215212504	0.0563583568412511	0.160192714214981	-4.64089670753338
1211	0.130347092448068	12.5070146673847	1.82230396841436	0.0710364691405667	0.188064498429834	-4.82968945275396
1212	0.162791271701268	10.9418019131672	1.35873789837622	0.17691849479275	0.346783760557217	-5.53835896489829
121227	0.380959910475475	6.78563882345252	2.38095146971211	0.0189297389428397	0.0735118211884609	-3.7199184607844
121260	0.134465629970345	9.42086499597415	1.45423560895585	0.14863533527273	0.310895889934858	-5.40857213671775
1213	0.189451395897833	12.0195618574651	1.23218374687981	0.220421928178025	0.401548122336493	-5.6971961776637
121441	-0.214777093005531	7.13159038976769	-2.04129556828652	0.043536015873039	0.133566888432993	-4.42719855173173
121457	0.275518622823846	8.3145651069576	2.18313449383671	0.0310806993464199	0.105086605240044	-4.14395074614333
121506	-0.732583445192345	8.14505039541825	-2.7738168203015	0.00647729174998704	0.0342744585873754	-2.7806490987041
121536	-0.0325499207765488	9.33559004180703	-0.353554469205881	0.724327373078189	0.8407734825219	-6.37733387302687
121642	-0.38049152801147	8.17452318005328	-2.91292563364947	0.00431128903980053	0.0256011843772483	-2.41810345424393
121665	0.101415042973652	9.27963886679421	0.962275838641311	0.337952656149704	0.534256256420393	-5.98529688116368
122416	-0.0884894680423646	10.8454599761663	-0.994060167151054	0.322303945648538	0.518446281916459	-5.95497999545381
122509	-0.129431824397455	8.78131538783318	-0.983572224350642	0.327413780750955	0.523507129113994	-5.96509074904993
122622	0.243686572699931	7.26655346498409	1.33953744490805	0.183066562824138	0.355544276728751	-5.56342506005872
122704	-0.123448874413649	9.74595349358227	-1.05649187087386	0.292982675999507	0.48673308603297	-5.89261584168851
122769	-0.254950026652631	8.01447728664512	-2.10537591021994	0.0374596700306106	0.119912173929029	-4.30140577455219
122786	-0.127233307364624	9.58368223823943	-1.16123293220955	0.247978751220111	0.433595360939483	-5.77964004071453
122809	0.27390253715553	7.23961366698256	2.3887075932917	0.0185539696483125	0.0724271215950195	-3.70261415671842
122830	0.0519532118250731	8.33864983561085	0.666797505622175	0.50625206794982	0.685739928052724	-6.22055867083184
122953	-0.0470158782240735	7.83941670710707	-0.332558051382794	0.740080130583315	0.850713977277273	-6.38441070403565
122961	0.15768344130095	9.22108498561244	1.81232994520778	0.0725735624287878	0.191031748139512	-4.84700124051191
122970	-0.372453605116414	8.93516489746039	-2.61286306495293	0.0101919186070583	0.047242002073121	-3.18078918091277
123	-0.331894359674286	12.6804023345558	-1.41377212723446	0.160160400760516	0.325202780305275	-5.46460229745152
1230	0.338743119729178	8.31123787035191	1.42900146722418	0.155744828753891	0.320331744399189	-5.44369289726116
123016	0.140645347847855	6.84472583248833	1.40065639564428	0.164039465476924	0.330479508497412	-5.48243656573465
123036	-0.477053212766643	7.59556507479169	-2.47686239680061	0.0147256409530345	0.0613073559839035	-3.50238211076541
123096	-0.0960594356753916	7.44729517225274	-0.463308452833392	0.644028726935773	0.786004326904475	-6.33331242180286
123169	-0.21204450076705	8.60336050386501	-2.15858537625615	0.03298415354153	0.110035988793634	-4.1942280679942
123207	0.114769816597386	8.10577580824086	1.12445839628094	0.263186394546018	0.451864398035773	-5.82049440526099
123228	-0.0447422713796656	6.88610315116719	-0.309841248276939	0.757248715904926	0.861790354556998	-6.39158050748686
123263	0.196858772252707	7.77524360716669	2.10492122928163	0.0375000668304364	0.119965357095044	-4.30231099190408
123355	-0.145865681995785	7.61381423946414	-1.47700703801565	0.142437623157465	0.302230041498851	-5.37637117099781
1236	-2.35329748322879	11.0118169661905	-7.95476164486776	1.46282727999029e-12	1.72613619038855e-09	18.1438477654661
1238	-0.31900670873204	9.89609244800968	-2.29657312954714	0.0234741866107713	0.0856056430044022	-3.90487762474239
123803	-0.0947964325940185	9.57996578826095	-1.12219756798821	0.26414216849736	0.452940484074775	-5.82296414030975
123811	0.244707875259717	10.0025976906672	2.32304500282662	0.0219547148948521	0.0815771232710204	-3.84750183149403
123920	0.293116824753469	10.6196249763497	1.61812476902122	0.108405964068643	0.250776194565445	-5.16612822418159
124152	0.285930199558716	8.22332192166531	2.46048264611787	0.0153785471933905	0.0634816590791633	-3.54007907162935
124245	-0.123193301616634	7.77371878505326	-1.11029931200127	0.269212155831043	0.458304288368593	-5.83588173502675
124359	0.44125448543111	8.9835168566535	2.08342464214217	0.0394533103035242	0.124241076289405	-4.34490209220291
124402	-0.292375731411968	9.24411600441349	-2.4525456907413	0.0157041089274406	0.0643795675255089	-3.55826484516808
124454	-0.294415551510189	8.26257596514522	-3.02905007918609	0.00303660295971765	0.0197966380799272	-2.10383864827734
124491	-0.268863164511248	9.34539316433553	-3.29025882456524	0.00133315736537493	0.0106497870773664	-1.35933866573583
124540	0.191809132371028	8.76688028498983	1.5173719366465	0.131947749626227	0.288101615625861	-5.3181102855921
124583	-0.195672080334496	9.85539732598429	-1.75100834209936	0.0826407947428657	0.207986887439388	-4.95146525099218
124790	-0.146371075528524	7.5670114508999	-1.36881594381421	0.173754482119479	0.341635806309664	-5.52506404318277
124808	-0.117780292471651	8.91360791911781	-1.47962853472469	0.141737224940446	0.30127366907053	-5.37263324420129
124935	-0.188117747948541	11.6979981282396	-1.25930083578205	0.210500224055809	0.389326433206669	-5.66443005046976
124936	-0.316354890058679	9.51650380216792	-3.61425258647976	0.000450112378904089	0.00480352487047516	-0.366390383785451
124995	-0.0220985917626499	10.1543140845408	-0.265898929558471	0.7907984958895	0.88294073750301	-6.40401255044785
124997	-0.0195913618696366	7.84361049653439	-0.14314710070706	0.886427331135432	0.937141911580528	-6.42869457968975
125228	-0.435797186231225	7.60516322287775	-2.76602908515506	0.00662383436604196	0.0348489629703864	-2.80049090609576
125476	-0.0248890853420949	9.65678781282364	-0.254004020921043	0.799951123076973	0.888053059215436	-6.40705188121278
125988	0.0551012429777575	10.86299052116	0.761958406515044	0.447662165085618	0.635888131316802	-6.15400474882145
126119	-0.00140989572028288	7.52897973292244	-0.0111086667105963	0.991156212533793	0.995103419888277	-6.43870980175913
126133	-0.0237156919386127	8.65324235446235	-0.223745187226337	0.823357023571284	0.903898061496386	-6.41415725795653
126208	0.0788280060492162	7.72076954388579	0.757447457022849	0.450348404304331	0.638386445778921	-6.15735785466531
126231	0.136117346311524	8.13632380915415	1.15420145388056	0.250837298492798	0.436928740099222	-5.7875508628649
126282	-0.50693787206689	8.96522647359859	-2.93160267674919	0.00407763211430811	0.0246568384071633	-2.36826600931107
126295	-0.0987391738454782	7.38046631925967	-1.29397986175186	0.198294050314999	0.37558102627881	-5.62151714838107
126299	0.209897679493203	9.91727168383171	2.15256811766602	0.0334658583200966	0.111059859270389	-4.2064718604594
1263	-0.167580301111469	7.78119527464516	-1.0658229053359	0.288761254046085	0.481754788612535	-5.88297506650068
126308	-0.226347937104491	9.10618148881277	-1.65776840582421	0.100120230281448	0.237573427786486	-5.10377225132811
126321	-0.544056357597938	10.6046459935047	-2.98065634822582	0.00351830102207447	0.0220160351835872	-2.23607682993274
126328	-0.140232253091046	12.0588197290281	-1.65434194112779	0.100815565937383	0.23888025663878	-5.10921852123272
126382	-0.357297848630737	8.9745893486847	-2.63575729461287	0.00956669592622305	0.0452064693081249	-3.12515556703979
1266	0.365626406485836	11.8291690836068	2.92353677232254	0.00417707324322693	0.0250563725410708	-2.38982237474136
126626	0.00442085834935197	10.2863941586507	0.0446024728818132	0.964502393861135	0.981792915502811	-6.43779218452482
126695	-0.191279488658715	8.14075359199311	-1.73306199454275	0.0857952154986786	0.213454361451532	-4.98139442885314
126731	-0.279175063301183	10.6475528063111	-1.24273187190511	0.216522883756924	0.397439782184931	-5.68453309105311
126789	-0.542731158929758	8.35849330285123	-3.76941104433561	0.000261144737520255	0.00322720553068946	0.135175903636616
126792	0.341648190643796	8.36294381862267	3.00651315260435	0.00325279962168922	0.0207866514716476	-2.16564678996919
126969	-0.148489719354645	7.74820426000426	-0.984960708305158	0.326734252943484	0.522952725832407	-5.96375825231899
127002	0.054623728895148	7.83437489768668	0.397776716758962	0.691540457558926	0.820825431733975	-6.36101548025387
127018	0.132831506220488	10.424709994091	1.52618743997423	0.129739561699793	0.284785750635209	-5.30518584454547
127253	-0.243700585857296	8.8458635893203	-2.01344158104718	0.0464295712168853	0.139864426787554	-4.48075311758267
127262	0.189144964670995	9.23334396657828	1.7521557653756	0.0824423953747443	0.207614081035179	-4.94954176510605
127428	0.0583009044176862	6.83277595004022	0.741041327571844	0.460195784818158	0.645477531431141	-6.1693867671421
127544	0.253192406904683	7.85148435243791	1.69708766422986	0.0924153038315825	0.225310038267081	-5.04050871022646
127687	-0.152908362393968	10.6359286830811	-1.88280005797902	0.0622826262255821	0.171319038111893	-4.72277328860293
1277	0.160521166792224	11.9842787957578	0.462050552872301	0.644927772219817	0.786636650699305	-6.33388374032893
127700	0.18779811605368	7.70434516877851	1.11504040044753	0.267183868627016	0.45616758058271	-5.8307506067919
1278	0.115261094586931	13.2374080994658	0.372090589110953	0.710517846184162	0.8327229642469	-6.37072713809445
127845	-1.19632441995302	9.26664100658478	-5.29838064437397	5.78719618778111e-07	3.34281402175329e-05	5.86302942995981
128	0.0239085253015007	9.24494590463503	0.243014947152001	0.808431590580654	0.894048057062017	-6.40973630702745
128061	-0.0395444370908002	9.48892718456622	-0.463825305443178	0.643659475250824	0.785993686312156	-6.3330772269325
1281	0.1696515673205	13.9643356262422	0.594683107777566	0.553236640976741	0.720892042036265	-6.26513476646453
128178	-0.344818945172152	8.95803298309262	-2.0839873885495	0.0394010829763618	0.124123930352688	-4.34379227515047
1282	0.137989326807938	12.4983305132615	0.782879386663824	0.435325154026662	0.625566917009947	-6.13819612267343
128218	-0.156651219080387	8.28744018235569	-1.01855418204592	0.310576623370777	0.505789217082535	-5.93095671681917
128240	-0.0529523711742579	10.0779260588662	-0.663402827372361	0.508415136760449	0.687992960295102	-6.22277047416366
128272	0.30622829897834	7.13390071556176	2.35706817162919	0.0201295282153171	0.0767281509268664	-3.77288402115673
128344	-0.197134555469081	6.73566655910574	-1.15750826967445	0.249490069725494	0.435316429221078	-5.78383634446734
128346	0.787834675257402	7.93104521079337	3.82975903194147	0.0002104352141956	0.00272017976409336	0.334658187759305
1284	0.388838857071609	12.3482356065699	2.31714395366154	0.0222857133339991	0.0822887761014004	-3.86034361125838
128637	0.147136211532749	8.6566089773167	1.26235884637173	0.209402221624438	0.388475761360365	-5.66069149417409
1287	-0.0606769291845733	8.79469158217354	-0.409487070743069	0.682952489413332	0.813202762369053	-6.35637345794052
128853	-0.120190994410204	7.19682920357175	-1.05684280918467	0.292823153396813	0.486565931816069	-5.89225475757855
128866	-0.0343140330566454	10.8758784616421	-0.39000306555732	0.697263753232645	0.824225686531576	-6.3640228169709
128869	-0.631887968448194	8.4924093569174	-4.61763173949799	1.02814758598394e-05	0.000290839008911895	3.14993179916182
1289	-0.00161304309441404	11.2234488701323	-0.0076010010854659	0.993948654541226	0.996660198237496	-6.43874207503575
128977	-0.020031913727895	8.33256881383202	-0.136681031513283	0.891524594798169	0.940673307568301	-6.4295842195027
1290	0.323343025101466	11.0162379686746	1.29991305504592	0.19625933315324	0.372924336748508	-5.61406189551744
1291	0.663872750438946	11.5078396659018	2.6091787039286	0.0102959095672356	0.0474579222869335	-3.18970222933865
1292	0.469988462751272	10.4630641949668	1.91877919409144	0.0575188038454606	0.162484719481363	-4.65763375070189
129285	0.313042744210977	8.7633084976484	2.64756622058273	0.009257939515548	0.0441986244208595	-3.09629223944179
1293	0.46085244369407	11.6526473061928	2.32662790122045	0.0217558660467097	0.0811302273344568	-3.83969032454226
1294	-0.127273896448291	7.73511468797029	-0.912234582767818	0.363574976359515	0.558513911982443	-6.0310633155907
129401	-0.0536225929215594	9.0456744586604	-0.459299106398369	0.646896116974369	0.787990256040155	-6.3351280105927
129531	0.104070212857907	9.55751488657908	1.14574951156529	0.254304057465656	0.441382939224523	-5.79699770642162
129563	-0.291140753754389	7.19523076131249	-4.12471426875191	7.09206290466838e-05	0.00120041884410985	1.3438985292301
129685	-0.0712576758127213	6.91177254856383	-0.983298625388356	0.327547790379048	0.523620040358223	-5.96535309794651
129787	0.161290046238752	9.15839300932985	1.53118704764997	0.128500193568182	0.282892217183685	-5.29782400034741
129804	0.390789359945735	7.53414058682726	1.76354552084219	0.0804941495304314	0.204311158412524	-4.93038389531095
129831	0.0108364070728681	7.96891253086716	0.0883839931394991	0.929726934815296	0.963798253209632	-6.43492907308268
130162	0.300799521078861	6.94198845653602	2.12186446190531	0.0360198614865868	0.116402212785292	-4.26845710920083
130502	0.203584678639855	8.29541125153134	1.10620152082522	0.270973840656803	0.460544017247982	-5.84029941487251
130507	-0.305995481788272	8.45872352232968	-3.22382172413604	0.00165107687541303	0.0125579143562723	-1.55355005373617
130557	-0.158193743822297	7.92840080087567	-1.65790520114326	0.100092550907824	0.237573427786486	-5.1035545963816
130589	-0.138838492727634	8.06864277642584	-1.37341794873896	0.172324003172287	0.340688431355455	-5.51896150576727
1306	0.734208700468645	10.1264832864291	2.9733314127572	0.00359706717489793	0.0223901845249864	-2.25593476200121
130612	0.135456943439209	6.56717816097388	1.27136149120661	0.206194161831659	0.384634999261405	-5.64963421356033
130617	0.225744476062169	9.42309733510043	2.11844889360398	0.0363141255699592	0.117124044204554	-4.27530182174039
1307	0.243183243663395	8.80626109587798	1.21862966886929	0.22550667826969	0.407751281763526	-5.71331371785944
1308	0.218072358721356	7.93379233880144	0.586797966087857	0.558502461302859	0.72546474765869	-6.26970177020267
130814	-0.0770207439767675	9.21629374161147	-0.626069279252588	0.532524048436317	0.706387866969108	-6.24635595552868
131118	0.0539360993522521	8.65385886763878	0.510530992196669	0.61066906090979	0.764156493646295	-6.31074580024692
1312	0.0689949304021002	12.0493422489495	0.678232521270164	0.499001981597805	0.679261102174995	-6.21302579533249
1314	-0.0226167767829175	11.4914023884176	-0.276878769965212	0.782375809171302	0.876560862275732	-6.40108375633185
131408	-0.154505893774192	9.26266678732625	-1.25080073412986	0.213574411567915	0.392988335832251	-5.67477551440835
131474	-0.094886670033027	9.66323161628671	-1.06962643973171	0.28705248361692	0.479291189544322	-5.87902144713431
1315	-0.116170210250573	11.2658934342096	-1.53567019548644	0.12739679816263	0.280912320561486	-5.29120300972751
131583	-0.297945352863482	10.3306197693887	-1.99666368986526	0.0482504734138367	0.143569492218405	-4.51268175596137
1316	0.135461276442192	10.2362492288536	0.70721376105564	0.480880320346383	0.663338584846548	-6.19336548147864
131616	0.210180315185581	8.88110784607801	1.93340513891592	0.055671961186021	0.158842970430581	-4.63082390121907
1317	-0.392853021660609	9.25478977957637	-4.30304502037867	3.58291568258138e-05	0.0007200701590784	1.98065171524196
1318	0.329841284146151	10.9068691124913	2.00099377238758	0.0477748046880694	0.142564987978126	-4.50446531865536
131870	0.124592265959577	7.01483522027902	1.04117195511882	0.300004134429942	0.495091786982759	-5.90826407552139
131965	-0.433634340153399	7.90261318600612	-3.01741199465201	0.00314653186177895	0.0203452386791934	-2.13580527553434
132	-0.438304569915714	10.8916372199318	-4.04834963824416	9.44640856299783e-05	0.00149156704121237	1.07725306282241
132001	-0.215632745842661	8.30080633962208	-1.74447721091968	0.0837775642064696	0.210143540949116	-4.96239101939217
132158	-0.0969748152961561	7.68204880942072	-0.768440687385726	0.443818215713225	0.63232538662267	-6.14915180374145
132160	0.749025632168078	7.67410106446125	4.70591573904278	7.17310112222943e-06	0.000220259536318272	3.48815100041749
132299	0.321872097518071	8.19881681461971	1.58398355514642	0.115974427962759	0.262956018383856	-5.21867519073479
132320	-0.0607934612485295	6.85578303501452	-0.512217670764163	0.609491999032873	0.763019689604657	-6.30989947381582
132321	-0.0667175138042516	8.25303329376454	-0.590089446527931	0.556301360684717	0.723310530707013	-6.26780273982045
132332	0.151858171521746	8.57174604356565	0.756469202765761	0.450932166378575	0.638789585179613	-6.15808241648891
1326	0.0854832636063128	9.63828184679511	0.514907580821107	0.607616941984523	0.761480191289966	-6.30854400647376
1327	0.0436369699281481	13.2002228276387	0.721758640968103	0.471924248629795	0.655294146439395	-6.18319131095924
1329	-0.0374851349761372	12.6630696521403	-0.423468379814399	0.672753361489795	0.806115945943957	-6.35065537956121
132949	-0.100846957072479	8.7157981678864	-0.895432639838747	0.372447210148167	0.56720859410513	-6.04589021246273
132989	-0.356434841446653	6.80389020383807	-1.88967529284089	0.061347569332519	0.169647916606875	-4.71041511588758
133	0.246957060007304	14.3397219690899	1.30039968635756	0.196093139022903	0.372865867479094	-5.61344895922455
133383	-0.399062328705436	7.62051019682612	-2.6110256080159	0.0102436617523204	0.0473755017212579	-3.18523566763434
133584	0.661077285312097	9.69323510458601	3.38928046952845	0.000963839121641444	0.00836272179071253	-1.06385794348282
133619	-0.0227267002001482	10.7617388515145	-0.245681023855863	0.806371993163703	0.892316421246833	-6.40909592831217
133686	0.293058219515048	7.93742696467875	2.5040915240682	0.0136949061290374	0.0580399818501019	-3.43922106234544
133746	-0.210986013179623	8.0052102175054	-1.49592052948449	0.137444354320714	0.295648532991952	-5.3492601048579
133957	-0.0664055528975054	8.33992962044465	-0.689697438339395	0.491789432852489	0.672546476053238	-6.20534570609193
134	0.27281370879389	7.79854508575072	1.19393612980727	0.234987425410825	0.419254359499423	-5.74223119389016
1340	-0.0938032098770402	13.0897858728133	-1.3600226017468	0.176512758508401	0.346317193653062	-5.5366694727326
134145	-0.0120545803939997	7.53550134145607	-0.10158639227965	0.919263873138769	0.957276801831345	-6.43369579098249
134147	-0.0800828725165209	7.98847703620875	-0.603405798261029	0.547440361593931	0.716958520178511	-6.26001210053283
134218	0.210408467681795	8.28142309789499	1.82707038465633	0.0703115237395213	0.186683762805672	-4.82138484441228
134265	0.0609657641248039	8.34970155547969	0.428890317466558	0.668814377753096	0.803433211204271	-6.348386425938
134266	0.0914432230350881	9.02413302563667	0.938999120817636	0.349721253590573	0.546634460033021	-6.00688433545766
134429	0.636832178125208	7.21393906647459	3.7448856503322	0.000284905218713218	0.00343874290275448	0.0548046832217697
134430	0.035777461242077	8.39852585375725	0.480552237386692	0.631757907238084	0.777693042293081	-6.32532460003577
134492	0.180017188536017	10.293134528081	1.60282788080527	0.111746562259343	0.256220931722398	-5.18980404727272
1345	-0.022412315452001	13.9041398512227	-0.220230988871537	0.826086120349407	0.905690467140815	-6.41492418176427
134510	0.25022722601203	9.3384320417095	2.73305625910207	0.00727834053226581	0.0373410514264072	-2.88396111199619
134553	0.170873119169604	8.4658507243198	1.27788999188761	0.203890479562072	0.382323578021048	-5.64156800386777
1346	0.615579676229321	8.25368178152843	2.08573764871832	0.0392390249180861	0.123916390724853	-4.34033873863556
1347	0.0359262537597405	13.3137606196948	0.438827031052166	0.66161944050303	0.799072801661415	-6.3441534687521
1349	0.002178383346279	11.5666636768991	0.0239515128889262	0.980933260459152	0.989816925763626	-6.43848837341874
134957	-0.344916015045058	7.36055526808659	-3.34499511316579	0.00111523607678534	0.00928330908212926	-1.19688939115056
1350	-0.0836164901863002	13.3937646189603	-1.14562284082769	0.25435627006159	0.441382939224523	-5.7971387722332
1351	-0.0374870910900747	13.0187831307546	-0.416769142574707	0.677632875635739	0.809084641912577	-6.35341911306876
135114	0.021575147486165	8.88979973531156	0.127901111907216	0.898453125227917	0.944175930583027	-6.43072641815956
135154	0.303625561598638	8.39990047323828	3.36921479339719	0.00102987724057694	0.00877342294115699	-1.12431081277367
1352	-0.147331023599793	8.67852369234108	-1.94521774831368	0.0542171352525888	0.155985209747957	-4.60903210435516
1355	0.0120668163285048	8.87861451839395	0.0867958242256099	0.930986444386009	0.964377731455786	-6.43506588057402
135932	0.650704208961554	7.93503767993648	3.31907885737929	0.00121388831787504	0.00987853941443135	-1.27407851928646
136	0.244581492571964	8.81304416188879	1.66437488029562	0.0987905110977101	0.235636621907908	-5.09324117992785
136051	0.0903267830769656	8.43000554718509	0.611330751539613	0.54220070311871	0.713490171699943	-6.25529368524745
1362	0.0103138088060715	10.4197920823803	0.0834548314940656	0.933636612320714	0.966032621541914	-6.43534558227064
1366	-0.760514468449489	11.0341377144646	-4.77976114168964	5.29136318918302e-06	0.00017839453037817	3.77431726297674
136647	0.28781571857687	9.75307536944774	1.59737608347248	0.112956852644576	0.258023365538089	-5.19819019994343
1368	-0.244195604832116	9.37499608881784	-1.3945229953978	0.16587789208835	0.332884205211315	-5.49072147175672
137075	0.522182689086467	8.30543220662385	2.47527243985788	0.0147879146635875	0.061442744024765	-3.50605110999653
1371	-0.0208343659074625	9.20233777233366	-0.176998046426388	0.859824766447937	0.921878578772061	-6.42336644160956
1373	0.455094666854623	9.59623070903801	1.4383010364141	0.153094921232561	0.317331003608772	-5.43081870501619
137392	0.161618607630752	7.9308620947401	1.66380823881072	0.0989039990264662	0.235703125204446	-5.09414599881946
1374	-0.150058482441257	7.98808677952667	-1.48696054255865	0.139792527634804	0.298380423952329	-5.36214489069153
137492	0.187119755358848	10.1557138742765	2.22971859616197	0.0277300853460194	0.0966050210704852	-4.04711295190438
1376	0.0880101399386105	10.6907080107013	0.928194580888953	0.355272479540527	0.551046828760986	-6.01672797173793
137682	-0.0717856097694716	7.67047623475726	-0.726027243691189	0.469313624621411	0.653935651041305	-6.18016646987272
137872	0.59258917223659	10.9136596021376	2.42097237843172	0.0170608401681154	0.0683185311267914	-3.63008567370517
137964	-0.174549631195277	7.85810689045191	-1.56685657122049	0.119926588834959	0.269329424626636	-5.24463208481496
1381	0.519239895297461	6.26923578341659	1.91735507905113	0.0577013556526905	0.162888994426256	-4.66023402701155
138151	0.286851808095109	6.93332419190491	1.65874236330992	0.0999232928974951	0.237310638106184	-5.10222221586241
138162	-0.804783362121178	7.2307141462692	-5.07034455297934	1.55589849854623e-06	6.90952774085584e-05	4.92814626626133
1382	0.175187658202893	8.87438311846129	0.840072305015997	0.402630489950142	0.596008574729063	-6.0928193636714
1384	-0.123467684500161	8.33327986582063	-0.955712273268192	0.341244775814742	0.537301152922183	-5.99143674846148
138428	0.0592037375344147	7.59982844927024	0.50919589192548	0.611601494890141	0.764849106403114	-6.31141374483929
138429	-0.121122323353642	6.53294585686349	-0.856389727447121	0.393583132062746	0.5887516929278	-6.07929406580387
138474	-0.213154160232255	6.82786236800803	-1.78702574077879	0.0765972948136456	0.197716767237723	-4.89051942355509
1385	0.108563105072291	10.6824109191865	1.17402781857466	0.242836589955272	0.427956098363676	-5.76512477451165
1386	-0.123569027442303	7.05560974045943	-1.21946522491197	0.225190789223551	0.407553882337102	-5.71232515344161
1387	-0.0421815105290171	9.22120590386638	-0.465579256514727	0.642407076094742	0.785185328283896	-6.33227714052848
138716	-0.063518742602233	10.3402086614346	-0.60767121952374	0.544617085849831	0.715075048342013	-6.2574801235797
1388	-0.111226949712372	7.65314300487378	-1.38531226282453	0.168668160681908	0.336277819752006	-5.50309723873805
1389	0.339122468424581	8.3722036620701	3.15481565438931	0.00205513488761438	0.0147704347760805	-1.75179175571856
1390	0.138934981811877	9.14890760835508	0.630962930826652	0.529330793392023	0.703956263631961	-6.24334159727446
1392	-1.20654121409622	11.8780484203566	-2.57298626236145	0.0113694525309013	0.0509617035574571	-3.27666542828757
139221	-0.0317223068995503	7.71636972065922	-0.111240567717606	0.911621672430148	0.952318585106937	-6.43268547653179
139322	-0.488401440236293	7.93479296685221	-3.26990820995171	0.00142388145448603	0.0112225771126475	-1.41917517956103
139341	-0.0401781581621409	9.0878026594933	-0.564489486226404	0.573532740540504	0.737351687635532	-6.28229442068719
1396	1.18489143233874	8.82189889755471	3.53757173330303	0.000585690658988003	0.00588540735187458	-0.608137420215773
1397	0.828820148508602	9.25293682795853	4.2074186510773	5.17903880811104e-05	0.000957021488926111	1.6367844274021
1398	0.138571019585491	9.6766622561634	1.34164260084522	0.18238475274931	0.354637019234769	-5.56069364218087
139818	0.907414316469992	8.82693068980881	3.94467094156848	0.000138626027054122	0.00197082785450439	0.721168624727621
14	0.106782358916902	9.86047874506489	1.43048433216018	0.155319939295363	0.319935835057281	-5.44164543306915
1404	0.323999399609399	11.0322544611638	1.65024179151314	0.101652731480061	0.240174931929435	-5.1157214976605
140459	0.297828057650169	7.36542134578812	2.87267910674149	0.0048571497812651	0.0278999006907161	-2.52456668087431
140460	-0.15318230464078	6.85930006867472	-1.27305401870027	0.205595096166829	0.383906138767613	-5.64754688434077
140461	0.280896506862457	8.48846685611504	3.39403013109719	0.000948799932165786	0.00829242674175045	-1.04950574901713
140465	0.178849101415528	9.86722849814248	1.42256797712404	0.157598591131933	0.322026309580241	-5.45255222587052
140467	0.227164714350137	8.67454593046753	2.24827113178653	0.0264862152222886	0.0932782219979487	-4.00802598411761
140576	0.362912191235772	8.65531061563751	2.00646251171299	0.0471797640306226	0.141299800903895	-4.49406459430971
140578	-0.0659171373105065	6.80074935012878	-0.370654164153459	0.71158462615422	0.833206736948832	-6.37125115118392
140606	0.00505043488454722	9.63826366998917	0.0225787288886314	0.982025880035871	0.99054020870635	-6.43851978534355
140609	-0.0312839038467708	9.1513122077551	-0.1923310033713	0.847825955282311	0.915430377860378	-6.42058246975476
1407	-0.021813078274389	8.8687020380657	-0.172468454266083	0.863375816814968	0.9236540092669	-6.42414466500882
140700	-0.04841463914775	6.38642628222625	-0.328409020404005	0.743206339678987	0.852622828576171	-6.38575798540793
140707	-0.207918899737096	9.04792092020278	-1.62600248851017	0.106717095123454	0.248305128371754	-5.15385177416064
140735	-0.0276902474318313	9.65213083547393	-0.287714466427091	0.774088960243823	0.872302157109683	-6.39807740522924
140739	0.0812894188170006	11.3372902612679	0.75647662068559	0.45092773818706	0.638789585179613	-6.15807692575866
1408	-0.258349858663539	9.3494584412698	-2.40553825279301	0.0177612229432343	0.0702623091528329	-3.66488961632522
140809	-0.167637949295294	9.3688070694476	-1.07636199978337	0.284043472909006	0.475902451567625	-5.87198626140782
140823	-0.0276788834647077	11.9615368941087	-0.284280482366424	0.776712406960862	0.873233221926871	-6.39904263240754
140831	-0.0228280910938709	6.98838069708961	-0.296724604091571	0.767218011260973	0.867993531436192	-6.39548981441539
140890	0.0370256627493651	8.73092763211307	0.316568037083731	0.752151736819514	0.857817044052855	-6.38951016948368
140893	-0.284949678373954	6.44201402693782	-2.47343352812711	0.014860232340935	0.0615883186834536	-3.51029196958754
1410	0.168957121710949	11.1814136976085	0.66013833258884	0.510499876044525	0.690135675307328	-6.22488689241463
142	0.0315051501916852	11.7608368833559	0.271348321271979	0.786615079665912	0.879661317261489	-6.40257375525234
142678	-0.171566185927603	7.80760067265038	-1.04582633960637	0.297859004192408	0.492752929026495	-5.90353364262447
142891	-0.359344894735878	8.11605596724495	-2.68094204567289	0.00843340792219404	0.0416220008897924	-3.01410146321831
1429	-0.129173159715752	9.25049524197259	-0.700488710602565	0.485052798754454	0.667088930687944	-6.19800027513073
142940	-0.138209710331111	6.47265537800953	-0.923982328593885	0.357451859045163	0.553015987209785	-6.02053521912931
143098	-0.174930446652947	7.63675583411095	-0.998179933338666	0.320311251648378	0.516046603981978	-5.95097957433994
1432	-0.0969016772777232	8.40266460018047	-0.650636454522555	0.516593549358948	0.695238533889487	-6.23098813525987
143384	-0.334875557868415	8.12198697633996	-1.89339305030067	0.0608468662268382	0.16882603796899	-4.70371488783772
1434	-0.222538035427011	11.4808664970699	-2.77419342224899	0.00647028066939724	0.0342593066212957	-2.77968835151374
1436	0.707380894399521	11.9037043784097	3.576533031184	0.000512599258026656	0.00531250924880825	-0.485819733002079
143662	-0.644905463415526	10.0055479834126	-2.76188088398164	0.00670311846340408	0.0350428851314669	-2.81103998394621
143684	0.205567814715452	7.82289887090651	1.71966370513242	0.088213950239855	0.217701592166478	-5.00354835943172
1438	0.146682526283122	11.9806990815167	1.12310856539227	0.263756749477231	0.452561435538414	-5.8219695487053
143884	0.0284297455093319	7.99088283108201	0.22964249099632	0.818782103942243	0.902233214856314	-6.41284299819587
143888	-0.139351945858816	10.7122192909693	-0.722927969713949	0.471208296395311	0.654974136323535	-6.18236445185602
1439	-0.176091800548349	8.25955562552101	-0.919144201346953	0.359965560180741	0.554619572298624	-6.02488712184555
143903	0.55908545927824	7.25686937255726	2.76300480150261	0.00668155222476071	0.034952261796405	-2.80818316853332
144097	0.191917134578237	7.37335979732646	1.95737710201983	0.0527533075899627	0.152992425841299	-4.58647118506391
1441	-0.11211158370162	12.1965520789862	-0.700724028118597	0.484906464094183	0.667028205868649	-6.19783883922914
144100	0.0702207832973935	7.92208021426777	0.619480537073156	0.53683895249877	0.709284017996424	-6.25037763115956
144108	-0.300505556166212	7.71843480317283	-2.48126880534639	0.0145542776325692	0.060777721559667	-3.49220282491459
144233	0.0325839276179927	8.43845028669746	0.441578627161595	0.659632624748693	0.797389942986127	-6.34296423081944
144402	0.187941275605643	8.65234871513194	2.37551475132872	0.0191971421434498	0.0742014010785657	-3.7320177719826
1452	-0.00469527356273693	10.308198361073	-0.0570209827856587	0.954628544662188	0.976741208833107	-6.43717158370986
1453	-0.193052336548879	9.82241843014389	-1.88605705961359	0.0618381834551733	0.170659336899342	-4.71692412314246
145389	0.791909367638152	8.25673369328436	5.65178529920857	1.19383743897826e-07	1.04905289850643e-05	7.35898766740021
145407	0.432551954126158	6.82710965206879	1.51884560130789	0.131576572150609	0.287671383262051	-5.31595473939687
145482	0.0971793712286749	8.00682598960562	0.363769262304973	0.716705703155716	0.835826561357876	-6.37373471798644
1455	0.00600044039958447	10.4784608525526	0.0763402965958767	0.939282505168964	0.968959661848927	-6.43590462391795
145501	0.136139006704685	11.3436418676333	0.635949142222578	0.526087319584196	0.702016358605082	-6.24024625800781
145508	-0.253852353242481	6.88813949848063	-1.79683033063233	0.0750168717025064	0.194855144736699	-4.87372597787823
1456	0.165845896106314	7.55543767470032	1.77023395611333	0.079367841824174	0.202712410851905	-4.91907908131191
1457	-0.138909512702548	9.10114136703503	-1.74818024711369	0.0831314713859922	0.208903545375204	-4.95620104436647
145748	0.123441389212913	7.49224561527904	0.756452496586594	0.45094213936832	0.638789585179613	-6.15809478217601
1459	-0.342590532725345	9.18773667867256	-3.24584817276115	0.00153857413618454	0.0118883277501256	-1.48952378466005
1460	0.0626891514857219	11.5942172473196	0.727894155673656	0.468174392931275	0.652756847468557	-6.17883797485479
146059	0.00918952023675179	10.3080462547311	0.11225654231873	0.910817900508372	0.951841581249893	-6.43257382491051
1462	0.487798437621352	10.9475050408495	2.44347178765396	0.0160838207899079	0.0654122893769765	-3.57899110485395
146223	-0.476010396277666	9.67095755106177	-2.77102495334326	0.00652948337830665	0.0344843559493689	-2.78776787664738
1465	-0.121609663682528	12.0487266194926	-0.93867735685655	0.349885761524768	0.546634460033021	-6.00717910326657
146542	0.0154855879184484	6.97927787202908	0.167067354295276	0.867613752945578	0.925782634926293	-6.42504626545492
1466	0.257717273378059	12.4639932560535	2.04666133220674	0.0429967005052465	0.132420859870744	-4.41680343571657
1468	-0.167691926862902	7.39563522469288	-1.48949491734889	0.139125184991247	0.297559302959011	-5.35850791029592
146923	0.085524886637348	8.23124969335485	0.878598160426161	0.381471739235592	0.577415533459041	-6.0604733246293
146956	-0.191039925416583	7.06034516036281	-1.57101515049931	0.118957279041268	0.267807883587046	-5.23835433437138
147007	0.0736084646639076	9.14183089586838	1.00101005084225	0.318947087787158	0.514651874413347	-5.94822202627439
147015	-0.535937733020935	8.38277425002358	-3.45033521300963	0.000786514645130106	0.00725878320533484	-0.878129098758204
1471	0.351341183721419	11.2447753635541	2.39555762832676	0.0182276139080627	0.0714990699392366	-3.6872891758989
147111	-0.199867181572896	9.98131254322788	-0.526439805824911	0.599607893867555	0.756549448138722	-6.30265275194203
147339	0.0522433798368429	8.3200921877027	0.504202216797099	0.615094725410152	0.767127046940639	-6.313896624101
1474	0.0615363972966516	8.15725603635498	0.174300565408178	0.861939161197478	0.923067220470785	-6.42383232070226
147495	0.521541726734864	7.79900281598533	2.07864789434136	0.0398990331243092	0.12532821797791	-4.35431136633444
1475	0.472356247782084	9.45501654407353	1.78430969582444	0.0770399334705197	0.198425272986122	-4.8951561644754
1476	-0.415931953106047	12.1604129539464	-3.54340423346036	0.000574155774860558	0.00578543039811084	-0.589894262305487
147657	-0.493916315656054	7.97591842776999	-3.32171131632936	0.00120350697058211	0.00981339346200222	-1.26626038943299
147686	0.0273724223179215	6.83786673861512	0.218114332814801	0.827730927781716	0.906170637969115	-6.41538025839482
147798	-0.541953093146812	8.93814554951488	-1.58765526161189	0.115140809011716	0.261209305805211	-5.21307540486278
1478	-0.126342139241115	8.7333372355688	-1.25555371046332	0.211851405812571	0.391027905510383	-5.66899906606739
147807	0.00645032484896747	8.01680653978786	0.0572737385536168	0.954427648770669	0.976656637617161	-6.43715737765077
147808	0.124331564654019	6.84443055528091	0.914573558434156	0.362350592242212	0.557208424761184	-6.0289777512779
1479	-0.214788096959925	9.60871190816926	-1.7781635229814	0.0780493871354038	0.200525019514288	-4.90562411854957
147906	0.0477782867292564	7.96088503096277	0.356967144546368	0.721777912518286	0.838575767919368	-6.37614280207191
147912	-0.073753785503136	8.419643027396	-0.833382557126799	0.406375911200183	0.59875274456785	-6.09829015964844
147923	0.18699951339877	6.85755187505553	1.26386355510143	0.208863489631331	0.38777940730439	-5.65884868545377
147929	-0.0450031939933272	6.80088452848163	-0.496705601827126	0.620355461319993	0.771160793369106	-6.3175782448687
147968	-0.129474346721146	6.73028326189417	-1.11387636347729	0.267680866943846	0.45660280874114	-5.83201238699602
147991	-0.273550815217757	7.22182262836786	-1.89494480173366	0.0606388952910842	0.168379481766809	-4.70091463444104
148022	0.0634593266941072	8.09380121032474	0.436414547873848	0.663363385952981	0.799792959855733	-6.34519004758364
148170	0.26888917909841	11.3411688779788	2.4028506377328	0.0178857602388067	0.0705008008878291	-3.67092969739012
148213	-0.35052825276301	8.70019280806791	-1.98418950253649	0.0496433799058861	0.146544966086015	-4.53625921336829
148223	0.3389882328651	7.67197034548855	3.20922810295428	0.00172979017339589	0.0129420895219656	-1.59577181500817
148254	0.112449788511786	7.11139653256812	0.908977115512284	0.365284527004792	0.560110071284792	-6.0339590936119
148304	-0.153742042188602	7.06736262466519	-1.27829748385973	0.203747321500502	0.382315510130428	-5.64106320194829
148362	-0.216211355518606	6.64438043108803	-1.49809112163637	0.136880163236796	0.294895709007808	-5.34612752756384
148423	0.117141836831075	9.51246972280936	1.6729270221736	0.0970904315899672	0.23285916519545	-5.07954945050252
148479	-0.0967499020203153	10.307908851892	-1.24539704810952	0.215545726545548	0.395998154196225	-5.68131691748418
148534	0.0120784938832698	6.18217178207365	0.0680511782700797	0.945864396627851	0.971988046298339	-6.43649318097828
1486	0.149809327229533	9.49844253352092	1.16810292059767	0.245208238817149	0.430665543829396	-5.77186561799191
1487	0.0434111897846719	10.2774581069263	0.581538429113503	0.5620285307602	0.728257724550452	-6.27271436475031
148741	-0.0874473555954212	6.39610151612151	-0.627214220961576	0.531776055045057	0.706071405669855	-6.24565279041686
148789	-0.148534562228773	7.80817896191455	-0.933813565667001	0.35237852538142	0.549137237800167	-6.01162270774785
1488	-0.124126373242708	9.85735578803143	-1.17528781181075	0.24233434730786	0.427709766829685	-5.76368697197732
148867	0.0584058498562313	9.60123314227449	0.549700950930376	0.583602406638365	0.744927474001801	-6.29037477266855
148932	0.764110337596931	8.06919731993801	4.3988580101155	2.46396066588302e-05	0.000534181498692749	2.33068946504904
149076	0.284868804005516	9.53290669523121	2.33876698469617	0.0210939096118891	0.0793061872527099	-3.81314334179799
149371	0.316825216673744	8.5298326748041	1.63192524477519	0.105461307967351	0.246671903847354	-5.14458446027707
149473	0.10198957005504	7.61688636119975	0.756574853922577	0.450869099357269	0.638789585179613	-6.15800420867674
1495	0.0454743773986293	11.9468370901515	0.612221471970145	0.541613382759671	0.712944468780061	-6.25475953876987
1497	-0.145528995119979	9.62375144874028	-0.997807290017722	0.320491159475709	0.516235759997924	-5.95134209109019
1499	0.110712064667489	10.5876828191386	0.610890648287912	0.542491015724052	0.713644814441896	-6.25555732086329
149951	0.0362221152891317	11.5613725530429	0.450224433780761	0.653405705989352	0.791958959632639	-6.33917931766572
150274	0.0940944896840805	8.49301507290492	0.81987246225846	0.414003835883271	0.606217281403265	-6.10920683145366
150275	0.00504598941080519	9.26278720153398	0.0269122727367203	0.978576872949901	0.988815741261567	-6.43841431601646
150290	0.498028315987456	6.68282258555402	3.804004312814	0.000230810527629833	0.00294212184910868	0.249227412695481
1503	-0.0407411707229596	8.9480169425385	-0.259659656900864	0.795595794551998	0.885053944031276	-6.40562410121585
150368	0.247142255904917	8.28081928777499	2.34193372182899	0.0209241751528912	0.0788834718224012	-3.80619741601763
150383	-0.109534693672868	7.44104953230427	-0.785918408930382	0.433549734667669	0.624155989188388	-6.13586450223367
150468	-0.275338984403499	7.96636822435992	-2.15593694896375	0.0331954244271181	0.110428596765201	-4.19962090449078
150684	-0.020648338246903	10.6718119911135	-0.263657347036059	0.792521106997916	0.883926872968533	-6.40459593060112
150737	0.306473052838301	6.30554450394915	2.41605609820007	0.0172812232024938	0.0688581300784366	-3.64119362280507
1508	0.0709531431564353	12.6048672511813	0.391140309617704	0.696425365044201	0.823664592678279	-6.36358655551907
150864	0.352833035098629	8.94770967158791	2.66473953894206	0.00882499168668896	0.0429043150865514	-3.05411457967832
1509	0.114019861347908	10.4482724727789	0.607383356841552	0.544807390835609	0.715187269222098	-6.25765155791695
151011	0.233204922637386	8.81674846364825	2.06107174047741	0.0415765401424009	0.128815536975331	-4.38876093688003
151050	0.0410777090121379	6.18602704792494	0.335213682308825	0.738081444674515	0.849397978896176	-6.38353950231832
151188	0.0220748089881925	10.2030337281514	0.220230891421496	0.826086196057978	0.905690467140815	-6.41492420286318
151194	-0.0816813005470511	11.2904785187849	-0.365715090937017	0.715257050304296	0.834702350312727	-6.3730375149785
151195	-0.170580415650897	8.54948498699064	-0.923522311585694	0.357690382997218	0.553034465921169	-6.02094997304337
1512	-0.319811753419373	10.3783607897193	-1.37027939693021	0.173298613470381	0.341389589140317	-5.52312556272651
1513	0.672600736057808	8.03604645761793	3.39200733996695	0.000955177714053694	0.00830501886114054	-1.05562007075535
1514	0.325592517706123	13.5076277249451	2.51451764126304	0.0133176517532482	0.0568201464265651	-3.41487325446138
1515	-0.360554708185477	10.7538811785783	-1.99822987403101	0.0480779614795371	0.143193777722938	-4.50971179492061
151525	0.058348218917912	9.97356043246057	0.540386362660777	0.589987350112024	0.748931229741096	-6.29535469563482
151636	0.273666597694724	7.1418287740065	1.75196717351258	0.0824749776382144	0.20763283001879	-4.9498579934152
151648	-0.514969767176832	7.30032729212555	-3.46587607866556	0.000746548794536415	0.00697699716216367	-0.830426927729196
1519	0.56398757197146	8.82948370915823	3.69686958345861	0.000337489793131956	0.00384899758157602	-0.101368035794153
151903	0.0267805989483203	10.0522599877521	0.337720022810158	0.736196761790467	0.848470106374949	-6.38271093354531
151963	0.048211843877444	9.75548451752456	0.486390518367643	0.62762629897918	0.776076830773657	-6.32255427444082
151987	0.0109593229029251	8.50628540297496	0.067436742156378	0.94635243819532	0.972276276428019	-6.43653411821254
1520	1.0886291806771	7.02400515463304	5.5160971356852	2.20237089864092e-07	1.68440589099759e-05	6.77814049663342
152002	0.148879459968482	8.87246128384812	1.67674125550818	0.0963398814595677	0.231529654016884	-5.07342146122042
152006	0.0675583207123098	9.60813118962627	0.605070081709483	0.54633790272731	0.716423412688932	-6.25902628083535
152007	0.333606278226525	8.59939789640355	1.79782901886019	0.0748574159950254	0.194563327916586	-4.87201054500223
152100	0.0793131025971795	9.22419608260638	0.812391434839415	0.418264374950361	0.609975053919084	-6.11517595890309
152137	0.391922077056031	9.86110682910472	4.58311502094274	1.18220912449955e-05	0.000323351721866113	3.01887087754172
152189	-0.0250437592771009	10.15557131769	-0.216292272207684	0.829147425173698	0.906672438486826	-6.41576933377682
1522	0.959574415076677	7.80525560428063	4.41107897242262	2.34818402308596e-05	0.000519535003703804	2.37572651241066
152273	0.822473278248924	6.88570770532725	4.45588788291121	1.96691483131924e-05	0.000458795539874978	2.54160288714627
1523	0.266062093840786	9.21581289219989	1.68087906566676	0.0955309855605902	0.230592034111769	-5.06675860998347
152503	0.233133755853676	9.25767519171104	1.77291035336943	0.0789207986572148	0.201822228145076	-4.91454409751511
152518	-0.274181113397705	7.98873545892025	-2.70132841022657	0.00796310151562379	0.0399606430856941	-2.96345368072636
152579	0.0764417304126608	6.85912135525367	0.609821603053268	0.543196534585736	0.71400435640964	-6.25619692696866
1528	-0.240510667570644	11.0067589491004	-1.98405557497787	0.0496585181688566	0.146544966086015	-4.53651160327922
152815	-0.12804331555518	7.4569148980338	-1.11822681090326	0.26582668596475	0.454696298626803	-5.82729004436335
152816	-0.802274381970299	10.2163350462771	-3.45957136287444	0.000762526389676905	0.00711691297031778	-0.849799831472675
152926	-0.115777564955689	8.32741070121468	-0.654126463037512	0.514350933453048	0.693638973113825	-6.22875736791489
152992	-0.0478511532379527	7.31688326386205	-0.427122423503848	0.670097727280814	0.804039399671634	-6.34912940926952
153	0.623525117122105	7.77514580381643	4.30932822217725	3.49657479100757e-05	0.000707884994453983	2.00343906556999
153090	0.254646755769631	7.59637346019853	2.33721390342303	0.0211775968191785	0.079548408243026	-3.81654676103367
153129	0.0994696445539145	11.3509162099062	1.18391551190185	0.23891516684424	0.423393966559412	-5.75380132767373
153222	0.308650515986512	8.9036988379212	1.57623603103849	0.117749181963592	0.265522315866576	-5.23045041437815
153339	-0.204452347298192	10.2968840151926	-1.60470839658193	0.11133150320524	0.255514925389075	-5.18690504205253
153396	-0.136059568635587	8.33160381383378	-1.13081147898746	0.260513560528119	0.448955144995255	-5.81352827380851
1535	0.228914976520233	10.2135440600528	1.41331142078299	0.160295456526536	0.325317069019456	-5.46523146593047
153527	-0.0763427920528566	10.3132700140072	-1.10478433773665	0.271584961696615	0.461203080512756	-5.84182351010233
153572	-0.390253826334016	8.63554814705739	-2.99050625696256	0.00341488918741672	0.0215320493802001	-2.20930814096824
1536	1.52887945073184	8.02826729241439	4.85971747085918	3.79421113109658e-06	0.000137456947117797	4.0874470050894
1537	-0.0795585748581672	11.1032157318938	-0.699729717640255	0.485524951568589	0.66740490929548	-6.19852060414473
153830	0.404054229259217	8.94171186059361	3.87318285968284	0.000179902064432186	0.00242412895955931	0.479695726792198
1540	0.157767837952912	6.62508212592807	1.2734363806133	0.205459937799295	0.383906138767613	-5.64707495860413
154007	0.116412766242093	7.58659230882754	0.892394172685822	0.37406606512191	0.568916534322772	-6.04854250768241
154043	0.313475128333282	7.83787779288901	2.27673249312781	0.0246729158231273	0.0884157417349377	-3.9474887135487
154214	0.0873674329423511	8.56234843503265	0.778025463903538	0.438169650521671	0.627911400643478	-6.14190165261349
1545	0.349492499514783	9.17785173992957	1.02840292952709	0.305942654018244	0.501207124591571	-5.92113546774661
154796	0.199581498820939	10.7864234267972	1.63722746606289	0.10434719494114	0.244929761356582	-5.13626085395901
154807	-0.136097580117299	8.89183897921225	-1.29498129400127	0.197949528970802	0.375358840518555	-5.62026113682221
155054	-0.129042822131282	6.60536736388677	-1.02156653268343	0.309154314849707	0.50466692503134	-5.92796262198514
155061	0.100783260057543	10.0389208298566	1.02025144043976	0.309774710192756	0.505080755268884	-5.92927081157834
155066	-0.108268393675514	8.41948502279651	-1.01667119883279	0.311467910026689	0.506541629616155	-5.9328238808764
156	0.272693341116812	9.40162796548145	2.7371166128173	0.00719468445555998	0.0370037942733035	-2.87372954277583
1573	-0.197555088534987	11.0627656034679	-1.50093500171905	0.136143709559629	0.293845581646861	-5.34201666693478
157506	0.415867999196558	9.06406863833129	2.55034191184805	0.0120913227900296	0.0533473101267317	-3.33052718855246
157567	0.203745256893163	9.86759390401506	2.66112199974595	0.00891463778088439	0.0432383488374075	-3.06301920179727
157638	0.231165613238558	7.83654335726986	1.74186865545341	0.0842351643781334	0.210679871927849	-4.96674400775751
157697	-0.185059509865737	9.01677357497371	-1.76979901830672	0.0794406869161763	0.202712410851905	-4.91981544404017
157769	-0.176000446670094	8.25099932379918	-1.67705707669989	0.0962779468210385	0.231464276655484	-5.07291346473334
157922	0.0264365330516875	7.50099073709158	0.316943597346216	0.751867489872882	0.857808102418016	-6.38939327317478
158	0.0079317539914531	10.4512200997821	0.0665050380088648	0.947092522019585	0.972645061778164	-6.43659548532523
158056	-0.0586375491329814	6.21303313874176	-0.455191940481095	0.649838982996322	0.789595469189412	-6.33697159561081
158234	0.0351819554040709	6.93910324867582	0.393820558299042	0.694450945220991	0.822995717962853	-6.36255336679411
158293	-0.190552303790788	11.1526034756529	-1.63659354641512	0.104479894808374	0.245085858806505	-5.1372573565304
1583	-0.289808407438956	13.1484529716251	-2.05348106389193	0.042319512048782	0.130755846642498	-4.40355503580613
158747	-0.095959945252898	7.94578266249929	-0.634041080233879	0.527327275576447	0.702649346065728	-6.24143360144899
1588	0.0831950739049927	13.886113632753	0.370234269179169	0.711896574911786	0.833252899074869	-6.37140394852107
159	-0.120582588663137	9.85053005748109	-1.19175896191051	0.235836837879464	0.420192467835283	-5.74475310601467
159013	-0.106213833590771	8.24802746528707	-1.07868877036624	0.283009068460891	0.474690691183662	-5.86954593558055
159090	0.149686234511266	8.16867608902535	1.78458664688408	0.0769947017721617	0.198425272986122	-4.89468366775871
1592	-1.24353264280859	8.68499432078271	-3.00085438060714	0.00330927222143296	0.0210915035100588	-2.18110461289013
1595	0.0921050474188214	9.4410528772244	0.542911738907773	0.588253041072181	0.747467395698377	-6.29401290044163
16	-0.246975670318237	11.3055833142172	-2.77982279112841	0.00636630167040176	0.0338578566270208	-2.7653137795615
160	-0.174514396181226	8.82538702503995	-1.31710227125577	0.190452041695974	0.364996256243328	-5.59227638641938
1601	0.18166919046271	13.8948370233059	1.27938292507038	0.20336635140375	0.381860891701517	-5.63971779256591
1603	-0.26356334164895	12.4906649990664	-2.85176195580976	0.00516522119769403	0.0290631655946544	-2.57939467343531
1604	-0.201515183814947	11.6455384521138	-1.17279251767622	0.243329709465232	0.428344452292029	-5.76653293967697
160418	-0.0202962220894792	8.7874927102881	-0.147308822230163	0.883149109234421	0.935352178776295	-6.4281002467019
1605	-0.00232402714660222	11.0528530874317	-0.0249011679369884	0.980177436705696	0.989642540910531	-6.43846555891126
1606	-0.0878502553723813	8.16860865738136	-0.615139571852859	0.53969151207455	0.711496027545131	-6.2530042045529
160622	0.124719685538861	6.6306299532187	0.621757931830291	0.535345496174501	0.708532895113184	-6.24899231958861
160760	-0.0397874532686776	8.26923388377519	-0.279355268163928	0.78047960449036	0.875669588886133	-6.40040681341787
160897	-0.201619024711596	7.85196985304445	-1.48693945005119	0.139798092093888	0.298380423952329	-5.36217513473911
1611	-0.104839816016364	10.1834637526086	-1.17087000296649	0.244098575318815	0.428990262156045	-5.76872160857558
161198	0.419766027273438	7.65579709373396	2.4006277224335	0.017989349569683	0.070657169493857	-3.67592082740012
1612	0.0466103877504341	10.0400545443222	0.326632368219997	0.744546326863848	0.853330464811348	-6.38632974123217
1613	0.432228818573316	7.67386630274306	3.25304273682908	0.00150340498124695	0.0116492731192306	-1.46853267230693
1615	-0.189905098748988	12.3111293635699	-2.28619956074151	0.0240943914492122	0.0870221571362016	-3.92719856002896
1616	-0.120314792912907	8.35062874743019	-1.29700478866042	0.197254743264877	0.374387718302313	-5.61772036224948
161882	-0.0755360307959532	9.19406527494325	-0.637077801253659	0.52535457070417	0.701491877467903	-6.23954225206041
162	0.127088984330822	9.62219122076605	1.20686259855256	0.229989404164125	0.413160608611499	-5.72716551519592
1622	0.201759547264257	12.9782711172211	1.84402175709988	0.0677829727118703	0.181604720921196	-4.79168477634118
162282	0.240149457291986	6.64560458587714	1.2663307963292	0.207982344696551	0.386652913080313	-5.65582245261562
1627	-0.0330783258008135	7.63689275768314	-0.190888899820616	0.848952998450308	0.916168247609034	-6.42085415118791
1629	-0.119233252471497	8.94542044950932	-1.34576005375006	0.181056725420864	0.352635829279967	-5.55533928826726
162963	0.0543820004941634	6.58207438072601	0.430991519018739	0.667290347996469	0.802844697772417	-6.34749938711198
162966	0.0970018694599061	8.46475285093468	0.631564820978817	0.52893872447916	0.70372010816123	-6.2429692397747
162967	-0.100012506271759	8.49912107679168	-0.880738462899424	0.38031689081084	0.576195436188103	-6.0586343988286
162989	-0.186228314788811	10.0015999935112	-1.47697208069359	0.142446981035749	0.302230041498851	-5.37642097271794
163	-0.14076681147674	8.63768275579417	-1.31992931942376	0.189509341275536	0.36369590123976	-5.5886668388462
163033	0.192178568048074	9.27739665834263	1.76184945607017	0.0807818419004878	0.204709571338895	-4.93324415928783
163049	-0.0484356076473465	8.71755999712388	-0.600052020195041	0.549665361691472	0.718391754362589	-6.26199047820839
163050	-0.0881785900001616	7.83371873724095	-1.12063003118321	0.264806272785207	0.453410432669764	-5.82467366939171
163071	-0.981774975916578	7.55603622127248	-4.98728085877129	2.21709093127681e-06	9.1110303942022e-05	4.59391448346586
163081	-0.183580734982088	7.8739605010595	-1.72748336326732	0.0867956221615921	0.215238258771005	-4.99063843269563
163087	-0.255222121753663	7.42097583984664	-3.84289749355152	0.000200711952699836	0.00262188101557368	0.378409569097376
163126	0.382299043288049	9.56998862235045	2.4481632561146	0.0158864897915143	0.0647656828859474	-3.56828363976817
1632	-0.09888159974467	10.9794628616556	-0.910791485797378	0.364331701172364	0.559364284699578	-6.03234743897514
1633	0.384414354672604	7.78653862185309	3.63174280700352	0.00042364842981496	0.00456967423038654	-0.310676862567793
1634	0.520427361990746	13.2199336692469	1.91755689429949	0.0576754560949903	0.162871544391323	-4.65986564458914
1635	0.415284125165148	9.12590511588962	4.03059525271983	0.00010092373347744	0.00155732483347082	1.01578735065982
163590	-0.469259461393538	9.30501119483021	-4.02705239751522	0.000102262346574067	0.00157005015372081	1.0035459890229
163732	1.1964285050687	6.8018769351075	4.12605159685906	7.05633086273413e-05	0.00119682326337133	1.34860073873163
163782	-0.0340112713153565	10.2812034246541	-0.279652966572174	0.780251751625858	0.875669588886133	-6.40032503321815
163882	-0.355987711620379	9.16888892300844	-2.18160534468374	0.0311964120506005	0.105391559729227	-4.1470977314763
1639	0.0567283265585346	10.0211120821782	0.639337415065868	0.523889174027885	0.700342954150129	-6.23812908424682
164	-0.0879142821676356	8.81563311541304	-0.810608794198092	0.419283457357845	0.610804371849885	-6.11659035487172
164091	-0.260880369571183	8.73209628515827	-1.25135063392373	0.213374544350144	0.392795573062667	-5.67410829259222
1642	-0.00901628695065306	13.3103888589017	-0.0999002647406178	0.920599399874439	0.957822275218902	-6.43386284469645
1647	-0.378760437308809	8.93989686164576	-1.61666811990371	0.108720583763163	0.251127522898134	-5.16839200185005
1649	-0.0926083435105653	8.56342650838736	-0.552093025666812	0.581967971693182	0.743665755907439	-6.28908222119363
165	0.94309215308734	8.23374159109872	4.04329479147386	9.62617759733184e-05	0.00150306667209756	1.05973277224225
1650	-0.304874440710432	12.9053570211388	-3.41292280283204	0.000891131938355756	0.00790698205912481	-0.992255990259158
1652	-0.408641413133847	11.4726421884065	-3.74277311949186	0.000287045165790019	0.0034410376657606	0.0479007779116571
165215	-0.12361638628892	8.09383969909599	-0.524540363392564	0.600923707903658	0.757439872900075	-6.30363201676376
1653	-0.00686488231477346	12.2056706411476	-0.111961865157743	0.911051020109147	0.951923838085862	-6.43260631326362
165324	-0.147061001454577	8.85198941860135	-1.43856419415228	0.153020443274954	0.317312401800216	-5.43045322253093
1654	0.0293962954010029	11.1547688647837	0.174559851382705	0.861735878557994	0.923005942458105	-6.42378785032765
1655	-0.104118398094022	12.6556089457845	-1.01537122006984	0.312084235047283	0.507038578594174	-5.93411095958737
1659	-0.145284622326575	8.08608379030495	-1.77704326469363	0.0782345500739896	0.200776147652683	-4.907528429093
166	0.058137862360209	11.6704162117483	0.44040203497951	0.660481897526553	0.798299747376255	-6.34347365969392
1660	-0.0717317431968884	9.5934466539563	-0.472360426727923	0.637574728451489	0.782064659552615	-6.32915553110401
1662	-0.171419584621256	9.44021215655864	-1.86531111066196	0.0647151531347067	0.176046444064079	-4.75401898759567
1663	-0.193028105238475	7.86845630411131	-1.56793333479612	0.11967501017727	0.268957826292942	-5.24300814019699
166379	0.168522867611322	6.5647429209932	1.55831406544994	0.121937388273811	0.272216980308562	-5.25747782349729
1665	0.0897460137508626	11.8042940689047	1.25700814732482	0.211326195942436	0.390329691074356	-5.66722718598218
1666	0.13009435396533	10.3062419242464	1.12257057773817	0.263984310342309	0.452857820026473	-5.82255699812681
166785	-0.113551022078904	7.46461829294849	-0.955542318110839	0.341330296458639	0.537333380741063	-5.99159518349695
166815	-0.0844190512309092	9.98049109560934	-0.595352330023749	0.552790861511014	0.720765985174582	-6.26474437022399
166824	-0.00409428843872432	7.90763089125564	-0.0236859869644468	0.981144593801317	0.989816925763626	-6.43849459374008
166929	0.0264720163582098	7.31342329061479	0.118744227479589	0.905687488299356	0.949242311045893	-6.43183692231367
167153	0.199174992057231	9.2668865053545	2.4184799032971	0.0171722566195297	0.0686261924195615	-3.63571976413305
1672	-1.30867267279912	7.99347052099337	-3.444408101837	0.000802280555371121	0.00736721055405746	-0.896276702883836
167227	-0.211838638982465	11.2021934263324	-2.08534646579238	0.0392751950263517	0.123916390724853	-4.34111083618162
167359	-0.287879076472747	6.96337724490911	-1.41905033550958	0.158619311448527	0.323345388095961	-5.45737994590061
1674	0.395004274381592	7.6377652279902	1.7164701631493	0.0887986136590442	0.2186871045986	-5.00880479442666
167410	-0.0948000720259257	6.5521588591722	-0.57771378261871	0.564599455199972	0.729651064739254	-6.2748881425323
1675	1.28901373679929	10.011792662592	3.90635404733126	0.000159472170078681	0.00219540020808318	0.591326109591794
1676	0.0209431608361152	9.24479010769967	0.25348562878587	0.800350647639318	0.888322540916523	-6.40718117950181
1677	-0.183100646513382	7.38943984272834	-1.3101224211023	0.192794500587622	0.368049423078233	-5.60115606588412
1678	-0.239988554559706	8.87725800679345	-1.99005162757077	0.0489845970907402	0.145142263175194	-4.52519634534178
168374	-0.107636038200616	7.76512970174194	-0.723152796891697	0.471070709667454	0.654947662321692	-6.18220531943441
168537	1.12301494439961	7.33812466630402	4.7650072113116	5.62427209624379e-06	0.000186572239015959	3.71690813117404
168544	0.335168269018041	9.00606387728649	1.87116947599434	0.0638916158558509	0.174288225551297	-4.74358293534598
1687	-0.0685807713079215	11.7249328948112	-0.561342775257142	0.575668366282369	0.73905564110709	-6.2840316253455
168850	0.00670289579048978	7.92673261590917	0.0692651711618488	0.944900192717989	0.971336157668215	-6.43641120641882
169792	-0.265681484861641	7.89653389366786	-1.135942033646	0.258368994247421	0.446685326069974	-5.80787464879423
170384	-0.321897664472478	8.68071109589684	-2.23618528863499	0.027290843601689	0.0953380143224997	-4.0335223436183
170394	-0.338249667534365	9.55888969795696	-2.38453817376828	0.0187551398599812	0.0730300711610183	-3.71192265393594
170463	0.393035861157922	8.59559739470963	3.19177317768959	0.00182852524436917	0.013497424949499	-1.6460630258417
170506	-0.143661847149469	10.339098535339	-1.80979571392581	0.0729684772232733	0.191740731602885	-4.851385609572
170622	-0.0379605127038506	11.5495586088557	-0.516083052972787	0.606798374498448	0.760685168213261	-6.30794945809936
170626	0.0042389258432199	13.7482381595126	0.0390659373763852	0.968906314998401	0.984520379122498	-6.43801998355873
170959	-0.0987897736407637	7.2061738021555	-0.970577609762194	0.333818403996723	0.529786407227208	-5.97747182724837
171017	-0.112624832515417	8.94887687730093	-1.64294226931496	0.103157015676346	0.242895367584555	-5.12726075992057
171019	0.600244647800212	7.77096183647224	3.92308711374204	0.000150025211395782	0.00210035295954094	0.647910955262522
171023	0.181263189078627	8.40559227375217	2.08609737354748	0.0392057888310634	0.123916390724853	-4.33962861337138
171177	-0.0247099283018736	7.84966255502652	-0.151206589318104	0.880080643004741	0.933418863792907	-6.42752816957769
171546	-0.0351035211125309	10.8712030229654	-0.381227952358833	0.703745388826662	0.829101305046547	-6.36734646166115
171558	0.300979371489702	7.11357265080994	2.32128993032207	0.0220527037540308	0.0817206518655427	-3.85132429135913
171568	-0.00694493870274892	8.85028574259287	-0.0603689048867716	0.951967783753582	0.974984983732745	-6.4369783193881
171586	-0.263252765081654	9.18513608479416	-1.44909660618309	0.150062466789933	0.312883872937561	-5.41577258260041
1716	-0.0584210681003011	10.1643447534235	-0.860700168782067	0.391214151417406	0.586572679380609	-6.07567832185987
1717	-0.19016358802068	8.7888642038208	-1.08860674271473	0.278628897698884	0.469401324697692	-5.85908606280804
1718	0.0731132064503719	9.45842830763241	0.388179905011964	0.698608587675438	0.824947381586722	-6.36471956148067
1725	-0.191935544966713	9.49131300722548	-1.43224693295628	0.154816056791624	0.319681488868239	-5.43920906187001
1727	0.142196089730901	12.9304145884722	1.38293416921868	0.169394336797539	0.336965671490343	-5.50627963722023
1729	-0.427237885038115	10.048244066015	-3.18588297377698	0.00186301074048376	0.0136786388590185	-1.6629824780702
1730	0.0939864907417472	9.6941851019719	0.68111034617019	0.497186212183152	0.677571046466397	-6.21111000572564
1734	-1.2566595307445	10.1911940829987	-4.29765368691398	3.65863265593125e-05	0.00073323951510765	1.96111778264143
1735	-0.000336246830445495	9.15522682033984	-0.00114666568382678	0.99908710234745	0.999329070645427	-6.43876984036302
1736	-0.088423871303926	10.4175258874192	-0.814722971497413	0.416933737688531	0.608996051866891	-6.11332141999315
1737	-0.0179381117772312	8.61194361642278	-0.195296606112897	0.845509249132578	0.914112866117692	-6.42001735089215
1738	0.0714236926635227	10.4621131665587	0.714917403207218	0.476125126017187	0.659106776038605	-6.18800233155354
1739	-0.121576879189671	8.66511619440701	-0.860927706170354	0.391089343091319	0.586492006887126	-6.07548695805665
1741	0.300107514654531	7.26355854681857	2.4311900003321	0.0166107892940045	0.0670601757421686	-3.6069348170788
1743	-0.0427565772717757	8.87418406850712	-0.25295047879227	0.800763143002927	0.888388932723803	-6.40731438078739
1747	-0.72331717618762	8.6630991560563	-4.20339900744402	5.25926256487866e-05	0.000965366861908838	1.62245188954525
1748	-0.0181129529442098	7.73845968240951	-0.130024926448506	0.896776411522603	0.943614415181745	-6.43045707507651
1749	-0.478023463597507	9.39403159406541	-4.41062666106273	2.35237398771456e-05	0.000519535003703804	2.37405808341924
175	-0.24395164118395	8.58279605898104	-2.09800199620032	0.0381194669120659	0.121289212902028	-4.31606411222291
1756	0.316998057732147	7.56390695047263	1.67204351979039	0.0972649577928332	0.233142353850494	-5.08096700260177
1774	0.23749486521651	8.95194319190296	1.90913295227908	0.0587648854853399	0.164541679358952	-4.67521138537772
1777	0.0301648104550694	9.63590099301581	0.247057677179847	0.805309032473419	0.891788793166704	-6.40876253039969
1778	-0.0116410753293782	10.3836125760673	-0.135194636721389	0.892696984152948	0.941201615270641	-6.42978291651503
178	0.000213166344313321	10.7110126349155	0.00158429442816935	0.99873869219756	0.999296607742813	-6.43876925262966
1781	-0.0158474227834441	10.3358229498273	-0.152312902057016	0.879210042980725	0.932974685896812	-6.42736307473559
1783	-0.0258436679478305	11.1356006053316	-0.396869822601759	0.692207240366248	0.821380808134637	-6.3613693734513
1785	-0.15854562833085	9.50412572996431	-1.53932504143306	0.126502802571559	0.279687673779731	-5.28579158106414
1786	-0.0758556923412841	11.8976698632345	-0.717740331265141	0.47438918867771	0.65745884202649	-6.18602264145072
1788	-0.233418684868873	7.98845847882458	-1.50954930273288	0.133931846939017	0.290666593724718	-5.3295189274154
1793	0.130285452036058	8.42209958724799	1.3590168097085	0.176830348960164	0.346693254785416	-5.53799230446014
1797	-0.221344866483888	8.24405510897825	-2.35579845437606	0.0201951552187775	0.0769427961748627	-3.77568633705507
1798	-0.394480783506341	9.35348865869235	-3.71435686494381	0.000317354342093595	0.00369203783900436	-0.0446718312081735
18	0.72291674358314	6.92185101476587	2.90521340733649	0.00441131149996391	0.025989609835736	-2.43860294236513
1802	-0.303454998398887	8.98587287132339	-2.65488517769872	0.00907112923135828	0.0436640602861418	-3.07834623231575
1803	0.407300348508325	10.3535330212431	2.59905026168455	0.01058673301971	0.048354204824978	-3.21414720551678
1805	0.798219229106515	6.93952383936773	3.520308137784	0.000621126970759282	0.00612964011764834	-0.661994913263114
1806	0.73267009828927	6.08826726454123	4.23324207531522	4.690995523684e-05	0.000878630907610653	1.72909679042474
1808	0.712807594600329	10.7596375501865	4.78266723850599	5.22808153834559e-06	0.000177336824294379	3.78563891815739
1809	1.17240987734852	8.0223103806341	4.6747437571369	8.1492142320976e-06	0.000243885904192486	3.36824070031427
1810	0.0191828486083295	9.32388963544942	0.222483486668447	0.824336602382759	0.904528191905856	-6.41443400188425
1815	-0.310768858630384	9.59731583537327	-2.86410576303844	0.00498132376793786	0.0283763684987357	-2.54708087882266
1819	-0.0117239321657934	8.91134528959547	-0.15430766627405	0.877640660919971	0.932027752532651	-6.42706235633309
182	0.841050334215928	8.22147313951364	6.10406275516751	1.47117563210884e-08	2.16998405736054e-06	9.34878277699179
1820	-0.277121194146219	12.0649047051972	-2.13294092318973	0.0350797114225419	0.114258050611276	-4.24619025163965
1822	0.137455295304429	9.21944113788444	0.944664835871983	0.346832700882965	0.542994334589327	-6.0016776883858
1824	-0.344696013601448	10.2927203624964	-2.20867028225484	0.0292028140067468	0.100197717508719	-4.0910994725058
1825	-0.366119485534342	9.03294628692811	-2.53607683789413	0.0125669462655583	0.0547195446249403	-3.36424071413983
1827	1.06454260379174	8.58847093274777	5.85884855289028	4.62237406261162e-08	5.46992778484153e-06	8.26007868837851
1829	-0.217101820645081	10.5511978523122	-1.76986109338139	0.0794302869705591	0.202712410851905	-4.91971035954092
1831	0.709243780948103	8.34854068828769	5.38880067789234	3.88425465322173e-07	2.50655808090714e-05	6.24049360659973
1832	-0.295146298724673	11.9761356062842	-2.75000151397368	0.00693497256380272	0.0360269643880569	-2.8411734798408
1836	0.295023970273012	10.3714940202587	1.54572089831484	0.124950256875663	0.276773698523191	-5.27629211094087
1843	0.453486344797734	11.3261383673297	2.24767709475954	0.0265252732231108	0.0932782219979487	-4.00928209954499
1845	0.133873079414036	10.6358052059344	1.37468659146702	0.171931234332444	0.340216483968843	-5.51727572754367
1847	0.0102954429291292	11.3323171091713	0.0853108580600753	0.932164266729604	0.965055453347533	-6.43519155428947
1848	0.480299078321743	10.3992780617347	2.66750976466279	0.00875689540486688	0.0426737203800592	-3.04728843982078
1850	-0.183856072279908	8.2181663854073	-1.5049865980623	0.135099862280633	0.292285534845727	-5.3361471104811
1852	0.29586466701237	9.93222346550477	1.88233097841579	0.062346855758396	0.171319038111893	-4.72361491536091
1854	-0.0038701474728178	10.3541438822605	-0.0348629617363829	0.972250132841084	0.986219587040077	-6.43817278410192
1856	-0.00792291674562678	8.30833510530833	-0.0782083986252466	0.937799721221992	0.968157192512642	-6.43576265224177
1857	0.00047410099507402	10.6832693784642	0.00403819046689761	0.996785074012858	0.997993298344995	-6.43876246772778
1859	0.00171848978210373	9.31112783914464	0.0165656079236926	0.986812189088783	0.992701093883004	-6.43863553680879
1861	-0.00629138786793129	9.60766506429221	-0.0756079266706677	0.939863873653574	0.969099139924863	-6.43595934600915
1869	-0.105879241426065	7.27139436815231	-0.861415535369647	0.390821842632197	0.586197279851453	-6.07507651506911
1871	-0.126182100785287	8.5770751200757	-0.773682891382162	0.440723639273745	0.629714108355153	-6.14519749235596
1874	0.0203765535601947	9.90996149333187	0.207535988688604	0.835962466362705	0.909876132844373	-6.41759362030187
1875	0.0113387127229675	8.07907098460878	0.0880126517363984	0.930021414114655	0.963951913996664	-6.4349612832067
1877	-0.03419610985958	9.43081962652236	-0.489867660895296	0.625171207555522	0.77431611552086	-6.32088850619577
1880	1.07869333407681	8.49561953024039	5.85823366077231	4.63553202105215e-08	5.46992778484153e-06	8.25737745064352
1890	0.113627357743851	10.1164066979062	0.555556214076257	0.57960552316609	0.741532052484616	-6.28720100612273
1891	-0.0726917518953872	12.0818651305278	-0.835300078749138	0.405300190489975	0.597924553214358	-6.09672644920555
1892	0.245189621094923	11.4137080070404	2.0914578864295	0.0387133770573244	0.122753356811324	-4.3290331271841
1893	0.937115095744483	9.91053406754835	4.54566341941218	1.37459318532494e-05	0.000363914734319999	2.87742247608215
1894	-0.078495584848317	9.85742797035345	-0.492943256089383	0.623003139829819	0.772673563812959	-6.31940525737472
19	0.4434134986109	10.4069656499461	3.09900782023306	0.00244722223211264	0.0170582747993674	-1.90949601253196
1901	0.821386101836298	8.07931289912033	4.38700680098361	2.58147726612176e-05	0.000553844213458851	2.28709869396714
191	-0.509910193699345	12.4581752728555	-4.80820812705756	4.70260440297382e-06	0.000161176399869559	3.88533535429954
1910	0.466655413658225	9.35238034288137	2.96487159459158	0.00369005749997499	0.022797213874191	-2.27881755864444
1912	0.367402253428504	8.95453540649976	3.14911479445062	0.0020923303778287	0.0149762988915642	-1.76800944874072
1915	0.00717002308559063	14.9445420514688	0.098566345189663	0.921656115099157	0.958438815399602	-6.43399302272639
192286	-0.0228768172605812	10.999505245921	-0.227045619926046	0.82079590435609	0.903006682203156	-6.41342593997543
192666	-0.838099239805403	7.28051358204229	-3.43248964761746	0.000834886899879146	0.00757820416813379	-0.932692421172185
192669	-0.215773616593376	7.76060818049372	-2.69432358747339	0.0081219474928139	0.0405361246469141	-2.9808943703448
1936	-0.278003167854707	12.5509486252049	-2.54030019349758	0.0124244122355953	0.0543568035307292	-3.35427692920397
1938	-0.143345192055724	13.5277798923719	-1.4453554487938	0.151108051625737	0.314554563112043	-5.42099901874131
1939	0.236742406170811	9.44413180177251	2.15867251211492	0.0329772223834156	0.110035988793634	-4.19405053496174
1942	-0.000684098832823377	12.1302119776765	-0.0032881599806986	0.997382193627313	0.998470115060187	-6.43876516997888
1945	-0.294967278055501	7.77268077909681	-1.97158039846599	0.0510859318312098	0.14952863108639	-4.55995178748028
1947	0.134086450792913	8.77530109442549	0.754887802847838	0.451876766033271	0.639073966853792	-6.15925174906294
1956	0.205133127259856	11.0773919714207	1.25138816497945	0.213360908256778	0.392795573062667	-5.67406274383093
1958	0.87171022342298	8.75462356786521	4.00198857363737	0.000112228913304219	0.00167757698758843	0.917173742535849
196	0.197032442309323	11.7511351461693	1.06528190135431	0.289004867830109	0.482063854660077	-5.88353629728058
196074	-0.107548983725142	7.51504266860852	-0.90604554454886	0.366827384780806	0.561421937796824	-6.03655643544602
196294	-0.192210151787446	7.21986022215816	-1.46617766252341	0.145359526498499	0.306762822912008	-5.39174495378327
196383	0.441255162684118	7.94563436599193	2.85799648992624	0.00507157630252021	0.0287097049826209	-2.56308886480408
1964	-0.0591074487687487	11.0625238222517	-0.409917036140763	0.682637949284279	0.813152915915177	-6.35620046267925
196403	0.483496358238966	7.29478428221394	2.62417932917855	0.00987841484247667	0.0462298620956699	-3.15334389370356
196441	-0.0651046060919552	8.69837317739362	-0.545582820889525	0.586421270174544	0.746699505417255	-6.29258691654261
1965	0.169333196178573	9.2156656925816	1.71836217684606	0.0884518491069421	0.21796308878978	-5.00569173827919
196513	-0.127176327433669	7.52169115698341	-1.02032769360649	0.309738714988066	0.505080755268884	-5.92919500381487
1967	-0.0733752328967773	10.25358255197	-0.519699787769433	0.604282913897304	0.75926024776266	-6.30611166834389
1968	-0.0473880040393175	9.76471891429835	-0.449140755248938	0.654184869745311	0.792544298048734	-6.33965773270726
196883	0.993635773395046	7.68075869126242	4.60691510287879	1.07377200038425e-05	0.000300337519160871	3.10916922283445
1969	0.101739514462597	6.77363389278674	0.856329640150102	0.3936162175985	0.5887516929278	-6.07934434245803
197131	-0.425621234337464	8.33461026174435	-3.38007501358941	0.000993625992508137	0.00854932364387209	-1.09162788939415
197335	-0.190083912048615	7.84461060390626	-1.65055680317606	0.101588214367534	0.240091173297806	-5.11522242325589
1974	0.0273821006315025	13.1340562432166	0.298388396241408	0.76595124439711	0.867510939081329	-6.39500328264382
1977	0.117843128870023	9.21287651035189	0.559947295920733	0.576616673866397	0.739147496796745	-6.28479893700517
1978	0.104049694677392	8.59461075147366	0.748281433949301	0.455835110274324	0.641868055040218	-6.16411049253265
1979	-0.0242306810641101	10.9866386476124	-0.253136704122823	0.800619593516846	0.888388932723803	-6.40726806034826
1981	-0.116928116674155	10.6912165858763	-1.2379094888933	0.218299160156305	0.399725914985435	-5.69033541898873
1982	0.0474409618019876	13.9636431722331	0.54365523995186	0.587742894923239	0.747230462069564	-6.29361667411741
1983	-0.285150131669423	10.5705877196019	-2.5432243289916	0.0123265772460338	0.054043273913078	-3.34736963574772
1984	0.0692036120801242	11.079379121195	0.514274319402479	0.608058135155	0.761801940904035	-6.30886374792374
1992	-0.00509137412023276	10.3168180055208	-0.0505713407378377	0.959755815727029	0.979168042308736	-6.43751282744072
199223	0.0720063674339269	6.44529780689506	0.622051140095568	0.535153372085821	0.708392123946937	-6.24881359775106
1994	0.135542260517007	8.01516441495421	1.18441367264722	0.238718802819659	0.423369756557076	-5.75322838062255
199692	0.070773814358505	8.7864905869625	1.04416299714628	0.298624416330846	0.493577165505793	-5.90522653825838
1997	0.121528014539351	9.76073621965916	1.30891684039765	0.193201260575357	0.368654294609181	-5.60268515827722
199704	-0.190916689633695	7.79940191380884	-2.06772138122445	0.0409348990886263	0.127402214091475	-4.37575936479569
199777	-0.806646529617886	8.79862852456473	-4.20907868094717	5.1462520077536e-05	0.000953095102781272	1.64270635913565
1998	0.179501745239089	9.63356770637862	2.53050671996662	0.0127571746688047	0.055272560300432	-3.37735922513672
199857	-0.0722054880602028	8.45967400300495	-0.78022088147156	0.436881752399453	0.62704487833527	-6.1402284737169
1999	-0.497482854358725	9.39942888405307	-3.60834131536336	0.000459404617216143	0.00488376079563107	-0.385172283526309
2	1.49161304120043	10.1130381312074	4.01961472210548	0.000105128003525772	0.00159624505353469	0.977873188051292
200081	0.0644645576934666	8.75284099459272	0.713960518948033	0.476714354029225	0.659476975465062	-6.18867163033519
200185	-0.564395468651894	12.2306412001693	-4.6189326054501	1.0227386982362e-05	0.000290328494016348	3.15488421938143
2002	0.0136920813501301	8.9866747950755	0.0755808395732203	0.939885376505821	0.969099139924863	-6.43596135982047
200205	0.0464413369899554	6.99747198780164	0.433051264407805	0.66579773546234	0.802025564374934	-6.3466256557606
2006	0.86958357810733	6.35665239386893	6.21914201611911	8.53273480022147e-09	1.56623087666287e-06	9.86729164084106
200845	0.348170217836795	8.61368716394208	4.51406232902334	1.5601563581567e-05	0.000395674777861015	2.75868799486095
200894	0.445920376955918	6.97654976475679	3.3437691984695	0.00111972814864241	0.0092988773209407	-1.20055171054138
200895	0.0736212238143464	7.21353450164291	0.702376803396724	0.483879351594497	0.66674087035003	-6.19670346425067
2009	0.824508949816253	8.35653428116003	4.98376654579073	2.25039425898847e-06	9.20210721744791e-05	4.57984998868513
200942	0.329549800509223	8.76809702471336	3.58997896305234	0.000489439486238262	0.00512391654794429	-0.443360219583559
2010	-0.335527917271944	10.1282855180173	-3.00886003981856	0.00322964054354843	0.0207763480449455	-2.15922864796597
2011	-0.165456495387646	8.66184326415096	-1.53868945290313	0.126657914567991	0.279880785000429	-5.28673352991313
201158	0.0454773631964558	8.61621183524209	0.306639019335555	0.759678866927106	0.863604106911354	-6.39255047889761
201161	-0.443920666316204	7.85897222788641	-2.64578776495902	0.00930385527380692	0.0442683436415007	-3.10064640493029
201163	-0.53051221309013	8.14097884499118	-3.79718039589998	0.000236515653108658	0.00298262487737026	0.226665995267006
201164	-0.142346625596212	7.64128027059675	-1.35397024957656	0.178430374070594	0.349084530986051	-5.54461531933326
201176	0.0310391791135624	6.68264029392033	0.231822911720639	0.817092183446985	0.901021892180506	-6.41234842537341
2012	1.2639084309918	8.16684348495813	4.96713447067023	2.41472411983204e-06	9.54335944010176e-05	4.51337233140068
201254	0.0346161290548039	11.5484290790565	0.301658190660506	0.763463560004638	0.865929631824562	-6.39403920426785
201266	-0.302972745029056	8.98689907798794	-2.69278354613193	0.00815725356388934	0.0406537742855666	-2.98472345953529
201294	-0.195697548181926	7.93299078689508	-1.35331414831925	0.178639191954982	0.349244905455183	-5.54547462387914
2014	0.215568415238486	9.44589717754913	1.15842515643903	0.249117430107451	0.434863635899163	-5.78280457639535
201516	-0.219531014561685	7.68207002401938	-1.31873766877793	0.189906280463242	0.36422638458421	-5.59018924122171
201562	-0.118061406712458	9.99432479895992	-1.30315323360439	0.195154716556782	0.371680414747295	-5.60997653821997
201626	-0.252822811334566	8.23998726985957	-2.17361522179906	0.0318071460717927	0.107017118758863	-4.16350846967279
2017	-0.05129206174505	9.59545973724776	-0.653811266672334	0.514553262005492	0.693673523268674	-6.22895932373764
201799	-0.809516246184888	8.72227184964702	-6.38301024746786	3.89798359567077e-09	8.70198500006502e-07	10.6134921416204
201895	-0.293874178643141	10.4578192460365	-3.09465416324663	0.00248055763224649	0.0171945923688353	-1.92169948818552
201973	0.09694637577892	7.84037600365446	1.10660752235246	0.270798939799065	0.460341478234262	-5.83986243244441
202018	0.53890020349186	8.05362785932053	4.27464245751378	3.99946653774047e-05	0.000773667297464551	1.87793973370671
2022	-0.797925038849438	11.7872416738324	-3.79822189224994	0.000235636325739888	0.00297607958809094	0.230107405691782
202243	0.0881035887999241	10.1162077490868	0.491067955305389	0.62432469615155	0.773847837666838	-6.32031074714526
2023	-0.255533971369421	13.274045879402	-2.08794636936766	0.0390353363587	0.123633972121101	-4.33597676316111
202333	-0.579910539371313	7.91141309779346	-5.13882283248888	1.15906143154044e-06	5.63167495560239e-05	5.20625872580868
2028	0.712036376980188	8.78971433198966	3.79854563390015	0.000235363626944485	0.00297607958809094	0.231177291146349
2029	0.031111817613329	9.8114256924433	0.249134723817583	0.803705964719471	0.890610580706041	-6.40825598937057
203068	-0.0701338601065207	12.7070967860513	-0.660504506878692	0.510265808168619	0.690011325156424	-6.22465001220527
203100	-1.25357351686468	12.5918302113266	-3.62350051702817	0.000435930759149715	0.00467887988171181	-0.336958314605534
203111	0.0512075139143293	6.33453155656523	0.266390283240368	0.790421038455961	0.882638607225393	-6.40388401472485
203197	-0.102458121744957	7.82239932612468	-0.735926818792738	0.463290425019563	0.648276962673487	-6.17308338361428
203228	0.300596458243684	7.73651488130338	1.93587516036408	0.0553650611163583	0.158295397999695	-4.62627748378272
203238	-0.284425092370078	7.13865202106307	-2.34314336874738	0.0208596580993101	0.0787120949750121	-3.80354192820121
203245	-0.147109022886015	8.53906112323899	-1.24315576664347	0.21636725179225	0.397264667103047	-5.68402200860515
203259	-0.238314387843238	8.63136992164711	-2.14681344652346	0.0339322344270507	0.112112102546976	-4.21815193742302
203260	-0.370263304993136	7.81557219425945	-3.0391675403474	0.00294393250149188	0.0193760019620103	-2.07596411742594
203286	-0.0854987851801156	6.86761383374413	-0.930790834465337	0.35393344350777	0.550103143562481	-6.01437285297849
2033	-0.162921105320276	8.65333576585588	-1.41272927892909	0.160466235714831	0.325423792537319	-5.46602619102746
203328	0.261807359227648	6.94030285009673	1.4628674712247	0.146261878141431	0.307880508014327	-5.39642250817677
2034	0.218722617812542	13.1543842477996	1.42753327991676	0.15616639255027	0.320718286237315	-5.44571807887005
2036	-0.183899822787813	7.65585478223812	-1.69840745474423	0.0921652912422404	0.22489964716718	-5.03836077207999
2037	0.535440854453125	8.23481315062055	4.26732122656839	4.11416573856712e-05	0.000789251677705698	1.8515428205451
204	-0.0751592771185866	10.9723300088616	-0.849592546065047	0.397336640798363	0.591777975657136	-6.08495936980558
2040	0.811415765099142	11.4678153981663	4.55012471302905	1.35017917920669e-05	0.000358600643737853	2.89423050332767
2041	-0.20746778584056	7.47607897604726	-1.22493832253202	0.223129554662335	0.404621321956288	-5.70583350347092
2049	-0.0217680776333397	7.61572972213242	-0.122300640506227	0.902876781158109	0.947043397738747	-6.4314154079628
205	-0.671301578460728	8.20467366168403	-2.82060138462177	0.00565743337293115	0.0309883286872754	-2.66043081906808
2050	0.0164439456519153	9.75643823615288	0.106412576756996	0.91544249787336	0.954019055315916	-6.43320218331885
2052	0.675942198607954	7.48852571130604	3.36916226223975	0.00103005556484267	0.00877342294115699	-1.12446869302823
2053	0.595144966585344	7.9522418121401	3.22384369857852	0.0016509609113481	0.0125579143562723	-1.55348635839217
205327	0.0277581612896862	10.0936842266346	0.191605520581823	0.848392900568315	0.915803104899932	-6.42071940065487
2054	0.376884378845016	8.44993211378154	3.67666539138933	0.000362260823511225	0.00406007381574317	-0.166613000378637
205428	0.826814081092842	8.33588661072675	5.45054803675459	2.95228501115572e-07	2.05635560693102e-05	6.50039088111517
2055	-0.534822820862915	7.44491670772854	-3.75431138230316	0.000275540346430276	0.00336183642764266	0.0856453983752639
205564	0.220615854064787	8.71029756549161	2.38004078511217	0.0189742992648538	0.073615646748564	-3.72194691253478
2057	0.330511275493559	7.71395286092766	2.82199960380621	0.0056344591204005	0.0309142437064189	-2.65681111439548
2058	-0.312420715787361	10.9841775412594	-3.26787159177002	0.00143327149153054	0.011285817464292	-1.42514658973696
205860	-0.101692640825839	8.68485349261454	-0.739461585893298	0.461150387691596	0.646447575128113	-6.17053126377683
2059	0.611495397960142	9.61217472694265	4.29244935131273	3.73318191209483e-05	0.00073992773246462	1.94227793604854
2060	0.238705502503459	8.59200046649389	2.61704408455917	0.010075057796191	0.0468317261657501	-3.17066117554315
2063	-0.218278407279742	10.2897044795289	-2.0613380509453	0.0415506782616505	0.128783715737799	-4.38824098430925
206338	0.686513540759409	8.94387037273233	1.61951439966035	0.108106500393146	0.250268972322698	-5.16396678740772
2064	-0.230870410514039	11.5424872646117	-1.73509714599428	0.085432613704119	0.212808621591081	-4.97801507740169
2065	-0.507164040848063	10.2932185543872	-4.33934906741184	3.11093795603636e-05	0.000644018734758405	2.11264166925684
2067	0.147060718657954	9.26625973242601	1.49850552559675	0.136772655399204	0.294740968848794	-5.34552896795966
2068	0.0784447180309994	7.13807785413178	0.653694085451379	0.514628492807559	0.693673523268674	-6.2290343806522
207	0.129658624594154	9.7028599685141	1.12321261439682	0.263712754106098	0.452561435538414	-5.82185590184155
2071	-0.0367961550733867	8.17007916080578	-0.370407313862666	0.711768010475233	0.833220488453149	-6.37134099949653
2074	-0.0182407030024209	6.5925810560576	-0.143935207348	0.885806380181521	0.936850609619737	-6.42858333739951
2079	-0.133370458991802	11.9659519966229	-1.23987931791446	0.217572315754996	0.398783909249024	-5.68796795660432
2091	-0.118887074899154	11.7927335724896	-1.00130158862767	0.318806780957315	0.514584443196861	-5.94793752843897
2098	0.0473912078703782	10.9237443060073	0.466305675310053	0.641888681991844	0.784734793788472	-6.33194489475004
210	0.165986372782493	8.62789467966695	1.40380845016417	0.163100739158894	0.328909205432731	-5.47816516517449
2104	0.168181615535987	10.6349823769822	1.10190241383198	0.272830659955652	0.463223278773625	-5.84491695056578
2107	0.0303656079075369	11.6690814390298	0.304031555927399	0.761659432727733	0.864903342635561	-6.39333286218854
2108	0.0060709955382894	11.728971003276	0.0704446791450598	0.943963456483015	0.971053028125375	-6.43633017229108
2109	-0.0598627043387977	11.0690953989991	-0.589937707935599	0.556402737995835	0.723310530707013	-6.2678905179978
211	-0.338310834919861	9.69792409931587	-2.40317171983347	0.0178708414459065	0.0704933860282652	-3.6702084251457
2110	0.144254866002499	9.70652812408794	1.01406466513203	0.312704497886202	0.50755338033799	-5.93540292045613
2114	0.104279478404807	9.30792793142875	0.779005582953448	0.437594410003896	0.627369983894491	-6.14115525727499
2117	-0.145787646545213	6.89625781309939	-1.35201429351587	0.17905344172523	0.349806392774455	-5.5471758709856
2118	-0.601078115476802	7.53436687621181	-2.86016399701927	0.0050393855993367	0.0285888221500832	-2.55741276955551
2119	0.147230815143618	10.0036317496527	1.12641799294631	0.262359926210289	0.450809953123558	-5.81834980588604
212	0.865539964428489	9.35889692295575	1.49342063183021	0.138096389635892	0.296664805823789	-5.35286252716501
2120	0.255506705905156	7.77337648374313	2.87760990880456	0.00478702501535703	0.0275930402141306	-2.51159180595254
2123	1.08018996556015	7.56941154712004	4.53853894389077	1.41446821291956e-05	0.000369752925388622	2.85060422400067
2125	-0.0614220929823472	7.24689198715139	-0.393576450537791	0.694630681861571	0.822995717962853	-6.36264775726926
2130	0.0519531041808534	10.2425398330192	0.68239671528042	0.49637572980892	0.676942409287728	-6.21025105869474
2131	0.0328349108903545	8.57187533619473	0.259117788923892	0.796012802688662	0.885053944031276	-6.40576225743112
2132	0.296171234365656	10.3524844757869	2.83483493292049	0.00542751104658232	0.0301690721701009	-2.62351055157949
2135	0.0412117311291976	10.2625746624753	0.428891729959223	0.668813352787708	0.803433211204271	-6.34838583109436
2137	0.243939381656067	8.44547145259685	1.37044476633944	0.173247157569864	0.341369637768864	-5.52290638956447
214	0.235922737339705	8.06078785662222	1.23072464242528	0.22096526886274	0.402286339168223	-5.69893957319866
215	-0.373623688692007	8.62658570763381	-3.09826559703066	0.00245287581202297	0.0170832666166187	-1.91157751324115
2152	1.01848241774596	9.32293142074906	4.69140903612641	7.61237971700202e-06	0.000232023086577257	3.43228154527035
2153	0.449572793918101	10.5385839440028	1.63757873029277	0.104273722408094	0.244929761356582	-5.13570851886498
2159	0.194068285835103	6.8337822348708	1.17227335174217	0.243537167864977	0.428406492496197	-5.76712432452476
2162	2.28866228813512	10.3049675724631	3.48261038844049	0.000705654391052909	0.00673060654745615	-0.778868981076808
2166	-0.201329923856887	7.26061724570779	-1.50820906846313	0.13427411217202	0.291332851731254	-5.33146786627968
217	-0.336747675732545	10.3410053206284	-2.13497293724639	0.0349095613046845	0.113928477430539	-4.24209372839739
2177	-0.328926712420922	8.78863970580019	-2.84857039153449	0.00521376984261538	0.0292956727537413	-2.58773000321567
2178	-0.467767292211358	10.5054352712545	-3.40794569244647	0.000905996129791754	0.00802953651510718	-1.00736291063339
2180	0.096465977189762	8.72698902316752	0.544568420664523	0.587116608558971	0.746811825090817	-6.29312928411388
2181	0.317389112567618	9.39483862110278	2.36598999440327	0.0196736861612631	0.0754431976286135	-3.75315471035293
2184	-0.223869479288259	8.31219027649511	-1.41849140525621	0.158781963053387	0.323597092233155	-5.45814597788238
2185	-0.27650725904012	7.3338572455801	-2.20642060096003	0.0293641854012905	0.100517269546067	-4.09577824252384
2186	-0.0468552485701233	8.07671402200863	-0.413370978665581	0.680113256130517	0.810963808385276	-6.35480421257696
2189	-0.336192786875129	9.49067196974428	-3.06337631173815	0.00273270535586337	0.0183215472722658	-2.00894798758772
2191	0.592387583712443	8.40445839420553	2.94985490702673	0.00386059372614513	0.0236971960385433	-2.31929890760359
2192	0.267364908195834	13.73463023098	1.28528927653856	0.201302536212183	0.379365491469913	-5.63237741454267
2193	-0.248863542178508	9.1168204803373	-2.2403693651163	0.0270098975192708	0.0946148233711521	-4.02470979621922
219333	-0.0837067057893411	8.08926929693976	-0.755074924158478	0.451764935888847	0.639073966853792	-6.15911351252295
219402	-0.0442161855839714	10.0042612682027	-0.585443678174512	0.559409353337455	0.726300103515778	-6.2704800657074
219541	-0.148642166765765	9.98542257925176	-1.65650584885351	0.100375990003901	0.237975223143577	-5.10578029811948
219654	0.434722118398344	8.12695674675948	3.24862810614997	0.00152489496177739	0.0117936632811622	-1.48141750163866
2197	-0.0588706312052603	14.0529609658691	-0.865711210007416	0.388471180168361	0.583731480478563	-6.07145237587394
219738	-0.428088304581494	7.05358072213191	-2.94270284128356	0.00394434025678505	0.0240834570423251	-2.33851743070447
219743	-0.130544699332555	8.84943196484214	-1.38629256844865	0.168369503858227	0.336006789531036	-5.50178384252198
219844	0.0664846051181328	8.42845073567129	0.690078876051357	0.491550449585533	0.672498217355368	-6.20508799553863
219902	-0.441917763283007	9.75731375623661	-3.27980672212788	0.00137905612121351	0.0109213840471942	-1.39010891496014
219927	-0.015568257025748	10.8097043076658	-0.152908834858404	0.878741141794862	0.932716760630373	-6.42727364524783
219988	0.0799541315263844	9.36443505636958	0.920829874443398	0.359088476740971	0.553966309981195	-6.02337341037733
22	-0.0200232048197729	8.88667198521747	-0.257966705663525	0.796898843538521	0.885681438055461	-6.40605478434017
220	-0.361905039631678	9.07081535494381	-1.4815449028841	0.141226917718811	0.30057571253733	-5.36989671128545
2200	0.597515277533888	9.57827049754476	2.7674204738171	0.00659743285339096	0.0347492163336782	-2.79694944986922
220002	0.0197104411723811	9.01756525703471	0.128664564923998	0.897850339398953	0.944022887402666	-6.43063010722215
220042	-0.236394069519044	7.67466397601156	-1.63184793547701	0.105477622807367	0.246671903847354	-5.14470563270866
220064	-0.125663843403544	7.75292722180801	-1.03761817056682	0.301649026366667	0.496635630414326	-5.91186199498732
220074	-0.0923904971584734	7.84601974151205	-0.818031785119949	0.415049704213767	0.606995495185148	-6.11068052594889
2201	0.260043550847358	12.7327972394686	1.39496291062393	0.16574551120261	0.332717502118831	-5.49012840934513
220134	-0.256695082175369	6.75299119318773	-1.54284477681242	0.125646540994271	0.278092290625049	-5.28056854982509
2203	-0.128262782730168	7.4346263815251	-0.611033485799801	0.542396784842585	0.713634508250995	-6.25547177739625
2207	1.8079339642496	9.02723391781746	4.50757208857241	1.60115551652467e-05	0.00040199223606364	2.73437266470915
220929	-0.0695235007945367	7.43705895399227	-0.848204011136496	0.398106093258945	0.592207519831009	-6.08611120261198
220988	-0.137444779229557	10.1670005028218	-0.729030852769267	0.467481515530254	0.652483494133136	-6.17802744579255
221	0.885983910955239	7.17998835342084	4.53091835711837	1.45835660109311e-05	0.000378805834120412	2.82195035882211
221078	-0.183963431423205	7.25982778500686	-1.95048597686251	0.0535787454279595	0.154699639945254	-4.5992733497122
221079	-0.477989886853111	8.92939959984902	-3.95827339730217	0.000131871897897587	0.00189766877462382	0.767492063579107
221120	0.299744865461898	7.44815878781235	1.87330718972844	0.0635932996101724	0.173645999926914	-4.73976717638248
221143	-0.076636403623923	8.66670128726621	-0.768096131405816	0.444022053329805	0.632434337217716	-6.14941077842238
221154	0.175187826671456	11.0994245730757	2.01444346993536	0.0463227159664242	0.13964439192798	-4.47883864585401
221178	-0.137379945030601	7.7134867628794	-0.521607028825066	0.602958329300585	0.758545979548234	-6.30513738886596
221294	-0.0764998197138989	8.80281818713028	-0.862617005801228	0.390163498369968	0.585635198352886	-6.07406466019796
2213	2.34238499295231	8.57774511024958	8.86935657766591	1.19869143318016e-14	9.90119123806808e-11	22.7341853778135
221301	-0.0433406217576454	6.90687685532894	-0.248197915980071	0.804428891308047	0.890982183495534	-6.40848497838336
221302	0.0521984808666838	8.00045488308063	0.438719428520726	0.661697185115593	0.799072801661415	-6.3441998239849
221395	0.672368276494359	8.09491843488844	4.6734696461619	8.19173270482551e-06	0.000244273329031981	3.36335084454024
221443	-0.0353975428705019	9.94637821156347	-0.426616296977532	0.670465314553863	0.804309445277047	-6.34934155315028
221472	1.08270274302956	7.75422216458906	3.59489007837273	0.00048122963826853	0.00505719696195682	-0.427820500569974
221477	-0.158297088848203	8.96078127092736	-1.27054659638623	0.206483049415003	0.384913109494003	-5.65063823017248
221491	0.0348128914529202	8.85069985119507	0.313043217651942	0.754821190656688	0.859826370255971	-6.39060055664924
221496	-0.364087415658657	8.63964340441513	-2.99713472215808	0.00334688450761056	0.021232923220325	-2.1912519705476
221504	-0.11246306171359	7.44795887072361	-0.847272072110672	0.398623034271421	0.592612580345382	-6.08688323196402
2217	1.40647757796379	10.0160532653327	4.36981377605275	2.76161041223778e-05	0.000581573928895685	2.2240067068211
221786	-0.01128375273322	7.58165637323943	-0.100581525301247	0.920059768025066	0.957622692022058	-6.43379568511221
221830	-0.041521216314547	8.27516652588945	-0.367939093359834	0.713602571345891	0.833850538088182	-6.37223609646378
2219	0.149619175303286	6.37661726617036	0.689866559499041	0.491683465090031	0.67251290307065	-6.20523146028739
221908	-0.234073823170301	10.2024352693159	-2.82187989991143	0.00563642264187249	0.0309142437064189	-2.65712106417924
221927	-0.23084478393887	8.88241690824226	-1.36946732513148	0.173551463521635	0.341428960405761	-5.52420147502775
221955	0.0789044377298535	9.24294594450777	0.53337169323677	0.594817172279461	0.752889555378531	-6.29904911208236
222	-0.0445058465021307	8.35282076991373	-0.286941874362451	0.774678967565106	0.872609883006651	-6.39829557498543
2222	0.228452032877829	12.2172456964529	2.26452649250515	0.0254367846008183	0.0907017278800535	-3.97353587129128
222229	-0.22420500665974	8.48369437309154	-2.17078551863273	0.0320259146552602	0.107534168720508	-4.16930707883744
222236	0.019036462034757	7.6947531694518	0.18194785373995	0.85594756561301	0.919511886066258	-6.4224929668706
2224	0.0403034333017507	10.4396624132069	0.348130459032936	0.728385785710229	0.843705874346724	-6.37920343640328
222484	-0.0772202877222864	8.19944691109668	-0.923009467355242	0.357956418089101	0.553034465921169	-6.02141211651009
222658	-0.00372107431277015	9.19471784194495	-0.0368686135320961	0.970654404159422	0.985448055353592	-6.43810203514884
223	0.248620219594104	10.9376028955572	3.25453692954335	0.00149619566253874	0.0116042968756526	-1.4641683535738
2230	-0.209561524519744	11.0949165576523	-1.23239596030327	0.220342985181405	0.401507402955748	-5.69694244927931
223082	-0.0883377938243651	7.59990014606822	-0.66512494441741	0.507317200684231	0.686943163191605	-6.22164982806321
2235	0.256352129413088	8.46885864839544	1.79754337521022	0.0749029946669716	0.194620552358976	-4.87250128293639
2237	-0.026604724128248	9.65317497908708	-0.216309241380597	0.82913423047841	0.906672438486826	-6.41576572529303
2239	0.366531017248324	8.32676006979551	2.04103001120588	0.0435628568327462	0.133566888432993	-4.42771235929282
224	-0.179305618482797	7.92912139510841	-1.31016163052904	0.192781282136949	0.368049423078233	-5.60110631188336
2241	-0.164310924622518	6.99104642814668	-1.48523514352074	0.140248279819252	0.298955042917941	-5.36461753713537
2242	0.299879531883994	7.99271297673745	2.23077420682815	0.0276579651985269	0.0964229408697314	-4.04489690322529
2245	0.246482483954162	6.85921948710659	1.82589889765612	0.0704891279361258	0.187095178905013	-4.82342783944883
2247	0.455350056621203	6.88063296014278	2.59315951634893	0.0107592622129976	0.0488573424295548	-3.22832581177679
2261	0.419405536895388	9.75834523880894	1.92273661241066	0.0570140705574521	0.161556165627634	-4.6503984597015
2271	-0.0184990544878696	10.8868197277705	-0.195127388356843	0.845641404543678	0.914112866117692	-6.42004982912852
2272	-0.195057119655577	8.77235835271402	-1.86803108644194	0.0643316964461106	0.175257194144087	-4.74917746236569
2274	0.241170263258596	12.0846930421382	1.58849917959794	0.114949883591394	0.260991214531312	-5.21178657927213
22794	-0.200887190228179	9.90752114439907	-1.7072875683578	0.0904973792918588	0.222010202836577	-5.02386732734118
22795	0.369240864737946	9.88317804989164	1.59906491371713	0.112580821057119	0.257523561875325	-5.1955952967066
22796	-0.107003559642409	8.84571489006424	-1.21558118432282	0.226661901943813	0.409051192933339	-5.71691485164337
22798	0.0936512013947023	5.85276195925291	0.621454777244106	0.535544174597376	0.708568778179453	-6.249177016113
2280	0.367348153119412	10.4252825334629	3.18834316257892	0.00184853404952667	0.0136086374769076	-1.65591881182957
22800	0.169012328163035	9.54687319427447	1.42784987066667	0.156075415069222	0.320718286237315	-5.44528155103586
22803	-0.25208816728853	8.75392286683325	-1.88191669056704	0.0624036289992747	0.171361029100402	-4.72435807074697
22809	0.00441603768816718	7.86552352348853	0.036947864992375	0.970591352830771	0.985448055353592	-6.4380991583174
22818	0.0192773832851281	10.951157777281	0.213832843591677	0.831060314131534	0.907579631173664	-6.41628933834195
22820	-0.135591184642637	10.0615468511806	-1.82193583676418	0.0710927172839251	0.188153106300936	-4.83033000496077
22823	-0.0285489350226023	9.0840071655402	-0.150991536323321	0.880249893559321	0.933478510822954	-6.42756012224014
22826	0.154330749335883	11.0828943616927	1.85790403260432	0.0657690862462264	0.177882335426925	-4.76716990749317
22827	0.0413706004521305	11.1072057905944	0.430401180831639	0.667718388121574	0.802881451765874	-6.34774903946767
22828	-0.0687999583557047	8.77355714318166	-0.784328658108273	0.434477949222986	0.625102016751315	-6.1370853165915
22834	-0.0217811044495466	10.4563761018973	-0.170658992984241	0.86479516093842	0.92435128858769	-6.4244499101076
22836	0.320908996067685	11.0506745337569	1.66042032214719	0.0995847383927536	0.236778911664981	-5.09954974339106
22837	0.229216492276704	11.4562533932684	1.62335306355596	0.107282719769437	0.249301769349073	-5.15798691995074
22838	0.204516690030969	8.73967574147964	2.64486578820375	0.00932773959664043	0.0443309143085443	-3.10290265194323
22839	-0.109544607984878	8.6878311464809	-0.934418229773838	0.352068007719271	0.548901801389427	-6.01107151791314
22841	0.387783718120046	9.16589654035223	3.79283885624225	0.000240214899102455	0.00301546362703082	0.212328087426932
22845	-0.219005861136805	8.87679309935323	-1.77627899594282	0.0783610807375414	0.200776147652683	-4.90882694777935
22846	0.725592310783237	8.12898985265429	4.19377984681936	5.45611341985533e-05	0.000994899289382898	1.58819383015963
22850	-0.0663353247943242	8.61299787983706	-0.872738770225694	0.384644445025769	0.580303765463534	-6.06548507591007
22852	-0.157113562078062	7.1856880654993	-1.55432695854115	0.122885000112262	0.273722437990803	-5.26345040328709
22856	0.0572699809864338	13.1567480021552	0.515631464092958	0.607112789905684	0.76096383074673	-6.30817802927144
22858	0.0201753690298533	9.68747045319101	0.115988778020771	0.90786600244266	0.95033286150972	-6.4321549550572
22862	0.0891931110676054	11.6864068530494	0.527786378075984	0.598675874923046	0.755894638774741	-6.3019563879825
22864	0.054888632466892	8.52630452485468	0.595512943690708	0.552683900788497	0.720740293734289	-6.26465061001542
22868	-0.0882367087475962	8.8624756068933	-1.06906213583657	0.287305564132482	0.479519894874581	-5.87960888972056
2287	0.014147911988956	11.1747602590998	0.139131307026976	0.889592473055078	0.93964626949296	-6.42925193252811
22870	0.0762187756139137	8.05712803055518	0.860217358660627	0.391479062549525	0.586630978019873	-6.07608421016736
22874	0.308339020781821	9.71641164089086	1.93945629253978	0.0549226435340341	0.157494596800906	-4.61967627973774
22876	-0.27266025977711	8.10157698505184	-3.0551241427582	0.00280307857305062	0.0186871904870041	-2.03184255877472
22878	0.00708946219339963	9.95993571395984	0.0912493337595568	0.927455007651597	0.962288451601833	-6.43467597390335
2288	-0.320294963193803	9.88099083184574	-3.1017515232833	0.00242642791808861	0.0169419227416838	-1.90179789959339
22880	-0.198710454008615	8.75514115095677	-1.96961013402213	0.051314523326784	0.149932070279178	-4.56364120761226
22883	0.282133012658209	10.0160027062976	1.48275093660882	0.140906498819866	0.30004838366901	-5.36817277539045
22884	0.0974415849071769	9.44143009580525	0.824071941996388	0.411623624056118	0.604231586050033	-6.10583236862069
22885	1.17120323062333	6.75176211350986	6.71105332067791	7.9175498525191e-10	3.11423627532418e-07	12.133100952239
22887	0.0967861744147089	10.5073766906059	1.2109280272258	0.228433453321336	0.410722752380113	-5.72239462867541
22888	0.069805626915472	8.222578944839	0.372172443754226	0.710457073030681	0.8327229642469	-6.37069721633244
22889	0.0260817117882141	9.92918253359153	0.34854525952453	0.728075144815919	0.843582647801865	-6.37906148020465
22893	0.0676414499627171	7.96088349298876	0.738250743357228	0.461882831413156	0.646644642461587	-6.1714068618254
22894	-0.0502267077025199	7.35529353363591	-0.450500672011962	0.653207152167925	0.791958959632639	-6.33905718215746
22897	0.0251770197512076	6.31382816994746	0.217259513775991	0.828395406595524	0.906490106095239	-6.4155631990443
22898	0.308786116784547	6.60580378344661	2.43810650163448	0.0163121671470112	0.0661780454981888	-3.59121384140961
22900	-0.100324970824772	7.82165067438177	-0.833690296084248	0.4062031548403	0.59875274456785	-6.09803944217375
22903	0.657635948585867	9.77540034317236	4.37330183231011	2.72411337261127e-05	0.000575928656453775	2.23679248166229
22904	0.187220354852812	7.00132801105768	1.6202479389935	0.107948691323594	0.250268972322698	-5.16282512393201
22905	-0.188123874849038	8.95961231591624	-1.23605062100033	0.218986681039958	0.400240579039688	-5.69256616333467
22907	0.00402650135855388	9.12443502372303	0.045495582567611	0.963792087665747	0.981461912906529	-6.43775261403515
22908	0.122365231271909	9.92275628325722	1.19131613352892	0.236009874453427	0.420307639081109	-5.74526550510535
22909	-0.0636591581007666	7.97692579608014	-0.623648318156473	0.534107443414014	0.707801617615876	-6.24783858631089
22913	0.104572456176329	9.77258242821901	1.18417693728814	0.23881210430528	0.423369756557076	-5.75350068514536
22916	-0.043243325318871	9.96581880285888	-0.368435959854248	0.713233128727043	0.833850538088182	-6.37205638838954
22918	1.34778319464044	9.5427952362641	7.32178470712501	3.76029432931708e-11	2.58833593001326e-08	15.0418559134881
22919	0.016373678906608	11.3000482005356	0.174777670198525	0.86156511373156	0.923005942458105	-6.42375044095987
22920	0.106546511680564	9.0419903189993	1.26382200891068	0.20887835077232	0.38777940730439	-5.65889959548443
22921	0.287315130157242	10.6578014359566	2.39349393246908	0.0183253942887983	0.0717722886796935	-3.69191026561575
22926	-0.332696606176116	10.3015629927771	-3.00748210096851	0.00324321952307302	0.0207866514716476	-2.16299747678982
22927	0.0219110015759605	6.69519305093217	0.213260644483274	0.831505503799329	0.907776296772728	-6.41640946815638
22928	-0.0574709548252596	10.0459627397094	-0.63635645124316	0.525822825089454	0.701776787080124	-6.23999234016018
22929	0.00526926313089345	9.93951535740658	0.0564522978149642	0.955080558751605	0.976961661336007	-6.43720331676691
22930	0.0537779414465103	9.95244574644226	0.599294168258445	0.550168769014972	0.718935932932078	-6.26243601398379
22931	0.358003081642353	9.77883435109737	3.02849924432286	0.00304172487682202	0.0197987765819936	-2.1053539903797
22933	0.208982087208063	8.06457152464731	1.85410174416431	0.0663156478458193	0.178425814725234	-4.77390159631006
22934	0.0183549221120991	11.3832223953837	0.187339092287602	0.851728598092953	0.917601822974495	-6.42151420240891
22936	-0.30598439570125	10.4128324667653	-1.89895781651217	0.0601038236178776	0.167495810756973	-4.6936628757551
22937	-0.476180811427538	11.169438318326	-2.99075187218117	0.00341234672870777	0.0215320493802001	-2.20863968285043
22938	0.0317020289188673	9.99964586648641	0.501393702395863	0.617063266989469	0.768885591391313	-6.31528232909578
2294	1.00726764417843	7.90757594464949	6.60459040688243	1.33292466080769e-09	4.58748237427981e-07	11.6363328431373
22941	-0.147995181898247	7.9907741750392	-1.42993512550946	0.155477200940071	0.320179925147092	-5.44240398820337
22943	0.290160940623045	9.82375011203118	1.25189386539678	0.213177235139899	0.392694906836656	-5.67344888185757
22948	-0.0138792786740173	9.87845881928271	-0.108221085850173	0.91401102447356	0.953607589602313	-6.43301131554767
22949	-0.231974561312932	9.11972122473357	-1.22862577829147	0.221748548227492	0.403029196773407	-5.70144385354073
22950	-0.00920160987567055	8.94194455892824	-0.130498504034281	0.896402593870914	0.943581677758857	-6.43039641112954
22954	0.273754213681157	7.69948379922711	3.21922631395227	0.00167549542209623	0.0126620239583851	-1.56686245664609
22955	0.206648122514432	8.12589352547845	2.41048353540999	0.0175340813508534	0.0695757718024327	-3.65375982121813
2296	0.671314658536859	8.51747367018492	2.47561002503507	0.0147746728641191	0.0614272916437353	-3.50527227167044
2297	0.834927953062371	6.50525759452273	4.30498050834981	3.55610283317974e-05	0.000716424619562552	1.98766864726623
22974	-0.41474344033716	8.8533193071437	-2.55529032896006	0.0119301490726716	0.0528380865095267	-3.31879301565543
22976	-0.192663725528529	9.31710998839952	-2.12023142871581	0.0361602954664054	0.116764675743749	-4.27173093480458
22978	-0.0925496131627796	10.2940806000409	-1.1492439982495	0.252866638654594	0.439639777372592	-5.79310009470295
22980	-0.111171021270299	11.8171439166618	-1.22944515153453	0.221442525171951	0.402800100841293	-5.7004667052538
22981	-0.224542945595051	7.66517420984956	-1.98054459866442	0.0500567767710247	0.147562089981679	-4.54312246706252
22982	-0.0448052838038106	7.28006678742164	-0.367428306232813	0.713982435527656	0.833909185892877	-6.37242058720574
22985	-0.0201634722067367	9.4508586471514	-0.165297159402108	0.869003569709704	0.926667891273193	-6.42533552439491
22990	-0.0390893590950455	8.25748905060545	-0.436743420190359	0.663125540324375	0.799622914318151	-6.3450490752774
22992	-0.0655124097810108	9.19192971221386	-0.728259274180987	0.467951770960293	0.652588490314371	-6.1785777613582
22995	0.0241570495157238	8.14725956305618	0.203538599097285	0.839077832625839	0.910881303416746	-6.41840139622822
22998	-0.442423368813943	10.2140077674133	-1.85084029734512	0.0667874817699993	0.179403121762665	-4.77966543548423
23	-0.258113794779255	11.1174015600141	-3.30752563737014	0.00126044827407083	0.0101672878357667	-1.30833035319633
23001	-0.130334790978471	7.47906289935002	-1.05721266776261	0.292655094351312	0.486384523006405	-5.89187407900124
23002	0.55264382895457	8.96300442491561	3.87205369138647	0.00018063961207469	0.00242615153778364	0.475908481610301
23005	0.0596184012426508	6.97004632604213	0.469068959876205	0.639918336792765	0.783890226286294	-6.33067632328618
23008	0.316113951492592	7.65517708271787	2.24787769473134	0.0265120781186761	0.0932782219979487	-4.00885795663343
23011	0.0147917948764705	9.91723490382039	0.201865864332998	0.84038224042881	0.911443973994481	-6.41873475658276
23012	0.269382293129868	7.27514028255874	2.45844821951968	0.0154614174402199	0.0637281976328424	-3.54474552973072
23013	-0.0392943205855067	9.38209450083111	-0.427542978522589	0.669792349364591	0.803958668580206	-6.34895294213746
23014	0.0477161964920431	10.5629774593827	0.588438693189553	0.55740472745115	0.724380592943125	-6.26875646685749
23016	-0.281677904616102	9.68282626466342	-2.30109059567315	0.0232085179219503	0.0846832722679171	-3.895128624867
23019	0.118978604702891	9.56122327241942	1.37782252472782	0.17096326963032	0.339053206997945	-5.513102230655
23020	0.0795759936348269	9.69716965106596	0.908948417719708	0.365299610452303	0.560110071284792	-6.03398455962685
23022	0.0446932818215515	11.0749001746713	0.338526372223482	0.735590755600483	0.848198667241119	-6.38244305367413
23028	-0.159551427113701	9.3155502025286	-1.34404357791338	0.181609464133297	0.353408367555947	-5.55757333129386
23029	-0.0874636521204164	10.1871294879289	-1.07833098564934	0.283167959101697	0.474820816520508	-5.86992151728832
23032	0.081133500390974	9.53802239171241	0.779407721954038	0.437358518523614	0.627369983894491	-6.14084874528646
23033	0.127656694831159	7.07278023637783	1.33181305007829	0.185584709630926	0.359252332212667	-5.57341180347629
23037	0.137359233870225	10.2189455607486	0.947757766093679	0.345262343225241	0.54207697301663	-5.99882235953333
23039	-0.0972713945520334	8.57708272152376	-0.867724908350986	0.387372261713397	0.582610138702233	-6.06974735257472
23041	-0.0937844280529296	9.20764993235902	-0.902231347241653	0.368840912313343	0.563376413187854	-6.03992339951185
23042	-0.137047261625855	11.578175125503	-2.09572691314439	0.0383250456503407	0.121755721950698	-4.32057708040523
23047	-0.0403857808051254	9.04924009490438	-0.42353602978434	0.672704158078312	0.806115945943957	-6.35062724689448
23048	-0.495349364483739	9.4782920932962	-4.97639082268276	2.32188024791252e-06	9.35547846232069e-05	4.55035223501419
23049	-0.219377262741876	9.0445208512375	-1.16155411189366	0.247848734061907	0.433459780510555	-5.77927757493149
2305	-0.274224285030772	8.00618467486894	-1.85826279142079	0.0657177110922353	0.177801602889572	-4.76653408081228
23053	-0.0954289157243807	9.39114289684413	-0.52255005257921	0.60230388598921	0.758301770728246	-6.30465435016647
23054	0.171035353699325	10.6019234594738	2.24277814706822	0.0268493062918016	0.0941720891593552	-4.01962956982911
23057	-0.518727348234154	7.19232845543141	-3.47171833194857	0.000732024857078664	0.00689455566644215	-0.812449761352624
23059	0.0354699869558987	10.8696993073981	0.460308406148246	0.646173786942326	0.787574956491606	-6.3346724407268
23061	0.235839565733922	9.64405170003943	2.50373011654433	0.0137081529737347	0.0580663300323327	-3.44006342763157
23062	0.0401491341076812	8.57422651447714	0.482481245016312	0.630391497806439	0.777275055910504	-6.32441295076643
23063	0.204182368240539	9.0327434765737	1.75851661772935	0.081349634019534	0.205627074488027	-4.93885711667382
23064	-0.219400688996216	8.43317615069194	-2.24695923609838	0.0265725397731435	0.0933996504366661	-4.01079963657695
23065	0.0412437442060482	9.03467269465069	0.483665559445999	0.629553224363179	0.776831436097977	-6.32385144174926
2307	1.1431648251654	7.26688351700362	5.59276316813097	1.55967956737271e-07	1.26412411228897e-05	7.1053651064647
23070	-0.0339342362691987	9.17914533442484	-0.321085824246382	0.748734669713662	0.855699452003407	-6.38809479239282
23071	0.248061722061507	9.3201890147036	1.50414714400204	0.135315621761347	0.292516889753657	-5.33736447700673
23074	-0.0626825257048917	7.44394900255627	-0.672176605849663	0.502834606079466	0.682764358210277	-6.21703098576102
23075	-0.219272259109877	11.0689943252617	-2.25478497049952	0.0260612212650428	0.0923887071456023	-3.99423233856777
23077	-0.0659699002543746	9.62756661447673	-0.633094218415447	0.527943155008161	0.703356525865711	-6.24202149698222
23078	0.195438541917727	7.6818190960102	1.68504363636566	0.0947224308402369	0.229204709599425	-5.06003691171764
2308	0.119792188381104	7.35955292580721	0.45963268547666	0.64665734561447	0.787815586250077	-6.33497755248027
23080	-0.669929215975601	7.92838948566744	-4.45525977806622	1.97182102488641e-05	0.000458795539874978	2.53926967296017
23081	-0.171883986829735	7.05593441567998	-1.56857759184278	0.119524684201656	0.268792238362559	-5.24203597950383
23082	-0.30611264163635	9.88071285935635	-3.128043206979	0.00223531007831725	0.0157539771731233	-1.82774063565669
23085	0.0285726452855504	9.08306246350357	0.215098371043943	0.830075887552291	0.907130468202047	-6.41602250606487
23086	-0.0404908879956412	9.91659474545019	-0.205135472585594	0.837832999586264	0.91067484107925	-6.41808058960024
2309	0.183419750065452	9.95142715795228	1.76875411201669	0.079615917055318	0.202971442863249	-4.9215838027962
23092	0.396895738584492	7.43327853374769	2.37876787770774	0.0190367390782496	0.0737346584385408	-3.72478100274855
23093	-0.24528286196955	7.58855191330293	-2.07857338046461	0.0399060202353142	0.12532821797791	-4.35445798611596
23095	0.328484454468522	8.39424167567051	2.1005147025129	0.0378935211004062	0.120896285936406	-4.31107452767037
231	0.0495595642030352	13.4836086405023	0.463453837460296	0.643924851728131	0.785993686312156	-6.33324629062613
23102	0.265931996341528	10.9104175137431	3.01088991003698	0.00320973265741671	0.0206804927849158	-2.15367403998396
23107	-0.207370529950162	9.80446315635861	-1.98915798285737	0.0490845416051309	0.145370496112722	-4.52688477423468
23111	0.108745836195133	8.63041735800548	0.922410588120574	0.358267242995663	0.553034465921169	-6.02195146943189
23113	-0.229738701393428	7.70244658336213	-1.85085292648956	0.0667856493224658	0.179403121762665	-4.77964313484183
23118	0.385215794230478	9.12557782212432	2.62013224346155	0.00998952053125996	0.0465126491478057	-3.16317130604188
23119	-0.342908641481955	10.5505351862199	-3.44197816512957	0.000808829588075781	0.00738630543732528	-0.90370940609962
23126	-0.0103316223804258	8.08655853478061	-0.071311472812754	0.943275120241582	0.971035819266864	-6.43626975000787
23129	0.152365279936497	8.57932275064445	1.12980879928455	0.260934133114446	0.4495861367387	-5.81463025740139
2313	1.09730466793025	7.69075193262916	6.51989884432068	2.01238975247641e-09	6.00956290752498e-07	11.2435765900816
23130	-0.170214091932683	8.97024081861157	-1.68189551946564	0.0953331254817052	0.230316354629683	-5.0651194917211
23131	0.090973791913174	7.57274622019086	0.90900868271242	0.365267935863016	0.560110071284792	-6.0339310804104
23132	0.000846081377772291	9.36672613587494	0.00752940189988283	0.994005655336621	0.996660198237496	-6.43874260777844
23136	0.0787061542922766	10.6038058846946	0.957290523423301	0.340451271595247	0.536665554079531	-5.98996415357747
23137	-0.112519559050325	7.74908051513424	-0.69459787898861	0.488723959207273	0.670352026411836	-6.20202407363231
23139	-0.151258840670977	8.15000159213505	-1.67377866559455	0.096922439005176	0.232575152205456	-5.0781823412327
2314	0.0402087809759691	9.1160387638456	0.437648405308564	0.662471218512859	0.799300652193429	-6.34466060384687
23140	0.0299339048094387	8.51058768155207	0.291567577924519	0.771148424984525	0.870651447563173	-6.39698059243007
23142	0.337233414408005	7.81364298644962	2.95635958838177	0.00378585200113116	0.023354098229532	-2.30178539867389
23152	0.0631272481375446	8.33819169906841	0.65511802951778	0.513714707752154	0.693007265398136	-6.22812141147726
23154	0.0634319920658434	7.1398404021247	0.667596153156382	0.505743888087226	0.685163935640559	-6.22003668456144
23155	-0.343219838549283	9.44166724746588	-3.51675830559722	0.000628659833819892	0.0061891897823031	-0.67304332406423
23157	-0.279434697497374	8.79256149805497	-2.34055291303827	0.0209980365062099	0.0790529069487163	-3.80922713060773
23158	0.415909595108078	9.57079077945277	3.74416944001379	0.000285629021461801	0.00343920658494822	0.0524637175053542
2316	0.107500099427837	8.61858082527739	0.548993245801529	0.584086375989978	0.745104782343972	-6.2907561093176
23161	-0.0233979426677935	9.10896276222011	-0.233243372492268	0.81599172755923	0.900600169647146	-6.4120237183823
23163	-0.0959946850981255	8.44819781189382	-0.747111731665605	0.456538015967529	0.642529223358628	-6.16496636045362
23165	-0.176596252742778	10.3743314624932	-1.66606326437886	0.0984529830333409	0.234967246418779	-5.09054341350324
23167	0.13584030607856	10.2798227490704	1.72875281866553	0.0865671381679425	0.214921719647492	-4.98853737857767
23168	-0.246537558991847	7.78803912506389	-2.66530899512132	0.00881095458971373	0.0428612985341787	-3.05271188643991
23169	-0.171260552642792	7.20323109674656	-1.23548894986747	0.219194730367132	0.400298136819038	-5.69323955823005
2317	-0.388156614639634	10.5646622916817	-2.57551566257702	0.0112912744301751	0.0506880036919818	-3.27062277252284
23170	-0.443698306248371	8.35311164022492	-2.02212998953715	0.0455098772323371	0.137898600858072	-4.46412132974947
23171	-0.0234413240778584	11.2094646942619	-0.182686695665065	0.855369127895975	0.919368769866071	-6.42236052100591
23172	0.123534781316555	8.63118255772964	1.86388697288142	0.0649166862295687	0.176501589287767	-4.75655129377804
23173	-0.218371873311878	9.88450498922474	-1.74668478968814	0.0833918995230689	0.209430553378093	-4.95870233817555
23174	0.395823956161408	8.23640896569541	3.74369957770022	0.000286104812508041	0.00343943317409332	0.0509281396953503
23175	0.185685309262826	8.81315048171938	1.49266887817717	0.138292937305869	0.296778296218882	-5.35394469331104
23177	-0.379816080358872	8.01995118139559	-2.28162780508845	0.0243722627319425	0.0877571447976658	-3.9370064759604
23179	0.731009143732475	9.46253029330179	5.83735909748286	5.1047127867853e-08	5.82962608906295e-06	8.16576280961388
2318	-0.577649618740762	8.02852809580416	-2.63775517113854	0.00951381420273497	0.0450648800953384	-3.12028035872297
23180	1.0581710675455	9.30271092526023	5.06366899336049	1.60101432965526e-06	6.96019913839603e-05	4.90115801599314
23181	-0.572115655037453	7.43689675615629	-5.85905071378859	4.61805607758864e-08	5.46992778484153e-06	8.26096681896595
23185	-0.217437947094924	10.5804959795512	-1.7360318428281	0.0852665004243355	0.212523021576648	-4.97646176261618
23189	0.237079192394728	10.2788529760919	1.72577238457111	0.0871043543587705	0.215881221844096	-4.99346793058194
2319	0.108833221337202	11.0266927022765	1.1346471003555	0.25890910147475	0.447097352110856	-5.80930396235162
23190	-0.137059275497227	10.2406312568084	-1.30785849465626	0.193558870045702	0.369151758618678	-5.6040263808896
23191	0.195648709852102	10.5858406471022	1.4307505206888	0.155243762030521	0.319864970255442	-5.44127767687492
23192	-0.251853094538297	9.60104748800481	-1.76343749531009	0.0805124480184945	0.204311158412524	-4.93056614844754
23193	-0.109596026349664	10.9829986040338	-1.20583820051212	0.230382671191133	0.413687144356252	-5.72836520795097
23196	-0.150372518150583	11.1181226316523	-2.10698535525198	0.0373169778636009	0.119657700758286	-4.29820010507207
23197	0.0532371520902291	9.70871721341898	0.767078875938279	0.44462417251996	0.632607534555675	-6.15017469606474
23198	-0.388758740017112	9.3939338147378	-4.20388189937785	5.24956235990882e-05	0.000965366861908838	1.62417317703477
23199	-0.236132660828313	10.846964655998	-2.08404254618382	0.0393959671123263	0.124123930352688	-4.34368348143149
23203	-0.20355431497221	9.87048065595832	-2.11791573684103	0.0363602458517182	0.117227022144884	-4.27636933700759
23204	-0.133043315259386	12.2788688837452	-1.46191886692361	0.14652126480922	0.308190895677148	-5.39776108373584
23210	-0.0615802901353256	6.97838083464397	-0.392448697506825	0.695461272564251	0.822995717962853	-6.36308307401726
23212	-0.465974764345805	9.37515361744574	-3.0912077970397	0.00250724398354966	0.0173159158061206	-1.93134956592563
23214	-0.237108746974214	9.89873689023485	-2.08203450766572	0.039582581093339	0.12455318850704	-4.34764244998064
23215	-0.469727178378371	10.7997822145017	-4.96275544251371	2.45989564545687e-06	9.62387645197441e-05	4.49589292205397
23216	0.220905446106387	8.8388789044944	2.16019726284437	0.0328561415055354	0.109830727978844	-4.19094289911952
23219	-0.111585326506653	8.82009663269454	-1.6008022668476	0.112195029539033	0.256783303960215	-5.19292310541183
23223	-0.825990809033814	8.03872406829129	-5.27382288967335	6.4450074106821e-07	3.64158324766655e-05	5.7611623591453
23225	-0.42279550977034	7.80606676574978	-3.38095317315058	0.000990747627698441	0.00853344672032234	-1.08898140658729
23228	0.269724356508056	9.71586424445226	1.49718144557049	0.137116389994268	0.295284736216508	-5.34744089411405
23230	-0.0762216728763642	7.97488974978043	-0.967940957317291	0.335127850873394	0.53111747482723	-5.97996423604665
23231	1.41343165066621	9.13022756615044	4.385855053545	2.59318171868304e-05	0.000554914015448755	2.2828667701652
23234	-0.0548862182517149	10.2090172163834	-0.414207029058621	0.679502681367453	0.810848331131922	-6.35446448499717
23236	0.928883394435708	7.71121139903665	5.8685862031056	4.4188245495163e-08	5.44768519089621e-06	8.30287613240526
23239	-0.0133340799268611	8.20351917070093	-0.113721283910851	0.909659256774302	0.951116551125085	-6.43241106928091
2324	-0.143283770017081	6.65654266339124	-0.669018847245085	0.504839301485907	0.68416285976597	-6.21910529358139
23253	0.286714368834596	8.83917979054042	2.21897156036787	0.0284737328566872	0.0985308057797389	-4.06961966837863
23256	-0.0595601135443481	10.5639017971463	-0.558484050621385	0.577611833212331	0.739971442347276	-6.28560147042733
23258	0.0926637039532391	10.3648642226683	1.60104051966696	0.112142206281622	0.256733543205708	-5.19255643705173
23265	0.210206616338317	10.3212562582465	2.25036568486666	0.0263488995292386	0.0932085268143517	-4.00359454945336
23266	0.848886296063969	7.94982213593359	4.735712701522	6.34652439373885e-06	0.000203634800970344	3.60326637114239
23271	0.0233759061311616	9.52361082344304	0.17959653209392	0.857788930604699	0.920771483664044	-6.42291089818261
23272	0.122625752243893	7.5274179181517	1.03234338457657	0.304101691308602	0.499181234143293	-5.91718004384287
23276	-0.00227507765176804	7.39925516210514	-0.0204894554928037	0.983688829245672	0.991128290994054	-6.43856403492533
23277	-0.238790791181936	7.99019704017125	-1.88379291879021	0.0621468599574095	0.171111824353059	-4.72099124005791
23279	0.0246046209512062	9.35200671746332	0.262206401688276	0.793636677211961	0.884582391959402	-6.40497091474176
23283	0.284168196376932	7.47664950553364	1.9492821807964	0.0537240548922266	0.154998495777084	-4.6015054082243
23284	-0.912585336230852	7.69328494880577	-4.47338767831181	1.83486161086351e-05	0.000438033436581866	2.6067008392597
23286	-0.226553215520526	9.74566838429098	-1.97693495205699	0.0504690529477849	0.148254208706138	-4.54990774566624
23287	-0.25422008043932	8.13698630030374	-2.81769092762094	0.00570553014316121	0.031127925351725	-2.66796041795899
2329	0.216457791837102	7.04746315059691	1.59094532318313	0.114397901056597	0.260035980422858	-5.20804714885341
23291	0.174290862781554	9.65792043036043	2.14796986472328	0.0338380653150514	0.111890480185078	-4.21580710069724
23293	-0.122703333188423	7.29304645780369	-1.24460259895455	0.215836665185959	0.396444486198804	-5.68227631165941
23294	0.5261044338776	10.2382629723195	5.94570420354152	3.08930803784436e-08	4.10113828423136e-06	8.64310890852029
23300	0.326224542694732	10.1834179621588	1.7804791270694	0.0776677962189297	0.199855450706654	-4.90168426448295
23303	0.106354292305301	8.17628606673761	0.705154886774782	0.482155617072553	0.66476471323974	-6.19478908514335
23306	0.143160897401954	8.16376478261977	1.26736004378308	0.207615570046389	0.386239776707922	-5.65455831841941
23309	-0.225011103968105	9.26923925350121	-1.62114135706092	0.107756736576135	0.250090093879987	-5.16143396297352
2331	0.268288283694768	9.37178564880432	1.04350614528811	0.298927042781559	0.493798760800289	-5.90589433292381
23317	0.0754297038290783	9.12856471039847	0.729727198440048	0.467057340398924	0.652111837676659	-6.1775302933434
23318	0.149516273649718	8.0536657651757	0.982688303298208	0.327846858015962	0.523996719661735	-5.96593806585486
23321	0.364958585756038	6.97852601853959	1.73705847410465	0.085084353662957	0.212197089751215	-4.97475475473027
23325	0.314533894915212	9.93084336226346	1.56486450815145	0.120393127357194	0.270010109142119	-5.24763364466176
23327	0.489283223381643	8.03621458075056	3.35414741970054	0.00108222929435252	0.0091030692172625	-1.16951303041002
23328	-0.326303031205293	11.1322642119855	-1.89963678749869	0.0600136871160748	0.167357547460762	-4.69243451264168
23335	0.282193959427521	7.79846191363413	2.97719615249147	0.0035553087559213	0.0221971657777097	-2.24546262047472
23338	0.202746138467022	7.9024315911928	1.48138268579535	0.141270058793952	0.300590078732108	-5.37012848572926
23339	-0.120021343620591	8.05462459024909	-1.27100309667386	0.206321179273782	0.384785039693258	-5.65007586176078
23344	-0.0319846161364386	9.62896316516533	-0.351507129552902	0.725858341214789	0.84192833581477	-6.37804294429625
23348	0.199338599787783	8.38366773282552	1.47262160455859	0.143615316644473	0.304091903482016	-5.38261000296712
2335	0.265196945807532	9.77636353154838	0.888380929215055	0.376211016386861	0.571337193483264	-6.05203206957784
23351	0.352135984982754	9.27270163833395	2.79260030879207	0.00613592125359074	0.0329750875436952	-2.73259247764257
23352	0.127246268258682	10.1812626775674	1.18343858134557	0.239103270560944	0.423636425318189	-5.75434963715311
23355	0.0861258389063785	8.16081385722444	1.0829477257643	0.281122385756555	0.472253590878411	-5.86506576092666
23357	-0.204540310953972	7.31337118943234	-1.88244577483239	0.0623311319315013	0.171319038111893	-4.72340896478023
23360	-0.180175247094888	9.61859528878538	-1.8032772213985	0.0739924594533255	0.193119555737621	-4.86263641357127
23362	0.428510860298337	7.35383161404736	2.63033466587271	0.00971156842610963	0.0457080086607781	-3.13837141648937
23365	0.201526118044397	7.91659598352232	1.77548008818973	0.0784935265218951	0.200978465304046	-4.91018375523891
23368	0.361369637331532	6.9946436947998	2.10071559759879	0.037875506284303	0.120896285936406	-4.31067536392781
23369	0.145304819183576	10.1793588724748	1.97089924518202	0.0511648618216484	0.149653597254538	-4.56122767049245
23370	0.144803491240525	9.9105815365675	1.42752146123656	0.156169789628596	0.320718286237315	-5.44573437312665
23376	-0.266824119770368	8.81053377974831	-2.58152011449605	0.011107623536229	0.049917829384794	-3.25625724816621
23378	-0.156357662158296	9.25628327838469	-1.37111233241312	0.173039557133816	0.341146339342871	-5.52202136765089
23382	0.214656726114734	8.48588281024921	1.61477697373308	0.109130141353945	0.251918443003642	-5.17132812954193
23384	-0.140459714545594	10.6803267054356	-1.59652395164163	0.113146966942339	0.258023365538089	-5.19949851438975
23385	-0.0158960144932671	11.8094694528232	-0.136454022798794	0.89170363175058	0.940673307568301	-6.42961470590115
23386	0.00147168086127816	8.09217032514073	0.015599543449744	0.987581204080954	0.993284943482113	-6.43865081774102
23387	0.417412491871763	9.26988605023318	3.22394908754443	0.00165040485564866	0.0125579143562723	-1.55318087186023
23389	0.542570020551244	10.3135097280908	3.83346629113667	0.000207647149400997	0.00270530828714864	0.34699184528354
2339	-0.118904172129428	10.7543337530661	-1.03683156468868	0.302013932689022	0.497038271371055	-5.91265673905005
23390	0.00904024744764406	9.38470842194947	0.108050697646626	0.914145878374931	0.953607589602313	-6.43302943532126
23394	-0.0237013028541879	10.1736647542626	-0.346652701944224	0.729492833701178	0.844285777758198	-6.37970779488931
23395	-0.068925681178855	7.99739385607159	-0.580998364131518	0.56239121426048	0.728257724550452	-6.27302218076411
23396	-0.188629878255732	8.58029154294145	-1.09064722164096	0.27773356869214	0.468909209251574	-5.85692247228867
23398	-0.0634652573631826	9.008838578944	-0.578217304353501	0.564260660777807	0.729592892074558	-6.27460277563425
23400	-0.101749747300313	8.17958878520658	-0.693283942659005	0.489544867763049	0.671032294676865	-6.20291697776373
23401	-0.13575951123641	9.49386569842939	-1.02235457879257	0.30878295270001	0.504301994785012	-5.92717791977388
23404	-0.201054160257696	8.03216512373259	-1.73027269671343	0.0862942291992803	0.214437525025889	-4.9860199307278
23405	0.28925933499696	9.93312372632441	2.01187454194701	0.0465971234388183	0.140111172803287	-4.48374573858341
23406	-0.531395564414357	10.817720589054	-3.08180656048658	0.00258139980427838	0.0176949065421904	-1.95762772927266
23408	0.0219027394102653	8.34211388314991	0.204555588002848	0.838284997713354	0.910723935435	-6.41819737618951
23411	0.0157994176136397	8.52575562908744	0.159385389794568	0.873647971133624	0.929340919712007	-6.42627922104477
23412	0.18839186699182	11.0107270180698	2.59595296111273	0.0106771340147045	0.0486448576731713	-3.22160573851279
23417	0.0786148734374267	7.52934524077736	0.778958589980696	0.437621980540968	0.627369983894491	-6.14119106530033
23421	0.0111071106352304	8.79745102578612	0.0854989044776669	0.932015106622083	0.965055453347533	-6.43517575969958
23423	-0.638588812550769	12.1790695133955	-6.16770741033702	1.08911370799957e-08	1.83593453634213e-06	9.63496688739448
23424	0.887189820742163	7.67961373928634	5.15839987306196	1.06505508559372e-06	5.29961145000249e-05	5.28618762116614
23428	-0.29953585687549	9.05349808104937	-2.7760618429157	0.00643559904427344	0.0341413282631333	-2.7749201560449
23429	-0.0824898560728373	12.6699331080514	-0.499936360520037	0.618085846940904	0.769463315106535	-6.31599833679134
23433	0.38928077329014	9.42215358205265	2.32619055702438	0.0217800530062328	0.0811837715846042	-3.84064441609109
23435	-0.0201652405819077	9.88369885929083	-0.224620274985155	0.822677772907086	0.903744749327495	-6.41396439615355
23438	0.00759083999403412	9.94827270501074	0.107603501715576	0.91449982391013	0.95361360946682	-6.43307685617897
23443	-0.207623774925149	8.86205962951063	-2.47635034488736	0.0147456708343542	0.0613598191898065	-3.50356395664661
23446	-0.216641477689372	11.3644121185798	-1.34743564056513	0.18051837528021	0.352004959185829	-5.55315580175328
23450	-0.386909784817219	9.48010486261537	-3.56242809506953	0.000538004274147792	0.0055272578413691	-0.530224544517687
23451	-0.0822296312336833	11.8760432196225	-1.01524991367899	0.312141788396051	0.507038578594174	-5.9342309797652
23456	-0.0130787330364984	8.84980058000772	-0.115156339354312	0.908524284217914	0.95052699020139	-6.43224956653758
23461	0.113508765968625	7.26507657017204	0.819415957422432	0.414263073387405	0.606381886617042	-6.10957262637941
23462	-0.165295563081825	9.28344972116301	-0.749812070947166	0.45491624167739	0.641238600306831	-6.16298852762444
23463	0.253460966215471	9.5519176180908	2.89172537277489	0.00459137905494665	0.0268353738900636	-2.47434266479935
23468	-0.235034220523935	9.13667962992744	-1.62797864688725	0.106296767067126	0.247830326145057	-5.15076325739055
23469	0.134928763283828	9.9900556495341	1.91252070541968	0.0583246992821497	0.163781157916223	-4.66904758010505
23471	0.0868772880679787	12.2673034723851	1.02098413961398	0.309428956316822	0.50481595480485	-5.92854216221351
23473	-0.236463624912254	8.99707279367164	-2.65527839419919	0.00906118990361173	0.0436640602861418	-3.07738083502134
23474	-0.0304828831712743	8.40384822543678	-0.264762169838069	0.791671944066875	0.883557662206781	-6.4043090128243
23475	-0.0269767874202947	12.3758833018831	-0.288519175386818	0.773474566687072	0.871924028584713	-6.39784954329931
23476	-0.306626301027131	7.40113850048377	-2.2922983140769	0.0237280440841694	0.0861013329273937	-3.91408692949054
23478	-0.248594972395541	12.4346393908775	-2.71674674155699	0.00762335195788672	0.0386825236680821	-2.92492523338075
23479	0.011082162311714	12.3305673955075	0.117909744677488	0.906347172169307	0.949572252932329	-6.43193402595958
2348	-0.294365043051101	11.8795431992137	-2.08752269428741	0.0390743370605397	0.123707943319302	-4.33681380467363
23480	-0.11297133296998	12.2118953723117	-1.12718216954684	0.26203812420592	0.450589213718966	-5.8175124953349
23481	-0.249499168894751	8.35095217135982	-2.47479928624654	0.0148064919779722	0.0614832416632505	-3.50714255647412
23483	-0.195940437309702	8.71565623543199	-2.08092273130574	0.0396862289198658	0.124784259945981	-4.34983286606319
23484	0.579491498937742	9.94672987673349	6.35714115805013	4.41376713991613e-09	9.34813245530955e-07	10.4950970574728
23492	0.270469721704704	7.99847404433511	1.80197983113978	0.0741976786109188	0.193396284419751	-4.86487111894831
23498	0.159993488805066	6.38654452432691	0.915541646592716	0.361844593501671	0.556732949319995	-6.02811300931221
23499	-0.014431338558625	10.3656859816529	-0.139546279514335	0.889265319243689	0.939420838592259	-6.42919507283611
2350	1.98002958150028	8.67829838082273	4.58327627336501	1.18143998410616e-05	0.000323351721866113	3.01948160758024
23500	0.686774470134693	7.07914550042055	3.91272185360104	0.000155812129177861	0.00216144691355153	0.612838052276572
23503	-0.017431263744211	9.49533661174128	-0.190167376441312	0.849517006197302	0.916430636100807	-6.42098931380835
23506	0.135655506945534	8.45402966786387	1.3187023836879	0.189918043390338	0.36422638458421	-5.59023429964458
23509	0.0121508940798673	10.0201869686721	0.112282132658809	0.910797656313808	0.951841581249893	-6.43257099952945
23510	0.199211368078195	7.9207566585199	2.14044557478049	0.0344548580703593	0.113159891714182	-4.23104307433013
23512	-0.036481183260444	11.4719556911106	-0.40148021702019	0.68882002416186	0.818738487999978	-6.35956191941992
23513	-0.177159542409614	10.1689566916647	-2.21962650785466	0.0284279202865011	0.0984547679524106	-4.06825090651773
23515	-0.180117415873092	8.60846104221317	-1.41412491696635	0.160057039644323	0.32515639508123	-5.46412037282029
23516	-0.300850065760575	7.77955293890027	-1.53779849346983	0.126875600970143	0.279987300030291	-5.28805331363374
23518	0.0575915221753047	8.00974126168247	0.369042370753568	0.71278232724517	0.833698955401459	-6.3718367321803
23521	-0.0631231371271815	14.6914009229991	-0.636644133699783	0.525636054084393	0.70175429234477	-6.23981290067274
23523	0.00421125300270651	8.10462452424524	0.0338284045078609	0.973073287550385	0.986517216522682	-6.43820773120711
23524	-0.344032584595469	10.998675036189	-3.47958862894708	0.000712879230404281	0.00676825568176938	-0.788193683426855
23527	0.134056655990007	8.06353099743861	1.21677903158643	0.22620746844341	0.408505198111042	-5.71550089819731
23528	0.226281131786544	9.43673179994459	2.07596730761186	0.0401510523236765	0.125974649002112	-4.35958285614515
2353	0.214797517917835	10.4693389609438	0.700689570217599	0.484927890586106	0.667028205868649	-6.19786248189197
23530	0.419721243874368	7.43486804539729	2.62766082014829	0.00978373047388326	0.0459168259740203	-3.14487918446847
23531	0.0668399261927846	11.498135703466	0.379339746076108	0.705142966084824	0.829748973911526	-6.36805177277257
23534	-0.413380554287776	7.99850953998744	-3.48713005318529	0.000694976704668965	0.00665952155518057	-0.76490985201387
23536	0.0550351048103861	7.93317567141523	0.624229344305291	0.533727211999621	0.707638326021969	-6.24748327789601
2354	0.122881961379466	9.64525336898693	0.607018123517907	0.545048893432579	0.715187269222098	-6.25786895358749
23543	0.00147046098692061	10.1205284470382	0.0121335146203736	0.990340353385426	0.994746359797387	-6.43869808803674
23545	0.0433170054858238	7.53680684478645	0.474755379860032	0.635871763635868	0.780779064610118	-6.32804230788937
23549	0.259153436790728	9.11547800710852	2.87575251308425	0.00481333077832713	0.0277253223354129	-2.51648159156916
23550	0.0291684989431823	8.28720526360545	0.264348829011656	0.79198960711389	0.883673396563654	-6.40441649596725
23552	-0.00845706195411041	7.65888637946067	-0.0604130606895252	0.951932694490059	0.974984983732745	-6.43697569677181
23553	0.0657109135862398	7.49292037320329	0.642168907754628	0.52205590679427	0.699121561303611	-6.23635125093569
23554	-0.537393358693626	8.32082116074115	-2.89680378745926	0.00452280412310416	0.0264946103363282	-2.46090297459749
23556	0.0962249459128976	8.38687578971855	1.03539543142607	0.302680922161122	0.497937545718157	-5.91410620558479
23557	-0.108171369016431	9.13277969830983	-1.28466256902574	0.201520785386574	0.379603577489876	-5.63315783929476
23558	0.0958556917216107	11.1026227807611	0.760711132456207	0.448403983798956	0.63672286508155	-6.15493385083195
23560	-0.401977383829776	10.9805120786399	-3.40758982638259	0.000907067796929329	0.00803041800925644	-1.00844237993286
23562	-0.106305708705839	8.70009242944253	-0.875879119637535	0.382941999873892	0.57836915687664	-6.06280313287257
23564	0.249113887472661	8.32723334110776	1.92848951220934	0.0562870015068436	0.160044968139941	-4.63985564974045
23568	0.350813357206873	9.82672971864305	3.61288951279597	0.000452239166867577	0.00481999421719507	-0.370723432218547
2357	1.35200726016521	7.43599550384634	5.20853525772988	8.56927504085531e-07	4.5962475219133e-05	5.49172083087287
23580	0.182891577483703	10.2527239900725	1.72771478570131	0.0867539326717831	0.215238258771005	-4.99025551834565
23582	0.12148760419764	11.1497006417716	0.827738353264414	0.409552290510103	0.60204696914281	-6.10287232465464
23583	-0.0398683893518002	10.1115215235737	-0.302042317961322	0.763171474839817	0.865906096452869	-6.39392525819823
23585	0.124826693202997	10.0522391468213	1.37172576345947	0.17284895784911	0.341146339342871	-5.52120774762297
23586	0.0192028968256629	7.44321994496866	0.131752842701354	0.895412596616402	0.942815999737154	-6.4302346685414
23587	-0.14590650746755	8.25439650480718	-0.562338695354174	0.574992038659006	0.738652646275794	-6.28348285215304
23588	0.0899035636954624	10.8542638071012	1.004218983722	0.317404997075465	0.513065611711026	-5.94508610098096
23589	0.131147266120224	11.2556719153098	0.946423069484429	0.34593943769952	0.542310805491619	-6.00005565013691
23590	-0.308195215078816	7.91699616023489	-2.14321119592133	0.0342270282332841	0.112716941895391	-4.22544867270786
23592	-0.132640368234775	9.84621348570748	-1.23099018181364	0.220866315072155	0.402194833001763	-5.69862244587695
23593	-0.0659340145500949	12.2949296239847	-0.699493032955776	0.485672239440167	0.667440716988841	-6.19868274939678
23594	-0.129886260412758	11.4314307748622	-0.774953867963959	0.4399752486314	0.629071301690321	-6.14423476057593
23595	-0.00452480772221816	9.1770960757464	-0.0635556109976822	0.949435652669652	0.97412863360085	-6.436784122012
23596	-0.117294240286857	10.321231329615	-0.952432051731775	0.34289782267103	0.539081845310755	-5.99448973054827
23600	0.103884045969596	6.9442016044503	0.840472773493635	0.402406944844794	0.595998092956428	-6.092490495246
23603	-0.086176087215916	9.94040007188637	-0.648472026542391	0.5179869466134	0.695702793337672	-6.23236565904949
23607	-0.0836687618298616	8.09233167159303	-1.082009823845	0.281537124165733	0.472854136968067	-5.86605386364293
23608	0.0979329483284963	11.4381782369869	1.43199905578303	0.154886842427445	0.319681488868239	-5.43955186708705
23609	0.0927934880385685	8.8070774954648	1.41013780295508	0.161228171348938	0.326248088030922	-5.46956017479393
23612	-0.274344881683952	8.71780561590852	-1.87701636363741	0.0630784540254332	0.172679402581875	-4.73313670275289
23613	-0.585297302153185	9.21970765055547	-5.45376725920221	2.91022558697878e-07	2.05635560693102e-05	6.51398739806847
23621	0.654648925360084	7.09356765703829	4.13634642625105	6.78698257684645e-05	0.00117036484519315	1.38483595637567
23623	0.0444458389215751	10.1185912329862	0.484918965776154	0.628666573150104	0.776487920658351	-6.32325568167373
23625	0.244652540550297	9.44084588869845	2.74902958655305	0.00695426137069515	0.0360817832424258	-2.84363388329375
23630	-0.245062837087341	7.79119639016572	-1.94855620524136	0.0538118479866974	0.155131397802621	-4.60285087802366
23633	-0.156996733610924	9.94046263675841	-1.36437787608336	0.175142500064783	0.343955551720187	-5.53093043286009
23635	0.304089480278791	7.2864894805848	2.89703326725734	0.00451972772169543	0.0264946103363282	-2.46029519306625
23636	-0.0310020497633034	11.2672823495259	-0.338306655405133	0.735755865712181	0.848198667241119	-6.38251610967806
23637	0.0945472718117716	9.6732572465674	0.769943166389303	0.442929989649519	0.631664660653492	-6.14802116949384
23640	-0.0504046573547478	8.06461803495319	-0.469722232431142	0.639452899440033	0.78356432463873	-6.33037532715755
23643	1.32908984647205	9.1614022602165	5.21255505894802	8.42075530299141e-07	4.54610711128817e-05	5.50825229122772
23644	-0.513097907494877	8.00564437617139	-4.48357347729327	1.76198369667629e-05	0.000426803088989623	2.64467255333401
23645	0.111667464895959	9.94387649597941	0.751834333465783	0.453703864003876	0.640504856720563	-6.16150271864866
23646	0.222121290416677	10.8973574997119	1.70112539764482	0.0916521557670379	0.224096217776811	-5.03393237023765
23648	-0.281323230180272	7.97739857539323	-2.50463073726981	0.0136751633825193	0.0580158446531121	-3.43796406746742
23649	-0.281219815094954	8.36677988257207	-2.25014258086913	0.0263634961675144	0.0932202390169816	-4.00406674857027
23650	-0.280883708275049	8.62681477426115	-1.81208322776729	0.0726119308927564	0.191071853830573	-4.84742833023693
23658	-0.15014066872587	10.4162125951044	-1.21536536339331	0.226743849143759	0.409109697231859	-5.71716946512027
23659	0.773270178366056	8.22001566693553	5.53878421548972	1.98910142851312e-07	1.54999790561494e-05	6.87470931259473
23660	0.0301450335730874	6.69967753127592	0.26391829042162	0.79232052429326	0.883923221321223	-6.40452827280043
23670	0.158664361570662	11.3815843732985	1.32285987837718	0.188535806877569	0.362585742679562	-5.58491721326335
23673	0.379800272830852	9.46984555134208	3.28814724957888	0.00134231331127743	0.0107125680687455	-1.36556147794797
23677	-0.0843290581082498	9.56657563308083	-0.741180408616989	0.460111794914273	0.645469331860036	-6.16928588940235
23682	-0.055724773888123	10.1349036923132	-0.457733280623744	0.64801740569969	0.788309833737767	-6.33583280921045
23705	0.824789237997015	9.1943123602246	4.0476323733265	9.4717201738685e-05	0.00149156704121237	1.07476600780597
23708	-0.057063270190318	8.0403535940151	-0.410870669699847	0.681940520331247	0.812523986121733	-6.35581612522016
23710	-0.0267178372099217	12.057841078556	-0.178880051336686	0.858350176777531	0.921079360772618	-6.42303716776231
23729	-0.343279545561394	9.95197980645342	-3.38437563403273	0.000979604220887096	0.00844627438885951	-1.07866191171055
23731	0.31677615393932	10.0262988441563	2.97843115028221	0.0035420591356836	0.0221479246485591	-2.24211375072702
23741	0.310054241870913	9.49507185310834	2.43395465431484	0.016490845776028	0.0666410890949078	-3.60065566461071
23753	-0.840152639744013	12.2474218726298	-3.3285546674543	0.00117690705273357	0.00964409945990005	-1.24591262413244
23760	0.220966712508386	9.56680175661462	2.40336149501863	0.0178620289063967	0.0704922879917995	-3.66978207724334
23761	0.260240503203669	10.4414316619291	1.56774441461877	0.119719119797714	0.268957826292942	-5.24329314150481
23764	-0.131195657608002	11.5248056733271	-0.743955735954034	0.458437615619774	0.64399569813254	-6.1672689805588
23765	0.203473264580059	7.27539242205236	2.07591137160722	0.0401563257654434	0.125974649002112	-4.35969278969636
23770	0.000431776802082531	7.86564432176313	0.00286931177654112	0.997715650711948	0.998561889601441	-6.43876643826782
23780	0.377929543252674	8.34036319237494	2.12692816613753	0.0355873958182565	0.115440227165676	-4.25829087012149
23786	0.0271097004405609	9.72010348017333	0.297971335760086	0.766268723702169	0.867561070422194	-6.39512549597966
23787	0.109567905496	13.1304509298952	1.7614934998796	0.0808423276993789	0.204770814718451	-4.93384411771837
23788	0.0403658401379691	8.87213849290668	0.3371144778245	0.7366519642136	0.848757877584648	-6.38291168439826
241	1.69938622014184	9.06119959730801	5.14702887436549	1.11871156037524e-06	5.50033183851158e-05	5.23973966645182
24137	-0.340238846220762	7.48713299451297	-1.74169507557778	0.0842656868400507	0.210679871927849	-4.96703344778804
24138	0.378713954061916	7.29036945055429	2.94756626496405	0.00388721263425027	0.0238016133127555	-2.32545312023662
24139	0.10657973019892	8.6621796118662	0.573259457508976	0.567600857647289	0.73233100346245	-6.27740183248433
24140	-0.342973222234655	8.33222526303787	-2.78390052440503	0.00629193662816693	0.0336166859952515	-2.75488548312568
24142	-0.0709819325284416	6.62338204581244	-0.581654105682562	0.56195086244035	0.728257724550452	-6.27264839664632
24145	-0.21760643990446	7.90343045111177	-1.57702260906207	0.117568018503296	0.265263622220367	-5.22925743610748
24147	-0.373049174688199	9.08763100954536	-2.88687636886581	0.00465774532314482	0.0270365259094703	-2.48715631998506
24148	-0.16367270431738	8.63559014995844	-1.39412548038945	0.165997583044708	0.333043486992784	-5.49125721787511
24149	0.216703533983684	8.23682860914839	2.51801727390327	0.0131931247677415	0.0565224121273571	-3.40668043688098
245812	0.394783484908013	9.03290753404573	3.53211336723736	0.000596683319023846	0.00596031288641028	-0.625188665115489
245973	-0.435558620227716	9.56457043995191	-3.49697979860788	0.000672231507050512	0.00651717400027844	-0.734438354212172
246175	0.120713538079138	7.97077938481435	0.768740860512972	0.443640678914535	0.632241547245351	-6.1489260943725
246243	0.0924411634079332	8.76888070831335	0.959157772020926	0.339514014495118	0.535801635408802	-5.98821882066625
246777	0.579173628850588	8.83237642834887	2.12551048968418	0.0357080177799741	0.115711348318002	-4.26113934540945
246778	-0.685918969327189	7.97949533807239	-3.14003253238851	0.00215288241723244	0.015333142252625	-1.79379586406088
2475	-0.127350236434018	8.72313788814981	-1.24064834870492	0.217289031248005	0.398580368223078	-5.68704269410786
2487	0.0514061929952776	10.8682737812545	0.259478920121852	0.795734878519508	0.885053944031276	-6.40567021442309
2495	0.217914369038355	12.339013526118	1.78919189845154	0.0762457801086589	0.197232099133865	-4.88681665980697
25	0.155534066776317	9.65425987166653	1.27736751866211	0.204074140766271	0.382417930061944	-5.64221501616972
250	0.604152890001286	10.0839900300875	1.9691953933876	0.0513627522110098	0.150015893918006	-4.56441739233695
2512	0.683730888140343	13.6468343258131	3.71988767135199	0.000311226836994194	0.00364126582658929	-0.0266968695042422
2517	0.0603738269356275	12.1032231796289	0.393541042751128	0.69465675407377	0.822995717962853	-6.36266144374393
2519	0.146691273474542	10.806584315161	1.5340326614437	0.127798960231192	0.281648722387845	-5.2936235721833
2521	-0.439961378109755	9.66484592307278	-3.37165537429392	0.00102162419304528	0.00875375086571991	-1.11697353885159
2526	-0.149345558501631	8.84372744201899	-1.42364405857739	0.15728735199141	0.321821532684926	-5.45107307655331
252839	0.174584052693118	8.61574870161886	1.39153421433258	0.166779421447863	0.333882215501539	-5.49474595163335
2530	0.186735663808205	9.70973372332086	1.517126662455	0.132009607484233	0.288160506823404	-5.31846885612036
2531	-0.0540933834293903	10.3149940142979	-0.775546958954696	0.43962627113359	0.628689923747135	-6.14378497460868
2533	0.388075072208808	8.87536472284218	2.59428113370424	0.0107262181633374	0.0487877544213476	-3.22562835339217
2534	-0.116354386009258	7.90843732560474	-0.775897448504859	0.439420117152947	0.628503925139972	-6.14351901173575
253558	-0.347497275528948	8.66609719457979	-2.46480799831665	0.0152036736662849	0.0628433684329301	-3.53014631691785
2537	-0.0423940219605921	13.1022216183686	-0.214853332541438	0.830266476686333	0.907143002305437	-6.41607429444029
2539	-0.15159239246222	8.54063644068001	-1.49154590321329	0.138586948336308	0.296868651164922	-5.35556026588855
253943	-0.113949898504133	8.88759083580698	-1.14286441364787	0.255495144712656	0.442986269699984	-5.80020689409182
253959	-0.0214060542897036	8.90219756813178	-0.210304338021325	0.833806476775429	0.908938883304889	-6.41702500366138
254065	-0.142486393601687	6.94319544200308	-1.19466564020729	0.234703301629927	0.41898622681288	-5.74138516554134
254170	-0.200766904854411	10.1804953358387	-2.16963649305722	0.0321151198967026	0.107789878239237	-4.1716596742076
2542	-0.0879015369340951	9.60290812853089	-0.922784562001699	0.358073126274196	0.553034465921169	-6.02161470755025
254295	-0.444510771468184	8.11177024545859	-3.57454011763009	0.000516118751300338	0.00534228181170525	-0.492102211727741
254359	-0.34430811311827	8.29261693715836	-3.35186165549509	0.00109038579523002	0.00914374281076137	-1.17635591777488
254427	0.320658100496842	8.56399114474394	2.00509363135096	0.047328112962484	0.141538817186864	-4.49667047700431
2548	0.306226021590172	10.5451863607909	1.81675835428272	0.0718877297638394	0.189892116357311	-4.83932595488483
254863	-0.184032903307981	10.6241319272996	-1.3719300548542	0.172785517745283	0.341146339342871	-5.52093670905861
2549	-0.00943223422290449	7.77403057049	-0.0632021925022603	0.949716451136518	0.97412863360085	-6.43680615165233
2551	0.194345954932216	8.49120936285093	1.46246895321153	0.146370805637403	0.307952841203503	-5.39698495871863
255104	-0.304540192573028	7.96478168186877	-2.55507814791613	0.0119370201717444	0.0528401857548816	-3.31929657496468
255252	-0.055696581498649	7.96709795382501	-0.646348465317661	0.51935594672205	0.696594881304885	-6.23371274636493
2553	-0.286061186078736	9.38263008681816	-2.27674007041785	0.0246724479478963	0.0884157417349377	-3.94747250428231
255394	-0.254436799474972	6.45227412595573	-1.74503471594829	0.083680030070599	0.210026450435475	-4.96145989140776
255488	0.265918251276493	7.82563418560544	2.31813703791479	0.0222297039497967	0.0821633740493235	-3.85818454934488
255520	-0.427498972886008	9.12481872700894	-4.01510337742574	0.000106903415738452	0.00161918214068698	0.962318479532213
255758	0.0535531222844461	8.60641258654049	0.375359170873331	0.708092534131607	0.831027708206749	-6.36952721310255
255919	0.109463531750824	9.90172792019869	1.4932017024991	0.138153606672434	0.296710554111884	-5.35317773483579
255967	0.0497240818516013	9.45740744687407	0.632939559896159	0.528043786804882	0.703377145461752	-6.24211743979133
256281	0.440080100454098	9.10668613220235	3.04837388615188	0.00286188655605128	0.0189631030558828	-2.05053149843196
256364	-0.0265176747153136	8.15568831259963	-0.219916300377775	0.826330609195079	0.905838199329974	-6.41499226630325
2564	0.0487495661301519	11.0351021912056	0.210555937866649	0.833610593384095	0.908938883304889	-6.41697295205275
256471	-0.173889263709422	8.55757369760852	-1.01864582227191	0.310533290177341	0.505789217082535	-5.93086575994152
256586	0.995171209035783	8.10687768213199	6.34380763934059	4.70532383817755e-09	9.71649372583664e-07	10.4341594933146
256714	0.151122995939921	8.49879213235114	1.09454939596309	0.276026890732347	0.466898115198094	-5.85277381880256
256933	0.596206590427956	8.37457179670143	2.90932237807522	0.00435775869025274	0.0258214395849983	-2.42768689191374
256949	1.2095797150881	7.21216052865632	8.47363944596919	9.70885852845703e-14	4.00975857225275e-10	20.7358369596684
257068	0.199440548513287	6.8014336676795	1.09004508227925	0.277997570964447	0.469001620809002	-5.85756135398888
257218	0.219307287438273	6.98211962711838	1.50968527083687	0.133897162026556	0.290666593724718	-5.3293211127985
257415	0.00164247745642999	9.18195678085586	0.0207293188819939	0.983497907106361	0.991111226103063	-6.4385591729077
25771	0.0553966242195684	8.52324230320091	0.561242122705372	0.575736740434362	0.73905564110709	-6.28408703322916
25776	0.200774236376296	9.12823432897268	2.05718349960848	0.0419557095926588	0.129746971634355	-4.39634536893954
25777	0.168719872913544	9.86213127411457	1.55859338097592	0.121871221166771	0.272142818826041	-5.25705886735539
25778	0.702826037626736	8.33613904004805	5.17736351121628	9.81102698683554e-07	5.02016417879007e-05	5.36378852059061
25782	0.1353899981507	9.74211263242629	1.59488157905389	0.113514107961838	0.258512967125665	-5.20201823833134
25788	-0.259469582958669	7.13465466097802	-1.87881095410008	0.0628306147025524	0.172132961009314	-4.72992429728182
25793	-0.0101389609625241	10.2652096784856	-0.131793145867872	0.895380789733969	0.942815999737154	-6.43022944594139
25796	0.0157579301026117	10.1243005110303	0.190152058786232	0.84952898070507	0.916430636100807	-6.42099217771217
25797	-0.740553490626825	8.62947924795388	-2.15564252627372	0.0332189834908821	0.110447587926553	-4.20022004411949
25799	-0.0810003418935612	7.42210250609148	-0.348613102222187	0.728024342246868	0.843582647801865	-6.37903824650792
2580	-0.043094933694588	10.6520341225777	-0.522220777519364	0.602532360736002	0.758329620551482	-6.30482311116283
25800	-0.384143097134761	9.81552446971004	-2.1459565690419	0.0340021577732255	0.112163667414873	-4.21988865444554
25801	0.790210254206336	9.35978210801707	4.82487145159091	4.3877985453285e-06	0.000152511442148131	3.95056564376766
25802	0.372543160942027	6.72097572424274	2.21072978054236	0.0290557630535088	0.0998338614068147	-4.08681240771329
25804	-0.238742978758	10.9175058827047	-1.93593855816319	0.0553572027840629	0.158295397999695	-4.62616071992402
25805	0.507657186584339	11.5071528009286	3.39521519111288	0.000945082072308048	0.00826946813269542	-1.04592227670806
25807	-0.561375068170021	8.07668985909972	-4.08920253956408	8.10688771719531e-05	0.00132770361234392	1.21944433462951
2581	0.264791555318651	9.24971313136556	2.01422559138864	0.0463459356729471	0.139663417971012	-4.47925505707128
25813	-0.0889355198249057	9.33336163586365	-0.650403088772773	0.516743688877827	0.695238533889487	-6.23113687714179
25814	0.0176147577815608	8.72976461278616	0.144957966869396	0.8850006516813	0.936472634241293	-6.42843806326516
25816	0.110555548790706	10.5819685024609	0.934168858015035	0.352196048181309	0.548997802977469	-6.0112988787052
2582	-0.0999419694171401	9.40986476424051	-0.860111580184654	0.391537116443531	0.586630978019873	-6.07617310589462
25820	-0.381821853084103	8.77091942981603	-3.42856195894913	0.000845902287000781	0.00764458740768758	-0.944670790883868
25821	-0.206826751690173	8.81941120607392	-2.62279081660323	0.00991640769982887	0.0463534968511817	-3.1567170847384
25824	0.0690988535229355	13.1245063371782	0.950258136152322	0.343996205970624	0.540500030686199	-5.99650735718422
25825	-0.291890372752726	10.6026997628379	-2.31191620030179	0.0225826102893305	0.0830509176268342	-3.8716954116166
25828	-0.37416004894465	9.24719369003274	-3.05994546383302	0.00276176210043145	0.0184863492297924	-2.01847275828748
25831	0.111478955183403	11.0469356039972	1.23993132429417	0.217553149913525	0.398783909249024	-5.68790540251103
25833	-0.191726033895998	6.77708634789119	-1.40947965212866	0.16142211845413	0.326416933591124	-5.4704566952511
25836	0.095909928825858	9.01102527472351	0.751594531000029	0.453847532710273	0.640584880725796	-6.16167911478982
25839	-0.145645195569348	8.5274975151879	-1.44969859005248	0.149894746764655	0.312883872937561	-5.41493038980559
2584	-0.247432190729694	9.51012272401801	-1.84302950851988	0.0679288643037906	0.181836738637816	-4.79343037959106
25840	0.14259095388863	11.1795031171332	0.883210156740138	0.37898594415586	0.574600568782563	-6.05650525540413
25842	-0.255266503455659	8.95927307727807	-2.1769971045262	0.0315473916021255	0.106281385310568	-4.15656924085871
25844	0.0571158227362638	11.4906243517893	0.626595021705078	0.532180512537682	0.706381332727182	-6.24603322958603
25847	0.153666691594632	11.0788955119659	1.36981948476713	0.173441779354075	0.341428960405761	-5.52373497514621
25849	-0.234708826339179	8.50901908646182	-0.806140017191699	0.421844618248933	0.612417745298964	-6.12012250823373
2585	0.121019701143675	8.37808036043374	1.17216025488538	0.243582378000159	0.428406492496197	-5.76725311990947
25850	-0.146459597957713	6.75238309083466	-1.50111989464249	0.136095937035099	0.293819247232075	-5.3417491429645
25851	0.126742163183985	8.00609001575507	0.873199073920476	0.384394612410536	0.580032791105412	-6.0650925584192
25852	-0.202730902882952	8.00051834005341	-1.48803637823263	0.139508938124977	0.298225628600494	-5.36060172863946
25853	0.208688708876406	9.44983486656041	2.1091594287052	0.0371249706485115	0.119134521195301	-4.29386622740628
25854	-0.163684782706376	6.95403019017969	-0.886714899143382	0.377103711424768	0.572482384923466	-6.05347614742312
25855	-0.261179050712605	8.58036794365057	-2.36900989081981	0.0195214731234982	0.0750957703948355	-3.74646138961819
25864	0.0307501977036869	7.77006243114668	0.274679481214001	0.78406085977907	0.877910085641198	-6.40167987836549
25865	0.0326323797604113	8.28220019144014	0.340191757897715	0.734339674827427	0.847620855918275	-6.38188777263683
25870	-0.360405499197282	10.939760676517	-2.36886928559519	0.0195285369017078	0.0750957703948355	-3.74677319930099
25873	-0.160263219473616	13.2915781302647	-1.50029492439063	0.136309193673854	0.293944542667651	-5.34294255875958
25874	0.356977565259258	10.7863853362436	2.97444584106547	0.00358497966211047	0.0223486279313453	-2.2529162257992
25875	-0.0217702317231068	9.28543964200531	-0.285697149740887	0.775629806768897	0.872871164368361	-6.39864583663098
25879	-0.0504312736147421	9.87430648915026	-0.323692880929539	0.746765067599657	0.854569057685393	-6.38726891868557
2588	-0.00611230129019996	7.73580602138647	-0.0508930345898109	0.959500037049186	0.979168042308736	-6.43749677631767
25880	0.0400813648944743	7.62465399563633	0.521176989492458	0.603256877283633	0.758779017262496	-6.30535737676893
2589	0.149979898941749	9.98134770362721	1.31637124863192	0.19069637504596	0.365138235342954	-5.59320852845313
25891	0.541036480921612	8.93175438924309	2.8273485828801	0.00554735456556846	0.0305767056629713	-2.64294936741051
25893	0.164308456637322	6.87296279460963	0.884516043799433	0.378283929847865	0.574047273857184	-6.05537797498391
25895	-0.125762681083786	7.78333590969403	-1.01314705106466	0.313140609687802	0.507961790263402	-5.93630930871762
25896	-0.0784154519209148	7.55057173233238	-0.767621995400778	0.444302638368492	0.632434337217716	-6.14976695998851
25897	0.336065823015051	8.09881083361089	3.62069447096313	0.000440188517656425	0.0047097890619716	-0.345894977465019
2590	-0.516274599691283	8.29339824160571	-2.65701868820449	0.009017318701709	0.0435573406293078	-3.07310667767036
25900	0.0424749592390317	9.13987598860385	0.358859192678921	0.720365792114096	0.837705398122263	-6.3754775322376
25901	0.200889445575838	10.6614651470038	1.91029944366137	0.0586130034740885	0.164283477670842	-4.6730901820273
25902	-0.977175997295013	8.76586934019649	-5.08523016749952	1.45970961131049e-06	6.62483592825528e-05	4.98840579664847
25903	1.17004507233954	7.39208265930792	5.63811918652668	1.27022381119774e-07	1.08514272934073e-05	7.30013300064373
25904	-0.357992581442663	8.15012620381053	-2.69469309341527	0.00811349706100721	0.040518431513857	-2.97997536192808
25906	-0.205784634148292	8.83493050799627	-2.28227455688188	0.024332783047438	0.0876914432686901	-3.93562006615447
25909	-0.117297316863601	9.42336772708899	-1.36941870564767	0.1735666107438	0.341428960405761	-5.52426587132181
25911	0.223636981289004	7.55164709291984	1.63554602603499	0.104699472229083	0.245477615842245	-5.1389032211491
25912	-0.0457551737338954	10.9481985758898	-0.574815185907896	0.566551701326193	0.731548702978638	-6.27652609287033
25913	-0.0341375168745651	7.8857937512174	-0.352523986260324	0.725097812711371	0.841431291513898	-6.37769128187378
25915	0.222694962852367	12.022806011609	2.59617238385623	0.0106707069005814	0.0486424056284782	-3.22107761109609
25917	-0.178859708051448	8.39778104745177	-2.31207171535193	0.0225737281857849	0.0830509176268342	-3.87135805449359
2592	-0.667848595852888	10.0720172187779	-4.05803390855137	9.1109322900425e-05	0.0014556344432447	1.11086438750866
25920	0.237175649766772	9.01465203156507	2.43717221470302	0.016352224092914	0.0662848518063956	-3.59333978771283
25921	-0.1272710461168	9.87659778997391	-1.70571273748009	0.0907913648267962	0.222533137527993	-5.02644287801998
25923	-0.0303511345354333	8.78144420285473	-0.252860515949081	0.800832492187305	0.888388932723803	-6.40733674534369
259230	0.401162319272678	7.92498307742382	3.74682644979309	0.000282952586535071	0.00342696241170042	0.0611500162011813
25926	-0.0477230367986572	10.4395950366877	-0.52631077934814	0.599697233423909	0.756549448138722	-6.30271938353463
259266	-0.187453463126795	9.25861240623339	-1.27254079357898	0.205776615320129	0.384116348597575	-5.64818011010709
25927	0.804603039312771	8.82543860147089	5.59479160266299	1.54545378974889e-07	1.26412411228897e-05	7.11405702322793
25929	-0.160297184430587	7.2915911649283	-1.40696570903269	0.162164582967444	0.327501089318114	-5.47387742333384
2593	-0.0414399783415752	8.55801224386436	-0.296461056227362	0.767418727493292	0.868101710366283	-6.39556663278482
25930	-0.0889219550088007	8.7177365473324	-0.928270849922344	0.355233097129327	0.551046828760986	-6.01665887875668
25932	-0.0745181129940858	12.1908946477596	-0.441774208645909	0.659491495648732	0.797336029575311	-6.34287941866104
25934	0.335138787298902	9.29384622087737	3.0726551954188	0.0026555316776363	0.0179792554567835	-1.98314273527715
25936	0.132502523020231	9.24506408513912	1.76542417349152	0.0801764707693483	0.203652520559068	-4.92721267596493
25937	0.0946197356648537	8.47472918471198	0.622985539752936	0.534541343764884	0.708262993182218	-6.24824348660944
25940	-0.00926245922300851	10.6615706481456	-0.0812856389827902	0.935357676867795	0.966723524890889	-6.43552130623303
25941	-0.0816104261282829	9.41843049414676	-0.838478963645074	0.403520654235794	0.596866324871466	-6.09412629759656
25942	0.0798958317826858	9.45987642913999	1.046641800448	0.297484243167678	0.492231540177288	-5.90270272808851
25945	-0.10825266147823	11.5714406946276	-0.544398990700281	0.587232784983639	0.746811825090817	-6.29321977508429
25946	-0.167320718599675	9.01462232302501	-1.45519202723325	0.148370895051483	0.310657438054563	-5.40722935567863
25948	0.335528207425171	9.45950980749735	4.39458665940881	2.50570846259696e-05	0.000541810259189814	2.31496920209543
25949	0.0448444181403034	10.6264787106697	0.559909410299964	0.576642429704385	0.739147496796745	-6.28481974213408
25950	0.0873543677290662	8.20416768873565	0.86204917611553	0.39047455479078	0.585782750194668	-6.07454304866126
25953	-0.0374374042085598	10.0114315404735	-0.293576249849442	0.769616806904951	0.86984386802212	-6.39640303411607
25957	-0.0685250881485703	10.4481768463484	-0.449916871052769	0.653626804411526	0.791984363274051	-6.33931521511761
25959	0.473757720890349	8.97106543236744	2.6896742379808	0.00822896019778551	0.0408972390094514	-2.99244845113818
25960	0.832930318564833	8.56573681624983	3.8895950815592	0.000169500587272832	0.0023180047199894	0.534837221397384
25962	0.0640383401125126	9.50400639027819	0.986868571624659	0.325802054606739	0.522447092030997	-5.96192430623345
25963	-0.0203739392936453	11.6776503773394	-0.302351570342475	0.762936348360713	0.865841889835121	-6.39383341755213
25966	-0.46859056307666	9.55487192441429	-4.42749553788927	2.200886574992e-05	0.000497551955990629	2.43636273377468
2597	-0.240212793898535	14.1893117873519	-1.85869205162166	0.0656562840143469	0.177801602889572	-4.76577315326701
25970	0.15890486938037	7.39415529873551	1.59704093096769	0.113031596164359	0.258023365538089	-5.19870485346279
25972	0.0287361569369288	11.4754533075197	0.281931715807281	0.778508273803798	0.874419138104348	-6.39969616099914
25973	0.0260586149277959	7.57282441456974	0.356904204096064	0.721824904347059	0.838575767919368	-6.37616487248751
25975	0.698641843666156	11.8334765839762	2.78361611954081	0.00629709746642603	0.0336225113591978	-2.75561324422326
25976	0.259736691562155	8.14852136537906	1.85478767024175	0.0662167697598581	0.178405610515268	-4.77268816967657
25977	0.0479811542742969	8.81798872724728	0.590500635275251	0.556026689320117	0.723310530707013	-6.2675647614088
25978	0.0436364893274419	9.9157377435054	0.458051946006534	0.647789143557169	0.788309833737767	-6.33568956809697
25979	-0.369325836543825	9.2610770303647	-2.99560357427498	0.00336248139177846	0.0212991536012961	-2.195425888441
25980	0.0106566997638263	9.0545776249781	0.133514878433053	0.894022174278391	0.942036377030171	-6.43000484770021
25981	-0.0706224431479131	6.66091318942354	-0.532366329615085	0.595510893608267	0.753511026532519	-6.29957467247626
25984	-0.0748880244712446	12.543470093945	-0.580961486739156	0.562415983644956	0.728257724550452	-6.27304318907423
25987	-0.0857609127217425	9.92354753985968	-0.584027606886633	0.560358392007485	0.726960942042065	-6.27129195606487
25988	-0.0592374677033539	7.80136437028921	-0.517768382453463	0.605625627843772	0.760022437859246	-6.30709467226697
25989	0.0937544595954405	7.8888911953219	0.783645479021642	0.434877196921013	0.62525424657399	-6.13760919799599
25994	-0.151043647722696	11.5772766334341	-1.53593993470752	0.127330648692714	0.2808414307615	-5.29080405044468
25996	-0.0600960976885654	12.0852480113504	-0.635287282104076	0.526517258958974	0.702330804681197	-6.24065851967557
25998	0.0257623542470833	9.96904831783416	0.208197200638925	0.83544740053058	0.909503459160699	-6.41745849227443
25999	0.387446274968598	8.13308091168088	2.47555682596679	0.0147767588978332	0.0614272916437353	-3.50539501285191
26000	0.049870189640862	9.75868321931514	0.476304720073749	0.634771121107986	0.78012341323493	-6.32731915588116
26001	-0.195247538684921	10.7450298932893	-1.8620311973585	0.0651800883585107	0.176946851228837	-4.75984838334595
26003	-0.1873792843222	11.3226236598523	-2.61855371314726	0.0100331611752126	0.0466681508586932	-3.1670007709649
26007	-0.00641276437982615	7.26644313365124	-0.0552937001958196	0.956001504692601	0.977340919328313	-6.43726698334979
26009	0.0211405124928168	9.09437155809357	0.33121486926977	0.74109171732998	0.851379358156556	-6.38484871261285
26010	0.436630827471026	9.75489158020696	2.91344454346872	0.00430463450741578	0.0255800582958664	-2.41672249226818
26012	0.214575833235761	7.16708812274085	1.5974788799111	0.112933935565418	0.258023365538089	-5.19803232710998
26015	0.0760819125773145	7.63098577170555	0.554763786920617	0.580145682888656	0.742025912149318	-6.28763248726395
26017	0.40003032393445	9.58495250974399	3.05258037655503	0.00282510723194039	0.0187885553428564	-2.03888939637805
26019	-0.0127073920322263	9.46627422454647	-0.15723431071471	0.875339004863634	0.930181420323378	-6.42661407494731
26020	0.100980220533192	10.7529723944762	0.97755869620132	0.330367541030144	0.526749979571839	-5.97084046958059
26022	0.288875206953394	9.39061320413123	1.77934549921057	0.0778544151855938	0.20021091825436	-4.90361366570638
26031	-0.279125571404682	7.72241984058255	-2.63007873120562	0.0097184547582265	0.0457143714709288	-3.13899457855414
26035	0.7180301380803	8.68310542467284	4.42542032446399	2.21900221360423e-05	0.00049942665624989	2.42868904524584
26036	0.152413198778478	8.94129898082226	2.17288158990494	0.031863739230746	0.107163878683209	-4.16501248935661
26037	-0.174068682415422	8.50753774326613	-1.55204439155049	0.123430113353476	0.274362953794325	-5.26686303434377
26039	0.023422839748041	8.75626755384705	0.278743934386302	0.780947567948726	0.875669588886133	-6.40057447912149
26040	0.337126702573941	8.28933597719301	1.76752336022486	0.0798227215854525	0.203310416372444	-4.92366541328392
26046	0.0104591138016717	8.44105007521885	0.0966498237437643	0.923174605491306	0.959293274796601	-6.43417699455483
26053	0.503526961101715	7.35465106514164	2.94616728680716	0.00390356705166324	0.023866368502397	-2.32921299616718
26057	0.132631081267872	10.0769753869385	1.85827265118682	0.065716299622617	0.177801602889572	-4.76651660476352
26058	0.0822656676713551	9.08425277107383	0.980866069094711	0.32874084994797	0.524917730634106	-5.96768247649277
26060	0.134975399110183	9.37632879426618	1.32229343484893	0.18872368797239	0.362638453964822	-5.58564260122015
26061	0.0165558247816139	9.65580355067969	0.170916522853852	0.864593127036232	0.92435128858769	-6.42440666277474
26063	-0.0466503420626841	8.95511140160876	-0.284917528433608	0.776225529493461	0.873042330285401	-6.39886444524239
26064	-0.0451020761253308	11.3137810190419	-0.385248010947412	0.700773277213231	0.827024768007634	-6.36583319486618
26065	-0.0128492953400773	11.2090007082351	-0.159457393061345	0.873591377076443	0.929340919712007	-6.42626793378636
26073	-0.024418950374609	9.25818148874754	-0.291961147226505	0.770848255840297	0.870550532299816	-6.39686774036569
26088	-0.0115022492560493	8.13854694598082	-0.0836611183826624	0.933472957952038	0.965984293746408	-6.43532863025479
26090	-0.242488493761974	10.6792896443034	-1.61236428274124	0.109654441280651	0.252719220138999	-5.17506922976855
26091	-0.0423393884646867	9.10323686278906	-0.504529569735766	0.614865459687247	0.766958461937033	-6.31373460865726
26092	0.266806836758865	9.07522453528714	2.9154930114983	0.00427845687148064	0.0254433794840085	-2.4112688951671
26094	-0.226747271759327	9.38502078655874	-1.95070964412575	0.0535517833573877	0.154699639945254	-4.59885848789379
26098	-0.0400361563701474	7.81223397950112	-0.256631949978072	0.797926597464295	0.886465863490932	-6.40639235951676
26099	0.0119541133512011	10.7471675485955	0.132246709248025	0.895022853514109	0.942815999737154	-6.43017056179277
26100	-0.102519440383382	9.93403491577235	-1.05725748155303	0.292634735991601	0.486384523006405	-5.89182794534237
26112	0.103439363788634	7.38018513469597	0.738447578259881	0.461763720379966	0.646644642461587	-6.1712646210767
26118	0.0710209644973663	11.4906283280897	0.530584744541598	0.596741141139103	0.754497617560121	-6.30050358460257
26119	0.269951689288378	7.95210671377196	2.18669465702541	0.030812742223403	0.104265977372105	-4.13661610165561
26122	0.17676391393098	7.69767365380621	1.92974758670237	0.0561290487209983	0.159826938736517	-4.63754616771344
26123	-0.4040220401663	10.4454179063387	-3.4436764982176	0.000804247069152738	0.00736721055405746	-0.898514980699574
26127	0.245442650013536	8.99504774094836	2.70034371727792	0.00798525946313219	0.0400232058042912	-2.96590777808554
26128	0.237900872541436	8.87378370938322	2.70428386025197	0.00789693141371956	0.039652676885911	-2.95608326426516
26130	0.0402372603455357	10.737523407011	0.60198809639187	0.54838035788333	0.717393372840719	-6.26084973274143
26133	0.0132784109388611	9.80832309276209	0.143610237472893	0.886062416074651	0.936876031333413	-6.4286292812977
26135	-0.0440840245676411	10.5544069716336	-0.50732726909213	0.612907612492656	0.765417567397982	-6.31234568490392
26136	-0.00404193590810174	8.26098023261143	-0.025256068533157	0.979894978416171	0.989478303388456	-6.43845680510322
26145	0.00342869113120432	7.73171098225478	0.0282907911812985	0.97747981130707	0.98875230700367	-6.43837689359099
26147	0.409698960912308	7.65668619680082	3.2129639363318	0.00170931389738069	0.0128500979565932	-1.58497855105652
2615	0.0994777896247203	10.5082160443194	0.475560020309826	0.635300049709106	0.780480687682815	-6.32766703615513
26151	-0.0102928998251868	9.45974804541396	-0.137255604549894	0.891071466304269	0.940593138515977	-6.42950683017363
26152	0.0743296663330802	7.91567868608359	0.677340574700488	0.499565481014221	0.679804097722812	-6.21361793778493
26155	-0.0408370624858376	7.66724034973629	-0.355125660203378	0.723153218121772	0.839751796328188	-6.37678692360454
2617	-0.21318482725251	10.0787026687346	-1.82317088098556	0.0709041565104566	0.187782838081426	-4.8281805360486
2618	-0.180958734028975	9.74489874473855	-1.6803949675705	0.0956253358083427	0.230684951453537	-5.06753892834339
2619	0.395769074268336	9.54841539358771	2.41041661783324	0.0175371376383372	0.0695757718024327	-3.65391056248062
26190	0.0871525511521685	7.27785306617529	0.795848940604909	0.427777906617935	0.618167513762097	-6.12818324609919
262	-0.11354452616569	10.5918108280551	-0.822163040354015	0.412704543837807	0.605280456693943	-6.10736836464408
26205	-0.2349614356101	8.86472102283974	-3.25669650744367	0.00148583294137838	0.0115664812476896	-1.45785762047661
26207	0.308413998065528	6.99702190470578	1.91320260646639	0.0582364331273044	0.163728025061788	-4.6678056669676
26224	0.28529259018809	9.85765790942162	3.2082924226763	0.00173495434858055	0.0129689800174438	-1.59847347506511
26225	0.202905248723771	11.0828200199911	2.44981470327269	0.0158175421907719	0.0645615035350268	-3.5645101120433
26227	-0.24554649150933	10.9656222073564	-1.68299364157644	0.0951197418993868	0.229935343309609	-5.06334761828818
26229	-0.22433595496418	8.39912380414911	-1.48977926282963	0.139050467470721	0.297476524555337	-5.35809948614093
26233	-0.19442019208589	7.39435662062358	-1.83457062043543	0.0691832396524881	0.184375991965807	-4.80827570735839
26234	0.144439931348956	9.84508969637161	1.71876256573292	0.0883786085862493	0.217912628932065	-5.00503253492135
2624	-0.590741515957867	9.84482542125054	-3.73655665728798	0.000293431157983475	0.00348238701859699	0.0276024335102409
26240	0.274137074078653	6.78685213509474	2.2955256542062	0.0235361684290388	0.0856782067533094	-3.90713566085253
26249	0.844397086002415	7.71061445449856	3.2354597812847	0.00159071204751299	0.0122225874534486	-1.51976557588709
2625	-0.437683323444275	10.7615318348859	-2.76449843242112	0.00665298956153347	0.0349210693690743	-2.80438503552733
26258	0.113435776025668	9.98911509223459	0.744490259598439	0.458115569297429	0.643762266484648	-6.16687966997311
26259	-0.0587057535919137	7.621928720071	-0.464257938831786	0.643350460279081	0.785989469295254	-6.33288015536006
26260	0.000958573768154413	7.82294161974125	0.0107408987008484	0.991448986983369	0.995103419888277	-6.43871375338152
26263	-0.14860256605471	8.75419206780208	-1.24312270576638	0.216379387081914	0.397264667103047	-5.68406187561924
26266	0.14075861624712	11.2987642219722	0.895275041448129	0.372531068162267	0.56720859410513	-6.0460279994912
26268	-0.401169621871487	9.3434696871526	-3.27332225162539	0.00140826945320372	0.0111313929985289	-1.40915826181706
26269	0.519730860698349	10.3334979870151	5.19730204513561	8.99798799697604e-07	4.76431928557834e-05	5.44556496747946
2627	0.349678931500876	7.63949033581051	2.3793148903627	0.0190098842462384	0.0737190816309525	-3.72356326314901
26271	0.539644332688236	8.34598272750772	2.58254792035265	0.0110764581519914	0.0498319958254081	-3.25379527198437
26272	-0.0944318270265177	7.89641113311308	-0.998564406004791	0.320125702880654	0.515848284392158	-5.95060541035902
26273	0.0194551255912752	8.13785688000133	0.173788479576787	0.862340668506804	0.923199234976219	-6.42391995491877
26275	0.170610763843585	9.33678975766164	1.28398694327437	0.20175626599674	0.379873890388209	-5.63399876697814
26276	-0.0383151819519203	8.55975119396511	-0.427483160439717	0.669835781739586	0.803958668580206	-6.34897805268387
26277	0.19226028383067	10.412089746696	1.95839867771313	0.0526318617639669	0.152794028099432	-4.58456974043222
2628	1.11468450171555	8.76815185734311	5.10240185311971	1.35593354183739e-06	6.33661000938864e-05	5.05805527374404
26284	0.0140458599584833	9.92781676377965	0.150598908509421	0.880558912966558	0.933612055537964	-6.42761834178275
26286	-0.0237583121112579	10.326612490449	-0.210637778675365	0.833546878369433	0.908938883304889	-6.41695600721669
26289	-0.381079187677526	7.98795378769505	-1.70679033322591	0.0905901179787364	0.222171726396782	-5.02468077209353
26297	0.224648793639165	7.30555879986847	1.4913930681562	0.138627000448257	0.296868651164922	-5.35578005237433
2631	0.227677160641553	9.22215471753795	2.49815085244775	0.0139141122987357	0.0587279343830132	-3.45305374889422
2632	-0.20669208049193	9.95594733451101	-1.77619583335026	0.0783748591299355	0.200776147652683	-4.90896821203055
2633	-0.298454760977018	9.61583473813876	-2.34664272861796	0.0206740063307112	0.0782977039393279	-3.79585293773789
2634	-0.538857924893361	9.16240488629991	-3.40050565647486	0.000928650584892886	0.0081602700332077	-1.02991220628107
2635	0.572864137704794	8.05243953308448	1.94249241437668	0.0545499001932644	0.15672423499004	-4.61407078072177
26353	-0.190432041160997	12.7976856793019	-1.14793672574199	0.253403697959177	0.440470232563721	-5.79455953153613
26354	-0.425382087789489	10.9477773745192	-3.71355575893498	0.000318251306649789	0.00369207274287536	-0.0472736786753902
26355	-0.318929197665329	9.35972723059126	-1.7940296710107	0.0754655391512709	0.195590007339033	-4.87853183496367
2639	-0.229571469018235	8.17018849579872	-2.01550122939461	0.0462101296364109	0.139406746090852	-4.4768164526862
2644	-0.22487953168312	9.54387751924016	-2.37822583976156	0.0190633828280808	0.073787976644774	-3.72598741851229
2647	-0.189804725995808	9.93933607616194	-1.56954691741634	0.119298791700659	0.268430405733436	-5.2405725823259
26471	-0.29959255214349	9.95431312514145	-1.47671256716733	0.142516466300003	0.302230041498851	-5.37679065153192
2648	-0.064668058317495	9.53339643196546	-0.57998941689838	0.563069084780842	0.728646504823712	-6.273596479815
26499	0.0827320178019453	7.08122856508497	0.512622680406664	0.609209512105349	0.763012974979558	-6.30969583805019
2650	-0.940682728640155	8.57175122849822	-4.7523640930016	5.92563872512144e-06	0.000193461564701593	3.66780523280688
26502	-0.0200578227334402	8.79764252460726	-0.173715699297561	0.862397735723548	0.923199234976219	-6.42393238902978
26504	-0.393097176996278	8.1569316746789	-2.93119824076545	0.00408256593417773	0.0246686134720615	-2.36934808682993
26505	0.0115803008851255	8.80487355882419	0.123234511810516	0.902138926183648	0.946604106996561	-6.43130266203497
26508	1.1017591792985	8.34464993454312	5.41892888544476	3.39829919916284e-07	2.30081568730205e-05	6.36709120237661
26509	-0.325960095149752	11.8746123331495	-2.68107235807219	0.00843032337232053	0.0416220008897924	-3.01377878490414
26511	0.163068219281674	9.05595325918165	1.95061965085209	0.0535626302563811	0.154699639945254	-4.59902541427772
26512	-0.0420974367910112	9.05874824613285	-0.521576141365888	0.602979770183257	0.758545979548234	-6.30515319545628
26515	0.00401322661195077	8.21482917200526	0.045028783989456	0.96416333737448	0.981633078603871	-6.43777339406426
26519	-0.0680907816747685	9.93201217774726	-0.456339473590393	0.649016192788369	0.789275205491204	-6.33645816279319
26520	-0.216578820832414	10.3031622818202	-2.4369312814963	0.0163625681396175	0.0662848518063956	-3.59388790644609
26521	-0.0611061326401307	10.3697987286183	-0.557351180450209	0.578382865254314	0.740688754573742	-6.2862213717074
26523	-0.203853587335238	7.53957668469	-1.61242992333385	0.109640150328433	0.252719220138999	-5.17496751859524
26524	0.0819356229679287	8.64635102481644	0.687155212783663	0.493383833344642	0.673945834864684	-6.20705970003733
26525	0.265890784441344	7.6415754180473	1.27196313367362	0.205981065076408	0.384324282252346	-5.64889253995219
26528	-0.844897589804906	8.89767659787909	-5.16997787673058	1.01300232656323e-06	5.13337375301365e-05	5.33354526695041
26574	-0.23041152306409	9.84757377028215	-2.6719275753222	0.0086492828103722	0.0423743036854534	-3.03638957137437
26577	0.16973220620939	11.7155954370785	1.12049475042436	0.264863640576579	0.453410432669764	-5.82482109479287
26578	0.0966260098760857	11.3749768053912	1.00590592916945	0.316596304998492	0.511958786078219	-5.94343358332181
26586	0.0640125053739543	8.88823193424956	0.397464863142733	0.691769716798313	0.82097957769455	-6.36113726434362
26589	-0.107549130442231	10.5343029124409	-0.754821171843439	0.45191659084661	0.639073966853792	-6.15930096476902
26608	-0.263072248242401	10.2010215826891	-2.47458854914961	0.0148147728021343	0.0614832416632505	-3.50762861388265
26610	0.048747533206048	7.91588024837501	0.384507215216746	0.70132061561072	0.827321948721015	-6.36611324177845
2664	-0.74591497516797	9.12137058800845	-4.08833339357451	8.13339016762739e-05	0.00132770361234392	1.21640825065933
2665	0.0307421335141468	11.8387741856582	0.455519619847057	0.649603990135353	0.789542224620074	-6.33682511566727
266675	0.0688460469624965	7.24045143825144	0.507425588787669	0.612838858537305	0.765417567397982	-6.3122967348273
266812	0.0245352439818134	8.06521182215607	0.190653690706167	0.8491368505156	0.916246947780386	-6.42089826899166
2669	-0.870936414904255	7.14487023346819	-4.26706414463235	4.11825027955394e-05	0.000789251677705698	1.85061649267792
267	0.4559077280801	10.2564993252971	1.99000411278203	0.0489899067472687	0.145142263175194	-4.5252861363094
267002	-0.0640609050788066	8.17837957788759	-0.68628135594662	0.493932534749977	0.674472266000134	-6.20764741371208
2673	-0.143250934274794	10.3426291330105	-1.40573085138807	0.162530239172947	0.327998967888724	-5.47555553890396
26750	-0.0235748664482133	8.24227169582235	-0.224861464901713	0.822490582857372	0.903744749327495	-6.41391110775323
26751	-0.00256785966206374	9.81174532172446	-0.0183729324598089	0.985373540894009	0.991978726116333	-6.43860448414535
2677	0.0359124316794443	9.0575764185381	0.431946680121893	0.666598015814748	0.802469304000489	-6.34709472986514
2683	-0.169311575213912	10.2883635691408	-0.991305989717723	0.323640677827947	0.519889536923152	-5.95764532267779
2688	0.386552277463747	15.3729341444251	1.56282366767465	0.120872581188739	0.270717874354388	-5.25070491149568
2690	-0.17829870529112	9.32331738239539	-1.39207662318521	0.166615533856722	0.33386579413201	-5.49401620174283
26953	0.0543954805992995	8.48048353560778	0.577388691001133	0.564818245652654	0.729652597605711	-6.27507225431499
26958	0.298110835046894	7.37545600573186	1.77837902927441	0.0780138084711054	0.200495973233146	-4.90525765257662
26959	0.0788290969250517	9.82379185523322	0.52102142190164	0.603364894205493	0.758799334064765	-6.30543691336111
2697	0.559319390028944	11.6047779100684	3.42019348555739	0.000869829139601045	0.00778399061911166	-0.970155384972132
26973	-0.0693662568306832	9.40796972883412	-0.529530105268269	0.597469958736501	0.755064543935664	-6.30105200996397
26985	0.108171719663425	9.83680337724299	1.1865304512338	0.237885702164494	0.422566860188972	-5.75079120018015
26993	0.149337228772489	8.08112666510579	1.47472292621223	0.143050072890305	0.303091318661028	-5.37962283380693
26994	-0.292240870057551	10.9366745010765	-2.41419829303548	0.0173651597574692	0.0691258889622628	-3.64538589839692
26995	-0.278568190750091	8.46687763295169	-2.3628289929898	0.0198341354164464	0.0759879214006714	-3.7601525118378
27005	0.0264549801021295	8.47277672446823	0.31327191159814	0.754647903281863	0.859826370255971	-6.39053018090427
2701	1.32332234261055	7.70388376313726	5.63740926628752	1.27432015431054e-07	1.08514272934073e-05	7.29707778482563
27013	-0.0148551205178339	8.79830927868852	-0.111865694994816	0.911127102167897	0.951923838085862	-6.4326168976099
27018	0.1965752974002	13.625113527898	1.86232742362187	0.0651379832563137	0.176928556954012	-4.75932229571791
2702	0.13870322105525	8.94012094496483	0.674290567652383	0.501494948534286	0.681531470038368	-6.2156369262812
27020	0.277565379523561	11.137224949334	2.9024583409637	0.00444755641467841	0.0261658233513131	-2.44591474357838
27030	0.0558964280763687	6.85292301890961	0.469700791183702	0.639468173412794	0.78356432463873	-6.33038521286104
27031	0.282579187559378	8.86866229714646	2.88310281969926	0.00470999994129837	0.0272298699039468	-2.49711525626044
27032	-0.382463440153285	8.70382168500439	-3.0659110937096	0.00271141967616935	0.0182232111677452	-2.00190510621717
27034	0.0739695461774532	8.04837793664263	0.912684776536812	0.3633391097548	0.558255403008676	-6.03066230595357
27040	0.0653284622797075	6.44823701285063	0.49457419600623	0.621854788027125	0.772176871482871	-6.31861496360477
27043	-0.177065313137394	9.27569872793964	-1.97890047811284	0.0502442040855968	0.147851788274731	-4.54621445347612
27044	-0.154008882806649	11.9532957521719	-1.51260943055861	0.133152923259397	0.289763202703164	-5.32506273068301
27065	0.755507069351807	10.1002722126921	2.65498979748376	0.00906848379610075	0.0436640602861418	-3.07808938951809
27067	-0.0556518940007854	8.0390905358159	-0.535400866612206	0.593418141849485	0.751931451198798	-6.29798534358132
27068	0.0323845920520461	11.0540682429408	0.135845659039153	0.892183462886293	0.94093914752819	-6.42969615702206
27069	-0.0147382802799613	11.8084449326423	-0.199906180062866	0.841910977878997	0.912143845393562	-6.41912180654498
27071	0.150579787168834	9.91921687133118	0.798050019926408	0.426504758356246	0.616543455376723	-6.1264678034147
27074	-0.36139869731877	7.41621512185459	-2.74972611665372	0.00694043313097836	0.0360326698063365	-2.84187071642806
27075	-0.0919463656073831	11.4048756542694	-0.738961512406416	0.461452804492057	0.646581877032127	-6.17089305476298
27076	-0.939236260099521	10.7802137286544	-4.46708054915979	1.88143756371719e-05	0.000444019265037258	2.58321840617299
27077	0.0767780361104788	6.90730885007326	0.560723046556808	0.576089415049451	0.73905564110709	-6.2843726208529
27079	-0.240796250672314	8.95466966154464	-1.94130188913886	0.0546958048665053	0.157034184288263	-4.61626978735739
27086	0.0381943642597487	8.58624949702558	0.285339839847091	0.775902817131814	0.872917089282046	-6.39874610164954
27089	-0.0255791656596353	13.3306161561358	-0.30108215733817	0.763901631823429	0.86625857754826	-6.39420980529334
27090	-0.332418185531771	7.89888057962518	-2.30522836662464	0.0229675034649721	0.0840780997868307	-3.88618375884686
27095	0.115946027254043	10.7193066199435	1.27379653361277	0.205332689750235	0.383848319270323	-5.64663031808455
27101	-0.428648629824758	10.4260219377594	-3.19601535492572	0.001804057645388	0.0133811270707251	-1.63386139727758
27102	-0.0649614130348032	11.7927306795072	-0.667937755654124	0.505526609331062	0.684981921436117	-6.21981322808584
27106	0.0405908424262855	6.78781789661931	0.261888162647265	0.793881414990321	0.884582391959402	-6.40505288447924
27107	0.0986873433852666	8.81186439260434	0.428182016379281	0.669328430214932	0.803700077565829	-6.34868446709659
27109	0.0143806635938569	8.74347632631244	0.161219542230134	0.872206545300601	0.928525075935425	-6.4259901103237
27113	-0.141172437824773	9.66951098766448	-1.19477314960529	0.234661450593439	0.41898622681288	-5.74126044208082
27122	1.27704468032528	8.2681135235602	4.72654153888696	6.59056692790175e-06	0.000208575029978806	3.56778392717513
27128	1.35223187132612	7.35869193105663	4.65923517504293	8.68160081711324e-06	0.000255498015265572	3.3087816071984
27129	0.112008378933242	7.06769582633851	0.602953681497276	0.547740046405144	0.71701652178615	-6.2602794409064
27131	0.0487127614531465	10.626406854169	0.496326415920417	0.62062208110618	0.77122587482128	-6.31776300599124
27143	0.179978829874199	7.27950785043619	1.32267388136811	0.188597483965307	0.3626199295981	-5.58515543434984
27147	-0.211998956824752	9.38867510143668	-1.22181260831063	0.224305054824436	0.406396085292792	-5.70954438382016
27148	-0.00826599917140926	8.0885419891507	-0.0972894327196329	0.92266780131534	0.959122011475569	-6.43411599837711
27152	-0.134305533310137	6.95274643553076	-1.342073356323	0.182245476702769	0.354449643881533	-5.56013422970488
27153	-0.076673744718831	9.31474480772391	-0.710840225502805	0.478638569383725	0.661461365753651	-6.1908479686011
27154	-0.231482863066659	8.17658252905628	-2.57405259096518	0.0113364355285786	0.0508630947670065	-3.2741186456377
27163	0.361054603438532	7.91073270405902	2.72214968182087	0.00750744663032781	0.0383260254428354	-2.91137857564374
27166	-0.266800972313521	10.9774237712309	-2.14001813386959	0.0344901872116136	0.11320165011566	-4.23190712448121
2717	-0.497139029592017	11.6489987094332	-3.45615332359613	0.000771322406859741	0.00716661763853933	-0.860290800004232
27173	0.0592249486168926	10.7943406690086	0.4600891052306	0.646330706296288	0.787649990263698	-6.33477151177983
27175	0.367102245907536	8.07133809828145	3.09428130458055	0.00248343204552306	0.0171945923688353	-1.92274395577961
27183	0.116769487651335	9.4001212468034	1.55649980326714	0.122367862105574	0.272870890968958	-5.26019735585111
2719	0.841727390675521	12.1737610127421	3.53916942569337	0.000582509365305027	0.00586056925386057	-0.603142464655464
2720	0.397034907609648	11.2667278861411	3.80057949513678	0.000233657286338182	0.00296356604643902	0.237900298363671
27201	-0.159662541381112	6.57530787972283	-1.13226686271374	0.259903947726889	0.448185095662652	-5.81192705153011
27229	-0.101360423364463	8.22358907624479	-1.31882140227857	0.189878368553036	0.36422638458421	-5.59008231037707
27230	-0.228608943324618	11.0788751700792	-2.84750752751991	0.00523003014163193	0.0293478593545378	-2.59050407061956
27235	0.0709214201322834	9.08660057373254	0.835760763833361	0.405042005428976	0.597864003724686	-6.09635023862056
27236	-0.157359363513371	10.1864812390199	-1.18769102652956	0.237429818447124	0.42212016796669	-5.74945315601449
27237	0.361261610798355	8.19492650699699	1.63509751827098	0.104793600234799	0.245628586248422	-5.13960760980419
27238	-0.212615767558896	9.47743457248024	-2.09370785059732	0.038508289229932	0.122243838985103	-4.32457840531573
27241	0.155216160580727	6.92128271745581	1.28497107088783	0.201413328617874	0.379487704010867	-5.63277371504452
27242	0.146813718383088	10.8582673382265	1.12622343225298	0.262441901714852	0.450809953123558	-5.81856289797056
27243	-0.0905639302460751	11.8344833741784	-1.0590309081223	0.291829863375465	0.485501444407119	-5.89000074880588
27244	0.321604118181136	9.86285492573728	3.39239602284429	0.000953949097933218	0.00830307644776436	-1.05444542254669
27246	-0.0651813784529619	8.85095759643884	-0.701317815169812	0.484537319142815	0.666824101319502	-6.19743124199927
27247	-0.197287199097889	10.6746619804718	-1.20829978607981	0.229438482757686	0.412260575936152	-5.72548072387241
27248	-0.0799091089727852	11.3116779643933	-0.744840318774679	0.457904731079466	0.643685003185226	-6.16662456071643
27249	0.130513062127028	11.8277640982419	1.58998325975006	0.11461474198945	0.260445053324033	-5.20951851531262
27250	0.277976313915686	11.9325820955919	1.94849480332829	0.0538192789564173	0.155131397802621	-4.60296465435822
27252	0.191332505113126	8.07423920910712	2.51618811949706	0.0132580806140275	0.0566327104978394	-3.41096384767518
27257	0.0901210127464893	11.449142027654	1.51905545865784	0.131523781356543	0.287632097962681	-5.31564761537978
27258	-0.0566819790962067	11.3786081148232	-0.777260863343593	0.438618707090677	0.627947911765155	-6.14248327761722
27286	0.701622468838197	7.1472578746904	3.66430334285054	0.000378256302158195	0.00419382155144522	-0.20639568068415
2729	-0.132207706870247	8.84607038907915	-0.97729235073472	0.330498769093323	0.526808149886308	-5.97109432923538
27292	0.195962629982791	10.2692435650691	1.93750775386468	0.0551629966011325	0.157991106770234	-4.62326949111559
27295	0.871914929093767	7.6652302366749	4.06381845485897	8.91601891862131e-05	0.00143063830139125	1.13096923000862
27297	-0.0363374620805892	9.91553622619145	-0.278051278581579	0.781477878891027	0.875967876189427	-6.40076400513782
2730	0.145809451216116	9.41294168279584	1.30799090708339	0.193514101645113	0.369151611914234	-5.60385863456237
27300	-0.118949998002726	9.39260840226213	-1.80438949914872	0.0738168955951532	0.192988560631175	-4.86071934998023
27301	-0.11958374462156	9.44089753923895	-1.44058698479037	0.152448892354435	0.316627571246577	-5.42764175122183
27303	0.302376230755785	7.68741298205241	1.8624003489088	0.0651276212662353	0.176928556954012	-4.75919277086552
27306	1.57795036063546	8.20480503136493	5.01305500230355	1.9870776448927e-06	8.33160474457547e-05	4.69725470952315
27309	-0.0474142485036268	9.00738968831425	-0.463668604686371	0.643771416554142	0.785993686312156	-6.33314856153504
2731	0.191711675849452	11.2491919008941	1.29998839561603	0.196233596033369	0.372924336748508	-5.61396701488833
27315	0.175470747960058	9.58598299227593	1.47872354957376	0.14197871068545	0.301631725890386	-5.37392436014149
27316	-0.149627556190293	10.7954875216718	-1.18428619839158	0.238769039381994	0.423369756557076	-5.75337501430546
27327	0.13286913062225	7.71907682503989	1.42534614844649	0.156796014093269	0.321418129151839	-5.44873123319334
2733	-0.110469725387604	8.42801537470605	-1.29559238742116	0.197739513442234	0.375122580357236	-5.61949423101174
27332	0.0121001367921907	9.1963259202428	0.0813746974506952	0.935287010680355	0.966723524890889	-6.43551418278688
27335	0.0576567626920806	12.3613843487175	0.634983872588945	0.526714412273308	0.702399264671864	-6.24084736595828
27339	-0.26635016396729	9.31959969573749	-2.23861236687385	0.0271275642298949	0.0949078625779724	-4.02841223764964
27341	-0.227061557857167	9.49313188613793	-1.2607919393416	0.209964305592453	0.388857660133108	-5.66260820962331
27342	0.198512155588692	8.69403844285809	1.39196265151359	0.166649959952334	0.33386579413201	-5.49416956055305
27344	-0.668612168778713	7.71298948887939	-3.83098291755702	0.000209510869094102	0.00271676201611341	0.338728915876514
27345	0.368930195630062	6.81653657448195	1.95754142736252	0.0527337564458124	0.152992425841299	-4.58616539106854
27346	-0.159470237979764	10.1061274927378	-1.13571977170094	0.258461641779718	0.446685326069974	-5.80812008895927
27348	-0.30751190561801	9.06476004172277	-2.90817008965846	0.00437271606717482	0.0258729475034842	-2.43074944125407
27349	-0.266039262321792	7.788412276716	-1.24094038692963	0.217181524853286	0.398471655994701	-5.6866911809554
27352	-0.126375139442677	8.93742529239254	-1.42408410938982	0.157160210476994	0.32172077782899	-5.45046788525396
2737	0.303658986912396	8.86322813543931	2.31524478266118	0.0223931718217371	0.0826117013164577	-3.86447025593911
2739	0.0306940905355659	10.4676267919732	0.26301495474391	0.793014962194563	0.88422024672342	-6.40476220622369
274	0.719218063033413	8.80824774213638	4.03955920174854	9.7611270625588e-05	0.00151554341234466	1.04679550653297
27429	0.0596364481184038	8.44250558999672	0.579050935574383	0.563699970402259	0.729234417466352	-6.27412977860165
27430	0.255116421364829	11.2397529304464	3.13411374499343	0.00219321518315143	0.0155235282029399	-1.81056700674525
27434	-0.301122849294626	7.96168329827662	-2.96551926093522	0.00368286082316873	0.0227697832330642	-2.27706766316788
27436	0.162095143505571	11.5596968480322	1.33316292785185	0.185142788901688	0.358817324337857	-5.57167060153795
2744	-0.00500251099508648	8.075274576182	-0.0329789817868085	0.973749160099249	0.986649664182997	-6.43823563756363
27440	-0.304652743902766	9.16690541299306	-2.53524509593376	0.0125951890018194	0.0548136254768325	-3.36620122930953
2745	-0.149236882252502	14.0407966105656	-0.873263982071716	0.384359391211938	0.580032791105412	-6.06503719248478
2746	0.0312818563542722	11.1241222969371	0.382336968797206	0.702925009790845	0.828504649097086	-6.36693057700287
2747	0.341809093897588	7.62438783932542	2.51647357708597	0.0132479247862534	0.0566327104978394	-3.41029556194678
275	-0.310054729467507	8.80297459600329	-2.99081770257117	0.00341166558947587	0.0215320493802001	-2.20846051314329
2752	0.365208191678563	9.86982520523797	1.2892198739951	0.199937698769659	0.377482375277116	-5.62747430585528
2760	-0.226392129515628	11.4881071680901	-1.21422022830976	0.227179015099464	0.40953702852937	-5.7185196950618
2762	0.0727020206285536	7.98851197592366	0.732839716235056	0.465164013617753	0.650347791550887	-6.17530238060295
2764	-0.019064808644093	10.6941603793167	-0.237698447116942	0.812542697042556	0.897873267902543	-6.41099246738184
2768	0.0522198053696429	10.1114625241956	0.375327117630494	0.70811630336644	0.831027708206749	-6.36953903095238
2770	0.21251357246474	9.51351283677637	1.44992123014551	0.149832753240036	0.312845940789357	-5.41461882458456
2771	0.341321882660792	10.5809801760772	2.80251110940711	0.00596249493069345	0.0322740551294416	-2.70712270266254
2773	-0.0436425038550306	8.83340600048489	-0.453924202262803	0.650748464452033	0.790052174373556	-6.3375373136236
2776	-0.193456860075155	9.61895096078792	-1.38732462646768	0.168055515096378	0.3357858139081	-5.5004001396344
2778	0.00162012513724879	14.5434432684948	0.019983259802009	0.984091744865501	0.991307245497369	-6.43857410976943
2782	0.253829396528286	11.35587237428	2.72877194587336	0.00736756889785316	0.037705154334738	-2.89474264402237
2783	0.0869852143378253	9.43619857599159	0.80294679522301	0.423680409168812	0.613857249558742	-6.1226346316086
2786	-0.667823369262551	7.74302019249369	-3.18490075966564	0.00186881988375712	0.0136969407629404	-1.66580133349571
2787	0.0876628307538664	10.6841703942545	1.03703742298987	0.301918406317506	0.496980078952292	-5.9124488080574
2788	0.0379310081132163	6.78295417233389	0.234333665850762	0.815147307389609	0.89990868204199	-6.41177314104393
2791	1.05821400570126	11.354468976128	5.17907584615294	9.73847963659706e-07	5.02016417879007e-05	5.37080406078983
2792	0.0888989372342213	10.5033153602467	0.261340954853203	0.794302286411039	0.884700227313266	-6.40519359789219
2794	-0.117972916393464	8.89368883087596	-1.53433327874971	0.127725056737939	0.281560973753771	-5.29317939256871
2799	0.100148762567464	11.0098918218563	0.596422718301082	0.552078230330884	0.720216857771093	-6.26411904355236
2800	-0.00708396515929637	7.54240724490838	-0.0778304162116461	0.938099722837749	0.968224879500163	-6.43579165501734
2801	-0.245387615637897	9.14260804191021	-2.20255763556586	0.029643092585353	0.101356183948283	-4.10380204976729
2802	-0.174058311927315	10.2577147235145	-1.91507728473856	0.0579943516637499	0.163372586437305	-4.66438927127411
2803	-0.0961344821865208	10.3732377211996	-0.889206900928824	0.375768933235374	0.5707982599808	-6.05131514477575
2804	-0.0562390760720168	10.9107126705676	-0.381220589346782	0.703750836678378	0.829101305046547	-6.36734921878746
2805	-0.0945122168392916	9.88484585089462	-0.856742518374788	0.393388911170006	0.5887516929278	-6.07899880594095
2806	-0.185454703636761	10.4031660575826	-1.8032574963267	0.0739955760112635	0.193119555737621	-4.86267040061144
280636	0.166748365080071	9.34595536917043	1.83224949664458	0.0695307924272625	0.185086801627196	-4.8123380380711
2815	-0.494323889202668	8.1027768340212	-1.979406244803	0.0501864840641166	0.147786224017684	-4.54526354701374
2817	0.117776901094374	9.49549748989957	0.752921837414426	0.453052652908474	0.639913630818057	-6.1607020632474
2820	-0.131230086784851	7.30277514115235	-1.10763164795485	0.270358106422165	0.459686693916649	-5.83875946171067
2821	-0.308303712011642	11.1603274865901	-2.58859871486873	0.010894574849173	0.0493091442488598	-3.23928377177785
28227	-0.133966344564994	7.17332986220236	-1.44916416704063	0.150043636292254	0.312883872937561	-5.41567807978977
28231	-1.14585595672069	8.67243193603745	-3.06689000678166	0.00270324047521623	0.0181830344668454	-1.99918388550464
2828	0.384526355806499	5.96807364439463	3.56388591155538	0.000535324471136372	0.00550657550633429	-0.525641531714832
282809	0.274559254339807	8.01614127303167	2.90871913598789	0.00436558325394275	0.0258492599839191	-2.42929031705857
2829	0.0247815987166228	6.8728637990609	0.147563503442628	0.882948560000881	0.935314995282719	-6.42806332302058
282969	0.533511176691028	7.16626552592918	3.18594499033878	0.00186264451845763	0.0136786388590185	-1.66280447253061
283130	-0.0196935570894259	7.44705488769839	-0.163640524488008	0.870304599839747	0.927511510463639	-6.42560343735098
283229	0.0841832509541863	7.41635739066721	0.694291363050724	0.488915394051053	0.67039195797837	-6.2022325207887
283232	-0.0463231174868682	8.57466907498598	-0.440079927574453	0.660714474321151	0.798464017248385	-6.34361288631721
283237	-0.379952557736901	8.44082377338558	-3.77920840361784	0.000252189507119421	0.00314665457523629	0.167395640849195
283248	-0.530620673314102	9.98165035279716	-3.26998032629887	0.0014235500103879	0.0112225771126475	-1.41896367665213
283254	0.0783379859064303	6.93383727554704	0.627322748345389	0.531705181823287	0.706071405669855	-6.24558607221252
283377	-0.227681306431388	8.173233614717	-1.90648157388076	0.0591113378906745	0.165343600059929	-4.68002826514189
283385	-0.523969529267471	7.57156029410006	-3.14176188703542	0.00214122868065211	0.0152865591202994	-1.7888906674023
283635	-0.10051698630868	11.6093402962684	-1.20220267435514	0.231782261402212	0.415387606678731	-5.73261483344537
283849	-0.212967388553687	6.48578140392717	-1.42289266117411	0.157504631759019	0.322026309580241	-5.45210603850123
283899	0.0392613875915194	8.7045211325659	0.473968924066861	0.636430769511149	0.781349309774389	-6.32840848696105
283987	-0.262150910859909	8.3506642623548	-2.13979445889052	0.0345086870449434	0.11320165011566	-4.23235920880774
283991	-0.0542393779284876	9.58070961610842	-0.46512791160622	0.642729258218028	0.785346697171733	-6.33248331451054
284	0.195150154431583	8.20955573839771	1.68114356848306	0.0954794661346766	0.230592034111769	-5.06633216731236
284018	0.774731627461073	9.41814324174982	5.72559730318894	8.52899561025448e-08	8.48789201695205e-06	7.67820676558787
284086	-0.0157722780720358	6.79676013977586	-0.151241907892438	0.880052847185287	0.933418863792907	-6.42752291758349
284119	0.486334295935331	11.6198826224258	2.65451172039184	0.00908057823662797	0.0436840863334578	-3.07926300171999
284161	-0.19222584634119	8.61194650169567	-0.907947864893848	0.365825743458796	0.56040813074363	-6.0348719407822
284207	-0.118831373667391	10.0141647232417	-0.910462486363026	0.364504359973727	0.559525369519231	-6.03263991502001
284252	-0.188031314973731	8.70124816594864	-1.8344798704866	0.0691968008588379	0.184375991965807	-4.80843462491797
284273	0.383870497261231	7.84623294166334	2.68669454104377	0.00829821352412594	0.0411918531906732	-2.99984408036473
284309	0.250631101463269	7.07403091003248	2.76355901800295	0.00667094095022188	0.0349210693690743	-2.80677406777233
284348	-0.0679315822229983	10.0650461024524	-0.209693943784548	0.834281743427269	0.909005039006627	-6.41715102511864
284361	-0.243580893592749	10.0016229703412	-1.96893018886818	0.0513936121583816	0.150015893918006	-4.56491364119418
284370	0.050764190465751	8.11684941521574	0.626654728985916	0.532141505200137	0.706381332727182	-6.24599656138363
284406	0.00973382637528739	7.15465581851514	0.0886961875671809	0.929479367495999	0.963662554978907	-6.43490188844369
284443	0.0302849292197234	9.22738826979742	0.157375724814018	0.875227816805925	0.930181420323378	-6.42659220097873
284459	-0.00564040097328096	7.43609061114954	-0.0667043421568179	0.946934204145085	0.972603397940612	-6.43658242984256
284695	-0.259366301342515	7.92203400401281	-1.92511926631321	0.0567119886691652	0.16086573709042	-4.64603556285559
284996	0.125273976611262	11.0827371120327	1.31528246938712	0.191060716529089	0.365569033710975	-5.59459592348011
285	-0.202456218203681	13.4563921893973	-0.690049557154547	0.491568816596812	0.672498217355368	-6.20510780926088
28511	0.141785933201639	9.54337111043487	1.69407250808523	0.0929885462283921	0.226292548888385	-5.04540988126184
28512	-0.0361934452068026	8.21443201689593	-0.319877802657378	0.749647880844678	0.855995646043404	-6.38847521416341
28514	-0.0929122873523777	7.28105421022683	-0.587873250186226	0.557782918731596	0.724758047620416	-6.26908254252284
285172	-0.233184395431222	8.12978764404068	-1.84172776388389	0.068120658233295	0.182213936854604	-4.79571912054601
2852	1.05366352485333	6.67557458873408	5.658230748712	1.15939154292172e-07	1.04905289850643e-05	7.38677280402532
285268	-0.10633359968846	7.47429141298042	-0.83745185336133	0.404095110342809	0.597213385477116	-6.09496748334191
285282	-0.248798176799005	8.33928071907323	-2.65108485407206	0.00916769943338321	0.0439751436235455	-3.08767003111066
285343	-0.258417233175482	7.48544668802927	-2.04598345718647	0.0430645167301948	0.132440679259004	-4.41811808209802
285362	0.114579684168109	10.236212502122	1.43135833577591	0.155069926549806	0.319805326096476	-5.44043769490013
285367	0.178717396057042	8.60794437199078	1.9093544434269	0.0587360209801416	0.164516627092563	-4.67480870865262
285381	-0.171134870564443	10.1639229870468	-1.51323014037312	0.132995362297238	0.289763202703164	-5.32415778884085
285613	0.0605777734923207	7.69747099339368	0.402072445931579	0.688385374852106	0.818609731684191	-6.35932823397989
285753	0.140449244673066	7.32448872581691	1.11376756362717	0.267727353109874	0.45660280874114	-5.83213025682386
285761	-0.144513682235224	7.52819425623902	-1.25769471158417	0.211078603258533	0.390097185838253	-5.66639008053527
285955	-0.121750604745154	8.12700162326707	-0.453511906906318	0.651044360769187	0.790246351205509	-6.33772095838227
285973	-0.318637482343193	7.4079163785253	-1.4348550529686	0.154072771086772	0.318638229638643	-5.43559866004767
286006	-0.0112420316962838	6.32186685412886	-0.0931996327331307	0.925908958099986	0.961529795562721	-6.43449908390654
286053	-0.0681313136987922	8.80856541080583	-0.813560367212178	0.41759693412908	0.609533605920869	-6.11424682918879
286097	0.360565209626918	9.38558175279603	1.43229282705649	0.154802953665288	0.319681488868239	-5.43914558570652
2861	0.27980124357851	7.47617630467223	1.93937675272003	0.0549324374556187	0.157494596800906	-4.61982302156168
286148	-0.00937008316121637	8.46403156812173	-0.0852344507734447	0.932224874365613	0.965055453347533	-6.43519796203483
286257	-0.900949206158223	9.30433055807502	-3.94759784167204	0.000137145406233559	0.00195313975084344	0.731126118264904
286319	0.114602764978653	9.47615809397621	1.37014303554059	0.173341052019303	0.341391771502013	-5.52330627073289
286451	-0.332045944653887	11.5812333146219	-2.51873780359839	0.0131676161143578	0.0564974318142882	-3.40499237907442
286676	-0.233117043190578	9.15675657521027	-1.23322491649503	0.220034811934517	0.401211378935786	-5.69595091837854
286826	0.100557660598547	8.2424205210378	0.811375126223506	0.418845187039265	0.610277164393072	-6.11598270227693
2869	0.179742414947821	9.70132329070653	1.27680611691645	0.204271622140362	0.382539582691814	-5.64290994982722
2870	-0.0293047495104655	7.18721971063425	-0.3204819413462	0.749191134054729	0.855922374452567	-6.38828514191578
2872	-0.139577075703617	12.0763093972445	-1.01947345514998	0.310142117087468	0.505280845590235	-5.93004393480451
2873	0.0477678839977969	10.1459435364409	0.636363696861036	0.525818120622064	0.701776787080124	-6.23998782175596
2874	-0.0415426734132682	9.1318713929612	-0.546611468585563	0.585716560897705	0.746262346601118	-6.29203590609801
2878	0.130562559161065	11.7513047466974	0.507219879505918	0.612982712873807	0.765417567397982	-6.31239913978636
2879	-0.0509433911055945	12.5437918366495	-0.610125106152117	0.542996189968995	0.71392939635071	-6.2560154552181
288	0.2869998941222	10.8683868213617	1.15736842192218	0.24954694109368	0.435323702942723	-5.78399364434961
2882	0.346892511709286	9.6621587343278	1.58200363868411	0.116425935913887	0.263518059209484	-5.22168965461137
2885	-0.342025612762788	10.791403426549	-2.6530803895515	0.00911687546759756	0.043807673858264	-3.08277560586086
2886	-0.171402136297396	8.9839251531358	-1.43803515100312	0.153170199537142	0.317396843303255	-5.43118791036759
2887	0.010274760832926	8.41091169888016	0.0647305671983845	0.948502171059048	0.973420314058099	-6.43671000044532
2888	1.62902944846353	6.83911750512012	8.18119640234014	4.49999800920289e-13	7.43399671120317e-10	19.2703883229721
2889	0.238047526628343	9.0355373931381	1.74679135815986	0.0833733189049943	0.209430553378093	-4.95852415937799
28955	0.250345858717167	10.0656312299235	2.44497181738248	0.0160204909072069	0.0651868250707039	-3.5755695511046
28956	0.293356140437484	10.8089921552878	3.34543879979381	0.00111361445777991	0.00928199336151566	-1.19556364385677
2896	0.0707739353178423	12.7495204003853	0.580161212144652	0.562953634352521	0.728646504823712	-6.27349876297479
28960	-0.185854965421835	8.1617304134503	-1.41474328215336	0.15987599293413	0.325024785044528	-5.46327538187949
28962	-0.0913501915749263	9.45143101284645	-0.802696764373139	0.423824352164435	0.613871260626019	-6.12283091606146
28965	-1.1291861649565	9.04603609397353	-5.75289678081252	7.52734469988872e-08	7.7719834026351e-06	7.79683614920402
28966	0.483821945880008	9.83312561583075	3.65632622782348	0.000388930654361618	0.00427771931428358	-0.232011384853521
28969	-0.255135508314214	13.3023743692676	-2.04244212077736	0.0434202914606623	0.133377317763135	-4.42497945695546
28970	0.0317055817046953	9.49879127700009	0.307999945450296	0.758645773469854	0.862667137783727	-6.39213947661229
28971	0.18324412710201	8.7955662974903	1.97873715571918	0.0502628550969318	0.147851788274731	-4.54652147223381
28972	-0.100393951555901	12.5242848261734	-1.04112648045634	0.300025144321248	0.495091786982759	-5.90831019113717
28973	-0.196749731709345	10.9070469305008	-2.28465038156503	0.0241882372067913	0.0873229192867552	-3.93052405886038
28974	-0.203459808442206	10.5892511288078	-2.29390630652557	0.0236322726083283	0.0859166248876723	-3.91062463552701
28976	-0.333683853783561	9.93377678345861	-3.50306817600886	0.000658524750173677	0.00640684857059431	-0.71556874470611
28977	-0.304525188000191	9.57319978666197	-2.53712019115326	0.0125315983658432	0.0546104687635999	-3.36178059648182
28984	1.6470336560583	9.81526805717422	5.17654613912531	9.84584257825656e-07	5.02016417879007e-05	5.36044019384298
28985	0.0250546118866986	10.7017643039713	0.202853889009102	0.839611719401341	0.910970977874878	-6.41853818484455
28986	0.633074197351259	8.22602304197327	3.40493645948673	0.000915095839077433	0.00808416217195679	-1.01648811506413
28987	-0.218580834864496	8.58323431531091	-2.1052717042304	0.0374689250497365	0.119912173929029	-4.30161325260936
28988	0.127194084832131	10.1957842925391	1.43684712634829	0.15350690529992	0.317706599292744	-5.43283678407072
28989	-0.408094364808168	9.25966847973291	-3.5348359817561	0.000591176119882521	0.00591892696997531	-0.616686183403777
28990	0.065991600028155	7.92986782939376	0.744282179247914	0.458240920795643	0.643828883444806	-6.16703125442391
28991	0.256361065387195	8.85123059886989	3.46744459344961	0.000742623038612991	0.00696261781945891	-0.825602848020068
28992	-0.310939110843129	7.38606707123872	-2.22885651546687	0.02778910520714	0.0967290387741157	-4.04892201096133
28998	0.0705630662731233	10.9309508305825	0.67061089504376	0.50382806063313	0.683281832174201	-6.21806070039718
29	0.467591715642012	9.0048059403748	3.20239766721607	0.00176782019167045	0.0131669925908007	-1.61547881483969
290	0.323334873555943	7.57003760678607	2.10340219947266	0.0376352997669925	0.120304789502848	-4.3053338965322
29028	-0.339637431696255	8.19972162278124	-2.82865566046312	0.00552625770697955	0.0304922435936213	-2.63955865527659
29035	0.180028350083093	9.31159051206135	1.7188969555423	0.088354036643269	0.217912628932065	-5.00481124186274
2905	0.696329970356941	6.51672385255959	3.99499512581273	0.000115171435090645	0.00170077746526249	0.893145432512338
29058	0.103511566116817	12.0942644732138	1.35987720236511	0.176558643389631	0.346324957111934	-5.53686076255547
29062	0.0465637334808527	9.21719225173791	0.430193412070465	0.667869062358755	0.802881451765874	-6.34783682315327
29066	0.153503362843588	9.5428556934696	2.28196791677299	0.0243514942798595	0.0877206030316787	-3.93627743996129
2907	0.094352548651199	9.95971182702656	0.598630494813437	0.550609806643004	0.719284675450136	-6.26282572342796
29071	-0.138235693743656	9.84913616239082	-1.03151214308134	0.304489421841986	0.499519885683179	-5.91801567805029
29072	0.101655909977635	9.49655259311753	1.17406245236865	0.242822774764766	0.427956098363676	-5.76508527332978
29074	-0.0700051857697662	11.2722863680478	-0.865996424186281	0.388315415828288	0.583603590746298	-6.07121111906744
29078	0.00113643278325528	8.90151503763121	0.00669255027476515	0.994671883127767	0.996869729187708	-6.43874846061817
2908	0.872620793557726	8.5877760695685	6.22188025068936	8.42238014748873e-09	1.56623087666287e-06	9.87968577499776
29080	-0.0438244467795023	10.7411834664454	-0.496492841454533	0.6205050548699	0.771196472047152	-6.31768193122262
29081	0.0213626106908032	10.7218197660699	0.279308850210925	0.780515133656475	0.875669588886133	-6.40041955697259
29082	0.0598304128936214	10.3933012010385	0.597648593754369	0.551262642514614	0.719815542484127	-6.26340150938176
29083	-0.0914662821791986	9.57130162452789	-0.978286770119225	0.330008994365131	0.526433814881418	-5.97014617953164
29085	-0.262677592214315	11.4684020825145	-3.30330228756313	0.00127788163300436	0.010277801644222	-1.32082688736777
29086	0.0222472082424254	10.4288794536214	0.285195500720852	0.776013110526376	0.872922278761796	-6.3987865692393
29087	-0.048140074077885	8.90002198013639	-0.482359997565156	0.630477345593266	0.777275055910504	-6.32447035944268
29088	-0.0448471844431012	11.8513306961252	-0.482590203449989	0.630314355422381	0.777275055910504	-6.32436134848053
29089	-0.273586279363139	10.2246158669224	-2.06533990811156	0.0411637096879624	0.127920331836934	-4.38042014727819
29090	-0.0418143158734139	10.4012241360512	-0.470499305114668	0.638899445403247	0.78309978023903	-6.33001674662933
29091	0.408060690777269	8.79292923227989	1.90273452591675	0.0596038880834617	0.166469874068879	-4.68682500669536
29093	-0.0157533519725082	10.7329054936631	-0.187885739450184	0.851301051737143	0.917312233580291	-6.42141336537553
29094	0.552307120507978	7.54616969991728	4.38386124599413	2.61356445736564e-05	0.000557830553432564	2.27554266710689
29097	-0.0486064949883272	11.6801125650215	-0.616058017208271	0.539087337323608	0.711178728496859	-6.2524500138751
29098	0.225199607494003	9.81185397459868	1.00277529811715	0.31809816337749	0.513776707643159	-5.9464981604514
29099	0.0490031175918446	9.09198170786397	0.596907485024582	0.551755638185737	0.720078289293305	-6.26383547299602
291	0.0753363823161881	10.2749345827523	0.632419194863882	0.528382445890218	0.703487911517279	-6.24244007869592
29100	-0.307047507127486	11.7164773798699	-3.73800994047258	0.000291926276951305	0.00347451159599104	0.0323454341724192
29101	-0.0745898162922455	11.6672623396449	-0.958078291384534	0.340055650331266	0.536436817885045	-5.98922822820806
29102	-0.205674439222055	9.93527194495426	-2.14278120174637	0.0342623649679136	0.112751846468114	-4.22631891747208
29103	0.268790661188711	10.4362545442258	1.80430022033685	0.0738309747693113	0.192988560631175	-4.86087326740074
29104	-0.145497019338775	7.89686841692277	-1.40931833264354	0.161469684098467	0.326416933591124	-5.47067637994954
29105	0.11063742456634	10.7441565987804	1.26748264044931	0.207571914152194	0.386239776707922	-5.65440767720974
29107	-0.00826896196846127	10.3958081218178	-0.0983133477020521	0.921856552573265	0.958526576567872	-6.43401751552168
29108	0.59965753488646	9.09173458341776	2.9933149246777	0.0033859195517495	0.0214147745003452	-2.20166138075046
29110	-0.0453522267742909	10.4188854096225	-0.52806884035133	0.598480455481173	0.755763424900549	-6.30181009136114
29115	0.0872276637826519	8.52908755567267	1.17130868258993	0.243922983379452	0.428864164051569	-5.76822250631709
29116	0.253128890067338	11.8806098615883	1.81012025562073	0.0729178039193198	0.191740731602885	-4.85082445620766
29117	0.0602996868223654	10.3212764861869	0.746605255184305	0.456842562779962	0.642738812563871	-6.16533653666263
29123	0.0176450359811997	10.0958946263085	0.170898578518991	0.86460720419621	0.92435128858769	-6.42440967830325
29124	-1.15384483642451	12.9154266297517	-4.53748976492437	1.4204339809185e-05	0.000370119390611571	2.84665729113406
29126	-0.0905941351253121	8.64266979232972	-0.354461747242657	0.723649281563479	0.840104436502366	-6.37701833445632
29127	-0.347231899429352	9.66846901878119	-2.13017220930952	0.0353127031255404	0.114745447606988	-4.2517661721886
292	0.152104766860902	13.8029727626671	1.39925020374442	0.164459577389281	0.331002950593437	-5.48433912988087
2926	0.154689873892036	10.2960223762301	2.40004024770406	0.0180168150866421	0.0707314128401445	-3.67723919391182
293	-0.0327167020188636	12.5484708079886	-0.325284711256422	0.745563280195332	0.853785206490149	-6.38676137474236
2932	-0.193210502300794	9.18185557454409	-1.91702577516503	0.0577436372432296	0.16289700943616	-4.66083504225993
2934	0.027641745977132	8.97470447285386	0.163249492701774	0.870611746769477	0.927664219338994	-6.42566628200104
2935	-0.247628923166096	10.2541437635188	-2.83742493728487	0.00538660409059267	0.0299820416363177	-2.61677508291816
2936	0.254403753400401	8.65114176266009	1.82710576380139	0.0703061658488979	0.186683762805672	-4.82132312635582
2937	-0.00391694222649156	9.69119090120719	-0.0430888803960927	0.965706246063321	0.982325769298598	-6.43785745508796
2940	0.566914953797149	10.350971790341	2.37379175767277	0.0192825823297782	0.0744967867371224	-3.735847049305
2941	0.213686336695023	11.7649014816116	1.53804049487782	0.126816444065513	0.279987300030291	-5.28769490790787
2947	0.191875574036089	8.25737669259006	0.696154625711104	0.487752323581834	0.669613789418144	-6.20096399504903
2948	-0.0826701741942925	6.49158847914704	-0.479465184067488	0.632528481994028	0.778409603884188	-6.32583673931271
2950	-0.194004263316572	14.0870402066924	-2.24765540655527	0.0265267001783513	0.0932782219979487	-4.00932795440168
2954	-0.0785007816273618	8.80430395880891	-0.811436616603689	0.418810032127736	0.610277164393072	-6.11593391972185
2956	0.163419839138074	11.089513559726	1.79541838122949	0.0752427902634484	0.195240743683941	-4.87614972935328
2957	-0.363072642067322	7.48872847612696	-2.42060562192225	0.0170771941693551	0.0683201278477861	-3.63091503231953
2958	0.124045688440137	10.7125737242906	1.72886452927611	0.0865470554200169	0.214921719647492	-4.98835241823386
2959	0.070608058670887	9.63826339903926	0.751480841553543	0.453915654586935	0.640584880725796	-6.16176272407262
2960	-0.0264887702181986	8.6557523508432	-0.291968580517031	0.770842586920384	0.870550532299816	-6.39686560748143
2961	-0.0721208434098754	9.97018715960712	-0.969022114472188	0.334590508287632	0.530565866472613	-5.97894303218165
2962	-0.0502076453296937	9.39182976805981	-0.608901346405936	0.543804230624145	0.714575715074043	-6.25674662211474
2963	0.010129079151997	9.90685352962378	0.116289943480047	0.907627860445	0.950311335692191	-6.43212055802734
2965	0.204792275988835	8.4516564035163	1.89851312293722	0.0601629203401317	0.167547445047029	-4.69446717195941
2967	-0.312535069975082	8.1242073923222	-2.51948103708567	0.0131413499918581	0.0564346855519426	-3.40325067965558
2968	-0.105906575325902	7.73151920891848	-1.01105952553959	0.314134252672333	0.509173651309551	-5.9383682953893
2969	0.334965236851935	9.58550179801127	1.98426431299075	0.0496349255467442	0.146544966086015	-4.53611822424631
2971	-0.0385736574714042	11.170847486549	-0.391467768537177	0.696184028521249	0.823565168279424	-6.36346070317102
2972	0.0578947679436936	7.47510130311016	0.541731453780413	0.589063307993625	0.747988151272458	-6.29464078983428
2975	0.259083289784267	7.49257732855986	2.2896318169553	0.0238876117959235	0.0865022680553827	-3.91982350588446
2976	-0.0750833907908119	10.3851180079642	-1.22820523528826	0.221905733604238	0.403110041691446	-5.70194512834021
29760	-0.197028476966744	8.01306967966412	-1.02504593722014	0.307516919559594	0.502888488529449	-5.92449350479938
29761	-0.0316619065624976	9.28808697494575	-0.273327296918594	0.785097386136759	0.878713334619191	-6.40204403411842
29763	0.0387418860645262	7.98856949908007	0.278184856340819	0.781375601103012	0.875967876189427	-6.4007274919438
29766	-0.218061641189153	7.97416120212111	-1.66400122243767	0.0988653361000426	0.235678983026364	-5.09383787350961
29777	0.193872525573971	8.48907204743825	2.40710004818216	0.0176892075166431	0.0700781074760058	-3.66137688153972
29781	-0.220197342845629	8.70813937505392	-2.65328310695263	0.00911172677684102	0.043807673858264	-3.08227822198343
29785	-0.787519008921087	7.80172100053398	-4.09954141019007	7.79790551402845e-05	0.00129079558208166	1.25559629749254
29789	0.0641460159047162	7.59559762525026	0.54498103153673	0.586833730545317	0.746811825090817	-6.29290879532122
29796	-0.16044114604153	11.273760569152	-1.45865248120355	0.147417154721118	0.309287705866506	-5.40236388912336
29801	0.129039934471235	10.4850424798698	0.778744867486523	0.437747383212777	0.627415128463914	-6.14135389206561
29803	0.0455067888656331	10.1615670700918	0.4482788495425	0.654804851830055	0.793062767758981	-6.34003742082515
2982	1.18319448910405	8.87941015107059	4.51434138993321	1.55841644719216e-05	0.000395674777861015	2.75973402047676
29841	-0.314732881695672	9.14577763328842	-1.41557077378308	0.159633963117828	0.324707025984417	-5.46214406394209
29842	0.0255623906057048	8.88210021265806	0.189498148050682	0.85004020523925	0.916742668138948	-6.42111422277929
29844	0.441583027549081	8.86435961754516	4.43810779993643	2.11045365623407e-05	0.000482890504168794	2.47564376321031
2987	-0.235283988052204	11.6370335028349	-1.91912065296642	0.0574751059383582	0.162416823486431	-4.65701001612947
29880	-0.0745079008413338	11.2548797168889	-0.652770451738469	0.515221671958819	0.69409847557044	-6.22962551918232
29883	-0.21748609599412	9.90472019966619	-2.38805772288769	0.0185851988317547	0.0725147578414237	-3.7040659992006
29886	-0.0799154258460863	9.12930517770175	-0.795147550500184	0.428184075256065	0.618646223826324	-6.12872890040795
29887	-0.683831622866721	10.9204169252107	-3.74461928954301	0.000285174199562569	0.00343874290275448	0.0539340304798213
29888	0.152337521835167	9.00114245999927	1.38678994262872	0.168218129285847	0.335866992482741	-5.50111712618413
29889	-0.251643314479261	10.5201406438084	-3.0938119771645	0.00248705453744192	0.0172052516576803	-1.92405850538132
29890	-0.143652217247652	8.06287843347007	-1.26910888174215	0.206993458190211	0.385368060052569	-5.65240808664222
29893	-0.056867298019174	7.25999935905523	-0.399014705295408	0.690630632850514	0.81986332672395	-6.36053108536616
29894	-0.167483404703014	8.30356248791533	-1.70364250822432	0.091179013628494	0.22310006949956	-5.02982519488023
29896	-0.185520198555413	8.95656852473473	-1.76716858065507	0.0798824176465833	0.20339974406929	-4.92426520921457
29899	-0.500023121194633	9.36859178431824	-4.2657076803005	4.13986653759692e-05	0.00079155781482756	1.84572948809382
2990	0.142504306573135	11.0062626846565	1.19627260578422	0.234078303520077	0.418350692179852	-5.73951975763523
29911	-0.184489314364677	9.30163450516307	-2.10545639955866	0.0374525227470507	0.119912173929029	-4.3012455107533
29914	-0.400702555448189	8.55490130576215	-3.87450966606767	0.000179039089637022	0.00242174113110989	0.484146925570893
29915	0.199174004666021	8.18861348707681	1.88546171416098	0.061919223681105	0.170759294008928	-4.71799399686681
29916	0.0789670418282682	8.96934344033303	0.975472662788009	0.331396241318898	0.52761097052034	-5.97282689415927
29919	0.184398099664067	8.97474865411701	2.08619976039868	0.0391963334231716	0.123916390724853	-4.33942647293353
2992	0.212871391038705	9.87967365013412	2.71556152005841	0.00764899401703408	0.0387136584440573	-2.92789376084029
29920	0.191299077874677	9.46986137723276	2.42732188858857	0.0167799085851972	0.0675119556326005	-3.61570940709999
29923	-0.456422466592718	11.0912060031043	-2.2496017438189	0.0263989099599665	0.0932656100382049	-4.00521125167897
29924	0.0554529476162737	9.53149687666978	0.65753430638055	0.512166074640389	0.691595843800819	-6.22656769250194
29925	-0.633923793851197	8.96393401084018	-4.28483803545885	3.84484621967644e-05	0.000754659879959045	1.91475407322944
29926	-0.530604462472467	9.39892617276333	-4.96178176912673	2.47005061479246e-06	9.62387645197441e-05	4.49200771580717
29927	-0.052752497407379	11.193305544705	-0.61636463707062	0.538885712125014	0.711099704578768	-6.2522648163616
29928	0.185229536506593	9.3211717043314	1.61033775990569	0.110096380474472	0.253454878126849	-5.17820741613543
29929	-0.129994978293918	9.73888911072447	-1.41277855852981	0.160451773481244	0.325423792537319	-5.46595892801936
29935	0.228644815989886	6.69260419674211	1.2929599547928	0.19864538397399	0.375910531201802	-5.62279536218243
29937	-0.457798587268994	11.2869443028533	-4.2863855725083	3.82188554034756e-05	0.000754659879959045	1.92034741730071
29940	0.482478008866683	8.92098758837239	2.41658202752661	0.017257527027483	0.0687968982852365	-3.64000629714249
29941	-0.051044183282003	6.51999282299994	-0.383087362361417	0.702370115590694	0.827968767629389	-6.36664849360009
29945	-0.158305262025358	10.2863231862591	-1.08614590416351	0.279711317958896	0.470457236070145	-5.86169009941871
29946	0.138691315216712	9.44505842886563	1.32474947448988	0.187910066188118	0.361746681973903	-5.58249521832958
2995	0.597424716083441	9.27984780170275	2.49626524787145	0.0139843429279346	0.0588739411746889	-3.45743819062639
29950	0.0627153161503113	9.09376117133738	0.517935438434933	0.60550943697451	0.760022437859246	-6.30700979170801
29952	0.417198386123565	8.47074280850891	2.27241717126298	0.0249406425713881	0.0892203151319469	-3.95671202762991
29954	0.209807279026964	8.15960992908706	2.00054574029877	0.0478238360255901	0.142659763658857	-4.50531623851302
29956	0.417004227400697	10.1949643926187	3.86045109980942	0.000188386899889188	0.00248574407841005	0.437041921483293
29957	-0.000253708730864388	8.55134891651571	-0.00149135166407135	0.998812686867393	0.999296607742813	-6.43876939320563
29959	0.0152702918197321	9.52773459444317	0.177854414541773	0.859153722624722	0.921517952068589	-6.4232170437925
29960	-0.0799569383479705	8.62632195166728	-0.943095559034561	0.34763122065291	0.543935192762462	-6.0031228999994
29965	0.0696004745271902	6.50856553204024	0.630181343674819	0.529840139648663	0.704360811500029	-6.24382459771149
29966	0.0748505831076005	9.17143943548942	0.985302948735092	0.32656690225175	0.522952725832407	-5.9634295281417
29968	-0.737244954054055	8.43912975144531	-3.34178847653504	0.00112702186327411	0.00934658693839777	-1.20646663935964
29969	-0.0492629049225537	7.06145445760107	-0.4016680627737	0.68868214891374	0.818726907027561	-6.35948783524389
2997	-0.438294189590623	7.89187500100543	-2.47397424447824	0.0148389352418852	0.0615309262540021	-3.50904527372586
29978	-0.00840260498060783	10.0908596120933	-0.130147282571593	0.896679827699787	0.943614415181745	-6.43044142272735
29979	0.0905626677588932	10.7977000187909	0.887962338179088	0.376435182143785	0.57157253759332	-6.05239514636186
29980	-0.216889437140392	9.34683471310067	-2.23609190055036	0.0272971433259942	0.0953380143224997	-4.03371886693044
29982	-0.249592615571394	9.54477930776385	-2.06181051337343	0.0415048305601094	0.128689902562501	-4.38731838135599
29984	-0.00552872593201956	9.24729441097676	-0.0339380600516283	0.972986037744078	0.986517216522682	-6.43820407694177
29985	-0.199216840303172	8.70288113880708	-2.18526888619686	0.0309198112383496	0.104585438504819	-4.13955478932456
29988	0.136136860063147	10.2458566727006	0.85892852634944	0.392186766889088	0.587497768317713	-6.07716660370214
29992	-0.00686360374799542	7.39519060747381	-0.0387359226616074	0.969168849981059	0.984666014863905	-6.43803260987062
29994	0.135990967759788	9.38725548077221	0.932713677216353	0.352943809442231	0.549576409030319	-6.01262442558853
29995	0.285949667513535	8.5974568892274	1.28365531740848	0.201871924249287	0.380005035163882	-5.63441137295094
29997	0.0119320963307084	13.1120543657311	0.153519219574069	0.878260914001665	0.932326840978505	-6.42718168514562
30	0.0221545213998751	9.733662970178	0.235583384824248	0.814179681437321	0.899200985248331	-6.41148448764871
30008	0.593341417227975	8.99945578090406	3.79380740900698	0.000239384899986563	0.00301165860877134	0.215525633925412
30011	0.415280250603937	11.9552035470001	2.32249452373407	0.0219854077416202	0.0816148639320067	-3.84870102940576
3005	0.0710602753030797	10.5852479912682	0.493378391009692	0.622696668430817	0.772673563812959	-6.31919466112818
3006	-0.549050749923414	12.8689382153737	-2.781536895272	0.00633494470304025	0.0338027411157057	-2.76093178976312
30061	0.126138984168348	12.9402067180749	1.01345004170263	0.31299656335291	0.507927625401776	-5.93601011384643
301	0.161197355268243	13.794889555807	1.5591954064046	0.121728703966004	0.272045209620993	-5.25615562179275
3014	-0.276836863283606	9.64136651812161	-1.93694068632174	0.0552331112881724	0.158137088124889	-4.62431456050876
3015	0.0255325376011659	13.2894083528852	0.290527035814297	0.771942197309309	0.871397159686453	-6.39727822532374
3017	-0.294378996310198	10.329207126363	-1.83949731064867	0.0684503331637987	0.182858910715711	-4.79963719055643
302	0.0561006635316384	14.2894560873213	0.665010917726727	0.507389859398545	0.686943163191605	-6.22172411860734
3021	0.426765933155464	11.7339216910641	4.1867989117661	5.60338284407132e-05	0.00100399007141061	1.56336726011925
3028	-0.237585667390859	10.2544665852884	-1.98315540549297	0.0497603690485839	0.146793088693323	-4.53820758397034
3029	0.103301016341401	9.6711636635444	1.27536290831037	0.204779938598154	0.383121697128143	-5.64469507054618
3030	0.0882526830230867	9.34264519727549	0.868356407564396	0.387028034988124	0.582410560940409	-6.0692118494359
3032	0.0155346976841584	10.940174565874	0.173061945212661	0.862910378685395	0.923508645755553	-6.42404384593815
3033	0.13087487432903	10.3199780844892	1.22953822161795	0.221407784358206	0.402800100841293	-5.70035567389668
3035	-0.386119730661934	9.67984957961592	-3.4413502694773	0.000810530011312407	0.00738960032388574	-0.905629329191645
3043	1.80837822195158	12.2283348136825	2.6107293951109	0.0102520253054855	0.0473784475825741	-3.18595221844708
3045	0.0886402222181429	6.63243470216334	0.218360368922698	0.827539698993748	0.906081377742359	-6.41532747094519
3046	-2.87682635799654	11.6302668242061	-3.08530378354346	0.00255357993429201	0.0175478953887288	-1.94786022124611
3048	1.11604366722192	12.1872690808327	1.78743919914904	0.0765300973867165	0.197664025330395	-4.88981299740285
3052	0.232988217383146	8.81566652182409	2.35258952134677	0.0203618569641749	0.0773638171683921	-3.7827624902269
3059	0.028131605162804	11.5660360922535	0.26204538821571	0.793760500049721	0.884582391959402	-6.40501239986733
306	0.39533213237766	11.3166659563185	2.34341076291394	0.020845420244223	0.0786943195691417	-3.80295476128343
3064	0.141297149518665	7.05277178390776	1.39642350142616	0.165306562465448	0.332221947923261	-5.48815804951654
3065	0.015145609698663	11.5667691346567	0.224966404985288	0.82240914094188	0.903744749327495	-6.4138879044966
3066	0.0842829769546631	10.7472697058513	0.947614377658135	0.345335043414804	0.542088076512027	-5.99895493576317
3068	-0.106607257979835	10.671924466556	-1.26952532251005	0.206845520542586	0.385327920541668	-5.65189563968395
307	-0.400488575310426	11.5206323403309	-2.02134605692221	0.0455922154907253	0.138007680555609	-4.46562470343627
3070	-0.402259149483612	8.10706277350667	-2.62585603644375	0.00983271149487372	0.0460681775085972	-3.14926847467417
3073	0.37789415467953	8.07947121147037	3.29194067615842	0.00132590653538217	0.0106123914556751	-1.35437990091685
3074	0.146528578387738	13.310104834946	0.853442960535982	0.395207703624968	0.590203513278293	-6.08175560350116
308	-0.124020709676286	13.7946814148435	-1.36752507900311	0.174157342151375	0.342264964589664	-5.52677225205355
30812	0.546089098348939	7.71198943092287	2.52258966070502	0.0130319982403012	0.0561524806806927	-3.39596094130901
30815	0.359245882654334	7.42075693518991	2.78588633537586	0.00625600927152835	0.0335033893674396	-2.74980220854105
30816	-0.391368098591973	12.6156419783901	-2.71964570651673	0.00756096205561338	0.0384803121253029	-2.91765965739233
3082	0.794997957945071	8.77629887363617	3.63598040679923	0.000417461873025613	0.00451339669004131	-0.297146530395486
30833	-0.0612672598798254	9.44379698880038	-0.526817604405292	0.599346336497951	0.756407256752345	-6.30245755650258
30834	-0.155579283480729	9.1572990632061	-1.80657337791833	0.0734731922434607	0.192357707743577	-4.85695208859568
30836	0.196405818131999	9.63550317543525	0.818349740037451	0.414868930031986	0.606946043582041	-6.11042619670385
30844	0.334617203379563	8.47527371047286	2.69208266580594	0.00817336756540817	0.0406944039121588	-2.98646546101466
30845	-0.24505642707461	8.8965828283416	-1.32553971467566	0.187648838758871	0.361553395882499	-5.58148133255915
30849	0.103931532798429	7.8701283406692	1.17427497364538	0.242738013696932	0.427956098363676	-5.76484285970553
30850	0.155921549285617	9.33205483576663	1.37890368733284	0.170630508857758	0.338555849907539	-5.51166122128526
309	-0.0471364642016057	10.3779442560951	-0.332530916853948	0.740100561829841	0.850713977277273	-6.38441957005154
3091	0.29703336365775	9.60120403337673	1.95657388291603	0.0528489615599887	0.153169271047546	-4.58796555549662
3092	0.430920570388936	7.15563248881527	2.96903298241679	0.00364404223722741	0.0225804867813192	-2.26756844609702
3093	0.0742439254776204	10.7273967620351	0.874895221471674	0.383474886524142	0.578908171041393	-6.06364443048337
3094	0.0154025660011051	12.9232326851854	0.16870747792461	0.866326427651609	0.925605522235454	-6.42477551228121
3096	0.0509647514931761	6.7632078596943	0.472217797183248	0.637676208485092	0.782064659552615	-6.32922165132096
30968	-0.0744044262511716	10.6043091526403	-0.683934845278754	0.495407562365196	0.676151101311388	-6.20922189367887
3097	0.284015320822058	7.35908592717823	1.80278402060334	0.0740704177265672	0.193225834696914	-4.8634861118772
3098	-0.102369194104195	11.3505463573648	-1.02745290809906	0.306387617470049	0.501695712366575	-5.92208687776639
3099	-0.86802264473541	9.76779506271964	-3.39373951615058	0.000949713764854229	0.00829242674175045	-1.05038437713045
310	0.0273466135227363	10.5006734473632	0.307099944388885	0.759328925064733	0.86332510957119	-6.39241148213245
3104	0.120574839533698	7.57956624305976	1.07553407211606	0.284412166657299	0.476319016083475	-5.87285335026369
3106	1.39381433176642	10.8729764977791	3.99750561712664	0.00011410675326646	0.00169518306111683	0.901767448543501
3108	0.509758438557134	7.55858536288319	1.85767155711442	0.06580239522072	0.177914168420015	-4.76758186119756
3109	1.22547528966435	8.26666384192674	3.96579744861424	0.000128272074499899	0.00185232051637967	0.79316681087985
311	0.119204740820607	10.017697675815	1.21973584578207	0.22508854739354	0.407547435657747	-5.71200483461815
3113	0.782152046958875	7.61521484417774	1.95013337123534	0.0536212737559103	0.154756017199098	-4.59992727839197
3122	1.14857085534525	8.5805270203768	2.62594976222204	0.00983016237935449	0.0460681775085972	-3.1490405961857
3133	0.21772620673682	11.2995624259582	1.57864128083437	0.11719590587053	0.264854726992413	-5.22680065693009
3134	1.46056178241247	8.95323722996553	4.62240703951807	1.00842692326885e-05	0.000288221674263	3.16811606577729
3135	-0.283216477305944	12.6384314704673	-0.764736416299858	0.446012480818365	0.634179233686589	-6.15192997912645
3140	-0.0300700747956491	7.82082103518891	-0.227796997568243	0.820213108445231	0.902829542855768	-6.41325795278821
3141	-0.0217040332033673	7.46772426977895	-0.162735931841905	0.871015167644821	0.927974369243676	-6.42574859061149
3145	-0.484548864363264	10.2851916597053	-2.48559663799886	0.0143877064151771	0.0602343917837622	-3.48218930400148
3146	0.418494054750901	10.2550996599503	2.85691073229258	0.00508777211871101	0.0287448684682304	-2.56593076553228
3148	-0.0902925757575651	12.2489522245243	-0.561712268662834	0.575417399527674	0.73905564110709	-6.28382813946421
3149	-0.0443884935914871	10.6461749689841	-0.336412070004309	0.737180098027679	0.849011100070919	-6.38314409690246
3155	-0.0272833655698271	9.17036457547289	-0.337537503406404	0.736333956054394	0.848509832172055	-6.38277148040543
3156	-0.109911963955873	10.0724477320216	-0.877658511577676	0.381979436017808	0.577760509340248	-6.06127926741572
3157	0.181275825188084	9.67205548882773	1.45481262805529	0.148475751581329	0.310739139068883	-5.40776212181918
3158	-0.0361358966137863	8.5444730135454	-0.0945368400693677	0.924849084677776	0.960549910654901	-6.43437563931555
3159	0.0277877435610025	10.9694974308261	0.184030773185789	0.854317054672723	0.918835790572486	-6.42211820423091
3161	-0.35917795980365	9.74449454569297	-2.00619012396545	0.0472092517394838	0.141336868201572	-4.49458325974472
3162	0.410104617059789	10.7440590232923	2.0351847384419	0.0441572594965465	0.134639705958462	-4.43900625785092
3176	0.359211894423565	9.12131492983585	2.87210708550501	0.00486534560832576	0.0279081630033131	-2.52607065301231
317781	-0.0342023924299889	9.6471140619403	-0.278978554337373	0.780767961676538	0.875669588886133	-6.40051017512731
3178	-0.600780635779709	10.7482388878503	-2.67067389197654	0.0086796986829037	0.0424356855718187	-3.03948405577314
318	-0.197868032943997	9.13403525066529	-1.30266511088499	0.195320827403852	0.371825313287813	-5.61059261553141
3181	-0.0269749134955817	12.9791946804561	-0.316367577799862	0.752303470595506	0.857817044052855	-6.38957250750178
3182	-0.0881086799976257	11.2250465172696	-0.72929577562458	0.467320113737827	0.652368453519427	-6.17783836087142
3183	-0.0256061093924022	11.986471804381	-0.262594708324168	0.793338082709807	0.884461136885275	-6.40487076282531
3184	0.0622253492544512	12.681094818187	0.643696776632329	0.521068068717071	0.698138239676076	-6.23538869578136
3187	-0.174306440716606	11.4805123786692	-1.58191741045316	0.116445631490874	0.263518059209484	-5.22182085699062
3189	0.102940100265789	10.5558048580778	1.17269641875965	0.243368101041948	0.428344452292029	-5.76664242576043
3190	0.0382200236099694	12.276170229288	0.631412387775888	0.529038004715788	0.70372010816123	-6.24306357543998
3192	-0.113446145104514	10.7871547770818	-0.718140183897081	0.474143587602612	0.657228735290749	-6.18574160398895
3209	0.913614466613204	7.02097820386529	5.1354926323378	1.17583795035541e-06	5.66572982260867e-05	5.19268070965853
3212	-0.930347310817593	8.98871255629276	-4.95398098250646	2.55289433791608e-06	9.76245705147539e-05	4.46089801859146
323	0.258929176017744	7.72315532770584	1.57863819898984	0.117196613457296	0.264854726992413	-5.22680533676543
3241	-0.063937807116194	10.6000661975639	-0.367732998641097	0.713755832026829	0.833850538088182	-6.37231056639752
3248	0.784164531033105	11.426253186481	2.48244229361992	0.0145089425912329	0.0606497296576843	-3.48948920925536
3251	0.229334418824296	9.72832436778956	2.02280119256728	0.0454394801509675	0.137735818732841	-4.4628337111106
3265	0.117893418688242	9.18833015368257	1.18434751024151	0.238744875939653	0.423369756557076	-5.75330448918279
326625	-0.0211589328127567	7.81693546908605	-0.206105308388902	0.837077170450391	0.910609034411111	-6.41788453002026
3267	0.377037577722072	10.6448925065222	3.8084602820645	0.000227156002447259	0.00290900555071994	0.263976645114333
3269	0.329207648646117	7.03788509367062	2.02905409797861	0.0447881199515422	0.13626146254134	-4.45081923167265
327	-0.0258629230847315	10.5994170195245	-0.346507124419157	0.729601922716467	0.844285777758198	-6.3797573646609
3275	0.27007420358767	9.39092067681758	2.76576411959455	0.00662887296752873	0.0348532722544795	-2.801165138563
3276	-0.0153544528515182	10.2770878407163	-0.130049896548724	0.89675670083644	0.943614415181745	-6.43045388198356
328	-0.163111745569484	11.0540071333662	-1.49174587487958	0.138534557197225	0.296868651164922	-5.3552726613013
3280	0.10921132056592	9.82141144038244	0.759872300340455	0.448903278392167	0.636960903992548	-6.15555785477954
3281	0.220808383999411	11.7691208922885	2.40168573348967	0.0179399793297856	0.0705744759853129	-3.67354578549347
3283	-0.143710388565318	14.3682686468982	-0.701907033880181	0.484171166831882	0.666824101319502	-6.19702644238688
3284	1.35668295374017	7.11922295469414	7.17128235236904	8.03722965362704e-11	4.23915330376344e-08	14.3164367333194
329	0.159600880633693	10.4078180705546	2.31219255910301	0.0225668284268177	0.0830509176268342	-3.87109589522233
3290	1.95247420868753	7.20359679018362	6.28902242048262	6.11598780974453e-09	1.20281093591642e-06	10.1843978774598
3291	-0.178569526070587	12.0594715472453	-0.650845027072522	0.516459380322608	0.695233781203511	-6.23085515117128
3292	0.201623022952647	14.0973285845915	1.20311145788163	0.231431829452787	0.415029724550591	-5.73155371350031
3294	1.92755178021446	10.076916873601	6.50645547792313	2.14794412049403e-09	6.1179373914761e-07	11.181435881334
3295	0.0244716191644147	11.0821495820983	0.261756978158187	0.793982306778088	0.884582391959402	-6.4050866451027
3298	0.292066936292279	8.09953131045279	3.40081671105443	0.00092769288654209	0.0081602700332077	-1.02897026030718
3299	0.00429313589389809	6.58168850339136	0.0429771620602906	0.965795105626382	0.982325769298598	-6.43786218342248
3300	0.0884923342069725	10.3973782741997	0.705422774190388	0.481989578328926	0.66464673071735	-6.1946040878198
3301	0.0411921361775417	12.5109046933913	0.485666164730088	0.628138267594143	0.776131837552996	-6.32289979798208
3303	0.634956169945512	11.1041839112132	2.73231230631421	0.00729376382349274	0.0373969516958721	-2.88583433934179
3306	0.044220378702262	10.6682847317717	0.223011532678778	0.823926595933618	0.904403147164344	-6.41431836947051
3308	-0.187457202087008	11.4385598336175	-1.65747798484578	0.100179015005671	0.237622705182879	-5.10423428330739
3309	0.22178095702879	11.113875858398	1.59301890347485	0.113931646138763	0.259320858943561	-5.20487295276614
331	-0.175071008539494	8.76149684175682	-2.02809714728605	0.0448872846373499	0.136312121729599	-4.45266017055713
3312	-0.0243493449042455	14.1287221952877	-0.248141055696322	0.80447277536437	0.890982183495534	-6.40849884931184
3313	-0.206828527674317	10.8043514948434	-2.5701585527775	0.0114574268204699	0.0511835292250307	-3.2834144998896
3316	0.574486666648777	7.40893316082234	3.16744414234953	0.00197491793547932	0.0143220563187526	-1.71577934344398
332	-0.177240384512016	9.74029165088224	-0.931665130841206	0.353483247244236	0.549841628077256	-6.01357830180618
3320	-0.0392864655539428	13.8329393352745	-0.400668972237207	0.689415582818046	0.819009451183239	-6.35988146805911
3321	-0.13838854847824	9.90231751022755	-0.960518887608939	0.338831866155775	0.535058503913689	-5.98694446663037
3326	-0.0046590803128379	12.2198770486358	-0.0535259665571257	0.957406754863379	0.978129844795487	-6.43736157913327
3337	0.0836317085549422	9.83807834239311	0.520670604031129	0.603608513695731	0.758990154228458	-6.30561618827568
3338	-0.157110022549882	8.66738285670025	-1.95045060097635	0.0535830108817643	0.154699639945254	-4.5993389614359
334	0.0251617563894984	11.3363360180799	0.224929425175465	0.822437840016953	0.903744749327495	-6.4138960823206
3340	-0.0979896228849687	7.10393900240379	-0.781445661033998	0.436164220744797	0.626450437028695	-6.13929301424253
3344	-0.0728114861474745	9.63630965868084	-0.546329260000466	0.585909857613059	0.746393495355316	-6.29218717808534
3376	-0.272661032238915	10.3575671494126	-2.3719777852669	0.0193728976801594	0.0747059453025755	-3.73987581132401
337867	-0.176990644442638	10.1265408498026	-1.63734488502532	0.104322630252534	0.244929761356582	-5.1360762345306
3382	0.123141896836416	7.77009424053174	0.730947079407009	0.466314778209389	0.651625793945112	-6.17665823242592
338382	0.393670404076935	7.50522507594917	1.41605308588894	0.159493023102324	0.324645729626712	-5.46148436919357
3384	1.1572575557198	9.32102225239407	5.40995260167744	3.53650010858842e-07	2.37491795910084e-05	6.32933050966402
3385	-0.0724326463968164	7.8293829563301	-0.485662869096898	0.628140597341619	0.776131837552996	-6.32290136885853
3386	0.251068682561081	6.65756359624205	1.70870472435945	0.0902334918692924	0.221692041296953	-5.02154771779821
338657	-0.145281948652877	9.19364603150837	-1.11303399418506	0.268040927033741	0.45662044351334	-5.8329246855875
338692	-0.0776989592522637	6.91456869158146	-0.713183168518075	0.477193326836024	0.659795259401666	-6.18921469915464
339123	-0.194620839731611	10.0288641013376	-2.09931674256052	0.0380010988492608	0.121052478401425	-4.31345405405182
339175	0.0718523239535041	7.90711062525703	0.659871268771153	0.510670625860633	0.690140603666366	-6.22505957531038
339448	-0.0755986838141359	9.91435329920861	-0.891914033023535	0.374322280117972	0.56920140533403	-6.04896081123311
339487	-0.273474474235034	9.73405830923165	-2.84834701304168	0.00521718336812996	0.0292956727537413	-2.58831309364525
3396	-0.191145247378849	9.9593105711117	-1.37223577038424	0.172690614615831	0.341146339342871	-5.52053103564917
3397	0.0601007150726941	9.86255828641255	0.383990798402682	0.701702264142046	0.82741765907399	-6.36630814754361
339745	0.116358417498977	7.650197541458	0.986562716998969	0.325951379745373	0.522585092526549	-5.96221854570148
3398	0.0375136311725439	10.7922612129051	0.309505641632008	0.757503292079393	0.861842588509061	-6.39168263633495
3399	-0.63273185812775	11.2104908872116	-3.31702736051245	0.00122203662615704	0.00992529255856158	-1.28016773435356
34	0.319319909559237	9.0185746217922	2.85710568440746	0.00508486061080305	0.0287448684682304	-2.56542055951666
340252	-0.0741565076195831	9.54198161370873	-0.467461292548344	0.641064363470574	0.784266632604768	-6.33141528106675
340348	0.830713422525612	7.04732044976743	3.54330993684423	0.000574340547996476	0.00578543039811084	-0.590189397734823
340371	0.277712647366184	7.59253612023858	2.1934647013963	0.0303087325555562	0.102940020932933	-4.12263822727016
340481	0.115964416920466	6.52039440607347	1.13568462604104	0.258476294011204	0.446685326069974	-5.80815889542968
340485	-0.593366320452726	10.0889698579306	-4.44489702081022	2.05449029039626e-05	0.000474024854711538	2.5008082327527
341	0.0245325032452796	10.3628680396536	0.129217989604557	0.897413419171697	0.943683620924025	-6.43055993349205
3416	-0.300855700664465	8.49705441907162	-2.80341619948538	0.00594688213904276	0.0322106534219627	-2.70479281015139
3417	0.136398839949847	12.1849690938292	1.23526105400325	0.219279186565132	0.400363855222809	-5.69351270065838
3418	-0.104906867561254	11.1602290753705	-1.03293952210459	0.303823829105764	0.499152177146575	-5.91658034943382
3419	0.0860796027716154	8.67062015581424	0.806246157056928	0.421783679444854	0.612417745298964	-6.12003883825781
3420	0.0455976292738724	10.1573596321163	0.495136265646267	0.621459248216341	0.77180174263524	-6.31834200306192
342035	-0.101393798510291	10.8403154356007	-0.473661103860704	0.63664962256319	0.781501840150386	-6.32855164546234
3421	-0.0880289250678469	9.72151577144504	-0.988026173781549	0.325237295230114	0.52174403934759	-5.96080985380042
3422	0.219713378645084	9.57746929024098	1.40525406754166	0.16267158913705	0.328123889199519	-5.47620308606348
3423	-0.575310307735626	10.6730293284066	-4.49915875815077	1.65585382426632e-05	0.000413213069137155	2.70288841806946
342538	-0.162509322079889	9.18989239187535	-0.975422817889921	0.331420847327056	0.52761097052034	-5.97287430792135
3428	1.07032560830938	8.83550643476159	5.34016813979992	4.81547053266666e-07	2.92066609707006e-05	6.03700854793089
3429	0.351819467610604	9.96298056041083	0.946839344707487	0.345728168453432	0.542292949378153	-5.99967118569243
3430	0.0986843148829563	8.35715102008369	0.805629017047418	0.422138075445689	0.612589687839316	-6.12052517687867
3431	0.346214513967648	8.59168442595306	3.04990218603824	0.00284847298649751	0.0189112840184299	-2.04630326439451
3433	0.722709556322871	7.93665470685712	3.25819700838412	0.00147867228907796	0.0115333645965854	-1.45347081379359
3434	-0.0422447476898741	9.35387421771775	-0.193164034565693	0.847175062214855	0.915086440943469	-6.42042460186496
3437	0.394574035448519	7.63312333641893	1.97945504643041	0.0501809176166889	0.147786224017684	-4.5451717816976
3454	0.444456860833258	8.00637790926277	3.35205207547066	0.00108970410897872	0.00914374281076137	-1.17578600310464
345757	0.277199483292445	8.96839042093087	2.86642921979219	0.00494738724066543	0.0282024973139382	-2.54098504637839
3459	0.0378017567398179	11.7982618159072	0.251484848438166	0.801893143582393	0.889317584048143	-6.40767774332588
3460	0.580437296130232	10.1151518419569	4.9126374742141	3.03911215853494e-06	0.000112569804616585	4.29653924884495
3475	-0.0774395871178077	9.50570215728422	-0.776701914139837	0.438947152323515	0.628125257811232	-6.14290810750508
3476	0.133370520115502	10.5554486548629	1.76853539825744	0.0796526354826395	0.203002397126382	-4.92195382053643
347734	-0.0546326508837277	9.38757863024463	-0.496145057537308	0.620749618824704	0.771268329045134	-6.31785132453678
347735	-0.114825270511284	10.0116709404722	-0.613730710251615	0.5406189611506	0.712316576663575	-6.25385271676139
347862	0.105576227820295	9.4562743986742	1.07095376964311	0.28645780043082	0.478491694956233	-5.8776384942931
3479	1.96558357762246	8.11690222910042	5.57378183035323	1.69916972217507e-07	1.36263513642389e-05	7.02411428585821
348	1.24961597517715	9.78117661346513	3.97226144746165	0.000125254537367653	0.00182148323707186	0.815253483531733
348094	0.571365610669825	8.29463703367539	3.19953115066882	0.00178401099488073	0.0132636641023535	-1.62373883356848
348110	-0.0682420810390143	7.75505772497967	-0.573993455021313	0.567105744991753	0.731920852129981	-6.27698894978057
3482	-0.132805987569008	10.0383926746603	-1.31458371949816	0.191294814621974	0.365762770550349	-5.59548573091599
348235	0.152209607755237	9.63671137222593	1.61178439052723	0.109780757421889	0.252939764659639	-5.17596761062408
348262	-0.213888123108918	10.1667516748426	-2.21725439683772	0.0285941518710722	0.0987891825230331	-4.07320657999591
3485	0.173799770960313	8.32712156410697	0.6101923824028	0.542951785473524	0.71392939635071	-6.25597521699706
3487	0.814336071620985	8.15689763346017	3.49030772772866	0.000687560748431472	0.0066191745711468	-0.755086815968878
348793	-0.216114317738906	7.53554009920746	-2.34889910279701	0.0205550741652811	0.0779545053283846	-3.79088959757552
3488	0.90433849479731	9.32657260293365	3.66556397006191	0.000376595028132728	0.00418664190091027	-0.202343618980625
3489	-0.323391254817663	7.39279485529578	-1.35260427963929	0.178865329858197	0.349521557754602	-5.54640389448149
348995	-0.162645927034828	8.64765146702038	-1.13960554026718	0.256845260717257	0.444581276933055	-5.80382233905455
3490	0.891406033167656	9.51632480549305	2.42257224263463	0.016989663515336	0.0681566880216974	-3.62646652629311
3491	0.20441136992105	9.75888218573334	0.783956107987675	0.434695639736023	0.625102016751315	-6.13737105472861
35	0.24134146239763	7.85051630794272	2.1724475151894	0.0318972653952052	0.107232971983881	-4.16590216696644
351	-0.0147548880508835	10.5893817946621	-0.0995464124214372	0.920879703714662	0.957967558275677	-6.43389754786081
353	-0.197838163056338	10.4977644219071	-1.66420156742894	0.0988252113090446	0.235651341054477	-5.0935179587892
353088	-0.18390669426653	8.64268523656468	-1.22792006943253	0.222012365379547	0.403196700281516	-5.70228494257521
353116	0.304625778042246	9.92752999009803	3.57056326712577	0.000523210199139925	0.00540214530611973	-0.504630576929954
353322	-0.307332503889681	9.1230458040506	-0.725285738482533	0.469766538401857	0.654015103185461	-6.18069318747199
3550	0.00266845177342889	10.4976325279144	0.0370603938419056	0.970501826807102	0.985448055353592	-6.43809506290296
3551	-0.110908208623304	7.88807406965427	-0.982007490432619	0.328180679031858	0.524327351799448	-5.96659017504546
3554	0.230718186373412	10.3257309513677	1.35766577073653	0.177257633825762	0.347201341095754	-5.53976772002202
3556	-0.0305215567627075	10.2277900053089	-0.135930967307652	0.89211617578703	0.94093914752819	-6.42968475740913
3560	-0.502655531414522	10.3791134623921	-1.6373140176585	0.104329087423412	0.244929761356582	-5.13612476893263
3566	0.233042926658078	9.46043302169677	1.67802569725158	0.0960881951866523	0.231417276014674	-5.07135487726359
357	0.124140173967115	7.91126940281493	1.1553895978806	0.250352646124477	0.436268535229575	-5.78621742476368
3572	0.648207789983176	10.8424432703483	3.86817480867376	0.000183195215025377	0.00244611540460809	0.462905056982739
3587	0.584089798712943	7.36653611541931	2.25147534797694	0.0262764045918778	0.093031762507034	-4.00124531530511
3588	0.387617970148467	11.1966457853435	3.02093927357071	0.00311283237828342	0.0201979540020589	-2.1261278192784
3597	0.354516545211547	9.39033787683825	2.88331466608565	0.00470705218962234	0.0272298699039468	-2.49655646013951
359845	0.656390636534799	7.71342628287369	3.77260523308833	0.000258192429612711	0.00320563792932	0.145673272507759
36	-0.275981190955191	7.13823108411457	-2.41807999149494	0.0171901932096113	0.0686610231679831	-3.63662325474313
3600	-0.0388326995328549	6.1039155066163	-0.163574906255617	0.870356140145722	0.927511510463639	-6.4256139936744
3607	-0.000563542540387437	7.7779273288009	-0.0061532023186178	0.995101266641817	0.996911638867363	-6.43875186773934
3608	-0.0168497836031236	11.4609733103003	-0.135523041311535	0.892437935492127	0.941087367185621	-6.42973920324737
3609	-0.0387071596762578	10.0151094209942	-0.460506899579874	0.646031770001347	0.78753704655779	-6.33458272908338
3611	0.0331410919238435	11.5510985008088	0.350227802020244	0.726815566266167	0.842477768363533	-6.37848393795954
3612	0.218182170010535	8.36796453508162	1.52697319424285	0.129544158207379	0.284659416545078	-5.30403036253591
3613	-0.270694161282361	12.4765235102419	-2.42275679349544	0.0169814700062071	0.0681566880216974	-3.62604890456162
3614	0.0614136047299815	9.47894195731409	0.472313753905459	0.637607935116666	0.782064659552615	-6.32917716988435
3615	-0.459554059623346	10.9090360747006	-3.41460315629621	0.000886165476246864	0.00788763667435247	-0.987151620170448
3620	2.84804226690764	7.02732455544101	8.01003736947689	1.09783832747059e-12	1.51135743081785e-09	18.4181320407909
3621	-0.0419349425546196	8.40586907570236	-0.365937447012976	0.71509157411705	0.83469221521612	-6.37295760712348
3622	0.096671602524373	9.67076628631208	0.862840563662106	0.390041075524869	0.585557848752348	-6.07387623059565
3623	-1.46071813229548	10.9325253476457	-4.37310200413057	2.72624824059838e-05	0.000575928656453775	2.23605980013174
3635	0.736489468632888	7.51552819957625	4.1368255858653	6.77468924878551e-05	0.00117036484519315	1.38652408617201
3636	-0.0923268456078726	9.72801356074172	-0.926610514215169	0.356091061993287	0.551737417382208	-6.01816173201572
3638	0.403420901975696	10.8193957182458	2.81423312873344	0.00576315752545348	0.031380145787901	-2.67689728601318
3641	-0.628089453709478	13.5448579296421	-3.05697931453358	0.0027871133845969	0.0186258548193935	-2.02670016688954
3646	-0.12538866943938	13.2729656713213	-1.75278081338458	0.0823344839098391	0.207468833769149	-4.94849346274819
3652	-0.0833453068579939	8.19011397061704	-0.67304111559408	0.502286518404	0.682359981525681	-6.21646140651914
3654	0.0440981035524908	8.86472638592521	0.433146174745155	0.665728990117467	0.802025564374934	-6.34658529531922
3655	0.332115716146772	10.1579046126596	2.29173175379947	0.0237618694072358	0.0861602464020052	-3.91530630862942
3658	-0.0917964315106722	7.90322909162166	-0.939010036912131	0.349715673402488	0.546634460033021	-6.00687433348492
3659	0.344306309874527	8.66089499986325	2.77135384567003	0.00652331515812939	0.0344843559493689	-2.78692958219037
3660	0.318166191014148	7.12076792679795	1.65738158853825	0.10019853294818	0.237622705182879	-5.10438762357848
3661	-0.064453920549348	8.98378517276437	-0.694372315620081	0.488864831063033	0.67039195797837	-6.20217747759506
3663	0.442131659075452	7.23352863823054	2.20211315481627	0.0296753318275207	0.101406008845977	-4.10472445934878
3664	-0.0337288807127371	8.7334626310383	-0.348254750750521	0.728292699854241	0.843705874346724	-6.379160918039
3665	-0.249643722842905	8.48580394410478	-1.48459089956685	0.140418749022017	0.299164010039169	-5.36554008723433
3667	1.00688786875632	7.56532592011894	5.38105177860652	4.01984261024228e-07	2.55414615081548e-05	6.20799919629064
3669	-0.334531687260632	9.17234639789321	-1.86182799124405	0.0652089848838476	0.176946851228837	-4.76020922494017
3670	1.10274292413338	9.0985137766525	3.55475109291289	0.000552326560480256	0.0056463086504541	-0.554334568208301
3671	-0.0410289096974681	6.94201212316861	-0.1575278290712	0.875108226305078	0.930175517858699	-6.42656865151344
3675	0.308159804414656	7.98965251999965	2.1309145164937	0.0352501058761446	0.114587121029891	-4.25027189228756
3678	-0.0676013347074512	11.2632628728205	-0.325469953813593	0.745423467918173	0.853743461592361	-6.38670215002796
3682	-0.190744260103214	8.8038716098308	-2.03936094242611	0.0437318810030475	0.133935979638551	-4.43094030257667
3685	-0.061063957077509	11.4669093145838	-0.543342958006359	0.587957138946521	0.747272806231461	-6.29378316100186
3689	1.41279742953219	9.26866876999208	4.56465886532204	1.27351461587275e-05	0.000341533465165874	2.9490662765279
369	-0.081508877906307	9.29524919386589	-0.889181074844957	0.375782751153123	0.5707982599808	-6.05133757118109
3690	-0.15178164599042	8.26682227663649	-0.653798446525192	0.514561492307904	0.693673523268674	-6.22896753594856
3691	0.365917325581519	9.73321448093236	2.01128622897355	0.0466601605096585	0.14015015483992	-4.48486869813996
3692	-0.281427175100387	10.7508784103016	-2.56544378398416	0.0116054723876799	0.0516493544839636	-3.29465288885669
3693	0.443761176693176	11.2063572138619	3.19671472210951	0.00180005330014715	0.0133708995136829	-1.63184853872207
37	0.180722610453893	13.2696879367402	1.67702285931107	0.0962846555191576	0.231464276655484	-5.07296850759001
3703	-0.276897150924955	10.9651114363882	-2.92194874587591	0.00419691208066467	0.0251388642395142	-2.39406042969323
3704	-0.149956220070123	10.0130972349169	-1.49669337735117	0.13724326393252	0.295404299215852	-5.34814523847107
3705	0.174423103460428	9.30796657532921	1.3118174652351	0.192223675810523	0.367198788666725	-5.59900385655988
3706	0.0274923336909142	6.80676872128748	0.241731801233044	0.80942332699889	0.89490519087282	-6.41004202446237
3707	0.681085288331764	7.0738966594706	4.47145229986349	1.84903406085728e-05	0.000438879923640262	2.59949268193264
3708	0.482508049102818	7.8552830996693	3.46988703260186	0.00073654863583	0.0069292616537082	-0.818087459872289
3709	0.33422756492523	6.98521003104307	2.93248299323153	0.00406691185477306	0.0246100307109344	-2.36591026123615
3710	0.00145022046082369	8.06462237885208	0.00650893720460662	0.994818060253545	0.996869729187708	-6.43874965264337
3712	-0.208123212645038	8.04338447631969	-1.42772760566062	0.156110545069418	0.320718286237315	-5.44545014591557
3716	0.224967302804517	8.22632337384581	1.26372617219117	0.208912634685779	0.38777940730439	-5.65901702604998
3717	0.266087770512318	7.70369829907146	2.32952871047359	0.0215960378949958	0.0807529529256069	-3.83335792574568
372	-0.227681904281375	11.0388502876096	-2.45288140963969	0.0156902147954494	0.0643795675255089	-3.55749668693514
3720	0.124468462003033	9.30208046811033	1.3404376609281	0.182774770343971	0.355061054337065	-5.56225754732994
3725	0.614533603986479	8.60928491317192	2.39365132003411	0.0183179207228283	0.0717722886796935	-3.69155796512504
3726	0.631205271128022	8.25706269359953	3.66787029114134	0.00037357359206167	0.00415864942106387	-0.194927536955579
3727	0.229207387122113	12.8198704808569	2.13983540643875	0.03450529969045	0.11320165011566	-4.2322764502567
3728	-0.403950620676672	11.2889995269209	-2.85779375933357	0.00507459676448264	0.0287097049826209	-2.5636195697928
373	-0.0646384219695611	7.65617320839432	-0.708456641682625	0.480111363909229	0.662831333092133	-6.19250410367726
373156	-0.0471079185954048	11.2852328977815	-0.454735935166394	0.6501660626075	0.789667001563481	-6.33717526534087
3735	-0.273413220194905	9.38414853160846	-3.38520764657268	0.000976913042335773	0.00843452460519407	-1.07615192435453
374291	-0.157756780911927	10.7404212384035	-1.52114377113713	0.130999360633567	0.286927995939498	-5.31258917449945
374378	-0.419868739066298	8.60415043052844	-1.88348792581432	0.0621885390340611	0.171168721233371	-4.72153875425259
374395	-0.104450405169516	11.3253449569399	-0.978975115102489	0.329670247439226	0.526096646802165	-5.96948930769741
374659	-0.332521127909734	9.07644659287837	-3.44411801448523	0.000803059754076984	0.00736721055405746	-0.897164245819866
374868	0.158033705928656	7.33649626970567	1.87519377830023	0.0633309970182697	0.173017133934469	-4.73639627196706
374969	0.176654928568163	10.0959444596089	1.51289909560241	0.133079376483973	0.289763202703164	-5.32464046814718
375	0.0319425773187958	12.2594786667634	0.303684136842436	0.76192344361459	0.865084212268936	-6.39343660356359
375061	0.313803094364103	11.6261584925424	4.51198123583451	1.57319101773557e-05	0.000397387088883664	2.75088867362704
375748	-0.128535707096592	7.08460484807242	-1.14763681091103	0.253527023677722	0.440499897290161	-5.79489412719936
375790	-0.317628168020139	8.14584570474616	-1.9405750252097	0.0547850476156023	0.157235751669519	-4.61761175086783
3759	1.15370994910391	7.19921580769412	5.65260303224867	1.18941234940488e-07	1.04905289850643e-05	7.36251180297713
3762	0.853279229939908	6.52474356742356	6.15756302065123	1.14269307801734e-08	1.87462546042406e-06	9.58925526255557
3764	0.610610862340213	7.47242688255658	3.37372344541921	0.00101467940466502	0.00871581710336849	-1.11075278303331
376497	0.351238622729561	9.01628333116051	2.88896293040644	0.00462908030040531	0.0269648824269026	-2.48164477696707
376940	0.115695122978301	7.25624567084778	0.612907134263005	0.541161492257466	0.71277000176112	-6.25434783520595
377	-0.0190636734207244	10.0768429110835	-0.237480427525432	0.812711398365181	0.897939559991492	-6.41104338767398
3775	0.131172800930234	7.81615262823228	0.643902855657635	0.520934903743213	0.69807305401021	-6.23525869252843
3777	0.875271180589897	8.42902061990777	4.47977383420588	1.78883674760904e-05	0.000429800660954217	2.63050085474939
378	-0.0452447931000023	12.8318243374381	-0.604132191029813	0.546959045554157	0.716734218138558	-6.25958216163564
3783	-0.214378899055444	10.7492536886936	-1.93380397795349	0.0556223084465824	0.158756139519271	-4.63009014987902
378708	0.093268850429672	8.08561023294365	0.922644924121294	0.358145599553637	0.553034465921169	-6.02174046659064
379	-0.115263357583735	7.23542960801077	-0.984799694551489	0.326813005895738	0.522952725832407	-5.96391286826776
3790	0.766888674667279	8.30160983902097	4.44107697534138	2.08580023976408e-05	0.000479908356001429	2.48664581637944
3791	0.621079283130884	7.54095790276748	2.6089744848904	0.0103017015327448	0.0474579222869335	-3.1901959420912
3796	-0.276264711168418	10.7476409576512	-1.47118777748312	0.144002003260762	0.304305644420908	-5.38464593299521
3799	-0.244218216450135	9.54624256040497	-2.22791958913548	0.0278533735800809	0.0969119063906773	-4.05088740689491
38	-0.268354379339748	9.46264573563273	-1.87511547441962	0.0633418659827886	0.173017133934469	-4.73653624652346
381	0.169646701161722	9.84833608668778	1.56509370763928	0.120339375963683	0.269962858625753	-5.24728848215566
3815	-0.0939482635579718	8.25716730675161	-0.456639968085121	0.648800807514152	0.789146616119408	-6.33632350183583
382	0.155190314412359	8.28870034464124	0.848166450847391	0.398126919808909	0.592207519831009	-6.08614233420357
3824	-0.292261783506191	6.58965830829199	-1.52460899281238	0.130132794837964	0.285345602697526	-5.30750528862953
3831	-0.0209449233604381	9.67589562951513	-0.273444419410635	0.785007589763519	0.878713334619191	-6.40201256293841
3832	-0.283108425488921	8.87170619934279	-1.96296270927747	0.0520921739223797	0.151507519929175	-4.57606346711491
3835	-0.56153136198399	9.54465512813141	-3.76915776341569	0.000261380205814921	0.00322720553068946	0.134343815822572
3836	0.0242903893863746	8.64746097769066	0.299220712109389	0.765317778968672	0.86715018577246	-6.39475887478251
3837	-0.0707799804047164	12.0438362180527	-0.8679879576345	0.387228852026268	0.582606615252637	-6.0695243368974
3838	-0.0247383610714557	11.3058645525829	-0.148327883402106	0.882346693159147	0.934861940160922	-6.42795212038098
3839	0.069753729419048	8.92352486855465	0.924834767878789	0.357010128056804	0.552455632698807	-6.01976611745398
384	-0.247909272696333	8.50620652748125	-1.42700687866278	0.156317752706689	0.320870933736891	-5.44644369516735
3840	-0.053785850633702	10.5178706349479	-0.637512947629908	0.525072206017724	0.701228200760938	-6.23927049663666
3842	-0.0569824304124265	11.1667287278234	-0.560673036550708	0.576123398679002	0.73905564110709	-6.28440012170327
3843	-0.188180706990314	8.94691066135875	-1.66655584050446	0.0983546872144953	0.234800496066974	-5.08975586579126
3845	0.174035193455718	9.59423590913926	1.91287249173686	0.058279149554218	0.163736658271374	-4.6684069405817
3855	-0.208040731399068	11.4556950061797	-1.23307087299026	0.220092055523507	0.401227185747996	-5.6961352219337
387	0.240275119816257	12.9245120159437	3.90660096240072	0.00015932873515753	0.00219540020808318	0.592159752620089
387032	-0.0142806089949466	7.04244166828372	-0.162475946178128	0.871219408882761	0.92807226171932	-6.42579015979203
387338	0.146207457049995	8.9703099991549	1.8541889509379	0.0663030699209569	0.178425814725234	-4.77374734795664
387758	0.427299086083153	7.47706094349552	2.67353713790572	0.00861037440160443	0.0422337841788911	-3.0324147943136
387893	0.0970415694449235	8.57403861096801	1.13396749818918	0.259192875529666	0.44742594605539	-5.81005345213187
388	0.513004649521965	9.56843134690422	2.95436186603008	0.00380866375576272	0.0234772855392538	-2.30716766380579
3880	-0.501888611200929	14.0134330271273	-2.69265157833779	0.00816028544376143	0.0406537742855666	-2.9850514889911
388272	0.0207536974931795	8.611061413849	0.210054570567124	0.834000943894401	0.908938883304889	-6.41707661467232
388403	0.546956607602978	7.55032049647963	3.67469677946784	0.000364764415009206	0.00408041162739187	-0.172955264112876
3887	0.0373117243047398	7.58180909688971	0.114310487894546	0.909193237855372	0.950917800419652	-6.43234500460566
388886	0.350379437471155	6.85497738595347	2.71808934267287	0.00759439934752218	0.0385791750372283	-2.92156116113341
388962	-0.1419446600124	10.6122811048809	-1.0098509554328	0.314710480317028	0.509807524498656	-5.93955843735937
389	0.187412154923015	12.3265533092264	2.09891995334402	0.0380367888055674	0.121107179126626	-4.31424192624806
389119	0.634929097934223	7.96139079426603	4.04194005540356	9.67491033084278e-05	0.00150635233203021	1.05503996319319
389136	0.0392566998931946	10.6831605443753	0.213577179752314	0.831259222201815	0.907627386039259	-6.41634305319905
389421	0.126503033212699	11.6778433449458	1.1146448769564	0.26735266954324	0.45636144873469	-5.83117948661694
3898	-0.0665741053453152	9.54911557092796	-0.394009258371345	0.694312017211432	0.822995717962853	-6.36248036111631
39	0.106820197559609	9.88713732497487	0.529937987827393	0.597188039346588	0.754823749809154	-6.30084003477602
390	0.847255143453694	9.58887262378692	4.29378578135309	3.71390005324535e-05	0.000739200347947146	1.9471142989186
3903	0.441850024738484	11.405159187318	1.39607924450267	0.165409941451991	0.332348848551069	-5.48862263679895
3904	-1.66454010572534	12.3858299353446	-3.38639489049388	0.000973084862152611	0.0084252420978832	-1.07256941962246
3908	0.945587530930879	9.45760412137512	4.11981847071776	7.22435886692365e-05	0.00121782049470999	1.32669382925111
3909	0.110752438047848	6.62521713713071	0.460485137057438	0.646047339888086	0.78753704655779	-6.33459256681413
391	0.208066058994802	10.0502696098112	1.65133607423591	0.101428754856436	0.23978291789186	-5.11398743093821
3910	0.413783474000334	9.14926263214251	1.38243417779266	0.169547316296078	0.336973251348798	-5.50694806077844
3911	0.035195794805905	11.3646162737352	0.245601164507149	0.806433666417386	0.892316421246833	-6.40911521154304
3912	0.00263852996174532	11.8447538616771	0.0219917915226248	0.982493042921849	0.990833740881988	-6.43853264995493
3913	-0.040260027502715	9.86404821868171	-0.231608670729669	0.817258191470531	0.901021892180506	-6.41239722732857
3915	0.305360142475318	11.8927963224723	2.80628715108459	0.00589760492695534	0.032006712678483	-2.69739805921456
3916	-0.1740986020046	12.8548311214367	-1.66742256378933	0.0981819214319481	0.234659337681682	-5.08836958112188
392	0.203292983381275	10.4898649558156	2.02170028365803	0.0455549944982991	0.137984691806363	-4.46494545807892
3920	-0.228402054413486	11.8392241404413	-1.55015499223464	0.123882777380857	0.274925239431994	-5.26968421392131
3925	-0.0314375100641757	10.8730479503722	-0.252849898218984	0.800840677126082	0.888388932723803	-6.40733938436275
3927	0.354998143329629	10.5636610202803	2.56867129686889	0.0115039428245575	0.051335801043136	-3.28696158423016
393	1.17687239956327	7.87445260210826	5.46909241179569	2.71790519867309e-07	1.95216495139476e-05	6.57877672254634
3930	0.00183731116294007	9.50140786887859	0.011617285890382	0.990751310633309	0.994846319697439	-6.43870411750513
3931	0.03830993108794	7.72821783548115	0.313479033234868	0.75449097260702	0.859826370255971	-6.39046639931056
3936	-0.422143699534386	12.0602677842527	-2.50871696013115	0.013526376486004	0.0575373516471216	-3.42843055686192
394	-0.15878296347276	7.54771672575034	-1.49219601880565	0.138416679294689	0.296868651164922	-5.35462511676558
3945	0.248288472241033	13.5298778771475	1.78532048608786	0.0768749570479525	0.198247625730905	-4.89343135506289
3949	0.21627645882721	11.031941308897	1.91370612528282	0.0581713291923612	0.163656396161071	-4.66688836672305
3952	-2.43977534056494	13.2156657520348	-6.1367167175601	1.26107121585647e-08	1.92897189684711e-06	9.49543411394961
3956	0.176354285386124	13.0209898346762	1.09206936857019	0.277110728815581	0.468276313424038	-5.85541217549944
3958	0.222598716944012	12.7463301708874	1.22445021869215	0.223312823036087	0.404864775741457	-5.70641359344336
3959	0.399828287335624	9.71949411222303	2.28966934440282	0.0238853595633888	0.0865022680553827	-3.91974281323164
396	0.317358055761244	9.87590421858311	3.13205882596179	0.00220738147185598	0.0155970666873656	-1.81638351861615
3964	-0.03222820531797	11.0336520972715	-0.246530182860791	0.805716285750472	0.891816326235957	-6.40889049889192
397	0.238547446441722	12.112944035285	1.31391142627935	0.191520250877955	0.366024357300303	-5.5963414150697
3972	-0.520832112624198	15.2042634605698	-4.36105131068106	2.85801424456375e-05	0.000596141355052945	2.19191882890149
3977	0.101220241425513	11.805090201308	0.46292494069241	0.644302774599571	0.78622262050413	-6.33348677098686
3978	-0.218772261725204	9.22847296410215	-1.87676166928205	0.063113694478775	0.172679402581875	-4.73359238479586
3980	-0.521395825494885	8.11531931595434	-4.01086756682875	0.000108596456976049	0.00163986605963832	0.94772562824283
3983	0.581345444065273	7.9710044642914	2.54091843899119	0.0124036692359187	0.0543209770127495	-3.35281712007644
3985	-0.109020767812787	10.8238693199829	-1.10519972380809	0.271405738935079	0.460993502694582	-5.84137698534807
3987	-0.0398476281683399	10.9540760693219	-0.359667850558098	0.719762548806171	0.837443620702757	-6.37519212687122
3988	0.553937268817714	11.4525470589703	3.79361778855491	0.00023954717989864	0.00301165860877134	0.214899578114601
3992	0.469846306663921	9.12631514051497	3.20940046860112	0.00172884042221268	0.0129420895219656	-1.59527405943821
3995	-0.0124026473809304	7.93408389041442	-0.0691518803152592	0.94499016960693	0.971336157668215	-6.43641891766945
3996	0.135194922714671	8.05934873646774	0.869098945267501	0.386623523717901	0.582119997431619	-6.06858169548051
3998	-0.600573616354138	10.1376103944782	-3.20433056060883	0.00175698009737624	0.0130980646248445	-1.60990561465186
400	-0.148132248227424	10.5151123547644	-1.37489250465676	0.171867548162333	0.340193133913461	-5.51700196726532
4000	-0.0932143626513541	10.8557723617856	-1.01226820967473	0.313558674307324	0.508540084386117	-5.93717664346323
400073	-0.109869957995441	8.06577818289121	-0.965126186211826	0.336529452104849	0.532720060250298	-5.98261766177737
4001	-0.571742884166687	7.88022396121811	-2.66572030385553	0.00880082840240075	0.0428372672974839	-3.05169858050495
400451	0.324647667817242	7.02321185839912	1.73484446121713	0.0854775660477396	0.212856405051049	-4.97843486254125
4005	0.175338652995227	10.9768426399043	0.908833651401875	0.365359935118942	0.560110071284792	-6.03408639371478
400569	0.0458525445622631	8.36626670410256	0.478112467846519	0.633487940763374	0.7791786864896	-6.32647242640307
4008	0.512926820679745	7.85833181133219	4.27811646907164	3.94612201039003e-05	0.000768749240703341	1.89047670519537
400916	-0.385319417898209	11.5614225584856	-2.80407745543198	0.00593549909023217	0.032170093494303	-2.70309018557735
401152	0.10347639983133	10.1388712152256	0.8721982264254	0.384937956867469	0.58044950858873	-6.06594575639221
4012	-0.573163741091827	11.519274974709	-2.39065865084425	0.0184604919276596	0.0721645354105385	-3.69825325762956
4013	0.353940550445002	8.30368039833531	1.33097066570555	0.185860888231603	0.35945657373827	-5.57449752600713
401494	0.208328144513615	9.56565952179216	1.00054135811784	0.319172738864958	0.514814845347501	-5.94867923062934
401505	-0.248514515995467	11.1276991202076	-2.21282358923693	0.0289069246702443	0.0994051614388917	-4.08245017260641
4016	0.776944616259519	8.69984600593622	3.91155557074493	0.000156476428837332	0.0021649837557728	0.608896093222123
402	-0.0373464259637915	10.8192495160424	-0.371793921594291	0.710738123237367	0.8327229642469	-6.3708355291532
4023	1.21787805711423	7.78553642901122	3.22039643928104	0.00166924600378839	0.0126295177153825	-1.56347422352787
4026	0.244156766794144	9.46680468018086	1.69129013514002	0.0935200940636248	0.22699852393933	-5.04992531850755
403	0.307218611878741	8.00558259709509	2.68415093069492	0.00835774897589228	0.0414624663909131	-3.00615164824645
403313	0.241211498215644	8.94142791999747	1.83796407262989	0.0686777251608432	0.183170167849068	-4.80232792439287
4035	-0.0568968661376907	8.37277965289044	-0.429947736424032	0.668047244231468	0.802978788904529	-6.34794056824083
4036	0.189020297209644	8.51298634603408	1.43514377318785	0.153990658204157	0.318548168486436	-5.4351985976172
4041	0.284699578720251	8.65053252749047	1.72473945263357	0.0872911728656374	0.216134618666117	-4.99517483551542
404217	0.294111894653444	7.44018961997323	1.59138687347531	0.114298488959907	0.259940946808599	-5.20737156329027
4043	-0.136185044971959	11.9434281237759	-1.00928833222868	0.314978970414881	0.510042402593004	-5.94011200501686
404550	-0.556574311896959	8.60880063244631	-3.76414911542428	0.00026607824335302	0.00327541921027711	0.117898086560358
4046	0.592568775144677	7.95832188381719	2.74039329305775	0.00712781310978821	0.0367513959343637	-2.86546306119663
404672	-0.069754322651279	10.4901147574327	-0.98380723521632	0.327298700489572	0.523472927912399	-5.96486534428878
4047	0.0666514258466688	10.2136340666632	0.275165443014168	0.78368843704852	0.877612051250105	-6.4015485659658
4048	-0.145911200942694	10.7455465482324	-1.43073986173513	0.155246811834633	0.319864970255442	-5.44129240415727
4053	0.773981060462366	7.99940263658552	3.01843993749977	0.0031366763088745	0.0203048168583882	-2.13298599696664
4054	0.405632148090691	8.72738711981693	2.71603977750973	0.00763863758905937	0.0386849457300003	-2.92669604486478
4055	0.0486321890066539	9.78588945831236	0.43782467427836	0.662343802973967	0.799300652193429	-6.34458484586914
4056	0.739965211832959	6.27921620046928	6.06060001215478	1.80504095521162e-08	2.57062729138758e-06	9.15418492452238
4059	-0.199050267704408	10.0217368846936	-1.45535975834579	0.148324556601098	0.310639157587492	-5.40699377891873
406	0.0877360948711085	8.05862202633978	0.547031517518079	0.585428906999009	0.746126025584295	-6.29181060379076
4060	0.43348237111166	12.4050740944356	1.93625085257842	0.0553185067742006	0.158285615547683	-4.62558549478824
4061	-0.519562103973968	11.8393714462634	-3.27296315334162	0.001409904009617	0.0111336588139927	-1.41021227368785
4066	0.985615325850868	8.17580905491972	5.29984555239592	5.75010066640118e-07	3.34281402175329e-05	5.86911482025661
4067	-0.160940313585717	11.075537830657	-0.955942787243366	0.341128804467965	0.537268899788998	-5.99122181519445
4070	0.282897227050191	10.6143034623551	0.851012410505636	0.396550767577929	0.591280714835313	-6.08377962512653
4071	0.876570573516148	10.1832592060067	2.77669362103267	0.00642391037045569	0.0341231509067293	-2.77330723140142
4072	-2.16440981971177	8.58082470016444	-5.06781028240185	1.57287827938606e-06	6.91062478070685e-05	4.9178980067343
4074	0.103859972707688	9.58283663347773	1.02737717459912	0.306423107613725	0.501695712366575	-5.92216268483364
4076	-0.0325518071782047	10.0582223398008	-0.387654671260134	0.698996198749879	0.825287107157519	-6.36491968228767
408	-0.059570593067029	9.11704056567896	-0.693058247965757	0.489685950784596	0.671114311179818	-6.20307018312967
4082	0.565454716766285	11.4267610005694	3.58751079766329	0.000493615281086122	0.00514805836082244	-0.451163629714198
4085	-0.17306989146991	9.22187277571577	-1.05588223724723	0.293259931705593	0.486984522267475	-5.8932428206958
4087	-0.0958564127513157	8.61340282672107	-1.29837417748071	0.196785578106422	0.373752328157977	-5.6159987236589
4088	0.389116106195399	8.05314142567744	2.37031919344356	0.0194558043891716	0.0749906412760418	-3.74355704444042
4089	0.270949237007755	9.55718685741696	3.68280069684981	0.000354562235969609	0.00400093452064067	-0.14682990332902
4090	0.328577763870308	9.13209758200957	3.19211696336576	0.00182653094625355	0.013497424949499	-1.64507470838064
4091	0.388273769142756	8.38720723559448	2.77029423757767	0.0065432066336628	0.0345347519450829	-2.78963004557809
4092	0.570401299188643	9.62191995083609	3.2554271451036	0.00149191582227044	0.0115928736518851	-1.46156737797599
4094	1.23442563135591	8.09868691331068	4.25923396310502	4.24454119486324e-05	0.000805974948725755	1.82242162482811
4097	-0.194683944969507	9.13207879158116	-1.87680208042039	0.0631081019439118	0.172679402581875	-4.73352008777282
4107	-0.0907268149445739	11.2231536823155	-0.611947558562949	0.54179396063128	0.713068533271889	-6.25492388117963
4109	2.30169494181096	7.82363426053895	4.90939930097854	3.08078479484806e-06	0.000113603939310022	4.2837031928855
411	0.332484216338033	7.60285646555658	2.74238243082771	0.00708749453421414	0.0366183849733243	-2.86044060967264
4110	-0.334553082055297	6.67100092951266	-2.49065765175472	0.0141950787714899	0.0596395476360664	-3.47045959412051
4116	0.101616733444688	10.3321764033068	0.825938268315252	0.410568459849588	0.603004174672403	-6.10432722889445
412	0.442351076857912	9.1292702651604	2.56007403481529	0.0117761775065404	0.0522682569607864	-3.30743021175292
4121	0.590661566972008	8.26694307361453	3.16840784221366	0.00196891761466697	0.0143162495573497	-1.71302625349776
4122	0.147913959697179	8.58198191885493	1.00697068799896	0.316086584031421	0.511434903839283	-5.94238915247263
4123	-0.0978258312025959	8.47259802201848	-0.941743649293753	0.348320083320692	0.544806644239522	-6.00436603334521
4124	-0.378835062449619	9.91479113371018	-3.49568032934358	0.000675191593698611	0.00653054164397017	-0.738462376341124
4125	0.374634605811572	9.23814152604007	3.36933051394428	0.00102948451331834	0.00877342294115699	-1.12396301231719
4126	0.226563087590916	9.6490432482184	1.2642194174428	0.208736228884195	0.387715383853088	-5.65841255088074
4128	0.0385058112169048	12.8284633957909	0.192879207348732	0.847397601517591	0.915207137622293	-6.42047865623051
4131	-0.323751256208362	7.01736258930806	-2.13476268265666	0.0349271337342476	0.113940807521677	-4.24251776651169
4134	-0.0119928520229093	7.95493845145635	-0.117340298368005	0.906797374295532	0.949682555050221	-6.43199989593334
414	-0.273367641628759	8.95778807462368	-1.58507836724061	0.115725362022531	0.262463341654615	-5.21700676946725
4140	0.0919113601668587	8.59392427962028	1.20064227801786	0.232384849013792	0.415835973321906	-5.73443497168335
4141	-0.217011554808917	9.89035044515279	-1.11399272216081	0.267631157387788	0.45660280874114	-5.83188631574171
414328	0.0867477546580625	7.52653023453568	0.727640520401585	0.468329075733934	0.652784030638255	-6.17901866014364
4144	-0.0118273735227605	10.9282124912675	-0.0976453066225181	0.922385832822487	0.958956196238357	-6.43408188636403
4149	-0.0753183293371202	8.82346528382429	-0.650054616265565	0.516967926773514	0.695238533889487	-6.23135888680954
4150	0.82280671270573	7.12727580980062	3.95303118869526	0.000134436781812499	0.00192786079474175	0.749625421136554
4152	-0.211363439312385	8.23824360748446	-1.89455699276221	0.0606908147296943	0.168449640345186	-4.70161466672842
4154	0.282969222648191	8.90448683818526	1.85868780252749	0.0656568918240722	0.177801602889572	-4.76578068622752
4157	-0.205042144256274	9.22763389150372	-1.22692537461241	0.222384601651853	0.403536205985129	-5.70346965680883
4162	0.289398985994026	8.67065098118793	1.12617316778687	0.262463082877868	0.450809953123558	-5.81861794414614
4170	0.216528501306317	11.7518041051511	2.2769751439595	0.0246579367203438	0.0884157417349377	-3.94696961280983
4171	-0.158363274058052	10.1800751591444	-1.3824602164798	0.169539346798849	0.336973251348798	-5.50691325620152
4172	0.0327319206830083	11.4689746666105	0.330819379174252	0.741389658134988	0.851484785344132	-6.38497734386831
4173	-0.36694097981271	9.74078246754179	-3.72893218317596	0.000301447721060946	0.00354975830859966	0.00274229250483593
4174	-0.136903512335066	10.1980442674612	-1.18703498972965	0.237687438309283	0.42239635121228	-5.75020966709463
4175	-0.000553203950858412	10.3574354489152	-0.00458045314078271	0.996353365106296	0.997802957781039	-6.43876016942251
4176	-0.247149631904172	12.1104287218072	-1.96805089423964	0.0514960418911114	0.150249843172229	-4.56655852536689
4189	-0.169961111906375	12.3882497788978	-1.23573046850902	0.21910525152014	0.400240579039688	-5.69295003484894
4190	-0.0176735048296084	12.8829213289198	-0.187828635380787	0.851345712182386	0.917312233580291	-6.42142391278729
4191	-0.0822687453899797	12.3631662817951	-0.972517829210695	0.332856966793573	0.528933925685824	-5.97563349431679
4192	0.0547172766296559	10.8333598872331	0.321000939111016	0.748798827493045	0.855699452003407	-6.38812157058394
4193	-0.364304719387573	7.29538728682382	-2.17956469328084	0.031351414124296	0.105785408769071	-4.15129423542552
4194	-0.148810755596496	7.42092744376069	-0.979481189798365	0.329421344605094	0.525801025398661	-5.96900608255846
4201	0.0243423776744308	10.4284662604697	0.30051501489177	0.76433301698114	0.866422008549456	-6.39437745509748
4204	0.173790924035544	7.62051904685833	1.49997559695088	0.136391810651118	0.29399696137219	-5.34340433408029
4208	0.874492432251066	6.82913390959713	4.42706317458222	2.20464910281562e-05	0.000497551955990629	2.43476374124765
4209	0.235258940357334	8.56095146080667	1.77013671922351	0.0793841226621824	0.202712410851905	-4.91924372111815
4211	0.454795343678803	8.32464737583351	2.76002740569862	0.00673882236896064	0.0351723748792112	-2.81574901271626
4212	0.358106630880793	8.30603167723247	2.66922924220648	0.00871486771892114	0.0424939830922601	-3.04304832250009
4215	-0.0736400001972773	7.97717281114656	-0.563344722501648	0.574309234112378	0.738218841233776	-6.2829275277655
4216	-0.19990951464921	9.98135371472235	-1.98841068313128	0.0491682520935079	0.145514067464126	-4.52829616065632
4217	0.0877083856470473	7.51686320931998	0.377690187810133	0.70636473117543	0.829972439914702	-6.36866508182048
4218	-0.0363826958437913	10.2583175900428	-0.483789925803129	0.629465224230919	0.776831436097977	-6.32379239744262
4221	-0.418806064608688	8.24601499440754	-4.143085962684	6.61602149748542e-05	0.00114807431868129	1.40859317969028
4232	0.407495938105297	11.2717324830469	1.79516428160738	0.0752835070984687	0.195240743683941	-4.87658572575081
4234	-0.330995153949597	9.48255843311799	-3.06870253643322	0.00268815635505872	0.0180963092850734	-1.99414341155157
4236	-0.0295996663964269	10.0903449495428	-0.335504476533071	0.737862695230627	0.849323559448854	-6.38344368478963
4237	0.173503656962715	10.2784845136674	0.955882272497238	0.341159246899914	0.537268899788998	-5.99127824461409
4239	0.45525091442191	10.8240572397387	1.63913228995557	0.103949269692884	0.2444124587712	-5.13326431601426
4242	1.1246156420142	7.43862488160285	6.63263859999534	1.16238129759381e-09	4.17446500788036e-07	11.7668843326053
4245	-0.43156333844904	11.8353689284042	-2.68129213267265	0.00842512353003581	0.0416220008897924	-3.0132345499508
4247	0.290553002858176	8.94390437529283	2.88304294166983	0.00471083342527118	0.0272298699039468	-2.49727319265488
4255	0.124123573319441	9.3041178542956	0.908628655715151	0.365467702767146	0.560171316544188	-6.03426825831837
4256	0.788892260184499	11.0565285007795	2.67919313652286	0.00847490442525308	0.0417517109932699	-3.01843076266978
4257	-1.65818399179818	8.62091463271669	-4.17433470343178	5.87586417257962e-05	0.00104600513072215	1.51911494779764
4258	-0.0113191819575736	11.4855544315411	-0.108308786993466	0.913941614300062	0.953607589602313	-6.4330019779244
4259	0.0672162357793597	13.8757789035246	0.755394840804448	0.451573779410465	0.639073966853792	-6.15887709440253
4267	0.364586816716223	11.1623959401939	2.79890924939843	0.00602499845675503	0.0325058701847136	-2.71638818256824
427	-0.234110499913824	9.8756371115027	-1.23258222021001	0.220273713778683	0.401469743118254	-5.69671971662258
4281	-0.635095842713698	9.23879543702982	-4.56684800568257	1.26233830974044e-05	0.000340354012094871	2.95733599220388
4282	-0.280760463666135	14.1689968456418	-2.6760289759464	0.00855045111164943	0.0420208482041869	-3.02625711085408
4285	-0.350298935129694	7.69822050938229	-2.7941388708903	0.00610870001634584	0.0328501706608181	-2.72864366071076
4286	-0.0628704423133744	6.96490934492727	-0.346534077840831	0.729581724659556	0.844285777758198	-6.37974818847248
4287	-0.1412774333019	8.10256806427883	-1.2588594137078	0.210659068056059	0.389445815161829	-5.66496898115544
4289	0.295731390314673	8.81228682219913	2.93021525414887	0.00409458053796841	0.0247050659193711	-2.37197755688469
4292	-0.0452093209911672	10.8678751924437	-0.604657251283394	0.546611266920721	0.716554366729908	-6.25927106789299
4294	-0.0710217242018787	7.46736616661088	-0.622552074004862	0.534825217720545	0.708311854831422	-6.24850806546186
4296	0.277117213522943	7.96898664445499	2.11565601595654	0.0365562830350684	0.117721207746458	-4.28089112140664
4298	0.356063110097189	9.85731006544188	2.35803702779209	0.020079578521518	0.0765730926074509	-3.77074479894513
4299	-0.0482058855239158	10.4318245208462	-0.256937042589909	0.797691646610379	0.886443293555997	-6.40631535226945
430	-0.582036553412589	10.2485919904089	-1.83771563034018	0.068714630379401	0.183209440585491	-4.80276372585645
4303	0.145207744131871	11.817657230291	1.31500920598562	0.191152240921615	0.365574788148308	-5.59494395922467
4311	-0.0337786034865899	10.5736656335369	-0.226595156701165	0.821145348158901	0.903030299000468	-6.41352638518641
4313	-0.989601109841174	9.04099707433475	-2.7941569974722	0.00610837996696574	0.0328501706608181	-2.72859712643827
4320	0.519405901849773	11.4147407451917	1.93389267993135	0.0556112707384661	0.158756139519271	-4.62992694402806
4321	-2.6630722029467	10.6494068742252	-4.04822274757644	9.45088169979251e-05	0.00149156704121237	1.07681305646679
4324	-0.470220914501966	10.0587683218714	-2.38010777928275	0.0189710180375556	0.073615646748564	-3.72179771411138
4329	-0.313894730560528	8.95854587721873	-3.24458816404908	0.00154481187718188	0.0118943152114739	-1.49319608143493
4331	0.0839336348337421	8.90386621345653	0.809669209106975	0.419821184999413	0.611128329867463	-6.11733461177588
4335	-0.047737929043691	10.011733460662	-0.519503110721679	0.604419581944053	0.759316463400437	-6.3062119352383
4337	0.362922433582942	8.97538938220838	2.53976252980668	0.0124424769040513	0.0544070191781175	-3.35554621058273
4338	0.29642636550527	8.44667623709857	1.69279146901078	0.0932329714781587	0.226434679332429	-5.04748972016786
4343	0.244004284917482	8.52966795003501	2.27445721196769	0.0248137604365005	0.0888433728675743	-3.95235375118321
4345	0.542792594360798	9.98688220387938	2.13257857941704	0.0351101274150738	0.114312042746752	-4.24692035618328
435	-0.282915399393031	7.70981599417008	-1.88456483767067	0.0620414773440462	0.170934824170054	-4.71960514303432
4351	0.189538224027175	7.73314640185951	1.55883801178385	0.121813293894944	0.272087022058474	-5.25669187712691
4354	0.469428107761231	11.5334672440153	2.81872333879573	0.00568842642764207	0.0310581539767981	-2.66529025310441
4357	0.103870123748834	9.30666402588972	0.960485090395914	0.338848793459141	0.535058503913689	-5.98697613102665
4358	-0.103283053408435	9.68832003962594	-1.02593398845432	0.307099939277516	0.502505051194985	-5.92360622516189
4361	-0.125672007874025	8.1513435762953	-1.17966857404977	0.240593905748815	0.425358259394681	-5.75867629352274
439	-0.434357413331	8.06200886876113	-2.85268641426111	0.00515123625849486	0.0290165714551245	-2.57697878359748
439921	0.406851299380664	8.57213927046755	2.09317457186146	0.0385568136533691	0.122350857002239	-4.32563464823769
4436	-0.0251727289583089	8.71371421687806	-0.176576926520506	0.8601547905991	0.922089902512773	-6.42343964380638
4437	-0.0619586788183586	10.6476705547896	-1.08397105800284	0.280670349809684	0.471878096769385	-5.86398669906679
444	-0.249287743938981	8.56235633550019	-2.23065433801455	0.0276661464723079	0.0964229408697314	-4.04514859266686
445	-0.0905210248890738	10.5623895094673	-0.702732101736851	0.483658708712793	0.666614539290451	-6.19645904562325
4478	0.650651585161973	9.55164475061982	4.49536309401087	1.68111744878979e-05	0.000416552754285312	2.68869760086313
4482	0.685862014324727	7.61077134905094	3.68908450159081	0.000346838162688317	0.00393426962995046	-0.12654127835775
4485	-0.387503465764479	9.53571388026746	-2.64253919705345	0.00938825784556894	0.0445928751031624	-3.10859316887038
4488	0.0788669697640531	9.30502006816941	0.475251660103399	0.635519120097856	0.780578131153649	-6.32781092533625
4494	-1.52817761942373	10.4632031876219	-5.16333465773918	1.04255779082277e-06	5.21910748617947e-05	5.30636452993824
4495	-1.32842314726089	11.4675726751022	-4.00641057013818	0.000110405565938131	0.00166179558835518	0.932383158762611
4501	-1.19663034573094	10.9001279968281	-5.05247268086211	1.67955875199415e-06	7.22560171430817e-05	4.85594265450053
4507	-0.167882694745688	8.87897406799444	-1.77610323659109	0.078390202927349	0.200776147652683	-4.9091254942907
4520	-0.59436347249835	8.90731998057636	-4.19269392370814	5.47877543290297e-05	0.000994899289382898	1.58432995108636
4521	-0.283194397511377	9.44443770709126	-2.14658006840389	0.0339512663120555	0.112130131842294	-4.21862501079373
4522	-0.413602760679199	8.98823931552824	-1.80836294133914	0.0731925366114679	0.19211005796337	-4.8538618314575
4528	-0.205645183095419	9.27716525475418	-1.70778342443014	0.0904049748932049	0.221852392000775	-5.02305591477973
4534	-0.071741884213622	8.29995452679064	-0.506650835369141	0.613380729205495	0.765798794322459	-6.31268220261782
4542	0.357108716266697	6.83251258589804	3.21593149493456	0.00169320978154626	0.012784198167799	-1.57639750511329
4548	-0.389145049516269	9.93671653534797	-3.45091593747038	0.000784985709931444	0.00725277624612274	-0.876349687388762
4552	0.0675426472004244	8.77956089709502	0.585259898137665	0.559532476481061	0.726340627557164	-6.27058554450515
4585	0.0218710018834752	7.15928014899142	0.0818260751111784	0.934928859113615	0.966522199784538	-6.43547795887411
4591	0.0754221412893993	8.35019641943242	0.751026512487314	0.454187943529451	0.640859653835543	-6.16209672092798
4594	-0.0680088585760135	9.56526639998431	-0.828861095661706	0.408919257250283	0.601330437045992	-6.10196329291691
4595	-0.110738359568144	9.73702947470293	-1.09056615986049	0.277769099378687	0.468909209251574	-5.85700850054693
4598	0.022555695210448	8.40370716327717	0.186750460084255	0.852189031366434	0.917861702840884	-6.4216224558774
4599	-0.257048934275451	9.71285578340138	-0.913935521720725	0.362684325627747	0.55745674166081	-6.02954718305477
4600	0.14135613890688	6.623256833736	0.648279495265598	0.51811098810477	0.695756261054365	-6.23248797260137
4601	0.113003945901248	7.50429019537952	0.545819190201093	0.586259302282821	0.746608362142477	-6.29246039315786
4608	0.421364249991631	6.86186601563423	2.23889629245439	0.0271085193329287	0.0949078625779724	-4.02781411407862
4609	0.336246103476482	9.48253603787347	2.45691910014375	0.0155239664148405	0.0639540960531583	-3.54825066355055
4613	-0.965816093138352	10.3017000430721	-4.23849605258612	4.59725881794388e-05	0.000864996761645022	1.74792827736037
4615	0.190258338861477	8.5177546446726	1.48076378429031	0.141434747784979	0.300785534681753	-5.37101254304029
4616	0.74148570247042	8.08545170104503	4.55320016198023	1.33359365546379e-05	0.000356488142204885	2.90582388474386
4624	-0.819132864614742	7.21935909689276	-4.00580824816096	0.000110652248619291	0.00166179558835518	0.930310740991548
4627	0.120829293858248	11.398890653365	0.905781324941256	0.366966642971045	0.561531024627793	-6.03679012519298
4628	0.110350367744872	11.2769913141731	1.05025688472344	0.295826707118177	0.49027459887563	-5.89901148830295
463	0.0140030441368602	10.3772023446288	0.120561712302364	0.904250940424107	0.948217946921813	-6.43162306338787
4635	-0.271295377547655	7.61332541932987	-1.16311390500819	0.247217999688867	0.432552229477183	-5.77751588677742
4636	0.163520135766459	7.4296073773356	1.44376372197491	0.151554612026751	0.315166438907593	-5.42321873243375
4637	0.0319947616955297	14.0701929918967	0.480966329365224	0.631464478182923	0.777563594184696	-6.32512920667645
4638	0.877567119731203	9.46243452147136	4.10008044534881	7.7821095352776e-05	0.00129076756548982	1.25748298481527
4641	-0.122706544645804	10.1679231490727	-0.851731840873644	0.396152936984848	0.591080791093721	-6.08318111870688
4642	0.149482044727985	7.59345202928306	1.05490914121088	0.293702856284962	0.487512786218391	-5.89424286846172
4643	-0.0301756489878111	7.16819343369812	-0.188180634488813	0.851070425365202	0.917312233580291	-6.42135884576549
4644	0.58929612568197	6.6252733843333	3.558615909735	0.000545071930450211	0.00558597288525899	-0.542202072750632
4646	-0.707534672836678	8.38597482630799	-6.49079538144338	2.31724261312585e-09	6.35956741424834e-07	11.109119602495
4647	-0.077539019842084	8.67113680356104	-0.562858097368958	0.574639464757331	0.738463767595573	-6.28319626681836
4649	0.165367368207077	9.21939369546268	1.04341415043934	0.298969443433686	0.493798760800289	-5.90598782746278
4651	0.0809352163486884	9.73398416171397	0.582115552254281	0.56164108726906	0.728257724550452	-6.2723851128449
4659	0.197232546472292	9.14692045554433	1.84984249843129	0.066932391759802	0.179675513791344	-4.78142690453642
466	0.0840367652213409	8.81445560049555	0.66361664120365	0.508278751097565	0.687921101764032	-6.22263149420464
4660	0.0569798686077583	8.23911509856381	0.436977564277407	0.662956224604858	0.799577223348268	-6.34494864407409
4664	0.455790818231048	8.35549774279217	3.3476989081678	0.00110538827416135	0.00923205980239918	-1.18880815423751
4665	0.0943460159328221	8.31033393384869	0.719543132624541	0.473282416067526	0.656696246718926	-6.18475431126434
4666	-0.101422120375456	13.2735662899991	-1.50141345514319	0.136020113985487	0.293732324580424	-5.34132432146884
4668	0.270381485197277	8.05234303374431	2.19357666656281	0.0303004577658228	0.102940020932933	-4.12240672369698
4669	0.0178260723503847	9.8613900526011	0.167680756311894	0.867132254765469	0.925748019175749	-6.42494531394026
467	0.369388204537413	11.472786293941	2.02844336632489	0.0448513858086023	0.136301689820909	-4.45199422295295
4670	-0.00667241195330026	12.3413139269049	-0.0741582449882164	0.941014752636731	0.96977939573043	-6.43606610970027
4673	-0.012041673276768	10.9397138484453	-0.109757623801064	0.912795043858091	0.953063716630998	-6.43284662448856
4676	-0.0294589122443569	9.9866373209173	-0.378537251520533	0.705737247285908	0.829806809736421	-6.36835047483921
4677	-0.0367406659759937	11.7481890038562	-0.490448918232622	0.624761211346455	0.774156556513909	-6.32060889506694
4678	-0.0944170808068429	10.1202400626304	-0.658283115070667	0.511686651605054	0.691233509216754	-6.22608504011254
4682	0.0884532503751892	8.94057752908415	1.03343399941305	0.303593480863694	0.499041224265495	-5.91608266413507
4683	0.111090016398071	8.69965279889429	1.38842369797857	0.167721628442501	0.3353620554188	-5.49892549673156
4686	-0.128777681986102	9.2498791161379	-1.48708072852231	0.139760824416538	0.298380423952329	-5.36197255101424
4688	0.934117333739676	7.53313037364853	4.05653610747644	9.16206225197984e-05	0.0014581625086966	1.10566206383466
4690	0.0655481885379633	9.75222729209418	0.600455256661822	0.54939760344552	0.7182691048528	-6.26175319033831
4691	-0.0133023646092492	11.9160608629372	-0.158989684590844	0.873959004302556	0.92941483414857	-6.42634116098604
4694	-0.0550101351694416	13.3390459761967	-0.77660641600093	0.439003282487196	0.628125257811232	-6.14298066072122
4695	-0.189212329590749	12.2121676338114	-2.79998439816388	0.0060062789328983	0.0324472622535905	-2.71362353572036
4696	-0.277776765037466	11.9237049122163	-2.77634751327274	0.00643031139144205	0.0341352005741075	-2.77419088136765
4697	-0.079331228754323	13.1977153062411	-0.938700251740876	0.349874054436563	0.546634460033021	-6.00715813255992
4698	0.291300768776748	9.4252436067556	1.04868873909257	0.296544939669584	0.490972379569206	-5.9006142008935
47	0.0297597011084145	10.1326646845195	0.312735336526801	0.755054499972224	0.859826370255971	-6.39069521955501
4700	0.0161157571626462	12.1663081613402	0.158867540941357	0.874055015940205	0.92941483414857	-6.42636024911106
4701	-0.12216823848493	10.7752642301916	-1.26092779492761	0.209915527438838	0.388854509227362	-5.66244211617615
4702	0.160887102930156	11.7075258749059	1.94176982443643	0.0546384178254797	0.156923967746336	-4.615405619215
4704	0.390384958492431	9.85982237083501	3.30846934959478	0.0012565833007975	0.0101596116363249	-1.30553619956753
4705	0.0428686513987153	9.68324684038517	0.468564906552186	0.640277558029924	0.784090827179714	-6.33090828129921
4706	-0.0458467390449712	12.4885646435661	-0.635375854094233	0.526459712720947	0.702330804681197	-6.24060337435441
4708	0.0387483487626878	12.6201715740714	0.419780932824369	0.675437471040072	0.807641353446616	-6.35218205103975
4709	-0.0329541530103896	11.6844497781994	-0.339768137996418	0.734657841451189	0.847659221727216	-6.38202927593885
471	-0.332104282942461	11.6974000161006	-3.54396454399587	0.00057305900890582	0.00578543039811084	-0.588140438570638
4711	0.0618093415142658	11.459642846599	0.793997593532912	0.428850496725909	0.619067651687524	-6.12962249311636
4712	0.0637498124622008	10.1395893108752	0.745677700394023	0.457400605825851	0.643195267981193	-6.16601382846859
4713	0.0220209335961223	11.0019294399652	0.194018491890424	0.846507537461432	0.914484993386271	-6.42026196514842
4714	0.0150431698437128	12.1683088555882	0.169365587297904	0.865809981502414	0.92529311000258	-6.42466612773629
4715	0.0868097788321913	12.3537522972447	0.964305526838916	0.336938813668499	0.533061597567861	-5.98338984951149
4716	0.0402278073753411	11.7163829533638	0.516618712146199	0.606425521386126	0.760448581546895	-6.30767807665419
4717	-0.178260287452715	11.0671430763652	-1.76917893147685	0.0795446367253572	0.202852330766116	-4.92086497393174
4718	0.0477059272873753	9.59297426127417	0.523656468333876	0.601536464959266	0.757884563844346	-6.30408651138947
4719	-0.119630416792899	8.95147939879004	-0.87656095807639	0.382572980862512	0.57834056038147	-6.06221956910892
472	0.0385521653722171	8.47068851761679	0.374101842913319	0.709025127479867	0.831659692272607	-6.36999002810095
4720	-0.054580600159599	9.47252282967174	-0.553709576785738	0.580864657920581	0.742715491396904	-6.28820556132688
4722	-0.0370398646468476	11.2193781591969	-0.510646618893567	0.610588337299757	0.764156493646295	-6.31068787082436
4723	-0.101187468022479	11.24845765198	-1.00744189675226	0.315861181478448	0.511170328960028	-5.94192659355187
4724	0.179811416698915	11.5621871467601	2.748236053185	0.0069700459716544	0.03612302257638	-2.8456421254387
4728	0.0841399046377264	11.8389428661739	0.963742548567546	0.337219826199917	0.533404014632577	-5.98391920232576
473	0.309044502550954	7.95407951071473	2.88057631408309	0.00474528592396889	0.0273906790579895	-2.50377680397416
4731	-0.163865429974579	9.1377601803893	-1.32961562819403	0.186305787659684	0.359804456183757	-5.57624259498807
4733	-0.0555180962365234	10.8273620378085	-0.558437410805923	0.577643566616857	0.739971442347276	-6.28562701622189
4734	-0.00308512542717213	8.6373716989187	-0.0239178060431639	0.98096008782268	0.989816925763626	-6.43848916689196
4735	0.199128397073223	11.812023614324	2.28312626063706	0.0242808781590327	0.0875425812281144	-3.93379376541819
4738	-0.0189396592028292	13.3472085991059	-0.256375663782272	0.798123976986931	0.886565902355036	-6.4064569770988
475	0.186906976292955	10.9760846406102	1.86522041391944	0.06472797223034	0.176046444064079	-4.7541803126084
4750	-0.13435351928381	8.29720391217173	-1.47231650713823	0.143697530243137	0.304124600084344	-5.38304337882044
4751	-0.14755324100869	8.28887373868961	-1.0878460637886	0.278963179856234	0.469868651226039	-5.8598916222152
4752	0.198909291680711	8.53837106516528	1.75063226325398	0.0827059072741051	0.208087357320776	-4.95209543230026
4758	-0.309291414227773	11.0122307713732	-2.16111977890995	0.0327830716559904	0.109630838817199	-4.18906171486013
476	-0.145049693653617	10.8625419664887	-1.16582497917868	0.246124432929587	0.431815593882411	-5.7744484094971
4763	-0.160201683406788	7.3688087322848	-1.6018951422829	0.111952890572103	0.256517635230281	-5.19124075400959
4774	0.908613256348856	7.0286319697683	4.56835701283895	1.25468958363388e-05	0.000340354012094871	2.96303800270605
4775	-0.00993414786030965	7.80787570987251	-0.119591611050673	0.905017673452309	0.948660657705086	-6.43173761689252
4778	-0.152293870872187	7.86249105851847	-0.754919882075367	0.451857593255014	0.639073966853792	-6.15922805282693
4779	-0.0375025207818043	9.71875549455911	-0.389839696425014	0.697384221463199	0.824225686531576	-6.36408538341064
4780	0.444215047349012	10.7371338967035	3.75071344412776	0.000279080030046512	0.00339000154144733	0.0738659730643967
4782	0.254924529631821	6.82211767850051	1.3958801268396	0.165469758193517	0.332388181585226	-5.48889130287143
4783	0.0845126769671099	11.0242081443527	0.653414596545221	0.514807949158284	0.693802196124559	-6.22921334499
4784	0.57770907266958	7.51624916188444	2.99936135044815	0.00332432227252843	0.0211222322854499	-2.18517893550497
4790	0.2416112574041	9.96445625622196	2.74819034487178	0.00697095617272999	0.03612302257638	-2.84575778678734
4791	-0.158042550405476	6.908213121623	-1.16319181138144	0.247186526536874	0.432552229477183	-5.77742783593741
4792	-0.0568278154520499	12.2551554228256	-0.430569539823754	0.667596303864462	0.802881451765874	-6.34767787568671
4793	-0.174305139926377	8.09940595424475	-1.8060377497656	0.0735573675289248	0.192456083556832	-4.85787646209116
4794	0.379423324935424	7.23753147570197	3.13928922104604	0.00215790950852075	0.015352568940897	-1.7959035221775
4798	-0.0957924963165428	7.06328328128805	-1.01713151338147	0.311249868196476	0.506386431219794	-5.93236774664875
4799	-0.0644756592814861	8.66396004914232	-0.786377005335812	0.433282188112838	0.624047231702187	-6.13551187884925
48	0.104728222219033	10.6931229375881	1.25530610903	0.211940911981839	0.391027905510383	-5.66930051001613
480	0.0386386115666708	6.65945822708309	0.167727889270404	0.8670952591785	0.925748019175749	-6.42493754166762
4800	-0.0952970748582761	7.6415232451972	-0.867518347071837	0.387484898164347	0.582673449633626	-6.06992243044382
4802	-0.0417035635145025	9.75275597512927	-0.52310362331356	0.60191986791924	0.758251961112234	-6.30437039394176
4809	-0.105259851578044	10.9917590210611	-1.28805798320671	0.200340432108228	0.378069903864283	-5.62892518525187
481	0.368540708423421	10.4898037202523	2.45028096557108	0.0157981241599575	0.0645615035350268	-3.56344429763721
4811	-0.002569815056076	8.52891352074795	-0.0126992485798789	0.989889989203935	0.994746359797387	-6.43869117934453
4814	0.832533183613664	11.0262856822586	6.18049607323518	1.02508110861045e-08	1.76399374106716e-06	9.69264552197722
4817	-0.103587273118431	8.6169635564599	-1.14326936652463	0.255327726867263	0.442789633408271	-5.79975692867237
4820	-0.131683716955727	9.59097633195883	-1.18769166395682	0.237429568232297	0.42212016796669	-5.7494524207649
4824	0.105941069760519	6.82572801520529	0.73359397746194	0.464705852472022	0.649817223873185	-6.17476107343367
4826	1.53149255849664	8.9770508466168	7.81571337487786	3.00450234327368e-12	3.10214866943008e-09	17.4560779144349
4828	-0.491003686555505	7.8497367968444	-2.60271705214736	0.010480602325796	0.0480472585653768	-3.20530712543238
483	-0.405096192282111	11.6412053992399	-2.56103257430827	0.0117455409274928	0.0521883636692256	-3.30515110928078
4830	-0.483087153251612	11.6381129726766	-3.00762513969346	0.00324180749190446	0.0207866514716476	-2.16260631678586
4832	-0.281036065384257	9.57727264462083	-2.27683548713186	0.024666556914668	0.0884157417349377	-3.9472683855562
4833	0.361213947816498	9.75438227337768	2.70948057156918	0.00778179031538262	0.0392175643716049	-2.94310638614245
4835	0.224251018409469	8.98769254065145	1.52598520359859	0.129789891886214	0.284792609592784	-5.30548314867506
4837	1.40750052776964	7.53086017302128	3.8306000516113	0.000209799614258897	0.00271676201611341	0.337455370338342
4839	-0.518052726714794	8.95052816522784	-3.73372821105023	0.000296381159253175	0.00350946487652144	0.0183754882207232
4841	0.0757894282894639	11.6901380258873	1.16599471090381	0.246056082657529	0.431787389579603	-5.77425613270282
4843	-0.314797322411726	7.75247470330237	-1.12730384076631	0.261986912813581	0.450589213718966	-5.81737912860468
4846	-0.360070336357092	9.57474974651601	-1.80178956818977	0.0742278136972205	0.193413798466574	-4.86519871211762
4848	-0.0835650659138401	10.3465184909444	-1.13297666392089	0.259606998411389	0.447953584056419	-5.811145393734
4849	-0.109135633669465	7.6347213382506	-0.830878816171323	0.40778309471138	0.599980114413252	-6.10032658070788
4850	0.100579905418723	8.60151484660899	0.935866198604137	0.351325135218672	0.548157464470387	-6.00975017461373
4853	0.640585892353494	8.75386041721096	4.05939545307651	9.06469069291931e-05	0.00145105320006809	1.11559468303846
4860	0.18179370269363	12.7480022824322	1.37905157389923	0.170585030504052	0.338546937040718	-5.51146402825073
4862	0.42864098183237	7.3806453070901	2.62182150522957	0.0099430083831671	0.0463745055025185	-3.15907095264394
4863	-0.391846307130799	7.61641497270449	-2.21496977150273	0.0287550539247934	0.0990065633258831	-4.07797489996972
4864	0.363637194660285	10.0706464566633	2.84252247681649	0.0053069154740248	0.0296584044759438	-2.6035030877068
488	-0.0643755895871129	9.45548285307181	-0.657568007354894	0.512144492568914	0.691595843800819	-6.22654598190393
4891	-0.175149755934878	10.589058682776	-1.62684795359626	0.106537101978126	0.248165951026317	-5.15253084355702
4893	-0.237519006246192	8.68571356406492	-2.34673857060126	0.0206689422202308	0.0782977039393279	-3.79564220219212
4897	1.85557700619565	7.62801715122713	4.77250145972266	5.45270979009364e-06	0.000183086922220217	3.74605450210311
4898	-0.0859846541837138	11.0625275887628	-1.07866832987132	0.283018144347044	0.474690691183662	-5.86956739611631
490	0.5353656314037	8.85318021641345	3.15952652483785	0.00202486340164327	0.0146154226577682	-1.73837189201044
4905	-0.0924583503562582	10.9005379972717	-1.12136851809476	0.264493259532522	0.453279680600406	-5.82386857910615
4907	-0.222915856854501	11.2030538203959	-0.972710713444327	0.332761485933929	0.528883947241535	-5.97545054175436
4913	0.127888407768471	7.27700369537652	0.732268838522596	0.465510951166251	0.650722703779528	-6.17571171311612
4921	0.24788772524533	6.76359226703496	1.29090615640366	0.199354267434221	0.376811498628528	-5.62536634851343
492311	-0.0447645005986013	8.09988483309122	-0.22775286572153	0.820247335938482	0.902829542855768	-6.4132678347719
4924	0.0433185114957951	10.8967225982561	0.344607193390581	0.731026150231738	0.845578490535521	-6.3804023943314
4925	-0.369384716855025	13.2098585946776	-2.31866728565762	0.0221998491019844	0.082118564076306	-3.85703139532093
4926	0.20211826519018	8.89310964012519	2.08793910531165	0.0390360047568803	0.123633972121101	-4.33599111585062
4927	-0.14414931620659	9.89538454731349	-1.56118667098026	0.121258253266807	0.271140544662649	-5.25316566066802
4928	0.00464839539618393	8.7278917579488	0.0624716892023223	0.95029687146833	0.974166703696303	-6.43685129678225
493	-0.316542904804506	9.48211989885924	-2.2068099196706	0.029336203771827	0.100463119052774	-4.09496887015336
4931	-0.132725231862721	9.23721787670392	-1.14619250605199	0.254121518344932	0.441160937690025	-5.79650424952323
4935	0.060119577417123	7.41622675844639	0.392574513660654	0.69536859052656	0.822995717962853	-6.36303457026084
493753	0.274180162629651	9.07724117259507	3.88714678125647	0.000171015011191485	0.00233484957428374	0.526600232303651
4938	0.00692620913543212	7.60870962785288	0.0410898924874258	0.967296283704955	0.983610402979556	-6.43794020451042
493856	-0.0496905568862631	8.67604404364723	-0.534643091897236	0.593940417303059	0.752330600662976	-6.29838306754057
493861	0.468086179575652	6.32286251251179	3.54625276188949	0.000568600478281983	0.00575568621398184	-0.580975815289989
493869	-0.0556564264310239	10.7297591721724	-0.388318120382682	0.698506600968108	0.824944884757875	-6.36466685473755
493911	-0.0397816610624509	7.82432884441437	-0.328079595230042	0.743454739463983	0.852789355363491	-6.38586423360568
4940	-0.24535853917942	7.9733652755306	-1.45663667660327	0.147972154261801	0.310204042561466	-5.40519950255891
494115	-0.16338565685983	8.26453398375042	-1.47884098869016	0.141947355228229	0.301631725890386	-5.37375685605319
4942	-0.0937050732817696	10.566667117862	-0.922576913604619	0.358180900991673	0.553034465921169	-6.02180171064254
4943	-0.072542274453194	7.13138413931917	-0.497429606411714	0.61984652704029	0.77094157855959	-6.31722507813928
4946	0.166950127944993	14.807422370062	2.69068005172264	0.0082057019028004	0.040830781757308	-2.98995039079099
4947	0.57799267743036	9.0841248338206	4.21212635938249	5.08657624325499e-05	0.00094415999481542	1.6535829331802
4952	0.0718801333043021	9.28502248182621	0.560706846227893	0.57610042366092	0.73905564110709	-6.28438152979358
4953	-0.244205521776819	9.08957330255761	-1.21681129306459	0.226195238356158	0.408505198111042	-5.71546279760534
4957	-0.268442406237475	8.42547671867878	-3.40683404427413	0.000909347734313123	0.00804198317497473	-1.0107346351622
4967	0.208779905064822	9.46059141379931	1.35339491876774	0.178613475139637	0.349244905455183	-5.54536885949803
4968	0.167541897267591	7.71043431810876	1.67534926093462	0.0966132458853741	0.232051587965452	-5.07565939235411
4973	0.276651521707238	11.0991748500859	1.72012482425835	0.0881297904282158	0.217558896873001	-5.00278861154923
498	0.0203071256136901	13.3705637318398	0.201025696104418	0.841037576075046	0.911795560884615	-6.41890115713151
49854	-0.0275745692484112	8.46259659754205	-0.20104212168412	0.841024762965021	0.911795560884615	-6.41889791058972
49855	-0.0533002742878308	8.68044779230709	-0.522679794008989	0.602213872906316	0.758301770728246	-6.30458782564635
49856	0.206071690953706	7.8822581358301	2.53453806514407	0.0126192417851157	0.0548694304161181	-3.36786733519879
4999	-0.198488981245516	8.69343260068771	-2.48258161245173	0.0145035687129003	0.0606497296576843	-3.48916696725878
50	-0.245840810966528	10.4326694256174	-2.77538455647428	0.00644815120773115	0.0341859621154424	-2.77664890856625
5000	0.0806706645882758	7.81048232499119	0.907034221638393	0.366306594062063	0.560892243537639	-6.03568140152989
5001	-0.104641671231358	9.21853546930265	-1.15722559797486	0.249605032253699	0.435333101016797	-5.78415427268905
5002	0.454078309347119	9.16047868827395	1.48563908650595	0.140141477393293	0.298881642981822	-5.36403889913151
5007	-0.105270177343033	10.5116837605606	-0.89372940978929	0.373354126005955	0.568192762567989	-6.04737806614029
501	0.0296589001352734	11.2131144032058	0.245253687986333	0.806702027497949	0.892493804866469	-6.40919904202855
5010	0.194618499410507	8.58295364334782	0.8509717416313	0.396573263945234	0.591280714835313	-6.08381344335125
5016	-0.270484603915634	9.04108705177529	-2.22551276580454	0.028019064919761	0.0974063452176877	-4.05593275140379
5017	-0.168745796774493	8.36813741396213	-1.26773768747696	0.207481115145038	0.386163589702122	-5.65409424166244
5018	0.0103203729313156	10.0856832991289	0.100009233655951	0.920513082243906	0.957822275218902	-6.43385213305315
5019	0.20842548581786	6.72265490728849	1.21447846551845	0.227080829014054	0.409449388268083	-5.71821531553774
5025	0.209371254175749	9.21971628422837	1.89742700604763	0.0603074630462336	0.167780277791138	-4.69643083813772
5028	0.981920691647092	7.48381204649086	5.67534365159272	1.07259450515851e-07	9.97583613612341e-06	7.4606272370481
5029	-0.513560365845269	8.88678000680018	-3.81591150362379	0.000221167588368222	0.00284555183788397	0.288669740311878
5031	-0.433432701059654	10.3684477774077	-3.84260148050377	0.000200926232791542	0.00262188101557368	0.377422578187616
5033	-0.250080083758234	9.5661252962522	-1.28216422628706	0.202392564264198	0.380638110387585	-5.63626529691631
5034	-0.179325635108709	13.6388199762533	-2.19552413241036	0.0301568445093557	0.102677467290716	-4.11837833420604
5036	-0.122551685727281	10.7640278732609	-1.16078199047457	0.248161379125044	0.433667516848969	-5.78014878373122
5037	-0.0449525642358937	12.376125679113	-0.603810667519975	0.547172064472855	0.716734218138558	-6.25977252904265
5042	-0.369718585548846	9.06256483656416	-3.6077850173082	0.000460288366595711	0.00488686620575909	-0.386938562720481
5045	-0.0132413006361281	10.2416972984302	-0.0769033578125896	0.938835559274833	0.968629155115498	-6.43586219379547
5046	-0.305190901408302	8.36411105523925	-1.24706773250271	0.214934832135302	0.395061260437905	-5.67929742023218
5047	-2.55856457932865	10.5641483180789	-4.69531665376535	7.49155324714175e-06	0.000229186036375522	3.44731960261046
5048	0.356954807072659	10.3342025386979	3.71383029018719	0.000317943655154635	0.00369207274287536	-0.0463820999586915
50484	0.255253371110297	7.91287747501474	1.49445573075187	0.137826117745182	0.296315391091931	-5.35137162274368
50485	-0.0172195527573319	8.44812709263142	-0.210579462586782	0.833592278716965	0.908938883304889	-6.41696808202048
5049	-0.311720280103055	8.30410056432331	-2.30189506349722	0.0231614862552748	0.0846147175889296	-3.89339070224672
5050	-0.0734302992268698	8.63949728431534	-0.537749622927088	0.591800681265469	0.750771560014249	-6.29674902012396
50507	-0.0319938160664622	7.17503870059632	-0.172266550931362	0.863534168036254	0.9236540092669	-6.42417888435786
5051	-0.333968216206921	8.33461140321125	-2.9721957440804	0.00360942369850202	0.0224501805343575	-2.25900983844884
5052	-0.0347998615572561	13.5213049935334	-0.465141843429483	0.642719312289246	0.785346697171733	-6.33247695344447
5054	0.0267494605532311	10.3480106939457	0.122001475368067	0.903113170585679	0.947145097643183	-6.43145134472623
5055	0.439562988891981	13.0963964078376	1.44015604249522	0.15257051932873	0.316800525302994	-5.42824103576843
5058	-0.104636296612843	9.29028159805543	-0.922439353638235	0.358252309443861	0.553034465921169	-6.02192557097848
506	0.028933375295557	13.3428758534468	0.256727226696185	0.797853223172846	0.886465863490932	-6.40636832090166
50619	0.202410602311119	8.45584388981127	2.04957202683086	0.0427065462462491	0.13172370126737	-4.41115395105535
5062	0.280217946998165	9.66550370961227	2.82686026793062	0.00555525507853373	0.0305909379657924	-2.64421576563385
50626	0.124692792712684	7.24983526102623	1.09495939197944	0.275847994107087	0.466898115198094	-5.85233708375357
50628	-0.376971654081135	8.6603339601173	-2.63296191453691	0.00964113247421865	0.0454282682470314	-3.1319713718488
5064	0.685523856208708	9.19538778150233	4.09389302320942	7.96528448910741e-05	0.00131323852055943	1.23583724075349
50640	-0.0525780691210347	10.3867326061587	-0.540934151146216	0.589610952203892	0.748568469905341	-6.29506417051824
50650	-0.0129639057853802	9.11085945650078	-0.13804140351985	0.89045181599607	0.940335192760906	-6.42940046537142
5066	-0.254507172820832	12.3758223107107	-1.34743140527935	0.180519734517091	0.352004959185829	-5.55316132414307
5069	1.20390154459608	11.8715020324927	3.34797718874625	0.0011043793536728	0.00923205980239918	-1.18797611310432
50717	0.0218483214582125	8.63919595346706	0.283464100382917	0.777336476055824	0.873697005336931	-6.39927039910908
5073	-0.075293372887555	9.08678669130191	-1.11610287642245	0.266730794446767	0.455582374303204	-5.82959779065112
5074	-0.618173333434658	9.90850715091719	-5.33747876763299	4.87289024136521e-07	2.92066609707006e-05	6.02578734597281
50807	0.512162185180203	9.67091200999552	4.59559670518506	1.12408343157714e-05	0.00031157480351769	3.06618730885777
50808	0.102819936980714	10.3208823996593	1.00122632235095	0.318843000034084	0.514584443196861	-5.94801098500375
50809	-0.536774077867435	9.57050855888162	-4.1534018936284	6.36231106600756e-05	0.00111576835255249	1.4450120548461
50813	0.102466363694139	10.5024510554281	1.30111316614543	0.19584966062286	0.372660261862434	-5.61254989372605
50814	0.00220955286918199	8.42141152917301	0.0210676785592394	0.983228587296954	0.991111226103063	-6.43855221816402
5082	0.0632180576707802	8.58208914460704	0.749134997816005	0.455322570275136	0.641347423039656	-6.16348510569091
50848	-0.0663694814120756	9.52552271875447	-0.417853680714383	0.676841995066013	0.808607879555289	-6.35297467315794
50855	-0.0441970554839345	6.43523817301414	-0.358023323890442	0.720989519663552	0.838194712515263	-6.37577186770601
50861	-0.0928025345983009	10.005441339979	-0.565660104722789	0.572739231507978	0.736888793186277	-6.28164569326159
50862	0.10541754370489	8.48940263222416	0.845987101278358	0.399336471212677	0.593194799194981	-6.08794634307848
50865	0.325656679838623	10.5972099353124	2.32528592099798	0.0218301584112159	0.0813153891880201	-3.84261741551698
5087	-0.193891960054776	8.60849040488468	-1.44678066752336	0.15070906785233	0.313803100695802	-5.41900950724295
5089	0.313395840485193	8.14221169918686	2.68818928970761	0.00826340720274889	0.0410437423299494	-2.99613500242589
509	0.0512787937191525	11.8234915159489	0.508391739024083	0.612163423304904	0.765281950388762	-6.31181521881079
5090	0.538315172137451	7.52516450001821	3.91723460922577	0.000153266968798046	0.00213128815197282	0.628099235541717
5091	0.180199843620214	8.14176206711635	0.929557831522831	0.354568970060145	0.550722018182925	-6.01549214462183
5092	-0.108212413029178	9.83945259387471	-0.852415337763621	0.395775203172849	0.590714529116961	-6.08261204356064
5093	-0.0344806936692377	13.021704649895	-0.431354062623225	0.667027530634333	0.802687558717889	-6.34734589940768
5094	0.065470540786777	11.2063316262886	0.833606667143903	0.406250097477677	0.59875274456785	-6.09810758440867
5095	0.22488395611852	8.81572730050733	1.26605377882141	0.208081141771245	0.386670468173337	-5.65616251846706
5096	-0.0815407931230669	10.5111415096281	-0.802671815875364	0.423838716628352	0.613871260626019	-6.12285049833811
5097	-0.196071535717591	7.85370071091214	-1.24705328506002	0.214940109492487	0.395061260437905	-5.67931489535954
50999	-0.130576665293301	10.6532051011799	-1.23435594271635	0.219614846537546	0.400799521078243	-5.69459702925122
51	-0.266038363069079	9.10482881915525	-2.6645053916098	0.00883076928984414	0.0429071496083015	-3.0546912585322
51000	0.175422163533335	8.68111556370955	2.08226942057107	0.039560710630241	0.124531810139402	-4.34717948733725
51001	-0.00713105393019421	9.84923433327851	-0.0709942137448633	0.943527056348166	0.971035819266864	-6.43629195116617
51002	-0.210032137299592	9.61289435989008	-1.94612481365706	0.0541067633704775	0.155884850170961	-4.60735363227586
51004	0.0495703720553994	8.48383444340608	0.421258088019133	0.674361738502719	0.806698053393048	-6.35157207927644
51005	-0.0597125288448783	7.45812921985934	-0.476918983923528	0.634334977716926	0.779819454672096	-6.32703179965605
51006	-0.0272549124658054	9.61104043917918	-0.303015083213126	0.762431950264341	0.86542424637884	-6.39363605329288
51009	-0.173833675829033	10.1849203715273	-1.60668839615099	0.110895819829047	0.254656511478434	-5.18384916570051
51010	-0.0926271987969733	10.0018828857572	-0.908253322586109	0.365665070091156	0.560369847672161	-6.03460113525826
51011	0.213885386694012	8.39893818563474	1.69974786621626	0.0919119360715107	0.224613192884816	-5.03617765131476
51012	-0.187850248490104	9.48724847753078	-1.67610311311032	0.0964651240011543	0.231763212405333	-5.07444763190766
51013	-0.230914467012387	10.0244525435032	-3.1426141933621	0.00213550676093789	0.0152588977900925	-1.78647232802537
51014	-0.171528441023265	10.5099588031908	-1.50553807824234	0.134958265535831	0.292268044483482	-5.33534700546383
51015	-0.194677796243801	10.4662244241846	-1.99096436622749	0.0488826958313114	0.145032711051233	-4.52347111206903
51016	-0.137671108359658	8.6942210607628	-1.37564570056339	0.171634747207192	0.339976741470361	-5.51600026051002
51018	0.00313312209438516	8.33614612354677	0.0206614812422248	0.983551903192107	0.991111226103063	-6.43856055371166
51019	0.155651819914652	9.91279650470558	1.89237787660542	0.0609832469459111	0.169090842488495	-4.70554568243339
51020	-0.318224318828192	10.4640428309774	-2.83158126691162	0.0054793026383061	0.0303141592715394	-2.63196437761324
51022	-0.17416859918571	9.38380836242824	-1.40358106244052	0.163168320774721	0.328965176860922	-5.47847361212484
51023	-0.266496373553822	10.620905251127	-2.91241323338361	0.00431786936540848	0.025621839768875	-2.4194668855461
51024	-0.0206352238092018	10.8453716868265	-0.232171822247404	0.816821842399094	0.901021892180506	-6.41226885055818
51026	0.0500150311807943	10.103075866608	0.452855602890208	0.651515492253991	0.790469736489126	-6.33801294659615
51028	0.25433083800149	9.70084355170012	3.01387894922414	0.00318062394196916	0.0205249638755197	-2.14548894370757
51029	-0.22780556068606	10.1900471920715	-2.98343379425441	0.00348885277434237	0.0219147710388349	-2.22853628645015
51031	0.00503232026663247	10.3004361725702	0.052746836417697	0.95802616294949	0.978190759850753	-6.43740229655209
51035	0.0641087718677286	10.9347113797583	1.08926428722568	0.278340160815408	0.469103560282733	-5.8583892786521
51042	-0.503540005809642	10.8516233132288	-4.85350090381744	3.89406003845087e-06	0.000139847547467844	4.06298050110317
51053	-0.204762796161489	10.4333265673451	-1.26017851725139	0.210184654722413	0.389025247134324	-5.66335794671387
51056	0.634042186274096	9.82614810961114	5.07432223084535	1.52960719583328e-06	6.86660621607766e-05	4.94423788069854
51058	0.0204724056522737	6.99117056416145	0.215900248025391	0.829452264439522	0.906733153026793	-6.41585261872077
5106	0.00174565568045517	8.66544523526041	0.0117019016516459	0.99068394989219	0.994846319697439	-6.43870314716654
51060	-0.527037397388567	10.7919196624111	-4.8358106294769	4.19236045833666e-06	0.000147889974403318	3.99346791953792
51061	-0.115327808515982	9.19803042274895	-1.41580080587501	0.159566731825059	0.324707025984417	-5.46182945868668
51063	-0.128117999958375	9.3977061250631	-1.2737356305558	0.20535420373554	0.383848319270323	-5.64670551683771
51065	-0.113730956976228	12.0618283666415	-1.04380343099592	0.298790050874198	0.49369990402498	-5.90559214563466
51068	-0.395055387681144	10.128876174275	-3.44690573813783	0.000795601043809926	0.00732627048146041	-0.888632514765318
51069	-0.0525403169510319	7.58628327053612	-0.401756205999187	0.688617457056907	0.818726907027561	-6.35945306067202
51070	0.0879024479755178	10.8303454971089	1.20531662242364	0.230583091338978	0.413867087018679	-5.72897565707386
51071	0.14538849323363	10.7379795781092	1.51911573108919	0.131508622563569	0.287632097962681	-5.31555939978902
51073	-0.12904542477043	8.40847193770509	-0.898562328332473	0.370784360189313	0.565487225842637	-6.04314899978997
51075	-0.0371304260403153	10.8444833987135	-0.530483951737404	0.596810777156095	0.754497617560121	-6.30055604501834
51076	-0.237101781723294	8.32408595026322	-2.88914365276126	0.00462660518242198	0.0269648824269026	-2.48116724724732
51077	-0.0999807517521155	7.56509710908369	-0.933606418315168	0.352484943682383	0.549137237800167	-6.01181145497697
51079	-0.00122879039967026	11.649334388463	-0.0169380401244035	0.986515725665523	0.992591301484919	-6.43862940063891
5108	-0.074367905979251	10.1559858525634	-1.00591395873804	0.316592459042437	0.511958786078219	-5.94342571111087
51081	-0.116938518212146	10.0275925468498	-0.923603285238798	0.357648389894655	0.553034465921169	-6.02087698149333
51082	-0.130940109842449	10.9393760618197	-1.47681301810206	0.142489567234979	0.302230041498851	-5.37664756588876
51084	0.191634711631541	8.14025777666528	1.50470032486186	0.135173410956007	0.292362496595082	-5.33656233381392
51088	-0.0607668188596375	10.5992141113026	-0.34300027425165	0.732231463904026	0.846380057633257	-6.38094518366159
51093	-0.107231201903284	8.39124321869988	-1.05747832096833	0.29253442540622	0.486379700856557	-5.89160057370975
51094	0.12686269123584	11.0193977344445	1.23385068920074	0.219802381935517	0.400964592488377	-5.69520198960013
51095	-0.0431932736929479	8.56426525741201	-0.507670337962995	0.612667722942429	0.765417567397982	-6.31217484142201
51096	-0.0553117149922867	9.87659061713735	-0.467298163624379	0.641180698544794	0.784266632604768	-6.3314901213991
51097	-0.411648724523853	10.7211602923203	-2.45965389239994	0.0154122576760357	0.0635890351668605	-3.54198043988211
51098	0.270637287467293	7.90959766860114	3.67020988114094	0.000370532038723941	0.00413035713881208	-0.187400747881652
51099	-0.224865446535565	9.80613316396942	-1.86004258595445	0.0654633354482368	0.177462143354918	-4.76337805335487
5110	0.169684090344993	10.7101706424824	2.11620117242257	0.0365089058460899	0.117614493872349	-4.27980065075773
51100	0.080458839336485	11.1227270644339	0.851353513480774	0.396362114009857	0.591179317753958	-6.0834959179625
51101	-0.260425673133028	9.42115468721535	-1.72023543349825	0.0881096126630741	0.217558896873001	-5.00260634112912
51102	-0.215586367315218	7.85769321732077	-1.87954523815302	0.0627294428962811	0.171912806344818	-4.7286090622389
51103	-0.411013948213292	9.45620138797314	-3.2946470432856	0.00131431614324379	0.0105298267150278	-1.34639609009404
51105	0.187318098711041	8.66949625240035	2.52860478346272	0.0128227177615279	0.0554822675276168	-3.38183270430212
51106	-0.215842778913932	8.14344430949708	-1.72019741232685	0.0881165482063904	0.217558896873001	-5.00266899659537
51107	0.204374499860209	9.33669577112084	1.88469098518599	0.0620242698952228	0.170934824170054	-4.7193785754742
51108	-0.0453016997980095	9.00443540304011	-0.4626064344538	0.644530408001576	0.786384220102366	-6.33363145839148
51109	-0.220063170994856	10.2758845156538	-2.2532016047293	0.0261639743965574	0.0926734256070173	-3.9975886089415
5111	0.0747852496910942	11.577867058495	0.767012699554906	0.444663359035139	0.632607534555675	-6.15022435714568
51110	-0.0694657164037091	8.58848530693028	-0.54285609705732	0.588291227534522	0.747467395698377	-6.29404253138458
51111	0.00059477136246375	8.65623418206479	0.00795831656342784	0.993664192750594	0.996626432400387	-6.43873934101824
51112	0.199754009819541	8.7193282146015	2.20755620510104	0.0292826307345752	0.10032124838971	-4.09341701786218
51116	-0.297124760476046	9.60774806869704	-2.2587241792135	0.0258071169282906	0.0917596704970237	-3.98587304335864
51117	0.00285564119534802	7.84754212181817	0.0270971553528251	0.978429736016484	0.988815741261567	-6.43840940555898
51118	-0.0163478647811634	9.85601441783881	-0.195046719017709	0.845704407103673	0.914112866117692	-6.42006530222173
51122	-0.122322836658407	8.95432814928414	-1.28622460199963	0.200977136660256	0.378938812173378	-5.6312119876707
51123	0.165692957350438	10.2218869453214	1.66263002027927	0.0991403122179279	0.236061971438479	-5.09602645186629
51124	-0.062204423554423	10.5623711239244	-0.478555638639673	0.633173538307167	0.778971317607566	-6.32626436246194
51125	0.370900224968588	11.1069218031286	4.53923258625184	1.41053737396135e-05	0.000369752925388622	2.85321399759652
51126	0.306232008885816	11.1529487933936	3.77038750386359	0.000260238834497375	0.00322274778552971	0.138384208242099
51127	-0.765176511364471	7.15512078358443	-4.27098224646305	4.05642006659867e-05	0.000781612709204476	1.86473868805916
51128	-0.124330261494256	10.0060727442528	-0.6729371297885	0.502352427077199	0.682359981525681	-6.21652995562387
51129	0.469007611995817	11.5068445253447	2.24913104449493	0.026429765049691	0.0932782219979487	-4.00620712709854
51130	-0.0403637470790099	9.40844683763631	-0.46347612940718	0.643908925078405	0.785993686312156	-6.33323614884977
51133	0.116976080629112	10.3601146040886	1.56181905360186	0.121109150144588	0.271027250120372	-5.25221534955584
51134	-0.149179112853902	7.13103592572589	-1.25701689214071	0.211323041000359	0.390329691074356	-5.66721652650604
51135	-0.103179494719337	7.87848699526277	-1.08963095420146	0.278179241915559	0.469075748195637	-5.85800055158956
51136	0.0204934556074503	8.32254104736738	0.170631412155003	0.864816798814245	0.92435128858769	-6.42445453792886
51138	0.0523401163849891	10.8506508211821	0.830016749780287	0.408268284103454	0.600587003863674	-6.10102634307924
51141	0.348987874003972	8.57157120303365	2.84201168211675	0.00531485169348054	0.0296826740961117	-2.60483392472478
51142	-0.113721730097081	13.831915691436	-1.5043201493986	0.135271133244151	0.292497267171908	-5.33711363993265
51143	0.359427661072998	7.81021433016693	2.03891037395288	0.043777605493461	0.133940236229319	-4.43181127247122
51144	0.115555005048604	11.1328537527558	1.2138354581091	0.227325368019916	0.409622063665905	-5.71897309981241
51148	-0.00795905641797359	8.44163748304565	-0.0432128341002095	0.965607655124892	0.982325769298598	-6.43785219454228
51150	-0.161597313747237	11.0298268124073	-1.66464931061427	0.0987355855949337	0.235573638652268	-5.0928028614612
51154	-0.394998826035324	8.48044841880775	-2.64981495365804	0.009200175589454	0.0440286502716628	-3.09078301180298
51155	-0.0842814044301235	11.008415180403	-0.394500275683829	0.693950560784753	0.822740294543141	-6.36229022927071
5116	-0.0885247519954777	9.09138688760551	-1.2486000067546	0.214375660564738	0.394374823221544	-5.67744291671727
51160	0.084494463071087	10.8465467582127	0.865411464430446	0.388634922102464	0.583871308942589	-6.07170583999354
51162	0.976826678027603	8.35132471954634	5.59257227332441	1.56102493285079e-07	1.26412411228897e-05	7.10454720521283
51163	0.100939718206566	7.7625283891707	0.976206985907262	0.331033880318179	0.527254117128454	-5.97212811094328
51164	0.264582003468259	9.86589989351365	2.52754048074846	0.0128595265516442	0.0556124027835502	-3.38433470660324
51166	-0.834344479195378	7.91190885961731	-3.62756598573319	0.000429831061053222	0.00462292260976513	-0.324000990336588
51167	0.00532836430606541	7.81641458552607	0.0632204826370235	0.949701919082193	0.97412863360085	-6.43680501458708
51170	0.247324471751006	9.82197846931016	1.92956241984319	0.0561522731493187	0.159826938736517	-4.63788617199929
51172	0.169941299907129	8.27145599557409	1.55255789549919	0.123307313995684	0.274163772168062	-5.26609572102937
51174	-0.0233684724300343	7.14617160480258	-0.160816625210671	0.872523153519636	0.928537254455261	-6.42605390404495
51177	0.220706323412116	8.36676704687841	1.7380747409023	0.0849043599067391	0.212044319573562	-4.97306403892219
5118	0.407930425591662	9.87792240996986	1.96493620482173	0.0518602683787704	0.151099053548022	-4.57237961928632
51181	-0.33756687708661	11.0785086314475	-2.78118370112045	0.00634139431769957	0.0338153112099409	-2.76183489847483
51182	-0.252935018019918	9.50149883447824	-1.96966942080173	0.0513076321925185	0.149932070279178	-4.56353024029389
51184	-0.0335561528355217	9.71562478071347	-0.413333595743509	0.680140562166635	0.810963808385276	-6.35481938707758
51185	0.386331842885119	9.70693852118092	3.54861328380564	0.00056403537342582	0.00572350391215881	-0.573580947491656
51186	0.0228108098865935	12.6025321983051	0.248773229104691	0.80398490697326	0.890680704345377	-6.40834445358397
51187	-0.0405397014186638	10.9452313388159	-0.427152375938007	0.670075976070409	0.804039399671634	-6.34911684679326
51188	-0.0843703953787116	10.682920660172	-0.882060351881567	0.379604724315822	0.5753275271282	-6.05749644146547
5119	0.0378437483050911	9.18134802080462	0.365862546435276	0.715147313206353	0.83469221521612	-6.37298452947225
51191	-0.0479628947671501	9.30797414634875	-0.381015720079911	0.703902424488086	0.829101305046547	-6.36742591207886
51192	0.252822318932801	9.85594590296233	2.0410494475789	0.0435608918373734	0.133566888432993	-4.427674755336
51199	0.498118662672359	9.3048122871864	4.00091559140475	0.000112675661530742	0.00167996563942948	0.913485119113853
51201	0.363814098281962	6.53711240913603	2.56811717469158	0.0115213171440436	0.051357841127793	-3.28828269191364
51202	0.0905736398165051	11.5219064307431	1.3909009844695	0.166970905694897	0.334184560465192	-5.4955975434832
51203	-0.295025052982822	9.84085023998361	-2.4211414571655	0.0170533054859594	0.0683185311267914	-3.62970329231882
51204	-0.0269901390270352	8.33163428098109	-0.25128268738915	0.802049042706612	0.889371068969877	-6.40772769804952
51205	-0.328090087247999	7.675118162531	-2.90551603908374	0.00440734673510001	0.0259847851762499	-2.4377994107437
5121	-0.708039651527618	7.49900424531933	-5.08787487162703	1.44323688900372e-06	6.62483592825528e-05	4.99912344471482
51218	0.187531095259959	12.0283037630803	2.29281434067737	0.023697272609191	0.086077164358803	-3.91297607292536
51222	0.318335114767344	8.21327587031988	2.28322367948567	0.024274947420328	0.0875425812281144	-3.93358483153099
51225	0.421019090292595	6.69186119942283	3.7392188045941	0.000290680076318155	0.00346467161672145	0.0362918267438328
51226	0.111355143948492	8.11302455677327	0.551829503285667	0.582147922600482	0.743780640476408	-6.28922488842553
51227	0.0661816146839765	10.4304329126596	0.683552854712038	0.495647908812963	0.676340526093804	-6.20947769857977
51228	-0.202638976576897	10.7080349139829	-2.43424202918725	0.0164784224516099	0.0666234799071452	-3.60000260363203
51231	-0.331152464996454	8.90846673081494	-2.83197135006865	0.00547306956846105	0.0303141592715394	-2.63095128833131
51232	-0.401701720170953	10.9284719687467	-1.9672783433175	0.0515861797866479	0.15045969104439	-4.56800316018431
51234	0.029426402266388	11.4655076726368	0.336569609350679	0.737061634728944	0.848993041815796	-6.38309201241055
51244	0.154523721129328	8.66810568429981	1.96405158924159	0.0519641111485004	0.151348222174405	-4.57403132393806
51246	-0.20383056451649	12.6534526148364	-2.04597203732752	0.0430656599840689	0.132440679259004	-4.41814022590249
51247	0.159444912895659	11.5661062001991	1.88267956050038	0.0622991202558977	0.171319038111893	-4.72298950503428
51249	-0.246341628751379	9.932367055398	-2.95012612912058	0.00385745032044128	0.0236971960385433	-2.31856931460458
5125	0.0461046751634341	9.16783287163858	0.23841120115175	0.811991236839389	0.897383946520384	-6.41082567199267
51250	-0.0932410233550481	8.99154462023649	-0.927606244319827	0.355576367855538	0.551353632154448	-6.01726076463529
51251	0.110303249902781	9.62798020711606	1.39493289011997	0.165754542520459	0.332717502118831	-5.4901688865947
51253	-0.218500886979246	10.7412686361005	-2.1870620892849	0.0307852020271724	0.104215478993625	-4.13585849402265
51255	-0.10242691238673	11.1854110209396	-1.03306392520098	0.30376586585999	0.499152177146575	-5.91645516125184
51256	-0.199662539322929	9.22253607539199	-1.82556991684572	0.0705390703333556	0.18710748906664	-4.82400133810961
51257	0.522568387745974	7.35574982597195	4.15008855936126	6.44276453334686e-05	0.00112272647775201	1.43330761376382
51258	-0.115130380760917	11.9457008571843	-1.55638358535041	0.122395478334139	0.272870890968958	-5.26037146017176
51259	-0.0985045701930612	9.28182216977661	-1.23752109376171	0.218442681944617	0.399808675573352	-5.69080178413366
51260	0.0537464854723457	9.51822006908947	0.675478168444229	0.500743184390278	0.680845877047522	-6.21485185413905
51263	-0.305868184024436	9.32997108311961	-2.96578727197536	0.00367988654773697	0.0227684366174587	-2.27634344297275
51265	0.00660297202986887	6.9276985915766	0.0620856467385673	0.950603611756286	0.974166703696303	-6.43687494227447
51267	0.294222128340191	9.77505810315681	2.55417912291482	0.0119661729277535	0.0528879299010514	-3.32142977654334
51271	-0.0852820774935557	9.33197545283532	-0.996777662046292	0.32098859963512	0.516759733980736	-5.95234304776288
51272	-0.349250334083165	8.08420914180012	-3.22773173212618	0.00163056199434762	0.0124939165800662	-1.54221080724182
51274	0.524153002054641	8.39798367883357	3.97335752792258	0.000124749632231223	0.00181734032139312	0.819001326313277
51276	0.0376901498494152	6.70574010080421	0.410804425569031	0.681988958327116	0.812523986121733	-6.3558428519887
51278	-0.08435729944073	10.8283656675848	-0.619452139257534	0.536857588439908	0.709284017996424	-6.25039487333835
51280	-0.0966076724390944	8.73324598599241	-0.649434921489759	0.517366819082372	0.695455344358884	-6.23175339880348
51282	-0.0851638884349921	9.47038377463381	-0.938013205701976	0.350225478720981	0.546958301046569	-6.00778721738245
51283	-0.0128762858234028	9.22998934702763	-0.137096210511866	0.891197166439541	0.940593138515977	-6.42952833150784
51284	1.79400162908504	6.9343174746174	5.30498141329947	5.62187169916791e-07	3.29338015851964e-05	5.89045761324653
51287	-0.00863989372030101	10.0667118862808	-0.0967838516999699	0.923068403719641	0.959293274796601	-6.43416424632114
51290	-0.0782297739220585	10.1187203527435	-0.537259142551889	0.592138278896072	0.750969166848081	-6.29700764081612
51292	0.0368670488592693	10.8695320776808	0.459017607234744	0.647097638902416	0.788003316723272	-6.33525489382374
51293	-1.04950357661181	11.9208895978226	-3.99521150180945	0.000115079299025831	0.00170077746526249	0.893888393625707
51294	0.926995701233269	7.05299279058808	6.4085945969521	3.44645200417391e-09	8.13362672985043e-07	10.7307988503146
51295	-0.0448645540014626	7.35515519664571	-0.342585315034418	0.732542824324696	0.846503039860379	-6.38108493838877
51296	0.988585821809671	9.2954537364525	4.73517811637023	6.36050588987274e-06	0.000203634800970344	3.60119685896808
51299	0.739096554014283	6.70849449992804	3.74237765292773	0.000287447456340777	0.0034410376657606	0.0466086995190595
513	-0.0823907358253414	10.7554030273049	-0.799500487207942	0.42566700420596	0.615763477187605	-6.1253348007652
51300	-0.0480195280140008	10.3456037062985	-0.526802781770992	0.599356597511392	0.756407256752345	-6.30246521747034
51303	-1.19619808702781	11.9588424884085	-6.35962429004668	4.3614719108006e-09	9.34813245530955e-07	10.5064520781216
51304	-0.0252252916304008	8.14388167799971	-0.331331622379935	0.741003769381393	0.851379358156556	-6.38481070990057
51306	0.348196623092245	9.48676018482904	2.88263493411096	0.0047165163688175	0.0272436539905122	-2.4983492926172
51307	0.0511988563094863	8.92979862198311	0.526211845693692	0.599765740467037	0.756549448138722	-6.30277046364465
51309	0.552421950917439	8.55097073874237	3.43008550744267	0.000841613308805329	0.0076238258816799	-0.94002570156746
51310	0.100601310005354	8.31984958975232	0.996745513135627	0.321004139837186	0.516759733980736	-5.95237428510464
51312	-0.0425334170077828	8.5482825269306	-0.253940156318444	0.800000340632211	0.888053059215436	-6.4070678246859
51313	0.702304033657875	8.20256812958334	3.78989206937655	0.000242756995740713	0.00304275081156037	0.202603529539528
51315	0.209313918776429	9.40458345236033	2.01226220930267	0.0465556250262387	0.140039862606239	-4.48300560035428
51316	-0.272806489077556	10.1393666	-0.765640332574536	0.445476459518744	0.633546066739811	-6.15125327394321
51317	0.262627027022271	8.36255703080467	2.54763819300032	0.0121802085938175	0.0535436524667018	-3.33692997040587
51318	-0.154631884968548	9.90093328018519	-1.63648461554796	0.104502711224759	0.245085858806505	-5.13742855554851
51319	-0.101981213715806	8.00714605167927	-0.971674518464372	0.333274629901045	0.529386660326967	-5.9764329638333
51320	0.18055182279821	9.09039809688795	1.89207312826634	0.0610242375601064	0.169147718874657	-4.70609509508535
51321	-0.0490273949596904	10.614426217109	-0.437687427837584	0.662443010332027	0.799300652193429	-6.344643835121
51322	0.0775328004955449	11.7522090694479	0.94472829185071	0.346800436486042	0.542994334589327	-6.00161919942579
51324	-0.415272294605994	11.4707005092058	-2.78492937327287	0.00627329923754883	0.0335388036907141	-2.75225223121595
51327	0.245144263273727	8.66498662355581	0.544921949693275	0.58687423198678	0.746811825090817	-6.29294037735048
51329	0.141214934354015	10.7082127138982	1.42002449094559	0.158336132672292	0.323087069138619	-5.45604413879196
51330	-0.123885946345645	11.2315886023103	-0.709735262798657	0.479321004574082	0.662182889744425	-6.19161639183025
51337	0.141868236011078	8.52449380713585	1.18067696467234	0.240194546645648	0.424931881621986	-5.757520330854
51338	2.64851352514903	8.31953322625227	5.65352795041511	1.18442661253647e-07	1.04905289850643e-05	7.36649820426213
5134	-0.0677054254666171	9.22352256882846	-0.865223428701121	0.388737662059635	0.583919456012473	-6.07186479834044
51340	0.368605397865501	7.27666320767453	3.77975503816353	0.000251698551905392	0.00314527993757721	0.169195209952836
51341	-0.209315560954655	8.1635734182015	-1.76297834543928	0.0805902617999553	0.20438304036464	-4.93134067628594
51347	0.180515096057285	8.78226706461873	1.69339205109501	0.0931183140464528	0.226298312851325	-5.04651482743327
51360	0.293833476387649	8.39298726360172	2.72001803147039	0.00755298278655775	0.0384788347976907	-2.91672602105789
51361	-0.474126079514467	7.75449871039827	-2.98984893071243	0.00342170202486801	0.0215585497524102	-2.2110968683507
51363	0.24142313030771	7.29186012168305	1.50382363610599	0.135398842884059	0.292620209895952	-5.33783345033882
51365	0.0465743082921173	6.32955941839829	0.261970522981596	0.793818074825699	0.884582391959402	-6.40503168022888
51366	-0.204901732803737	9.1500773584612	-1.82361390473092	0.0708366190527768	0.187776146783035	-4.82740916397861
51367	-0.277131893286302	8.90095882777196	-2.32806236238549	0.0216767005188013	0.0809080642952094	-3.836559823436
51368	-0.128379202328969	9.09946032208235	-1.45222801827031	0.149191600221596	0.311822524754651	-5.41138796653786
51371	0.0331585348333963	12.4363107453683	0.42285361613412	0.673200558598213	0.806239903439356	-6.35091082760484
51373	-0.257793657953797	10.2207447313606	-1.93264052560376	0.0557672549495936	0.158959414422582	-4.63223017848594
51374	-0.268991453145814	11.745849296093	-2.83400755799636	0.00544063850627411	0.0301965613632871	-2.62566107133889
51375	0.248319645736008	9.84971552631832	2.17985238586059	0.0313295213566055	0.105754739029653	-4.15070282734535
51377	-0.060357990898808	8.70165762457435	-0.600255879562854	0.54952998625834	0.718328483382479	-6.26187053525316
51379	0.0302017217075928	9.63974204293312	0.319664110279115	0.749809459937429	0.856036784945842	-6.38854235969356
51380	0.24895442263576	7.45644149893598	1.56409957218045	0.120572656416784	0.270339343648924	-5.24878524837318
51382	0.0303438559670854	10.9421591763035	0.369320046178065	0.712575939257642	0.83357559244698	-6.37173603136793
51386	0.0326982906405412	13.7778258520929	0.493065392497584	0.622917110825691	0.772673563812959	-6.31934616457108
51388	-0.00816906890921341	9.19148819627531	-0.0736213776474666	0.941440994787964	0.970097631854863	-6.43610512359601
51389	0.0457411405689447	10.3075217593148	0.605540298532747	0.546026622580719	0.716128914340542	-6.25874726443443
51390	-0.387496089096547	8.95586182431025	-2.54074017867314	0.012409646927731	0.0543209770127495	-3.3532380630362
51393	0.651937564682334	8.0678258762152	3.43326075289222	0.000832740191067953	0.00756703407945137	-0.930339462329756
51397	0.114148165243374	9.9437806759187	1.19150622152628	0.235935585830838	0.420277752633754	-5.74504557600359
51398	0.129906054676322	11.6188787177583	2.09879988343962	0.0380475944108467	0.121107179126626	-4.31448031222259
51399	-0.0816675367203623	9.98733024601612	-0.777205444896094	0.438651265240308	0.627947911765155	-6.14252541196295
514	0.00831717569942917	11.8848758635481	0.0990867793254662	0.921243816580817	0.95813068810848	-6.43394244138051
51400	-0.470648207367137	9.15335369128441	-3.46611868896191	0.000745940303638	0.00697699716216367	-0.829680877032338
51406	-0.065613578729246	12.1943477388908	-0.9509453055325	0.343648763965577	0.540159617574818	-5.99587008063668
51409	-0.215981361776721	7.75255223607732	-2.06833303433858	0.0408763083467667	0.127402214091475	-4.37456149564075
5141	0.0643679211544696	7.58609504495311	0.585134588544339	0.559616435081573	0.726340627557164	-6.2706574458785
51421	-0.108584125311179	9.04430887549645	-0.677885765987116	0.499221008311572	0.679447277748161	-6.2132560898697
51422	0.111327463404372	9.91408400071893	0.580117411270047	0.562983068466811	0.728646504823712	-6.27352367956885
51428	-0.13127947992256	9.39812616167286	-1.34332582626457	0.181840969978696	0.353746211027798	-5.55850668755811
5143	-0.0580954155208474	10.745101058016	-0.494050215385126	0.622223623524631	0.772402634552667	-6.31886914879192
51430	0.0797140563369486	10.1459464169533	0.33368744999426	0.739229902261092	0.850212710927364	-6.38404104058868
51433	-0.142989147837175	11.3575845780177	-1.4244504532803	0.157054424924991	0.32166366225649	-5.44996392377031
51434	-0.265037902031872	6.91660062707804	-1.54247360060845	0.125736622283198	0.278217117615649	-5.28111988734247
51435	-0.12853225120172	9.88840687740481	-0.974781592458589	0.331737495951255	0.527865867185007	-5.97348404582067
51439	0.0997301762463823	8.71022178634201	1.17959793923047	0.240621897440066	0.425358259394681	-5.758757229235
51441	-0.0730445339768401	11.3523302067012	-1.17974279544553	0.240564495246816	0.425358259394681	-5.75859124310032
51442	-0.266934875879952	12.4041593724139	-2.30397106126553	0.0230405042255888	0.0842845725878493	-3.88890329489378
51444	0.0492031385882372	8.20624131021859	0.368314933816791	0.713323110763068	0.833850538088182	-6.3721001837148
51447	-0.0487351453940712	9.43782344936327	-0.370765383800277	0.711502006944714	0.833206736948832	-6.37121065006057
51449	-0.0495441721597145	9.5401670802086	-0.378545953137669	0.705730802393774	0.829806809736421	-6.36834723933354
51450	0.131773877680575	7.7716049022501	1.179212500584	0.240774682882477	0.425502541850505	-5.75919879432468
51451	0.0027532895274938	10.8675381498349	0.0243402250531599	0.980623885054193	0.989816925763626	-6.43847914222563
51454	-0.406745025149989	10.7742214364497	-2.03886790515346	0.0437819174115208	0.133940236229319	-4.43189335743682
51455	0.0337080136977628	9.02637756975554	0.500438326178935	0.617733545547138	0.769386643127977	-6.31575194992135
51465	0.04892862276004	9.65541214111236	0.631487396328477	0.528989150203024	0.70372010816123	-6.24301715805256
51466	-0.112955470288351	10.3266292941915	-0.856240457521696	0.393665326881385	0.5887516929278	-6.07941895753875
5147	0.0110457382439147	8.6069108206515	0.129530467451653	0.89716673665527	0.943683620924025	-6.43052017859435
51474	-0.126287726604947	10.523941010753	-0.785196713891242	0.433970969736356	0.624494810108414	-6.13641901513586
51477	0.223687810780171	11.6055522427375	1.77404959854152	0.0787311393594296	0.201399569869585	-4.91261175535297
51479	0.409219157461969	8.68096771308433	3.47640706633962	0.000720561371507835	0.006825501064971	-0.798004496071393
51490	-0.437494804703417	8.05395509713708	-3.45148406276348	0.000783492651047462	0.00724708767934159	-0.87460864808934
51493	-0.219539031022191	11.2685299232208	-2.21966341752123	0.0284253404281476	0.0984547679524106	-4.06817375873296
51495	-0.116816971314217	12.2084892115797	-1.28071064314959	0.202901061405201	0.38133396295949	-5.63807057237407
51496	-0.00810078449497836	8.39541900748109	-0.0887866365968365	0.929407643535465	0.963662554978907	-6.43489399459915
51497	-0.00395390125668024	10.3776609945379	-0.0362172817371099	0.971172601426503	0.985610724632377	-6.43812544452146
51499	-0.106150047682727	10.176570176607	-1.3461533625027	0.180930250710424	0.35255576099743	-5.55482699691734
515	0.0443690595243514	12.6292767087605	0.699193214835747	0.485858850147897	0.667440716988841	-6.19888806732164
5150	0.0984198487300392	6.75836293896106	0.749344433547404	0.45519686052102	0.641347423039656	-6.16333154905624
51501	0.151898303663743	9.73256455415759	1.42932488490832	0.15565208285075	0.320301592563027	-5.44324651314844
51503	0.290686491382627	11.0704065790321	4.13363309614138	6.85700025044794e-05	0.00117377569102193	1.37527930539676
51504	0.0228954551940645	12.7679314175497	0.304359307670115	0.761410393222729	0.864903342635561	-6.39323488504648
51506	-0.264551174058868	11.4485935471233	-2.84071862997064	0.00533499041800983	0.0297348318844542	-2.60820195092607
51507	0.130046763794197	11.0268101320917	2.11845730858844	0.0363133980438834	0.117124044204554	-4.27528497081783
5151	0.158344205994622	7.53308618721924	1.86599921000388	0.0646179661603315	0.175921028505056	-4.75279480473757
51510	0.363419072544663	11.6989130443378	3.93888032019677	0.000141600374236894	0.00200620770359648	0.701484954158336
51512	-0.432134466955565	7.46557784013558	-2.98232662760142	0.00350056431218388	0.0219601167573418	-2.23154287163398
51514	-0.263496621530697	8.61691479386509	-1.61099412283328	0.109953086575757	0.253228646730172	-5.17719141300684
51517	-0.169846820578072	8.41137659452205	-1.84671009882883	0.0673890140898067	0.180725083240845	-4.78695089878751
51520	-0.271771684861077	9.95554614312583	-2.68315722656736	0.00838111247099404	0.0415367462925283	-3.00861438125104
51522	0.0617325816175075	12.2450102014473	0.93500821046734	0.351765199785353	0.548533235836703	-6.01053337441839
51523	-0.252398478911318	10.7874556878852	-2.34257694526674	0.0208898466433547	0.0787900151936573	-3.8047855288122
51524	-0.206819181629627	9.60489370308615	-2.638252232582	0.0095006985976874	0.0450648800953384	-3.11906692593766
51526	-0.127306344493346	10.6673130664644	-1.21948679772788	0.225182637680271	0.407553882337102	-5.71229962144131
51527	-0.252497750370338	9.6787077324186	-1.6300042883172	0.105867295338778	0.24744308418175	-5.14759369265629
51528	0.346442679887406	9.59775572013559	3.75141699032183	0.000278384497045417	0.00338653305684116	0.0761686523168823
51529	-0.183258830861643	11.8668647828147	-1.81605738320061	0.0719959302320686	0.190056370634991	-4.8405420484985
51530	-0.00763959239971875	9.46201268759381	-0.0761401944510449	0.939441346626335	0.968959661848927	-6.43591962775799
51531	-0.120862934418906	8.60869331480401	-1.47188166790556	0.143814768140782	0.304227045805665	-5.38366089728486
51534	0.118875641547536	8.38682176312026	1.18240639502937	0.239510732223076	0.424176382539153	-5.7555355661061
51535	0.0345921872369851	9.52498155785196	0.444112660894266	0.657805050743328	0.795879554583256	-6.3418624711078
51537	-0.448907216112246	9.37358702609574	-3.02863745806133	0.00304043895186804	0.0197987765819936	-2.10497378747001
51538	-0.128263944119287	9.71835299514617	-1.51771467619858	0.131861349241554	0.288029828646778	-5.31760913564853
5154	0.116340564748504	7.49152442574331	0.763035512967882	0.447022122972516	0.635240581198531	-6.15320119366492
51542	0.243920720845052	8.31568809996877	2.80202608925774	0.00597087691363251	0.0322771225828564	-2.70837097815899
51545	-0.0839924414214841	8.64108711526864	-0.700173290165125	0.485248984261384	0.667136586218215	-6.19821658008726
51547	-0.288945811224137	8.08104174062189	-3.33249687830468	0.00116183467834832	0.00956046171469029	-1.23417545883795
51548	0.14914500345103	7.38334412380348	1.54617422826905	0.124840788232813	0.276605394528711	-5.27561736909369
51550	-0.283921390883631	7.39313850865582	-2.08010147984444	0.0397629417040937	0.12497789135305	-4.35145019670721
51552	0.228359076421455	8.78593067115572	1.81637750274993	0.0719465004746783	0.18998660291587	-4.83998673759105
51557	0.524991670923919	7.18159643840023	1.42308086729214	0.157450187031869	0.321995183184758	-5.45184735691195
5156	0.646333867886014	9.65030414398471	3.16802018402179	0.00197132926413046	0.0143211782952662	-1.71413379618611
51562	0.0150089053869526	8.55250848318864	0.161053510031391	0.872337009254772	0.928537254455261	-6.42601641747586
51564	0.374912048541871	7.08761715976147	2.58576731904831	0.0109793474773424	0.0495029531456594	-3.24607799774835
51566	0.370683796561059	8.5328980641954	1.99019562288552	0.0489685089702259	0.145142263175194	-4.52492421832275
51567	0.184947865651965	9.8192424777716	0.719224230266098	0.473478091193015	0.656747108858825	-6.18497889907251
51569	0.0220788974339705	10.1339405916998	0.229056635885126	0.819236312805466	0.902492923949473	-6.41297508864922
5157	-0.667054498265803	9.13531128384149	-3.58849552093116	0.000491945245775141	0.00514171517373121	-0.448050814231332
51571	0.135193562925757	9.65089324899514	0.900636657752108	0.369684815530285	0.564227009660044	-6.04132695455917
51573	-0.420744055194729	9.82224013702906	-1.50765637968882	0.134415455684646	0.29140988555254	-5.33227109014512
51574	-0.00504227078383143	10.1214756816159	-0.0608089081721407	0.951618130849997	0.974868629644174	-6.43695209992396
51582	0.0285918844650762	12.1608027060746	0.225254541801306	0.822185533651419	0.903744749327495	-6.41382413906819
51586	0.235781693240617	8.10623380039403	2.37868763785666	0.0190406811682091	0.0737346584385408	-3.72495960851812
51588	-0.173016123036066	8.88462291754655	-2.07070023326023	0.0406502305734119	0.126895867564212	-4.36992245321059
5159	0.884144867474951	9.55792894095541	4.5096050234332	1.58820273362904e-05	0.00039995593231024	2.74198635627035
51592	-0.0753499723111466	11.330247610371	-1.09002707730366	0.278005467739188	0.469001620809002	-5.85758045230447
51593	-0.198341134804602	11.2073947037044	-2.42626957104234	0.0168261816092211	0.0676651704440925	-3.61809435617199
51594	-0.12347817408463	8.68235977426383	-1.53821199958983	0.126774533151967	0.279987300030291	-5.28744087554696
51596	-0.069220935447498	12.3813093055475	-0.734811494200763	0.463966832820056	0.64911348900638	-6.17388614030278
51599	-0.0163561954638437	8.82188643623214	-0.141120940083693	0.888024070975606	0.938469655355489	-6.42897777234294
516	-0.335342445580411	11.3834076312365	-2.71185803244172	0.00772962389892692	0.0390499653854045	-2.93716227872268
5160	-0.188669753339073	11.335816749199	-2.6105968220008	0.0102557704936613	0.0473784475825741	-3.18627289480233
51601	-0.17364590815962	7.56140707623626	-1.49296006343163	0.138216780372514	0.296749619021419	-5.3535255877469
51602	-0.37455088254209	11.361879305329	-3.53541316762821	0.000590014785777101	0.00591446860499861	-0.614883013100197
51603	-0.0882638270555565	9.67125207784527	-0.938797923153239	0.349824113888645	0.546634460033021	-6.00706866418902
51604	-0.105894431338849	10.1823784497847	-1.21316740973521	0.227579631638897	0.409838890267688	-5.7197599809477
51605	-0.11399239100714	8.15293183386518	-0.914532841506386	0.362371883936111	0.557208424761184	-6.02901410180868
51606	-0.0898637441247554	10.6874055066019	-1.02993630908322	0.305225378131319	0.500555561271572	-5.91959802704504
51608	-0.421695380394027	9.72889608176891	-3.0496788399958	0.00285042961294736	0.0189112840184299	-2.04692129103541
51614	-0.31771499941003	12.5882429186422	-2.86080136538495	0.00502995540376979	0.0285549358317103	-2.55574297403793
51616	0.114867623570178	8.3271380422091	1.21309322694557	0.227607878762006	0.409838890267688	-5.71984733338513
51619	0.0187151840813025	8.32763834408486	0.199280556307145	0.842399150536651	0.912445067768334	-6.41924457663399
5162	0.193190571149989	11.3180061766461	2.31796445698903	0.0222394285020918	0.0821633740493235	-3.85855981735821
51621	-0.324219899865868	9.63070841388886	-2.37242739212679	0.0193504774932094	0.0746543410060298	-3.73887751129558
51626	0.213276180100411	7.67725308605416	2.18823602196057	0.0306973555578814	0.104046022531022	-4.13343718291202
51629	-0.162919444225394	11.1089806098829	-1.4435310874529	0.151619963068657	0.315213280344385	-5.42354295138596
51634	-0.0279981606276593	8.3074062907059	-0.360267005644035	0.719315704561082	0.837435694595148	-6.37498024945626
51635	-0.226886034044897	9.47149200169526	-1.62030611458048	0.107936183703582	0.250268972322698	-5.16273455970539
51637	0.0196969082568034	12.0175876466682	0.212892688320398	0.831791814709588	0.907968863420272	-6.41648654846328
51639	-0.00245994816903158	11.6506985163689	-0.029701919675404	0.976356842439975	0.988321999822818	-6.43833665008302
5164	0.343003896793252	7.24810275338565	2.27534896853111	0.0247584750040081	0.0886838697021279	-3.9504475128087
51642	-0.118934216721045	9.62198533518099	-1.09842109256307	0.274340719221518	0.464831659645074	-5.8486432380967
51643	0.120090931631472	11.7853788835877	1.41192251993348	0.160703139682043	0.325664360592167	-5.46712703552929
51645	-0.210190115932164	9.93134461680486	-1.56362072347347	0.120685149334001	0.270444745930236	-5.24950587628716
51646	0.354672826111718	11.3438553477567	3.36215745443851	0.00105409539376997	0.00893924841123199	-1.14550341302638
51647	0.0510032816393141	11.1028128129045	0.651358756133554	0.516128990491703	0.694911034354107	-6.2305274214791
51649	-0.01537556016394	8.69865302893719	-0.151300087925109	0.880007059658991	0.933418863792907	-6.42751426333791
5165	0.117784420422898	8.9720736400062	0.787903778179235	0.432392161766859	0.623091286844776	-6.1343364486271
51650	-0.274817831452913	10.3304513204668	-3.35946759650647	0.00106346570775452	0.00898182693870386	-1.15357130940243
51651	-0.286561570101791	10.2321032036215	-3.07800608479038	0.00261195019737314	0.0178156140630075	-1.96823162859264
51654	-0.178815514671585	8.85814393880062	-2.28118859387073	0.0243991055719287	0.0877772700453534	-3.93794778740181
51657	-0.181070584244527	9.33072372946529	-1.69848773029177	0.0921501021375299	0.22489964716718	-5.03823007376136
51659	-0.191520436355872	9.12003751811748	-1.16074213597584	0.248177524472769	0.433667516848969	-5.78019373746616
5166	1.71200211395926	8.48717759676554	5.34225563138808	4.77135756462549e-07	2.92066609707006e-05	6.04572073412138
51660	0.195121409262348	9.75256473841265	1.93408878101302	0.0555868752914524	0.158756139519271	-4.62956610600119
51663	0.151745344888715	9.89841478155194	2.13521541050481	0.0348893056351731	0.113907377291119	-4.24160466443344
51666	0.630797722529347	6.01844198312772	4.94639455018967	2.63605007973722e-06	9.85238627087305e-05	4.43067295669485
51667	0.12796157768344	8.92770267727255	1.51261851481543	0.133150616256766	0.289763202703164	-5.32504948918199
51668	0.071111479443178	10.1871633613071	0.753827602757969	0.452510677543302	0.639476167067181	-6.16003433529792
51669	0.147715113868272	11.6698869651083	1.60603590795783	0.111039243810999	0.254914995519415	-5.18485659520791
5167	0.790339188227832	9.15306075365203	3.22123607190567	0.00166477508114722	0.0126272196237613	-1.56104234174285
51673	1.61839128386861	8.18932829451282	5.95648214051336	2.93804883220732e-08	3.97840710721844e-06	8.69084078172265
51676	0.507143828315326	8.36984098786369	1.46090945156802	0.146797671110563	0.308615109028569	-5.39918455227358
5168	1.16867698448619	10.2810000231061	5.45290671477359	2.92141092127448e-07	2.05635560693102e-05	6.51035240357534
51690	-0.451839666258685	11.3226355343625	-3.34365615757865	0.00112014321238935	0.0092988773209407	-1.20088935574678
51691	0.0200489499679121	8.76998524321197	0.182848334529015	0.855242591671037	0.919352395523525	-6.42233147387745
51692	-0.158074162959258	9.999413607443	-1.85649438299931	0.0659712765066238	0.178176634354488	-4.7696671062541
51693	-0.139009032002656	10.0421028909115	-1.32224780953746	0.188738827311715	0.362638453964822	-5.58570101592433
51696	0.127800160686596	9.43644642094695	0.866999083817306	0.387768138204414	0.582993232902887	-6.0703623676382
51699	0.161279781760453	11.0718355085295	2.11022474107857	0.0370311971906205	0.118926006529753	-4.29174108908108
517	0.226734136960291	12.6437284581784	2.24804146708563	0.0265013097288899	0.0932782219979487	-4.00851165537978
5170	0.0244153943051508	10.228763274627	0.270451740703794	0.787302945900468	0.879945514652046	-6.40281248159585
51700	-0.11807980596774	9.11440411961915	-0.704595982338812	0.482502131901743	0.665131443509412	-6.19517482838932
51701	0.228489347929545	8.45875626469632	2.10395209933347	0.0375862959860325	0.120194659250727	-4.30423981565964
51706	0.0802060787670617	12.1771693132844	0.484856425818094	0.62871080064928	0.776487920658351	-6.32328544410997
51714	0.159102285777234	10.6149065309354	1.50800593660902	0.134326047162151	0.291334294138267	-5.33176311111098
51715	0.490876983853523	9.4788972134049	4.49315789656482	1.69596554877073e-05	0.000417462953675122	2.68045683986659
51719	0.419427329398056	10.3214058261272	4.65684214413654	8.76669289932244e-06	0.000256001522456461	3.29961863328334
51720	0.218503473746161	9.35203272716607	2.63364479628301	0.00962290028196023	0.0453941498166713	-3.13030693170797
51726	-0.114652682832725	12.1399955584656	-1.11934115826436	0.265353190778416	0.454074447033296	-5.82607754227019
51727	-0.0309184843107044	9.69962608318549	-0.380572157682591	0.704230668058148	0.829215298383508	-6.36759181981636
51728	0.209509327718262	7.55890238459404	1.38263967442959	0.169484428972719	0.336973251348798	-5.50667336674526
51729	-0.172292515485905	9.58849302143371	-2.14366373088854	0.034189873192959	0.112692878122044	-4.22453263514555
51734	0.048963303611549	10.7174569534959	0.355920039663515	0.722559827402841	0.839311513760015	-6.37650947012896
51735	-0.238180799524717	7.83310153349743	-2.63036340518247	0.0097107954242164	0.0457080086607781	-3.13830143729158
51741	-0.149688216165496	7.63053542718652	-1.1755980735987	0.242210788327794	0.427583054410681	-5.76333269546087
51742	-0.0110862582280641	8.71170570665668	-0.0826705740944495	0.934258816133769	0.966434291955534	-6.4354096481548
51747	0.110057757673214	9.91581621297623	0.741485029098191	0.459927867468118	0.645430544561104	-6.16906487773455
51750	-0.163548696886075	8.64159374461591	-1.02977125389535	0.305302532407528	0.500555561271572	-5.91976362731211
51751	2.56836164738398	6.93285530757416	7.51202648212701	1.42916066366279e-11	1.18048670818546e-08	15.9659690039662
51752	-0.0306026503590716	7.10115729937068	-0.204896445080494	0.838019305937455	0.91067484107925	-6.41812876886795
51759	-0.0687069436264103	10.2707657492058	-0.928118450827204	0.355311792975909	0.551046828760986	-6.0167969332489
5176	0.68148372616302	12.1369517585671	4.96276613014266	2.45978440396506e-06	9.62387645197441e-05	4.49593557110983
51760	-0.017250208884411	6.57614458189434	-0.149473895687237	0.88144446103751	0.934385427126518	-6.42778432154983
51762	0.160878776451948	9.7169236014955	0.920695441310167	0.359158374530851	0.553966309981195	-6.02349422973165
51763	-0.0396598770454927	8.75934125242413	-0.495250994820215	0.621378524581089	0.77180174263524	-6.31828624865658
51768	-0.0149003617362788	8.99462985332328	-0.141126417417002	0.888019753874562	0.938469655355489	-6.42897701222627
51773	0.229312395990227	8.14151787872424	1.68347875531646	0.0950255996762005	0.229775015610485	-5.0625645137346
51776	0.434980007971516	9.62304570817772	3.12389020191598	0.00226453902712297	0.0159327873628924	-1.83947347918175
51780	0.0309474191562343	9.61688549830326	0.42574037003457	0.671101667658883	0.804776390078742	-6.34970810716614
518	-0.0264118555567499	10.9266023477102	-0.20471977282251	0.838157016354863	0.910704677070661	-6.41816434350583
51808	-0.229615334771165	9.4821381066113	-2.60602783915366	0.0103856006068912	0.047753526759385	-3.19731584573489
51816	0.691434490374997	8.00813572338756	2.11042959694129	0.037013188326434	0.118914405124988	-4.29133231886722
5184	0.401948112876088	9.97052979471009	4.42953204664862	2.1832475083102e-05	0.000495429242270392	2.44389573971948
5188	-0.211287378683297	8.40261915667398	-2.5063662819636	0.0136117909825434	0.0578063719875623	-3.4339165864642
5189	-0.172742725199	7.60046430579114	-1.65927947033592	0.0998148220775741	0.237121205165592	-5.10136704929764
5190	-0.05665810983868	7.500433464788	-0.226731645539643	0.821039464063603	0.903030299000468	-6.413495971671
5191	-0.203777979822225	8.75719955916075	-2.24296133150004	0.0268371278062009	0.0941693609512403	-4.01924302189799
5192	-0.191910956056071	7.47812038873999	-1.62820810900607	0.106248046867383	0.247830326145057	-5.15040440176871
5194	-0.362942327480514	9.24308375035739	-3.36272166361598	0.00105213977504748	0.00893183406155413	-1.14381047025195
5195	0.13583584700902	9.44047277016176	1.55720698933875	0.12219992368087	0.272655691411125	-5.25913766274825
5198	-0.196211326741798	8.59805952675858	-1.42585998554161	0.156647918007976	0.321229345269583	-5.44802373339033
52	-0.194999041929663	11.1641731447972	-1.6322723527445	0.105388081611739	0.246602139975343	-5.14404034552868
5201	0.164553797679412	10.3117494244866	1.95632422601599	0.0528787226690756	0.153201771044042	-4.58842991974474
5202	-0.110002510450742	9.24451653602712	-1.06155790453382	0.290685588138078	0.484182891312871	-5.88739194973725
5203	0.260686774252416	8.55847144476098	2.40267275143266	0.0178940303250226	0.0705008008878291	-3.67132926015292
5204	0.129165700065205	13.1171061695182	1.57781820534448	0.117385003511354	0.265135392125728	-5.22805020125911
5205	-0.319466974085349	6.62134067859827	-2.52097197589823	0.0130888012023756	0.0563091135060534	-3.39975542034264
5209	0.223729663273527	8.14730424691278	0.840073308240756	0.402629929846835	0.596008574729063	-6.09281854000728
521	0.0271996723214823	12.6743579331314	0.27875150818174	0.780941769871598	0.875669588886133	-6.40057240416023
5210	0.0186071260035219	9.53442093932998	0.129562548127413	0.897141411455728	0.943683620924025	-6.4305160917069
5211	-0.146120156364516	9.87951664946065	-1.34935214853921	0.179904097372687	0.350970204132828	-5.55065514309395
5213	0.297862294410032	8.25575367278757	2.35898076332009	0.0200310293367252	0.0764585500560769	-3.768660278424
5214	-1.45134711002773	9.59204269601039	-4.04634009944129	9.51748716814147e-05	0.00149457117887545	1.07028598233316
5216	0.0720439521930903	12.8127990726201	0.620560057656032	0.536130766386537	0.709034340389924	-6.24972160123302
5217	0.135485075256995	8.95375833127587	1.05777254675264	0.292400817317426	0.486255436086559	-5.89129757270206
522	-0.0424430544433915	12.130945284683	-0.431899309168929	0.666632345065143	0.802469304000489	-6.34711481977149
5226	0.251529209673247	10.319524909774	1.97605015827536	0.0505705485668917	0.148286915391785	-4.55156918785473
5228	0.397638777476336	11.4213862913066	1.76556355270691	0.0801529430332341	0.203652520559068	-4.9269772726842
5229	0.271248562482261	7.06063677596814	2.21527755130611	0.0287333316088785	0.0990065633258831	-4.07733278435481
523	-0.154717766791709	11.201653732952	-1.08721875345804	0.279239060741954	0.470210615149802	-5.86055552949219
5230	-0.26766951789501	12.2430700563718	-2.58173319503157	0.0111011559779464	0.0499159218170044	-3.25574691263644
5236	-0.380881911667809	12.4434151113778	-3.26084334904216	0.00146612194748065	0.0114571119074647	-1.44573001402359
5238	-0.27824291153007	10.8240567763147	-2.65763665003561	0.00900178674938573	0.0435077580748544	-3.07158837218536
5243	-0.312709386137811	10.4866916901828	-0.973156225015083	0.33254101889781	0.528737019460232	-5.9750278333828
5245	0.0815801986029791	9.86971499881139	0.837680422972743	0.403967229963374	0.597131231119804	-6.09478037681353
525	-0.0555182290396824	10.1449152287064	-0.320185453005503	0.749415276918082	0.855995646043404	-6.38837846689367
5250	-0.0634190037890955	13.7264739243565	-0.836244608898216	0.404770947943661	0.597677516985099	-6.09595489429522
5253	0.055465985847832	9.04109539163725	0.495823474639957	0.620975795851654	0.771433309329923	-6.31800785110155
5256	-0.253629647520142	9.59315588370375	-2.62238081556542	0.00992765145508624	0.0463534968511817	-3.1577128216952
5257	0.0509865983349862	10.2161791473559	0.658715682848873	0.511409809271141	0.691026504920599	-6.22580597569497
526	0.223018133188998	11.0784233812728	2.32042874576688	0.0221009260603254	0.0817892693809531	-3.8531989496388
5261	-0.340754540440564	8.31391139290173	-2.70965075130162	0.007778045626208	0.0392175643716049	-2.94268105588006
5264	0.122134253751194	10.32920888668	0.747520016284998	0.456292596606007	0.642293259707842	-6.16466777031475
5265	1.46920992359086	7.38936734939286	3.55005011699078	0.000561273581186682	0.00570950711896798	-0.569077827690266
5269	0.302689962534232	10.8700597471924	2.84347299643118	0.00529217610632688	0.0296161074784959	-2.60102603073862
5270	0.419369988670302	12.7656446270307	2.22486876813343	0.0280635449456915	0.0975183585403165	-4.0572818969359
5272	-0.126225946947053	8.80596080362153	-0.612942980267915	0.541137872948585	0.71277000176112	-6.25432629900542
5277	-0.120155571258863	9.52662211597724	-1.39707377749011	0.16511142158965	0.331991319944136	-5.48728017650304
5279	0.0888689324852387	10.0414305748264	1.09027175386534	0.277898168655211	0.469001620809002	-5.85732089151088
528	0.251948558753394	9.38334710905005	1.86197228432023	0.0651884648694323	0.176946851228837	-4.759953001499
5281	-0.0314328342168693	9.97742539799476	-0.378639775083245	0.705661314103629	0.829806809736421	-6.36831234898681
5283	-0.115453567818115	10.1034132216172	-0.926322925065453	0.356239805723315	0.551864365205285	-6.01842177423645
5286	-0.136391184276645	8.91586529886709	-1.13933293747937	0.256958424127292	0.444683968843795	-5.80412431176186
5287	-0.116558089874075	10.8272390152721	-0.718940271527916	0.473652363219008	0.656768259222596	-6.1851787947303
5289	0.164511335308406	8.99175722110619	2.16396010615615	0.0325589820701401	0.108969688776077	-4.18326511713466
529	-0.0119298175405948	11.9968144275871	-0.118172150106131	0.906139725670238	0.949572252932329	-6.43190356524338
5290	0.202141150304474	7.98041369495387	1.72571343964023	0.0871150064740803	0.215881221844096	-4.99356536227501
5291	-0.69746484707238	9.14672385005503	-4.89130396147736	3.32407885283698e-06	0.000121490669577139	4.21207342279209
5292	0.238401318943911	10.0544836515084	1.94398636854485	0.0543672743375947	0.156329619509568	-4.61130953208269
5295	0.329324922689092	8.85683641119661	1.41345516582545	0.160253308411713	0.325311459199005	-5.4650351802724
5298	0.209569801149389	9.34158092617699	2.18074844537183	0.0312614183493526	0.105567994916456	-4.14886034365347
53	-0.0859032662001666	9.58141486866228	-0.524430128535317	0.60100011222604	0.757439872900075	-6.30368874063148
5300	0.190383231799495	10.0343903141053	2.30765392059788	0.0228272476290092	0.0837269384616413	-3.88093350771925
5305	-0.070666876540949	9.90512832704228	-0.473314835708865	0.636895849614207	0.781621756227139	-6.32871257431264
5306	-0.443341914978732	10.1869181667118	-3.02956456310649	0.00303182625026855	0.0197811096581502	-2.1024230965751
5308	0.72328637725654	10.6062554186483	3.46752256108379	0.000742428405072419	0.00696261781945891	-0.825363007212332
5310	0.104302930675579	6.71096611487964	0.749026455750121	0.455387728344744	0.641347423039656	-6.16356467116448
5311	0.385265940852117	9.14979540252665	3.81970109846461	0.000218179861817278	0.0028114908870682	0.30124252311293
5315	-0.304417460392148	11.0529101200928	-1.86236037004828	0.0651333017116879	0.176928556954012	-4.75926377914327
5318	-0.292852557951239	9.19187775871095	-1.81487379623393	0.0721789330546619	0.190417753762858	-4.84259441422679
5320	1.01593760835492	10.6030460371085	3.58047136756637	0.000505710689300629	0.0052543022561298	-0.473396329868568
5322	1.2815259903333	6.99552177503633	6.15074527042029	1.18015162157447e-08	1.87462546042406e-06	9.55855424196211
5324	-0.136845286839758	8.57925279669006	-1.07152381324623	0.286202662958737	0.478355725625085	-5.87704404683701
5325	1.16055759807686	10.4728140676407	4.32445038223513	3.29690205226766e-05	0.00067574220723898	2.0583795993915
5326	-0.0587438788054523	7.8589221855164	-0.767353272945703	0.444461708929055	0.632538545098896	-6.14996873368709
5328	0.496751011265167	9.99406054377126	2.56634975712022	0.0115768916994278	0.0515499328502821	-3.29249478167796
5329	-0.0319299303532388	7.64421076733242	-0.165430825718486	0.868898611138158	0.926667891273193	-6.42531379012539
533	-0.138161937651282	12.2514468390116	-1.18905904680893	0.236893252061107	0.421438350640695	-5.74787430797332
53339	0.262778670173415	9.27890357122057	3.01870128236267	0.00313417517666685	0.0203045387915829	-2.13226909195378
53340	0.237823476038742	7.66746762927695	1.70545290344611	0.0908399447176702	0.222586159409064	-5.02686760578439
53342	-0.723541792541583	7.11855227867746	-2.89773115370321	0.00451038366927419	0.0264600632870773	-2.45844657369387
53343	-0.171044323834507	9.74841580563639	-1.47178264623837	0.14384147596157	0.304227045805665	-5.38380149417845
53349	0.0816955199854829	7.8251293227145	0.714898406337475	0.476136819930068	0.659106776038605	-6.18801562767661
5336	0.600349806385356	8.44915988590993	2.61554263437368	0.0101168839523257	0.046978132339909	-3.17429990025528
5337	0.4072079543558	7.31350671795465	2.75993214011725	0.00674066215905464	0.0351723748792112	-2.81599097425574
53371	0.104283054749857	9.99405449409687	1.26919775811707	0.206961878955395	0.385368060052569	-5.65229873442899
5338	-0.096715854465303	7.62089814519212	-0.946299491297193	0.346002172510997	0.542310805491619	-6.00016975274487
5339	-0.154101769626359	9.00135612687828	-1.15616584358216	0.250036368043106	0.435809326869816	-5.7853455312773
53405	0.450974824907622	8.06129539131801	1.52480778353884	0.130083219259365	0.285312637037268	-5.30721330290955
5347	-0.275229957414365	8.10764561037188	-1.34106378895741	0.18257202573852	0.354834101788277	-5.561445058456
5348	0.505537840949264	6.88071551272906	3.51431160570941	0.000633901851933169	0.00622595635786917	-0.680653191860092
5349	0.390295505486688	10.2320911949839	1.45332716109114	0.148886849688613	0.311343133779226	-5.40984678189699
535	-0.0826766363839442	11.00019265469	-0.602946108451608	0.547745066885061	0.71701652178615	-6.26028391721559
5351	-0.136817297477688	10.6857051362577	-0.824835047042652	0.411191990761419	0.603721873033821	-6.1052173523091
5352	0.163593877040248	11.1565504055189	0.808382799927147	0.42055806687746	0.611801625996446	-6.11835220882913
5355	0.512158067027918	8.00180169512528	3.22583105618827	0.00164050452011009	0.0125352149270207	-1.5477242970773
5356	-0.0964046797914895	9.63985600397845	-1.14273569925704	0.255548374711916	0.442986269699984	-5.80034988312351
5358	0.0535905290837458	10.1973744248439	0.323823951960264	0.746666089012703	0.854569057685393	-6.38722722149401
5359	0.00985112020623771	9.06259863633975	0.0768937038000646	0.938843222258436	0.968629155115498	-6.43586292391153
5360	1.07942285794774	11.0085281319754	4.62366462044004	1.00329465638314e-05	0.000287750481309887	3.1729070225425
5361	0.114269385871937	9.04260807320543	0.848994477377153	0.397667947298141	0.59201325429359	-6.08545571434018
5362	0.488073572686144	7.03795430727767	3.34478081902162	0.00111602008699205	0.00928330908212926	-1.19752965629787
53635	0.0606392624254396	11.2480351092435	0.672076478817706	0.502898105974737	0.682764358210277	-6.21709690718721
5364	0.2198509599622	8.22522496288232	1.61957513252952	0.108093427681815	0.250268972322698	-5.16387228291129
5366	0.0683038519566123	9.59381264891789	0.316425904391978	0.752259320409503	0.857817044052855	-6.38955437339962
537	-0.0875572513801779	12.4860314342758	-0.676445181688551	0.50013150190943	0.680238136962275	-6.21421159093835
5372	0.745338113967989	9.01590475249773	4.9055884382742	3.13053906682318e-06	0.00011492556751982	4.26860394332037
5373	-0.374261247238342	9.79445061902147	-4.01478274466854	0.000107030683875919	0.00161918214068698	0.96121346175307
5376	1.01502340471204	11.4427812446637	4.28317663572153	3.86964390835929e-05	0.000757423191541416	1.90875079444054
5378	0.091442031299405	7.7466524426106	0.637855346564407	0.524850080107393	0.701195731973379	-6.23905653388495
538	0.258569543129819	6.69384632260691	2.21053392991921	0.0290697192141164	0.0998402830389196	-4.08722024901136
53826	0.796113322022719	7.65500022667482	4.47552575941099	1.81932669200555e-05	0.000435583723941038	2.61466645499664
53827	-0.084737947290091	11.089881565877	-0.486680983049052	0.627421051347692	0.775939195108839	-6.32241557600449
53834	-0.753949998894914	7.94951086688414	-2.70054768823761	0.00798066504011849	0.0400232058042912	-2.96539949659665
53836	0.088717141697653	8.41685709459887	0.371818483073335	0.710719885291682	0.8327229642469	-6.37082655859467
53838	-0.233973760183077	8.81713037913626	-2.40211489549119	0.0179199875425667	0.0705524771694953	-3.67258212626899
539	0.0324205935151299	13.369628006382	0.360257502795203	0.719322790938568	0.837435694595148	-6.37498361266608
53905	-0.00116864523398154	7.43513697400317	-0.00720279897735899	0.994265667430985	0.996799904476264	-6.43874497395223
53917	-0.0608141148408287	9.97725996467478	-0.60565871480273	0.545948245908484	0.716128914340542	-6.25867696486407
53918	0.0964716709049824	10.0711663513887	0.768874264576108	0.443561790541326	0.632238203601614	-6.14882575577744
5393	-0.172195346644521	10.0796438105171	-1.85460325015748	0.0662433423063349	0.178405610515268	-4.77301445655511
53938	-0.233488851520702	11.0666029341697	-1.88031834148572	0.0626230699915412	0.171849354860508	-4.72722377380999
5394	-0.0928144364891368	10.3771424974992	-1.28234648059137	0.202328873917602	0.380604987146297	-5.63603880619354
53944	-0.00408094104930032	7.55492150610988	-0.0543718016898039	0.956734345851338	0.977870980310349	-6.43731669984712
53981	-0.0514281461501089	8.63632813939593	-0.50304322024487	0.615906749184401	0.767791993399209	-6.3144694001401
54	-0.126236899127448	9.03739861272792	-0.769220298332057	0.443357201639613	0.632136997059892	-6.14856540949302
540	-0.484421603240879	9.61517675526627	-3.45679134534091	0.000769673303988807	0.00715934852584183	-0.858333156813482
54014	0.0421518193031051	9.95857940991492	0.309625738544109	0.757412188875157	0.861842588509061	-6.39164610219905
54020	-0.333622894289354	7.87083373708301	-3.19491506639925	0.0018103743277152	0.0133993655438419	-1.63702741262717
54058	-0.0175754221524024	9.68772089716445	-0.0920207720425237	0.926843436205794	0.962140344610409	-6.43460645240865
54059	-0.0202237763437973	7.80282464668112	-0.14749720421095	0.883000766733008	0.935314995282719	-6.42807294122131
54069	-0.0867641387399901	8.85722011974379	-0.691207316072344	0.490843814848301	0.672143552826088	-6.20432476106919
54093	-0.289418388528744	8.05783636647291	-2.4050701590078	0.0177828577020769	0.0703142195400456	-3.66594203633782
54097	-0.349620426551906	12.1462371010831	-1.53028492281808	0.12872313207828	0.283232038083802	-5.29915407174253
54101	-0.124653259772972	7.83480327899021	-1.38615030916859	0.168412819157704	0.336012049817061	-5.50197449466793
54107	0.0183505198963695	10.6984919354123	0.224434301188013	0.822822116124519	0.903744749327495	-6.41400544611401
54108	0.082632995060013	7.83496493162715	0.745114067269013	0.457739892704391	0.643562810849068	-6.1664249809332
5411	-0.108508517894005	10.3971016455966	-1.27971411151181	0.203250215691716	0.381769023086927	-5.63930706469201
5412	0.245325403213148	9.31220259773832	2.44831477628318	0.0158801527151545	0.0647656828859474	-3.56793751397167
54148	-0.0872667992726775	9.43547366170815	-0.769123788188786	0.443414256775425	0.632136997059892	-6.1486380327262
54149	-0.294477071493101	8.70668872077908	-2.14908031932221	0.033747852273956	0.111636868154937	-4.21355436972009
541565	0.0626151460722793	8.76557859448454	0.499769044848325	0.618203296158058	0.769493554289566	-6.31608040799992
54165	0.0642120515819585	7.90440584594936	0.722039250907071	0.471752382450013	0.655233677322533	-6.18299300617453
54187	-0.809468652046208	10.00501106989	-4.97219579701285	2.36351911690788e-06	9.43124053413483e-05	4.53358736327056
5420	0.941423621967694	7.75236893326242	3.4227347475727	0.000862496850612458	0.00775373824155504	-0.962421775091737
54205	-0.0704129721519738	8.51758784331504	-0.525191151352556	0.600472734185647	0.757121780548534	-6.30329689718171
54206	0.0935784026346093	11.9511625887412	0.493764895737188	0.622424503468342	0.772535897618107	-6.31900744573801
54209	0.17945351681113	7.48877496137107	0.981433964540282	0.328462067642681	0.524675435839982	-5.96713917589859
54210	-1.79701254127793	10.0335233381322	-4.26347532425879	4.17567842310351e-05	0.000796561288102425	1.83768928568138
5422	-0.0485345627303634	8.26260733006333	-0.338401526945852	0.735684571287489	0.848198667241119	-6.3824845706275
5423	-0.18087212822063	8.27624109112394	-2.21617061525077	0.0286703824476116	0.0989212025970223	-4.07546913854342
5425	0.057015420734162	9.11252047135401	0.454919403318919	0.65003445791731	0.789667001563481	-6.33709334577191
5427	-0.352592834821677	8.2659985040734	-2.51708398066768	0.0132262316159978	0.0566327104978394	-3.4088663172235
5428	-0.0716373823217354	9.13498968584884	-0.916131485435184	0.361536517573968	0.556520990525713	-6.02758569567904
5429	0.00445378474851125	6.56472231904515	0.0433123067296411	0.965528536455516	0.982325769298598	-6.43784796203476
5430	-0.091146722101211	9.16535969624153	-0.798326323329832	0.426345097251571	0.616420532697003	-6.12625213151637
5431	-0.0367403857625037	10.1216932427888	-0.47728765142398	0.634073275907419	0.779613762875153	-6.32685915772907
5432	0.0281384034565385	9.74210475265481	0.228853924994361	0.819393487286234	0.902545700091252	-6.41302071458064
5433	-0.31283234260909	9.01492138042424	-2.71624630655869	0.0076341692433014	0.0386849457300003	-2.92617877027472
5434	0.214285024473477	8.65654682959218	1.88156595440336	0.062451727096088	0.171436113597104	-4.72498710628024
54344	-0.226930243203775	9.52947320513413	-1.92143444949014	0.0571797361036173	0.161914508130229	-4.65278072488169
54345	0.863897625012398	7.64436858834213	4.7821854732875	5.23852120191628e-06	0.000177336824294379	3.78376173166025
5435	-0.0717525997456944	11.3556552909542	-0.937362610415654	0.350558467493052	0.547271393213497	-6.0083825086305
5436	0.116260717941398	11.59147129026	1.22851584771854	0.221789628917007	0.403029196773407	-5.70157490364796
5437	-0.13544547810353	11.0599833559604	-1.27830989076881	0.203742963929785	0.382315510130428	-5.64104782979159
5438	-0.304387476403422	10.4333767641959	-3.58009065391685	0.000506372760742238	0.00525457161272725	-0.474597756174628
54386	0.140733134819816	10.0381155261531	1.49504998249379	0.137671141055396	0.296059261941571	-5.35051524410841
5440	0.292956905316667	9.44630926929143	2.59173018941346	0.0108015045876789	0.0489684016982588	-3.23176180638345
54407	0.382621712687654	11.7418070133455	3.03284029457644	0.00300157532178342	0.0196926228418833	-2.0934054721964
5441	0.0283311620156616	10.4408988755593	0.206305838364729	0.836920908960097	0.910609034411111	-6.41784387609972
54431	-0.0672406167589452	9.65514691337283	-0.676530308345974	0.500077674438058	0.680238136962275	-6.21415518474569
54432	0.100966938295986	10.7262660004115	1.25332983164284	0.212656314933993	0.392172619190619	-5.67170447017063
54433	-0.105590017649792	10.9007670945459	-1.27684281354826	0.204258709255425	0.382539582691814	-5.64286453379887
54436	-0.378801117618853	7.6178067232222	-2.67597686189477	0.0085517004638303	0.0420208482041869	-3.02638594362225
54438	-0.0192194286682205	8.38703925895176	-0.0896955941780332	0.928686893834182	0.963324594131652	-6.43481421964205
54440	0.852753895113895	6.43494731395446	5.27255846813893	6.48078374584725e-07	3.64158324766655e-05	5.75592507127691
54442	-0.103434920351801	9.32846512215211	-1.38352175323579	0.169214691181012	0.336965671490343	-5.50549381529861
54443	-0.160871899956157	8.67099974992765	-1.21888491550225	0.225410146126664	0.407751281763526	-5.71301180002721
5445	0.309980185040614	10.9843654534984	2.57197388939243	0.0114008789055177	0.0510413332030225	-3.27908247890323
54453	0.712614268344628	9.13005196719221	4.6679667298371	8.37785158948555e-06	0.00024892465514083	3.34224167307829
54460	-0.119891766016147	11.973102263412	-1.42527057746037	0.156817803932435	0.321418129151839	-5.44883526578166
54461	-0.276907837526856	9.3763543301663	-2.65994029590879	0.00894409961548582	0.0433049606236301	-3.06592567630268
54462	0.0482756692020715	8.90589612769957	0.437853373575959	0.662323058703136	0.799300652193429	-6.3445725084281
54463	0.448150643136164	9.29582901731256	1.80917348528975	0.0730657124319496	0.191838138807344	-4.85246121747967
54464	0.293745481507682	8.99186764636764	2.91548540807848	0.00427855376553121	0.0254433794840085	-2.41128914368118
54465	0.380860755563703	7.18675721381481	2.73413738388155	0.00725597999554701	0.0372691208322962	-2.88123811234737
54468	-0.0531718454619762	9.11003577133783	-0.702324549969787	0.483911806022813	0.66674087035003	-6.19673940035795
5447	-0.0427415712926638	10.2128320386712	-0.384027185896439	0.701675370122905	0.82741765907399	-6.36629442275018
54472	0.43720075966873	7.51488200627733	3.60404389536798	0.000466273486674744	0.00492508823520894	-0.398811264203837
54475	-0.321857050692574	7.9918756697018	-2.15473739940681	0.0332915005893107	0.110590589633059	-4.20206147369523
54476	0.0452991590373409	8.00028145153988	0.518231246293405	0.60530372134822	0.759987434672093	-6.30685942592582
54477	0.0285891684034187	8.63859367578409	0.180993058457399	0.856695188854202	0.919956092035323	-6.42266333033067
54480	-0.25509092636478	9.51941383791171	-2.33953876876942	0.0210524309984055	0.0791862841743303	-3.81145129400695
54482	-0.0457007861461413	7.88342072384055	-0.556691435424918	0.578832113854204	0.741034293309938	-6.28658180438031
54487	-0.0818813942258601	9.5629232080587	-0.481849551082142	0.630838816456246	0.77737261284926	-6.32471188989222
54494	-0.0698722975142006	7.32713951986881	-0.701124102123275	0.484657729516363	0.666878701616718	-6.19756425135445
54495	0.153863609021617	7.46625932177478	1.27014025199994	0.20662721338832	0.385023075063942	-5.65113864583457
54496	0.0461001351418628	7.93454027757211	0.316926769660336	0.751880225363975	0.857808102418016	-6.38939851389495
54497	-0.135856947777335	8.68888464429061	-2.20571654451744	0.0294148473600265	0.10064898061053	-4.09724160538971
54499	-0.105026114124981	11.0129795942248	-1.15913652113967	0.248828590144138	0.434621305686314	-5.78200353193229
54502	0.039939509760117	10.9678597198277	0.565815673236516	0.572633818449062	0.736888793186277	-6.28155938050591
54503	-0.021880620736291	7.70411709694899	-0.174516077397227	0.861770197123112	0.923005942458105	-6.42379536267937
54504	0.191063790504113	10.7717601122569	1.09727314259984	0.274839920353301	0.465581981566502	-5.84986943513434
54505	0.044433309052748	9.81318972415935	0.595069969967149	0.552978924215974	0.720892042036265	-6.26490914046586
54507	0.280425083620649	9.88658221167166	1.46527177652289	0.145606038860734	0.307126118740976	-5.39302605108338
5451	-0.184102063161013	8.72336323915351	-1.80324222104756	0.07399798957743	0.193119555737621	-4.86269672025077
54512	-0.123116647389867	9.04387775496258	-1.20074102895023	0.232346680416251	0.415835973321906	-5.73431985104598
54516	-0.0613073834207038	8.08989299189365	-0.738240500229771	0.461889030329705	0.646644642461587	-6.17141426288985
54517	-0.267844819644776	9.07904642439147	-1.75723696075782	0.0815685102344187	0.205951020709875	-4.94100956439045
54518	0.292200053986312	7.78357897005833	2.21507385151832	0.0287477066192088	0.0990065633258831	-4.07775776879205
54520	-0.16320753313728	8.40089533035546	-1.78847012544941	0.076362757924482	0.197358066475664	-4.8880509068718
54522	-0.097367871061434	7.36150829345889	-0.963008262565467	0.337586576893122	0.533881892616731	-5.98460917420192
54529	0.0612132057254188	10.9939270408661	0.714731203570751	0.476239751902704	0.659138798712523	-6.18813263967577
54534	-0.0579378345662154	9.99773029511063	-0.516768084267971	0.606321567327221	0.760433669317164	-6.30760235017569
54536	0.778678987777386	9.21042160751632	6.0410819223611	1.97824176203438e-08	2.72337949240066e-06	9.06701970590104
54538	0.533715976345434	6.66303459176748	4.67480064647335	8.14732076579267e-06	0.000243885904192486	3.36845905422306
54539	0.0849596166308777	11.6300828403914	0.946119251308563	0.346093685009918	0.542351325779154	-6.00033614622327
54541	0.0327765644831579	9.10311023824475	0.122269300537773	0.902901544454314	0.947043397738747	-6.43141917675554
54542	-0.1376713123792	8.13685438304863	-1.61732795850025	0.108577975545383	0.250868273567795	-5.16736678796109
54543	0.00509396950669676	13.6354900343284	0.0575932140892332	0.954173726726829	0.976638783489914	-6.43713933173415
54552	-0.239234776654122	9.0745187332196	-1.25244281081163	0.212977986138283	0.392521091172293	-5.67278225253416
54554	0.186129522570124	6.5832247527019	2.02509141998865	0.0451999761802696	0.137160838813015	-4.45843721048527
54555	-0.197333019154871	8.07212439032108	-1.99833673331617	0.048066210310322	0.143193777722938	-4.50950907828871
54556	0.142151052196856	8.78477563745823	1.58049876318456	0.116770048686045	0.264107503326048	-5.22397844820178
54583	-0.828310532993053	8.13992984424935	-3.73355518826333	0.000296562528306533	0.00350946487652144	0.0178112298718531
54585	0.482790720139209	7.12461176361436	3.67242460210923	0.000367674442928082	0.00410404175484589	-0.180272220881099
54587	-0.17247411481627	9.29261992697733	-0.711468469554496	0.478250799978926	0.661036078953469	-6.19041054118555
54596	0.13611916304208	10.1588525441064	0.786944669699228	0.432951145034136	0.623787974530256	-6.13507510932305
546	-0.0320406151536188	7.74050308478918	-0.210182079233077	0.83390166529041	0.908938883304889	-6.41705027441634
54602	0.0461200151090975	10.7423280943795	0.424787399586918	0.671794263691543	0.805417554741905	-6.35010604910171
54606	-0.159153020169774	9.17906349049699	-1.72518105350376	0.087211263838343	0.216001511035896	-4.99444521504623
54617	-0.106720284438109	8.66682490245285	-0.87547745368252	0.383159489624907	0.578591843565215	-6.06314669631795
54619	-0.169077995243963	7.00973516747732	-1.84114425999746	0.0682067757276849	0.182326203077889	-4.79674454943838
54622	0.176458945128345	7.76598209895893	1.61466471102833	0.109154492434629	0.251918443003642	-5.17150232162049
54623	-0.25867617662535	9.63565770086726	-2.93796433923065	0.00400074253428199	0.0243013894738784	-2.35122843576661
54625	0.322576381189883	8.36159107040976	1.91371172779731	0.0581706051437043	0.163656396161071	-4.66687815890621
5464	0.0339627262854465	11.9677030084609	0.323496913833945	0.746913060491733	0.854620013805474	-6.38733122961912
54662	-0.00250407629571202	8.99466599943835	-0.0266458189949021	0.97878892872479	0.988844979362373	-6.43842133385324
54663	-0.0211638376593529	9.0596573940954	-0.137629947715402	0.890776265506304	0.940535849812357	-6.42945623523949
54664	0.301594964190889	10.8252733451609	2.19256026152812	0.0303756473735834	0.10312488586346	-4.12450788545722
5467	-0.176941726189219	9.89692581210079	-1.78625606284136	0.0767225167422684	0.197978128175925	-4.89183406796496
54674	0.206879088914541	8.61720619201187	0.654678181137579	0.51399687950842	0.693274693785034	-6.22840363297587
54675	-0.209126945681767	10.5861902018577	-2.74132698292642	0.00710886189244952	0.0366994995197707	-2.8631059473034
54677	0.198536952304182	8.0276938966214	0.969718593006273	0.334244651775804	0.530240013111668	-5.97828458179137
5468	-0.18052374060608	10.5059996829323	-1.40588719275026	0.162483909798453	0.327985604822879	-5.47534315669078
54680	-0.0361095126580173	8.38396616731033	-0.392688231001546	0.695284825005619	0.822995717962853	-6.36299071741384
54681	-0.408901940832637	10.942713579366	-3.00651801971847	0.00325275143478956	0.0207866514716476	-2.16563348404327
54682	0.159412986671158	8.20205974983091	1.61757494617258	0.108524633695903	0.250815185878051	-5.16698293208834
5469	-0.0529953085343011	9.67592495695873	-0.443036147170509	0.658581192347442	0.796352020024868	-6.34233129058636
54700	0.00982188005099517	8.43386683852121	0.117921744178018	0.906337685736485	0.949572252932329	-6.4319326345029
54707	0.194066797484304	9.73652516403089	2.39073835698182	0.018456681996988	0.0721645354105385	-3.69807503448382
54708	0.172340409016555	8.72536177432474	1.81979407134768	0.0714206994299001	0.188839621411964	-4.83405427752484
5471	-0.285121218845539	9.52232207887086	-2.98160505857101	0.00350821652089864	0.0219862431431129	-2.23350182948237
5473	1.37397203103074	8.08222973462181	5.00627638434575	2.04521532498328e-06	8.48918521827232e-05	4.67004372282555
54732	-0.334031172537757	12.3055789625845	-2.27758837482151	0.0246201168758522	0.0884157417349377	-3.94565750904672
54733	-0.81966267513668	8.94108274166018	-4.08371028203381	8.27576065357024e-05	0.00134562564957658	1.20026687631074
54737	-0.179877850817238	8.90824208266638	-1.40984839236985	0.161313434297567	0.326340672862577	-5.46995445409289
54739	-0.0538584461162372	7.80993403496196	-0.424736381829736	0.671831350141855	0.805417554741905	-6.3501273280593
54741	-0.0732855684152492	12.0809519635071	-0.622405494906865	0.534921228866635	0.708311854831422	-6.24859749304615
54749	0.874644380508322	7.04285849373525	3.39265799375791	0.000953121851735406	0.00830307644776436	-1.0536536521315
54751	-0.0837336361067056	7.49251361304455	-0.524656462454467	0.600843243879077	0.757439872900075	-6.3035722625089
54757	0.762710982287109	6.94085067702824	4.11713077913804	7.29798881108539e-05	0.00122364474044616	1.31725517237425
54758	-0.096926163580963	7.99770579161942	-0.938318515427598	0.35006928469283	0.54681775559054	-6.00750772044681
5476	-0.29606311143461	11.4732279091151	-2.35280574004974	0.0203505864645677	0.0773565780935708	-3.78228597143991
54762	-0.119205552754703	8.37031702836789	-0.848423268536718	0.397984531984165	0.592207519831009	-6.08592944544098
54764	-0.13452102306722	8.69087053162762	-1.38336447847667	0.169262761547768	0.336965671490343	-5.50570418270356
54765	0.135182935494967	9.43178580256076	1.38012698554608	0.17025459459545	0.337972350723004	-5.51002945188984
54776	-0.152975720200487	8.31496032900263	-1.05160783039845	0.295208902034243	0.489447115777368	-5.89762888106423
54778	0.0851359567344512	7.99311926360915	1.01812336375992	0.310780395217336	0.505909986333937	-5.9313842149222
5478	-0.316581775115511	10.7849253521092	-2.05919758765642	0.0417589332805849	0.129222870674833	-4.39241832957764
54780	0.149170195819595	10.3355453185691	1.62617208700152	0.106680969316819	0.248305128371754	-5.15358685079063
54784	0.0165969114325759	7.23313141432333	0.173272646287951	0.862745150491608	0.923451463400374	-6.42400796990573
54785	0.131833728434661	7.83616899715027	1.17315534491948	0.243184798633933	0.428295615504539	-5.76611948948038
54788	-0.144716463840312	9.16763978496592	-1.749628531868	0.0828798949236855	0.208461611470658	-4.95377672049111
5479	-0.579312012125372	12.7585964237289	-2.16630145636131	0.0323752603496149	0.108530702308368	-4.17848158205303
54795	0.0259688714207055	7.56763326799466	0.148829150711215	0.881952036517142	0.934596173112878	-6.42787888378607
54799	-0.0454093427591601	8.21641255108596	-0.30047897436684	0.764360432966088	0.866422008549456	-6.3943880981709
5480	0.299469799331982	10.4210557329502	2.5161339806324	0.0132600075185014	0.0566327104978394	-3.411090584728
54800	0.256390243176261	9.28246263802332	1.5773315123576	0.117496933005304	0.265243144745506	-5.22878877652709
54801	0.0849564917095953	7.51237886266691	0.491085658914098	0.62431221438128	0.773847837666838	-6.32030221501733
54802	0.0588743849278927	9.84660431884583	0.5901349192692	0.556270981896926	0.723310530707013	-6.26777643024954
54805	-0.462951371393367	7.44824548116901	-3.86947571199246	0.000182334300571871	0.00244493721221372	0.46726505277347
54806	0.169822540132779	7.55134707231094	0.96530785934022	0.336438873699714	0.532678761119347	-5.98244663171275
54807	-0.189372977646012	8.1095392269193	-1.80039123728396	0.074449601549781	0.193808291459562	-4.86760534573973
54808	-0.418506955179072	9.75969064992304	-4.40503603863908	2.40476122003442e-05	0.000528279991422455	2.35344598481299
54809	0.468126840343923	7.22585858658571	3.12547712587104	0.00225332858715727	0.0158674289257622	-1.83499172921303
54811	-0.218240691678145	7.79462410383007	-1.57468625373486	0.118106773731691	0.266183342707714	-5.23279924786557
54812	0.0348152768830675	9.53484426583867	0.33427250171962	0.73878959337408	0.850035108130644	-6.38384905553331
54815	-0.309124072108157	10.1063182745826	-3.24538925866845	0.00154084328894208	0.0118943152114739	-1.49086142662255
54816	-0.0339351450766116	7.99951593927285	-0.282568844577087	0.778021006249954	0.874177266833808	-6.39951941930745
54819	0.0364519624882276	7.67062070593256	0.421072298921494	0.674497001676189	0.806739825346846	-6.35164891585726
54820	0.28540528235622	8.28653777085444	2.34447503148544	0.0207888364844207	0.0786133041546604	-3.80061714833303
54822	0.120032482380883	7.51840543082902	0.70029718116277	0.485171921228505	0.667136586218215	-6.1981316312333
54823	-0.15923912349274	7.74849252655389	-1.9154786329567	0.0579426349223482	0.163291083063322	-4.66365745115035
54826	-0.0487448673100739	7.97083270065471	-0.508170288992798	0.612318209457546	0.765281950388762	-6.31192566700217
54832	-0.0571515100629754	7.52174089935841	-0.716126445378269	0.475381203495001	0.658453214836517	-6.18715538919791
54834	-0.207991939936817	7.79487142744615	-3.07158324139997	0.00266434300603554	0.0180093888951338	-1.986127278183
54836	-0.535723704057205	7.7027042677612	-3.46581951162895	0.000746690737451899	0.00697699716216367	-0.83060087093751
54838	0.106065919046829	8.53961508453568	0.62246924352373	0.53487947164145	0.708311854831422	-6.24855860272529
54840	0.0567910632858182	9.22867834223409	0.699285056341801	0.485801682621198	0.667440716988841	-6.19882518276961
54841	0.257156903970606	8.19883807921851	2.51814488216318	0.0131886038751264	0.0565224121273571	-3.40638150747899
54845	-0.840997224379424	8.44127238638712	-6.20534669181235	9.11073426937025e-09	1.63597097967388e-06	9.80488906424189
54849	0.0575150732350004	9.00355034180664	0.430905784235615	0.667352505436491	0.802844697772417	-6.34753566527855
54850	0.273507218994697	9.02344903441723	3.20459325878678	0.00175551161644634	0.0130980646248445	-1.60914794951839
54851	0.194019799325668	9.36928423049031	2.86099809500509	0.00502704795344928	0.0285549358317103	-2.55522751147814
54862	-0.00379342918362325	7.88972896667578	-0.0385626684827695	0.969306679382768	0.984668062340121	-6.43803919567159
54863	0.562500647262699	6.39742808727646	3.95733764604553	0.000132326286350059	0.00190089587000258	0.764301505862635
54867	-0.277456283992222	9.92518949009616	-2.50005007201981	0.013843693653202	0.0584904908314314	-3.44863466025045
54868	-0.0301116312428347	7.11319728026048	-0.214232157183298	0.830749667595174	0.907430872035988	-6.41620531427846
54869	-0.113199319104773	11.0334929035835	-0.711808235161039	0.478041159864018	0.660856900498208	-6.19017381308128
54870	-0.107718620999291	10.3100277363306	-1.42921609361716	0.155683275990543	0.320301592563027	-5.44339667877291
54872	-0.275841944294803	8.58048025794975	-2.62964943601341	0.00973001553534904	0.0457427025167803	-3.14003972705034
54876	0.0836950431592184	8.00897167040877	0.754857562869253	0.451894839975126	0.639073966853792	-6.1592740857727
54878	0.137103588483473	9.6187274786241	1.89855883193219	0.0601568436786226	0.167547445047029	-4.69438450840386
54879	0.0178988379307903	6.55648210343361	0.1855039832139	0.853164204816371	0.918388132585837	-6.42185056763771
54880	0.148763059993866	7.5672408459839	1.44317363248913	0.151720420697009	0.31527312577542	-5.42404103250069
54881	-0.0662943747544519	10.6099654865596	-0.794811171655639	0.428378949844588	0.618711335148855	-6.12899042134878
54882	0.00478790002240592	9.53445465357478	0.0529427102713457	0.957870440898797	0.978190759850753	-6.43739211634239
54883	-0.136430947151929	7.94936757116661	-1.85863126461291	0.0656649797114164	0.177801602889572	-4.76588091731619
54884	-0.102236941663201	7.80544457548191	-0.683454005631651	0.495710114403376	0.676340526093804	-6.2095438710585
54885	-0.0303462277050961	7.30896730396243	-0.229272048566126	0.819069297894037	0.902429291797352	-6.41292655958343
54888	-0.190616445701974	10.2540408683858	-2.43431766154006	0.0164751542212471	0.0666234799071452	-3.5998307171807
54890	0.062727111753154	10.4948312566224	0.76158480602635	0.447884290541152	0.636094264076671	-6.15428320411113
54892	-0.136894987547384	7.78160796264405	-1.20382996355767	0.231155039714947	0.414623371996842	-5.73071421411244
54897	0.579679366920231	6.59010053506536	3.41289622899014	0.000891210689714915	0.00790698205912481	-0.992336696664833
54899	0.0941398960020397	7.86078606808313	0.971554411014501	0.333334142900794	0.529386660326967	-5.97654677178174
549	0.064466897343368	9.58991042437177	0.842788266870174	0.401115894691618	0.594619039869484	-6.09058595655956
54901	-0.324664453494714	7.15642878410399	-2.01133527224398	0.0466549028017615	0.14015015483992	-4.48477509702978
54902	0.0638891912112483	9.9858495199725	0.753982858543806	0.452417815688586	0.63947312697612	-6.15991980134535
54904	-0.230694446715415	8.50311474534719	-2.31143823477486	0.0226099281323947	0.0831143775583358	-3.87273212812335
54908	-0.0885375684756909	8.10355811001305	-0.800573752555611	0.425047739554716	0.615203023676215	-6.12449513242396
54910	-0.253904913288657	10.5354843203657	-1.41237109587063	0.160571382778586	0.32555709910435	-5.46651501638592
54913	0.861374771491388	7.37470613996498	6.18893808009118	9.84858402824219e-09	1.73083625687831e-06	9.73075158890017
54914	-0.231405968457354	9.04575178521977	-1.99790495649068	0.0481137072417159	0.143214133987954	-4.51032811542578
54915	0.098749538787294	10.7991820759085	1.13564348765366	0.258493445352842	0.446685326069974	-5.8082043173462
54916	-0.028003550044614	7.57506472485596	-0.28933026796972	0.772855444742553	0.871506617552694	-6.39761923073521
54918	0.0367592316142974	11.9126982470783	0.413267926395047	0.680188530810313	0.810963808385276	-6.35484604031057
54919	-0.295873856222523	8.32128750145341	-2.70970383660466	0.00777687785502987	0.0392175643716049	-2.94254837497882
54920	-0.122715226082597	9.04756052347092	-1.45894494295957	0.147336767060472	0.309197585345402	-5.40195217243568
54922	0.723242148403462	7.74528134815864	3.18595205318401	0.00186260281498649	0.0136786388590185	-1.66278419993125
54923	-0.190820851195701	7.25719815485952	-1.78570651661548	0.076812028007706	0.198147205291584	-4.89277239040484
54925	-0.115068878597637	7.76515984604431	-1.3880012511427	0.167849903685513	0.335456134634005	-5.49949243426817
54926	0.171371353428264	9.30258945218067	2.1353747385371	0.0348760012670187	0.113907377291119	-4.24128327496715
54927	0.00669386828735855	8.98895547906838	0.0669212518755133	0.946761903643273	0.972547360290192	-6.43656817670954
54928	-0.0499400388301119	9.60700234462561	-0.522449455849848	0.602373683047877	0.758301770728246	-6.30470591951981
54930	-0.07087862020262	8.74960773679508	-0.519851701591667	0.604177360793557	0.75924311580021	-6.30603419610228
54931	-0.00741795922722265	9.73722407576022	-0.0589825800868122	0.953069501226104	0.975629455958312	-6.43705968446317
54934	-0.0383246896044212	9.76717979567622	-0.438402688948106	0.661926056157933	0.799226607786073	-6.34433620982263
54935	0.172678235268377	9.53760529194828	0.973648108672557	0.332297715100677	0.528451891939081	-5.974560905426
54936	-0.231184025704496	9.21058885505146	-2.53312742003834	0.0126673542636847	0.0550117488002292	-3.37119025993727
54937	-0.75144127089091	7.44841285907917	-3.44933403377583	0.000789157134261038	0.00727504233146894	-0.881196269143566
54938	-0.227013080035305	9.18472280915713	-2.08502035989531	0.0393053698100717	0.123964243845434	-4.34175438557867
54939	0.146285777529654	10.8643103453803	1.58791600894998	0.115081791372614	0.261147141960932	-5.2126772632307
5494	0.394634298442638	9.30768944348005	3.09532756311121	0.00247537412335466	0.017183706106837	-1.91981286376292
54940	0.0756050334831149	11.9219032373177	0.708101490132336	0.480331022887437	0.663022217567643	-6.19275039424056
54942	-0.0942920355523421	9.15235216285806	-1.47745722552851	0.142317153226486	0.302206384221652	-5.37572971303818
54946	0.0845533984274709	9.51853080411001	0.880221418847051	0.380595673993286	0.57630069059295	-6.05907904193871
54948	0.115119325102859	10.313891854471	1.14107023293405	0.256237834763796	0.44390195368057	-5.8021986338354
54949	-0.118276129962336	10.2619542605753	-1.18190066983551	0.239710551224526	0.42438566769097	-5.75611625002043
5495	-0.194806880708613	9.71013935950026	-1.56220128218283	0.121019098813025	0.270972555217021	-5.25164077811483
54951	0.0514614263102319	10.630101264661	0.487481284942691	0.626855694596779	0.775704574886801	-6.3220330010347
54952	0.00220158517561609	7.70496312707745	0.0275696405496429	0.978053716909931	0.988815741261567	-6.43839670367758
54953	0.145729539244054	8.07298568736784	0.85027684668155	0.396957772157024	0.591533681763849	-6.08439103713314
54954	0.19161047141554	7.60616564616995	1.7224684778031	0.0877030587388333	0.216829471769758	-4.99892418264307
54955	-0.180322000539896	7.98987176778641	-2.30930642325287	0.0227321252267187	0.0834892638384599	-3.87735369878012
54956	-0.158061654497992	7.63913019941067	-1.60999586003744	0.110171081555703	0.253549986669468	-5.17873649630807
54958	0.241453489125162	8.55957634185207	1.65236709488298	0.101218091150432	0.239490527901052	-5.11235261194017
5496	-0.0958191111140526	10.2974618618172	-1.01136531449118	0.313988568727625	0.509037404845964	-5.93806694754543
54960	-0.132112174644999	7.27122886483891	-1.62850919039979	0.106184147426314	0.247830326145057	-5.14993346768682
54961	-0.224397145721358	9.79191225160306	-2.10586395087582	0.0374163510979251	0.119883266124461	-4.30043394103917
54962	-0.452143649625145	8.42343435530267	-2.24373344659863	0.0267858490723164	0.0940693509087304	-4.0176134209298
54963	0.162338533829602	9.22342731414712	2.33523629018674	0.0212845838413012	0.0798159854171208	-3.82087753416304
54964	0.0997772116087093	8.25534367942966	0.823621300876779	0.411878646999858	0.604391121730116	-6.10619529390133
54965	0.115798444262246	8.01812987591513	0.728486060145181	0.467813523753437	0.652588490314371	-6.17841606994287
54968	0.267075803829863	9.32139047462077	1.2767722292789	0.204283547125132	0.382539582691814	-5.64295188829745
54969	0.180647082385759	9.41889576782255	1.55316940595344	0.123161203465305	0.273986410079025	-5.26518164255777
54970	-0.120095314393445	7.41288800364912	-0.831143685776316	0.407634090387378	0.599867733226393	-6.100111434881
54971	-0.135691228303452	11.4378307081789	-1.09139917301838	0.277404125729814	0.46858038415711	-5.85612415220256
54972	-0.0425876351161557	10.0611638088117	-0.341524982556636	0.733338636512978	0.846887413196406	-6.3814412824923
54974	0.152137520255788	7.16113247074587	0.959456847963104	0.339364050587392	0.535667314705114	-5.98793896107524
54977	-0.272200454312438	8.09160904886331	-2.38735305151066	0.0186191140999137	0.072612786810806	-3.70563986708772
54978	-0.228862192691418	8.72211961249818	-1.65606157897097	0.100466112420868	0.238120541921484	-5.10648654544628
5498	0.0455874206552021	8.80946878309969	0.581273634952979	0.562206340372679	0.728257724550452	-6.27286532263184
54980	0.073291096129711	8.44411197065444	1.11611394549783	0.266726077054756	0.455582374303204	-5.82958577474427
54981	-0.0433580426217492	9.87656838581596	-0.443309070133044	0.658384385865102	0.796230604281953	-6.34221254048766
54982	0.207061447825774	7.6718709404723	1.48430487430425	0.140494484045131	0.299248179013096	-5.36594954889912
54984	0.0301150825950507	7.63875687460532	0.246626770973029	0.805641710665561	0.891816326235957	-6.40886708734814
54985	0.0721084394644088	10.5664955099159	0.639414669092973	0.523839111090168	0.700342954150129	-6.2380806815892
54987	0.092964865836847	9.90764581197558	1.09450149180293	0.276047798342579	0.466898115198094	-5.8528248367224
54989	0.207654754295972	8.40085955536885	3.16227763618597	0.00200737736005822	0.0145192092767784	-1.73052707093622
5499	-0.0310597508890069	10.8856750257013	-0.27950770942441	0.78036292637679	0.875669588886133	-6.4003649474169
54991	0.0348178109765346	6.86661727286684	0.26029713992469	0.79510527918579	0.88499792562655	-6.40546119766901
54994	-0.028100008905333	10.2235009476986	-0.29275123556316	0.770245772832862	0.870108053008676	-6.39664073159285
54995	-0.204169843999117	8.16621776125079	-1.69873461069535	0.0921034021456114	0.224881496223101	-5.03782808580189
54996	0.566314430130293	7.33410745458008	4.4847354325263	1.75384984545197e-05	0.000426082344806861	2.64900800691528
54997	0.881887151667613	7.76472292341634	3.00667509492567	0.00325119666426951	0.0207866514716476	-2.16520405526942
54998	0.0463974568783183	12.2635752757629	0.656222438283266	0.513006567072975	0.692278099007152	-6.22741195668268
55	-0.520782545599134	8.76651822358215	-4.0821600641948	8.32403217404342e-05	0.00135081543728092	1.1948573771551
550	-0.257010247247818	10.6250265205897	-2.86346821220549	0.00499067308774107	0.0283904681162129	-2.54875281543769
5500	-0.0914600332304442	11.299574411877	-0.923218215533194	0.357848115911987	0.553034465921169	-6.02122403608368
55002	-0.079999660235941	9.16695989706203	-0.592575312951229	0.554641841813048	0.722381206776377	-6.2663615145619
55003	-0.106107533033975	8.97944754252509	-0.857243088254059	0.393113434949372	0.588672402589161	-6.07857966010559
55004	0.0421482508911093	10.4551985822284	0.409644256644733	0.682837493981434	0.813183059441558	-6.35631023566433
55005	-0.058223792911248	8.1855542102291	-0.724404956179159	0.470304840974043	0.654323393371332	-6.18131814580003
55007	-0.448626708948424	7.71698938367894	-1.63381714606	0.105062685629754	0.246049839325707	-5.14161744205402
55008	0.0918984275277125	7.5102461483167	0.690013649139954	0.49159131191183	0.672498217355368	-6.20513207477449
55009	-0.367613898033862	8.78528125483116	-3.03033421324572	0.00302469342095437	0.0197790978289903	-2.10030510024368
5501	-0.0674854442714259	12.0827286326421	-0.684006538175523	0.495362460602612	0.676151101311388	-6.20917386781328
55012	0.290783057985891	10.0219938629145	3.21021259912561	0.00172437203942245	0.0129367057635144	-1.59292849974414
55013	-0.0808514133488548	10.5391707736805	-0.76382960017958	0.446550595518535	0.634745812938065	-6.15260806042022
55014	-0.325005666815934	7.68478622617835	-2.70532447968199	0.0078737518392569	0.0395844127767876	-2.95348644648392
55015	0.101709575894592	7.70581278835423	0.724521176789899	0.470233791340306	0.654323393371332	-6.1812357246468
55020	-0.00853068493210021	8.47366145422531	-0.086450099695178	0.931260647206972	0.964419877874823	-6.43509533313077
55023	-0.192586075979965	10.6085318872813	-2.0246698366412	0.0452439827416864	0.137243957931079	-4.45924686196717
55027	0.130897012603559	8.18749857408883	0.911787536599918	0.36380928987839	0.558666059564139	-6.03146132863888
55030	0.00512260481014526	8.56367119661124	0.0566745769879163	0.954903880416896	0.976901913827541	-6.43719095128092
55031	0.246694545329697	8.73931762742723	0.920603388917941	0.359206241677879	0.553966309981195	-6.02357695013872
55032	0.0242474231992221	9.91249016114014	0.196224189988204	0.844784904507038	0.914112866117692	-6.41983881843105
55033	-0.0256593989158587	10.5492530583231	-0.153803859825486	0.878036985237292	0.9322089329126	-6.42713867625656
55034	-0.681324269454368	9.26160575469583	-2.93363281321548	0.00405294868806829	0.0245459444950293	-2.36283240390837
55035	-0.0759683638040944	9.75316661081701	-0.90294556891607	0.368463343111473	0.563091066438625	-6.03929398885792
55038	-0.286878427542379	8.92036960720944	-2.07093792863792	0.0406275890755795	0.126895867564212	-4.36945636597664
55039	-0.00776607671046452	8.38971585953109	-0.0889227798256287	0.929299686241645	0.963662554978907	-6.43488209767385
5504	0.316226198923237	9.52885823093945	2.76082638823607	0.00672341023202078	0.0351267353045488	-2.81371942004854
55040	-0.82531993598748	8.47216214433417	-4.71756874622656	6.83812055797217e-06	0.000213950287154735	3.53311302933596
55041	-0.317446513937799	9.98728182055475	-2.01927339969356	0.0458105243925829	0.138466920977707	-4.4695968988304
55048	-0.10028461145719	10.3668431408699	-0.985529487176524	0.326456159225728	0.522952725832407	-5.96321187475868
55052	-0.169148127310698	11.0594361816801	-1.71483812959449	0.0890986204687571	0.219295174336095	-5.01148747555416
55055	-0.181583371054419	8.10204193264282	-1.38534640487807	0.168657752305723	0.336277819752006	-5.50305151089975
55062	0.134172102603963	10.7716358320555	1.3511946046155	0.179315039674296	0.350121132721053	-5.54824786476796
55063	0.398919754858895	6.71218059506498	2.48757382866203	0.0143121760909011	0.0600094286857071	-3.47760938690127
55065	-0.262210409986061	10.4004873757132	-1.74221235637974	0.084174754405313	0.210679871927849	-4.96617081463388
55069	-0.154273435300981	9.92688665845524	-1.76001727549733	0.0810935726942627	0.205218416193202	-4.93633104673264
5507	0.181569790171077	8.81007437477977	0.969694467430933	0.334256628120152	0.530240013111668	-5.97830739787282
55070	0.0522870607832755	8.17810057186561	0.624763356555206	0.53337786936717	0.707288682127601	-6.24715642961224
55071	0.00336350988753758	7.95887809602917	0.0370787963739442	0.970487186103879	0.985448055353592	-6.43809439196989
55072	-0.172086302325826	8.8812559482798	-1.88935845524875	0.0613904000410435	0.169650285827708	-4.71098555697622
55074	0.221843132056328	9.32152971164123	2.99897624361348	0.0033282144620387	0.0211307082678245	-2.18622957222632
55076	0.00682191007688424	9.36335336328055	0.0288426808647171	0.977040614798917	0.988650677231295	-6.43836138762416
55080	0.640429043138168	7.80193627941307	3.5238177121135	0.000613763242663455	0.00607875825467643	-0.651063056213875
55081	0.447446991000289	7.42794292490077	4.11693603284522	7.30335178014479e-05	0.00122364474044616	1.31657143622105
55082	0.203723143894907	10.5883833127836	0.974790281234376	0.331733203954079	0.527865867185007	-5.97347578634356
55086	-0.0630322795122464	9.35951471908328	-0.471416505160127	0.638246450659196	0.782531643527528	-6.32959274463024
55088	-0.535764357186666	8.80698986104732	-4.52910991201966	1.4689633317964e-05	0.000380167273118523	2.8151553391669
5509	0.38973302621394	8.08965661358045	2.99244239317932	0.0033948947979186	0.0214551117297687	-2.20403755160737
55090	-0.0162179848577649	7.89702413346847	-0.216194373162744	0.829223549346216	0.906672438486826	-6.41579014642302
55093	-0.0987917830835384	7.79119410423539	-0.880259815959751	0.380574966416717	0.57630069059295	-6.05904603036973
55094	0.00754848807327924	7.01117068381372	0.0826849271312667	0.934247428543604	0.966434291955534	-6.43540848109035
55096	-0.0341844789010514	8.63275429740247	-0.240596684803119	0.810300910881226	0.895755557264311	-6.41031112518558
5510	0.338281947062082	9.22289326972871	3.64586141899904	0.000403366784033635	0.00439552722442984	-0.265549069589682
55100	-0.165005904905101	8.8364847988315	-1.45837277405907	0.147494068355433	0.309370493807994	-5.40275757603546
55101	0.0184816233828432	10.0510448518961	0.2137746232191	0.83110560898276	0.907579631173664	-6.41630157606189
55102	0.140380133005047	7.35575956072517	1.52710184370891	0.12951218738116	0.284659416545078	-5.30384112420058
55105	0.0108518529950825	7.61028063778374	0.11564482609786	0.908137987447085	0.950380850768609	-6.43219412978206
55107	-0.55809261738083	9.04181379152282	-3.74484757216953	0.000284943656673192	0.00343874290275448	0.0546802143039846
55108	-0.0686919771431637	9.97040400257082	-0.641759043137476	0.52232106913549	0.699136611741881	-6.23660907881257
55109	0.242776378506366	8.89817461824872	2.67064482199033	0.00868040510344739	0.0424356855718187	-3.03955579449266
5511	0.00132227637834227	9.44694302520314	0.0120838589480238	0.990379882958077	0.994746359797387	-6.4386986794002
55110	0.0690046236465336	8.36589342417878	0.518430740043337	0.605165004000367	0.759987434672093	-6.30675797052967
55111	-0.302984448801907	8.70032714570989	-2.36779696807232	0.0195824828514042	0.0751781657863216	-3.74915064756388
55112	0.0850674589375567	7.25465495177196	0.596799407756461	0.551827550995959	0.720078289293305	-6.26389871401881
55114	-0.0602877717151253	11.503374174917	-0.399810919154915	0.69004571706134	0.819404488632356	-6.36021875311809
55116	0.0660558292875208	9.02767216862294	0.780050671943929	0.436981523380338	0.627079114510353	-6.14035836112164
55119	-0.0133605654356702	8.1721393759589	-0.128357673081236	0.898092639297634	0.944157464757345	-6.4306688910397
55120	-0.0903349502083821	9.02951949635763	-0.84159065272668	0.401783333749587	0.595394750048724	-6.09157166355762
55122	-0.0177213177929471	9.86130565891871	-0.27446940890893	0.784221866763227	0.877971349886725	-6.4017365705308
55125	-0.155028330999804	8.43486000077594	-1.68536933088577	0.094659431954474	0.229157944883926	-5.05951056814675
55128	0.142678781406971	8.62211744556072	1.64639655047959	0.102442937447419	0.241668823361213	-5.12180621972607
55131	-0.334744587718701	8.66068169094483	-3.29765518817865	0.00130154453854316	0.0104376290178316	-1.33751571159082
55132	-0.194431255324051	9.73492996064742	-1.80662597291255	0.0734649311159306	0.192357707743577	-4.85686130755377
55133	0.0637824135040395	8.2989908774858	0.565721144921628	0.572697869621835	0.736888793186277	-6.28161182966016
55135	-0.234439766000817	7.08531533944309	-1.55597620376953	0.122492321161088	0.273013106527412	-5.26098165415406
55139	-0.295877700379308	7.70262539992994	-2.63439373472603	0.00960294026257758	0.0453258780393662	-3.12848104880334
5514	-0.0858784443413111	9.26619253669743	-1.09438804436603	0.276097316461049	0.466898115198094	-5.85294564950211
55140	0.0197638091585901	9.20218969127246	0.266837452893293	0.790077566438907	0.882374350836314	-6.40376683133931
55142	0.0874979949896125	9.01616311096612	0.620977943002316	0.535856753606858	0.708868799614453	-6.24946734573263
55143	-0.342132670904254	8.57190517645851	-1.91215399508431	0.0583722132860144	0.163781157916223	-4.6697152804066
55144	-0.0684077128346796	7.79825853922167	-0.528409361619744	0.598244907347902	0.755697038491156	-6.30163362051378
55145	0.0877211032665728	8.27165783424254	0.984798075371875	0.326813797911245	0.522952725832407	-5.96391442298389
55146	-0.0632186214871366	9.41844641009875	-0.660412905767112	0.510324356583607	0.690011325156424	-6.22470928170361
55147	0.163894832409884	10.7875253324087	1.76666469808883	0.0799672653159867	0.203490330101679	-4.92511688542381
55149	-0.180389125725147	8.78055486128333	-1.96239667724625	0.0521588503306616	0.151610181892753	-4.57711942004104
5515	0.0252338404622578	11.4808853703441	0.357470539680985	0.721402112097961	0.838320406011417	-6.37596614407962
55151	-0.787485748169218	8.47045019651497	-5.64894496147498	1.20933340705821e-07	1.05148357287377e-05	7.34674900143414
55152	-0.194590530704476	7.4516414484642	-1.7185393845535	0.0884194275474261	0.217948215918156	-5.00540000010084
55153	-0.0304493729155224	9.60246572177239	-0.323023371913869	0.747270714848155	0.854773671987664	-6.38748164452455
55156	-0.0185915107177577	9.82669724435946	-0.202762281329275	0.839683154037688	0.910970977874878	-6.41855645092304
55157	-0.388209691711865	8.5268426429713	-3.47875093595187	0.000714894396366201	0.00677959553844411	-0.790777530428253
55159	-0.0328885046969705	8.65919458452166	-0.419255535681535	0.675820251605085	0.807719461108378	-6.35239849192081
5516	0.0941593691819777	8.86107388495632	0.821022608655802	0.413351128313634	0.605583596997272	-6.10828433282731
55161	0.0314763247748751	10.6140506813003	0.363494586294263	0.71691028046671	0.835923054299128	-6.37383283731736
55163	0.592245588085837	8.87174599501559	3.73028578986694	0.000300009497206354	0.00354517660504218	0.00715294774648711
55164	-0.304792306349549	7.75014870303812	-3.89383636776325	0.000166907293086482	0.00229012332374475	0.549115787986644
55165	-0.0848308078247675	8.70497092220193	-0.539945622181085	0.590290274310025	0.749116062505088	-6.29558823419761
55166	-0.126623841022346	7.711361639786	-0.891687858651211	0.374443010731379	0.56928018933208	-6.04915778022551
55167	0.213204578525487	7.90180874688917	1.91213788552049	0.0583743013202617	0.163781157916223	-4.66974460969396
55168	-0.189248606959833	9.31966110860725	-1.97883137771895	0.0502520944613914	0.147851788274731	-4.54634435352962
55170	-0.00687529792192595	9.72984873554373	-0.0721327703264753	0.942622952894028	0.970952187417966	-6.43621181745762
55171	-0.0378686269076038	7.17045509592113	-0.333400647050047	0.739445781300829	0.850212710927364	-6.38413503254077
55172	-0.109527093025478	8.36977282458852	-0.833265774066067	0.406441481693939	0.59875274456785	-6.09838527984721
55173	0.135098428021856	10.5520886674218	1.92661925646066	0.0565225073222602	0.160485110530325	-4.64328632675749
55174	0.0557995381233709	10.3695429492648	0.920748326844519	0.359130875945911	0.553966309981195	-6.02344670188413
55176	-0.237601587449583	6.8356768951079	-2.12682220388065	0.0355963993451547	0.115440227165676	-4.25850383596887
55177	-0.172773167307482	11.6193669784236	-1.57523203442565	0.117980743315984	0.265971872213435	-5.23197231784227
55178	-0.20579674423876	8.85922880151475	-2.09478380435368	0.0384105454645271	0.121980432732408	-4.32244655195749
55179	-0.101954456784214	9.07345196079318	-0.896822152874626	0.371708364073845	0.566373563410803	-6.04467433769483
5518	0.165774702402958	11.030995355103	1.61355846709796	0.109394682445878	0.252402256146077	-5.17321820369105
55181	-0.137713523003884	9.4090884490953	-1.67049005815744	0.0975724432578768	0.233675958628606	-5.08345775691257
55182	-0.0834215212107189	9.74032471188061	-1.21218789908782	0.227952811071748	0.410215734085542	-5.72091296470793
55183	-0.118675648455917	8.88697794300993	-1.3511110912221	0.179341708540287	0.350121132721053	-5.54835704874664
55186	-0.123269031562607	9.96533540279421	-1.15298944284631	0.2513323696774	0.437514304222407	-5.78890970660302
55187	-0.0730033940934175	7.04725451402545	-0.59489201517119	0.553097465311307	0.720892042036265	-6.26501294547681
5519	-0.223651766449716	7.54664969732955	-1.73839368071394	0.0848479359884053	0.211991515808901	-4.97253324054293
55192	0.024551387705208	7.52223662158318	0.297515510688183	0.766615757296746	0.867668697625531	-6.39525887350235
55194	-0.214584029604882	11.1044358072457	-1.34136825531913	0.182473498487319	0.354726076136798	-5.56104983794414
55196	0.696989330960364	9.25263373620513	4.81044260073444	4.65915168550709e-06	0.000160352470509536	3.89407389680552
55197	0.0701749704796167	8.52013179915496	0.593608471032085	0.553952846716249	0.721597620860467	-6.26576075173578
55198	0.127277490409416	8.92491680141954	1.35789194398905	0.17718604913588	0.347143445413276	-5.53947062223515
5520	0.289359840357507	10.1586890560859	3.60453016841574	0.000465491398847815	0.00492312286105372	-0.397268593697262
55200	-0.144946882887244	8.64679184949386	-1.13200506883791	0.260013530780286	0.448280476778368	-5.81221522723111
55201	0.1083395173866	8.48124428580185	0.815210780799446	0.416655659087153	0.608739635928403	-6.11293274489983
55204	-0.0153232658892958	9.02673326971238	-0.171726817378141	0.863957504135411	0.923911054396491	-6.42427016377403
55206	-0.4120105485557	8.22871414167946	-3.94847292887917	0.000136705667825673	0.00195023975170995	0.734104297322324
55207	0.0559206580983616	11.5675193254025	0.577724852310891	0.56459200589543	0.729651064739254	-6.27488187152986
5521	0.132912021304316	8.02831146226112	0.64355387963353	0.52116041690003	0.698148725850511	-6.235478816924
55210	-0.364424412968773	8.35395292249034	-3.09644327754376	0.00246680798477696	0.0171513753823718	-1.91668627364069
55214	-0.527861853063955	10.6701458145077	-3.9591468239149	0.000131449117826823	0.00189488606151755	0.770470628968956
55215	-0.186947152837718	8.99009541019566	-1.2520158652591	0.213132941452461	0.392694906836656	-5.67330075199803
55219	-0.121810767279444	7.51013050474024	-1.10801319440749	0.270193997842868	0.459596874419705	-5.83834828569544
55223	-0.149177403441685	7.69290688576969	-0.803959137677041	0.423097898956594	0.613592584587635	-6.12183928374387
55226	-0.373615006321696	9.37290820405732	-3.40376942890232	0.000918647895034137	0.00810687138139099	-1.02002526423694
55227	-0.454086262424175	11.4923766426591	-3.81972143984382	0.000218163928700448	0.0028114908870682	0.301310035746896
55228	0.596794079967994	6.97306304636232	2.45297564624349	0.0156863166697648	0.0643795675255089	-3.55728104726215
55229	0.209821475359099	7.50502632258596	2.11391798860987	0.0367076819723888	0.118116654885832	-4.28436594889236
5523	-0.11970569709698	8.55327977180274	-1.04142343543104	0.299887965170632	0.495091786982759	-5.90800901499622
55233	-0.013538848685517	9.05738070275568	-0.141658501641352	0.887600394080211	0.938261998349442	-6.42890303168078
55234	-0.112289402556293	8.86550151255074	-1.21895633394378	0.225383141622906	0.407751281763526	-5.71292731188295
55236	0.19179725852383	9.05242801880644	1.72260981208775	0.0876773787220732	0.216829471769758	-4.99869097838139
55238	-0.080254214923746	7.9450975604186	-0.740643976874364	0.460435789531278	0.645704519784102	-6.16967486877598
55239	-0.170307630241031	9.07521151482796	-1.76605995246167	0.0800691950518807	0.203652520559068	-4.92613874005863
5524	-0.0463422002259078	10.0605594476461	-0.48993449682588	0.625124058119671	0.77431611552086	-6.32085637188177
55240	0.716843169143482	8.46120160159155	4.4132902640158	2.32780318026753e-05	0.000516872426586284	2.38388496734945
55245	-0.110717582180472	9.08519425400273	-1.31632133150827	0.190713067620205	0.365138235342954	-5.59327216051364
55246	0.0762457829236797	8.95322015691674	0.809479281407362	0.41992993112418	0.611128329867463	-6.11748495219892
55248	-0.18186471993582	8.62562953568582	-1.62611662356322	0.106692782382647	0.248305128371754	-5.15367349102253
55249	0.00679993600893361	10.4875679561159	0.111096676500479	0.911735517073324	0.952318585106937	-6.43270120756627
5525	0.142861452678524	8.36781645048164	1.55394759704143	0.12297546541682	0.273757960071636	-5.26401791355803
55250	-0.381737090013007	10.5076453873716	-4.04387421806292	9.60540616578232e-05	0.00150306667209756	1.06174026337393
55251	0.0804979734735739	9.31774600953805	0.8545381261115	0.394603452815101	0.589514291961067	-6.08084175102252
55252	-0.0683793096557249	9.08743619951621	-0.62259402706594	0.534797739560983	0.708311854831422	-6.24848246614275
55253	-0.380163863417738	8.77272470026255	-3.88189525910297	0.000174307005506017	0.00237195364988419	0.508945444168123
55254	-0.139271189984477	8.97090910665756	-1.52102901497932	0.131028135676003	0.286927995939498	-5.3127573454284
55255	0.0552899144558745	8.12138847745325	0.393283500198189	0.694846404277842	0.822995717962853	-6.36276095692266
55256	0.0353548981564661	11.0269129360647	0.196186205320381	0.844814563897451	0.914112866117692	-6.41984614595626
55257	0.239785186232729	9.44811426345795	2.97055302418297	0.00362736635950576	0.0225249004434455	-2.26345609828314
5526	0.293948719772667	7.13251980507253	2.61432584320381	0.0101508951627238	0.0471047157551116	-3.17724740792936
55260	-0.171183278681055	7.61244832854011	-1.72288717432889	0.0876270006970767	0.216829471769758	-4.99823327268161
55262	-0.145927904520738	8.75871751978795	-1.15348756111528	0.251128819339795	0.437252117990453	-5.7883514110079
55266	0.345867823830405	7.5772399682336	2.97034743102022	0.00362961773489418	0.0225249004434455	-2.26401241854694
55268	0.0817585981339356	11.7760559825783	0.724915162164357	0.469992979310616	0.654220089165097	-6.18095622124833
55269	-0.141432962136733	9.08179934054302	-1.2403985388441	0.217381023122682	0.398660579705451	-5.68734331504
55270	-0.35796060412723	9.19327239859928	-2.59225542769742	0.0107859643487796	0.0489248025924874	-3.23049936794188
55272	0.0927997584189418	10.9594384291762	1.16649612531878	0.245854243869921	0.431524873430844	-5.77368795705571
55274	-0.219426082998034	9.10195144352008	-1.36219218673364	0.175829154027057	0.345139926868701	-5.53381278141416
55276	-0.109198627312407	10.2381871988401	-0.836099917441513	0.404851994812813	0.597690344442151	-6.0960731437274
55279	-0.171151899139371	7.09108153794033	-1.33279505281608	0.185263144955295	0.358829472200645	-5.57214529141426
5528	0.18338375152608	8.2610290581103	2.40650075882635	0.017716810433547	0.0701538131261258	-3.66272502466395
55280	-0.00469348282786824	9.03590363834912	-0.0552415827716685	0.956042933192829	0.977340919328313	-6.43726981624863
55281	0.0974447170003098	9.43383387117227	0.492788662533142	0.623112038093906	0.772692603911674	-6.31948003289909
55282	0.491730450160851	6.18706712755994	3.64346353568991	0.000406745333013771	0.00442650388760705	-0.27322319889228
55284	-0.037284759742352	8.2328713373453	-0.457810522194657	0.647962073967181	0.788309833737767	-6.33579809799476
55285	-0.15862259603255	7.52870573586395	-1.74203870154556	0.0842052720917724	0.210679871927849	-4.96646043374249
55286	-0.0480614018280122	10.0438201330624	-0.347024552204195	0.729214211627144	0.844285777758198	-6.3795810839695
55287	0.302368957160152	9.64122082370102	1.79361605482449	0.0755319884294733	0.195700823220655	-4.8792409898585
55288	0.06651174213557	9.00727981529155	0.64718870833179	0.518814039563751	0.696247598179786	-6.23318026003485
5529	-0.0310300486766201	10.0063533681148	-0.322206828290863	0.747887559284513	0.855122689498533	-6.38774049322852
55290	0.0325613344983101	8.17788018096438	0.360989380259524	0.718777093573217	0.837390520862451	-6.37472433047373
55291	0.0675428326749613	8.89573351537397	0.852689672318467	0.395623654499797	0.590611130700944	-6.08238350765352
55293	0.142230731756424	7.97663289465149	1.2368550822054	0.218688949869074	0.400082109837996	-5.69160116562129
55294	-0.333749121070254	8.85235143150295	-2.85656650267846	0.00509291673628461	0.0287542667407456	-2.56683156994925
55296	0.312677102762522	7.00887446573399	2.41465451529325	0.0173445139240701	0.0690769937380999	-3.64435666774368
55298	0.0977398394587586	8.84608718508439	1.19052430730026	0.236319509816536	0.420598825917816	-5.74618126877521
5530	-0.142203108781758	9.72432002664895	-0.804568802866349	0.422747321900736	0.613366042315138	-6.12135982179358
55300	-0.163061349735008	9.49203902222771	-1.97782818550126	0.0503667646857861	0.148053194414446	-4.54822975270905
55301	-0.699291046526438	10.7251987028362	-2.5163457106366	0.0132524730752009	0.0566327104978394	-3.4105949188834
55304	-0.0538824430012851	10.8099810964178	-0.196014603885391	0.844948557420258	0.914112866117692	-6.41987923148248
55308	-0.06395931004158	8.77584288715678	-0.771358378581702	0.442094295948184	0.630799600022802	-6.14695420629986
5531	0.0958766980611929	10.6668331115309	1.29438994252745	0.198152917113624	0.375485913135704	-5.62100293281629
553115	0.0825366771597443	10.0651777504823	1.0335222999031	0.303552359173249	0.499041224265495	-5.91599376619653
55312	-0.256991926515795	9.3632941411281	-0.903836283801907	0.367992813413085	0.56277088627271	-6.03850835518489
55313	0.177955575894712	8.43940738381477	0.999813640307377	0.319523306745852	0.515098729978673	-5.9493886942362
55314	-0.218957154597753	7.84420674451286	-1.88716752465463	0.0616872612634842	0.170299725279539	-4.71492770029755
55315	0.189058794040584	8.98401043968118	1.42658357473697	0.15643955027096	0.321041164034319	-5.44702701012067
55316	-0.164360960936215	8.77560937742269	-2.2864640734088	0.0240783998825368	0.0870066627449724	-3.92663054688597
55317	0.132861464334727	8.35502152831025	1.16757963523378	0.24541849079961	0.430941291754849	-5.77245936829808
55319	0.113574693456272	8.22458679329043	0.516982919352848	0.606172069123305	0.760361623532043	-6.30749339804697
5532	0.148830747275786	9.66840552075093	1.6952579965502	0.0927628167726796	0.22582401018047	-5.04348384324018
55320	-0.0919716762395405	8.92129729523953	-0.822032470959152	0.412778541271636	0.605281510900712	-6.10747329861212
55321	-0.582040059775517	9.85004311536239	-2.87331762235079	0.00484801618251399	0.0278668153566914	-2.52288757551414
55322	-0.201490315967698	7.6677728107048	-1.98420839460562	0.0496412447901632	0.146544966086015	-4.5362236095037
55323	0.540753937339263	7.28486310113747	2.99953042407534	0.00332261480996816	0.0211222322854499	-2.1847176377925
55324	-0.199614072833626	8.19550083256529	-1.8563935888747	0.0659857535702636	0.178176634354488	-4.76984559514021
55325	-0.120442749067882	9.60684655801891	-1.37836349986604	0.170796706525101	0.33880422571982	-5.51238133757911
55326	-0.312439479686688	10.1581630769432	-1.4439822987775	0.151493229849651	0.315118126053418	-5.4229140596486
55327	0.271237401393608	8.3444263051834	1.32318050360947	0.188429522114648	0.362550163677379	-5.58450648696354
5533	-0.0347385300640192	8.12055604048536	-0.295788394619368	0.767931093562131	0.868324549325558	-6.39576238979906
55330	-0.135712400346659	9.32519354818425	-1.19483368308922	0.234637888600419	0.41898622681288	-5.74119021135494
55332	0.326763701365214	9.21909537734041	3.17710123765016	0.00191555087791973	0.0139733257216964	-1.68815950054104
55333	0.0863254749761094	9.13751524296117	0.682201811025208	0.496498484162851	0.676968880684244	-6.21038130538816
55334	-0.441185422035275	7.82930201704955	-4.23340472352804	4.68806635851712e-05	0.000878630907610653	1.72967950761584
55335	0.54426244934083	6.49449839716276	3.26427845420759	0.00144997918877614	0.0113740057922991	-1.43567427666243
55337	0.5768534541566	7.46361962209807	3.87435654788841	0.00017913847834239	0.00242174113110989	0.483633182228961
55339	-0.223869568515489	9.77892042465474	-3.03397217458006	0.00299118758739011	0.0196400711222912	-2.09028764973506
5534	0.121310403872357	8.1079850199051	1.03268353161001	0.303943126406139	0.499152177146575	-5.91683790891168
55341	-0.173049867227199	8.86446192645018	-2.15553144137941	0.0332278760287511	0.110447587926553	-4.20044607835278
55342	-0.0720037071998112	7.93868947591632	-0.694663554568957	0.488682946781293	0.670352026411836	-6.20197939887615
55343	0.225437804347954	9.37351657221214	2.43210868010747	0.0165708468673429	0.0669316357575804	-3.60484899952857
55346	-0.437106956009845	7.30864534563564	-2.33518280850849	0.0212874837619755	0.0798159854171208	-3.82099460750533
55347	0.0042111584025569	8.59575347344704	0.0478209842650765	0.961942791894234	0.98048478237004	-6.4376459034841
55352	-0.0177700864278903	10.5349872092813	-0.184877967002358	0.853654050601973	0.918601153982842	-6.42196455594833
55353	-0.468578970277065	10.646959340743	-2.52507238670665	0.0129452500858645	0.0558661262848698	-3.39013318235959
55355	-0.442484091143576	7.46371750133893	-2.46585832379176	0.0151614777419695	0.0627423878500342	-3.52773198700893
55357	-0.231868239775742	8.68356160479316	-2.23413306923707	0.0274295744594372	0.0957195965504653	-4.03783924938977
55359	-0.0653898059332709	6.71878922484156	-0.312666592217846	0.755106596832544	0.859826370255971	-6.39071634337796
55361	0.114168148158274	8.21384983345732	1.02516318530849	0.30746184452209	0.502888488529449	-5.92437640178303
55362	0.46973831991482	7.95209116280394	2.1078128208332	0.0372437980320935	0.119469425920424	-4.29655109105774
55363	0.108568619731314	7.20198205043709	0.336027121736131	0.737469590371182	0.849107724625866	-6.38327126326598
55364	-0.00618347759197021	7.65450066883294	-0.0557407761481295	0.955646125891345	0.977340919328313	-6.43724257231185
55365	1.98656306795476	7.38368015188686	8.36933642734939	1.67994391347905e-13	4.62544557511233e-10	20.2119260822737
55366	0.01680091130783	9.48121723044048	0.140169901277556	0.88877370757281	0.939021594340165	-6.42910930559443
55367	-0.488019037115932	7.69804793616753	-3.07510528252513	0.0026354934971963	0.0179022831306262	-1.97631788901452
5537	-0.0651174626572868	10.6999596284764	-0.815160193173912	0.416684491711766	0.608739635928403	-6.11297306262533
55374	-0.0506358385197072	7.70709007041051	-0.431508455657114	0.666915619642057	0.802669826350486	-6.3472804959914
55379	-0.11786673430394	10.1797934140986	-0.944370873983291	0.346982192009899	0.543022528609656	-6.00194858996031
5538	0.220851550720275	12.0425111277699	2.34979485851241	0.0205080272871742	0.0778118077133941	-3.78891800902964
55422	0.00888745324186697	9.89584400306434	0.0632500117089884	0.949678457394831	0.97412863360085	-6.43680317812268
55425	0.0766759646251677	7.91673993522298	0.739329285530166	0.461230384718574	0.646447575128113	-6.17062700344365
55435	0.546402010906595	7.14090017188937	2.45153452740019	0.0157460234225789	0.0644510175770574	-3.56057791769701
5546	-0.00188041695000892	8.2620874491352	-0.0273849322906532	0.978200713174055	0.988815741261567	-6.43840169535311
5547	0.420517852686945	11.589223434403	3.98321510561873	0.000120295299087541	0.00175865339904972	0.852742268777223
55471	0.0243706953934561	8.97505488450239	0.156012809448292	0.876299524349778	0.930962581495713	-6.42680219892132
55486	0.0284492981045357	9.98649912771653	0.37582756331852	0.707745228363916	0.830866342564802	-6.36935440461605
5549	0.558540260388376	6.3230691925054	3.38521513437643	0.00097688885425192	0.00843452460519407	-1.07612933312649
5550	-0.118622719135526	9.56587946013622	-1.15450625605764	0.250712904290245	0.436804174106185	-5.78720891518675
55500	-0.277556897813868	8.30833461911925	-2.47953031697828	0.0146216727760529	0.0609974833990892	-3.49622085680571
55501	-0.473528638718394	9.25841104422008	-4.09139387823397	8.04043488417528e-05	0.00132035769668564	1.22710118559203
55503	0.0226351790322933	11.2119715036392	0.107487488962698	0.914591648207766	0.95361360946682	-6.43308912610182
55505	0.0279427216174594	12.5953077631217	0.361729197414533	0.718225623899456	0.836902733748065	-6.37446170194245
55508	-0.0841114586033111	9.26940249741059	-0.88366042515985	0.378743798695685	0.574444321929188	-6.05611675585788
55509	0.424380758523059	6.78605052758102	2.6042202917677	0.0104373707940643	0.0479225585097116	-3.20167985457303
55510	0.469659478505406	7.59078309046111	2.94952489463586	0.00386442167844042	0.0236971960385433	-2.32018657044851
5552	1.83991572049245	9.25160590277676	5.40131637373505	3.67464560934708e-07	2.40893434390531e-05	6.29303449033699
55520	0.110084239229114	7.37884534211009	1.26701365493513	0.207738953383666	0.386382291139177	-5.65498386878839
55526	-0.290172510818111	8.42708282456607	-2.24775417099602	0.0265202026074159	0.0932782219979487	-4.00911913581565
55529	0.398830250184135	8.13111299216811	3.75662385903084	0.000273287860000949	0.00334919543561994	0.093220913394604
5553	0.878739319181725	12.9256090214505	2.11187931357264	0.0368859596578164	0.118551761390492	-4.28843850219432
55544	-0.0215069380675057	7.34860879688201	-0.154056435005261	0.877838290600176	0.932117788964835	-6.4271004456875
55556	-0.31274769128867	10.3906683316642	-2.45194242255161	0.0157291034699557	0.0644136810420597	-3.55964494581081
55559	0.0998693395696153	8.32197628275516	0.738274162427945	0.461868658880928	0.646644642461587	-6.17138994023912
5557	-0.246599493698507	8.79454641660708	-1.68914593617672	0.0939314072215736	0.22759560682024	-5.05340027139768
55571	-0.0925959740890417	10.8354765080446	-1.36951173582054	0.173537628408726	0.341428960405761	-5.52414265133247
55572	-0.425778556579352	8.60304906325494	-3.47261954535075	0.000729808241489198	0.00688152519943011	-0.809674477456261
55573	0.241247235070703	10.3263715603402	1.42590304568516	0.156635512266736	0.321229345269583	-5.4479644329243
55577	-0.0894368285973212	11.6352590721558	-0.919384598000674	0.359840394581573	0.554613177084475	-6.02467141592532
55578	-0.164530149331148	8.13834364143296	-1.67736655467889	0.096217287447754	0.231437039696694	-5.0724155830497
55585	0.144694166455259	8.25022999000248	1.40642490200178	0.162324644943584	0.327744211008068	-5.47461253056824
55588	0.0974401966247832	8.72736806844602	1.1468956452467	0.253831974431344	0.440843588898844	-5.79572063180195
55589	0.496930135508379	7.78206653478753	3.97947517477499	0.000121967070860128	0.00177994347226971	0.839933703286198
55591	0.103435619629134	10.1194224697458	0.928453885513204	0.355138595940365	0.551046828760986	-6.01649304193854
55593	0.0581724000256261	8.56778855483319	0.572143181074013	0.568354235467529	0.733000115959205	-6.27802874509792
55596	-0.184713573130595	8.79757176554391	-1.98083231022196	0.0500240392081898	0.147518230581809	-4.54258114143894
55599	-0.0180894565604069	8.82236872592024	-0.136500019614956	0.89166735458627	0.940673307568301	-6.42960853279777
55601	0.0659794427183712	8.57167703917835	0.429584651964393	0.668310614234984	0.803178477168772	-6.34809378512975
55602	0.0700423725554213	8.53543641576877	0.726508227589047	0.469019968974125	0.65363673759512	-6.17982452478447
55603	-0.102890768600434	13.6331892104002	-0.722854055007422	0.471253534633834	0.654974136323535	-6.18241675789494
55604	-0.198367785006358	8.03394736279856	-2.0189155272542	0.0458483085803909	0.138466920977707	-4.47028236910201
55605	-0.157218949133811	9.64655124692635	-1.11346556825243	0.267856414061551	0.45660280874114	-5.83245736870674
55608	0.108126421034605	9.35106922831911	0.644115531098257	0.520797494892757	0.698002159307833	-6.23512448467321
55611	-0.216305168620999	9.5614368151749	-2.05010899342593	0.0426532021014706	0.131608311303006	-4.41011091780729
55612	-0.279024015814473	9.18000326061557	-2.17225571910055	0.0319120887022064	0.107239158942321	-4.16629521938839
55614	-0.16828516019337	8.06169439961143	-1.46638654757616	0.145302730054186	0.306762822912008	-5.39144944201998
55615	0.14532196994375	10.4818506147485	1.33028919686387	0.186084535301823	0.359672970322452	-5.57537536277047
55616	-0.200776994202265	9.61231208370172	-0.970593557858014	0.333810493843957	0.529786407227208	-5.97745673134493
55617	0.403144690892794	6.98328073818577	3.75559656520593	0.00027428633680646	0.00335645206225386	0.0898551241402989
5562	0.222067001730959	8.61406616684378	2.62086186918144	0.00996940697365684	0.0464713891661431	-3.16140056824678
55620	0.0577932660044581	6.9183595680368	0.557873014518759	0.578027643806259	0.740348633561746	-6.28593598202686
55621	0.136868139711285	8.44853547807471	1.37299962428426	0.172453664436139	0.340863189337762	-5.5195170473937
55622	0.0335213821562294	9.3390293666637	0.32701952858627	0.74425425571279	0.853114092726567	-6.38620541045735
55623	0.0507388290204648	9.9184333430964	0.641277556205914	0.522632657170358	0.699440335098372	-6.23691175243265
55624	0.154573343816571	9.37081099799486	1.56148254563422	0.121188473863866	0.271057891718259	-5.25272108175411
55625	-0.0152492237917258	10.4827106389818	-0.202707916327482	0.839725547886116	0.910970977874878	-6.41856728711366
55626	0.033761415518815	7.51658243226724	0.327415014120714	0.743955942588902	0.853008895861234	-6.38607825440429
55629	0.176665200251336	10.5725177745811	2.21747808555427	0.0285784401860776	0.0987891825230331	-4.07273946984149
55630	0.362129240577494	8.12349298592275	2.59873935839726	0.010595776117822	0.048354204824978	-3.21489623941437
55631	-0.029097845687453	8.55213821441954	-0.270364179229343	0.787370133025819	0.879945514652046	-6.40283575369453
55632	0.00207114633239238	7.44224448183284	0.0207088833285458	0.983514172992879	0.991111226103063	-6.43855958934035
55633	-0.156044929747606	6.74339146348894	-1.21174338303506	0.228122310926865	0.410341961728202	-5.7214359061805
55634	0.113570028662708	7.60621528608867	1.15644818207148	0.249921400563731	0.435700879834617	-5.78502826170946
55638	0.844558517278593	6.50427990095903	4.36931131679804	2.76705271254242e-05	0.000581573928895685	2.22216549035643
5564	0.0196451201679678	7.87534330216339	0.145850261432757	0.884297801663537	0.93608866355771	-6.42831048069825
55640	-0.370395854419555	10.0004968661911	-3.42267318701925	0.000862673782565265	0.00775373824155504	-0.962609172031844
55643	0.304954845364661	9.53480689010876	2.30721878622376	0.0228523533142432	0.0837818190748551	-3.88187575023287
55644	-0.11801446021777	9.01059412528656	-1.1795483684194	0.240641543117596	0.425358259394681	-5.75881402628766
55646	-0.223709127534015	9.41865128209427	-2.07543422776103	0.0402013333394527	0.126020118931263	-4.36063043061992
55647	0.180222398969781	7.83240679862254	0.947147890457947	0.345571628163571	0.542253352703475	-5.99938611093857
5565	-0.257035085788588	8.6591409949194	-1.57332412961805	0.118421779078671	0.266820484230722	-5.23486185091962
55650	-0.0594545945055652	8.53275780491983	-0.521961080761008	0.602712584938953	0.758440882327202	-6.3049561370237
55651	-0.304663332407127	11.3290297447357	-2.82724876234268	0.00554896873956343	0.0305767056629713	-2.64320825783726
55652	0.111253850956159	7.77604804270013	1.09446497807615	0.276063735371293	0.466898115198094	-5.85286372236569
55653	-0.218246106823	7.83433738909791	-2.15186900165693	0.0335222187156821	0.111202219514672	-4.20789236918644
55654	0.0817676005440641	8.27569661824559	0.807888963217662	0.420841151088895	0.612032489058417	-6.11874242709415
55655	-1.19869480667968	10.5428099908887	-4.58311058991996	1.182230266387e-05	0.000323351721866113	3.01885409562016
55656	-0.0537317680643945	8.94191426669096	-0.628410151223289	0.530995327116436	0.705392193992498	-6.24491694857353
55657	-0.421401632386088	7.78433846668347	-3.70822519670645	0.000324281219586233	0.00374100960025459	-0.0645752636172423
55658	-0.118935443961361	9.39967734955698	-1.49363705406528	0.138039846016425	0.296620480774107	-5.35255088550464
55659	0.199120887512122	6.94117019954149	2.19601049536481	0.0301210709488402	0.102640283018738	-4.1173717670199
55661	-0.293141390919597	9.32939275879671	-2.83679417429172	0.00539654040127948	0.0300171203465108	-2.61841591132297
55662	-0.234410351315596	8.18789371569528	-2.92059529329089	0.00421388876070383	0.0251857606102848	-2.39767090730206
55665	-0.0992497676148801	8.61865280974864	-0.778927991470373	0.437639933075068	0.627369983894491	-6.14121437981302
55666	-0.010765425661661	9.18504584266544	-0.107604264284173	0.91449922033957	0.95361360946682	-6.43307677548321
55667	0.0342733642559793	9.81752147537021	0.395580985003489	0.693155258302028	0.822151412058408	-6.3618709249454
55669	-0.0779114724253228	8.05729743476559	-0.806721256769949	0.421510971318869	0.612417745298964	-6.11966418407672
5567	0.13504683897428	6.51485174261478	1.04797073581353	0.296874189354356	0.491418998811018	-5.9013472476862
55670	-0.251839248944672	7.54221811194188	-2.34142920310449	0.0209511359104743	0.0789130791703225	-3.80730459813265
55676	-0.43294857922573	7.37030783609384	-3.25053540606934	0.00151557548111099	0.0117325712033522	-1.47585250336232
55677	-0.148996646820149	10.0691845824257	-1.40170328700448	0.163727230068644	0.33001144957711	-5.48101893396105
55679	0.399091525757908	7.17548382075837	2.60175982952933	0.0105082150493982	0.0481141110354928	-3.20761590861927
55680	-0.124473584169656	6.59054281216138	-0.937075503761656	0.350705479572817	0.547397441661276	-6.00864508041383
55681	-0.109611632493556	10.5281074731125	-0.990351341512504	0.3241048666558	0.520230508856764	-5.9585674782781
55684	-0.265501733537858	8.92052629851612	-3.16059850840845	0.00201803311073295	0.0145835113689013	-1.73531579752733
55686	-0.119382244580731	8.03517518067094	-0.931303687953476	0.353669318398845	0.549841628077256	-6.01390686627391
55689	-0.0909247798052723	8.94706124113769	-0.80609354034359	0.421871303965025	0.612417745298964	-6.12015914247067
5569	-0.784593694752807	8.38536655631063	-4.29621894438681	3.67904034608818e-05	0.000734030755040781	1.95592234847452
55691	0.186682464346822	7.76891349852456	1.32470633159336	0.187924335635596	0.361746681973903	-5.58255055421837
55692	-0.0937456409744739	8.78698127819059	-1.07221694589101	0.285892643479348	0.478049789122743	-5.87632082341637
55695	-0.311399665972587	8.99294677034706	-2.41178633293967	0.0174746736310297	0.0694609337301784	-3.6508243357861
55696	-0.105156003523837	11.0181851001928	-0.914405342061374	0.362438561075514	0.557208424761184	-6.02912791817212
55697	-0.0424065030175544	8.23433631335417	-0.284524724933358	0.776525728306686	0.873233221926871	-6.39897436277541
55699	0.0575457062479826	11.3524075763953	0.832142580641636	0.407072450721618	0.599361576285306	-6.09929945251707
5570	0.0286747278880542	11.2807734302074	0.159137429785838	0.873842870952822	0.92941483414857	-6.42631805235735
55700	0.201200523408283	11.1753314808202	2.17696467441671	0.0315498737023624	0.106281385310568	-4.1566358306874
55701	0.14352920679815	7.79497174475365	0.718210072968372	0.474100666979269	0.657228735290749	-6.18569246635228
55702	-0.123970705069459	8.65425955917891	-1.25896712989982	0.210620298705467	0.389445815161829	-5.66483748776509
55703	-0.200873553834283	9.99629162029797	-2.47775471528583	0.0146907942799794	0.0612239963434055	-3.50032206474274
55704	0.286286150163429	7.13406870763378	2.11852188159529	0.0363078157374849	0.117124044204554	-4.27515566196082
55706	-0.393169543214714	8.23742636505763	-2.33412978499572	0.021344652592875	0.0799577462209284	-3.8232992194859
55707	0.27464744299503	9.95174538089375	2.06722534406103	0.0409824678198001	0.127453006096216	-4.3767305693928
55709	0.0379883018286499	7.84661437372787	0.483952239079481	0.629350381334865	0.776831436097977	-6.32371531467692
5571	0.06683390036274	8.78023368258263	0.517366513669326	0.605905177273403	0.760142278900108	-6.30729874876586
55711	-0.199044677793883	10.2757142703351	-1.41943010137844	0.158508870544695	0.323200017452279	-5.4568592984624
55715	0.207648883581679	6.75687994358903	1.62224081515909	0.107520889187567	0.24975324653805	-5.15972096876004
55716	-0.0423189976057475	7.6907649814501	-0.365963937952963	0.715071860607283	0.83469221521612	-6.37294808387381
55717	0.0649698500754052	8.61617220112859	0.24672415222435	0.805566525016096	0.891816326235957	-6.40884347428538
55718	-0.189153382092797	9.52284574861798	-2.08551073243729	0.0392600028797237	0.123916390724853	-4.3407866310931
55719	0.317254524891911	8.5984193229902	2.76751406490434	0.00659566041441676	0.0347492163336782	-2.79671117987662
55720	-0.178967316226966	8.62989032147739	-2.10258347776326	0.0377083613853656	0.120476447135531	-4.30696233623543
55722	-0.286984377610386	6.985673375273	-1.89617741344958	0.0604741221681782	0.168074108044802	-4.69868876075156
55723	-0.110037762745357	8.77198783633455	-0.816172200943919	0.416107920454264	0.60822003591439	-6.11216603472592
55726	-0.17329004516078	8.24650154722297	-1.62716524879508	0.106469615175732	0.248078708420747	-5.15203494162493
55727	-0.232036736895859	8.81037440529938	-1.95299073051597	0.0532774637306222	0.1542754970001	-4.59462495446302
55728	0.111455372778283	9.89902358628611	0.583503748487218	0.560709677537342	0.727302439770485	-6.2715918098901
55729	-0.0277450396522732	8.00918919346265	-0.286435418533341	0.775065805533938	0.87286067344223	-6.39843827354861
5573	0.472101595842367	10.7922482458113	4.08885067951994	8.11760683799828e-05	0.00132770361234392	1.21821516667495
55731	-0.0807307388463642	8.58478741767273	-0.956468450871464	0.340864439276986	0.537111840600516	-5.99073149107568
55732	-0.243519544802471	8.13533584445338	-1.65859602669777	0.0999528626411807	0.237312631622924	-5.10245516319745
55737	0.0548764868235131	11.5860322389009	0.812384024075578	0.418268608401657	0.609975053919084	-6.11518184516175
55738	-0.256738409474232	9.47727579297334	-2.42909863883654	0.0167020372988958	0.0672969893116484	-3.61168051014996
55739	-0.0558018267090944	9.85914199260372	-0.581688940732203	0.561927474292784	0.728257724550452	-6.27262852833817
55740	0.135166634446361	8.95238958153311	1.02449197483078	0.307777222234818	0.503214539916784	-5.92504660402998
55742	0.155762109384986	9.39780564889443	1.52284728707386	0.130572788680436	0.286158459671107	-5.31009130353988
55743	0.150303190261377	9.08166516250179	2.03546309090759	0.0441287974924439	0.134602609781236	-4.43846912274581
55744	-0.0107986947581567	8.79735390058545	-0.0839835666130149	0.933217154570268	0.965840583479566	-6.43530204863535
55745	-0.00114010935277994	9.13179397483597	-0.0154637018299201	0.987689338855408	0.993284943482113	-6.43865289283554
55746	-0.0316253417447113	9.9490702483418	-0.417533035810946	0.677075782238142	0.808699627990727	-6.35310619219696
55748	-0.122123795512123	11.5047492163616	-1.32300685610929	0.188487079345805	0.362576449789555	-5.58472894429544
55749	-0.1117042775868	9.74813544223667	-0.533342315712142	0.59483743806299	0.752889555378531	-6.29906448336716
55750	-0.0509652213380643	8.04830270160026	-0.559754024557689	0.576748071574839	0.739168203445798	-6.28490505855589
55751	0.0591664308804472	9.96585911983921	0.691508464929636	0.490655327483109	0.671996850441135	-6.20412086628596
55752	0.0700717281762418	10.233210001804	0.642937804753062	0.521558657316053	0.698568916722977	-6.23586713074581
55754	0.0650171634137032	9.39809815735767	0.624988866359805	0.533230379487501	0.707206636892543	-6.24701832042019
55755	0.0473258293030571	8.52374599032098	0.359954402587094	0.719548828874075	0.837443620702757	-6.37509083823412
55756	0.0604708798647508	9.41561691778312	0.848919253118889	0.39770963051757	0.59201325429359	-6.08551811944771
55757	-0.205269363570758	9.09152311591546	-2.06329303237701	0.0413612487522999	0.128437561915037	-4.38442211515562
55758	0.280928146040756	8.93738426803565	2.40445252583667	0.017811439801603	0.0703598721957152	-3.66733038499589
55759	-0.291225665084029	9.34051995908895	-2.34037815736976	0.0210074008174857	0.0790529069487163	-3.80961045703566
5576	-0.278807743159627	8.33834750427587	-2.47180401277602	0.0149245789030453	0.0618239828180312	-3.51404756571804
55760	-0.432926792670801	10.4729469476875	-3.86067217745088	0.000188236368540975	0.00248574407841005	0.437781661202638
55761	-0.0779234493445174	8.28187126751712	-0.56845415007435	0.570847412318909	0.735502243596941	-6.28009190284839
55762	-0.042307762061105	7.17391675755765	-0.458478568871006	0.647483603272206	0.788240908331381	-6.33549764427241
55763	0.182594778948809	10.0668980181988	2.44665852900979	0.01594954487111	0.0649621502146788	-3.57171992680488
55764	0.28514820563337	8.19999957170942	2.93673180720689	0.00401553443114007	0.0243705469516656	-2.35453182548384
55768	-0.066793300921391	10.2562316595001	-0.759115372816966	0.449354095511335	0.637195678785172	-6.15612034542384
55769	0.0482666838468556	9.8697365545479	0.28806721263597	0.773819621597861	0.872117625105516	-6.39797759960136
55770	0.401958138058573	8.11359820684506	3.77230441331077	0.000258469111492387	0.00320563792932	0.144684367054244
55771	-0.425434569770623	8.00003191432851	-2.45351672668751	0.0156639514158656	0.0643795675255089	-3.55604276026424
55773	-0.297641814955544	9.37597683296967	-2.42916769314208	0.0166990172923251	0.0672969893116484	-3.61152387152236
55775	-0.00763067978782413	10.1163128481669	-0.0528761068609896	0.957923391222218	0.978190759850753	-6.43739558217485
55776	-0.0459819893752188	7.90696210382619	-0.468879905505277	0.640053059237252	0.783932127713479	-6.33076335247183
55778	-0.100878930183565	8.4448441529941	-1.29408949471918	0.19825631179316	0.37558102627881	-5.62137969100062
5578	0.562243953263219	8.53599272686864	3.35329234318585	0.00108527382497104	0.00911939144889193	-1.17207331628354
55783	0.0953022508160752	8.58497597310654	1.07603333770024	0.284189793847601	0.476051043841247	-5.87233054750082
55784	0.304584194507395	6.86812616732348	1.68200048903289	0.0953127113542904	0.230316354629683	-5.06495016572028
55785	-0.383595764477074	7.54418426647208	-2.2222374817365	0.0282459255635121	0.0980711833352712	-4.06279061106937
55786	-0.0639447478096633	7.79412025368697	-0.631366300795655	0.529068023205961	0.70372010816123	-6.24309209263553
55787	-0.160726162185282	6.994872372283	-1.33079364348853	0.185918964697698	0.359478148034406	-5.57472559973557
55788	0.0447662057118629	12.0992861046716	0.36466524391113	0.716038523798226	0.835318590259623	-6.37341414288763
55789	-0.0710932999898651	10.7253821753733	-0.288593050933058	0.773418170066744	0.871924028584713	-6.39782859280307
55790	0.484065651133258	10.2965645532793	3.33871394917323	0.00113843155750624	0.00941334802556532	-1.21564227602369
55793	-0.206990857384725	8.86919689989776	-1.19581137826389	0.234257566634563	0.418552347047695	-5.74005541270607
55794	0.0877737128974175	9.72240155707849	0.978371023898146	0.32996751930717	0.526433814881418	-5.97006580247266
55795	-0.0459486224765006	9.83381056442419	-0.545839129521176	0.586245640177717	0.746608362142477	-6.29244971757762
55796	0.166662145778958	11.9645381760802	1.07653730973431	0.283965445746037	0.475902451567625	-5.87180257542411
55799	-0.293946209078969	7.67117401527127	-2.31312950903857	0.0225133948295764	0.0829071071298712	-3.8690628474387
558	0.346889285603981	8.85774142821702	1.76321445982765	0.0805502389184948	0.20434427932026	-4.93094240495146
5580	0.101502546664991	8.59803272406298	1.05787397135596	0.292354769976069	0.486255436086559	-5.89119310398421
55802	-0.308864713320421	9.64649805463244	-3.02971054796469	0.00303047212380367	0.0197811096581502	-2.1020213965833
55803	-0.164180598014471	10.4111958574538	-1.01947523739852	0.31014127507991	0.505280845590235	-5.93004216435569
5581	-0.146269244391241	7.63475410475772	-0.850370063390304	0.396906179057843	0.591533681763849	-6.08431358284149
55810	0.135461480575776	9.01329364578346	1.40774559675045	0.161933973127496	0.327115338232603	-5.47281685875226
55813	-0.143884977440761	10.3798485957935	-1.77671070215005	0.0782895876769065	0.200776147652683	-4.90809352904727
55814	-0.128735879428442	6.80993627843207	-1.18441377116223	0.238718763998623	0.423369756557076	-5.75322826729475
55818	-0.322704959741723	9.35164447307968	-2.52722138599459	0.0128705808505948	0.0556148894378128	-3.38508466355493
55819	0.723046416513463	9.31481083946413	3.71120058296504	0.000320902242919561	0.00371239849652042	-0.0549203364605617
55823	0.109437602398785	8.38412803488831	1.39369780442588	0.166126428890612	0.333140156017591	-5.49183344837707
55825	-0.26607344756453	6.90429316195919	-1.66331753091289	0.0990023640193978	0.235801478316098	-5.09492932938316
55827	0.0868707299778161	9.94209214099582	1.13280589225665	0.25967841994013	0.447983239078001	-5.8113334971612
55829	-0.0747441902008724	12.7053766622974	-0.932669654778894	0.352966446719836	0.549576409030319	-6.01266449461205
5583	-0.147507870710874	10.4414200330675	-1.84525324696712	0.067602268437219	0.181179343702605	-4.78951706148457
55830	0.0349354201490513	10.400946798488	0.327891393161281	0.743596663513857	0.852833718498259	-6.38592488590621
55831	-0.372185028989191	10.7659428244918	-3.86873985757162	0.000182820801258238	0.00244611540460809	0.464798689297567
55832	-0.0851850754266969	9.36273808880263	-1.41411881848601	0.160058825956451	0.32515639508123	-5.46412870456912
55833	-0.552989496745794	9.52296757703013	-5.01017828402024	2.01155104294698e-06	8.3916220276475e-05	4.68570405572023
55835	-0.162785614361641	8.40297330239766	-1.7097834021435	0.0900330529906677	0.221331255268725	-5.01978090771076
55837	0.296448637736889	10.5587099205954	2.50695945331052	0.0135901920253912	0.0577443344288742	-3.43253267188294
55839	-0.145785513672305	9.55449619298933	-0.817727253352416	0.415222890841663	0.60714127781061	-6.11092402658609
5584	0.0106149759094902	8.69383022157918	0.0873762862636016	0.930526084026165	0.96402175518075	-6.43501616620838
55840	0.0632021007067108	7.24949366055571	0.534054875971465	0.594345975835113	0.752498123911409	-6.29869141089851
55841	0.268676994995012	10.0244643744049	2.13745794480127	0.0347024507779035	0.113521680564548	-4.23707909145603
55844	0.0260541711446645	8.10748329537548	0.19517602698737	0.84560341837338	0.914112866117692	-6.420040496719
55845	0.318025696299827	11.6286301986045	4.12691398626275	7.03338027779981e-05	0.00119682326337133	1.35163359741204
55846	0.351309901919653	8.81761177329644	3.50101223094676	0.000663123580265475	0.0064364286404146	-0.721943638757645
55847	0.106445930229512	10.9515198126568	1.17488205005797	0.242496006074102	0.427889080465447	-5.76415015874315
55848	0.10905857402561	10.6112158251996	1.17433349117518	0.242714678519626	0.427956098363676	-5.76477610383182
5585	0.516425514283488	7.54329259972026	2.70617750074347	0.00785479705233112	0.0395372478075899	-2.95135711914771
55851	-0.144807852386673	9.34696563903622	-1.52137246184357	0.130942031374555	0.286891559457247	-5.31225400039177
55852	0.299198403328321	8.6150435965548	2.65840539079406	0.00898249888150541	0.0434399536072803	-3.06969917575596
55854	-0.122783824284605	10.9005635376088	-1.7231810207829	0.0875736544149148	0.216769069663529	-4.99774828838851
55856	-0.0545450492053793	9.9375600422574	-0.485221986752622	0.628452299517018	0.776400836675227	-6.32311142145988
55857	-0.146471366369429	7.69447533368301	-1.47716878502015	0.142394330620477	0.302230041498851	-5.37614072443434
55858	0.130402749780149	9.62557218147596	1.70101337509554	0.0916732590639038	0.224096217776811	-5.03411502374196
55859	-0.344206683983654	8.11774273320268	-1.70361205647016	0.091184725742193	0.22310006949956	-5.02987491751878
5586	-0.0510229202098796	10.85189408037	-0.393310414606797	0.694826584033416	0.822995717962853	-6.36275056036699
55860	0.0804687998568112	10.9104796130738	0.954410731260684	0.341900060063052	0.538025242164375	-5.9926493610085
55862	0.253504538237299	9.86263682226189	1.62434707174445	0.107070227986931	0.248916432077696	-5.15643625435572
55863	0.156890885307453	9.7076532847915	2.06501734467177	0.0411947856587317	0.127968758759355	-4.3810510540159
55867	-0.225080802047566	12.4190504620352	-1.59821261766768	0.112770466439456	0.257885950384803	-5.19690518472233
55869	-0.00282476967909896	6.9345127277008	-0.0252859480618449	0.979871198012687	0.989478303388456	-6.43845606245532
55872	-0.0112991495690458	8.91989082845797	-0.0630055771132394	0.94987266896144	0.974166703696303	-6.43681835410589
55876	-0.016881251861538	7.77341541917494	-0.110496364252363	0.912210495192008	0.952573791439442	-6.43276661760741
55884	0.154891535770065	10.0025253572492	1.18184725863801	0.239731661676279	0.42438566769097	-5.75617756369708
5589	-0.211109787700445	10.301579508104	-1.9981246736039	0.0480895326154275	0.143193777722938	-4.50991135477555
55890	-0.601565929642539	10.0254402020922	-1.99253822795593	0.0487074080183603	0.144668532985133	-4.5204945126501
55892	-0.0157748763768413	8.50787962831862	-0.225591800386092	0.821923824221184	0.903744749327495	-6.4137493992831
55893	0.0109563697594397	10.7345215708973	0.0794439283968877	0.936819153772599	0.967628637009087	-6.43566686924324
55898	0.112018264834279	9.79489928235347	1.19386834084997	0.235013839827176	0.419254359499423	-5.74230978457536
5590	-0.112734581588456	13.729250468173	-0.80623697532278	0.421788950809783	0.612417745298964	-6.12004607664211
55900	0.276321791293288	8.98802631661689	2.28711024207322	0.0240393738539672	0.0869407428006061	-3.92524271619939
55902	0.240811508492472	9.92800821672098	2.36048090468125	0.0199540702507147	0.076253598864626	-3.76534521789427
55904	0.0167664913638276	8.900345745482	0.123686189982212	0.901782084375039	0.946349894160567	-6.43124782346823
55905	0.19717602751846	11.1950548587162	2.14135587003108	0.034379724100917	0.112958043386466	-4.22920242922652
55907	-0.200555543588488	11.1078036500461	-2.01299524003008	0.0464772428323635	0.139905986077013	-4.48160572881405
55909	0.00494813601100468	8.0040109169108	0.0473962188100138	0.962280575099776	0.98048478237004	-6.43766579257301
5591	-0.140814862305242	9.18442763877547	-1.29703697704051	0.19724370571817	0.374387718302313	-5.61767991423465
55914	0.149931673148229	7.59236706842734	1.07124435942755	0.286327720160217	0.478371150591301	-5.87733550293004
55915	0.235098574629277	7.8479041567012	2.4894803929785	0.0142396795765693	0.0597965192183337	-3.47318998355161
55917	0.184775923949403	7.5355185182752	1.76980055998361	0.0794404286128371	0.202712410851905	-4.919812834237
55920	-0.107555279341478	10.7966195993009	-0.749701142065552	0.454982798708186	0.641238600306831	-6.16306991535428
55922	-0.209469494193415	9.03798827447177	-2.62715223879157	0.00979751080190711	0.0459553885427329	-3.14611633950882
55924	1.11377935915342	7.30257926972409	5.73357441602102	8.2235088254305e-08	8.28368084122634e-06	7.71283984393667
55929	0.240397194919937	9.44457144779826	2.42054201308752	0.0170800319619465	0.0683201278477861	-3.63105886157952
5594	-0.00874969545547582	8.4553520140533	-0.102763355968509	0.918331775026728	0.956547347001358	-6.43357752619431
5595	0.103544419875225	9.70367142020964	0.845349682202916	0.39969066544099	0.593358176948702	-6.0884731159871
55954	0.149120086702962	7.94868088668277	1.62585192156017	0.106749175294061	0.248309824818063	-5.1540869470067
55957	-0.298318228806615	8.87142334401207	-3.26659142976503	0.00143920337824107	0.0113002090344784	-1.42889848505252
55958	0.278416399195917	10.2717015057063	2.79014520790246	0.0061795877863711	0.0331881632740087	-2.73888973822254
55959	-0.042905421310733	7.54050163947324	-0.151534345027809	0.879822704076181	0.933418863792907	-6.42747938406401
5596	0.529911967051898	7.06837123923114	2.44981351202188	0.0158175918290117	0.0645615035350268	-3.56451283485326
55967	0.19522494755532	11.6715284308582	2.11352457290872	0.0367420272921143	0.118181131399091	-4.28515213689086
55968	0.0917743265212245	9.62576831834785	1.0327725657164	0.303901630944449	0.499152177146575	-5.9167483362116
5597	-0.362281427671943	9.77952670624506	-4.33647652261635	3.14598855561883e-05	0.000648026570309515	2.10216937167382
55971	-0.603080035935614	8.79360222593546	-3.76053271398492	0.000269520115376387	0.00330792890491673	0.106034251528737
55972	-0.252299667426904	7.40643996762552	-2.30815515263544	0.0227983584403973	0.0836581255964822	-3.87984793693551
55974	-0.08338031657324	8.74647890352404	-0.784041471375315	0.434645754101807	0.625102016751315	-6.1373055946559
55975	0.364261239042067	8.59499815265447	2.42109268719928	0.017055478525975	0.0683185311267914	-3.62981359089756
5598	0.260837953790225	7.69896118004038	2.01874527665846	0.0458662929807461	0.138470606732808	-4.47060842813962
5600	0.0560060406804283	6.78083245597622	0.580753356485795	0.562555788195859	0.728324578447931	-6.27316173185214
56006	0.249367888115932	7.82144955856198	1.76686535625877	0.0799334680438966	0.203467009566282	-4.9247777549581
5601	-0.329529588319789	9.49411648827472	-2.68308643328514	0.00838277918518701	0.0415367462925283	-3.00878980026899
5603	-0.267034647157863	9.63068242495556	-2.3534453068163	0.0203172810217015	0.0773078416662685	-3.78087621491745
5604	-0.196630326567515	10.3963750325494	-2.0593073183221	0.0417482353747344	0.129222870674833	-4.39220427608517
5605	-0.0671386373237555	9.37865320525139	-0.648824218892641	0.517760081086958	0.695511183896288	-6.23214182084032
56052	-0.132123066863749	7.01682429648992	-0.889983651742445	0.375353491162308	0.570454431830849	-6.05064034333393
5606	0.0759635584320958	9.74229811811412	0.608479975911197	0.544082599052766	0.714827782436114	-6.25699804331475
56061	-0.733427671767257	9.03814381921124	-3.55598451565099	0.000550001465933529	0.00562950694995161	-0.550463725282181
56063	0.0116466356542825	7.66427755012555	0.161502486069921	0.871984223216676	0.928408054107984	-6.42594521655187
5607	0.41700377483241	7.48372173602896	3.92048258473748	0.000151459725235661	0.00211327251764621	0.639091424964063
5610	-0.159522265892329	9.87337514818936	-1.28157651199491	0.202598046950536	0.38093782558876	-5.63699544722617
5611	-1.37359554606385	10.1612122161443	-7.16701828006146	8.21143497097035e-11	4.23915330376344e-08	14.2959606849602
5613	-0.674041118312646	7.85094629157919	-3.95254167937003	0.000134678702694507	0.00192798281500283	0.747957969958843
56160	0.181602652223561	8.08925937473632	1.77849822972384	0.0779941350125792	0.200495973233146	-4.90505493556595
5618	-0.13573286498545	9.77850534977441	-0.880267276741794	0.38057094289567	0.57630069059295	-6.05903961586536
56180	0.018105183384463	8.5602342332983	0.107279493504444	0.914756279869105	0.953664883468232	-6.433111091313
56181	0.134490615745077	8.44995730153676	1.65990327476114	0.0996889618394438	0.236958510732031	-5.10037351494383
56204	-0.0471072791437468	9.25407150709951	-0.341322519971487	0.733490623971802	0.846887413196406	-6.38150919841057
5621	0.557870791669666	12.5309369640054	3.54713700408094	0.000566886339681782	0.00574537566352333	-0.57820618536731
56241	-0.337578772416709	9.60843065190738	-1.62892121298172	0.106096752631577	0.247830326145057	-5.14928887130566
56242	-0.000782745851707877	8.11404846331169	-0.00659285240899953	0.994751254075495	0.996869729187708	-6.43874911197588
56254	0.200911626286457	8.60552895970538	1.7956994044613	0.0751977804145415	0.195202283539947	-4.8756674683268
56255	0.384045768891152	8.5536452437298	2.23631148400106	0.0272823328003991	0.0953380143224997	-4.03325676965533
56257	-0.0137418832789965	9.30273075506106	-0.150544318786068	0.880601879503181	0.933612055537964	-6.42762642444455
56259	0.153991512446295	9.4438359989138	1.68090867442041	0.0955252172951751	0.230592034111769	-5.06671087666301
56261	-0.11273606151741	9.33295040600191	-1.04512871929223	0.298179862857128	0.493102957933657	-5.90424397947491
56262	0.0799257564004184	9.54384885021081	0.640283362005329	0.523276343069877	0.700074926102556	-6.23753601197865
56265	0.306561034372527	7.87802497895106	1.49122221346317	0.138671785499028	0.296868651164922	-5.35602572662429
56267	-0.221960313325989	10.0362602120095	-1.97642262269538	0.0505278016855339	0.148262750238902	-4.55086986856124
56270	-0.205944888187427	10.139738296614	-2.12553789933479	0.0357056823044403	0.115711348318002	-4.2610842889905
5631	0.195858806134231	8.72553344233092	1.54145778918188	0.125983411727532	0.278688532637766	-5.28262810298562
56339	-0.0717933702726054	8.80814757132618	-0.89535709692476	0.372487405010632	0.56720859410513	-6.04595626201893
5635	0.0255055795798748	10.360181908717	0.330255432602663	0.741814572864781	0.851735942711021	-6.38516049948927
5636	0.0900737984846559	9.35901795791245	0.868815198808795	0.386778069025711	0.582246555522576	-6.06882255938427
5638	-0.397519724335414	9.16583481126059	-2.23193025826109	0.0275791709455217	0.0962009932474701	-4.04246889896523
5641	0.496467963637164	12.2432956133722	2.70493740503078	0.00788236662179797	0.039603618184946	-2.95445247563209
56477	-0.396872391996107	7.26454016186558	-2.30527222441782	0.0229649607034592	0.0840780997868307	-3.88608887065214
56478	0.197717931804626	8.33534731102031	2.17194991970561	0.0319357353359885	0.107274979209136	-4.16692183567122
5652	-0.714877987885483	11.9315481985441	-3.84608484222331	0.000198418409786653	0.00260148581720279	0.389040765292854
5654	0.0617917268986889	13.2483094793845	0.231987651298449	0.816964538030687	0.901021892180506	-6.41231086868719
56548	0.231654402584782	7.94740180804685	1.45566583561257	0.148240026641776	0.310607365950893	-5.40656382893889
5660	0.157370325659706	13.5118442163986	1.59542919808462	0.113391586007356	0.258305157314054	-5.20117835783217
56603	0.855935689334717	6.93316145588939	5.20177930336172	8.82466367847879e-07	4.70269174091837e-05	5.46395425040592
56616	0.0703467512234441	11.1547987980789	1.2462556937506	0.215231600211746	0.395509013959738	-5.68027932882574
56623	0.222233052954441	7.42880447136242	1.35558260061071	0.177917991673203	0.348329606831159	-5.54250188993132
5663	-0.0456944485155928	8.91179124093169	-0.361888572645601	0.718106842911813	0.836902733748065	-6.37440505492235
5664	0.272527236566607	9.24506972936576	1.55748773620025	0.122133304186397	0.272580678892095	-5.25871684582767
56647	-0.294206931849834	9.54207104364897	-2.94174642326322	0.00395566520211206	0.0241240011946534	-2.34108442715824
56650	0.0907894107445704	10.7999180800561	0.953701726974631	0.34225736372693	0.538279859936109	-5.99330923774216
56652	-0.16283819793817	7.41793931945908	-1.17812112463998	0.241207672938269	0.426085410280177	-5.76044832981049
56654	0.822393311453214	6.98308054994329	4.1010031837223	7.75514056776545e-05	0.00128888251689623	1.26071310234235
56655	-0.0233753440009958	10.8562874780666	-0.2189105449353	0.827112118397312	0.906026496357278	-6.41520921463721
56658	-0.167785740762502	8.15764660737959	-1.44883658716271	0.150134956082352	0.312883872937561	-5.41613625255743
56660	-0.290319467347182	8.22969218588948	-1.22978038806015	0.221317408021191	0.402800100841293	-5.70006673426336
56672	0.0885947172005055	9.82824051452078	0.83455640483607	0.405717183248635	0.598426300323281	-6.09733332554412
56674	0.0755082482655583	11.2996146080009	0.656657008910036	0.51272806416164	0.692015328427311	-6.22713247026907
56681	0.0880127955332381	11.7088791973694	0.673722645908695	0.501854663053136	0.681908129103291	-6.21601187078123
56683	-0.845299172550673	9.42104014386554	-5.22550640465448	7.95912205740213e-07	4.35379789365176e-05	5.56156699229164
5669	-0.197999129200564	14.1474966486792	-0.602560767306653	0.5480005556239	0.717237298281321	-6.2605116126279
567	0.270683496317348	14.1238515714123	2.06784974967869	0.0409225965967761	0.127402214091475	-4.37550799359041
5670	0.0760914177226931	14.8777819376543	0.32707163661058	0.744214948617651	0.853114092726567	-6.38618866551906
5671	-0.0507060967295077	14.9976022759292	-0.216334575111239	0.829114531856926	0.906672438486826	-6.41576033756504
5672	0.0611901317246236	14.4245753562979	0.194914081514891	0.845807998847577	0.914112866117692	-6.42009072936967
56731	-0.0232393265277835	8.69439518474591	-0.191302317779264	0.848629868970152	0.915939202625566	-6.4207764752922
5678	-0.140689296869186	15.0621346330839	-0.600899240385336	0.549102863489319	0.718111091263739	-6.26149174121928
5680	-0.164930356464645	12.8911121875606	-0.413530624309865	0.679996649116976	0.810963808385276	-6.35473939371367
5682	0.0962908822005398	12.4910858378878	1.43965788529956	0.152711209917494	0.317012966554035	-5.42893357665874
56829	-0.108826128705999	9.02167291376799	-0.682591706003645	0.49625293740861	0.676942409287728	-6.21012071729877
5683	0.211276889549274	10.5552664478496	2.19831612620572	0.029951986725629	0.102148394035382	-4.11259729866148
5684	-0.00788898261156355	12.1182260699424	-0.0791974880358508	0.937014731317021	0.967693599082648	-6.4356860940923
5685	0.0589094575569445	12.2752772685968	0.691889116485761	0.490417136243951	0.671893439272688	-6.20386301769726
56850	-0.0203568432544437	8.24843449302375	-0.203183071896236	0.839355037347614	0.910927947509039	-6.41847247950567
56851	-0.162433010306063	12.4569143095371	-1.56289938425567	0.120854766122382	0.270717874354388	-5.25059103389298
5686	0.111551142772497	11.7879504506187	1.45709991719153	0.147844470036846	0.31002673838648	-5.40454820035126
5687	-0.029823856915043	13.1695073817445	-0.384355246573126	0.701432917372241	0.827336269812182	-6.36617062483265
56882	-0.130037223314082	9.87626490097959	-1.0763857244091	0.284032912663847	0.475902451567625	-5.87196140497098
56886	-0.59668843588756	9.06550414017961	-3.86800091841311	0.00018331058540586	0.00244611540460809	0.462322345842501
56888	-0.0520431880623522	8.52308524654505	-0.547828605079964	0.584883235949499	0.745775784029463	-6.29138259543101
56889	-0.0189873923303296	10.7293294832159	-0.188508989607182	0.850813646304296	0.917312233580291	-6.4212980395798
5689	-0.088906820006017	14.1209234063801	-1.20627798677865	0.230213777677431	0.413473755950333	-5.72785028714237
56890	0.0480322210826488	6.34064668913819	0.504527799850413	0.61486669914613	0.766958461937033	-6.31373548490077
56891	-0.0974811294715225	12.975369413838	-0.303014393291582	0.762432474685087	0.86542424637884	-6.39363625873682
56895	0.320903789750836	8.59406397303307	2.65277738850443	0.00912457610527615	0.0438191852497564	-3.08351898156713
56897	0.130276154192183	9.98053550896001	1.9437705636226	0.0543936230593822	0.156329619509568	-4.61170852296657
5690	-0.0875205468863787	11.1767972391319	-1.20232528998305	0.231734957872251	0.415387606678731	-5.7324717097492
56900	0.154253656463637	9.25669847524411	1.42918779202065	0.15569139154244	0.320301592563027	-5.44343574192239
56901	1.28144001471332	7.66125143030613	4.75771362635703	5.79626116094206e-06	0.000191339787349152	3.68857108548627
56902	-0.0824398263549838	9.08949764787784	-0.799988634098212	0.425385281619313	0.615463728529607	-6.12495303746308
56904	-0.635243257301234	10.12447560579	-3.49633965812746	0.00067368816473444	0.00652363920364182	-0.736420805017676
56905	0.0366412727384706	8.93321400305124	0.289861211994728	0.772450244648967	0.871493091511071	-6.39746811771503
5691	0.0512110403893893	11.6962308814022	0.562320457150181	0.575004420769171	0.738652646275794	-6.28349291048623
56910	0.0578647868556989	10.9115246743619	0.782755527311279	0.435397603618667	0.625566917009947	-6.13829096145465
56912	0.138012638151065	6.95164316561008	1.16469856052325	0.246578378835364	0.432092204980835	-5.77572375558754
56913	0.00573654263613535	10.2717708094587	0.0479245367489001	0.961860445637548	0.98048478237004	-6.43764102787175
56915	-0.853721961797482	7.99660275086434	-4.0435347055171	9.61757189058588e-05	0.00150306667209756	1.06056395660977
56916	0.00864252185859159	9.11209823991205	0.0874790841433083	0.930444558201146	0.96402175518075	-6.43500732742754
5692	-0.00926427319995159	12.8948298136675	-0.108995345265697	0.913398267795509	0.953315482208263	-6.43292861809174
56920	1.08790387185461	7.04727557428959	8.26316103877534	2.93124608471251e-13	6.05302316493133e-10	19.6799995892743
56922	-0.0251198245629694	9.21762184871319	-0.194884542368189	0.845831069701879	0.914112866117692	-6.42009638979063
56925	0.0580287055983958	9.61779945474026	0.380968894794875	0.7039370733423	0.829101305046547	-6.36744343546124
56926	-0.225091581321946	9.38398481054578	-1.96889509196791	0.0513976973108905	0.150015893918006	-4.56497930960137
56928	0.149155067318963	8.5935560817781	1.14467271256347	0.254748145757313	0.441877296084713	-5.79819638904237
5693	-0.145890536338155	12.0271164818355	-1.49285732033417	0.138243648183344	0.296749619021419	-5.35367347577981
56931	-0.441810609651575	7.94639632494679	-2.58324964553203	0.0110552255022328	0.0497907102772317	-3.2521138810188
56934	0.538482780581284	7.0993049864976	1.51141070457213	0.133457622153204	0.290094726048806	-5.32680936231513
56935	0.667872804162595	8.39772505816013	4.68541127936306	7.80151513959952e-06	0.000236045842685319	3.40921603460993
56937	0.275353087686298	7.02162839553371	2.06197451838384	0.0414889256836189	0.128688894534995	-4.38699807411423
5694	0.0180467575918757	12.7501987757152	0.204012436799475	0.838708412602611	0.910881303416746	-6.41830646518558
56941	-0.125709741555157	8.90044462406565	-1.39157779864163	0.166766248014255	0.333882215501539	-5.49468732401184
56942	0.0143998331267018	10.9359945334166	0.200069970175391	0.841783183023649	0.912125028437012	-6.41908960146386
56943	0.0873397777797016	11.1096862999295	1.227816601809	0.222051064113876	0.403196700281516	-5.70240821945629
56944	1.06097887664694	9.50755046644522	4.95025115648189	2.59345352606689e-06	9.77776383853158e-05	4.44603436580383
56945	-0.153374878693778	10.6016732099992	-1.89041880990592	0.0612471577235208	0.169595387478279	-4.70907611992772
56947	0.264812422442097	10.5441495605077	2.77477415637317	0.00645948287998044	0.034224072218498	-2.7782066214669
56948	0.00893614035350361	8.3377739581027	0.0659106426852138	0.947564694353498	0.97288805162957	-6.4366341894093
56949	-0.596210765853064	8.04027659942569	-3.68404808861636	0.000353016087839989	0.00398893691594844	-0.14280457689188
5695	-0.00629631238509239	12.4776136102517	-0.0691460021428756	0.944994838138229	0.971336157668215	-6.43641931742848
56950	-0.0959601347415296	10.6542726254557	-1.03634877901753	0.302238044220255	0.497308016983925	-5.9131442268469
56951	0.236553879642343	10.8834301682847	2.53708096897588	0.0125329255638314	0.0546104687635999	-3.36187309455851
56954	-0.0764373343854543	9.69342615492358	-0.90392858006282	0.367944078607068	0.56277088627271	-6.03842690384076
5696	1.00388528038122	7.83479163829644	4.7495196777504	5.99556619320578e-06	0.000194209320611293	3.65677003016521
56965	-0.0902304687506292	7.6048961505365	-0.903729062119752	0.36804943433961	0.56277088627271	-6.0386029679055
56975	0.786950620636556	6.98831487955547	3.4300336406841	0.000841758983546255	0.0076238258816799	-0.940183863558874
56977	0.32629419653511	6.95149631627341	1.88893355119549	0.0614478787592831	0.169752333963772	-4.71175042242254
5698	0.765996769975731	6.88844017517596	4.09664262615967	7.88338002133087e-05	0.00130233437952386	1.24545333550415
56980	-0.216805200841049	8.35865077705787	-2.84614779625006	0.00525089976071368	0.0294249878042707	-2.59405165627252
56983	-0.182179966473904	9.50358901387177	-1.64100319021983	0.103559621314695	0.243704407994124	-5.13031791329309
56984	0.116787268022797	10.9411742112344	1.88555403102589	0.0619066513990362	0.170759294008928	-4.7178281183271
56985	0.176858699794058	7.02410608760959	1.51251171820538	0.133177739891783	0.289763202703164	-5.32520515448524
56986	0.260292989726195	8.08541496451767	2.67854725665652	0.00849027598341593	0.0417936112175301	-3.02002896482089
56987	-0.168847016064879	10.8653514387015	-1.49649426800249	0.137295048993905	0.295404299215852	-5.34843251518089
5699	0.0760114664316782	10.5845878094174	0.687362902059348	0.493253472317432	0.673879206308631	-6.20691990925214
56990	0.00754171847251633	9.06980088904405	0.0574173059673035	0.95431353951097	0.976656637617161	-6.43714928051047
56992	-0.282848733810863	7.54122921799579	-1.69364873643585	0.0930693451036762	0.226298312851325	-5.04609806370224
56993	0.0709843533810989	9.86885507482468	0.60704133531279	0.545033543535252	0.715187269222098	-6.25785514123354
56994	0.385527354882373	9.96632088722335	3.28025632211365	0.00137705175580439	0.0109159764903496	-1.38878698115724
56995	0.029284776290604	9.0069801578583	0.249630375516011	0.803323543313994	0.890383577609398	-6.40813448597173
56996	0.0898101023654211	10.536958191899	0.675533964380456	0.500707879851623	0.680845877047522	-6.21481493613015
56997	-0.0766761890321249	7.9430307552147	-0.860138956384772	0.391522091187049	0.586630978019873	-6.07615010010108
56998	0.411725991915517	8.43523048008842	2.9242007733221	0.00416880362174343	0.0250323695563698	-2.38804973345747
57001	0.053650749163552	8.58494955893138	0.450785609208333	0.653002371794346	0.791924767438158	-6.33893112230018
57002	0.0322234282376521	8.57713634766112	0.33338593932991	0.739456852489053	0.850212710927364	-6.38413985042631
57003	-0.183762777239938	10.4710540626845	-2.10666332044632	0.0373454916500123	0.11970266240943	-4.29884171030032
57007	0.960137914766898	8.88100091720351	5.93205069720227	3.29195010573673e-08	4.24867310521647e-06	8.58270548564958
5701	0.0969099515793458	11.5400679165773	1.27432171024308	0.205147240141635	0.383721966388112	-5.64598172254375
57017	0.00545401787202388	10.2683055336045	0.0686359754098057	0.945399916170852	0.971631617216777	-6.43645387362445
57018	-0.0640930118021337	9.80471269655133	-0.578138040842549	0.564313986625933	0.729592892074558	-6.27464771398086
57019	0.094634663958263	9.49498315927045	1.16280386568516	0.247343279678715	0.432667405791229	-5.77786624039897
5702	-0.0805530974294221	10.811285997139	-0.821539196529489	0.41305816597114	0.605369136075517	-6.10786957709433
57020	0.227441192848305	8.2187978117554	2.08542867181009	0.0392675915977535	0.123916390724853	-4.34094859311317
57035	0.011368309793748	10.0916859801136	0.0716901992102281	0.942974380327345	0.971035819266864	-6.43624311788214
57037	-0.0732187668536281	9.11223181514187	-0.997366279611713	0.320704160579196	0.516478137333624	-5.95177094527341
57038	-0.10563644671329	9.93681174044713	-1.07219183912924	0.28590386903951	0.478049789122743	-5.87634702812692
5704	-0.241296739852389	10.3922556591712	-1.45188303110981	0.14928735145023	0.311943719448242	-5.41187146559766
57045	-0.0805328704354328	9.74900024027693	-0.453163411685523	0.651294512429858	0.790395530109201	-6.33787605559954
5705	0.0692119184524061	11.4625771524736	0.771729233143088	0.441875454750326	0.630596277857238	-6.14667428940565
57050	0.0255886235196065	10.0728461161006	0.205638825551769	0.837440698914017	0.910609034411111	-6.41797894836133
57060	0.274540237770912	6.89306537260822	1.80779311165904	0.0732818059035209	0.192212455733816	-4.85484613876597
57062	-0.556078315615228	9.98969910620231	-4.4014776997031	2.43868858307017e-05	0.000532258912725786	2.34033625483759
5707	-0.0862085553860076	11.235595665451	-1.07159960333738	0.286168752900213	0.478355725625085	-5.87696498879778
57085	0.3190946175983	7.65045093245377	2.44975780561184	0.0158199132148783	0.0645615035350268	-3.56464016016978
5709	-0.123908658712403	9.42663350910983	-0.889173061844716	0.375787038471621	0.5707982599808	-6.05134452924029
57092	0.0493026861728316	11.2637218184146	0.644766521692811	0.52037700976841	0.697551785246197	-6.23471340665731
57095	0.0925202192040664	9.63830163711664	0.862078151183925	0.390458678587135	0.585782750194668	-6.07451864510219
57099	0.100329640483082	9.27083595501401	0.945473666709991	0.346421593168131	0.542659275472931	-6.00093187939531
5710	-0.212244870102324	11.4611998247287	-1.85844142847373	0.0656921423248817	0.177801602889572	-4.76621744012955
57102	0.597994718912308	8.53079671493458	5.23767360688428	7.54798975503847e-07	4.1843218373569e-05	5.61172612344263
57103	-0.0736986315125337	9.33565198155534	-0.550083746758502	0.583340707814279	0.744843754296792	-6.29016830507249
57104	-0.0829321963092656	8.67826131390459	-0.586343603895828	0.558806641928961	0.725745733071261	-6.26996308675889
57106	0.29268168855868	8.31023172969449	2.67564023776894	0.00855977448086383	0.0420355155837902	-3.02721806950115
57107	-0.797098931606403	7.98793843198853	-4.4516397121236	2.00032869622076e-05	0.000464121208729873	2.52582670446682
57109	-0.0866801083758118	8.21863845830854	-0.594550998526054	0.553324662122155	0.720893014058202	-6.26521178190643
5711	-0.318200339664773	7.76698884912753	-2.67781097116333	0.00850782994971244	0.0418550776561196	-3.02185045908677
57111	-0.566821604007072	9.93465891948699	-4.08371051855096	8.27575330926298e-05	0.00134562564957658	1.20026770175498
57117	0.0508722718871693	8.72228655712971	0.601288133462718	0.548844760582592	0.717887208616344	-6.26126257564526
57120	0.123770511701944	8.78925390830156	1.37222486850277	0.172693998202578	0.341146339342871	-5.52054550355235
57122	-0.193128769764093	10.2123125762705	-1.80398758382896	0.0738802947505895	0.193056385523527	-4.86141219875995
57124	0.801044074454247	9.81088233814378	3.16326676076937	0.00200112488219906	0.014486670926349	-1.72770518077605
57128	-0.563138466182035	8.72127607326109	-4.31953421655637	3.36057955782086e-05	0.000687088790782185	2.04050361565312
57129	0.0203723686866476	9.71899009455502	0.182385273660752	0.855605101028923	0.919402267545959	-6.42241461912752
5713	0.00734924759473568	12.1297152716534	0.0879027547617658	0.930108565926563	0.963951913996664	-6.43497078965919
57130	-0.304593730195823	8.86049664791302	-2.01060283394227	0.0467334767973942	0.14019463271748	-4.48617276507148
57132	-0.0387355571980194	9.94972164612073	-0.451836874935952	0.652247071057541	0.791241123062901	-6.33846534190856
57134	-0.0957964053352896	12.7455511996084	-0.463865172651472	0.643630996878905	0.785993686312156	-6.33305907442382
57136	0.0751592517757768	11.9811158385561	0.646264440215195	0.519410154232057	0.696594881304885	-6.23376595774327
5714	-0.0269079855173816	11.119027742077	-0.304934152339865	0.7609736626463	0.864719005841028	-6.39306278815561
57140	0.263460112243098	7.48638238968638	2.3518058818795	0.0204027507757704	0.0774835500725811	-3.78448920087126
57142	-0.230401370471704	12.2680377913774	-2.19575594767936	0.0301397891387972	0.102661714757305	-4.11789859938104
57143	0.154507774689696	7.22158629177435	1.0511952838429	0.295397472013351	0.489661472773485	-5.89805128108906
57146	-0.0631579894114638	6.93111617296473	-0.374294760984952	0.708882006308746	0.831609909403528	-6.36991911669679
57147	0.0838316215333974	8.69627076335903	0.955983705216331	0.34110822134976	0.537268899788998	-5.99118365758633
57149	0.139244793207264	9.06263489195788	1.30889460084797	0.193208770140817	0.368654294609181	-5.60271335288019
5715	0.28982832027898	7.84529205454607	2.56721980644238	0.0115495038801992	0.051455718473811	-3.29042161151519
57150	0.0339538581723479	6.79358364435969	0.315537981447656	0.75293152056877	0.858296213069009	-6.38983007292781
57153	0.149885760080138	11.8146491954299	1.31182678175682	0.192220541851955	0.367198788666725	-5.5989920198529
57154	-0.240708973126043	7.20638888927701	-1.80968361152855	0.0729859874545835	0.191740731602885	-4.85157941975473
57157	0.0997296658290889	7.24622994420688	1.00898994735105	0.315121424899513	0.510173063439822	-5.94040546441158
5716	0.0760115989423753	10.0030227843791	0.707928785936572	0.480437859388825	0.663022217567643	-6.19287011695102
57162	0.250452026102477	8.51630008205619	1.85167328761172	0.0666667074336287	0.179253581836515	-4.77819422831721
57169	0.147312641953459	8.22316929114619	1.63475022067987	0.104866534087968	0.245729807536628	-5.14015291979332
5717	-0.0379186076979631	9.52981291681765	-0.404562658842441	0.686558897227702	0.816672881782952	-6.35834187171871
57171	-0.252260637269522	9.02209881886151	-2.72808837167034	0.00738189715593939	0.0377550900978696	-2.8964615005967
57175	-0.167268370313014	9.34191231446415	-1.22924994371951	0.221515404389761	0.402843954262313	-5.70069955898296
57176	-0.276359381388817	8.86385508145029	-2.05338045933468	0.0423294350995207	0.130755846642498	-4.40375077278127
57178	0.378029589735579	9.75178866467173	2.73903310909383	0.00715550316963218	0.0368481647014724	-2.86889561154612
57179	0.0307729394519379	10.040269574012	0.376581665481732	0.70718620268714	0.830594622738265	-6.36907573489772
5718	-0.155802849174905	10.0533229880052	-1.60933098888292	0.110316464210208	0.253549986669468	-5.17976505826316
57180	-0.486764860828305	7.38760354881187	-3.74332896481887	0.000286480632418427	0.00343943317409332	0.0497170286292716
57181	-0.155871506844915	9.08182625578355	-1.51320408406366	0.133001973488162	0.289763202703164	-5.32419578387578
57185	0.172088863892393	7.16785993463683	0.755853972561	0.45129952018828	0.638967095775659	-6.15853762323144
5719	-0.0561097901091277	9.20738275707845	-0.547039234728069	0.585423622794908	0.746126025584295	-6.29180646288836
57192	0.190691356589303	8.69702124404873	1.75709779470241	0.0815923427594833	0.205951020709875	-4.94124355938766
572	0.321903882301204	9.91867068005784	3.33753801005571	0.00114282404665979	0.00943972662540985	-1.21914993203847
5720	0.0209207683436394	12.2433906313734	0.270997288531971	0.786884375686309	0.879661317261489	-6.40266731631565
57205	0.398038587058608	9.40245538722517	2.63700079256478	0.00953375070793882	0.0451019026577093	-3.12212157227253
57211	0.391896873537304	11.2542978961364	1.67816884323496	0.0960601787926137	0.231417276014674	-5.07112447145368
57213	-0.10778420150277	8.18969128618769	-1.10537721176868	0.271329184892259	0.46095826145826	-5.84118614224726
57215	0.253112436443855	8.98951101104291	3.6626625791787	0.000380428922175981	0.00421225589433459	-0.211667988861045
57217	0.14542117823936	7.10943558259171	1.17278901094842	0.243331110329346	0.428344452292029	-5.76653693506725
57223	0.054347120093481	9.51733984403347	0.566115781523524	0.57243049176577	0.736888793186277	-6.2813928073061
57226	-0.0499174547988777	9.77492943331769	-0.549870165255365	0.583486716228597	0.744915034937899	-6.29028352160389
57228	0.53605451824333	11.6431631397658	3.20932990250654	0.00172922918938364	0.0129420895219656	-1.5954778420904
5723	-0.108397906129777	8.3263672126449	-0.639569819889974	0.523738576207171	0.700342954150129	-6.2379834560334
57231	-0.0971794559181977	10.5017806533364	-1.02314484172451	0.308410846102387	0.503851580064422	-5.92639041384901
5724	0.0601673412085384	7.37300149487914	0.428530274013055	0.669075661149642	0.803630211007131	-6.34853798751067
5725	-0.0323914224841515	10.6997515253004	-0.368085448409956	0.713493742699212	0.833850538088182	-6.37218318749165
5728	0.334239255372138	11.1592893140085	2.35828407743163	0.0200668593468732	0.0765599345058534	-3.77019918924141
5730	1.23955166614202	10.4971030806039	3.91758710251414	0.000153069843560156	0.00213128815197282	0.629291852825663
57325	-0.18615302937243	9.59573832871201	-1.82889686461409	0.0700353610665693	0.186146628922213	-4.81819712433916
57326	0.335838445535361	7.66917925400908	2.81911899131087	0.00568188417298875	0.0310581539767981	-2.66426673723853
57333	0.397760399299605	8.09043750592637	2.53724495707314	0.0125273773816006	0.0546104687635999	-3.36148635122709
57337	0.483326912032426	8.11432014685484	3.64959776535513	0.000398155268004107	0.00435355008284777	-0.25358345792383
57379	-0.0657054363089615	6.60137311640365	-0.37952129717003	0.705008545078347	0.829748973911526	-6.3679841088646
57380	0.245025563652259	8.53703970839398	2.64986296586689	0.00919894584586384	0.0440286502716628	-3.09066534057457
57396	0.211542998533784	7.97829852588971	2.01254614004128	0.0465252512490821	0.139999480989952	-4.48246343298086
57403	0.143778766986248	9.06799878000502	1.66171862797172	0.0993234215519078	0.236361700379936	-5.09748017729473
57404	0.000977280118310855	8.79459387799697	0.0137630727676621	0.989043118983008	0.99421883446509	-6.43867733551429
57405	-0.326595381578551	7.91019471973781	-1.61824362443108	0.108380324892329	0.250776194565445	-5.16594342523525
57406	0.126150280323821	6.81131851894231	1.07138774742703	0.286263548529377	0.478360694083077	-5.87718596585469
57407	-0.106347682786906	10.2759148633249	-1.14717511694988	0.25371695612973	0.44073650002767	-5.79540904254071
57409	0.173684442523649	8.25895656258294	1.65355638299736	0.10097552812326	0.239190668855213	-5.11046563264116
57410	0.0311333394149228	11.2713096513811	0.390144990673648	0.697159104074001	0.824225686531576	-6.36396844185211
57415	0.286030882703929	8.35610807862798	1.73517079993125	0.0854195143950463	0.212808621591081	-4.97789270524076
57418	-0.0950899203392956	10.3541020674189	-0.807489797797771	0.421070049263619	0.612222954922988	-6.11905766608285
57419	0.525980237632004	8.60948182728138	1.93261445611249	0.0557705064160584	0.158959414422582	-4.63227811634384
57446	0.0412843837599401	8.11125887302147	0.406977224934356	0.684789672698514	0.815037852520134	-6.35737967458542
57447	0.295769271307458	8.04535437313698	1.76178162078485	0.0807933659279414	0.204709571338895	-4.93335850340972
57448	0.123251432096867	8.84856133379011	1.54752861653243	0.124514186271472	0.276178082331459	-5.27360035223207
5745	-0.0666958312430086	9.37306931809408	-0.327487594642337	0.743901199624228	0.853008895861234	-6.38605490174045
57458	0.303951577630582	7.10110124767808	2.54580026955305	0.0122409655289784	0.053753522205934	-3.34127898068036
57461	-0.0505595343277287	8.89488399003389	-0.634167906398566	0.527244810624108	0.702649346065728	-6.24135479031099
57462	0.034773089196359	7.012720989093	0.263465172539232	0.792668837134508	0.883953637738766	-6.40464571515751
57466	-0.203955106338605	8.40124652545201	-2.06766223925277	0.040940568166574	0.127402214091475	-4.37587517178926
5747	0.212608102358962	10.4429268357595	2.88352144648287	0.0047041765609633	0.0272298699039468	-2.49601099273392
57470	0.0928919170201755	10.3539139155279	1.04321875093684	0.299059517038605	0.493848782634722	-5.90618638553123
57473	0.0768947613136349	8.48922095946688	0.742818829090357	0.45912302070226	0.644629636410108	-6.16809610539879
57475	-0.727217898648838	10.1125724213966	-4.38932138310355	2.55810944066982e-05	0.000550259999477414	2.29560563892174
57477	-0.254797278608482	8.83922192215595	-1.87981393816748	0.0626924547483808	0.171912806344818	-4.72812765159599
57486	-0.00833075332498797	6.82521572800242	-0.0693931858149152	0.944798522870333	0.971336157668215	-6.43640247778909
57488	0.16729250191386	11.1763989554563	1.6614614477977	0.0993751414802157	0.236416667231158	-5.09789025792028
57494	-0.434630534289617	10.251055765647	-3.39553687737562	0.000944075215918595	0.00826946813269542	-1.04494936288956
57496	0.694929811080872	8.53046074585949	4.97987138723964	2.28787534855166e-06	9.30928590100331e-05	4.56426863289952
57498	0.236474754992922	9.13360495640125	2.56109005583511	0.0117437059971038	0.0521883636692256	-3.30501441238584
57502	-0.30292433024212	7.76605541369594	-1.03902452488483	0.300997360306841	0.495859233373456	-5.91043961743384
57504	-0.203086244290995	8.76687216976932	-2.35341138057168	0.0203190465202747	0.0773078416662685	-3.78095100509641
57505	-0.211656949994674	8.58561968650948	-1.8775189749762	0.0630089592076273	0.172564324620359	-4.73223729405524
57506	-0.103141262567771	8.14790955928942	-0.925325765038173	0.356755853280513	0.552348802598945	-6.01932280501474
57509	0.00158098672808997	8.75868905210856	0.00891246140064065	0.992904594297427	0.996281820808643	-6.43873142497264
57510	-0.263063994537938	7.8636366958089	-2.44799648741456	0.0158934672166847	0.0647656828859474	-3.56866457639892
57511	-0.173452805544519	9.1582853187753	-1.52933205894269	0.12895894011282	0.283599799076648	-5.30055813555569
57515	0.151000099998608	10.9985554384101	1.26193308570878	0.209554841958105	0.388475761360365	-5.661212533812
57530	-0.401402809530849	7.1325500052784	-1.74208604261469	0.0841969515857309	0.210679871927849	-4.96638148167787
57531	0.266932927883611	8.03296666931796	2.3240824127509	0.0218969750881361	0.0814725289315332	-3.84524117252752
57532	0.159196087023041	10.414852721335	1.1979981521279	0.233408517153235	0.417396482287447	-5.73751397737622
57533	0.286282260426093	8.8296834111798	2.27334416990927	0.024882916678239	0.0890523794463839	-3.95473205948662
57536	0.127761097543738	6.19080885963518	0.917006617554837	0.361079738548817	0.556232495414627	-6.02680271463523
5754	0.4353731822327	8.19701416029283	2.30568862422813	0.0229408312583747	0.0840688847356588	-3.88518789031745
57541	0.0799104379003374	7.96698973219629	0.670563247318964	0.503858309899886	0.683281832174201	-6.21809199933576
57542	0.14395900530207	9.55867050679533	1.51793554108965	0.131805695485574	0.288019853098107	-5.31728613194464
57546	0.077337453820539	6.63981061027032	0.768382535979119	0.443852613999787	0.63232538662267	-6.14919551948056
57551	-0.268442559665728	9.10836246898238	-1.85242759673377	0.0665574982666644	0.179018214159117	-4.77686144903037
57552	-0.0639786084734241	9.56156187072102	-0.481277614346448	0.631243937761425	0.777563594184696	-6.32498221345831
57556	-0.161266212695179	12.0517728135454	-1.09146431509095	0.277375598555852	0.46858038415711	-5.85605496782928
57561	-0.250427109505949	9.6978330551651	-1.32668086268272	0.187272092164916	0.360995911617784	-5.58001619502466
57563	-0.441619430085177	8.92983318349511	-3.18221053340298	0.00188481722139824	0.0137897167836576	-1.67351830922263
57568	-0.215195070286663	9.36746199821118	-1.73388707876807	0.0856480591108995	0.213178530588724	-4.98002483636724
57570	0.00477438260355553	11.4062600906367	0.0509003184905049	0.959494245670902	0.979168042308736	-6.43749641170442
57572	0.42350136762621	6.6638839780721	2.73159326274662	0.00730869893929726	0.0374502811653818	-2.8876444234517
57575	0.52513225352008	7.86928550047852	3.22388064782987	0.0016507659389736	0.0125579143562723	-1.55337925610346
57579	-0.0719092490743034	8.29543281666544	-0.544073414638121	0.587456059484292	0.746980765292526	-6.29339358361357
57580	0.275058737734844	7.40239773075528	2.15127012413296	0.0335705636205138	0.111228582232428	-4.2091088694547
57584	0.176365182209891	9.51101914126217	2.06755643589645	0.0409507116722599	0.127402214091475	-4.37608233965786
57590	0.0300199346225106	9.54720843067812	0.270107422823746	0.787567154995299	0.880046631528838	-6.40290395105213
57599	-0.147356957317999	8.64995055074816	-1.58956510162359	0.114709093398518	0.260587764431177	-5.2101577754311
57609	-0.0385900702414862	10.0873061061795	-0.384983665230924	0.70096857152802	0.827024768007634	-6.36593318855906
57614	0.0150683420393708	8.2859977573095	0.205766400985796	0.837341276322023	0.910609034411111	-6.41795314772558
57617	-0.104170199885801	8.84126881993708	-0.641097175070542	0.522749413393761	0.699483258485739	-6.23702508604877
57621	0.0394470306285258	7.75097136110623	0.255434544318426	0.798848894821817	0.887132545204115	-6.40669370888556
57623	-0.0370398836907495	10.0092067733221	-0.270973218821485	0.786902841797233	0.879661317261489	-6.40267372720549
5763	0.538256250107788	10.1329720141652	4.00179220532245	0.000112310546705933	0.00167757698758843	0.916498626078435
57630	-0.0322599090692702	8.5292450704627	-0.308570241584947	0.758212985271029	0.862412456394754	-6.39196670585923
57634	-0.00917703260403159	7.98935646109412	-0.0702349438812754	0.944130017370383	0.971053028125375	-6.43634468145667
5764	-0.211691164675565	10.6444326353558	-1.4002196909911	0.16416984694555	0.330518624704082	-5.48302762041822
57645	0.15233536471685	9.68684085720355	1.89011325716144	0.0612884057654556	0.169595387478279	-4.70962644802411
57647	-0.113807068601026	8.77218560480147	-1.12234827649853	0.264078380543673	0.452925129420835	-5.82279965707068
57654	-0.0666687260891054	7.49980797297143	-0.551231221397544	0.582556567675577	0.744187635168616	-6.28954853816784
57655	0.180387848177339	8.62799833091811	1.38637049611779	0.16834577992749	0.336006789531036	-5.5016793978975
57658	0.37294158918918	8.35487536162561	2.65897769455325	0.00896816394929498	0.0433960364506014	-3.06829241516945
57659	0.531825025580826	9.41337768457585	3.25643532192392	0.00148708266722662	0.0115664812476896	-1.45862104210276
57661	0.0975002147560005	10.6177087427338	0.985064125177363	0.326683677616817	0.522952725832407	-5.96365893156666
57664	0.236571900572598	7.3385650277159	2.15364732500669	0.0333790174886698	0.110816191501773	-4.20427822466995
57679	0.196701198704359	8.1871275656617	2.32979412285594	0.02158146610434	0.0807350135968515	-3.83277817953986
5768	-0.149423054416973	12.5447430104982	-0.945324315402624	0.346497480881699	0.542675235510587	-6.00106964094584
57680	-0.382084806772527	9.2797032433316	-3.58279438283105	0.000501688584119492	0.00521907771388792	-0.46606334900999
57685	0.633025958346031	7.48186591621346	3.48939191752538	0.000689690357960336	0.00663194686467098	-0.757918563902566
57691	0.124580538080378	7.77192369318608	1.21663929864722	0.22626044568499	0.408505198111042	-5.71566591051711
57695	-0.115744795357676	7.76963644884526	-1.170951798558	0.244065827870516	0.428990262156045	-5.76862856049734
57698	-0.368199510671619	9.55184831763569	-4.2761260031307	3.97660195211761e-05	0.000772520347674114	1.88329264464358
5770	-0.0474143140411414	10.7508413965903	-0.42270272892381	0.673310336278316	0.806254476320512	-6.35097346807357
57703	0.134286570290377	8.21091034827986	1.05468239019556	0.293806131936459	0.487512786218391	-5.8944757699437
57704	-0.17987743025708	8.563723543008	-1.83059307024531	0.0697797041221543	0.185569979410494	-4.81523408435318
57706	-0.438481955350943	9.07348481769764	-2.94972095329936	0.00386214709066123	0.0236971960385433	-2.31965922474591
57707	-0.00227056776263868	8.22786773572458	-0.0147468873987338	0.988259952456683	0.993673427546221	-6.43866354221236
57708	0.244846836567121	9.13379513514354	2.36914922818637	0.0195144752715355	0.0750957703948355	-3.7461523750742
5771	-0.0602286213824431	8.57643967200163	-0.525316574055333	0.600385838378515	0.757121780548534	-6.30323226394947
57715	-0.293429944652348	7.04877386828935	-1.28903871527559	0.200000452361389	0.377514565014871	-5.62770060640071
57720	-0.3296203970662	8.33616388831233	-2.21838155643784	0.0285150578806196	0.0986324866389941	-4.07085238958304
57721	-0.31432587482803	7.21489582553591	-2.26331352309287	0.0255138148347436	0.090877149864158	-3.97611733367936
57722	0.247079296743707	9.73735453061485	1.89685299889709	0.0603839708555409	0.167880040143644	-4.69746820024741
5774	-0.011086527842267	8.31872082014287	-0.101682138060406	0.91918804290979	0.957276801831345	-6.43368622105798
57761	0.331699817410128	9.09005949144129	2.2870953410421	0.0240402731908698	0.0869407428006061	-3.92527472441365
57763	0.121459940665684	10.0048405419065	1.22719919927275	0.222282085417414	0.403438810271994	-5.70314361583839
5777	0.496327774546238	8.33149957010399	3.68824917276585	0.000347855682777804	0.00393601087636255	-0.129239874221065
57798	-0.0543786191302236	8.50199650079059	-0.821689011003768	0.412973227945706	0.605352060839668	-6.10774924651814
57801	0.616561580943178	8.63693102897422	4.75108227979551	5.95705254481914e-06	0.000193721472520497	3.66283176728628
57804	0.164232174296028	8.91874658643808	1.4643169148677	0.145866229577402	0.307204246891724	-5.3943755848122
57805	-0.0322743876187269	8.67937778700884	-0.273147466196823	0.785235265778483	0.878748583570013	-6.40209232898794
5781	0.123685194808446	10.418359152201	1.37534549363446	0.171727507746334	0.340078929269892	-5.51639958181557
57817	0.235033695998903	6.88887205776933	1.23757313008301	0.2184234492284	0.399808675573352	-5.69073930982097
57819	-0.0704266235275706	10.4199121832785	-0.715658028718099	0.47566934313354	0.658680431564635	-6.18748368654966
5782	0.201482380707902	10.6799561839161	2.32189750127752	0.0220187384370752	0.0816314091069306	-3.85000132887042
57822	-0.453970770013168	7.41673453780095	-2.1365612037482	0.0347770658391244	0.113630761009164	-4.23888929526411
57826	-0.00650343736506392	9.37917139859234	-0.0741672507997894	0.941007602679902	0.96977939573043	-6.43606545283501
57827	-0.164858676359881	8.54992322798365	-1.56202462360278	0.121060712179277	0.270992271707542	-5.2519063505273
5783	-0.00784999884500674	6.80889599883173	-0.0473425423070776	0.962323260372145	0.98048478237004	-6.43766829327698
5784	-0.299458357028389	8.6191252942103	-2.11459585801951	0.0366485687557066	0.117972399813771	-4.2830110020391
5786	0.295993645246815	9.97777245708395	3.23279402090126	0.00160435435862116	0.0123159544630212	-1.52751298679501
57862	-0.148795837954279	10.3821197467424	-2.07842517713314	0.0399199202784358	0.12532821797791	-4.35474958902705
57863	1.68508317973664	6.94684177037301	7.48514664180634	1.63926031092589e-11	1.23093546984071e-08	15.834937293849
5791	0.0208145729485517	9.04104880349293	0.158298823627749	0.874502083801121	0.929650863860651	-6.42644893291101
5792	-0.147833070028994	12.9420729258245	-1.08324362622739	0.28099162638835	0.472226008945629	-5.86475384857769
5793	0.577923558794152	7.91666425857318	2.52020753110652	0.0131157208263101	0.0563955512885587	-3.40154776490486
5796	0.408172618047775	9.23557843525759	1.85717806664515	0.065873148989736	0.177988946894086	-4.7684561809193
5797	-0.106942034148083	8.97787942489692	-0.74468844020018	0.457996199717015	0.643704034313858	-6.16673525838511
580	-0.229602452072351	7.77970828704409	-1.5589971993426	0.121775610845477	0.272076425637988	-5.25645303753906
5805	0.125464479817039	11.0691491172105	1.27310293545863	0.205577801282223	0.383906138767613	-5.64748651707947
581	0.277030864207735	8.71514394342875	1.48752864934	0.139642719137829	0.298380423952329	-5.3613301407391
5813	0.0565222600661304	9.85136661470148	0.535364450007578	0.593443236121667	0.751931451198798	-6.2980044699386
58155	0.0832359545228574	8.04897645164903	0.840222457494061	0.402546664649366	0.596008574729063	-6.09269607519888
58189	1.36183795493563	9.33114310310321	5.63326989288294	1.29846404591347e-07	1.09441969584135e-05	7.27926776932982
5819	0.133714584192417	9.14880734303066	1.0495136696994	0.296166962735857	0.490543234850247	-5.89977137883626
58190	-0.019866314500909	12.336123305274	-0.140361710351161	0.888622509915753	0.938981953678409	-6.42908284905125
58191	1.76241560913823	7.41793185950612	5.47571549298269	2.63869117962558e-07	1.94603474497387e-05	6.60680886975173
582	0.304029656369029	8.10915965788496	2.92754868808128	0.00412733668529367	0.0248845262923545	-2.3791067677681
5824	0.116333261447417	9.49619904864261	1.63756639715122	0.10427630137651	0.244929761356582	-5.13572791366249
5825	0.0546655405514279	8.4097319096785	0.473257580896462	0.636936566726983	0.781621756227139	-6.3287391723139
5827	0.268561342380475	9.34033309419215	2.25856834836513	0.025817127631366	0.0917596704970237	-3.98620398085088
5828	0.00580477300583731	8.93998398488798	0.0654103210162737	0.94796215147048	0.973175164199126	-6.43666649856799
5829	-0.017308516759676	9.98346116936018	-0.124793538504027	0.900907324910819	0.94555203351504	-6.43111253087307
583	0.24137230760616	8.86456861304069	2.20850330853011	0.0292147645426278	0.100197717508719	-4.09144688575788
5830	0.177848220727143	9.0073109625868	2.25626221888618	0.0259656735501124	0.0921686564348639	-3.99109906667152
5831	-0.298504888289614	8.68010266887825	-1.48712460672362	0.1397492514155	0.298380423952329	-5.36190962889203
5832	-0.450956071094913	9.96733564012492	-5.18607189653104	9.44747177550684e-07	4.90793187834506e-05	5.39948191528002
5833	-0.0869520565552998	8.38978694098743	-0.764630651230881	0.446075223694804	0.634179233686589	-6.15200910708083
5834	-0.00828868017177094	8.68882460948389	-0.0626516427387746	0.950153887155897	0.974166703696303	-6.4368402243631
5836	0.111025126315021	10.8893125657086	0.745911674764991	0.457259803701221	0.643135834838785	-6.1658430611905
58476	0.0847238515704826	7.50550617816564	0.544504643939725	0.58716033835295	0.746811825090817	-6.29316334995749
58477	-0.586845220405486	10.3507898720262	-5.55671655777986	1.83496229749763e-07	1.457383517051e-05	6.95119679051184
58478	0.0187829366452946	10.55487560045	0.220627615792181	0.825777995965024	0.905592969552722	-6.41483823084962
58480	0.301910173332825	9.99993226257349	2.14688229292431	0.033926621798302	0.112112102546976	-4.21801237203275
58485	0.190579958559799	10.1495631798475	1.696615927794	0.0925048002978528	0.225395177126922	-5.0412760692502
58486	0.167529414249278	10.1445719477348	2.19880717620443	0.0299160823748979	0.102068087739222	-4.11157984609485
58488	0.0411470924784441	10.4363692766271	0.357502565692243	0.721378205970112	0.838320406011417	-6.3759548966902
58490	-0.0515833208457979	8.40332689039413	-0.471911447595713	0.637894197572924	0.782215865788651	-6.32936360165646
58492	-0.271294709245626	8.1272887270236	-2.65037187644957	0.00918592018102431	0.0440286502716628	-3.08941795628689
58493	0.055843731772662	10.5467207916726	0.652915358667491	0.51512858555654	0.69409847557044	-6.22953283157172
58494	1.3315526563596	8.85037409739604	7.24893371819979	5.43486411138875e-11	3.45322904308239e-08	14.6900656410251
58495	-0.211219275147124	6.3041272931804	-1.26014670443497	0.210196086920156	0.389025247134324	-5.66339681932147
58499	0.228228909959135	8.15497116609251	1.23409704494388	0.219710927313063	0.400886295472918	-5.69490704806566
585	0.0979922113260075	7.72305718964526	0.946432807331767	0.345934494566285	0.542310805491619	-6.00004665833333
58500	0.128742713883936	6.63725507711617	1.42136901407047	0.157945928423268	0.322529881032433	-5.45419901443608
58504	-0.230568303130501	7.16533361938648	-1.72810721763799	0.0866832756389606	0.215145389656795	-4.98960608464427
58505	-0.206427200503466	12.5771938122735	-1.89940735725525	0.0600441323164576	0.167385937540985	-4.69284963331992
58513	-0.0729706120411295	7.15443226197493	-0.83367705812055	0.406210585361902	0.59875274456785	-6.09805022913384
58515	0.0478701629916731	11.2040510340945	0.578113665717786	0.564330385891568	0.729592892074558	-6.27466153219567
58517	0.0289733035039918	10.7687116768032	0.37187095197487	0.710680925456775	0.8327229642469	-6.37080739346271
58528	0.212964490703352	8.08353281204674	0.928347987047777	0.35519326930792	0.551046828760986	-6.01658899367568
58533	0.211166960016291	10.4951301568766	2.15974040090004	0.0328923805093726	0.109907387947984	-4.19187425347042
5859	0.00346220502032951	11.521443965509	0.0302870686930285	0.975891197629818	0.988192692851734	-6.43831938798222
5860	-0.0560247329098184	9.38357606503257	-0.404015189330153	0.686960287001272	0.8170326811563	-6.3585592427
5861	-0.0279786226216396	10.46467869383	-0.271668416951935	0.786369539661429	0.879541286066812	-6.40248833443684
5862	-0.478948962194128	11.4640223654007	-4.71316998757946	6.96274794823648e-06	0.000216211646813659	3.51613216478441
5863	-0.120585690639494	9.6512591465088	-1.41378241393851	0.160157386215709	0.325202780305275	-5.46458824705137
5865	0.215462482632378	7.92345652825822	0.897715558667668	0.37123380002746	0.565754831776166	-6.04389159348018
5867	0.129946409029671	8.86919616549779	1.75469777876129	0.082004252725188	0.206762859435303	-4.94527620895716
5868	-0.0580292454981525	10.4515604085376	-0.517511703852093	0.605804172797207	0.760131014325525	-6.30722503666501
587	-0.400534855717467	9.52088647851705	-2.79488024537249	0.00609562252326199	0.0328225828175645	-2.72674020212161
5870	-0.0805896482480419	9.60832154451802	-0.980340402337513	0.328999040491948	0.52522846433388	-5.96818510183115
5871	0.443416027784436	9.18960792977423	4.18720100616069	5.59479774297943e-05	0.00100399007141061	1.56479643018584
5873	0.0120383530334763	7.72308642370383	0.099431175950805	0.920970990347113	0.957967558275677	-6.43390882280808
5875	-0.27442675608522	7.88064454426585	-2.04831561338504	0.0428315861319052	0.132012996192349	-4.41359348757262
5876	0.0380675066097838	10.0393935126102	0.391389656029747	0.69624159444252	0.823565168279424	-6.36349073370427
5877	0.0950247102013791	8.51102494186719	1.02011756855881	0.309837911005553	0.505084102014184	-5.92940388804884
5878	0.310080655492929	9.94990880033743	2.48631042740165	0.0143603980804948	0.0601505517976102	-3.48053627490386
5879	0.256174534880429	12.3029269953749	3.47989362312155	0.000712146860954654	0.00676825568176938	-0.787252811162346
5880	0.448470777714909	8.67312804331523	2.72053321346502	0.00754195457370558	0.0384700661054242	-2.91543397426593
5881	-0.26315987636903	7.34483077826419	-1.67797156720447	0.0960987911937152	0.231417276014674	-5.0714419993769
5883	-0.277369111726971	7.52976448978841	-2.48814828005144	0.0142902981093818	0.0599481271627696	-3.47627813103989
5884	-0.13461566761054	8.4270758229841	-1.75848735199654	0.0813546343131805	0.205627074488027	-4.93890635967307
5885	0.218359303934335	11.621049635292	1.71288448270923	0.0894588348745108	0.220050618244032	-5.0146956313036
5886	0.0284526663805467	10.4890707101283	0.370558906268408	0.711655390941164	0.833206736948832	-6.37128583012502
5887	0.141924227203128	10.6742969693116	1.75816133553733	0.0814103540255556	0.205642056345899	-4.93945486787741
5888	-0.0207528287837113	9.2516984768166	-0.117723856371866	0.906494131424859	0.949605773693004	-6.43195556340099
5889	-0.473299638326417	9.9395163437954	-2.94017642053504	0.00397432048404385	0.0241915159898321	-2.34529671953125
5890	-0.00257172022392604	6.67859228491649	-0.0217609787953981	0.982676756090223	0.990833740881988	-6.43853761613643
5892	-0.058883894915179	7.09465373675959	-0.407533360983118	0.684382422945083	0.814670530843981	-6.35715724725078
5894	0.0106815921576766	9.95042727252645	0.195410084151709	0.845420627703106	0.914112866117692	-6.41999555510994
5898	0.0377645544471706	9.91506544788646	0.408199549915888	0.68389470557204	0.814207302972766	-6.3568904054713
58986	-0.0459213621955588	11.1024787406641	-0.227661843065975	0.820317931798557	0.902829542855768	-6.41328821048354
5899	-0.163126190939069	10.9916645370425	-1.13470355828807	0.258885536768923	0.447097352110856	-5.80924167876919
59	0.56839632785952	12.1528525348601	2.27730217882599	0.024637761127147	0.0884157417349377	-3.94626991037256
5901	-0.222985773625762	12.229928430758	-1.32019423451065	0.189421182211194	0.363661332882903	-5.58832821351103
5902	-0.110376999916945	11.2404939946778	-0.898049882512488	0.371056310094646	0.565754831776166	-6.0435984831048
5903	-0.257834657284684	9.3925974603317	-1.67755148797834	0.0961810543048881	0.231417276014674	-5.07211802455559
5905	-0.214366477430574	9.9930118557212	-2.07054465571647	0.0406650558647056	0.126895867564212	-4.37022749210349
5906	0.0498991022663913	8.21838003447512	0.457793487248343	0.647974276722799	0.788309833737767	-6.33580575374835
5909	-0.639786634199615	9.47286727493516	-3.99528455364683	0.000115048208391031	0.00170077746526249	0.894139235417469
5910	-0.0163884597750283	7.76973846143964	-0.136983546498016	0.891286016363747	0.940593138515977	-6.4295435141664
5911	0.470535375782473	8.23178025170697	3.81143612808513	0.000224746104463347	0.00288709614753848	0.273834057559836
5914	0.603068856768775	7.89229528539791	4.39003538270049	2.55094219194923e-05	0.000550150979255891	2.2982304869729
5917	-0.0675677031522444	11.8167880749935	-0.876122668277182	0.382810163113872	0.57836915687664	-6.06259473877912
5919	1.56824804444028	8.39083867183826	5.50046212356443	2.36221416147214e-07	1.79008155722568e-05	6.71171946278953
5920	0.648404875730259	8.37361005506578	2.57951598028519	0.0111686204680202	0.0501646574583181	-3.26105539439427
5921	0.0428933134851579	13.1179770635461	0.297571322131395	0.766573263784679	0.867668697625531	-6.39524255364628
5922	-0.204501415318206	7.34637443454901	-1.72108609550114	0.0879545577150804	0.217386189924166	-5.00120418350986
5925	0.481990101184636	8.20581685628759	3.75168739500254	0.000278117610283421	0.00338653305684116	0.0770537651728205
59269	0.258569263135363	6.99709699400642	2.65534134157503	0.00905959969881886	0.0436640602861418	-3.07722627939885
59271	0.319712658614188	7.53116856290415	1.52296201191709	0.130544100089079	0.286158459671107	-5.30992298576355
59272	-0.392078460008043	7.7200097615884	-3.51566525770853	0.000630996603139944	0.00620479993087612	-0.676443507604794
59274	0.148496087947775	7.90600519598981	1.19623206696992	0.234094055599912	0.418350692179852	-5.7395668462024
5928	-0.0389160798311675	9.59463343823169	-0.454100849064086	0.650621705556105	0.790052174373556	-6.33745858065966
593	-0.155524394945115	9.26404263249597	-1.20012896566333	0.232583323948009	0.416100986746926	-5.73503322598759
5930	-0.0947671750432506	10.5609017588698	-0.531740689182577	0.595942786903648	0.753942015595671	-6.29990123211693
5931	0.129930526598369	12.6279024801107	1.49152414959478	0.138592648560536	0.296868651164922	-5.35559155028945
5932	-0.17354950267101	9.21844255220942	-1.68822286521994	0.0941089282656805	0.227958870227132	-5.0548949385471
59338	0.110758528913631	11.11715558714	0.882641503357736	0.379291892603384	0.574958897578262	-6.05699562059269
5934	0.00924082458914271	8.54068777642916	0.104594112870662	0.916882130899692	0.955278304898015	-6.43339085924224
59341	0.192098494148661	7.02347063932368	1.4260171451087	0.156602643571259	0.321229345269583	-5.44780729205395
59342	-0.105604830626949	8.96489065346779	-0.701388717559263	0.484493250930978	0.666824101319502	-6.19738254912617
59343	-0.161592586844238	9.26302776528857	-1.65259547384946	0.101171475331962	0.239490527901052	-5.11199035560908
59344	-0.0168764541634138	6.10444602922544	-0.107932372880132	0.914239528094517	0.953607589602313	-6.43304200166313
59345	0.171169609691653	8.23800525077922	1.19936339594218	0.232879561896926	0.416540749516806	-5.73592501761059
59348	0.199574571422283	7.54741808143316	2.0976097240503	0.0381548450771488	0.1213083219158	-4.31684256547403
59349	0.297959094527985	9.04420475337582	3.50765499024308	0.000648372829146316	0.00635240319818127	-0.701335567397137
5935	-0.118428089076681	10.0947307722735	-1.09524071776988	0.275725287492611	0.466898115198094	-5.85203731792243
5936	-0.0785387105475978	9.60933435781268	-0.701723637811891	0.484285116525511	0.666824101319502	-6.19715247358149
5937	-0.281395765111217	12.7408294177297	-2.62479063357579	0.00986172986472014	0.0461779414300388	-3.15185831816644
5939	-0.302449467370567	8.52711204936842	-2.33490145433474	0.0213027452858149	0.0798369673597236	-3.82161046203374
594	-0.2469484096023	8.07032314809054	-1.43925016646526	0.152826433131573	0.317092775098415	-5.42950021788603
5947	0.481027248686792	8.50778736511082	2.21910887954342	0.0284641222561943	0.0985308057797389	-4.06933271835337
595	0.823747424409021	9.18944110904685	5.79465710092618	6.21438493178684e-08	6.65635621048245e-06	7.97888711095577
5955	-0.0819626539537414	11.8280915962538	-0.691753121846683	0.490502227129914	0.671898573149766	-6.20395515491153
596	0.448397513234126	9.09297479036224	2.90702949178795	0.00438756811637979	0.0259051555691902	-2.43377989449613
5962	-0.144699906065595	10.2270540230175	-1.43226867408175	0.154809849423027	0.319681488868239	-5.43917899194784
5965	0.0701590770322505	9.08713018374264	0.725668371152941	0.469532794571068	0.654015103185461	-6.18042145641113
5966	-0.189020278104269	7.88533178688091	-1.718819194406	0.088368253872851	0.217912628932065	-5.00493928928327
597	0.769955100023145	7.62830096140664	4.61501011752529	1.03913227954587e-05	0.000292943093141601	3.13995409773832
5970	-0.107580755088854	7.59130770533882	-1.01023703316906	0.314526327910287	0.509609154283831	-5.93917839840325
5972	-0.491310377348544	8.52948324196051	-1.63948851349326	0.103874988951304	0.244365288679986	-5.13270356121764
5973	0.942221924243577	7.44956463039605	4.83831927142574	4.14874721731983e-06	0.000147258610761955	4.00331542910924
5976	-0.000527981580017884	9.51852112367003	-0.00485601550417251	0.996133983408268	0.997704220074244	-6.43875889066421
5977	0.136327453893129	9.69099871144536	1.04052358525515	0.300303783771506	0.495210471941034	-5.90892139729921
5978	-0.262641047226954	7.30244459241788	-2.04555952993382	0.0431069739543371	0.132489903186748	-4.41894002611957
598	0.33024276490294	8.84770150503378	2.64634539066514	0.0092894365142948	0.0442252136069597	-3.0992814558746
5980	-0.121295060450982	7.40540806200293	-0.931635968512206	0.353498257713895	0.549841628077256	-6.01360481605751
5982	0.0773075952757267	8.76490636783027	0.637745195260489	0.524921533709947	0.701195731973379	-6.23912537912424
5983	-0.387732941664487	8.47609211475154	-2.95016187382351	0.00385703622277282	0.0236971960385433	-2.31847315634774
5985	-0.331770716048962	8.715930853967	-2.32324882523688	0.0219433600341779	0.0815716264096802	-3.84705774667884
5987	-0.264825707497591	9.2875901095846	-2.40068359210977	0.0179867394962208	0.070657169493857	-3.67579543374439
5989	0.248247637673739	8.20207872186389	2.38220439408687	0.0188685841736766	0.0733087983417537	-3.71712656222871
599	0.226493199785168	9.463557659356	2.6813048166901	0.00842482351633889	0.0416220008897924	-3.01320313891265
5993	0.266499895540491	8.08045660195577	2.17840821553368	0.0314395537451023	0.106039491194179	-4.15367087768643
5994	0.122465897883452	7.06949645988434	1.48244664623988	0.140987289187026	0.300143043475472	-5.36860786311007
5997	0.601234376097874	10.3235083813788	2.1738157970347	0.0317916886890582	0.107008699499438	-4.16309718897894
5998	0.119411289144226	6.79348589796868	1.26175973403108	0.209617005857524	0.388475761360365	-5.66142463012146
6001	0.633082693781929	10.5495565610061	4.20484515011403	5.23026411444694e-05	0.000964329946101155	1.62760714970225
6004	-0.932048511336256	9.4086127304673	-2.56817147925055	0.0115196134001423	0.051357841127793	-3.2881532331444
6009	0.0235533926449226	11.5732924878276	0.337727422304241	0.736191199996379	0.848470106374949	-6.38270847823441
6015	0.0513859892934072	10.479793383264	0.948472145304663	0.34490028909194	0.541714468130714	-5.99816155397636
6016	-0.147407496404771	8.84320060854124	-1.15171109575202	0.251855285253602	0.438147568701507	-5.79034141251657
6018	-0.102869785338722	8.26812091536462	-0.999787669933703	0.319535822325753	0.515098729978673	-5.94941400379528
60313	0.182953371930691	9.29004279469389	1.23903566794675	0.217883396802216	0.399227341966793	-5.68898235559314
60314	-0.000370934999988927	9.25413221973159	-0.00296305962296329	0.997641015321769	0.998561889601441	-6.43876616938343
60343	-0.161081039673806	9.94477760285444	-1.51228653557961	0.133234944778041	0.289763202703164	-5.32553334309097
6035	2.25414961999635	10.541334792366	4.41550325220456	2.30757748641635e-05	0.000514908705773398	2.39205254303291
60370	-0.248878285278927	11.0636042722434	-1.9205145960942	0.0572970072948014	0.162079890498308	-4.65446265710527
6038	-1.39654886443679	7.84540131108004	-6.59443554748062	1.40057672205142e-09	4.62750548965789e-07	11.5891247443631
60386	-0.278827908035109	8.27717359114218	-1.74941516685038	0.0829169185021557	0.208491247131752	-4.95413399741029
604	-0.444042026489724	8.97548085206999	-1.69232098302455	0.0933228723576098	0.226586397905308	-5.04825320548435
6041	0.353637545755142	7.8711342391651	2.70692644523513	0.00783818908153044	0.0394777084228301	-2.94948710503519
60412	-0.0217012201936904	8.9295379636776	-0.330513020662793	0.741620479041909	0.851631469051324	-6.38507688007794
6046	-0.0361251439216948	11.7879691849409	-0.360514104785294	0.71913144863416	0.837435694595148	-6.37489276605576
6047	0.00375030462003734	9.51696406426189	0.0502116300635538	0.96004182653785	0.979168042308736	-6.43753065490986
60481	-0.0800745837575049	9.02764491549852	-0.615181587724624	0.53966386555973	0.711496027545131	-6.25297887006589
60485	0.119510814141716	9.2562141891477	1.08992335785167	0.278050960908194	0.469001620809002	-5.85769046403766
60488	-0.080818618100726	10.6920692062051	-0.84994554601641	0.397141171900574	0.591593522073713	-6.08466624890771
60489	0.22511180197241	6.84682941521785	1.6131665283498	0.109479882518211	0.252528296453622	-5.17382586613574
6049	-0.199628727943685	8.23373501752635	-1.28342378052627	0.201952704371989	0.3800704803173	-5.63469938776103
60491	-0.061808746688625	10.7603424795515	-0.985330911794764	0.326553231208182	0.522952725832407	-5.96340266448046
60492	0.172158948558308	10.4125622518612	2.52100246926575	0.0130877284179348	0.0563091135060534	-3.39968391445464
60493	-0.172068275068476	9.62448081062232	-2.02704079889509	0.0449969672732757	0.136594983343351	-4.45469139006055
60496	0.243646678029452	10.3224195694046	2.46659403348125	0.0151319834976214	0.0626517211480466	-3.52604029969451
6050	0.206392762255692	11.308495174445	2.50091179524163	0.0138118482389783	0.0584157022293705	-3.4466286205447
60509	0.0649131687778103	8.30352635755253	0.745877315247021	0.457280479177746	0.643135834838785	-6.16586814196634
6051	-0.295325300917963	10.0954622321338	-3.07931325276701	0.00260140484915374	0.0177859936103044	-1.96458567600498
60526	-0.112723683927498	8.3211006000495	-0.992183925392716	0.323214177384225	0.51960862304276	-5.95679649812834
60528	-0.115511041039297	9.06252909007887	-0.750275113891607	0.454638477169673	0.641238600306831	-6.16264866758894
60558	-0.322256720983869	7.66876972829146	-2.37288373671183	0.0193277448159678	0.0746363591303852	-3.73786407617316
60559	-0.852752138961979	11.7076361709234	-5.33928041308959	4.83435055045623e-07	2.92066609707006e-05	6.03330420870668
60560	-0.29019850443419	9.13090541124046	-4.02974097363718	0.000101244967987147	0.00155732483347082	1.01283489246552
60561	-0.165068644329926	8.08765101985627	-1.45290184290083	0.149004717095237	0.311510747458026	-5.41044328326489
60592	0.290297606271374	9.69563776475321	3.63999679308976	0.000411677254125529	0.00446905146934439	-0.284311071058217
60625	-0.0186614508646367	7.66963527295025	-0.222592284211384	0.824252121498145	0.904528191905856	-6.41441019961419
60626	-0.014068298782198	10.8078426593461	-0.187937957239055	0.851260213219467	0.917312233580291	-6.42140371768
60672	-0.119316787508438	7.87710224109258	-0.870762732093775	0.385718094362335	0.58128652790237	-6.06716779523922
60673	0.0861537427231833	9.70683105367212	0.985658095169361	0.32639330037765	0.522952725832407	-5.96308828901691
60676	-0.983065265970618	10.0329413232677	-3.11727811425179	0.00231180801852773	0.0162239033415795	-1.85812663909284
60681	0.175045091683252	7.74591243904352	0.841188118672926	0.402007820428051	0.595620555468287	-6.09190266205308
60682	0.123750020912515	8.49627239456064	1.39295824112139	0.166349416788071	0.333506355016861	-5.49282949838718
60684	0.204292140229253	9.532180952737	2.28644474792586	0.0240795679219137	0.0870066627449724	-3.92667204835329
60685	-0.0207070072267588	8.37269005782897	-0.205840558704514	0.837283484644739	0.910609034411111	-6.41793814284799
60686	-0.124724739746697	7.54650534186308	-1.55387733511181	0.122992226371167	0.273757960071636	-5.26412300815717
6091	-0.0936841280988178	8.36291105111134	-0.59875951431376	0.550524054204768	0.719284675450136	-6.26274999669532
6093	0.291835718234609	8.41236039786938	1.35062639192478	0.179496549664925	0.350257855004081	-5.54899060736822
6095	0.531277188259433	6.68421505867881	2.8935004370954	0.00456730225257773	0.0267180712509151	-2.46964737708331
6100	-0.0615287411688277	8.57745503735434	-0.688001280329232	0.492852896333657	0.673443328985278	-6.20648996955884
6102	0.231747658238406	9.21528677995703	1.95242728442837	0.0533451119749058	0.154376675386452	-4.59567109967182
6103	0.151723758402981	6.63147243708893	1.51529767462569	0.132471594134497	0.288863613397821	-5.32114093121793
6117	-0.111847642099221	10.3763126886769	-1.06503682928012	0.289115269809156	0.482116050630868	-5.88379044011567
6118	-0.235552552330977	10.9080909826227	-2.67056431220878	0.00868236181796291	0.0424356855718187	-3.0397544724164
6119	-0.21952201491823	11.0471214995607	-2.21549259849742	0.0287181626224145	0.0990065633258831	-4.0768840867132
6120	0.110937886579716	9.32086424265904	1.25626019750073	0.211596167906434	0.390653631405262	-5.66813863124129
6122	-0.150808050308978	14.4946368611502	-1.88201096970268	0.0623907053542016	0.171361029100402	-4.72418896499009
6124	-0.279043050023524	13.8043184531045	-2.57051114989483	0.0114464236874213	0.0511620452695346	-3.28257329358855
6125	-0.101209244540182	14.3441228228247	-1.42245915612725	0.157630092149726	0.322026309580241	-5.45270174791281
613	-0.142039815775683	8.9946885236307	-1.04907775677209	0.296366654004238	0.490775573792101	-5.90021682698143
6132	-0.121391851594849	14.2316601662862	-1.33932230622911	0.183136348788501	0.35559620145581	-5.56370396638343
6135	-0.182852851710899	14.5468777903977	-2.47445578010399	0.0148199920280305	0.0614832416632505	-3.50793482180747
6137	-0.0632563854259994	12.7707479221199	-0.674782945865986	0.501183194334238	0.681331992297696	-6.21531160236013
6138	0.107607395287523	13.2499733747712	1.46484550358518	0.14572214965798	0.307157627294096	-5.39362861958978
6146	-0.086274086200151	12.1067843256797	-1.03850967750659	0.301235816135109	0.496153108928415	-5.91096054994064
6150	-0.264628889026418	9.81004538386513	-1.7374472794591	0.0850154544056863	0.212197089751215	-4.97410802793998
6156	-0.0251093009695644	14.4623071514933	-0.344067986646766	0.731430522180228	0.845927767181278	-6.38058481120413
6157	0.0150008954808507	13.8219668528965	0.211375274146118	0.832972770627884	0.908863693849785	-6.41680301471689
6158	-0.0412703351666014	10.9829129909567	-0.338422679009612	0.735668676168962	0.848198667241119	-6.38247753764221
6160	-0.0333265697667647	14.2625635960034	-0.359471729979498	0.719908834782285	0.837443620702757	-6.37526140397003
6165	-0.102514556690361	13.9351997403798	-1.32521823066816	0.187755078014238	0.361589401818047	-5.58189387031531
6167	-0.205919535522848	10.8396382908607	-2.31686916842541	0.0223012330086222	0.0823092871542537	-3.86094087284561
6168	0.0191671299942295	15.2300261366071	0.312267345659149	0.755409182251682	0.860052356360977	-6.39083893263568
6169	-0.0766691732319062	14.8510726060825	-0.987570200950503	0.325459673622251	0.521999398858213	-5.96124898344164
617	-0.467688854339332	8.70965441177588	-3.71250857002492	0.000319427425849552	0.00370051968796255	-0.0506741007634712
6181	-0.0347067672450369	15.1132050503693	-0.566754112239605	0.571998131216246	0.73663607009267	-6.28103821385054
6182	0.0805481957240496	9.39181465490501	0.650231629408658	0.516854014548786	0.695238533889487	-6.23124612759246
6183	-0.26093524350294	10.7313871915445	-2.12146204488037	0.0360544238387343	0.116468338251054	-4.26926407105837
6184	-0.288836056382821	12.5425142508171	-3.18517581985777	0.00186719138837434	0.0136969407629404	-1.66501201136695
6185	-0.222765168902849	12.8003560843759	-1.81707879083185	0.0718383127998694	0.189822285261331	-4.8387698919104
6194	-0.100233506605798	15.0000132506051	-1.53606933338962	0.127298925231885	0.2808414307615	-5.29061263877706
6196	0.75611074814989	7.54131938842029	3.42684571078321	0.000850758335533757	0.00768006978306976	-0.949901398981767
6197	0.197453782966338	7.77478513612988	1.53910911571726	0.12655548127681	0.279729268222223	-5.28611162703747
6198	0.238295135385435	9.63936034829745	3.22297679410789	0.00165554152449447	0.0125802879414207	-1.55599890391435
6199	-0.0608045501521855	9.75966583362739	-0.552136363299575	0.581938380347737	0.743665755907439	-6.2890587523356
6205	-0.0293276275668949	15.2998295198715	-0.537260475992029	0.592137360967861	0.750969166848081	-6.29700693803752
6208	0.00784666473506451	14.454957721511	0.120140234657789	0.904584050078035	0.94832646955763	-6.43167294685195
6217	-0.0431565324736674	14.8565068420086	-0.585980778043085	0.559049600507642	0.725947130984612	-6.27017161371716
6218	-0.182076945528851	14.9475637746583	-2.93798701937395	0.00400047081497995	0.0243013894738784	-2.35116763812412
6223	-0.090871119751476	14.8103589032815	-1.40941629057099	0.16144079956411	0.326416933591124	-5.47054298384404
6224	0.0383353365764848	13.7959288259512	0.50382732421769	0.61535733290462	0.767338703169106	-6.31408203956447
6227	-0.121459469397874	12.9972736708152	-0.91928112633968	0.359894265033025	0.554613177084475	-6.02476426699713
6228	0.706277159926864	12.0674542467988	3.6162962922444	0.000446941320676676	0.00477585421576888	-0.359891273616954
6229	-0.109143089868569	14.8612243143813	-1.66222896690195	0.0992208548569554	0.236185666028372	-5.09666624949921
6233	0.0210992422553753	13.9565985876434	0.293196102911787	0.769906600376479	0.86984386802212	-6.39651264242533
6234	0.00805381048568337	14.0088681153114	0.102849671335716	0.918263421905342	0.956547347001358	-6.433568799364
6235	-0.0673036787641798	14.3264988775215	-1.06777535502002	0.287883233523921	0.480386971496483	-5.88094729786529
6236	-0.120011015807325	8.22310656696855	-0.549328334745897	0.58385719935686	0.744927474001801	-6.29057561240066
6237	0.603062194030805	10.3210303725593	3.59228436584198	0.000485569229767613	0.00508985004807168	-0.436067570478976
6238	0.0125967920005374	12.0893489445543	0.126496026412684	0.899562668172008	0.944612000343401	-6.43090217441571
6239	-0.274002068623372	8.52333974209376	-2.64664049563084	0.00928181404006603	0.0442187938183707	-3.09855899918997
6240	-0.175254141700503	11.3079036492555	-1.50503314578948	0.13508790630383	0.292285534845727	-5.33607958842836
6241	-0.749469932639146	8.6764663617489	-2.84693969279775	0.00523873621235018	0.0293767556782162	-2.59198574884471
6242	-0.0747921288704625	8.69494240377135	-0.608063975921122	0.544357489994152	0.714961499022372	-6.25724609047014
6249	0.11732819346528	12.1095045764192	1.01681749731645	0.311398600288821	0.506528640879413	-5.9326789329639
6251	0.104103365562206	10.508247437474	1.20476610757909	0.230794766826948	0.414157022374667	-5.72961969437092
6253	0.00440768710228253	9.17795422425343	0.0342127218931754	0.972767498546317	0.98650209183457	-6.43819487194209
6256	-0.0946222454362881	10.5710802990523	-0.946890842951959	0.34570203770243	0.542292949378153	-5.99962361126026
6257	0.17493889465564	8.99836068928436	1.97676099706886	0.050488993836606	0.148254208706138	-4.55023444844408
6272	-0.0617246885547465	9.78545320695999	-0.597263007477628	0.551519112397226	0.71990326618222	-6.26362736004167
6275	0.672420640280565	11.1349511916853	2.82129740138906	0.00564598638465204	0.0309461496597385	-2.65862916753908
6277	-0.197559616356358	13.1188659846853	-1.44956837197776	0.14993101481814	0.312883872937561	-5.41511259719344
6279	1.06613718800741	8.31644705913453	3.09216808568279	0.00249978153223204	0.0172788246495704	-1.92866159585807
6280	0.690902425136748	12.3934796172524	2.15694917773897	0.0331145385723069	0.110292777664216	-4.19756048125774
6281	0.10525582972201	13.110838677723	0.74128794804267	0.460046858694469	0.645469331860036	-6.16920787646104
6282	-0.120003871768649	13.3965280318247	-1.38682956709035	0.168206074134789	0.335866992482741	-5.50106400075389
6286	-0.0275637376525717	15.4081019012442	-0.218848275754038	0.827160509567825	0.906026496357278	-6.4152226138634
629	1.20494191028072	8.90385755181742	3.4346629475662	0.000828849856454328	0.0075399777690669	-0.926059697663618
6293	-0.11913997702857	9.07915383774411	-1.23626212196012	0.218908375949957	0.400219946449246	-5.69231251488875
6294	-0.104059083944207	9.27730972580155	-1.21321779404101	0.227560447882096	0.409838890267688	-5.71970064896538
6301	-0.0615822501561349	10.5585098654626	-0.749672588337756	0.454999931767353	0.641238600306831	-6.1630908630918
6302	0.0552001138789866	9.41271108435111	0.500289531910077	0.61783796656996	0.769386643127977	-6.31582501037482
6303	0.177417339189915	14.7528555678641	1.22009805080596	0.224951757222252	0.407389062630081	-5.71157600446059
63035	0.0422695576364879	8.77570763013975	0.26094262274618	0.794608691929822	0.884842290222573	-6.40529584333704
6305	-0.0275838064638138	9.19944348368282	-0.298001910197859	0.76624544814531	0.867561070422194	-6.39511654239504
6307	0.284750004791976	9.6684128899826	2.29622921185239	0.023494521262703	0.0856105446592611	-3.90561910924748
6309	0.0725916523083749	8.59161204920145	0.680954139493725	0.497284679482831	0.67759344317522	-6.21121420015108
6311	-0.0118300158766976	10.5768016594152	-0.143928667278989	0.885811532824473	0.936850609619737	-6.42858426305113
6319	-0.0320894424853601	9.78092417086945	-0.203521062077029	0.839091505774578	0.910881303416746	-6.41840490545068
6320	-0.123776804615349	8.22900356981878	-0.688129939076899	0.492772185648294	0.673443328985278	-6.20640327160508
6322	0.770537236972975	7.84064204194844	4.04169658213676	9.68369356305134e-05	0.00150635233203021	1.05419669483535
633	0.743918939679429	9.89811699267171	3.78068910648294	0.000250861727442972	0.00313957252830143	0.172270709298379
6338	-0.474772849775909	7.95715005940802	-2.0389527875693	0.0437732995408577	0.133940236229319	-4.43172929258205
634	0.0576898238040853	7.58966024792974	0.239728277819509	0.810972458966092	0.896377962138354	-6.41051614313964
6341	-0.103661417734967	10.6659076200759	-1.34629507759765	0.180884696250281	0.35255576099743	-5.55464237508529
6342	-0.00602264673022639	9.02142361446501	-0.0466252316701613	0.962893699191875	0.980944987089897	-6.43770143970395
6347	2.10632099792194	8.08758595361088	5.84785493015864	4.8632556477041e-08	5.65781572535716e-06	8.21180573358748
6352	-0.699584467154104	9.23304606982084	-2.08577332077997	0.0392357279838513	0.123916390724853	-4.34026832422083
637	0.734557706270856	7.80352685109383	5.21494197898663	8.33375721756631e-07	4.52873911954591e-05	5.51807215194732
6376	0.0193804635857722	5.99234477209616	0.178315332600442	0.858792593223071	0.921314732576454	-6.42313633594265
6382	-0.221008536105343	13.6371737867389	-1.18708324037927	0.237668483892177	0.42239635121228	-5.75015404057602
63826	0.490991322307803	7.83963752113188	2.5436853525603	0.0123112156958104	0.0540045892976068	-3.34627997644391
6383	0.737945460570781	7.97050855903163	4.40734963742011	2.38294653281161e-05	0.000524883689627305	2.36197378715376
6385	-0.41461170950288	9.76504091968361	-2.58762637521138	0.010923620238098	0.0494135285688334	-3.24161774357075
6386	0.176195574368702	12.0190655825659	0.967675194193688	0.335260023180991	0.531117719883964	-5.98021509020456
63874	-0.12033328406704	8.91941549666726	-0.983862767089184	0.327271511495842	0.523472927912399	-5.96481207455995
63875	0.0040612635569676	10.1624325812817	0.0313697295733976	0.975029669215343	0.987704815761434	-6.43828656115993
63877	0.131948716028749	7.35683293396584	1.56378640547805	0.120646217289192	0.270430869690293	-5.2492565623865
6388	-0.26148258013142	11.284459140192	-2.90708243742401	0.00438687767214556	0.0259051555691902	-2.43363924586556
63891	-0.0945209064224275	8.50867666063962	-1.02390471005901	0.308053334738168	0.503367071204208	-5.92563263338091
63892	-0.0352194174195319	7.67693141716726	-0.378025930389493	0.706115997137578	0.829897287472452	-6.36854046814325
63893	-0.34800899580868	8.14018081416855	-3.07600903277236	0.0026281375444888	0.0178817266206569	-1.97379928843299
63894	-0.0403234158163111	8.53209094660205	-0.468227302538437	0.640518204422198	0.784153011490641	-6.33106350285219
63897	-0.231671234529549	7.25626443826196	-1.75420558979152	0.0820889369507631	0.206913219167929	-4.94610256989574
63898	-0.57006315821273	8.26566124492	-3.83054401270529	0.000209841908750648	0.00271676201611341	0.337268973580126
63899	0.0405270555629778	7.04758978577189	0.436151692553975	0.663553511774886	0.79990543013143	-6.34530264536991
6390	0.15598123314293	10.8243452000712	1.49194004895747	0.138483699779973	0.296868651164922	-5.35499335951681
63901	0.817656574936666	9.03716796428303	3.48344772177501	0.00070366461016739	0.00671938691327473	-0.7762839457879
63905	0.0304599585863888	10.4978491948738	0.399903967247664	0.689977374168507	0.819404488632356	-6.36018221245922
63906	0.13709501067989	7.93309608531678	1.31420059121306	0.19142326258932	0.365923663269564	-5.59597342252518
6391	-0.201601280931976	9.28479968810804	-1.84146381378543	0.0681596025667452	0.182259086177182	-4.79618301488004
63916	0.147572658252951	8.73294275953305	0.803086818982192	0.42359981002012	0.613848145748454	-6.1225246808304
6392	0.111907764228896	10.806367482517	1.174772790739	0.242539548999906	0.427889080465447	-5.76427485421476
63922	-0.422002241546725	7.97825233806944	-2.9958325936272	0.00336014425208608	0.0212991536012961	-2.19480169564497
63925	-0.00207127285523369	7.12048442622623	-0.0193304674377645	0.984611352815432	0.991453099385038	-6.43858673028001
63929	-0.0476249563824281	10.152045364653	-0.557008479210193	0.57861620445309	0.74087270946869	-6.28640864963405
63931	0.126182275080162	8.80061034350701	1.39870752835993	0.164621925721666	0.331248990611685	-5.4850728711481
63932	-0.0377046253052139	7.63469042030672	-0.315210714874839	0.753179324932971	0.858460221325562	-6.38993149395263
63935	0.0917753856518226	7.36042802676757	0.80563115972525	0.422136844695456	0.612589687839316	-6.12052348897316
63940	0.800678502431464	7.91852218478714	5.14469589385259	1.13004159522664e-06	5.52316187962841e-05	5.23021770312405
63943	-0.344483695377811	6.77202393205301	-3.44181380030907	0.00080927438508225	0.00738630543732528	-0.90421201341034
6396	-0.185722856133171	11.640730444246	-1.74868879305539	0.0830430623365851	0.208744885849115	-4.95534999168018
6397	0.314168363224935	8.85347383391389	2.94132208209448	0.00396069940052255	0.0241263842539206	-2.34222311733174
63979	-0.342197674469286	7.69889393695514	-2.93792638368951	0.00400119729836254	0.0243013894738784	-2.35133018058483
6398	0.0999625835360313	6.93844074362051	0.722429613863017	0.471513353597908	0.65512200180298	-6.18271701281351
6399	-0.0891279138857559	8.79522268710369	-0.90275873480551	0.368562088349132	0.563137782050282	-6.03945868455201
6400	0.0443764226522717	8.3735810256718	0.412678614527807	0.680619056528888	0.811359995227105	-6.35508503550618
6405	0.642115332849487	7.84198158020829	3.07687791019259	0.00262108336809125	0.0178484324982965	-1.9713772848852
64062	-0.031864050256473	8.83881700252617	-0.376020024133617	0.707602539490619	0.830816912038737	-6.3692833359055
64063	-0.545153213486048	7.81787990363302	-2.07554801678674	0.040190596021327	0.126020118931263	-4.36040684058753
64065	-0.0856259895853538	12.4628235036053	-0.616311578436464	0.538920599353885	0.711099704578768	-6.25229687017225
64073	0.108099310867037	6.72149110860869	0.423359768767294	0.672832359823771	0.806115945943957	-6.35070053678144
64077	0.0740779838417179	9.4260876919667	0.5304435771838	0.596838672292716	0.754497617560121	-6.30057705629508
64081	0.00368749709505989	6.65171179470536	0.0360231323858128	0.971327068357877	0.985646386318927	-6.43813234168009
64083	-0.0803969465639262	11.2445928472609	-1.12648919478733	0.262329930761469	0.450809953123558	-5.81827181326587
64087	-0.525774380048259	8.39773580990888	-4.31412786315444	3.43197258065132e-05	0.000696513354205894	2.02086189865807
64089	0.311328085911367	6.77743950925512	1.96344596052593	0.0520353059468148	0.151412276293773	-4.57516171990915
64091	0.167003802120534	6.21062052626936	1.30198703994825	0.195551752951196	0.372179142713566	-5.61144806188375
64093	0.489204446459178	6.69245270343151	2.92486510805044	0.00416054490688265	0.0250253719092415	-2.38627585624011
64094	0.379641344614343	7.92370296229718	2.01912593973338	0.0458260900009063	0.138466920977707	-4.46987935788747
64097	-0.0276766981716024	6.68097616451738	-0.205027332377033	0.837917286685649	0.91067484107925	-6.41810239369316
64105	-0.0872277829593805	7.92342105352412	-0.658214806179431	0.511730376375357	0.691233509216754	-6.22612909190864
64110	-0.100600627991786	9.29255895288101	-1.23580087625182	0.219079171565748	0.400240579039688	-5.69286562235498
64112	0.174828819967924	8.74565146335222	1.03966021968317	0.300703108810517	0.49567105942424	-5.90979605983782
64114	-0.101549511786263	11.285010112029	-0.760529025805265	0.448512351230535	0.636767277615026	-6.15506937716181
64116	-0.407062544888745	11.7128082630405	-2.64739124830509	0.00926244780538836	0.0441986244208595	-3.09672073567703
64118	-0.220283918580794	8.35330326666132	-1.92653594011322	0.0565330179653863	0.160485110530325	-4.64343908449165
64121	-0.088572929773046	10.4994621126325	-0.827406256459126	0.409739649003582	0.602215213660069	-6.1031409745905
64129	0.584697426078161	9.73836539136665	3.50551847490405	0.000653083057781114	0.0063613986524434	-0.707967163580821
64132	0.266663123907187	9.28241532849155	3.01925420712609	0.0031288896260388	0.0202862074655263	-2.13075216965002
64135	0.0614486391083284	8.89436853325848	0.421453045900267	0.674219811489772	0.806698053393048	-6.35149141444357
6414	1.36274115082946	11.3690531267401	5.01566367798636	1.96513529738865e-06	8.2816416104236e-05	4.7077327075989
64145	0.0734204540135106	9.18825166354682	1.10085806357988	0.273283051610144	0.463715826390185	-5.84603599876043
64149	0.630979546203159	7.38850247141424	5.16592160498706	1.03094991601432e-06	5.19246725992578e-05	5.31694650036579
6415	-0.227210526878426	11.403089587007	-2.0711620645758	0.0406062490951329	0.126895867564212	-4.36901682154517
64151	-0.489929450543446	9.9249863301669	-2.36888404157293	0.0195277954791054	0.0750957703948355	-3.7467404768589
6416	0.209046438683283	9.95066148308321	2.30511835553141	0.0229738827141497	0.0840780997868307	-3.88642176529492
64167	0.0617103057085294	9.99224122259662	0.210331761127027	0.833785125972586	0.908938883304889	-6.41701933331991
64172	-0.116688764431286	7.60953130565562	-0.836581926824667	0.404582042265177	0.597505394083741	-6.09567914196928
64174	0.404702746482761	8.63939945161934	2.03371864060903	0.0443074296932942	0.134948145009812	-4.44183425312304
64175	0.0616425818255362	9.72984043332767	0.592388380372076	0.554766549237516	0.722429717279186	-6.26647010139264
6418	0.00954172112254039	11.2461198732933	0.1346112945416	0.893157158593906	0.941365079748075	-6.42986030258506
6419	0.00814785184724389	8.53611359127504	0.0825174339862356	0.934380317178098	0.966438945641258	-6.43542208756861
642	-0.0582219900407775	9.87045651242858	-0.581387936170382	0.562129583583822	0.728257724550452	-6.27280016843794
64207	0.324371437964796	9.96981933839096	3.35959831795955	0.00106300853104593	0.00898182693870386	-1.15317934813547
6421	-0.119334784755589	9.06756661123855	-0.803780594238685	0.423200599805782	0.613592584587635	-6.12197962851811
64210	-0.0585579784368448	9.91069061609331	-0.728379555478537	0.467878445430143	0.652588490314371	-6.17849201070364
64215	0.0449537697815455	9.49716774432482	0.378317035536392	0.705900358370543	0.829880011406304	-6.36843233263296
64216	-0.0842324710474923	9.93545081260326	-0.844856995858601	0.399964567264894	0.593444822275558	-6.08888001097193
64219	0.0225774577071947	10.0405428653808	0.166749238396795	0.867863481916457	0.925810714274821	-6.42509847421864
6422	0.313854912305235	9.63091829442536	1.33559268463213	0.184349327577807	0.357608438097642	-5.56853216342281
64220	-0.0763173501190482	10.1022742368856	-0.5610252458556	0.5758840799669	0.73905564110709	-6.28420638745621
64221	0.102915369203466	6.64396222173158	0.639589780684811	0.523725642704629	0.700342954150129	-6.23797094586158
64222	0.467322044709593	8.15217397882806	2.54948560235307	0.0121194110657731	0.0534185354339838	-3.33255570171492
64223	0.0424609429915121	8.42438547561218	0.507771558832241	0.612596952682656	0.765417567397982	-6.31212441288806
64224	0.0676787366367997	8.76823536361269	0.374974039863282	0.708378148927503	0.831136862235963	-6.36966914211661
64225	-0.425961609733034	8.5416975125531	-3.65969210370475	0.000384392377557133	0.00424336239988952	-0.221208389443396
6426	-0.037755283246489	11.1211081460862	-0.390465282929421	0.696922956512956	0.824135092454834	-6.36384565724499
6427	-0.0559365270912492	12.15410065306	-0.72468866408429	0.470131411196442	0.654302520047618	-6.18111692322769
6428	-0.0953985510676479	11.0961241381577	-0.838259248753131	0.403643497667313	0.596866324871466	-6.09430632593105
64284	-0.301025683713975	9.32893113848838	-1.34618850201085	0.180918954275478	0.35255576099743	-5.55478122005894
64285	0.20080870931755	10.3070214021814	1.86761535906483	0.0643901815293947	0.175358687580877	-4.7499178811164
6429	0.0055604866158671	11.8425888343134	0.0779269070668059	0.938023137970483	0.968224879500163	-6.43578426458168
6430	-0.298186084492681	12.5853418703861	-2.03841134756007	0.0438282953143442	0.134032476599957	-4.43277570542784
6431	-0.0223175701123115	10.9576448804603	-0.216588647040974	0.828916980447441	0.906672438486826	-6.41570626918673
64318	0.0313522527428749	9.2939509679108	0.286373689620572	0.775112958801302	0.87286067344223	-6.39845564902483
64320	-0.11922499143361	7.42609281758321	-1.14648078985438	0.254002778530276	0.441047498562136	-5.79618302666147
64321	0.57990408762242	6.92713946380372	3.71549035563683	0.000316089315792206	0.00368250740260031	-0.0409897128817232
64324	-0.0527064873797716	7.64600940779595	-0.579789531548216	0.563203426980118	0.728706188417258	-6.27371013805354
64326	0.0915016773572146	10.1878974673017	1.16309640548788	0.24722506965639	0.432552229477183	-5.77753566418112
64327	-0.13371009029126	9.06680232662689	-2.06834537291082	0.0408751271663414	0.127402214091475	-4.37453732825122
64328	-0.0417163354845875	8.25477494719278	-0.48123531347037	0.631273905301909	0.777563594184696	-6.32500219409724
6433	-0.172825929183745	8.84542963247483	-2.28126122531642	0.0243946648365864	0.0877772700453534	-3.93779213606917
6434	0.104885195975702	11.5721238656386	1.43089551420756	0.15520228018798	0.319864970255442	-5.44107733146613
64343	5.37965515671548e-05	9.36207995871192	0.000529058912721841	0.999578799007995	0.999699828042867	-6.43877034931152
64344	0.665964477826955	6.43226900127664	3.31484401379531	0.00123076483300498	0.00998084042460411	-1.28664491752311
64359	0.195054282635041	7.55363561368191	1.08712556882285	0.279280057860161	0.470210615149802	-5.8606541184896
64374	-0.243472733795002	11.6543189064954	-1.82557799205412	0.070537844088393	0.18710748906664	-4.82398726209718
64376	0.0688909280439525	7.55547510269298	0.455366423890531	0.649713849100424	0.789559569452626	-6.3368936107288
64388	-0.682541189628822	8.9438112858737	-2.60285474303242	0.0104766357817807	0.0480472585653768	-3.20497495864498
64395	-0.293487514967281	8.7120337432684	-2.01841765131309	0.0459009185855091	0.138524511332227	-4.47123581488598
64397	0.0716520762711146	9.64617208505939	0.820861016326017	0.413442794592396	0.605610477626031	-6.10841401842623
64398	0.179640315099611	10.0076543534468	1.08943490401033	0.278265274353344	0.469075748195637	-5.85820841284002
644	1.03785012569	9.63886356814536	4.06370391763133	8.91983928833529e-05	0.00143063830139125	1.13057093750001
64400	0.257497531009148	10.6809800666465	2.20197722464997	0.0296851972626602	0.101406008845977	-4.10500651465184
64403	-0.0793547389549155	8.00434389763914	-0.869719497826778	0.386285666733756	0.581823414883447	-6.06805465653949
64411	0.717496664479875	7.47981602206058	4.28473430832335	3.84638994506971e-05	0.000754659879959045	1.91437921838308
64417	0.00864082045693304	9.58048980604863	0.0535679907860872	0.957373346358819	0.978129844795487	-6.4373593659741
64418	0.137501622272451	8.77831952279499	1.37207694638267	0.172739913346004	0.341146339342871	-5.52074180023779
64419	0.0153374223510141	10.4674728070405	0.178238592787724	0.858852716808558	0.921314732576454	-6.42314978775234
64420	0.300964533869023	8.85706371709548	2.73563055330346	0.00722519998047166	0.0371376178212171	-2.87747576055045
64421	0.0083701270116754	8.71895116890189	0.0539266426904595	0.957088227652079	0.978046364024023	-6.43734040730841
64422	-0.170259180234275	10.1482280245198	-1.72559418291832	0.0871365609719391	0.215881221844096	-4.99376247533695
64423	-0.104187823114289	10.3682364041625	-0.869824737439227	0.386228387628019	0.581823414883447	-6.06796523911458
64425	-0.341505245120902	8.76187972789933	-2.90362228551282	0.00443221064403116	0.0260941268137544	-2.44282642231595
64426	-0.113781303431481	7.41311531191509	-1.07232240378103	0.285845495179411	0.478049789122743	-5.87621074716228
64427	0.0488482656014497	8.52063577261104	0.624094728585609	0.533815294022646	0.707641522809671	-6.24756562718253
64428	0.00750627696004956	7.92220116721238	0.0875507667476374	0.930387709378087	0.96402175518075	-6.43500115785506
64429	0.0462115477113259	9.6727262305137	0.810136947956304	0.419553445198593	0.610878099302023	-6.11696421670741
6443	0.601127775957464	8.06520215626809	5.3371682355585	4.87956321302262e-07	2.92066609707006e-05	6.02449188799137
64430	0.178867960287433	8.54860094631477	2.13759919920521	0.0346907100725227	0.113521680564548	-4.23679388488753
64431	-0.114062731128882	10.0891593267073	-0.855323128516823	0.39417068119708	0.589080844343745	-6.08018600017184
64432	-0.0945492931796435	9.65686529934847	-0.923511561153873	0.357695958429656	0.553034465921169	-6.02095966326088
6446	-0.0033336408319824	11.5884644770996	-0.0217882254829044	0.982655069302938	0.990833740881988	-6.43853703262249
64478	-0.078236965919901	6.84214166458005	-0.416904893110303	0.677533862184812	0.809083374533258	-6.35336354601875
6448	0.0439368984538789	10.260277401738	0.371858763782167	0.710689975510779	0.8327229642469	-6.37081184564172
6449	0.693383800624711	9.15050139876495	3.93516774290455	0.000143539267728326	0.00203019580725337	0.688876496376911
645	0.554622969137379	10.3966688272736	2.74673965746293	0.00699990032714072	0.0362502675248792	-2.84942776733276
6451	0.871623069622367	9.46449608615226	4.47961485593894	1.78996885433717e-05	0.000429800660954217	2.62990808738497
6455	-0.13578309359034	10.0899256901489	-1.07253177535997	0.285751904742768	0.478049789122743	-5.87599217505681
6457	-0.237998032853251	7.64241467184764	-1.43436885654528	0.154211122975045	0.318844524599217	-5.43627217823635
64599	-0.144641630141364	7.17794499473895	-0.838330788167537	0.403603497217872	0.596866324871466	-6.09424771361897
64601	0.0269257778589608	9.28809088082999	0.271967682997887	0.78613999718738	0.879502392515852	-6.40240838125364
6461	-0.0805869622236307	7.27112429412349	-0.794925026976382	0.428312984109991	0.618711335148855	-6.128901915692
6464	0.0331637017109712	10.8997228094997	0.445992858726855	0.656450367905715	0.794529545399248	-6.34104092960294
64645	0.397634857523386	10.0201091807296	2.17630610945726	0.03160031495527	0.106407909307187	-4.15798788715345
64651	0.289444448519188	9.7218750448117	1.96005311442825	0.0524356831577695	0.152345671080962	-4.58148839689548
6468	0.0437386797543936	9.34044758554306	0.53811950183239	0.591546152873414	0.750563935903901	-6.29655383494801
64689	-0.108817214683975	8.63131023928594	-1.34514581322922	0.18125437728035	0.352937566321474	-5.55613905718054
6470	0.134365214454526	8.36594448286583	0.903576890332178	0.368129801658911	0.562789591283103	-6.03873722574079
64708	-0.015650455293514	8.11934069645829	-0.194994571034275	0.845745135085434	0.914112866117692	-6.42007530126394
6472	-0.533412774226503	10.3375430286039	-3.69281931505918	0.000342323160939673	0.00388939382305598	-0.1144698371135
64743	0.0920474502221577	9.6247076992297	1.06973964861737	0.287001729762768	0.479291189544322	-5.87890355966518
64744	0.726529921449937	8.4692734814995	5.48227112577192	2.56251017108615e-07	1.9242121830156e-05	6.63457456759934
64745	-0.204163833829456	8.89743688160841	-1.8612529781687	0.0652908114970503	0.17711070704947	-4.7612300992611
64746	0.0277562975918236	10.8095193781841	0.350999024766414	0.726238466162184	0.8420451614963	-6.37821828383865
64747	0.354488027759677	11.016301573152	3.94197835626609	0.000140001577722329	0.00198696397248529	0.71201319268772
64748	0.35744482682819	7.07759653683715	3.42336098519772	0.000860698909640426	0.00775373824155504	-0.9605152856918
64754	0.274931515361714	9.01714302533635	1.80719251875006	0.0733759922118685	0.192241381056675	-4.8558832690407
64755	-0.274900726051291	10.1542264758287	-2.53058528421571	0.012754473719688	0.055272560300432	-3.37717437245347
64756	-0.0660107491461072	10.0372088566411	-0.802237596662764	0.42408877092839	0.61401809778589	-6.12319122413537
64757	0.123634794487728	9.45005191789391	0.829059136742718	0.408807657455772	0.601273370830605	-6.10180282209655
64759	0.387637806132821	10.8933364250589	2.53239957346437	0.012692243009307	0.0550619365844934	-3.3729041358564
64760	-0.0633436440268653	9.2680505455393	-0.631995042443423	0.528658571680889	0.70372010816123	-6.24270286856149
64761	0.34325671195324	8.25341843029073	2.40605326224894	0.0177374467990456	0.0702018737710188	-3.66373150222255
64762	-0.358917205701946	8.14922633163253	-2.83383225160883	0.00544342371306713	0.0301965613632871	-2.62611665947751
64764	-0.0225579449780627	11.6600255650233	-0.203812872292805	0.838863995509314	0.910881303416746	-6.41834647383529
64766	0.0708593672618197	9.26519165378295	1.06934414518387	0.287179068762592	0.479405640254449	-5.8793153548338
64768	-0.70023249607779	7.68007931886365	-4.46209703887846	1.91904391511493e-05	0.000450321100535493	2.56468024728257
6477	0.0285805095702661	11.6898753559895	0.234981861454521	0.814645390083468	0.899595043060087	-6.4116236157512
64771	0.156104272061236	8.9572033909217	1.34399688399283	0.181624518193099	0.353408367555947	-5.55763406622527
64773	0.379754038470153	7.45130516557477	3.50730068534092	0.000649151720413059	0.00635240319818127	-0.70243552877809
64777	-0.186807229403084	9.08215110620752	-2.01906658151012	0.0458323570224731	0.138466920977707	-4.46999305295478
64778	0.22780351486748	11.3483008116903	1.61237189398109	0.109652784121879	0.252719220138999	-5.17505743623024
6478	0.210603794492948	10.08170315885	1.58333453156482	0.116122279985221	0.263146785371174	-5.21966373961667
64780	-0.313422568312725	8.47672572291572	-2.38881168187292	0.0185489720508147	0.0724271215950195	-3.70238158459786
64781	0.258355042930591	7.54052901953463	1.38051646191419	0.170135042258623	0.337926397270165	-5.50950963214299
64782	-0.581815291077009	8.103570479682	-4.08020191217132	8.3853915930766e-05	0.00135757017999373	1.18802655201629
64783	-0.107409525585756	8.4889586862517	-1.18459282230162	0.238648214179249	0.423369756557076	-5.75302227870003
64784	0.0371648183404163	9.15956175610624	0.351269940697234	0.726035779177798	0.84192833581477	-6.37812482620171
64785	-0.0475097417904226	8.33856771855568	-0.309224315746221	0.75771671383819	0.86196667901163	-6.39176816181236
64786	0.121521237468638	9.96635095146131	1.49651579560232	0.137289449283768	0.295404299215852	-5.34840145674132
64789	-0.208797093353922	9.46080755182033	-1.35379964658988	0.178484654309895	0.349108038029774	-5.54483879910128
64793	-0.905585011368612	10.0806029344914	-4.35726230031933	2.90069707144036e-05	0.000603520347861396	2.17805765344016
64794	-0.33253379958736	6.83197508246248	-2.54076691068786	0.0124087503450627	0.0543209770127495	-3.35317493987464
64795	-0.159162189455286	7.53955142570774	-1.37720890360962	0.171152349178966	0.33934671248638	-5.51391959935655
64798	-0.150213355504205	7.29282583801245	-0.559264218245208	0.577081135942953	0.739480326231584	-6.28517383854037
64801	0.206270869922638	9.07561621480607	2.59529508229895	0.0106964248604663	0.0486951718074864	-3.22318894664824
64802	0.00205263923281132	7.16048911131669	0.0207551585536565	0.983477339766964	0.991111226103063	-6.43855864576271
6482	-0.325945523217982	11.5198605111498	-2.61550517475915	0.010117929471271	0.046978132339909	-3.17439065904962
64834	-0.0593796156405457	9.58725872921137	-0.574209510254195	0.566960046468569	0.731920852129981	-6.27686731598502
6484	-0.132922708440481	10.6822620821964	-0.722732990831823	0.471327635146137	0.654974136323535	-6.18250241799961
64840	-1.85373315394946	10.2669744772602	-6.27498748579333	6.53988454952492e-09	1.25626619486223e-06	10.1205759340656
64841	-0.145386789671622	8.62337507291032	-1.31782576145173	0.190210455991603	0.36461786179871	-5.59135335531112
64844	0.0779488154724706	10.2865690092384	0.884420826805282	0.378335088834638	0.574047273857184	-6.05546022462047
64847	0.45294752014937	8.49420760542735	2.54528223287213	0.0122581395437162	0.0538003361482976	-3.34250428748835
64848	0.0668188083310464	6.92129222522111	0.472788224373763	0.637270394379335	0.781915249193896	-6.32895709335082
64849	0.497333057342271	8.36429230611183	2.59399887046618	0.0107345253211002	0.0487929073224646	-3.22630728583259
64852	-0.143236083340846	7.63703214954454	-1.80728116005276	0.073362084979197	0.192241381056675	-4.85573021977289
64854	-0.201573576500522	8.08568728807301	-1.20446556718318	0.23091038501856	0.414274496145375	-5.72997117016184
64855	0.110338917574563	13.0114098107587	0.852305397659186	0.395835946569296	0.590714529116961	-6.08270360939641
64856	-0.170813574270458	10.3733420483763	-1.4283982693562	0.155917920239373	0.320528128715087	-5.44452517646813
64860	0.217482959792279	7.47765645235077	1.46161601848993	0.146604150830681	0.308286732653112	-5.39818825723526
64866	-0.82052771657507	7.42330917662235	-2.6827369322938	0.00839101202802336	0.0415526135200677	-3.00965577093404
64895	0.0474764549924793	6.77633879103275	0.508348754569181	0.612193466627176	0.765281950388762	-6.3118366610516
64897	-0.085910348331543	8.21388765534905	-0.856715911094988	0.39340355714194	0.5887516929278	-6.07902107844661
649	-0.0136631357259514	10.6566090073929	-0.0723815593172146	0.9424254048027	0.970869773468484	-6.43619413751767
64921	-0.0829190265304102	8.1304419543369	-0.779297791728395	0.437422995336936	0.627369983894491	-6.14093255009312
64924	-0.312430611619525	10.1110399750586	-3.30811670088879	0.00125802627432607	0.0101596116363249	-1.30658040222637
64928	-0.042582902424885	10.9934851353506	-0.502900311420211	0.616006907931373	0.767800974726594	-6.31453993480374
6494	0.362088773351131	8.28253121153958	3.0452532882038	0.00288945702405485	0.0190935320149545	-2.05915946443119
64943	0.174169849491995	9.02578826852627	0.976647176146449	0.330816787428536	0.527009964158092	-5.97170897732284
64946	-0.226365243542499	7.87815941712618	-1.56956807522202	0.119293864849262	0.268430405733436	-5.24054063060432
64949	0.121272944295241	10.3169823760674	1.1807195270907	0.240177700808019	0.424931881621986	-5.75747151849044
64960	-0.126334836642025	11.2328870313986	-1.2895736443324	0.19981519432013	0.377363636269641	-5.62703229268585
64963	-0.0599383045960653	9.83612470866013	-0.641845657182427	0.52226502824504	0.699136611741881	-6.23655460732696
64965	-0.361927766879162	8.97268318825637	-2.41204846122116	0.0174627421808158	0.0694474002953965	-3.65023353137607
64968	0.167994929845835	12.073278856721	2.15466041070622	0.0332976751110676	0.110590589633059	-4.20221807005086
64969	0.00780628609314003	9.16190756621012	0.10941189326747	0.913068629078464	0.953108413520551	-6.43288388338896
6497	-0.259053523758749	7.67637357952989	-1.99422886508189	0.0485197104130508	0.144214756391436	-4.51729462038946
64975	0.0936195852062753	9.96797688385628	0.846386670091799	0.399114540682576	0.593035816880388	-6.08761593341645
64976	-0.260519473496195	9.86878572883247	-2.56012009481638	0.0117747037084287	0.0522682569607864	-3.30732071302981
64978	0.0254338799391619	9.68809742813987	0.279520932902267	0.780352805400082	0.875669588886133	-6.40036131468642
64979	0.0695509302833478	10.5023450845226	0.792509591131961	0.429713728189456	0.620097029148306	-6.13077687177854
6498	-0.225470551366865	6.67824079099736	-1.67419685743562	0.0968400340195532	0.232461110433452	-5.07751079237202
64981	-0.666899447629542	10.1155552019236	-4.13337857409909	6.86360361699263e-05	0.00117377569102193	1.37438308563655
64983	-0.0352729124141055	11.3929708083773	-0.453868078298186	0.650788740246692	0.790052174373556	-6.33756232215756
6499	-0.119500265776129	8.6623404908621	-1.12111932528294	0.264598852885223	0.45334713230283	-5.82414030432085
6500	-0.205019880271911	11.8353194403433	-2.66006085700218	0.00894108979680397	0.0433049606236301	-3.06562920077382
65003	-0.171955579556709	9.99869988543701	-1.60009327849452	0.112352337632249	0.25707210771257	-5.19401392215112
65005	-0.223235433129972	10.0646669178996	-2.29619982277986	0.0234962596540611	0.0856105446592611	-3.90568246723131
65008	0.00435494060505325	9.31026729689458	0.0427905408368441	0.965943543100301	0.982355782566915	-6.43787005454665
65010	-0.795745538836677	10.1544225206298	-5.19175601220537	9.21729585356446e-07	4.84935437900907e-05	5.42279921611931
65018	0.654780981483398	9.52115111106045	4.07629519280931	8.50910642940223e-05	0.00137275818568091	1.17440555832451
6502	0.105521164954225	10.7695737992045	0.815861191461376	0.416285061101648	0.608371303025409	-6.11241415524875
6503	0.650155129446764	7.70232992826009	3.32819756791884	0.00117828136638315	0.00964579195869658	-1.2469752574823
65055	-0.764916707122749	7.92176894935616	-3.04806547043853	0.00286460053160404	0.0189631030558828	-2.05138455221817
65056	-0.0432745527094483	11.1372320288396	-0.480664499437294	0.631678351595519	0.777693042293081	-6.32527164464599
6506	-0.366671826794567	8.41471720207135	-1.57701299022291	0.117570232560383	0.265263622220367	-5.22927202813665
65062	0.122713830286917	8.61198732821223	1.32706914241745	0.187144031892452	0.360833264106362	-5.5795173981909
6507	0.0340290092864369	9.3619338194622	0.268584037703781	0.788736407147739	0.881233967677577	-6.40330724811341
65078	-0.18403317901086	7.31060870665332	-1.02613847184726	0.307003978823057	0.50245964950129	-5.92340181265196
65080	-0.151941557061168	9.31372682280792	-1.43589402121314	0.153777443021492	0.318186793426233	-5.43415866096398
65082	-0.349501055640454	8.56374592579115	-3.65940354603459	0.000384779471854388	0.00424336239988952	-0.222134839093038
65083	-0.202811869265326	8.99774088653331	-2.51586131884681	0.013269715880121	0.0566448853590695	-3.41172883878328
65084	0.385679425272318	8.411671961241	3.70142317587962	0.000332133051025089	0.00382624686397104	-0.0866247173786636
65094	-0.0683294153232863	7.35341336401228	-0.755289220701519	0.451636884369847	0.639073966853792	-6.15895515852624
65095	0.126489595417292	8.07576349480369	1.26190754916139	0.209563998512576	0.388475761360365	-5.66124377963425
6510	0.261007694081412	9.00673525225949	2.56389630590318	0.0116544373358258	0.0518393389304908	-3.29833755237433
65108	0.195327653505328	9.38741896573001	1.23625867736591	0.218909651096573	0.400219946449246	-5.69231664625296
65109	-0.161033981364429	8.33629539498588	-1.72080715889856	0.0880053764717024	0.217446727387455	-5.0016640308719
65110	-0.0111789929779788	9.33963264279052	-0.126219082288722	0.89978138402394	0.944612000343401	-6.43093658721643
65117	0.0883805907648973	11.0114053235088	1.00266519606651	0.318151068613172	0.513776707643159	-5.94660576867578
65123	-0.235550201919821	9.26330519620065	-2.78574484425951	0.00625856292905077	0.0335033893674396	-2.75016450139613
65124	0.307089342368981	9.52604171547484	1.99107956628516	0.0488698473267544	0.145032711051233	-4.52325331177795
65125	0.119995261332114	9.60870938337125	1.16443998973201	0.246682666509721	0.432152455009606	-5.77601634308117
6513	0.0936944011578577	13.0134833555535	0.760153909023794	0.448735621976149	0.636960903992548	-6.15534844314722
6515	-0.74085181152641	10.7384609706359	-2.41116733774672	0.017502877552861	0.0695066195128038	-3.65221924425709
6518	-0.398644518333906	6.71554577003288	-2.62887757170173	0.0097508328278486	0.045814493263953	-3.14191850483951
6520	-0.317068910403563	12.1875554925725	-3.05563398490451	0.00279868257557137	0.0186729548257023	-2.03042957857802
6522	0.306680393291368	8.95238285453223	2.0976147198332	0.0381543943406704	0.1213083219158	-4.31683265232596
65220	0.119704926113406	8.35792784011936	1.23869717996336	0.218008299299023	0.399367609716108	-5.68938916245934
65250	0.306300242206404	6.56285705030271	2.59040151716138	0.0108409061177379	0.0491167691557526	-3.23495433017495
65251	0.1521677236833	7.1110371402727	1.17026923386521	0.244339193324604	0.429230484232502	-5.76940483017648
65258	0.105130010372779	9.426818337483	1.11340800721664	0.267881018300189	0.45660280874114	-5.83251970716595
65260	-0.413018629366042	8.46167404986347	-3.42902537971013	0.000844595531310614	0.00764113810364257	-0.943258061202967
65264	-0.0156078005838568	10.4670828717083	-0.208188638951552	0.835454069391959	0.909503459160699	-6.41746024472119
65265	-0.0159857766442057	9.4305174765815	-0.115006798202817	0.908642546192064	0.95053032314418	-6.43226649056821
653	1.74404480036097	8.56900582519688	6.7433240284177	6.75677170795426e-10	2.79054671538511e-07	12.2843310221554
6530	-0.166028537935991	8.62345284849034	-0.971164614062824	0.333527334373733	0.529591653580745	-5.97691602903624
6532	0.623936274000124	10.2485467033486	2.78024623411626	0.00635854228107259	0.0338412108515848	-2.76423149496359
6535	-0.72934477020484	9.17705221890408	-3.39051793823924	0.000959899433571723	0.0083372968678259	-1.06012021798086
6542	-0.644888857015435	9.38340416117931	-3.73971522829479	0.000290169784124105	0.00346358730760854	0.0379127111709554
6545	0.388209685143953	7.99345576512178	2.00290105641488	0.0475665557922891	0.142046186133155	-4.50084094787991
6548	-0.0794733000370062	10.2656525705053	-0.634460217315716	0.527054769511959	0.702649346065728	-6.24117308557522
655	0.0359709798687789	10.4565516888355	0.284339253682295	0.776667485872917	0.873233221926871	-6.39902621025077
6556	-0.992599309313147	8.39343809950772	-4.85730220746067	3.83270556051957e-06	0.000138245187466776	4.07793886457049
656	0.218763484567309	9.37403524551795	0.914373315947149	0.362455310683031	0.557208424761184	-6.02915650482736
6560	0.0482633275024756	8.81690607636467	0.497571973104382	0.619746473002734	0.77094157855959	-6.31715557194723
6567	0.480825087481022	7.94441388615102	2.81117344122456	0.00581459295156168	0.0316185238840681	-2.68479728532961
657	0.370486804149512	7.79941155488356	2.7637697833064	0.00666690957481782	0.0349210693690743	-2.80623813037873
6573	0.170435686232439	9.36631050474996	0.982496822017353	0.327940723909425	0.524045343294998	-5.96612151900672
6574	0.396687816538108	12.024771200002	2.35960661612345	0.0199988904687808	0.076371167485959	-3.76727748047522
6575	-0.227567599032186	8.84675442318091	-2.20147251208683	0.0297218529104958	0.101489253840717	-4.10605365443145
6576	0.101305509381888	9.93791238022618	0.784198613539606	0.434553930323427	0.625102016751315	-6.13718507330414
6578	0.813614808577359	10.1739619826426	1.57745393707548	0.117468769822213	0.265243144745506	-5.22860301283085
6581	1.12042167233244	7.79587046029004	5.24015780238718	7.4666332980811e-07	4.16718858392904e-05	5.62197578485002
6583	-0.227712132651295	7.50447479082106	-1.32011573549023	0.189447302105948	0.363661332882903	-5.58842856104589
6584	-0.0750854156263199	8.74515271697265	-0.615187732911168	0.539659822076796	0.711496027545131	-6.25297516453283
6586	0.76840181237742	7.21398707523437	2.9364696559905	0.00401868704795026	0.0243717731395515	-2.35523428123036
659	0.256956033530675	9.23550800235398	2.55125469400424	0.0120614465048028	0.0532482886850192	-3.32836423043114
6591	0.483329484087588	9.06132353951469	3.60711912586989	0.000461348332121749	0.00489183212236925	-0.389052524883732
6594	0.428835698786204	9.75954381575716	2.30104803851564	0.0232110082826349	0.0846832722679171	-3.89522054734955
6595	0.124826539148921	10.5020700935936	1.32810597660542	0.186802390091016	0.360511154708362	-5.57818475421679
6597	-0.130351862884355	11.340184429966	-1.56929169710742	0.119358235570846	0.268491020102175	-5.24095797396923
65977	0.0291444628601293	7.76625887225559	0.225005924796604	0.822378470903384	0.903744749327495	-6.41387916348448
65979	-0.0219966884751306	9.18431310294729	-0.30185064393498	0.763317216890237	0.865929631824562	-6.39398213375225
6598	0.102076890263059	9.48547468131025	0.779266189502057	0.437441531854973	0.627369983894491	-6.14095663974264
65980	-0.0771653331508065	9.3786690219259	-0.872172618256796	0.384951865381243	0.58044950858873	-6.06596757406538
65981	0.22247673201676	8.16553782924021	1.44841577247421	0.150252330052501	0.31300989816738	-5.41672468274738
65982	0.369459269968319	10.3536458380896	1.92596606522211	0.0566049538415581	0.16061728572012	-4.64448376538742
65983	-0.00162013400362306	10.8347940810197	-0.0106969768391391	0.991483952579927	0.995103419888277	-6.43871421642438
65985	-0.0486280987322796	8.28898644658353	-0.487293169264064	0.626988565086664	0.775752778252823	-6.32212298380757
65986	-0.357462980105123	7.6706866459496	-2.48176123022326	0.0145352385343458	0.0607289177004026	-3.49106426402891
6599	-0.111736492197667	10.2462622356304	-1.32762620631816	0.186960418614752	0.360576523445517	-5.57880152875173
65990	0.15041971613053	9.09335484074439	1.60358364902034	0.111579604046199	0.255942107587227	-5.18863934416615
65992	-0.233841277662475	11.0169071010964	-2.19389497631533	0.030276943814151	0.102916689672793	-4.12174851478571
65993	-0.0773757908348148	9.52408649884792	-0.630002204245467	0.529956917127161	0.704360811500029	-6.24393521746705
65997	0.0552617515428028	10.0458945896471	0.325745123664348	0.745215798478143	0.853742371072047	-6.38661411213767
65999	-0.483038324975067	8.09053150046126	-3.38687990628681	0.000971525017735705	0.00842056311279845	-1.07110559262795
66000	0.669656598972005	7.45756864726162	2.95363480953306	0.00381699728864597	0.0235111093245456	-2.30912572919596
66008	0.47678598817917	8.76663582575475	4.22069842222769	4.9222706318218e-05	0.000915719716640723	1.68420543927721
6601	0.170447396810449	9.576871118579	1.15388510323799	0.250966451947451	0.43706154186927	-5.78790567317279
66035	-0.317097244619665	8.61622153157912	-1.31009826147399	0.192802645721491	0.368049423078233	-5.60118672203191
66036	0.0668700263490859	8.375360774347	0.681573241857228	0.496894480523744	0.677396997710204	-6.2108011015792
6604	-0.165891526551176	7.57238763937055	-1.07541527235297	0.284465097619828	0.476319016083475	-5.87297771567801
6605	0.14631483761316	9.84687410432145	1.37126743974607	0.172991348671782	0.341146339342871	-5.52181567534155
6608	0.105651643686145	6.94505889115224	0.581181093893221	0.562268488302993	0.728257724550452	-6.27291806373241
6609	-0.00443590498349628	8.39944412720998	-0.0325103949415046	0.974122015625655	0.986906396304172	-6.43825072849015
661	-0.206597599197937	7.89044968205656	-1.80084663045562	0.0743773119351532	0.193681146464176	-4.86682177302121
6610	-0.237628435173063	7.57418857461882	-1.77624333928016	0.0783669880947874	0.200776147652683	-4.90888751678307
6612	0.263408631981534	10.9683554341367	3.41313594344266	0.000890500534315529	0.00790698205912481	-0.991608650615558
6613	0.176891121923475	11.559690168319	1.34422696674843	0.181550348886736	0.353408367555947	-5.55733477708854
6617	0.053372859171363	8.30482599854397	0.324909565988263	0.745846448017578	0.853991081317604	-6.38688121100212
6618	0.0771682230259984	8.65176674387236	0.759781760377487	0.448957189230583	0.636960903992548	-6.15562516636695
662	-0.314556051439782	8.0215312599912	-3.05839962745684	0.00277494740865674	0.0185595672838094	-2.02276138920273
6621	-0.0825148527541329	8.40279572231836	-0.844382390966111	0.400228525072428	0.593729816289198	-6.08927175157531
6622	0.8940017690165	8.57262504791815	2.58602892280316	0.0109714901756874	0.0495029531456594	-3.24545052878827
6624	0.503304889923878	10.4536550001761	4.81757395373336	4.52306218542082e-06	0.000156320057119565	3.92198076268633
6625	-0.17366156079302	11.6166062126795	-2.0364252048454	0.0440305405477666	0.134501577264997	-4.43661201223127
6626	-0.386784078317491	9.64964215849593	-3.61056619262721	0.000455886131497297	0.00485260237908205	-0.378106019362264
6628	-0.147564619677381	11.2233796102571	-1.37120732207402	0.173010032464166	0.341146339342871	-5.52189540179029
6629	-0.155440461571304	11.3837313618708	-1.58266045281136	0.116275998591288	0.263278439792773	-5.2206900409203
663	0.021237323133944	10.0849232404606	0.218391566806679	0.827515451530388	0.906081377742359	-6.41532077314023
6631	0.02980657294474	11.10289703017	0.378718487891599	0.705603018164106	0.829806809736421	-6.36828307074784
6632	-0.0104762443968871	10.1003640040039	-0.0918618027439853	0.926969458379771	0.962140344610409	-6.43462082648336
6633	-0.130503705983451	13.071984137364	-1.6176637055312	0.108505469497616	0.250815185878051	-5.16684497308094
6634	-0.13959915998866	10.1014317954019	-1.30271117578382	0.195305146778025	0.371825313287813	-5.61053448492467
6635	0.235771655717073	9.54259462888806	0.794286951771078	0.428682750724522	0.619041874297999	-6.12939776299486
6636	-0.0148572861787249	11.993011603673	-0.11362087196889	0.909738678705279	0.951116551125085	-6.43242229395956
664	-0.349442719489358	11.5800613911371	-2.65637643350034	0.00903348692559703	0.0436099368821926	-3.07468434041514
6642	0.161979614277813	8.78019660813604	1.48876215969231	0.139317876238107	0.297894294001234	-5.35956007319144
6643	0.155414832519202	11.3767578732043	1.61994130925136	0.108014635240269	0.250268972322698	-5.16330241527335
6645	0.201090141385626	8.66737344585707	1.73630966231123	0.0852171776962738	0.212464197938793	-4.9759999188863
6646	-0.0280969581264056	7.39302429643531	-0.219470907562829	0.826676674440819	0.906026496357278	-6.4150884631586
6647	0.340386284135087	13.706441614703	2.6987407783513	0.0080214490976898	0.0401368832560129	-2.96990101963114
6648	-0.131063262567542	8.86350767240987	-0.554107973625889	0.580592900192771	0.742482947142327	-6.28798911817472
665	0.367395648453084	10.7226755922151	2.85254141964533	0.00515342740008083	0.0290165714551245	-2.57735774310621
6651	0.183081899795027	11.458484199964	2.55426129795744	0.0119635055778521	0.0528879299010514	-3.32123481975496
6654	0.0317115193809361	6.83828152000826	0.21727865129296	0.82838052901365	0.906490106095239	-6.4155591112605
6659	-0.381171728543493	9.63685628693219	-1.69292003410018	0.093208417400277	0.226434679332429	-5.04728105496694
666	-0.189680090590766	7.65073973901759	-0.989909866199501	0.324319678426037	0.520474168214312	-5.95899363227001
6667	0.106219538690548	8.87778995972636	1.10945281606037	0.269575419325304	0.458733614261848	-5.83679562081945
6668	0.114001035042307	8.12819125406237	1.05468681150764	0.293804117976902	0.487512786218391	-5.89447122917564
667	0.16822988177744	6.99004983723043	0.720449022924924	0.472726817296083	0.656178778976863	-6.18411579764086
6670	0.0247505214247369	9.93716933576586	0.223880867790066	0.823251698349892	0.903898061496386	-6.41412740439786
6672	0.447282631337329	9.4025486167599	3.26332689552491	0.00145443419546077	0.0113877776482613	-1.43846069079378
6676	-0.954949633933213	7.51515028985748	-4.35091925370198	2.9735283857504e-05	0.000617119207695937	2.15487218880573
6678	0.788500180076461	12.7559987122917	4.41827245794991	2.2825067894751e-05	0.000510935124148085	2.40227700563567
6683	-0.128087209326846	8.17570070851822	-0.937593610884455	0.350440213161798	0.547190200513506	-6.00817119096914
6687	-0.0282349774054989	9.44847174109081	-0.290148663225513	0.772230896961845	0.871397159686453	-6.39738619023139
669	0.16167909835883	12.8184177155206	0.813276442274789	0.417758992020728	0.609662415917175	-6.11447262923394
6692	0.0530656846891272	10.5964592976129	0.331555633410262	0.740835035635715	0.8513212846899	-6.38473775769809
6693	0.135565248194364	7.50924117933783	0.646657379813216	0.519156680696632	0.696481108097155	-6.23351705811232
6696	1.6499663103294	12.9150346892968	2.12462317852799	0.0357836936463639	0.115865664256749	-4.26292129029853
6697	-0.0198135704067901	7.59522668943873	-0.146686213782034	0.883639415437231	0.935631530766765	-6.42819024402298
6698	-0.123565085889298	7.67196190325338	-1.12844359845592	0.261507529256851	0.450104645063885	-5.81612912981307
670	-0.177160486674671	8.74031620908199	-1.62783908009392	0.106326409153438	0.247830326145057	-5.15098150220447
6708	-0.548053475579327	6.93576326705399	-1.60966157589348	0.110244157913617	0.253549986669468	-5.17925368771362
6709	0.318827063403723	9.39441151111133	2.03425134533886	0.0442528151162576	0.134881274118187	-4.44080692347356
6711	0.273940145598231	8.28951028437796	2.3623297436756	0.0198595823856395	0.076050139316357	-3.76125697298325
6713	-0.0910373724240958	10.9872124462593	-0.77232323433186	0.441525065722762	0.630314041284136	-6.14622566657768
6717	-0.0262866611858045	11.0814470797088	-0.168034190140625	0.866854844786416	0.925748019175749	-6.42488697914688
672	-0.138466858626751	7.77072267780275	-1.08305174141884	0.281076416134368	0.472253590878411	-5.86495612624397
6720	-0.196019540308381	9.94147715753732	-1.67058370496296	0.0975538849458924	0.233675958628606	-5.08330766996035
6721	-0.14019835179645	7.4253087472603	-1.13115281375009	0.260370496623518	0.448802233328518	-5.81315291581564
6722	-0.163873732020549	10.0613973057855	-1.19120290644875	0.236054132893131	0.420307639081109	-5.7453964909681
6723	-0.318121377475288	9.65196300193551	-1.9171090086969	0.0577329478541885	0.16289700943616	-4.66068314117456
6726	0.0168580163867304	11.814739042028	0.203340713442359	0.839232121667866	0.910914234556712	-6.41844097634698
6727	-0.0462249553634678	13.6849329392353	-0.649558075570758	0.517287532985701	0.695455344358884	-6.23167502580463
6728	-0.433271184402236	10.1413815586879	-4.4663608497594	1.88682425480706e-05	0.000444021890162573	2.58054031071043
6729	-0.113457357532487	10.3292978819842	-1.31809974227373	0.190119028849252	0.364527200161286	-5.59100368145967
673	-0.410160108611041	8.73445345709474	-2.92509665050026	0.00415767001001976	0.0250253719092415	-2.3856575207386
6730	-0.0888757421762169	10.198711544178	-0.955375126813952	0.341414439903742	0.537363428659472	-5.99175101497098
6731	-0.195378345926554	10.841201409822	-2.31331379466063	0.0225028982730422	0.0829054146901553	-3.86866288591561
6732	-0.179461972763332	10.3019993438953	-2.00235947863728	0.047625609799849	0.142171137313608	-4.5018704229846
6733	0.217967859928286	7.79731486338895	1.70372092991622	0.0911643046973086	0.22310006949956	-5.02969714144672
6734	-0.480214652450726	10.6719202948686	-3.98719363960996	0.000118540907165201	0.00173916144437755	0.866377885964755
6737	-0.244819040062365	7.965777961717	-1.90980592494128	0.0586772212973164	0.164407682468057	-4.67398776796039
6738	0.121486029799397	10.3247960698478	1.59649102671838	0.113154317757872	0.258023365538089	-5.19954905205455
6741	-0.068931623867656	11.3483509810094	-0.844871484247969	0.399956511023497	0.593444822275558	-6.08886804878447
6742	0.0105315564776232	11.5256055569139	0.115972942674202	0.907878524234043	0.95033286150972	-6.43215676119297
6744	-0.410531035796464	9.05882414853903	-1.94568763728316	0.0541599353336925	0.155973514139679	-4.60816269315861
6745	-0.167426734423028	10.1336228617975	-1.90872187502188	0.0588184882911588	0.164635958415782	-4.67595861871108
6746	-0.395700532885087	13.0990891260233	-2.98374889624598	0.00348552625584964	0.021910537955341	-2.22768043230384
6747	-0.327452557824707	8.36887240056358	-2.16567799357002	0.0324240942805464	0.108650311869093	-4.179755822505
6748	-0.141378541225932	12.9158452217262	-1.164741586565	0.246561028460009	0.432092204980835	-5.7756750630327
6749	-0.152596770241745	10.0270528133173	-1.62189960774596	0.10759403803908	0.249852896880179	-5.16025270037668
6760	0.246094369706189	9.90755461604468	2.67327506723179	0.00861669868593896	0.0422397217482824	-3.03306211503964
6764	0.612534567006573	8.28166481567635	2.99365018250848	0.00338247676585274	0.0214093931693055	-2.20074821426918
6767	0.183609360037141	11.489103668957	2.7796283314944	0.00636986794169374	0.0338578566270208	-2.76581075398216
6768	-0.204785601464672	8.18236832265228	-1.80966097754722	0.0729895232721913	0.191740731602885	-4.85161854953469
677	0.279930501077635	12.0819491579321	1.85467380120854	0.0662331757621996	0.178405610515268	-4.77288963707989
6772	-0.0716646606062945	9.62789336623063	-0.489479111495769	0.625445340668301	0.774539507334358	-6.32107523196271
6773	-0.16275123123776	8.90944546573572	-1.66742771513291	0.0981808953384457	0.234659337681682	-5.08836133973174
6774	0.345552229849375	9.12879335376016	3.03226250057137	0.00300689082334092	0.0197118398419016	-2.09499665631866
6775	1.17775830245613	8.2808575468891	3.28754581925855	0.00134493189263449	0.0107202232238238	-1.36733329275639
6776	0.256307272059772	8.05293382942385	1.22845482077233	0.22181243686827	0.403029196773407	-5.70164764998357
6777	0.256711998563714	8.85093446073611	1.35945774154569	0.176691066572255	0.346502423999722	-5.5374125012762
6778	0.214594646838647	8.47668944440169	1.04996301857595	0.295961211991712	0.490300764350489	-5.89931201095507
678	-0.322469226500715	7.67144355754124	-1.96648140822252	0.0516793028715488	0.150624926506349	-4.56949283807832
6780	-0.0041889414922446	11.439736105108	-0.0623470061439359	0.95039594088872	0.974166703696303	-6.43685894976953
6782	-0.623194091585083	9.43926848484639	-3.72292574014309	0.000307908927389008	0.00360755707834497	-0.0168143909667249
6786	0.156583826375663	9.05564729908468	1.3530499762568	0.178723322211867	0.349326701720307	-5.54582049975659
6788	0.0662322485369596	10.104448407827	0.631804489496639	0.528782647029758	0.70372010816123	-6.24282087145617
6789	0.0333726240809607	8.85170442737449	0.485676863349184	0.6281307045572	0.776131837552996	-6.32289469837032
6790	-0.435636174631155	9.43005845172016	-2.60876551433518	0.0103076312999639	0.0474587706453187	-3.19070110657837
6799	0.67678740106072	7.91643355418756	4.51897022278689	1.52982813500922e-05	0.000391219207280995	2.77709111171639
6804	-0.0121341601923098	7.19156815771122	-0.117458612549759	0.906703833043024	0.949682555050221	-6.43198623633004
6809	-0.202642231783833	9.1805267144577	-1.82809522007089	0.0701564579817408	0.18639187614319	-4.81959658824941
6810	0.200982189965673	9.7045493304446	2.15738000103945	0.0330801639420476	0.110267213140159	-4.19668325723923
6811	-0.149881900442491	10.3243149201214	-1.80205807166243	0.0741852893068786	0.193396284419751	-4.86473639559988
6812	0.245040412790343	7.42414907103457	2.03610624037113	0.0440630943896232	0.13455126050214	-4.43722778034913
6813	-0.0608929937152787	8.795924423126	-0.456224365893001	0.6490987063491	0.789275205491204	-6.33650972274978
6814	-0.053658972496971	9.75431498751236	-0.49794063085595	0.619487416793622	0.770743494911179	-6.31697549402574
682	0.125245204696834	11.9970770840068	0.832002105773758	0.407151405996594	0.599370987975739	-6.09941370002915
6821	-0.37541197963982	9.3437292260485	-3.20786529817761	0.00173731649157609	0.0129748953168341	-1.59970652652722
6827	0.102058595612464	10.2987359888076	0.935071217415988	0.351732871312304	0.548533235836703	-6.01047588365932
6829	-0.294578802638811	9.01342205950417	-2.76400427845639	0.00666242691910056	0.0349210693690743	-2.8056418105248
683	0.186808747969645	6.92561639132207	1.32948387830514	0.18634908759735	0.359804456183757	-5.57641217568063
6830	-0.148983281522293	8.42113559395462	-1.58276138698232	0.116252971003189	0.263278439792773	-5.22053639277902
6832	-0.235090342838611	7.99008151126888	-2.65518946895884	0.00906343680315976	0.0436640602861418	-3.0775991689829
6834	-0.223627806195059	9.76408982630485	-2.00884704404792	0.0469222927276177	0.14068171975685	-4.48952130660493
6835	-0.11360066962346	7.26688722827028	-0.927043710115714	0.355867084028137	0.551541523327066	-6.01776988006027
6836	-0.203073685140714	11.7040560547451	-1.75686394981593	0.0816324021554639	0.205951020709875	-4.94163670871168
6837	0.0279074459358727	9.4089552781059	0.289484226134361	0.772737942158243	0.871493091511071	-6.39757544087758
6839	-0.378736493822623	8.6873896576869	-3.14094690030314	0.00214671337475756	0.0153124805487888	-1.79120260305861
684	1.00392785022874	9.30420000270245	6.98447994246721	2.04765320913806e-10	9.39645305971134e-08	13.4235795579025
6840	0.228018561190793	8.91050028708735	1.897432822089	0.0603066882591935	0.167780277791138	-4.69642032571661
6844	0.110674780765032	9.32594586779637	0.739249398087092	0.461278693438874	0.646447575128113	-6.17068480608545
6845	0.267692785202611	10.6750962384431	3.14930659794829	0.00209106884438137	0.0149762988915642	-1.76746420816076
6856	0.288527194431464	11.0893198044496	3.13160730584936	0.00221050554499225	0.0156057912834495	-1.81766113245623
6857	0.237803622129231	6.61158527349043	1.58891857092631	0.11485509568776	0.260847701506983	-5.21114584438432
686	-0.348423801724641	7.40711091277004	-3.15105202722815	0.00207962121520999	0.0149111729493355	-1.76250119477431
6866	0.942854242003216	8.17831583398534	2.93359974275525	0.00405334967206053	0.0245459444950293	-2.36292094188639
6867	0.409693357477743	10.9443890070425	4.36676397428668	2.7948031471687e-05	0.000585915583645011	2.21283327849331
6868	-0.0653667956550699	9.94013370127643	-0.874832002938729	0.383509141881175	0.578908171041393	-6.06369845459804
687	0.732567664886829	6.25715829647971	4.1485206575477	6.48117509253436e-05	0.00112704223714387	1.42777133385325
6871	-0.290353494763091	7.45530200953292	-3.13413333964242	0.00219308050801157	0.0155235282029399	-1.81051152812138
6873	-0.0823896981460326	8.77230559351902	-0.907640453772238	0.365987489411737	0.560551949293704	-6.03514438752211
6876	0.249946103052139	11.1275535201391	0.991329867022089	0.323629073339549	0.519889536923152	-5.95762224687719
6877	-0.149923889369968	7.92497982551892	-1.69716245890142	0.0924011204766746	0.225310038267081	-5.04038702545408
6878	-0.104655626715361	9.10532375944249	-1.12038483065861	0.264910260056208	0.453410432669764	-5.82494086964051
6879	0.123171720055138	10.4820422506643	1.33300248062856	0.185195274504162	0.358829472200645	-5.57187765122639
688	-0.00530619326618291	9.76809883105977	-0.0236302169180574	0.981188981616534	0.989816925763626	-6.43849589142082
6881	-0.0478874972741194	10.3278280915635	-0.604702873119401	0.546581054106329	0.716554366729908	-6.25924402466488
6883	-0.0728602566422851	9.40628902361857	-0.723481617127397	0.47086952310811	0.654778158396125	-6.18197249257428
6885	0.0415782319064085	9.79684292076892	0.629501142557421	0.530283619760875	0.704656161393956	-6.24424446048069
6888	-0.144147084547886	12.5147410523366	-1.60946491856937	0.110287166412773	0.253549986669468	-5.17955790038276
689	-0.00526770194265542	13.3390150940956	-0.0775986000578879	0.938283717870336	0.96829379180522	-6.43580937287896
6890	-0.112748643528417	10.0122312331386	-0.392898070520029	0.695130264659448	0.822995717962853	-6.36290976369757
6892	0.204287697473599	9.48867797147178	1.19195411599908	0.235760609686896	0.42014727853587	-5.74452723324977
6894	-0.321658083306934	9.11842492637753	-3.00113389643807	0.0033064616416328	0.0210898634439281	-2.18034165214276
6895	-0.137577052727038	8.65893421135587	-1.66834202462498	0.0979989119259268	0.23449334081928	-5.08689819581089
6897	-0.0793228793350705	10.6812127590185	-0.839102332413601	0.40317224988947	0.596489841319545	-6.09361527280232
6901	0.0501832848242166	7.27566547346638	0.549411353043487	0.583800427397075	0.744927474001801	-6.29053087735237
6902	0.0123094698560988	13.2501533444854	0.12933762367837	0.897318974058406	0.943683620924025	-6.43054472442417
6903	-0.0621846284985708	8.58138567910826	-0.582650168080234	0.56128229725168	0.72793088009089	-6.27207982197644
6904	-0.202241869590225	10.007882554637	-2.31365535430003	0.022483455086187	0.0828707447621172	-3.8679215106144
6905	-0.0717417660453105	9.58675874582041	-0.759601196968357	0.449064714468231	0.637004042848632	-6.15575938183925
6907	-0.173840669861216	10.1024296570064	-1.43778177527718	0.153241962602104	0.317396843303255	-5.4315396837277
6908	0.0155380904811302	9.04785367871676	0.251753722439182	0.801685810279628	0.889207035438395	-6.40761124141606
6909	1.05993390183063	9.03395879139394	4.95688857687319	2.52170482464599e-06	9.68803807050041e-05	4.47248993773353
6919	0.364458684626552	7.79382309385767	2.87412244580526	0.00483652607550081	0.0278337017147164	-2.52077067246243
6920	0.0687287832242145	8.45609170508327	0.462082386924824	0.644905013314727	0.786636650699305	-6.33386930088253
6921	-0.0371914477619522	12.0614318610065	-0.468274122081202	0.640484828851729	0.784153011490641	-6.33104198309854
6923	-0.0364913325219794	12.319548456576	-0.488125610272506	0.626400685568781	0.775373844267665	-6.32172453402798
6924	-0.425198894712965	8.61181456548581	-4.0497905874557	9.39575426606399e-05	0.00148961478383279	1.0822504182304
6925	1.0557878864336	8.62923899917885	4.6468494040075	9.13082534414618e-06	0.000264633745061921	3.26139030403725
6926	0.127911966813475	10.5495810496307	1.01787951216845	0.310895773684148	0.505909986333937	-5.93162610855382
6934	-0.268165047797126	8.75961630855747	-1.30093520738267	0.195910368880311	0.372689923296032	-5.6127741867354
6938	-0.0828119644063018	9.28100548285761	-1.13245636597377	0.259824644672636	0.448141901231149	-5.81171841078061
6939	0.3608372837869	6.40727393706466	3.35812423077805	0.00106817459801399	0.00900346547011445	-1.15759859968714
694	-0.184157418960911	12.2588361079264	-1.82335778149979	0.0708756576439576	0.187782838081426	-4.82785513520349
6940	-0.110734217260167	7.30472943141922	-0.935164996933862	0.351684757156536	0.548533235836703	-6.01039030737402
6942	-0.00104519957081365	8.20191547710528	-0.0106847553522925	0.991493681942284	0.995103419888277	-6.43871434493103
6943	1.60784566240553	9.32393733012686	5.94303144096988	3.12798682695612e-08	4.10113828423136e-06	8.63127896106784
6944	-0.457981056327129	9.36418614498804	-3.99467718507546	0.000115306946797457	0.00170077746526249	0.892053787366953
6945	-0.288154794373543	8.53792463252126	-2.35160617537059	0.0204131839532979	0.0774875457050739	-3.78492916102012
6950	-0.100620758092901	11.8195608265095	-0.749269568765523	0.45524179438683	0.641347423039656	-6.16338644420657
6988	0.0956476603586954	8.69048313637328	0.789165808077747	0.431657276733283	0.622466673501557	-6.13336313640229
699	-0.244617664510007	7.83508667498581	-1.43846847077756	0.153047531328337	0.317312401800216	-5.43058617388801
6990	0.110703292020452	10.367403613799	0.754669258893709	0.452007395507377	0.639092962494169	-6.1594131562619
6992	-0.0464958791399572	10.6521367453287	-0.482211422521725	0.630582549242228	0.777288741492435	-6.32454068769417
6993	0.0280438114619626	11.8173121771366	0.388358882155878	0.698476524620687	0.824944884757875	-6.36465130716027
7004	-0.33434898229388	9.24633859880197	-2.24143418544397	0.0269388036324716	0.0944058201120981	-4.02246465839603
7005	-0.0438305012850181	10.2788085497453	-0.379493290092621	0.705029280998783	0.829748973911526	-6.36799454918039
7009	-0.213505182231117	13.1138020214462	-2.54806658019892	0.012166086200942	0.0535100489988182	-3.3359158925702
7010	0.717339513186051	8.02838273358341	4.22208614151176	4.89615545205484e-05	0.00091291747255018	1.68916709854662
7013	0.00780361477563792	9.36856334273224	0.0525571977061559	0.958176929534194	0.978190759850753	-6.43741211675148
7014	0.237908856226653	8.04565769699921	2.85801880017557	0.00507124400503607	0.0287097049826209	-2.56303045939775
7016	0.0779201952037103	9.10407077095528	0.823341760288835	0.412036889915776	0.604515934405739	-6.10642032426245
7020	-0.175938269429228	10.8904257318619	-1.37165790294409	0.172870034976158	0.341146339342871	-5.52129777125392
7022	0.00386447517741241	10.0935067965492	0.034318600970856	0.972683254674406	0.98650209183457	-6.43819130370404
7024	-0.00171959058585577	8.41696073402301	-0.0168536778290986	0.986582879563098	0.992591301484919	-6.4386308025378
7025	1.23539671469156	8.2958735676411	4.99834678585624	2.11532684698515e-06	8.73629987804866e-05	4.63824177501126
7026	0.314587183952591	10.7040540003646	2.14220772824361	0.0343095419266017	0.112835522624755	-4.22747929312701
7027	-0.32373535855645	9.56808212126004	-2.87037205978749	0.00489028237095583	0.0279928845350625	-2.53063084715305
7029	-0.00546463415836209	9.04625124529805	-0.0460694540003929	0.96333569272252	0.98115324560888	-6.43772677387351
7030	0.136370726418239	8.37866930345745	1.44341187766913	0.151653459574889	0.315213280344385	-5.42370907262534
7035	-0.650483811523125	14.5797351020498	-4.03141183016612	0.000100617587228381	0.00155636942042402	1.01860994351006
7037	0.490667714077186	12.9292127489766	3.6965778621043	0.000337835744145595	0.00384899758157602	-0.102312069697215
7041	0.652480434451742	8.34986997159498	4.52833049124268	1.47355766774591e-05	0.000380167273118523	2.81222733063401
7043	0.956371198106486	9.02416400736273	4.83802125634946	4.15390512197766e-06	0.000147258610761955	4.00214541711809
7045	0.98519041356432	11.8548620310676	3.04395460952784	0.00290100306437349	0.0191545046456635	-2.06274790744419
7049	0.161006359984335	11.8692445897121	1.50263684264541	0.135704483888973	0.293127363212059	-5.33955305657698
705	-0.296761017776055	8.87010704157572	-2.46431286274497	0.0152236016256599	0.0628734747139756	-3.53128414034621
7050	-0.242549972944601	10.3749649138551	-2.63770676471785	0.00951509234213097	0.0450648800953384	-3.12039851832839
7052	-0.0404137954351513	12.8318741637315	-0.197608143392215	0.843704431012078	0.913607577367562	-6.41957087678189
7056	-0.311664986611323	9.58114218270575	-1.34589325223073	0.181013885877138	0.352635541826689	-5.55516581120229
7057	0.834844321032497	7.93485254334213	3.21307891784731	0.0017086872758401	0.0128500979565932	-1.58464619072541
7059	0.122018192337996	7.55340603798774	0.762592464974647	0.447285328686813	0.635462128474901	-6.15353185734
706	0.481522934447733	10.4770448332931	2.45251969967898	0.0157051850561623	0.0643795675255089	-3.558324311371
7064	-0.325805806335066	10.4847721882049	-2.25663528233578	0.0259415925729768	0.0921227664027465	-3.99030749598073
7070	0.447733481668758	9.39105701462981	2.07305956906538	0.0404259731593237	0.126436402232493	-4.36529393419314
7071	0.360394874381231	8.73986054992506	2.61294366826396	0.0101896542093483	0.047242002073121	-3.18059406458405
7072	-0.0744285794204232	9.2281068879032	-0.690473227156263	0.491303442084305	0.672498217355368	-6.20482141179279
7073	-0.123421251589262	10.1698628188531	-2.11756568974044	0.036390553882559	0.117278960230175	-4.27707008547487
7074	-0.207772661497207	7.35915516369422	-1.29189507612413	0.199012701161215	0.376499512690003	-5.62412889387905
7075	0.722271003402814	7.47083997809376	3.4853431894075	0.000699179848726528	0.0066920342415772	-0.770430372657233
7076	0.526858714860569	11.588666034289	2.33771541316495	0.0211505411727064	0.079482925426094	-3.81544797746793
7077	0.2263754428522	14.0338353733059	1.26049862053884	0.210069648343365	0.388965544791794	-5.66296675412941
7078	0.430282296681707	11.5463933103614	1.90849896399699	0.058847572179981	0.164661567143172	-4.67636375095063
708	-0.198533702456493	11.6824730138306	-1.41071832944869	0.161057247026719	0.326061975598211	-5.46876905756688
7082	0.531313587512663	9.93782842869167	5.13471511825894	1.17978877662069e-06	5.66572982260867e-05	5.18951137580598
7083	-0.14392005158182	10.3384158760614	-0.747725503361157	0.456169107027224	0.642228877457793	-6.16451743068605
7084	0.0936548887247796	7.21790168559325	0.90162074725925	0.369163895792301	0.563640254943514	-6.04046110398847
7086	-0.0960352504942606	11.9383715475316	-0.9233466061671	0.357781515001954	0.553034465921169	-6.02110833635512
7088	-0.00602205566881648	11.2165385057687	-0.0407788187158273	0.967543730430088	0.983740917448612	-6.43795272824747
7089	-0.0956160108545805	7.70728913237315	-0.451569620885546	0.652439050315447	0.791357790837825	-6.33858385563958
7090	-0.406565080696494	8.1307155194052	-2.9247159580215	0.00416239776358957	0.0250253719092415	-2.38667414009135
7091	0.385525509831313	9.37911383739426	2.82887382703019	0.00552274354694579	0.0304922435936213	-2.63899257366243
7094	0.0260593669861215	8.96042502958656	0.166925539010026	0.867725079854644	0.925782634926293	-6.42506955227934
7095	0.145208326127578	9.03974844263935	1.11347924688284	0.26785056741612	0.45660280874114	-5.83244255432044
7098	0.370689243388474	9.07656181626634	1.63111286083944	0.105632849452762	0.246964997588399	-5.14585749481112
71	-0.0647493158009449	15.1156029438196	-1.01082782734736	0.314244668296465	0.50925268984281	-5.93859656895232
710	0.0879145939150593	8.92612968310044	0.425816680478344	0.671046219290792	0.804776390078742	-6.3496762029709
7100	-0.0496550173373041	7.37295482123515	-0.286027530290715	0.775377397350623	0.872871164368361	-6.39855301679454
7105	0.324751731707777	9.05712510103343	3.22031784977541	0.00166966505389802	0.0126295177153825	-1.56370182047509
7106	0.760484618919039	9.81789391970828	5.32568910905096	5.13260019181126e-07	3.05001997009792e-05	5.97663507362411
7107	0.343174527803533	9.07275172846121	2.33098754905814	0.0215160511959305	0.0805267706743932	-3.8301706121253
7108	-0.032455196228011	9.34219657199585	-0.232269497613088	0.81674616603252	0.901021892180506	-6.41224655265601
7110	-0.282083291564132	8.8444920426107	-2.15719940457223	0.0330945696463286	0.110270732262475	-4.19705099966572
7113	-1.23684809798528	7.47138698780797	-6.12906969484706	1.30745566419058e-08	1.96356068840258e-06	9.46105656364174
712	1.42472415772938	7.63043772791421	5.83095469848167	5.25778846144899e-08	5.86882874210387e-06	8.13768940298518
7122	0.203655683128093	7.55816946066227	0.844152321289429	0.400356519547541	0.593813045692708	-6.08946157371683
7123	2.389502834063	7.46633812244312	6.44687300357613	2.86553556954537e-09	6.9615658248367e-07	10.9067035602986
7126	0.367723788056922	10.9185287858422	3.10898869862522	0.00237236142904233	0.0165784309677577	-1.8814648402552
7127	0.0863195315977488	8.70801281180348	0.340066545848831	0.734433712567445	0.847620855918275	-6.38192961599175
7128	0.231062166365724	8.89358513919159	1.64994740620007	0.101713054013289	0.24024873495847	-5.11618781166938
713	2.17187408568181	8.86008264409218	4.31750726983791	3.38717709689579e-05	0.000690816859761957	2.03313750795386
7132	0.291377722502339	9.86698736483087	3.0605083591444	0.00275697526776616	0.0184692747053921	-2.01691065747583
7133	-0.352966314219932	9.60591548705233	-1.9351834781524	0.0554508582547473	0.158431023584992	-4.62755116781068
7134	-0.141397925651854	8.03380690847533	-0.597495052273581	0.551364762384633	0.719815542484127	-6.26349146106781
7136	-0.219320715394713	8.69978403091639	-0.720410241997505	0.472750594877883	0.656178778976863	-6.18414314854914
7139	0.314310909412194	8.07069031173911	1.74310803372039	0.0840174942098794	0.21061745134252	-4.96467658247263
7140	0.375775592533968	6.69225109808989	1.83900710330465	0.0685229667148119	0.182934149950098	-4.80049770237523
7145	0.0961628672817423	8.0048548801908	0.767749394552539	0.444227235802191	0.632434337217716	-6.1496712762777
7150	-0.400195283417306	9.38332790766594	-3.56631540085436	0.000530886488316693	0.00546773365772554	-0.518000515455396
7153	-0.249189491849657	10.4498699237793	-1.47569724938944	0.142788573043214	0.30265168420245	-5.37823637856198
7155	-0.0386961603019714	11.2019968218588	-0.448399540591068	0.654718022359582	0.793062767758981	-6.33998429755992
7156	-0.182998377378071	8.19054688637125	-1.46546355952222	0.145553823263505	0.307094401061699	-5.39275489653729
7157	0.0427569541084248	7.48223741292896	0.436929682454272	0.662990847785991	0.799577223348268	-6.34496918634279
7158	-0.181124385187331	8.98674659013495	-2.19452465408317	0.0302304754964944	0.102843380395817	-4.1204461933761
7159	-0.150576318745067	8.49989770271025	-1.41550643520507	0.159652771186158	0.324707025984417	-5.46223204829635
716	0.57053219642633	7.68546399159426	1.85430632020338	0.0662861447716412	0.178425814725234	-4.77353973845776
7162	-0.484089554148654	10.2283249597593	-2.48422114225159	0.0144404613875484	0.0604246256642097	-3.48537354860077
7163	-0.182042139195544	9.23256550131373	-1.55147256630752	0.123566973491038	0.274503008920191	-5.26771720938949
7164	-0.522914835972399	9.54926624216861	-3.26719522086678	0.00143640274036704	0.0112889501764336	-1.42712904661009
7165	0.0314765114225692	10.009042576259	0.31279787619427	0.755007106188556	0.859826370255971	-6.3906759982738
7167	-0.358932242907453	12.7407878148554	-3.07094663767643	0.00266958861456375	0.018030091542352	-1.98789930001805
7168	-0.301670466340198	12.1389444110152	-1.42235468514602	0.157660338491828	0.322026309580241	-5.45284528257832
7169	0.148210342075013	10.5945852409369	0.762984403235159	0.447052481659451	0.635240581198531	-6.15323934851198
717	1.33073378924724	8.2328928244588	4.47209648040611	1.84430514573971e-05	0.000438879923640262	2.60189163951609
7170	-0.245785021558225	10.0178631302163	-2.15167958063798	0.0335375033622415	0.111208260847898	-4.20827717388748
7171	-0.0165758917594589	10.8314019326994	-0.143651828936637	0.886029646494702	0.936876031333413	-6.42862340693321
7172	0.144674013275885	7.96251895021321	1.37516967065601	0.171781852704465	0.340105010388034	-5.51663341425949
7174	-0.254603757903653	8.97619645303391	-2.84273105259841	0.00530367795050438	0.0296584044759438	-2.60295959985506
7175	-0.00332035745231046	9.79816880416807	-0.038433693726136	0.969409283650104	0.984668062340121	-6.43804407913878
7178	0.0107599042620642	15.2803647347795	0.164874318305194	0.869335611889895	0.926708874834206	-6.425404163123
7181	-0.14967899330006	8.91692325712566	-1.27798601171955	0.203856739672561	0.382323578021048	-5.64144906836944
7182	-0.490627696820849	7.8863642430648	-3.99821013906018	0.000113809664565041	0.00169381590866169	0.904187781047971
7184	-0.26910418928274	14.3114837254629	-3.13892401975034	0.00216038339515217	0.0153569422065034	-1.79693889700692
7187	0.019498313115372	7.37740196640084	0.181339142185863	0.856424183485526	0.919784651617533	-6.42260168235697
7188	0.0437747413666813	7.93206576844409	0.341943155241591	0.733024750297649	0.846822998245956	-6.38130087955964
7189	-0.0671359830329807	7.52223366434778	-0.792256666084322	0.429860558653894	0.620200561481426	-6.13097287582955
719	1.36913271892825	7.86157167494219	5.79217654793404	6.28566324960813e-08	6.65635621048245e-06	7.96805379454121
72	0.499648109481099	11.1395813890857	1.60930627712524	0.110321870713083	0.253549986669468	-5.17980327977098
7203	-0.339347546814162	11.2532247489556	-3.05226516003114	0.00282784808818154	0.0187916534258886	-2.03976227599867
7204	-0.115788585940966	7.85955617970708	-0.99204445122293	0.323281909008768	0.519616378363966	-5.95693139685072
7205	-0.259886465502348	10.7785289713168	-2.38564787705456	0.0187014098941134	0.0728649272289512	-3.70944660267392
7247	0.238329858241508	7.81680201943487	1.30387880191414	0.194907995681345	0.371296135684482	-5.6090603585997
7248	-0.00909691185403023	9.11403334527558	-0.105473054241815	0.916186259902452	0.954673710961808	-6.4333000700704
7249	-0.0576001526467498	8.14256110428818	-0.534185026055633	0.594256229919357	0.752498123911409	-6.2986232151908
7251	-0.282333964235923	11.3944628776645	-2.62019913455221	0.00998767502409595	0.0465126491478057	-3.1630089853449
7257	-0.130326142836993	9.11195448897299	-1.08664173292054	0.279492990922762	0.470456801609378	-5.86116588209294
7260	-0.0529465082041171	9.06582274473596	-0.42765924322743	0.669707935746292	0.803958668580206	-6.34890412630484
7262	0.229650183543106	12.335729888616	1.52945657470564	0.128928106528912	0.283599799076648	-5.30037470672991
7263	-0.0580946026837642	10.8252702872396	-0.566451734144906	0.572202921370436	0.73677258464845	-6.28120623475861
7264	-0.0346722650836044	9.17626681915442	-0.351330285610696	0.725990634503003	0.84192833581477	-6.37810399927087
7265	-0.114146587465311	9.43753577995247	-1.33192237634109	0.185548889195412	0.359252332212667	-5.57327084754356
7266	-0.131633928334865	9.88143556545478	-1.23504454866678	0.219359443459082	0.400421879109838	-5.69377214567152
7267	-0.0893928802365256	10.7516804709901	-1.02137150564238	0.309246266359126	0.5047172811947	-5.92815672980946
7270	-0.13677128463147	7.65167825138507	-1.01798839641216	0.310844251527566	0.505909986333937	-5.93151810560282
7272	-0.377548607890317	8.67793472347422	-2.71846088591079	0.00758640484184499	0.0385622793807013	-2.92062995146311
7277	0.442655122850437	9.89921223568465	1.90564835549511	0.0592205676374095	0.16559305642688	-4.68154071633061
7280	0.499159847271916	10.237235219547	2.51375666398753	0.0133448684514127	0.0568775094987974	-3.41665339577652
728294	-0.0114210575448589	9.47590723309622	-0.074975904071675	0.940365610733222	0.969352295601699	-6.43600614623083
7283	-0.154625071543706	9.77727199078081	-1.60110441303063	0.112128043803517	0.256733543205708	-5.19245809703724
7284	-0.115530954364606	10.6098588948145	-1.45932452225982	0.147232484426139	0.309057260828439	-5.40141769649222
7289	-0.0942999482340962	7.32791956071212	-0.851519159562423	0.396270520061417	0.591149448384921	-6.08335810389756
7291	0.286051863861909	9.41231838127509	1.64451430212574	0.102831545185849	0.2423362519929	-5.12477976811125
7294	0.91228583235501	6.34010426006125	4.4706916919979	1.85463273273881e-05	0.000438947460527866	2.59666045168875
7296	0.143849866753191	9.81161079231185	0.931402385328509	0.353618502668161	0.549841628077256	-6.01381715929939
7297	-0.0525812102371326	9.66827622160572	-0.488821250204169	0.625909600953269	0.774925639878696	-6.3213910450049
7301	-0.203243566844278	8.18770920802097	-1.29131817374021	0.199211906690683	0.376714823549689	-5.62485089488772
7305	1.71770380277046	9.9587488157225	3.3356482800189	0.00114991602285924	0.0094848105581255	-1.22478460891457
7311	-0.048337633270456	14.8180892054278	-0.594684562778919	0.553235671583836	0.720892042036265	-6.26513391815091
7314	0.208369570548441	14.6749197785932	2.67474496135165	0.00858128153274737	0.0421160935594137	-3.02943072146476
7317	-0.096239097171961	11.0352124488201	-0.777748446319151	0.438332314410667	0.627926624528634	-6.14211244282925
7318	0.506393890041791	8.17955397989354	3.06945042974795	0.00268195502678365	0.0180692891690317	-1.99206285920951
7319	0.298398423135016	11.6841534836805	2.94881806331375	0.00387263226909808	0.0237299277023369	-2.32208751034545
7320	-0.185144868382498	9.15056105424302	-1.33338726605494	0.185069421933226	0.358759311234087	-5.57138106304581
7322	0.208621864229651	9.81765313125235	3.1909488546534	0.00183331539715764	0.0135207010540376	-1.64843243507103
7323	-0.142023513351953	12.0359482457816	-1.63666616889795	0.104464685692271	0.245085858806505	-5.137143214826
7324	0.316401898552765	9.93715105404851	3.2126048656227	0.00171127212497004	0.0128500979565932	-1.58601640101445
7325	-0.144142147713982	8.34973661323694	-1.50991709418642	0.133838041064117	0.290615725339013	-5.32898380274672
7326	-0.240898339332127	9.55337936282018	-2.09255166392175	0.038613560333264	0.122483874175407	-4.32686810121226
7327	0.248128158713774	9.93535500352294	2.24979746991273	0.0263860890884649	0.0932602036246127	-4.00479709099107
7328	0.00409210034770749	9.79824993810979	0.0271918498190628	0.978354374684596	0.988815741261567	-6.43840687746769
7329	-0.0159117576863475	11.3599937497365	-0.194655401771279	0.84601003911203	0.914186518072709	-6.4201402695986
7334	0.14742717340503	10.9750369496262	1.57902563677076	0.117107684975993	0.264798652587381	-5.2262169371834
7336	-0.129407528063369	9.75993716569447	-1.68386620728733	0.094950464243434	0.229660566515597	-5.06193890761793
7337	0.0345391329921498	10.0826818346738	0.603854262391433	0.547143179132203	0.716734218138558	-6.25974672332264
734	0.276194300081333	6.6900302793762	1.850635820798	0.0668171564859383	0.179424483931681	-4.78002648187015
7341	0.368465897932998	8.91445290829904	1.41274011376145	0.160463055898175	0.325423792537319	-5.46601140247722
7342	0.0550920311294648	9.04248346784522	0.571803552361666	0.568583547843706	0.733026393817545	-6.27821924314458
7343	-0.33309713464772	7.29323161891814	-2.69869355721431	0.00802251746436772	0.0401368832560129	-2.97001862542033
7347	-0.30140023160129	11.1958047160629	-3.34058798179986	0.0011314641417082	0.009374015858084	-1.21005022308325
7349	-0.0974614146251704	6.77669078920727	-0.699168528721	0.485874216858826	0.667440716988841	-6.19890496868921
7351	0.670517547601046	8.83734369140276	2.68126132556051	0.00842585224765013	0.0416220008897924	-3.0133108409595
7353	0.0290991194415939	8.95561074970332	0.304172834142357	0.761552080552411	0.864903342635561	-6.39329064181751
7355	-0.108248819874748	9.36849527782283	-1.21675340647622	0.226217183073453	0.408505198111042	-5.71553116058183
7357	0.115342046972344	7.99096502724214	0.785729531922794	0.433659954231496	0.624155989188388	-6.13600967416627
7358	0.093461175977528	9.55314172518577	0.957418446564078	0.340387007599847	0.536665554079531	-5.98984468948494
7360	0.0228586496577433	12.1517782769397	0.192572552545832	0.847637208786798	0.915346234093209	-6.42053676391693
7371	-0.0785656961351167	10.4845434586124	-0.300633270663846	0.764243062056745	0.866422008549456	-6.39434252421152
7372	-0.156704449493743	8.80749948350782	-1.48092702525732	0.141391295040988	0.300770563234241	-5.3707793992668
7374	-0.14116933292203	9.58197504982649	-0.807191848378088	0.421240954186901	0.612262918905329	-6.11929286985914
7375	-0.0254292923550869	9.47631064534824	-0.345169216546756	0.730604747962712	0.845327807560162	-6.38021195514266
7376	-0.181770746337757	8.88442280013914	-1.62068945085121	0.107853796333174	0.250245044301129	-5.16213772749948
7378	-0.425726927042944	10.2969169566181	-2.69046083952081	0.00821076584914079	0.0408313822479849	-2.99049490068386
738	-0.116112289520314	10.5818616222793	-1.35087494479653	0.179417134858298	0.350185617658209	-5.54866574719716
7381	-0.0563949049731841	10.2960394792628	-0.571474316852871	0.568805885644289	0.733123937103376	-6.27840380429315
7384	-0.167362230237899	11.8327753521677	-1.75896115237614	0.0812737126496963	0.205611291420059	-4.93810904013591
7385	0.195742011450931	10.8117493481832	1.76556974478332	0.0801518979193118	0.203652520559068	-4.9269668142245
7389	0.189092819656396	11.1571598424772	2.20839787823556	0.0292223125276638	0.100197717508719	-4.09166623651724
7390	-0.110574847081439	8.93248913498919	-1.08111919590909	0.281931347325977	0.47332376603914	-5.86699138611889
7392	0.160407310383547	8.60017924541388	1.92308632924806	0.056969647384916	0.161541121661313	-4.64975840682501
7398	-0.103512230847398	9.78340882871328	-1.03178051907099	0.304364202192259	0.499413649207004	-5.91774595600264
740	-0.167997726000287	10.1561674049434	-2.24160941143537	0.0269271201765719	0.0944049289721918	-4.02209510694143
7402	-0.159676454211989	8.11975070261059	-1.20912498333519	0.229122587713773	0.411782544498644	-5.72451247607306
7403	-0.107680946013886	8.78199748547411	-1.1937587936384	0.235056530126129	0.419254359499423	-5.74243677822736
7405	0.13522681209519	8.33076212123063	1.66744873137551	0.0981767092137209	0.234659337681682	-5.08832771659151
7407	-0.307704816897267	9.6096255504415	-2.07242331700029	0.0404863446951767	0.126577292650325	-4.36654260677579
7408	-0.392175327030056	9.65523499666206	-2.27924875555243	0.0245179715239671	0.0881281308911958	-3.94210324904476
7409	0.438112925102771	6.83409189811362	3.86250291613817	0.00018699421618535	0.00247924915841251	0.443908668030662
7411	0.0752648469644629	10.1368655277763	0.788004821232054	0.432333296975763	0.623091286844776	-6.13425857816943
7414	-0.132477816124039	11.2534187362882	-1.26681234918203	0.207810683031231	0.386428690193149	-5.65523112776783
7415	-0.23597055842673	12.1651763971907	-2.74092624119518	0.00711699017497719	0.0367185127078773	-2.8641177115792
7419	0.067471207440107	11.5318081458114	0.811631775100747	0.418698468934339	0.610277164393072	-6.11577906919118
7423	0.181251676662237	10.3764351909308	1.48673922153506	0.139850923404469	0.298416075257276	-5.36246221714183
7424	1.01986831378224	7.37673738932627	5.68532768567288	1.02493255569691e-07	9.73096886213386e-06	7.50377159063736
7425	-0.759962567067727	6.82500421437106	-4.13529885387314	6.81393364164377e-05	0.0011725644141662	1.38114574640338
7428	-0.00191193696696213	11.6311609112657	-0.0172571771586233	0.986261687751902	0.992591301484919	-6.43862403402218
7430	0.0187855831013423	13.863504216466	0.184036934866736	0.854312232235634	0.918835790572486	-6.42211708928571
7431	0.341197772470437	13.2131784330072	1.85145292330775	0.0666986400690192	0.179281082645655	-4.77858349092889
7436	0.00107680668090079	8.8399639335706	0.0082153907270037	0.993459534397367	0.996596521025292	-6.43873729633091
7442	0.0283148795333071	6.813953745016	0.25455012558035	0.799530297852382	0.887769896526505	-6.40691538543782
7443	-0.23414519012096	8.519374231788	-1.44074028037957	0.152405645016194	0.316617361125191	-5.42742853097072
7444	-0.032539602463352	8.83378418109259	-0.330966159217991	0.741279077417434	0.851476175701294	-6.38492962226272
7447	0.334442265123213	7.52102192197215	1.67837494188251	0.0960198529986084	0.231417276014674	-5.07079270509089
7448	1.48776488853006	8.15016949031995	5.68854432605087	1.01002394556494e-07	9.70092766321676e-06	7.51768054721916
7450	1.33958000593073	8.43058692355764	4.24085069531058	4.55583583026616e-05	0.000859159907716861	1.75637332143945
7453	0.756664080286972	10.081116953871	4.95907525393444	2.49849297926738e-06	9.64371589193858e-05	4.48121056352458
7456	0.408925711592327	8.13305432761355	2.25777855393273	0.0258679170210195	0.0919006428359662	-3.9878809446633
746	-0.0850311170636371	13.1234107376955	-1.1909742712668	0.236143520426957	0.420376180760057	-5.74566094879859
7461	0.275769002859427	7.50288559725425	1.88951670639056	0.0613690042156587	0.169647916606875	-4.71070064949008
7462	0.841764885564508	6.82734390398225	4.71395474919949	6.94035361850004e-06	0.000216211646813659	3.51916087010583
7464	-1.40902386127851	8.8756789771422	-5.43148196024102	3.21385014829244e-07	2.21082715265511e-05	6.41995895128841
7465	-0.122026898115275	9.80302170856345	-1.19196709291106	0.235755541464603	0.42014727853587	-5.744512212399
7466	-0.0377676656417745	10.674287184967	-0.288430470160211	0.773542285892104	0.871924028584713	-6.39787469229456
7468	-0.0615986741930893	6.84003243390377	-0.608331817916518	0.544180493176695	0.714842696189488	-6.25708640439012
7469	0.117387896445012	7.59085514282761	0.83278540859539	0.406711261046137	0.598936533471401	-6.09877640070904
7472	0.79026474797157	9.91836266558057	3.12121867375459	0.0022835283964142	0.0160390684986235	-1.84701403354027
7474	0.529021866402206	7.76240889483104	2.05270166836661	0.0423964392430342	0.130913864728023	-4.40507120128546
7476	-0.116609007340657	9.39980153282286	-0.607107905303249	0.54498952218647	0.715187269222098	-6.25781552534762
7485	0.298884573387824	9.22709722534157	2.62773853374331	0.00978162631782217	0.0459168259740203	-3.14469012281473
7486	-0.0389754323299142	8.47423633639684	-0.505584724511831	0.614126728334295	0.76649845512863	-6.31321167279761
7494	-0.130277630179753	13.2695977642437	-1.12898052787763	0.261281909058422	0.449833472475024	-5.81553983905576
7507	0.230431739358677	8.12959094767065	2.52409996155224	0.0129791654403784	0.0559832410117627	-3.39241638654112
7508	-0.0668973458198983	8.86334176333493	-0.717024576732244	0.474829002628383	0.657847628599538	-6.18652532413582
7511	0.169985654996991	9.83464424753493	2.33560034612074	0.0212648530096226	0.0798035828530136	-3.820080537905
7514	-0.0139492023158422	10.9010650349746	-0.177401412240907	0.85950867912134	0.921777415641352	-6.42329616215299
7515	0.103878232283737	9.08375813979659	1.28970232617584	0.199770647839134	0.377363636269641	-5.62687148384985
7516	-0.182239535269014	9.15754810194433	-0.994239184060304	0.322217186810328	0.518409420150624	-5.9548065022258
7518	0.172376307608847	6.92815521547979	1.17324512037134	0.243148952391165	0.428295615504539	-5.7660171689837
752	-0.00488682739751062	6.60073787771919	-0.0445324921940572	0.964558051974009	0.981792915502811	-6.43779525197617
7520	-0.0446388916487394	10.4346318591916	-0.220820713019096	0.825627995903512	0.905548698202498	-6.41479632984867
7525	0.182720624027841	10.553027686006	1.96235144846035	0.0521641812275066	0.151610181892753	-4.57720378369695
7528	-0.112227604335265	11.0685136836953	-1.37107477991323	0.173051230247776	0.341146339342871	-5.52207116372258
7529	0.110172375476941	13.1616034332591	1.34085450877425	0.18263977330985	0.354882269475267	-5.56171666969476
7531	-0.0842942411001399	11.4701988905591	-0.670657287521058	0.503798609196269	0.683281832174201	-6.21803022388872
7532	0.00383408997852425	12.0437960599251	0.0453895738528165	0.963876396791497	0.981461912906529	-6.43775735193196
7533	0.321598305131483	11.1451457959587	4.16196585198793	6.15880231523664e-05	0.00108669102520031	1.47529599559695
7534	-0.00150435235156616	12.3193213986046	-0.0169407473956855	0.986513570630709	0.992591301484919	-6.43862935553463
7536	0.0476385160998308	9.48438642977667	0.546831330414081	0.585565988928332	0.746185601442151	-6.29191799993305
7538	0.549298147434252	10.0058324727327	3.41955396730479	0.000871683538479741	0.00778399061911166	-0.972100846098104
754	-0.051324922909312	13.4610839220363	-0.49295081739514	0.622997813734946	0.772673563812959	-6.31940159943956
7542	-0.184612527094018	8.30420328581697	-1.45477861338199	0.148485155194296	0.310739139068883	-5.40780987993055
7543	0.250831810149374	8.14771659729257	1.88845952675265	0.0615120554891506	0.169872811213769	-4.71260351863556
7549	0.0568687256610936	7.36368868022899	0.482744170090521	0.630205354267393	0.777275055910504	-6.32428841070216
755	0.349756873230539	6.52852647584494	1.93864084742901	0.0550231211662783	0.157699854557064	-4.62118041554807
7551	-0.168837865789384	7.38210051727975	-1.82019009169501	0.0713599598097552	0.188739439010112	-4.83336595668609
7553	0.038646066398619	7.90686583525705	0.434387961007376	0.664829803362286	0.801122976866195	-6.34605641591839
7555	0.149515114972381	11.7829413264656	1.46055894262871	0.146893744773177	0.308659967394159	-5.39967861556652
7556	-0.0577689401996319	7.38732367230105	-0.544842298352966	0.586928836186676	0.746811825090817	-6.29298294935431
7559	0.130262357104885	8.33885074594079	0.719355747680011	0.473397388032175	0.656745452661365	-6.18488628954565
7561	0.0878497524342648	10.4562393857801	0.753423585029481	0.452752380447056	0.63970828985506	-6.16033227432961
7564	0.0433843292257989	7.64818291026654	0.581294217521656	0.56219251816501	0.728257724550452	-6.2728535910575
7569	-0.00465556114797835	6.97690143803651	-0.046078352072558	0.963328616258803	0.98115324560888	-6.43772637066307
757	0.0988090235694218	9.58904751379037	0.996341839865787	0.321199310581576	0.516872453809433	-5.95276642816156
7570	0.248695621315898	9.93331352653131	2.76724968805625	0.0066006683326321	0.0347492163336782	-2.79738422877042
7571	0.0343852235554638	7.32696244012971	0.224347955087004	0.822889135555944	0.903744749327495	-6.41402449372472
7572	-0.18269306468061	9.09990565548841	-1.7416594706295	0.0842719487711394	0.210679871927849	-4.96709281475915
7574	0.138956993860892	7.88056620837033	1.42412221826141	0.157149203600387	0.32172077782899	-5.45041546655538
7580	0.147017145399649	7.96261657398449	1.95724170541411	0.0527694214554311	0.152992425841299	-4.58672312740277
7589	-0.20731518424645	7.53535370255093	-2.01051544307274	0.0467428593830436	0.14019463271748	-4.48633949622327
7593	0.0693397882457764	8.46843879997215	0.694686381539253	0.488668692464589	0.670352026411836	-6.2019638702165
7594	-0.102479451459282	7.32481642556395	-0.802251232062329	0.424080917366555	0.61401809778589	-6.12318052739789
7596	0.354501095861727	7.2208268970779	3.8655033335899	0.000184975303664801	0.00246038004552538	0.453955068569178
7597	-0.213687650462788	6.92315036304142	-2.07399894949075	0.0403369803202726	0.126287205954654	-4.36344971056491
760	-0.564346101349687	9.77638402173962	-1.93054323352365	0.0560293474635312	0.159642086943349	-4.63608485002471
7625	-0.18816935022936	6.69699437828666	-1.32894014595399	0.186527866343877	0.360065476980702	-5.5771118637141
7626	0.103966253192075	7.45198952298933	0.77687040237689	0.438848131551604	0.628120874478642	-6.14278007968502
7627	0.0576108074976846	7.7249079338425	0.56583941142143	0.572617734301023	0.736888793186277	-6.28154620797548
7629	-0.000828714616015547	7.49685443556303	-0.0086554402240797	0.99310920925358	0.996366096008086	-6.43873364545664
7633	-0.1325412660203	6.71162448801237	-0.860135769581463	0.391523840225909	0.586630978019873	-6.07615277819213
7637	0.279681685892016	8.08527436079331	2.49110207172446	0.0141782742842793	0.0595992598412962	-3.4694285610187
7639	0.291905501683084	7.60495136976944	1.35521276478814	0.178035422081119	0.348476916206172	-5.54298687653346
7673	0.22837162137607	6.70863513475847	1.25761909513339	0.211105862069854	0.390097185838253	-5.66648229898091
7678	-0.246073167727489	7.06419351096565	-2.06278879399311	0.0414100362820358	0.128540736448559	-4.38540741739939
7691	0.106839150101555	6.01254344999728	0.847220301350762	0.398651763205502	0.592612580345382	-6.0869260949131
7692	0.0165452544344845	8.31110516766332	0.172175836574308	0.863605316412624	0.9236540092669	-6.4241942459306
7693	0.147131498786468	7.48970111376253	1.16400714047719	0.24685731485498	0.432275052088645	-5.7765059946398
7699	0.0439895741447817	8.09688732363024	0.426544404020464	0.670517535130477	0.804309445277047	-6.34937166688253
7702	-0.290116432616837	8.50051279336404	-2.8883619271309	0.00463732019736251	0.0269748343874749	-2.48323264665213
7703	0.0579246181988694	7.62874830314054	0.559994493076619	0.576584588522539	0.739147496796745	-6.2847730164296
7705	-0.0989862193308063	10.2301805178769	-1.39760609908616	0.164951808406617	0.331768811440646	-5.48656124838351
7706	-0.458297776513216	9.35869204930874	-2.59892241199416	0.0105904508813983	0.048354204824978	-3.21445523293309
7707	0.171270723101496	9.40781374954172	1.26421634912953	0.208737325907346	0.387715383853088	-5.65841631182642
7709	0.00361547004021635	7.74279242696852	0.0404086855588662	0.967838160653972	0.983883698871706	-6.4379675057106
7716	0.512986564042541	10.3514807375725	5.42975576940782	3.23862088948267e-07	2.21082715265511e-05	6.41268485735593
7718	-0.589988251312959	9.688964327434	-4.32974494057601	3.22962244953064e-05	0.000663599040624952	2.07764760956736
7726	-0.0408429708934893	9.18640035944672	-0.450212782657262	0.653414081101263	0.791958959632639	-6.33918446743344
7727	-0.265513476546842	7.09546433298819	-3.4728709889365	0.000729190921353448	0.00688152519943011	-0.808900054505797
7728	-0.4887957599378	7.80700552099222	-2.61139494338084	0.0102332422109276	0.0473755017212579	-3.18434213002761
7733	0.0292275936176726	6.57069952760594	0.317960905525757	0.751097700293636	0.857270554708503	-6.38907593246823
7737	-0.150099701327268	9.30711118753213	-1.50020712292295	0.136331905927333	0.293944542667651	-5.34306953674544
7739	0.889390611937724	8.64246191179028	5.83535696145455	5.15209085353021e-08	5.82962608906295e-06	8.15698479653701
7743	0.114565379074773	8.02173746872887	1.18606800986438	0.238067527409118	0.422798919888049	-5.75132400024725
7746	-0.343060440401484	8.02933059728556	-1.39173258575323	0.166719469743963	0.333882215501539	-5.49447909712926
7748	-0.226353512497163	8.26887646367667	-1.9353859477934	0.0554257320506824	0.158414030013369	-4.62717837827614
775	0.221954745573171	7.10629853427935	1.81241912456798	0.072559697766159	0.191031748139512	-4.84684684966344
7750	0.185817729793728	8.21103715938531	2.10015119466359	0.03792613662094	0.120953624899214	-4.3117967014044
7752	0.323880501657511	8.38894433615159	4.03003533715127	0.000101134168235248	0.00155732483347082	1.01385218427824
7755	0.0641738984601351	6.7694683170834	0.617213465325564	0.538327744728631	0.710771606690935	-6.25175164915755
7756	-0.078637010910292	10.5869440172819	-0.946566921475015	0.345866420084717	0.542310805491619	-5.99992280978965
7763	0.28529799296586	12.128942120486	3.58823616004697	0.000492384588670871	0.00514171517373121	-0.448870747252384
7764	-0.139920098350022	10.4079080952901	-1.47036248677481	0.144224941115442	0.304679798878147	-5.38581692084938
7766	-0.0300145112131244	8.6411319044726	-0.174878750007142	0.861485871766651	0.923005942458105	-6.42373306513459
7767	-0.166689326979949	6.91581016265196	-1.28953341660347	0.199829121675958	0.377363636269641	-5.62708256056341
7769	0.0823988643735304	8.33895424872219	0.56532363999428	0.572967251564568	0.737067356786066	-6.28183229041404
7771	0.0804216233130795	7.2612532774611	0.655398545098273	0.513534793921536	0.69287771933876	-6.22794132502904
7775	-0.354286133641166	7.72724375657949	-2.75538325851516	0.006829045355224	0.0355437395300254	-2.82753604165881
7776	-0.0510629866261632	6.90648395021711	-0.450338737600154	0.653323543960564	0.791958959632639	-6.33912878861941
7779	-0.618322489889372	9.20767515448781	-4.70625151558913	7.16323006469457e-06	0.000220259536318272	3.48944552953832
7780	-0.660575697453323	11.6001458373692	-2.8255849371482	0.00557593736887157	0.0306639431870034	-2.64752232170926
7791	2.42013236304104e-05	9.90653174915004	0.000193935312928163	0.999845601789227	0.999845601789227	-6.43877046846288
7799	-0.0411015751522174	7.31360468265008	-0.467411813365856	0.641099648509542	0.784266632604768	-6.33143798388868
780	-0.447088199181048	10.7299760655728	-3.52729411209774	0.000606550320139582	0.0060362718606662	-0.640225967404927
7802	0.311048443033171	7.24730747949724	2.32195633772883	0.022015451726092	0.0816314091069306	-3.84987319807125
7803	0.0758897147097445	10.7642323912566	0.619555606736694	0.536789689950832	0.709284017996424	-6.25033204765666
7804	-0.621356050435658	10.0828219111073	-3.30887268762525	0.00125493481406515	0.0101596116363249	-1.30434179256758
7805	1.38743106448119	8.33905597330647	4.61001808329991	1.06036387303856e-05	0.00029791175480607	3.12096536240442
7812	-0.38464944033738	10.5146280930874	-3.99239599223671	0.000116283707274819	0.0017121273121034	0.884223246520651
7813	0.00682282988686056	9.36083893924588	0.0474897604986024	0.96220618801827	0.98048478237004	-6.43766142784092
7818	-0.45146402551847	11.1646281832372	-4.10748627140444	7.56816732071945e-05	0.00126034399332949	1.28342271113698
7832	0.812340345137417	10.053536539333	2.85833527831339	0.00506653240452863	0.0287097049826209	-2.56220191737971
7841	-0.508362966087485	10.4536921964246	-3.52101271348034	0.00061964199314674	0.00612230007582784	-0.659800951026405
7844	-0.0585513974660531	10.6413523739793	-0.559916880253651	0.576637351351142	0.739147496796745	-6.28481564007243
7846	0.0444810488014319	13.1190909418262	0.328813584420604	0.74290131925047	0.852509710615294	-6.3856273573739
7852	0.673301696503773	7.24110035553908	3.03503697124445	0.00298144584813971	0.0195916807522944	-2.08735371319399
7855	-0.131807812497118	8.50026883153098	-1.02851441217018	0.305890467140833	0.501207124591571	-5.92102376559831
7862	-0.0612078119269654	8.85445520768343	-0.788220916867597	0.43220742162467	0.623042461190187	-6.13409200744293
7866	-0.28878054895433	8.47463004189575	-2.49743809895347	0.0139406221155659	0.0587797543004464	-3.45471140381573
7867	0.588993628254176	8.81227861717168	3.63165763182791	0.000423773663495895	0.00456967423038654	-0.310948693209906
7869	0.728439093301421	12.8845217422375	2.41160429484087	0.0174829638286974	0.0694609337301784	-3.65123459292108
7871	0.22649840220104	8.81233257403055	2.39092915789088	0.0184475646000711	0.0721645354105385	-3.69764838135364
7873	-0.363440840819468	12.8127270230179	-2.53702680415276	0.012534758597599	0.0546104687635999	-3.36200082994259
7874	-0.063724132364299	9.22880754475164	-0.800099700084993	0.425321197884705	0.615463728529607	-6.12486614431464
7879	0.0599900860176926	11.3594882577685	0.526110915268495	0.599835633881416	0.756549448138722	-6.30282256485469
788	0.264600931454479	7.51252379583125	2.61851558430095	0.0100342174243389	0.0466681508586932	-3.16709324513561
7884	0.413019526376181	10.9561961397765	3.65226902435064	0.000394468495393488	0.00432473784224611	-0.245022883905783
78987	0.153390235445295	9.47731679566178	0.89367369563398	0.373383815401822	0.568192762567989	-6.04742668798259
78988	0.12221494544455	10.7243094258154	0.920461493915383	0.359280034886358	0.553976682501646	-6.02370444431216
78989	-0.68046877481409	9.57512404512209	-3.87235890419704	0.000180439970291937	0.00242615153778364	0.476932086543801
78990	-0.622418017244905	7.98840989117568	-2.64771371630188	0.00925414072073212	0.0441986244208595	-3.09593101221517
78992	-0.671012705944075	9.50124962571669	-5.40558548507014	3.60570976594308e-07	2.40186795699112e-05	6.31097236170835
78994	0.0281557488877484	9.02521227451039	0.312846808286985	0.754970025142878	0.859826370255971	-6.39066095654328
78995	-0.442698570486691	7.52040386849229	-3.30380978712139	0.00127577489207816	0.0102708582929489	-1.31932593128709
78996	-0.632506371629958	9.29626269077277	-4.28559353356918	3.83362043326352e-05	0.000754659879959045	1.91748452942361
78999	0.10624142746508	6.68695758261863	0.811967505489206	0.418506588684282	0.610214372909474	-6.11551259433362
790	-0.319712898119141	8.17942531476009	-2.17793582686711	0.0314756182106328	0.106117798538705	-4.15464133625223
79000	-0.421294915184283	8.40383456577979	-3.22084669174031	0.00166684708457336	0.0126295177153825	-1.56217019376303
79001	-0.32759339787395	11.1150084751007	-2.52930571418078	0.0127985277704528	0.0554066244150628	-3.3801844179522
79002	-0.399246272494391	11.1502246660847	-3.21487206504601	0.00169894271413411	0.0128157687842445	-1.57946172531879
79003	0.116736245691048	9.56654820233452	1.32237497049685	0.188696635165525	0.362638453964822	-5.58553820516217
79004	0.177562614528335	9.43305095216022	1.91413605725372	0.0581157883871229	0.163611592391832	-4.66610494666636
79009	-0.186701340922009	9.66422389599941	-2.40814447547105	0.0176411930676631	0.0699549950738824	-3.65902664720747
79016	-0.039450073033711	10.3853521263834	-0.469061087886203	0.63992394622863	0.783890226286294	-6.33067994777098
79017	-0.0948358965363871	11.8207975874138	-0.749753123645048	0.45495160920836	0.641238600306831	-6.16303177832403
79018	-0.00926406574227734	7.58951964535284	-0.0651249288632095	0.948188873783367	0.973286951342191	-6.43668481801289
79019	-0.212498270121269	8.63823378781647	-1.4331897605728	0.154547043391313	0.319379178987301	-5.43790464284145
79020	0.124536748788503	7.82044509995093	1.43124716094681	0.155101711421608	0.319805326096476	-5.4405913608273
79022	0.407275799869182	10.195513959539	2.91987345275086	0.00422296876325904	0.0252035563471963	-2.39959590715545
79023	-0.233058953602203	10.2939312746633	-2.02429481125636	0.0452831601470246	0.137312372545677	-4.45996696724723
79026	0.283897373003434	10.9009103941051	1.37423287434413	0.17207162606074	0.340352402122057	-5.51787880171524
79027	-0.0468304352426468	8.06277871251278	-0.446489650892436	0.656092619896746	0.794389481141472	-6.34082328155154
79029	-0.116889248291076	9.1738766856939	-1.09970721029932	0.273782179858415	0.464075683486663	-5.84726796531146
7903	-0.181408581208749	7.9962679298239	-1.21458644846922	0.227039781190161	0.409449388268083	-5.71808801929994
79034	0.138241570544857	8.89304336188685	2.04727687984234	0.0429351989127946	0.132280769496338	-4.41560931504764
79036	0.0273144302942319	11.5671988666505	0.453074081011299	0.651358640853914	0.790395530109201	-6.33791579294013
79038	0.229915887746666	10.7403384245527	2.46468296329396	0.0152087038132479	0.0628433684329301	-3.53043366720458
79039	0.0292474738485955	8.47195350219489	0.277845849719991	0.781635179087541	0.876025316046552	-6.40082012450058
79042	0.129272129431304	11.3575979623955	1.79002518049601	0.0761109142246421	0.197015403163756	-4.88539114536582
79048	-0.198471930805528	10.0024890685436	-2.13773020067517	0.0346798246372158	0.113521680564548	-4.23652936449396
7905	0.163308699861868	11.5166615582637	1.67764271818523	0.0961631840595503	0.231417276014674	-5.07197122326589
79050	-0.0900160857729567	7.57967384228502	-0.836961976199923	0.404369270031743	0.597297956091237	-6.09536832576604
79053	-0.21910634776857	10.5074820315416	-1.63238257290586	0.105364837973832	0.246602139975343	-5.14386754505002
79056	-0.136054012886152	8.34721940313812	-0.803791020907905	0.423194601823587	0.613592584587635	-6.12197143344073
79058	0.321472830744172	9.73367289868449	2.76471193170151	0.00664891591847954	0.0349210693690743	-2.80384198522062
79065	0.434410090215827	9.73114147521449	3.96922106168326	0.000126665313994442	0.00183232135480576	0.804861507741259
79070	-0.0910879259880274	8.19423025712734	-0.708723297613942	0.479946475389035	0.662831333092133	-6.19231910263154
79071	-0.410335359210622	8.25864468844248	-2.05907806048192	0.0417705889469496	0.129222870674833	-4.39265148126607
79072	-0.172515267247658	8.14237978345706	-1.77014617260566	0.0793825397164133	0.202712410851905	-4.91922771519141
79073	-0.0386609693160803	10.4549177061315	-0.415503839839503	0.678556030788157	0.809990898583294	-6.35393617437184
79074	-0.248399623690777	8.75436275439777	-2.84079041431943	0.00533387058004973	0.0297348318844542	-2.60801500821018
79077	-0.226576872800038	10.5644090108476	-1.7610020705217	0.0809258949782066	0.204919648228077	-4.93467222563375
79078	-0.173959812783697	9.3474047150467	-2.25506083293617	0.0260433552660398	0.0923650126653023	-3.99364737123439
79080	-0.0701310293465096	9.40452325015868	-0.516392588779096	0.606582905081277	0.760530479048475	-6.3077926718938
79083	-1.1427992934082	8.96067050136412	-3.87709630549203	0.00017736802557508	0.00240568126642063	0.492827971164574
79084	0.0334157291263934	8.73594862959711	0.434362876178211	0.664847962646272	0.801122976866195	-6.34606711453315
79085	0.0691299757442238	8.18159427643499	0.549371574573235	0.583827629529522	0.744927474001801	-6.29055231312605
79086	0.0401475798548845	10.058653692626	0.530456248602688	0.596829917432461	0.754497617560121	-6.30057046214732
79087	-0.245695026493926	7.85498011060425	-2.44537958218621	0.016003313891434	0.0651490255018455	-3.57463911762402
79088	0.0309918182098553	8.03998754157535	0.373546551667198	0.709437142470164	0.832024818515342	-6.37019393442293
79089	-0.0883933540522874	9.25611527751747	-0.845003625009628	0.399883038966535	0.593444822275558	-6.08875893879756
79090	-0.0399088616263209	9.13702230974914	-0.48576592026838	0.628067750232188	0.776131837552996	-6.32285224409171
79091	0.0717095290697459	8.5866423740667	1.01998492487197	0.309900540499026	0.505086516282944	-5.92953572671974
79095	-0.0134511912774583	7.86722726639986	-0.114247323878134	0.909243194638549	0.950917800419652	-6.43235210322424
79096	0.0829443007060968	7.9325946656326	0.813714201618389	0.417509144631305	0.60951317332177	-6.11412445511265
79101	-0.350802500874441	9.8074267667321	-2.3844074490586	0.0187614783297434	0.0730300711610183	-3.71221426805014
79109	-0.168121140467921	8.99271051125015	-1.6474206953351	0.102231991028588	0.241267498827468	-5.12018693003092
7913	0.132128081537705	11.1615478557622	1.27735173905439	0.204079689553638	0.382417930061944	-5.6422345530792
79132	0.24735695861773	7.10417481577482	1.5126825658357	0.13313435099778	0.289763202703164	-5.32495612421649
79133	0.0604026210038582	8.82211815050437	0.634346694027219	0.527128570594931	0.702649346065728	-6.24124366318275
79135	0.128570800285598	9.61375315789573	1.29644678164756	0.197446159301078	0.374662365225569	-5.61842140076475
79137	-0.22488795075208	8.84285769439001	-2.16249504071093	0.0326744028748705	0.109311692080369	-4.18625592621522
79139	-0.0208773066864708	10.5165879282614	-0.201132131147843	0.840954549996085	0.911795560884615	-6.41888011537089
79142	0.143293869298888	9.52478560742052	2.13213030996592	0.0351477877741429	0.114389569351624	-4.24782343855506
79143	0.0191991825679067	9.424696619449	0.160567711087875	0.872718758124696	0.928591645254411	-6.42609323480409
79144	-0.486594721059393	9.50720369064248	-2.88801060867339	0.00464214308627377	0.0269838859202121	-2.48416070961438
79145	0.314841446178744	9.33279102513982	3.18855916714891	0.00184726800950636	0.0136086374769076	-1.6552984054489
79147	0.200919997918429	8.16224871555559	2.1438606689789	0.0341737146507382	0.112684584037963	-4.22413393039434
79148	0.275888450048514	6.65619666497462	1.89021836619153	0.0612742139602441	0.169595387478279	-4.70943714657537
79149	0.03437680875365	6.82739430627894	0.360545476877666	0.719108056397277	0.837435694595148	-6.37488165474567
7915	0.311582705179896	7.8125609101362	1.50669538382801	0.134661496327197	0.291790125829656	-5.33366703482555
79153	-0.409119227657879	7.85967997299254	-2.15929038321492	0.0329281105075386	0.109982285803586	-4.19279147816096
79154	-0.0564309837491593	7.28673069404987	-0.512389313047192	0.609372274429156	0.763019689604657	-6.30981319294107
79155	-0.337716704642819	8.87465099846446	-3.26302061697659	0.00145587084704163	0.0113877776482613	-1.43935741253399
79156	-0.00369998169823464	10.0453180258398	-0.0351776658571666	0.971999741593497	0.986086694370214	-6.43816194466281
79157	0.184059331808266	9.94613961495358	1.59640211042457	0.113174171107082	0.258023365538089	-5.1996855279411
79158	0.142314941527046	8.37858178054387	1.51104631764449	0.133550352335685	0.290219918519537	-5.32734003742351
79159	0.0112473320871356	9.30168957951266	0.127514653898903	0.898758276562868	0.944282807052276	-6.43077495207477
7916	-0.124142059979109	8.08176357291114	-0.872428739016962	0.384812773034417	0.58044950858873	-6.06574933560037
79161	0.387372793033466	9.75496778344647	3.30053612207519	0.00128942190165047	0.0103605300657907	-1.32900463944124
79165	0.0692734953961985	6.85329248765249	0.807847444596518	0.420864956156394	0.612032489058417	-6.11877522340205
79169	-0.408444265816272	9.18747240504256	-3.93371249726343	0.000144306158730444	0.0020357174626855	0.68393671244595
7917	-0.229683319194489	10.7177882423196	-2.3683332063996	0.0195554894100201	0.0751294616403565	-3.74796186860076
79171	0.033331828189191	10.3789510957505	0.29345758245481	0.769707265890891	0.86984386802212	-6.39643726487899
79172	-0.400826189018932	7.19703949328558	-2.64838416871917	0.00923689078260384	0.0441531932085114	-3.09428880444186
79174	-0.524079814080771	11.4174548882048	-3.42152477625468	0.000865980702180338	0.00776161968147734	-0.966104558448144
79175	0.105608444479963	6.57080180439574	0.713600424186753	0.476936197106408	0.659550140314571	-6.18892327088471
79177	-0.0481335579008747	7.92152064739546	-0.534347111986314	0.594144471192019	0.752473678633253	-6.29853826270534
7918	-0.0146772922839646	8.22874152858862	-0.11631492556935	0.907608106616132	0.950311335692191	-6.43211770074098
79180	-0.0381961105804763	10.1767477928963	-0.283527739472542	0.777287823016206	0.873697005336931	-6.39925266761119
79183	-0.117110888785651	8.50948450804711	-1.01827470285006	0.310708803472381	0.505904734216808	-5.93123406238086
79184	-0.193198644742232	9.11592109240731	-1.46622440098752	0.145346816680448	0.306762822912008	-5.39167883592972
79188	0.180137404184274	10.7932088359804	1.68647586374687	0.0944456501041794	0.228707437660663	-5.05772161703973
79191	0.071274295809297	8.288165244553	0.234028632363116	0.815383530585571	0.900049173144036	-6.41184336317101
7920	0.112364889076551	9.029240672383	1.42953787498733	0.155591027270752	0.320301592563027	-5.44295248907791
7922	-0.177212246324077	8.99921071131941	-1.38330451808205	0.169281090921671	0.336965671490343	-5.50578437838128
79228	-0.201392170897229	8.45760634522527	-2.61035565243496	0.0102625866940544	0.047383435490715	-3.18685621433094
7923	-0.472409408283727	8.88065967060959	-3.63995499161539	0.000411737066364537	0.00446905146934439	-0.284444716414549
79230	0.0518685464171304	8.14782274034513	0.293306317262267	0.769822578460645	0.86984386802212	-6.39648087876058
79269	0.240242736109994	8.78340993701654	2.26443475457436	0.0254426033290659	0.0907017278800535	-3.97373115360232
7936	-0.143350392611935	10.3726816213872	-1.59670058898304	0.113107537413419	0.258023365538089	-5.19922737030181
79364	-0.154389105307075	7.65493417689671	-1.23207454604814	0.220462558692009	0.401548122336493	-5.69732672470619
79365	1.1757114705309	8.16405378279854	5.15611446024323	1.07563380246775e-06	5.32020072358298e-05	5.27684720979603
7940	0.857233853144028	7.28049680173698	4.72120537734491	6.73672094479307e-06	0.000212386698488514	3.54715972347547
7941	1.09634937634458	8.76716303611913	3.53014304744011	0.000600698942577515	0.00598525122519937	-0.63133854174016
79411	0.532681213613561	7.52194155888592	3.73663634281671	0.000293348452856624	0.00348238701859699	0.0278624617566914
7942	0.268517078686842	7.64024405141586	2.08543803564647	0.0392667255947718	0.123916390724853	-4.34093011212572
79443	0.0842161168232936	8.21636871458798	0.929994954345731	0.354343580402893	0.550475451218337	-6.01509550173389
79446	0.0249580359048885	6.61372977760796	0.199075984112688	0.842558791036036	0.912486641399982	-6.41928463769441
79447	-0.225730976535906	10.2998743200861	-2.88452169803215	0.00469028911891808	0.0271872197349217	-2.4933719474457
79567	0.790132940991144	8.25043544349455	4.65594350188721	8.79885516279855e-06	0.000256001522456461	3.29617852489844
79568	-0.00529655566549209	9.99839821109051	-0.0611172012597958	0.951373148358614	0.97473855190302	-6.43693361553461
79571	0.0984752894273584	8.79538225571064	1.33474879749369	0.184624617752336	0.357981066346079	-5.56962281234618
79572	0.0252226610889795	8.56620614915297	0.203875436119327	0.838815219305329	0.910881303416746	-6.41833393526304
79573	-0.211741581376795	7.72794953536814	-1.54307728861408	0.125590138329408	0.278041957277113	-5.28022311683107
79575	0.347381261659294	8.19379608304054	2.25518809764758	0.0260351166907005	0.0923650126653023	-3.99337748393184
79576	0.058523680404144	8.33994113870698	0.597683409665797	0.55123948789149	0.719815542484127	-6.26338110942
79581	-0.0767870924804683	10.3171438536533	-0.817050725331751	0.415607785805779	0.607596515178007	-6.11146465125625
79582	0.112494927864736	8.01034716288079	0.837101679903504	0.404291073381916	0.597297956091237	-6.09525403669224
79585	0.125786191181332	8.13606988409855	1.27334241790954	0.205493145935622	0.383906138767613	-5.64719094373227
79586	-0.618426842697561	10.348008860967	-3.30549708987105	0.00126879386299724	0.0102246217642509	-1.31433428719838
79587	-0.0478044208585441	9.34765741446988	-0.380838656443785	0.704033447832532	0.829101305046547	-6.3674921631409
79589	0.801829654160582	9.10575484037075	3.08874472299578	0.00252647915721485	0.0174196309170239	-1.93824081385659
79590	0.00705125762392796	10.8029934429916	0.0712894560183141	0.943292603639924	0.971035819266864	-6.43627129389553
79591	-0.0890431140921923	8.8719574141338	-0.983745321074986	0.327329016061445	0.523472927912399	-5.96492473281462
79594	0.038169104928668	9.68573813893588	0.466228900173625	0.641943462666914	0.784734793788472	-6.33198003416015
79595	-0.498929888592596	9.98808621512878	-3.87361734678233	0.000179619032106763	0.00242412895955931	0.48115322588388
79596	-0.0250652618141306	9.59134759193896	-0.285808550752143	0.775544694156798	0.872871164368361	-6.39861455068206
79600	0.427147290268957	8.95203669360718	3.11266341143171	0.00234533868265913	0.0164173707786139	-1.87112540507113
79602	0.00924527974387007	9.96672358624298	0.126135074556363	0.89984773042218	0.944612000343401	-6.4309470110282
79607	0.139173469267328	7.24453013650571	1.42105304405708	0.158037562072599	0.32263723744925	-5.45463277972273
79609	-0.105982474575235	8.08826225869515	-1.29547594032093	0.197779520273095	0.375122580357236	-5.61964039606304
79612	0.308816177902902	8.03522820319475	2.79711192021439	0.00605641089699281	0.0326428141802668	-2.72100779293517
79618	0.317540474923338	9.80177367367145	2.13166723548666	0.0351867286261465	0.114471200650638	-4.24875616345994
79621	0.247393719964448	8.84597616037864	1.89724313517487	0.0603319618128842	0.167791920732129	-4.69676316684523
79622	-0.174324379840216	9.31280227710804	-1.06352409374961	0.289797375981945	0.482898189552323	-5.88535789772293
79624	0.344225366964968	9.32190207833692	2.1024736565078	0.0377181709797194	0.120476447135531	-4.30718072649077
79627	-0.311138613138056	9.55819606551116	-1.8231499723931	0.0709073452755408	0.187782838081426	-4.82821693674307
79629	-0.589301605353993	9.67776322909978	-4.31457219869473	3.42605033872232e-05	0.000696513354205894	2.02247554636112
79630	0.869301069238586	9.18217686215644	4.83494438134371	4.20752348484017e-06	0.000147889974403318	3.99006828867328
79631	-0.076390407400715	8.26681590867761	-0.727802073127221	0.468230547366973	0.652756847468557	-6.17890358004642
79632	0.0577910467244414	10.569067309447	0.370066267963979	0.712021400217809	0.833280924596076	-6.3714650347947
79634	0.186162539663848	7.36325938937556	2.07398492131914	0.0403383080495476	0.126287205954654	-4.36347725683473
79635	0.110115354569095	7.16307574856409	0.996407029289571	0.321167787032009	0.516872453809433	-5.95270311132231
79637	0.174215173273235	8.57868831317263	1.46436275603981	0.145853730059163	0.307204246891724	-5.39431081549129
79641	0.10053246611263	7.75343204245684	0.810163140655567	0.419538455164879	0.610878099302023	-6.11694346886873
79644	-0.17267709701776	7.17455254889982	-0.962503769542489	0.337838704316138	0.534178349473833	-5.98508292136662
79646	0.0507419760566651	7.33170337650553	0.391852066513456	0.695900841485225	0.823397930191657	-6.36331287190244
79647	-0.466886744304076	9.45116995956675	-3.56989673018933	0.00052440772114994	0.00540775003333146	-0.506729302089152
79648	-0.0600710830333976	7.36869683977155	-0.542236607847391	0.588716455343959	0.747662657002014	-6.29437222379956
7965	-0.294069884586399	10.7376837215626	-2.71671165198651	0.00762410999172369	0.0386825236680821	-2.92501313564065
79650	-0.182877334487525	9.35498773669892	-1.66354550953566	0.0989566546635301	0.235760590574202	-5.09456542815161
79651	0.791030628469037	7.91310018153523	4.49487904690891	1.68436585873238e-05	0.000416552754285312	2.68688849161088
79652	0.676180236833735	6.50985773018678	4.18887959470967	5.55909442145173e-05	0.00100399007141061	1.57076373722647
79654	-0.209944258994919	8.63148251332395	-1.8071528772604	0.0733822124057743	0.192241381056675	-4.85595171228086
79657	0.0338880447680229	8.28202013571043	0.341371062689371	0.733454182277221	0.846887413196406	-6.381492918456
79658	-0.426522974226734	8.44010685410682	-3.66178781601319	0.000381592065619405	0.00421947853014228	-0.214478132164626
79660	-0.566075283226127	8.32710768211155	-3.08149476005705	0.00258389371321982	0.0176973151502452	-1.95849811416963
79661	0.10061018131283	7.31628877838634	0.902205315836835	0.368854678271176	0.563376413187854	-6.03994633051948
79663	0.10354800467948	9.2582133116867	0.964476479475401	0.336853512280831	0.53302873782369	-5.98322904733033
79664	-0.0729951187429362	7.84553159962134	-0.684842154748637	0.494836940908493	0.675595558992422	-6.20861373417572
79666	0.415701559569932	9.05887759745625	2.12415553274998	0.0358236333658271	0.115949534326698	-4.2638601651739
79669	-0.459033726117321	8.36174908041475	-3.50600079198504	0.000652016917278854	0.0063613986524434	-0.706470366954457
79670	-0.311118490604826	8.76226321952679	-2.4530579833668	0.0156829114763215	0.0643795675255089	-3.55709263084262
79672	0.141351287092312	10.7754449653807	1.40037549251166	0.164123322152788	0.330518624704082	-5.48281677241528
79675	-0.271017566423251	8.33356618874496	-2.61146934998418	0.0102311442388538	0.0473755017212579	-3.18416210369472
79677	0.141125886218685	7.67697072797544	0.903321429152566	0.368264744658743	0.562891708157147	-6.03896256345163
79680	-0.231480306515705	7.79248003389423	-1.9954319672041	0.0483865149583163	0.143899836610567	-4.51501595415123
79682	0.05161416717231	8.27623759538689	0.321282627622727	0.748585928806458	0.855699452003407	-6.3880326808569
79683	-0.373867433926107	8.94944553017103	-3.1822977495807	0.0018842966007628	0.0137897167836576	-1.6732682127086
79684	-0.141832219570721	7.2895063603002	-1.81423119900773	0.0722784511493626	0.190619414589315	-4.84370816382652
79685	0.0960279740563959	9.51381697275445	1.27299058513949	0.205617525170451	0.383906138767613	-5.6476251631631
79689	-0.817984040581957	8.81869294464422	-3.51863411730157	0.000624668634548589	0.00615723498970327	-0.667206202219121
79691	0.0733173468030428	8.47876268687722	0.901331181364135	0.369317127087691	0.56376999995275	-6.04071597512309
79693	0.0131833043181168	11.0539998668157	0.0818634439977627	0.934899208874033	0.966522199784538	-6.43547495097018
79694	0.168529097661499	7.27505966938994	1.59560183640071	0.11335298253509	0.258305157314054	-5.20091352623959
79696	-0.228678385557036	7.70700667452273	-1.42251604933799	0.157613622353417	0.322026309580241	-5.45262357697509
79697	-0.192386202270042	8.47200681763102	-1.65296849970499	0.101095372024103	0.23940589819928	-5.11139855686925
79699	0.0728034481567555	9.84557286655004	0.590325040437695	0.556143977307783	0.723310530707013	-6.26766640832299
79701	-0.307557967388852	9.4493241099851	-2.85530312121867	0.00511183921769942	0.028841387935927	-2.57013687357253
79705	0.141292863573768	7.29545650032169	1.0255484929047	0.307280900279015	0.502701571856737	-5.92399147837134
79709	0.401203286427838	9.9356654414032	2.97346489107764	0.00359561744105093	0.0223901845249864	-2.2555732739312
79710	0.367621090319183	11.2358421106744	1.9739318322326	0.0508142481824281	0.148893101039982	-4.55554410778734
79711	-0.288819199368766	7.83980250053035	-1.87598493594216	0.0632212680061403	0.172859210106163	-4.73498170562844
79712	0.323385788673985	7.3082982436396	2.82910708683563	0.00551898853004625	0.0304922435936213	-2.63838728751522
79713	0.500588532241484	7.80764492752798	3.86090884160755	0.000188075351307971	0.00248574407841005	0.438573590143719
79714	-0.17143574246717	8.74213391131354	-1.43755469558971	0.153306299909598	0.317450498183323	-5.43185489832668
79717	0.0917611165112179	11.2085505527052	0.931306434672154	0.353667904148868	0.549841628077256	-6.01390436988202
79718	-0.0452259537514912	8.95715795207118	-0.488771412159513	0.625944778362066	0.774925639878696	-6.32141495303499
79719	0.108728911547628	8.959964876682	1.08333101065461	0.280953018931468	0.472226008945629	-5.86466171961177
79720	-0.26922813101617	9.3521108943147	-2.84136532943326	0.00532490964360647	0.0297187524703983	-2.60651765170759
79724	0.00636270976933903	7.29504986400919	0.0556808439692774	0.955693765212242	0.977340919328313	-6.43724585611064
79726	-0.043907838604112	9.5850985110724	-0.591978557141473	0.555040001220084	0.722671880529302	-6.2667080435215
79730	-0.0085489003322112	6.95356437231382	-0.0786637099070532	0.937438356184779	0.967905102760785	-6.43572752943492
79731	-0.201114981693296	8.86576107023223	-2.42425932278511	0.0169148928151803	0.0679263714235644	-3.62264775356294
79734	-0.0276834901548524	7.598225767864	-0.183004026656197	0.855120714313376	0.919341025670764	-6.42230347112632
79735	0.0540513745837288	7.95939977431901	0.443602148585749	0.658173071830565	0.796091605406424	-6.34208493949451
79744	-0.148928749611343	8.54475935917317	-1.8796252160313	0.0627184315572187	0.171912806344818	-4.7284657783298
79745	-0.0150694182742683	9.45437091776612	-0.0729739889409327	0.941955007212878	0.97050621923143	-6.43615179205755
79746	-0.115325975616739	9.81040355710412	-0.939902940131674	0.34925942494022	0.546172444151121	-6.00605581511535
79751	-0.208944484873724	8.05293818181118	-1.54654874468205	0.124750408395362	0.276479305968792	-5.27505979133668
79752	-0.13186413676447	8.96457388635184	-0.877668830706139	0.381973858263724	0.577760509340248	-6.06127042125247
79753	-0.0146118411710961	7.92817904624741	-0.161620386679958	0.871891586268179	0.928408054107984	-6.42592648642402
79755	-0.44663946578815	9.36040551790172	-3.44324893238561	0.000805398441926621	0.00736721055405746	-0.899822903862124
79758	-0.00399899083525401	7.80580343174795	-0.0433666671051506	0.965485299374594	0.982325769298598	-6.43784564491752
7976	-0.0675934271265933	7.07810400061295	-0.48602859082019	0.627882084422031	0.776131837552996	-6.32272698140209
79762	0.116901282157509	11.3558216778389	0.696751857641788	0.487379844800572	0.669286370416081	-6.20055668100261
79763	-0.237209619361606	8.73114330813662	-1.21693325910529	0.226149006254386	0.408505198111042	-5.71531874763135
79767	-0.0625118044734962	8.27082106626222	-0.573529446986847	0.567418713840155	0.732210369679688	-6.27725002111637
79768	0.0554111540300227	11.0046050923143	0.180594602061384	0.857007226522541	0.920171544400909	-6.4227341616979
79770	-0.0745235977578953	10.3592888926937	-0.701480707490374	0.484436079385699	0.666824101319502	-6.19731936691687
79774	-0.344554860575658	8.39447847318405	-2.49706934463242	0.0139543551144111	0.0588076394107326	-3.45556885202066
7978	-0.120732737442763	7.14831875677157	-1.05259285569508	0.294758989508648	0.488897440430007	-5.89661967186793
79786	-0.338288452417253	8.71383519007197	-4.43371956888122	2.14740497312133e-05	0.000489987985579618	2.45939288846577
79789	0.0277168608622711	7.87678553786607	0.149070300343257	0.88176218570821	0.934596173112878	-6.42784356314144
7979	0.0705615591904308	12.6698278512831	0.863032216246959	0.389936143214351	0.585506733857578	-6.07371465455235
79792	-0.0246658301684715	8.87631115773481	-0.200378001500755	0.841542857499625	0.912125028437012	-6.41902896369221
79794	-0.144811674623237	7.04109039344831	-1.13311992939185	0.259547091380807	0.447943789136119	-5.81098756675607
79796	-0.508791365997982	10.0744447201001	-4.16083472438776	6.18531937654274e-05	0.0010870369797924	1.47129348862097
79798	0.0304106091037312	7.12255923461455	0.178803328719503	0.858410280778161	0.921079360772618	-6.42305065913497
7980	0.398946380197719	15.3993011882353	2.28777528198124	0.0239992661190721	0.0868685092653529	-3.92381398161957
79800	0.000436098304800315	6.25452563325355	0.00433779764870094	0.996546549099649	0.997875438909334	-6.43876123363629
79801	-0.0993664355297558	10.6757327334551	-0.845806183501959	0.399436982218218	0.593194799194981	-6.08809589614338
79803	-0.00836175394052872	9.88764137645049	-0.0646647088196699	0.948554492476227	0.973420314058099	-6.43671419100686
79811	0.0240665827494811	9.99919998918942	0.27867578344347	0.780999741080404	0.875669588886133	-6.40059314761954
79812	0.858363365637396	6.28204722764944	5.06856164047449	1.56782539835664e-06	6.91062478070685e-05	4.92093606935657
79816	-0.154930385973521	7.57546626054934	-0.789403474159687	0.431518964939083	0.622375877492024	-6.13317966941612
79817	-0.113701040700556	8.60074434164999	-0.756139861950961	0.451128794365938	0.638834877672321	-6.15832614023355
7982	-0.014289252128267	9.23826675781312	-0.18882479983579	0.850566692673058	0.91719071559784	-6.4212394565637
79820	-0.503738968298337	6.17912803284777	-2.42092188778586	0.0170630907644759	0.0683185311267914	-3.6301998565792
79827	0.350815420849305	8.4522552251364	2.14214005329367	0.0343151129338239	0.112835522624755	-4.22761620886827
79830	-0.302673837413429	7.65463196248982	-3.53642038179331	0.000587993359703742	0.00590136713384315	-0.611735841795041
79833	-0.487221204528166	9.16155414022996	-3.49317403822906	0.000680935429767344	0.00657070870312881	-0.746220140461884
79837	-0.458932256241952	8.84432891876493	-5.18739152414174	9.39353940540184e-07	4.90793187834506e-05	5.40489389508614
79838	-0.267818920261917	7.55417844183929	-1.83095817150101	0.0697247766627363	0.185483624874139	-4.81459596407708
7984	-0.112070140430537	8.57455020219299	-0.909812908771661	0.36484541020241	0.559840811493945	-6.03321707503166
79843	0.55846385100788	7.99795711042861	2.80797740155557	0.00586876802372832	0.0318760443205316	-2.69304138790973
79848	0.232465477597898	8.79256345318695	2.22191386173326	0.0282684277314162	0.098108072714915	-4.06346771210737
79850	0.055219150485344	7.84042877391873	0.366725137870977	0.714505488048423	0.834296767215151	-6.37267414570179
79856	-0.29574717972971	7.72535714486295	-2.86993673701469	0.00489655742986717	0.02800939360852	-2.53177464009858
79858	0.247213481442964	6.29037505352606	1.22430309517763	0.223368084905002	0.404876098598929	-5.70658839914191
79863	-0.282384088027214	7.99601696938437	-2.14150189289378	0.0343676848736451	0.112958043386466	-4.22890709944064
79865	-0.727936380266449	11.6405521932584	-3.44527572272767	0.000799954293957923	0.00735815419609403	-0.89362179540456
79866	-0.363121840296992	8.40355202304026	-2.41243569768142	0.0174451293490103	0.069410774770147	-3.64936064300302
79868	-0.317864785360283	9.05681058904734	-2.66409203512275	0.0088409772504318	0.0429314944671174	-3.05570920084285
79870	0.207451309235859	8.44935808864399	1.45652070865064	0.148004132171276	0.310204042561466	-5.40536251878682
79871	-0.175798591192963	8.16107222536434	-2.37894380433139	0.0190280985393878	0.0737346584385408	-3.72438938889487
79872	0.0183039450769999	8.31339356738142	0.265412021861868	0.791172586969753	0.883218466201158	-6.40413968933039
79873	-0.116689790901758	7.60978485833489	-1.00286555961438	0.318054796100676	0.513776707643159	-5.94640993473385
79874	-0.0147788381658165	6.89350227606378	-0.162172736073059	0.87145761765076	0.928137998711468	-6.42583855622313
79875	0.486709233504792	6.90919817400094	2.00482613100146	0.0473571490089472	0.141574394069455	-4.49717951353349
79876	-0.342141322986516	9.70985851795828	-3.00640292737268	0.00325389108387898	0.0207866514716476	-2.16594812355329
79877	-0.175984036803107	9.45486441465796	-1.80584574696314	0.0735875606921648	0.192474113780013	-4.85820775274138
7988	-0.0637867466390556	8.73268064074788	-0.899972760598469	0.370036505415786	0.564555141251272	-6.04191055770295
79882	0.00224357500938104	8.92594241303052	0.0268326041419216	0.978640276611781	0.988815741261567	-6.43841642163916
79885	-0.0113817452414875	6.86684006816325	-0.0804048616926147	0.936056584465834	0.967203826330721	-6.43559133624193
79886	0.0816455941046032	7.8976290001355	1.0466975202825	0.297458647684927	0.492231540177288	-5.90264592913874
79887	-0.315325274476175	12.0181865647906	-3.00695517333624	0.00324842607867141	0.0207866514716476	-2.16443830011418
79888	-0.268700086263732	9.29354038298677	-1.81402371362894	0.0723106084099019	0.19064335316495	-4.84406769813826
79890	-0.218934090508217	7.10648054774175	-2.00550860319978	0.0472830995188621	0.141506667400652	-4.49588068640225
79891	0.142513620789383	7.49874880667117	1.4101699228937	0.161218710654156	0.326248088030922	-5.46951641129461
79892	-0.0205086694335468	8.63420486480177	-0.174857058307558	0.861502876951861	0.923005942458105	-6.42373679482814
79893	0.0192989378250768	9.61016559361681	0.277452731737488	0.781936221103249	0.87624381852026	-6.40092740158598
79894	-0.369743687572797	9.60693032540879	-3.92138145782646	0.000150963174843834	0.00210990833199673	0.642134714878875
79895	1.17595466294663	8.44399700174331	4.95265910114299	2.56719778201204e-06	9.77191413798132e-05	4.45562940386404
79898	0.406885303144859	8.19555551758581	3.36443250612281	0.00104623055611505	0.00889996333008269	-1.1386755730244
79901	0.739249057821733	8.22945322863261	3.69753911467447	0.000336697068526371	0.00384899758157602	-0.0992011590572686
79902	-0.0483612708053245	9.75723287606596	-0.520468149493061	0.603749125181693	0.759051411567851	-6.30571959189256
79903	0.0214396502449893	8.89064304325204	0.195858629748498	0.845070352443391	0.914112866117692	-6.41990927889563
7991	-0.365441318150704	12.7695916543839	-1.92896431424032	0.0562273455360624	0.159938018237746	-4.63898420800874
79912	-0.213972792202028	8.2974179493848	-1.74552909524027	0.0835936175815636	0.209873337757968	-4.96063395853062
79913	-0.142244875906224	7.02610329341918	-1.18580443682918	0.238171204979595	0.422892122341241	-5.75162758432246
79917	0.00504127480107511	6.40541158024658	0.0528808625187289	0.957919610424365	0.978190759850753	-6.43739533484997
79918	-0.250990924874772	7.87119179867867	-2.52177204577651	0.0130606800877506	0.0562467244654955	-3.3978790290184
79921	0.132129808451553	11.9719642999699	1.41140352087054	0.160855684719737	0.325813623292061	-5.46783490316163
79927	0.670214388066521	6.6658642570951	5.28310658231868	6.18816990700605e-07	3.52512299530138e-05	5.7996386674334
7993	-0.239709973935978	8.99472050231651	-1.78758235182922	0.076506842814505	0.197664025330395	-4.88956837383508
79932	0.0635382632588648	9.25663736458008	0.600509400039842	0.549361655966293	0.7182691048528	-6.26172131715474
79933	0.235895240373015	6.72645427002878	0.846994551008164	0.398777052674955	0.59264095989477	-6.08711297185017
79934	-0.0283453376437073	6.7814959114896	-0.206139056901839	0.837050871717039	0.910609034411111	-6.41787769086849
79939	-0.104560771686178	10.347057063022	-0.81280429488647	0.418028566110327	0.609900009566013	-6.11484794653563
7994	0.253951254308375	10.2204538339326	3.01673268963007	0.0031530604851383	0.0203630020385006	-2.13766791883471
79947	-0.126406629284824	7.83453317648619	-1.01527177455663	0.312131416063592	0.507038578594174	-5.93420935171841
79954	-0.122620944098417	7.53166320854962	-1.55156822285428	0.123544070783225	0.274503008920191	-5.26757434155877
79956	-0.409446596605003	8.33368538205344	-3.32568199176089	0.00118800532790497	0.00970615628931259	-1.25445830222878
79960	-0.431853293117302	8.48167059652676	-3.4749437897009	0.000724120671708401	0.0068513593909638	-0.802514305022391
79961	0.422280807879683	9.2513256552303	2.26006170725115	0.0257213328070986	0.0914979366867505	-3.9830316829403
79971	0.38631891115881	10.2418284874218	2.54852896099367	0.0121508596603396	0.0534758491308443	-3.33482117500073
79977	0.0133071147059983	8.2506954527837	0.0704492302805914	0.943959842234305	0.971053028125375	-6.43632985697095
79979	-0.0734646867571641	6.76772906721263	-0.577652957439657	0.564640388112992	0.729651064739254	-6.27492259798492
79980	-0.146545272603749	9.14060317095583	-1.66696718427287	0.0982726625461317	0.234740368025173	-5.08909802551727
79990	0.237387521428145	7.94925747086679	1.9113733121592	0.058473473489475	0.164003698140259	-4.67113633617595
79991	0.124867084411932	8.80021884020382	0.855599559297607	0.394018354294158	0.589080844343745	-6.07995494257129
800	0.413773997717359	11.5313277585177	3.93260679368735	0.000144891458529482	0.00203806950556902	0.680184358308352
8000	-1.40438839476258	9.39203346811509	-2.57095938403702	0.0114324498280707	0.0511272526149776	-3.28150377406212
80005	-0.391834647966794	7.46243467092924	-2.40451424702958	0.0178085817079653	0.0703598721957152	-3.66719165926286
80006	-0.101214475957767	8.05254548254704	-0.835421003372235	0.405232410187556	0.597924553214358	-6.09662771800983
80010	-0.164785998582418	8.97856769622335	-1.17427620655116	0.24273752203162	0.427956098363676	-5.76484145325954
80011	0.140835211027945	8.50522720460587	1.60896568861098	0.110396407163807	0.253650715764407	-5.18033000865598
80012	-0.129478928514952	6.7637677110647	-1.21106660555844	0.228380549795434	0.410717034903175	-5.72223172799029
80013	0.134731378222372	10.4215561898964	1.36561950998581	0.17475333367372	0.343272898013062	-5.52929105455876
80014	0.168192187227476	6.81552335370106	1.40790465121688	0.161886972132225	0.327100388897304	-5.47260049192801
80017	0.16405419674176	8.9791551419431	1.69361368623745	0.0930760305427875	0.226298312851325	-5.04615497602549
80020	-0.210292601084366	8.0422679421098	-1.53329185030761	0.127981224419189	0.281899976987334	-5.29471780780197
80021	-0.210804534032977	9.12876927562561	-2.73395207854106	0.00725980816212647	0.0372691208322962	-2.88170490267249
80023	0.270393853930551	7.71900363963892	2.76398923656747	0.00666271438040032	0.0349210693690743	-2.80568006328645
80024	0.0455924799320107	9.24237128562326	0.336583038117756	0.737051537124992	0.848993041815796	-6.38308757156545
80025	0.135630096353748	9.38527709298728	1.67473039605575	0.0967349823047287	0.232276440068912	-5.0766537835925
80028	0.104142696992227	8.21124643351575	1.16745251593987	0.245469585678761	0.430941291754849	-5.77260356612545
80031	0.232189784469894	7.1623679571262	1.50586113664848	0.134875371816272	0.292176913507057	-5.33487817133634
80063	-0.404818229526102	8.58714495775688	-3.39584228067245	0.000943120255806319	0.00826946813269542	-1.04402562641079
80067	-0.0829389597129106	6.94378097577051	-0.806447266862441	0.421668229246525	0.612417745298964	-6.11988027369178
801	-0.211260418242264	12.8101271052042	-1.45126894144352	0.149457909681076	0.312221126445545	-5.41273183785064
80108	0.0932108820698181	7.50366192272728	0.741876192289946	0.459691747373922	0.645208807698997	-6.1687809447611
80110	0.220611920789601	8.27410708969651	1.60791166517623	0.110627331419428	0.254110611102469	-5.18195940882108
80115	-0.103840767489345	7.16675529044961	-0.612642260584735	0.541336036475098	0.71277000176112	-6.2545069319516
80119	-0.182619619268946	6.84472156847854	-1.44890636395832	0.150115500732252	0.312883872937561	-5.41603866692581
80131	0.262787488107015	7.11000169248081	1.51988127444705	0.13131620427652	0.287406424834143	-5.31443864747747
80135	0.164238268732316	9.57333999045101	2.07445122609379	0.0402941936537442	0.126263292708622	-4.36256151005728
80142	-0.182679368013821	8.96823521791643	-1.43211054967007	0.154855000328688	0.319681488868239	-5.43939768212578
80143	-0.0756649295602087	6.42714773240537	-0.650065036412532	0.516961220792781	0.695238533889487	-6.23135224991129
80144	0.240610596963592	9.58661242381181	1.21299793337839	0.227644168105103	0.409838890267688	-5.71995953675723
80145	-0.150942403171051	11.645947003982	-1.49161416731458	0.138569061894203	0.296868651164922	-5.35546209080011
80146	0.0500174727979941	7.92263534140269	0.505056966008376	0.614496171281096	0.766727851175506	-6.31347336642516
80148	0.147339913972745	9.89524192389674	1.62898126442857	0.106084019846199	0.247830326145057	-5.14919490972571
80152	-0.0087660263419398	8.32328013111461	-0.0840115940612211	0.933194920273262	0.965840583479566	-6.43529973331087
80153	0.00182583036965069	7.8955259241051	0.0190418601313773	0.98484107982229	0.991563544530974	-6.43859217634945
80155	-0.187587933453688	8.25998505612826	-1.67181685979357	0.0973097729240175	0.233182107441945	-5.08133055676122
80162	0.18088396146516	6.91976835107852	1.06401061611606	0.289577878970913	0.482629798284855	-5.88485401390522
80173	0.251490093688717	7.86264558028105	2.95004265283801	0.00385841754154333	0.0236971960385433	-2.31879387362038
80176	0.101062612273542	7.33333381792144	0.5453987096456	0.586547443710619	0.74674505010014	-6.29268542954787
80178	-0.341298064662249	7.88666000513279	-1.97649255610932	0.050519779010564	0.148262750238902	-4.5507385516245
80184	0.197746491314517	6.98808215373314	1.55691214183785	0.12226992014777	0.272738196170829	-5.25957953721533
80185	-0.06731849294437	8.49910900083882	-0.799162045029871	0.425862392969816	0.615938253533651	-6.12559934981852
8019	0.199816288163331	8.7935154028959	2.13769232308547	0.0346829717335972	0.113521680564548	-4.23660584910042
80194	-0.345007384387565	9.55989460484256	-4.12631362388968	7.04935001297462e-05	0.00119682326337133	1.34952218863524
80195	0.0305631982304022	9.52711688764277	0.324267790413568	0.746330954847748	0.854427399451476	-6.38708589951422
80196	-0.064810751830267	9.71408479829712	-0.780668093052084	0.436619675680509	0.626777636621655	-6.13988707163898
80198	-0.00160299287681612	9.24326110451621	-0.0244773594175835	0.98051474072973	0.989816925763626	-6.43847585007722
80199	-0.0281119863323568	6.9751525821343	-0.27972863978791	0.78019383579129	0.875669588886133	-6.40030423129863
80204	0.0988183673023728	10.6087938520387	1.36650360093346	0.174476631169727	0.342810888073727	-5.52812287550502
80205	0.299314787523149	9.33534479115639	2.55415319485288	0.0119670146471023	0.0528879299010514	-3.32149128860914
80207	-0.275378114136404	8.5912650704665	-1.92026851273742	0.0573284145560747	0.162113216101738	-4.65491248750052
80208	0.188700145636028	9.33984717666491	2.79700495834237	0.00605828500464275	0.0326428141802668	-2.7212826319916
80209	0.231933311992423	9.98648466412983	2.917258380056	0.00425601442528817	0.0253458393315647	-2.40656635253331
8021	0.0341950058723179	8.4181004426407	0.285341702077051	0.77590139418191	0.872917089282046	-6.39874557941248
80212	0.611648743117246	8.60700718077153	3.62119782652405	0.000439421866850967	0.00470768433228144	-0.344292297776139
80213	0.0562749019081953	10.7308294637824	0.725298042117403	0.469759021305479	0.654015103185461	-6.180684452111
80216	0.14206797972042	8.36578404118113	0.99899537295563	0.319917800362538	0.515613859706256	-5.95018583049495
80218	0.064026833484134	9.42673663543326	0.466833960809841	0.641511792727058	0.78455543499045	-6.3317029461289
80219	-0.0619894734819284	10.1562228878713	-0.681282030403832	0.497078000506348	0.677535360426145	-6.21099545997807
80221	-0.034537092253789	9.53447635394861	-0.289648167395	0.772612826167549	0.871493091511071	-6.39752878598667
80222	-0.273963850192951	8.07383007830921	-2.86724621586587	0.0049355045887076	0.0281541905405558	-2.53884055935514
80224	0.155774667172969	8.98289797403416	0.904779167848515	0.367495138024438	0.562235569565079	-6.03767587531364
80227	-0.174938295386764	9.34259963798917	-1.75230193424099	0.0824171496370492	0.20761380176945	-4.94929664895891
80230	0.0252260869705192	9.2428468553666	0.310024662404812	0.757109597433269	0.86175076130616	-6.3915246458277
80232	0.113152349704774	10.1763052924881	1.22969482182194	0.221349338217031	0.402800100841293	-5.70016883350222
80233	-0.120125550593094	8.72198164391023	-1.18447358945658	0.238695192705835	0.423369756557076	-5.75315945297853
80237	0.67999472311757	7.7139236873855	4.02362614225029	0.000103573042004477	0.00157843787261436	0.991715117762209
80254	-0.179989121608173	9.15789935631449	-2.23716370152527	0.0272249187212415	0.0952065320226313	-4.0314629477227
80255	-0.229242158278653	9.12792756324851	-1.80962964672426	0.072994417920557	0.191740731602885	-4.85167271371204
80256	0.0460455990459922	8.03596622808573	0.479565015104861	0.632457698324412	0.778409603884188	-6.32578975446303
80262	-0.0152370297401309	7.76015617238224	-0.176461654154141	0.860245131811553	0.922089902512773	-6.42345965092631
80263	0.0539042474011434	7.14756992521586	0.369744731578799	0.712260324325609	0.833442453453681	-6.37158187027899
80264	-0.0150656976149459	11.6788935425961	-0.127957974366095	0.898408227311171	0.944175930583027	-6.43071926461029
80267	0.167999738532447	10.0656751296969	1.14045836247116	0.256491461861201	0.444155026199899	-5.80287717901804
8027	-0.0190665293941019	8.72598901788563	-0.237228737472705	0.812906164497216	0.898034628694264	-6.41110211393422
80271	0.0246922496029671	8.33834293453361	0.210098760805889	0.83396653694719	0.908938883304889	-6.41706748782908
80273	-0.305141816776305	9.55659004051913	-3.21450753543677	0.00170091948615519	0.0128189734996732	-1.58051587152281
80279	-0.344363581272727	10.1010252720379	-2.98077291588968	0.00351706050494103	0.0220160351835872	-2.2357604782335
8028	-0.21494515721499	9.00554327063833	-1.67219395620067	0.0972352227923425	0.233138734474528	-5.08072568235277
8030	-0.222937155628983	10.5253103827925	-1.9455613437077	0.0541753041243027	0.155973514139679	-4.60839638688446
80301	0.800432042219521	8.72550888222759	4.57971207400034	1.19855385216204e-05	0.000326734482470575	3.00598590472602
80303	-0.076345195225821	11.8469454251162	-0.484700555971188	0.628821035788407	0.776507961670241	-6.32335960511278
80304	-0.1124214342624	8.0971870916593	-1.30730976371761	0.19374447711847	0.369335190629716	-5.6047213636894
80305	-0.0431479678967509	9.98433732705051	-0.371496530519149	0.710958962107458	0.832745466109983	-6.37094409801752
80306	0.0384039916619412	9.92373483408751	0.505278207190043	0.614341285353491	0.766650402933953	-6.31336369518734
80308	0.0917004413327292	8.99314024202682	1.01437232841881	0.31255836641729	0.507515649028271	-5.93509884071983
8031	0.14998560968957	12.2836121405236	1.30543605584084	0.194379252806892	0.370374308693179	-5.60709233461256
80312	-0.63590275785233	8.05746215428566	-4.17466405570214	5.86850338318258e-05	0.00104600513072215	1.5202830314233
80315	-0.0879168826901257	9.56482901146544	-0.584734244395049	0.559884710895732	0.726574660172623	-6.27088705675416
80321	-0.187111965351008	6.39122604598091	-1.28425797849843	0.201661775772196	0.379782550815854	-5.63366147051618
80324	-0.307064604702734	9.45031131323495	-1.41442347805231	0.159969606484768	0.32513507617229	-5.46371243603962
80335	-0.306759513675479	10.440095681532	-3.09529576337298	0.00247561867640872	0.017183706106837	-1.91990196296235
8034	-0.367862744758483	8.46408361202758	-3.06525886074558	0.00271688204855231	0.0182302564752576	-2.00371780221996
80344	0.0018412964981506	9.3400598909995	0.0193611299143881	0.984586946028106	0.991453099385038	-6.43858614685964
80345	-0.246496219441157	6.45938548262909	-1.48718354248937	0.139733708114685	0.298380423952329	-5.36182511114697
80346	0.0441445604512199	8.82819277108149	0.320078207385307	0.749496359049853	0.855995646043404	-6.38841220312595
80347	-0.0426008868575757	10.8558614659478	-0.534923283353284	0.593747278195909	0.752201306426106	-6.29823607217176
80349	0.139757618684714	10.2804485491277	1.21518304982684	0.226813090279906	0.409145255669801	-5.7173845141823
8036	0.0711956826013055	9.12667812254644	0.811586485067148	0.418724357597507	0.610277164393072	-6.11581500831642
8038	0.10452599640541	14.0238465840422	0.537046827751315	0.592284442936752	0.751039223005461	-6.29711951744282
805	0.231419655617195	13.4220857797301	2.89888635621375	0.00449495553929777	0.0263882962008526	-2.45538573734862
8050	0.046219257499203	10.1898189635103	0.630082399454549	0.529904637805937	0.704360811500029	-6.24388570026751
8065	0.149814638570188	9.10478384745432	1.75585527803824	0.0818053805756103	0.206324410245661	-4.94333196067837
80700	-0.113827767710821	9.81033385214866	-1.30005885501526	0.196209528639394	0.372924336748508	-5.61387827656634
80704	0.491614147526496	9.98436267140013	2.69615531009831	0.00808013499237915	0.0404006749618958	-2.97633755876978
80727	0.47685195175088	8.64996248200246	2.98910152250557	0.0034294637436281	0.0215909836298538	-2.21313032204965
80740	-0.122613491732559	8.3343896784544	-0.616995348162211	0.538471093471835	0.710847248214377	-6.25188358092517
80742	-0.331103888896413	7.05243807393304	-2.49586078933807	0.0139994484941259	0.0589075112386549	-3.45837825966609
80745	-0.176680503401766	7.96836905379276	-1.98772942607498	0.0492446703989112	0.145583742840017	-4.52958238544091
80746	0.0125377907419557	7.75897850481743	0.115623962375376	0.908154486091602	0.950380850768609	-6.43219650233349
8076	-0.0679777437972705	12.3878461845413	-0.446109142843396	0.656366622689022	0.794529545399248	-6.34099000637721
80760	0.105129726747026	12.52878689826	0.707498320397485	0.480704206674908	0.663206405066768	-6.19316840006952
80762	0.0821556134440492	9.96887802768098	1.15264396063325	0.251473615516193	0.437667944408714	-5.78929678801385
80764	-0.101266022793038	7.4019798212204	-1.14508784462221	0.254576874289191	0.441672964005191	-5.79773439827942
80765	-0.403452273336716	8.03222389532841	-2.67021552736208	0.00869084331964639	0.0424470508072999	-3.04061512503501
80775	-0.0176954553227872	7.90730050410023	-0.131709357395411	0.895446915004597	0.942815999737154	-6.43024030170123
80777	0.120075012152901	10.2230780400629	1.11054117488519	0.269108425858051	0.458222139267678	-5.83562049213726
8078	0.0757618357831728	9.47751430580122	0.774834888365143	0.4400452761703	0.629071301690321	-6.1443249508545
80781	-0.0392701276205725	8.79656665994193	-0.17377334945257	0.862352532018813	0.923199234976219	-6.423922540246
80789	-0.195112379415541	7.41683565310851	-2.07363508586899	0.0403714311944217	0.126313644570425	-4.36416415173797
8079	0.121905046689674	10.2699934249417	1.02854535556818	0.305875983082483	0.501207124591571	-5.92099275916766
80790	-0.00190273390287158	9.75001639978059	-0.0121110425710362	0.99035824278894	0.994746359797387	-6.43869835596313
808	0.0311972526634313	10.9264970144041	0.271852569751835	0.786228288902791	0.879502392515852	-6.40243914579943
8082	0.0138162473437014	8.60897015173726	0.0951129730559539	0.924392481974155	0.96031718036807	-6.43432191150836
80821	0.349205167664679	6.9856738634399	1.99068690416267	0.0489136535525777	0.145072451829189	-4.52399564107062
80824	-0.370716706359362	9.46231900737859	-2.50034748368457	0.0138326952402189	0.0584739317728803	-3.44794237359505
80829	0.250240423858876	10.1369941485036	3.30805798700693	0.00125826667118165	0.0101596116363249	-1.30675424680986
80833	0.942510480681594	6.83303012767791	5.65589577912356	1.17175608647752e-07	1.04905289850643e-05	7.37670518239636
80851	-0.0517814174858109	7.9805476356634	-0.42321830694622	0.672935257680979	0.806115945943957	-6.350759335057
80856	0.0131456110538907	7.4160987091569	0.109589329787211	0.912928217815447	0.953082290085388	-6.4328647759813
8086	-0.179328302456263	9.61390456935456	-2.01090775021633	0.0467007525078587	0.140170136524314	-4.48559096914234
8087	0.073502334031742	10.5784593455197	0.85344685633678	0.395205553137152	0.590203513278293	-6.0817523547301
8089	0.00964800742322375	8.69545467282261	0.0920697428544584	0.92680461519631	0.962140344610409	-6.43460201943953
80895	-0.481012955064462	8.04483914855591	-4.68655692336886	7.76503978097644e-06	0.000235805987466417	3.41362030628388
80896	1.12467606895236	9.95050110705399	3.52617754310272	0.000608858247165243	0.00605194840142588	-0.643707611309683
81	-0.134761149414851	9.82246423122236	-0.947907171781396	0.345186602713283	0.542061090952798	-5.99868419878554
8100	-0.069609561522946	7.37503003012621	-0.689217313172638	0.492090336848953	0.672846578773771	-6.20566989197135
81031	0.0223428123216915	9.50425995820309	0.187200941829122	0.85183665600102	0.917601822974495	-6.42153963979428
81035	0.516375686604656	11.3859576542067	2.64140979179434	0.00941776319015364	0.044707312615327	-3.11135394524946
81037	-0.0590227247396796	9.5937854324021	-0.602962245651129	0.547734368907085	0.71701652178615	-6.26027437870132
811	-0.30410915111979	12.3878287196297	-2.57274539017414	0.0113769226828028	0.0509617035574571	-3.2772405895497
8125	0.279986922100361	9.77902180297688	1.51285488409796	0.133090599849376	0.289763202703164	-5.3247049229914
813	-0.392591408142197	11.923369650288	-3.2840099635508	0.00136042353808172	0.0108153016598219	-1.37774454383337
8139	-0.391117471694161	6.6465382253523	-2.75010783993006	0.00693286538337445	0.0360269643880569	-2.84090427303186
8140	-0.782463260375474	11.049048620901	-5.4727712758536	2.67362199682164e-07	1.95216495139476e-05	6.59434510277569
8148	0.161825196960282	10.022841897364	0.770006092091851	0.442892812108799	0.631664660653492	-6.14797376944317
81490	-0.0430718872027928	8.85045490684202	-0.297916326168018	0.766310601670742	0.867561070422194	-6.39514160297806
81493	0.27753327328516	6.84425753882362	2.04199903096978	0.0434649823703869	0.133464964453307	-4.42583717203594
81502	-0.417886799791461	10.2191138227513	-2.50868466133511	0.0135275468400376	0.0575373516471216	-3.42850596712132
81532	0.259042463040814	8.40759197521951	2.88032298191912	0.00474883738158243	0.0273920368518651	-2.50444447875155
81533	0.0375472138917649	11.5888380212385	0.392617772712451	0.695336724959931	0.822995717962853	-6.36301788975437
81539	-0.193145319126782	12.2430571343887	-1.41541200127604	0.159680380090642	0.324707025984417	-5.46236118168879
81542	0.137350300920697	10.8169414363951	0.89980514522014	0.370125330520065	0.564586376748981	-6.04205783404407
81544	0.0311507726894339	10.2645870947279	0.208359608201509	0.835320900457444	0.909503459160699	-6.41742523628587
81545	0.115485587667179	9.0270827721269	1.4394015471685	0.152783644430144	0.317083643968088	-5.42928984940947
81550	-0.157920483284707	6.91765032354573	-1.55422214007848	0.122909990618389	0.273722437990803	-5.26360722095101
81553	-0.447106362665766	10.6096309573738	-3.68208451408417	0.000355452845306757	0.00400208768844773	-0.149140540146695
81554	-0.204154606904207	7.78309058100098	-2.20127950629256	0.0297358807196053	0.101495196175182	-4.10645403025479
81555	0.0341010088554683	9.91727524162179	0.267094688910194	0.78988000159065	0.882272997043783	-6.40369933222197
81559	-0.382840017998411	9.22542965607293	-4.17010251354263	5.97124241010703e-05	0.00106069811413944	1.5041109870605
81562	-0.0219816034087866	9.58760529751957	-0.287177158556086	0.774499273514963	0.872609883006651	-6.3982291958791
81563	-0.147754457774343	7.94390025665675	-1.05005851668521	0.295917497198834	0.490300764350489	-5.8992143587144
81565	0.0125866907451726	10.244824402375	0.130574186816312	0.896342855954559	0.943581677758857	-6.43038669594644
81566	0.0899703639430421	8.57312740765105	1.49075020979503	0.138795567499297	0.297008131488132	-5.35670428648537
81572	0.169227168152833	9.07005197576935	2.09098238872337	0.0387568395947699	0.122844011915886	-4.32997400238114
81573	-0.112220766325486	7.89966858404008	-1.47465105702396	0.143069376689994	0.303091318661028	-5.3797250683046
81575	1.09830932387556	7.22496285547034	5.82178857315637	5.48474313118899e-08	6.04053043514948e-06	8.09753824310184
81576	0.0722550777460537	10.2581713029078	0.786551495474011	0.433180415447661	0.624009457899839	-6.13537765668247
81577	-0.330530789626342	8.65813177157517	-2.09970036479759	0.0379666206614889	0.120989308126504	-4.31269219570249
81578	0.530966330369821	9.53078692691492	2.88985097564321	0.00461692957651369	0.0269320891963299	-2.47929801353422
81603	0.260243958854346	9.29194747510477	2.20904521255405	0.0291759952659248	0.100163641270382	-4.09031928756527
81605	-0.0309722420852414	10.1007438066149	-0.33408301523032	0.738932191074243	0.850080765776219	-6.38391127238121
81606	0.115475747275771	9.12240906198654	0.837975098587467	0.403802400746219	0.596994421006582	-6.09453908167129
81607	-0.510769775177239	8.32569793082295	-2.26057883176502	0.025688233388345	0.0914195638895862	-3.98193272504833
81608	-0.161427387827976	9.40694281732392	-1.36181143509212	0.175948978346659	0.345293077011974	-5.53431443548831
81609	0.0605384267100949	10.1425134204272	0.550264450438761	0.583217188788055	0.744801171828902	-6.29007078972864
8161	0.0210121399634008	8.81173531075573	0.335145133372713	0.738133013621883	0.849397978896176	-6.38356207731212
81610	-1.260439987558	9.68608015201207	-3.5977131540293	0.000476569420873481	0.0050148601629575	-0.418880144329139
81614	-0.168638825232166	9.91981173385242	-2.00008179622298	0.047874653880082	0.142759798212808	-4.50619719221957
81617	-0.505763478620088	8.43368539120605	-3.45811926475138	0.000766251642598578	0.00714361012174295	-0.85425776722436
81618	0.715515365417156	10.4788505149055	4.75330070104846	5.90278658432912e-06	0.000193461564701593	3.67143985295112
81619	0.44421844165542	9.22076150098	2.88852653970534	0.00463506198300555	0.0269748343874749	-2.48279776325745
81620	-0.57382084231069	9.04533585364896	-2.82422461565266	0.00559807553898168	0.0307652055568787	-2.65104781053835
81622	0.519230461126802	7.44189346595018	3.83173284228669	0.000208946395354613	0.00271676201611341	0.341223708947074
81624	-0.224796327844249	8.16258076763331	-1.46405118065385	0.145938703726861	0.307278534994615	-5.3947510041608
81627	-0.0538986995377609	8.02019753102609	-0.821816626429311	0.412900884045669	0.605352060839668	-6.10764672906127
81628	0.18996380865214	7.82191267977668	2.0040246348435	0.0474442389549885	0.141732156878194	-4.49870433274697
81631	0.0839496856581735	11.1902455055704	0.737424902841814	0.462382763054217	0.647129129120289	-6.17200323784798
8165	-0.145565846047889	8.61776466194194	-1.07500737321279	0.284646887552259	0.476526812156802	-5.8734046220859
81669	-0.465876889484961	8.51500527333662	-3.48145480405494	0.00070840914285578	0.00674908825834919	-0.782435710024258
81671	0.0316063922578578	10.3295662401997	0.355004337429565	0.723243859452631	0.839751796328188	-6.37682924364862
81688	0.0150359207664248	11.2307317013383	0.129275744641447	0.897367824276911	0.943683620924025	-6.43055259285666
81689	0.321073376911511	10.086750005743	4.05297764662496	9.28463969023287e-05	0.00147482930464084	1.09330813506833
81691	-0.291971366450943	6.60075055678161	-2.38383382500887	0.0187893141790947	0.0731039732074057	-3.71349370923245
81704	0.367963066103084	9.71600973860583	2.37257972030745	0.0193428866769528	0.0746543410060298	-3.73853924543108
81706	0.179224565912277	8.52057510345169	0.961734334431509	0.338223476200851	0.534464976923987	-5.98580499384851
8178	0.0903706096969073	9.67154225064822	0.968130045116572	0.335033832310993	0.53111747482723	-5.97978571458871
81788	-0.579083875397257	7.82379323031568	-2.79893312129382	0.00602458224333158	0.0325058701847136	-2.71632680816996
81790	0.0857833351577427	8.85331069654304	0.671341928922528	0.503364083886686	0.683172417499841	-6.21758022076105
818	0.0468065680619964	10.6875491074719	0.43786618823003	0.662313796169075	0.799300652193429	-6.34456699932084
81844	0.141928061434958	8.62815962118724	1.51530914764064	0.132468692199879	0.288863613397821	-5.32112417925878
81846	0.250068741019746	8.12206207860719	2.81895604330199	0.00568457774284834	0.0310581539767981	-2.66468828348607
81847	0.617258929253531	8.73128854668742	4.49143994747172	1.70762055503034e-05	0.000417462953675122	2.67403884476078
81848	-0.0367438460950008	8.89791118002907	-0.363080051331946	0.717219062987621	0.836165061436521	-6.37398077684429
81853	-0.0540893453991807	11.468496770757	-0.629972805673663	0.529976082744877	0.704360811500029	-6.24395336829245
81855	-0.173957664870143	8.70236463831517	-1.04093865146787	0.300111934312672	0.495091786982759	-5.90850064659731
81856	-0.351789962619029	8.15184700146173	-3.0847127584839	0.00255826185549029	0.017565455466625	-1.94951156890503
81858	0.0440628242500978	8.23975825938978	0.458638432874305	0.64736912679583	0.788217716293272	-6.33542568078329
8187	-0.301269216571311	6.78505447518436	-1.98782891795256	0.04923350385379	0.145583742840017	-4.52939456869225
81873	-0.13651933235364	10.238710678813	-1.47229103279823	0.14370439638368	0.304124600084344	-5.3830795599593
81876	0.198182142437057	9.31622479936689	1.73173991592524	0.0860314439876029	0.213913223160024	-4.98358771607434
81887	-0.378434254559981	9.27718167036569	-3.07735062894264	0.00261725286493214	0.0178370533534154	-1.97005933519708
81889	-0.00576032046061437	9.33936015363127	-0.0719708011688265	0.942751564599115	0.970963581494849	-6.43622329492055
8189	-0.0432409005903118	8.54780693401744	-0.325789925541222	0.74518198848006	0.853742371072047	-6.38659977118788
81890	-0.0764214182489977	7.29353145385484	-0.693538135732103	0.489385996794832	0.670925864485529	-6.20274436800314
81892	0.0731526991499292	12.4151135011813	0.590949987305995	0.555726601825836	0.723310530707013	-6.26730450735017
81894	0.0214441113103876	10.3311151270325	0.203788656008333	0.838882875252311	0.910881303416746	-6.41835132604888
819	-0.00861208249069579	10.8420590074925	-0.113570303411436	0.909778676808631	0.951116551125085	-6.43242794307782
8192	-0.293319823660447	9.35378874474654	-2.04085391962234	0.0435806629503442	0.133571902029626	-4.42805303222164
81929	-0.163104190848255	8.55491633993662	-1.71618236353025	0.0888514581369296	0.21875202510016	-5.00927804536585
81930	-0.286635542582653	6.92418873947467	-2.12682936095295	0.0355957911525389	0.115440227165676	-4.25848945179673
81932	-0.245995851021606	8.45020984853915	-2.81152843159142	0.00580860389301246	0.031606764266326	-2.683881095262
8195	0.0531534741683976	9.30883314979902	0.721709114989978	0.471954585613555	0.655294146439395	-6.18322630264113
8202	0.0891157462787238	11.3730091147834	0.692223163633506	0.490208159443085	0.671718546283988	-6.20363662245331
8204	-0.0890738785475986	10.245377390767	-0.445852078818349	0.65655176029608	0.794529545399248	-6.34110256234253
8208	-0.458515733457237	7.67213587613911	-2.86295645892861	0.00499818928643982	0.0284136569208485	-2.55009462383511
821	0.0723211670004425	10.8179647291884	0.555461915161163	0.579669789696509	0.741532052484616	-6.2872523845297
8216	0.0487465559553301	9.39265149538529	0.491636302637214	0.623924042525072	0.77358339706651	-6.32003668330228
822	0.0767780603888713	9.26653240013368	0.359030982814329	0.720237625189291	0.837674286688755	-6.37541695474116
8220	-0.421347662315334	7.7721363328032	-4.07499688628715	8.55060561298549e-05	0.00137676417862106	1.16988107158531
8225	-0.0791960043623803	10.6903456814439	-0.924810342114015	0.357022780550391	0.552455632698807	-6.01978816498476
8226	0.0218941239673909	9.84256961997311	0.17244541022928	0.863393889793499	0.9236540092669	-6.42414857262553
8227	-0.0601461380007292	10.7599910753632	-0.544712780838269	0.58701763074693	0.746811825090817	-6.29305216058715
823	-0.0949514019890902	10.3518481477565	-0.777478691311927	0.438490747536148	0.627935779238659	-6.14231763539543
8233	-0.472632960758837	7.68146769193012	-2.91811875385991	0.00424511607760054	0.025299176624084	-2.40427362707271
8237	-0.0938860582922577	8.95372761749858	-0.949166952883965	0.34454838949996	0.541264681869469	-5.99751838237379
824	0.158001210440398	9.42588188257504	1.05217587908689	0.294949387655767	0.489115025504243	-5.89704699894957
8241	0.0311990499674421	10.8871180910455	0.494428915815647	0.621957042653068	0.772187760756702	-6.31868546650954
825	0.142048028153441	6.55794016170935	0.87828390144458	0.381641488154124	0.577566634692756	-6.06074296121032
826	-0.074643894314702	11.2035616789543	-0.733834688549719	0.464559690813442	0.649722832055372	-6.17458820734074
8260	-0.168559705675276	9.701253422091	-1.67367002594575	0.0969438558163904	0.232575152205456	-5.07835677294336
8266	-0.176425413519293	8.09702211143366	-1.41981640021065	0.158396590295794	0.323130609000559	-5.45632955670175
8269	-0.122897683590426	7.92708651585914	-1.11803131721658	0.265909813544562	0.454744318815337	-5.82750263592165
827	-0.227288573821346	12.6683290606416	-1.46691909243351	0.145158007496991	0.306572524143478	-5.39069586228269
8270	-0.304106366203146	10.5530521409122	-3.33118421949829	0.00116683321961237	0.00959009193432656	-1.23808490590369
8273	-0.304043227584779	10.3295941900588	-3.24452826735543	0.00154510898570357	0.0118943152114739	-1.49337062109458
828	0.172516464653329	7.72103728809801	1.20147596371032	0.232062759607413	0.415619773277804	-5.73346279811381
8291	-0.0782671536126983	11.0269360753565	-0.482657438352381	0.630266755264182	0.777275055910504	-6.32432950050595
8295	0.0300439577239293	9.08050095028253	0.360019181802642	0.719500517481237	0.837443620702757	-6.37506792932509
830	0.356005448595571	9.83852132551606	2.89039576205759	0.00460948999846049	0.0269076942666315	-2.47785804489086
8301	0.307629322421338	10.2466683138101	2.58428112484055	0.0110240817265759	0.0496775314029008	-3.24964163731766
8303	0.00470589091289268	6.90936732578184	0.0308198134122927	0.975467261893384	0.987905785095555	-6.43830337896116
8309	0.730116221074555	7.40324503062724	5.67487625593965	1.07487822774211e-07	9.97583613612341e-06	7.45860847509957
8310	0.184702292319528	9.05670874429436	1.464807388125	0.145732535274281	0.307157627294096	-5.39368249041321
8313	0.202045900526942	9.37010882082252	2.36370919344635	0.0197893414408098	0.075851489698881	-3.75820478007727
8314	0.221893839596676	8.14958510437366	1.75872702969492	0.0813136908264771	0.205627074488027	-4.93850305125249
8317	0.0747873795836939	9.12801107483781	0.6727746181132	0.50245544011718	0.682387690787225	-6.21663706487834
8318	-0.175952682230059	8.87152530489155	-0.928689307606397	0.355017071263403	0.551046828760986	-6.01627969373722
832	0.0952785947940363	10.764414660025	1.22509171735788	0.223071982024324	0.404605746930373	-5.70565115398816
8321	0.554314374271575	7.72458879180798	3.52552989710623	0.000610200710745633	0.00605800224850833	-0.645726674176717
8322	0.692107380762948	7.86342449182651	4.07978449533903	8.39852738470699e-05	0.00135757017999373	1.18657074595985
8323	0.412013372639813	8.22045168443688	2.42748921307574	0.0167725613495562	0.0675119556326005	-3.61533010094543
83259	0.38931275451422	6.8667781234402	1.95231161634901	0.0533590082600871	0.154376675386452	-4.5958858246797
8326	-0.209228724826108	6.46291601016579	-1.57669468732216	0.117643517984222	0.265356487861734	-5.22975485391499
8336	-0.857910673758141	8.76841660148984	-4.7662930574263	5.59446833832819e-06	0.000186331889010447	3.72190686090732
8339	-1.02821896079733	8.58905760440041	-4.49134566134549	1.70826244966333e-05	0.000417462953675122	2.67368665521946
834	1.4751602435445	7.79816125046059	5.02774810337143	1.86652830529942e-06	7.94717721740888e-05	4.75631549534867
8344	-0.321760142112426	9.7454950766946	-2.12284669879606	0.0359356203716585	0.116220917881715	-4.2664868492886
83440	-0.202158337250164	9.14694416217421	-2.38591026102809	0.0186887256645955	0.0728498697449546	-3.70886100040477
83443	0.0588579963248622	11.3034588367666	0.701624247654316	0.484346876883306	0.666824101319502	-6.19722076162648
83448	-0.0364519531799461	7.63826995407278	-0.365197655885389	0.715642175144303	0.83503381363073	-6.37322327746971
8345	-0.263027721216488	9.20831908043393	-1.28657215348428	0.200856322706638	0.378870341529306	-5.6307787246148
83451	-0.638928076385977	9.40986402499508	-4.19261732156788	5.48037744151596e-05	0.000994899289382898	1.58405741643066
83460	-0.0296953029779681	11.207218346883	-0.367688689133141	0.713788783965089	0.833850538088182	-6.37232657168737
83461	-0.522575113557117	8.7226238755468	-2.94665319409317	0.00389787950585806	0.0238492479395464	-2.32790725075523
83463	0.179027704445524	7.79907295106458	1.50497655443856	0.135102442135713	0.292285534845727	-5.33616167948142
83464	0.221787851525697	8.73961547153356	1.75825345219459	0.0813946071204462	0.205642056345899	-4.93929989544382
83468	0.48571086163812	7.86146516905977	3.07276474837264	0.00265463268750653	0.0179792554567835	-1.98283766765233
83478	0.132241454061934	8.31655467455075	0.794128349680602	0.42877469032468	0.619066411830424	-6.12952095135959
83480	-0.222802332159541	8.86604328569761	-2.31792230214295	0.0222418044036668	0.0821633740493235	-3.85865147696888
8349	-0.111227913405259	11.4409075463672	-0.678740477010527	0.498681226630716	0.679034034322491	-6.21268823003382
835	0.00110726537219384	9.62604956874132	0.00627200916375026	0.9950066824888	0.996911638867363	-6.43875114179346
8351	-0.87459554188396	9.24884254070589	-4.58469406443315	1.17469821469022e-05	0.000323351721866113	3.02485200044757
8353	-0.521993138010989	7.7794579759443	-3.011684227016	0.00320197330928815	0.0206466038522405	-2.15149957804645
83540	-0.179697388350627	8.1597691873317	-1.14922920953423	0.252872709721209	0.439639777372592	-5.79311661387053
83541	-0.419239986548852	9.52356052598827	-2.18248924110259	0.0311294808647057	0.105208474608212	-4.14527892147437
83543	-0.687176560915993	11.0667260687401	-2.63762582559616	0.00951722983249746	0.0450648800953384	-3.12059608567197
83548	-0.0072409609822885	9.93395846669481	-0.0441195696341167	0.964886467424535	0.982006187891406	-6.43781325348518
83549	0.0451659099900104	7.69384975674857	0.553553079276236	0.580971425791222	0.74273703405595	-6.28829054177311
83590	0.0909280436744025	9.90612655865659	1.03449508859941	0.303099578044764	0.498427735347352	-5.91501390236416
83596	-0.12967715370144	10.1898824114021	-1.4195306728348	0.158479632925088	0.323200017452279	-5.45672139555961
836	-0.0791106722987732	10.5733908952894	-0.676477173584636	0.500111272359497	0.680238136962275	-6.21419039345659
83605	0.196239685445817	9.56761146834674	2.39149618990853	0.0184204926153607	0.0721105540298005	-3.69638025028784
83606	-0.311393882934251	9.72085891055568	-2.70950565817215	0.00778123819893045	0.0392175643716049	-2.94304368865693
83607	0.192519517925343	9.08985269544024	2.21443846565421	0.0287925858548396	0.0990944829837397	-4.07908316193327
83608	-0.0535100190881892	9.64514710083916	-0.690014181637988	0.491590978313383	0.672498217355368	-6.2051317149381
83636	0.09712135688021	9.69914295557732	1.07903617921208	0.282854844284859	0.474690691183662	-5.86918112911092
8364	-0.28309811459934	13.9873318304252	-2.06683588247935	0.0410198494675861	0.127521248250757	-4.3774929556087
83641	-0.481822051766273	11.335238201823	-3.00393319466508	0.00327843546807014	0.020927261952287	-2.17269741617207
83642	0.0536648305942133	8.1251695639241	0.483810134202438	0.629450925515026	0.776831436097977	-6.32378280185334
83643	0.655569003022872	8.6038833260903	2.54874236788029	0.012143837787036	0.0534758491308443	-3.33431586030686
8365	-1.19574261005646	9.34111000376977	-4.94926814054022	2.6042470272118e-06	9.77776383853158e-05	4.44211815226017
83658	0.192259968154879	10.9888550991491	2.30246987356906	0.0231279324701107	0.0845295230987233	-3.89214857995651
83660	-0.156014430685888	6.89275639377068	-1.08615011338054	0.27970946403071	0.470457236070145	-5.86168565018959
83666	0.479847709090624	7.90958294738594	3.54965869275625	0.00056202468546732	0.00571011550056589	-0.570304717913091
83695	-0.170729058284166	8.63634233432324	-2.2025165647513	0.0296460702686504	0.101356183948283	-4.10388728920975
83696	-0.0823257178719757	8.27740921345261	-0.647739012621887	0.518459286229358	0.695997676621891	-6.23283114419328
83699	-0.0687689644675656	10.1920299847469	-0.53991061182776	0.59031434029608	0.749116062505088	-6.29560677727735
837	0.350849731482025	12.2135593505143	2.76922601813668	0.00656331569767482	0.0346187660681954	-2.79235154575605
83700	0.611030674254514	10.0483749084131	3.80971843797104	0.000226134140042238	0.00290041614402	0.268143532973902
83707	-0.0364475751671412	10.2966966696138	-0.443711153733447	0.658094484513917	0.796091605406424	-6.34203745920926
83719	0.325991109057702	10.1681095066737	2.58582754035912	0.0109775382739655	0.0495029531456594	-3.24593355907368
83732	-0.0526631478107681	8.81102869383839	-0.572096600804464	0.568385683137858	0.733000115959205	-6.27805487866616
83734	0.0853550278444038	8.44361265852385	0.647491689066977	0.518618707494416	0.696098557670438	-6.23298808394991
83737	0.198362736843032	8.94045075059189	1.79520366848436	0.0752771945656659	0.195240743683941	-4.87651814765883
83742	-0.0953417634462957	9.36291264230494	-0.72539249468189	0.469701316291021	0.654015103185461	-6.18061738758864
83743	-0.211216915631415	9.25033816643598	-1.69898357329674	0.0920563277932996	0.224833018205989	-5.03742265129866
83746	-0.0421231941104148	9.06674949802768	-0.405406961597341	0.685940052952831	0.816289416134617	-6.35800606875686
83752	0.137582963671857	9.4574646596817	2.03071885220539	0.04461605475409	0.135787992729839	-4.44761473099639
83759	-0.0997038926931447	9.16229764226123	-1.2480133877857	0.214589609245772	0.394680510436446	-5.6781531601606
83787	-0.11933110637929	9.6741750016626	-1.00965716389982	0.314802942593241	0.5098573148667	-5.93974914396943
8379	-0.0215669040989118	7.28044890295443	-0.144004412413861	0.885751856745556	0.936850609619737	-6.42857353985295
83852	-0.0231489340069311	8.10287384837115	-0.260411489515721	0.795017300839785	0.88499792562655	-6.40543193437016
83861	-0.0383044780094589	7.89511805938884	-0.431872380858511	0.666651860054644	0.802469304000489	-6.34712623902372
83862	0.564746703950498	8.4323358095184	4.27563308790299	3.98418484393672e-05	0.000772520347674114	1.88151396668934
83871	-0.0604722637294539	10.3544268982267	-0.615069250054491	0.539737785544527	0.711496027545131	-6.25304660293826
83874	0.320184653299142	9.57798686183657	2.34348470375399	0.0208414846540375	0.0786943195691417	-3.80279238497266
83877	0.735867943941881	9.62574376336658	5.76728419666748	7.04686673497991e-08	7.3679897760676e-06	7.85947784246091
83878	0.0717141608148204	6.03519502826112	0.645081814965888	0.520173420600692	0.697392055536718	-6.2345141617247
83879	-0.354185831336116	10.1540929823267	-2.8340244067421	0.00544037088794359	0.0301965613632871	-2.62561728335258
83882	-0.276406268777236	8.02246315247357	-1.47156523381546	0.143900129293309	0.304227045805665	-5.38411015744583
83890	-0.6299149766567	7.63098793927731	-3.55075663491773	0.000559920240584392	0.00570276348609998	-0.566863027432872
83892	0.099935672491103	9.06629831878188	0.652679838523932	0.515279885253988	0.69409847557044	-6.22968346823299
839	-0.188430072443407	8.73451066110195	-1.94843544685407	0.0538264632085124	0.155131397802621	-4.60307463735931
83930	0.221240562647731	9.84341358791268	3.18024079641175	0.00189661090827386	0.013863722214462	-1.67916510417896
83931	-0.0221673755253572	11.0101727279649	-0.188283002605927	0.850990370109158	0.917312233580291	-6.42133990017137
83932	0.040332192505902	7.81767718176149	0.419768807798407	0.675446303826782	0.807641353446616	-6.35218704907156
83937	1.28148029061733	7.16845822527775	5.39082848755396	3.84951721248715e-07	2.50370174607432e-05	6.24900155177062
83939	-0.311006307126554	10.5150292021765	-3.4192259113947	0.000872636236476683	0.00778399061911166	-0.973098701955938
8394	0.152581554480824	8.15655373344621	0.953947018611475	0.34213372131104	0.538187876219614	-5.99308099716361
83941	0.444424788666181	10.5499404031977	4.24909452857533	4.41361710813454e-05	0.000834244332109641	1.78596680054225
83943	-0.128514775927785	8.13808660331134	-1.42321441593233	0.157411562519265	0.321995183184758	-5.45166377977643
8395	0.175772186303336	7.46310028880813	1.17745392401127	0.241472650072642	0.426410476952943	-5.7612116637536
8396	0.0911306266509433	7.77017541801181	0.869577539207339	0.386362939336381	0.581833706275024	-6.06817525556595
83982	0.64808910782341	8.64777672475549	3.37360179529112	0.00101508668927851	0.00871581710336849	-1.11111879234877
83985	-0.210741519575586	9.66868076441015	-2.09991489948219	0.0379473510341638	0.120974573347045	-4.31226608239388
83986	-0.0218926584119383	10.4512104968496	-0.231668629289623	0.81721173079382	0.901021892180506	-6.41238357391076
83988	0.398068416823781	8.14315156626903	3.60453209944653	0.000465488295585168	0.00492312286105372	-0.397262467296676
83989	0.266121711146513	9.04443411610316	2.66342884447599	0.00885737725571321	0.0429858614172686	-3.05734210100893
8399	-1.13441988634473	7.96255772332296	-3.72870806385998	0.000301686480948785	0.00354975830859966	0.00201213152194502
83999	-0.274821115751807	7.54243293543031	-2.3616174371898	0.0198959389744083	0.0760835444113946	-3.76283240325339
840	0.0780339904634663	8.61390402090804	0.47596876267819	0.635009714004262	0.780300541159656	-6.32747616268928
84002	0.311092380649377	9.55019573602411	1.60275262458214	0.111763198183511	0.256220931722398	-5.18991999481806
8402	-0.209513610930288	9.01027813768552	-2.19610135391173	0.0301143921081386	0.102640283018738	-4.11718370530905
84033	-0.386491795123332	8.06688616198633	-2.42423870986588	0.0169158046026964	0.0679263714235644	-3.6226944261467
84034	0.634513435603547	9.88530564757734	3.22742980018829	0.00163213765175351	0.0124943994471585	-1.54308683242549
8404	1.96387238883268	8.63287177807435	4.9227704544781	2.91221785209222e-06	0.000108355493055323	4.33674111858536
84057	-0.307778350388439	7.71147330198764	-1.83328713178777	0.0693752433124409	0.184732272650149	-4.81052261203597
84058	0.117438894472902	7.93855266316769	0.671742458088213	0.503109970743628	0.68293974664624	-6.21731674860932
8406	0.798712099482436	10.023430800358	3.29153915951169	0.00132763420365791	0.010615932741737	-1.355563920189
84060	-0.101479295546299	7.043116405108	-1.02612273718008	0.307011362110534	0.50245964950129	-5.92341754328436
84061	0.00725124176380779	11.3075830090725	0.0391944266479056	0.968804099482175	0.984520379122498	-6.43801503860892
84062	0.25129925474206	8.12431504752857	2.5138465948483	0.0133416494398308	0.0568775094987974	-3.41644304707068
84064	0.0910193924860659	9.8802016167505	0.906960371814539	0.366345478678639	0.560892243537639	-6.03574679520322
84065	-0.017739980705496	8.45090418108077	-0.215009277468679	0.830145182704513	0.907130468202047	-6.41604134262974
84067	0.0299706476005415	8.29124894373763	0.290375775728641	0.772057605465396	0.871397159686453	-6.39732140276105
8407	0.599926327567412	11.8995233986207	4.11229229141267	7.4323565501962e-05	0.00124273816001256	1.30027471740436
84078	0.0498064724530512	8.29903359029789	0.487016929974219	0.627183701560479	0.775877995340656	-6.32225505672655
84079	-0.0495046126476601	8.85425403730729	-0.62606397982847	0.532527511817994	0.706387866969108	-6.24635920720012
8408	0.255825838994094	10.5247382106784	2.03777790403092	0.0438927112027074	0.134179790723302	-4.43399960142639
84080	0.373314298388907	8.26480637339245	3.07202161019422	0.00266073640232117	0.0179997401172587	-1.98490687434622
84081	-0.106670159547127	8.49563432068932	-1.21048196432752	0.228603801890049	0.410939587293102	-5.72291885831409
84085	0.280988489983287	8.54245839479796	2.25054818480619	0.0263369646838635	0.0932062246309822	-4.00320825696973
8409	0.132190486219498	12.2180367193937	1.59175254733108	0.114216212101967	0.259825368207725	-5.20681193543671
84102	-0.35953062778505	8.55105051179891	-2.14596099271509	0.034001796470174	0.112163667414873	-4.21987969019459
84105	-0.163456752724879	7.73349007673276	-1.80338755347995	0.0739750290082512	0.193119555737621	-4.86244630078292
8411	-0.191305191345832	8.1735187582673	-1.44876845236172	0.150153955487226	0.312883872937561	-5.41623153742757
8412	0.217049680071538	10.3163914307662	1.9215618756287	0.0571635066349318	0.161914508130229	-4.65254766950181
84124	-0.0253179815516162	10.1427057211738	-0.226864095274635	0.820936716546787	0.903030299000468	-6.41346644068756
84128	-0.302992677306524	9.51362796729712	-3.22844354172705	0.00162685296725093	0.0124770710394547	-1.54014529479465
84138	-0.0527953063316224	7.61239025354779	-0.524147476528825	0.601196040033488	0.757571211392313	-6.30383413148146
84141	0.384850378834153	10.0579091165404	3.03765650469844	0.00295760463770214	0.0194504890982641	-2.08013215404307
84142	0.000404012425854275	9.32851402804188	0.00256980196142261	0.997954099329018	0.998679532403403	-6.43876723938919
84146	0.308529805175521	9.07007161235174	2.13829953385687	0.0346325508010183	0.113472776523765	-4.23537958387804
84148	-0.0107844571040012	8.34069343735248	-0.0971509121928159	0.922777557529824	0.959122011475569	-6.43412924248386
84154	-0.27546977332789	10.5273825960549	-2.66031839705001	0.00893466335595296	0.0433049606236301	-3.06499583644617
84164	-0.186129282037621	9.23366217642917	-1.90052188014077	0.0598963575733906	0.167143214039259	-4.69083262599319
84168	0.765306750963374	8.931742380705	4.16596117663257	6.06600985577001e-05	0.00107291737491778	1.48943983231318
8417	0.27811433787831	9.40711879306196	1.69692457788561	0.0924462361276383	0.225318946714161	-5.04077402062776
84173	0.245957471393243	8.20038393028681	1.89784934220502	0.0602512230461477	0.167736805649201	-4.69566739237104
84186	-0.0843356368481306	8.77018909363307	-0.496783640255582	0.620300595854107	0.771160793369106	-6.31754020264015
84190	0.00941676076713889	8.38006887016277	0.112820097854215	0.910372092449746	0.951616487425323	-6.43251145477005
84191	0.167069659899323	11.582834596972	2.45387825798745	0.0156490235693085	0.0643729754394862	-3.55521524307949
84193	0.0747710438418557	9.58173014331505	0.496666451673233	0.620382986917398	0.771160793369106	-6.31759732757233
84196	-0.113836309354412	9.3957543384736	-1.33558872572647	0.184350618320214	0.357608438097642	-5.56853728151397
842	-0.268267358727429	8.8688315847545	-2.43092872418421	0.0166221647126237	0.0670733173064347	-3.60752790247721
84206	-0.068833426128059	7.11234857876948	-0.555474514716185	0.579661202660581	0.741532052484616	-6.28724552021185
84216	0.284092766762894	8.26675344043528	1.65160630858465	0.101373504932161	0.239720913466834	-5.11355903272707
84219	0.057490613386254	7.3381651270205	0.617711717701204	0.538000361158442	0.710566514737564	-6.25145009925233
84221	0.06843045143155	7.47636339279587	0.380135125718381	0.704554133603018	0.829477928101615	-6.36775509642938
84231	-0.111078534464846	7.40512406631731	-0.814211867880133	0.417225214283903	0.609206351050876	-6.11372840884668
84232	0.117346661010555	8.56950921187249	1.03493516561575	0.302894895249422	0.498190329502235	-5.91457032759031
84233	0.0339840940259912	10.597429261508	0.363741558539518	0.716726335847196	0.835826561357876	-6.3737446176345
84240	-0.000100723382756457	10.0943374524307	-0.0012987148582055	0.998966051144643	0.999329003567246	-6.43876965751526
84243	-0.213631429759326	8.13811631209692	-2.2126078498364	0.0289222297130127	0.0994164034246714	-4.08289981813417
84245	0.369907470974216	8.99375007195331	2.60904377705589	0.0102997359712745	0.0474579222869335	-3.19002842762225
84246	0.0258230232779846	9.97542501988453	0.323954297906698	0.746567662173715	0.854569057685393	-6.38718573826177
84248	0.263952929401671	10.2660489496162	2.24875241808185	0.0264546075198023	0.0932782219979487	-4.00700806254321
8425	0.648027336262852	8.19222211444491	3.16754588027812	0.00197428367878387	0.0143220563187526	-1.71548873231009
84250	0.0485468027007103	7.36768319624146	0.301601433635563	0.763506720166863	0.865929631824562	-6.3940560281817
84255	-0.257829179518899	9.53069111515578	-2.55807183392668	0.0118404030760139	0.0524969025270398	-3.31218836494241
84256	0.396792444759396	6.84863738705371	3.12128926662055	0.00228302472312452	0.0160390684986235	-1.84681485031387
84259	-0.204118388326262	9.85195288244422	-1.6213358232156	0.107714990989837	0.250063469807773	-5.16113105851789
84260	-0.115811885153673	7.26870805278972	-1.0161396257643	0.311719832548894	0.506751784462481	-5.93335037434238
84261	0.0505157802156462	7.38946845528351	0.679004885150941	0.498514306783776	0.678932922346907	-6.21251241669449
84262	-0.332130132769862	8.5534495803156	-2.92410132429426	0.00417004122391826	0.0250323695563698	-2.38831524815952
84264	0.238190493641546	6.41291069240857	2.40072407291517	0.0179848485573251	0.070657169493857	-3.67570457716003
84265	0.546009650527992	9.29303397294286	5.81630779816752	5.62501396341721e-08	6.11350201813502e-06	8.0735462094862
84266	-0.110665359258089	9.82087451606084	-1.2754801507206	0.204738609578471	0.383121697128143	-5.64455012527307
84267	-0.0296336789951054	8.20367682655676	-0.348676377545712	0.727976960950571	0.843582647801865	-6.37901657290684
84269	-0.115672660182704	8.95295140771647	-1.03249740160768	0.304029886946177	0.499162565330038	-5.91702514039816
8427	-0.0496494116936388	7.70190241172107	-0.576735677437405	0.565257856222793	0.73010631624711	-6.27544176952073
84270	0.0137442478190297	8.98256824857183	0.12607228985854	0.899897316065645	0.944612000343401	-6.43095479692209
84271	0.0214178733205298	9.95693886135295	0.297191590658125	0.766862396381175	0.867828934663448	-6.39535353079978
84272	-0.315021058667317	9.3530401444457	-2.29225443884676	0.0237306620523246	0.0861013329273937	-3.91418136972916
84273	-0.292681203968992	9.96987823654306	-3.33243479159409	0.00116207064909795	0.00956046171469029	-1.23436039793549
84276	0.11890491989589	9.1864683681711	1.17043603783682	0.244272368648434	0.429204374608821	-5.76921516751405
84277	-0.0287808837240951	8.41487996721033	-0.308163928041379	0.758521321968993	0.862644378282237	-6.39208983090039
84279	-0.0173794656058221	8.54803194572068	-0.16703498641546	0.867639161932997	0.925782634926293	-6.42505158217381
8428	-0.19776565528837	11.4828069761711	-1.91494727042729	0.0580111133196871	0.163372586437305	-4.66462630916933
84280	0.0410993053043401	9.26986928236415	0.388436060785496	0.698419579165715	0.824944884757875	-6.36462186480939
84281	-0.245230076620159	8.27991451762368	-0.847158226627438	0.398686211740834	0.592612580345382	-6.08697748549046
84282	0.0660311480178205	10.1930278894032	0.821394602773379	0.41314015402842	0.605381882610387	-6.10798569384796
84283	0.0702454251544131	7.35758295794475	0.606438061611976	0.545432557417252	0.715577021008022	-6.25821395342539
84284	-0.314140179463178	8.76117424321767	-2.31082706013976	0.0226449018567238	0.0832059116265743	-3.87405749423899
84285	-0.00795482073181963	8.50633690500998	-0.0525595550022905	0.958175055427104	0.978190759850753	-6.43741199489896
84286	0.0515242244062208	9.56039132859742	0.439190982986177	0.66135650660179	0.799006105679507	-6.34399659408815
84287	-0.0528323707642649	10.6755885287568	-0.751982412873744	0.453615160731344	0.640489098742035	-6.16139376519481
84288	0.350285804217632	6.89301888455298	1.92736102781802	0.0564290029511049	0.16033834343864	-4.64192604147141
84289	-0.316222015461352	7.93577289329452	-2.43700404831707	0.0163594434094017	0.0662848518063956	-3.59372236836088
84292	-0.0959489742365769	7.11491567664278	-0.915480735731665	0.361876417057996	0.556732949319995	-6.0281674443294
84293	0.110740086808075	10.8697173105232	0.767769133763218	0.444215553598997	0.632434337217716	-6.14965644964827
84294	0.165571938552177	8.35429078663117	1.77772390970112	0.0781220058844491	0.200586810259729	-4.90637154581622
84295	-0.173006071554229	6.7971616226614	-1.3837931879232	0.169131752719769	0.336965671490343	-5.50513069563381
84298	-0.0315780552573372	9.36740077316733	-0.322093030513963	0.747973538937881	0.855122689498533	-6.387776515816
84299	-0.184728528597454	9.67263434232403	-1.32760555963862	0.186967221539606	0.360576523445517	-5.57882806649721
84300	-0.0210283693208841	9.97996274262578	-0.19686013767078	0.844288373597147	0.914112866117692	-6.4197159288441
84303	0.234250149167996	8.2797932843016	2.05363626214855	0.0423042081021371	0.130755846642498	-4.40325306349538
84304	0.101442075940095	9.44327150746079	1.11306050053743	0.268029592093407	0.45662044351334	-5.83289598909456
84305	-0.185442747035885	9.27117690584199	-1.71226126578043	0.0895739936068606	0.220268290322319	-5.01571830918644
84306	-0.291390307114372	7.51262640728271	-1.64565705778995	0.102595471187778	0.241848913245161	-5.12297484576196
84309	-0.177976577059557	9.11156096350088	-1.81282016473283	0.0724973754395	0.191013818542351	-4.84615246452076
84310	0.266160677224231	9.87932498099264	2.83209301967734	0.00547112675842578	0.0303141592715394	-2.63063527415465
84311	-0.156019779285356	10.7034784912213	-1.87989891304425	0.0626807612572602	0.171912806344818	-4.72797539473529
84313	-0.407259369618924	10.0576651943819	-3.42173892036209	0.000865363159128146	0.00776161968147734	-0.965452845791561
84314	0.084767078006539	7.80687476875472	0.602109529283469	0.548299811120583	0.717393372840719	-6.26077806222154
84316	0.123277142255079	10.7196815091614	1.32625353829498	0.18741310569738	0.361183446817629	-5.58056498645206
84317	-0.164924691492254	9.38621649209618	-1.88256783703736	0.06231441654538	0.171319038111893	-4.72318996608432
84318	-0.266886971360065	8.0850821031791	-2.15654202340569	0.0331470531630062	0.110356573610009	-4.19838936349723
84319	-0.204271338123934	9.41450079265666	-1.27204195022743	0.205953160921663	0.384324282252346	-5.64879535374775
84320	0.212186632639139	9.81570161588698	1.91105568684881	0.0585147140696833	0.164063658593206	-4.67171434536613
84324	0.0409227946542361	11.074872288528	0.432348076424283	0.666307156375704	0.802469304000489	-6.34692441052847
84326	0.0366856857305187	9.51508037919456	0.316964173219783	0.751851917779909	0.857808102418016	-6.38938686476261
84328	-0.0126821169045277	9.31559656704585	-0.177260858972537	0.859618817516384	0.921777415641352	-6.42332066925813
84330	-0.0392339425900853	7.36288593883604	-0.39930644177685	0.690416295220639	0.819726692327509	-6.36041671743399
84331	0.423808006049207	9.92580505496297	2.96261735302402	0.00371520709471623	0.0229354339330015	-2.2849056334614
84334	-0.155891553163224	10.6997662418448	-1.38305693607643	0.169356790571913	0.336965671490343	-5.50611547817922
84335	0.0900500445799003	7.68944304255548	0.628390252455283	0.531008312620503	0.705392193992498	-6.24492920343786
84336	-0.176337321296152	9.31639391478393	-2.03168050655161	0.0445169180570634	0.135536211998284	-4.44576252217472
84337	-0.0890970683274126	9.07307959032264	-1.07873643049215	0.282987907426698	0.474690691183662	-5.86949589552743
8434	0.606611566643297	7.91516810859638	3.8913531491382	0.000168421007707293	0.00230706056992079	0.540754438623757
84340	0.14604075426368	8.53148689379917	0.969076556398145	0.334563465161266	0.530565866472613	-5.9788915795757
84343	-0.277737627219283	8.53714335570837	-2.14307627893477	0.0342381122536967	0.112716941895391	-4.225721742083
84364	0.0156882825118107	9.31520553689294	0.181951083956958	0.855945036512309	0.919511886066258	-6.42249238898474
84365	0.0454732910748421	9.68878530445303	0.43066871033511	0.667524395284994	0.802881451765874	-6.34763594425154
84376	0.00412764706616158	8.44589821418552	0.0336455033545002	0.973218817536909	0.986517216522682	-6.43821380006552
8439	0.229233420444178	9.44746064208032	2.71987657995424	0.00755601332225839	0.0384788347976907	-2.9170807358735
844	0.184595885262471	6.56179854110587	0.976862390660533	0.330710681975443	0.526963336878802	-5.97150399005209
8440	0.486275809350019	9.4102847485794	5.2944282802177	5.88845080033892e-07	3.37768080630552e-05	5.84661583886014
84417	1.20689497954557	8.57862264975326	3.53095345813741	0.000599044204032197	0.0059759723735579	-0.628809371864981
84418	0.201563965219757	11.0220556456859	1.77445879619746	0.0786631087211723	0.201287880432739	-4.91191740437088
84419	0.996659760883136	10.6939563878035	3.2248407981658	0.00164570697515422	0.0125579143562723	-1.5505957771216
8443	0.170311030522636	9.28084318663341	2.29343395178407	0.0236603705805595	0.0859809331260102	-3.91164192836441
84437	0.454240727472065	7.31621996379706	3.80199482598808	0.000232476818754256	0.00295424388140024	0.242580360779848
84440	-0.0587472281306881	9.00400222043935	-0.467375464341022	0.641125570576092	0.784266632604768	-6.33145466059864
84441	0.061131681851155	6.71929370492447	0.481951710077289	0.63076646575954	0.77737261284926	-6.32466357120597
84445	0.373355484897882	9.0203623771191	3.13770182824619	0.00216868173748069	0.0154026751088482	-1.80040317485069
84447	-0.340117719658254	10.9030068762888	-3.59769828542037	0.000476593853259279	0.0050148601629575	-0.418927246029279
8445	-0.0732801985327493	8.81273851276919	-0.69070364407134	0.491159148393799	0.672463876302466	-6.20466557866933
84455	0.241496563302884	6.88523685977681	2.09716658388031	0.0381948449414784	0.121388772303429	-4.31772180318608
84456	-0.148217977765139	8.18338569869932	-1.45966899567249	0.147137896005412	0.309015769388433	-5.40093253644791
84457	-0.470931902619495	10.1929024715204	-2.50226854089726	0.0137618418402423	0.0582638716557671	-3.44346894733989
84458	0.219732675503753	9.93605505273221	1.50334181420811	0.135522863914858	0.292811628547405	-5.33853174409112
8446	0.0222578468742152	9.11137482838425	0.28219073160533	0.778310171333698	0.874315519545267	-6.39962435719286
84461	0.015610689815788	7.23876652259976	0.155239769550147	0.876907494675756	0.931488671041891	-6.42692049741735
8449	0.0426497710393314	9.34210610742891	0.626394186190766	0.532311731066617	0.706387866969108	-6.2461565438116
84498	-0.05510863488935	9.47803029582283	-0.772342745502154	0.441513559221999	0.630314041284136	-6.1462109248611
84501	1.12336690933795	9.23937064507182	5.08708458055214	1.44814020637354e-06	6.62483592825528e-05	4.99592043397367
8451	0.0683006473579528	10.1589709369007	0.834435155658754	0.405785194686525	0.598426300323281	-6.09743222052745
84513	-0.828490397976691	9.03923907027307	-6.94356349629907	2.51017605474991e-10	1.09126601117022e-07	13.2291876092728
84515	-0.0309298723451523	10.4844896550609	-0.295870232395476	0.767868752266551	0.868324549325558	-6.39573859720858
84516	-0.206876518161093	9.0292493625564	-1.92084088520098	0.0572553858485991	0.162073162134828	-4.6538661306964
84522	-0.0599062617417292	9.47762575576365	-0.777841578125368	0.438277623770564	0.627926624528634	-6.14204158458963
84524	-0.302296465837541	7.68999582838341	-2.58586473202242	0.0109764210746216	0.0495029531456594	-3.24584435470177
84525	0.155362870607076	13.8574944457133	0.619510191810629	0.536819492060033	0.709284017996424	-6.25035962498312
8453	-0.262818274644605	9.17027762960341	-2.1343121937651	0.0349648099691495	0.113973689954686	-4.2434261758643
84532	0.45557287347302	11.4163195896066	1.91235738783758	0.0583458560277603	0.163781157916223	-4.66934496094398
8454	-0.19303287593013	10.4972979175376	-2.59290908478659	0.0107666527063104	0.0488640392055628	-3.22892795164353
84545	-0.00124092191472878	11.1283010022648	-0.0105390006800422	0.991609715387459	0.995103419888277	-6.43871586619101
84548	0.288541688051172	9.15585832370192	2.67004614739441	0.00869496488691907	0.0424470508072999	-3.04103304709752
84549	-0.103655726078339	9.34292015009801	-1.11711674712641	0.266298946728983	0.455127105313759	-5.82849671158907
8455	0.107904248245431	8.45872684687354	1.13475665198357	0.258863377619765	0.447097352110856	-5.80918310380227
84557	-0.154106553213787	9.2365528543684	-1.38174470853641	0.169758441375737	0.337311697321045	-5.50786940854369
84569	-0.375929477350106	7.03876229824927	-2.36751685593046	0.019596596388364	0.0751824831248892	-3.74977152739064
84572	-0.25391538225489	10.3636869359349	-2.01111943926179	0.04667804506372	0.140152908842722	-4.48518700732762
8458	-0.211291010660794	7.60146594783001	-1.61092828933086	0.109967452278587	0.253228646730172	-5.17729333641263
8459	0.178925924983589	10.4015857916421	1.51935745181755	0.131447842477997	0.287618325528014	-5.31520558014953
8460	0.551617464541155	8.15052929238627	3.38511253140916	0.000977220344693792	0.00843452460519407	-1.07643888993007
84617	-0.299594354227098	11.6364409868196	-1.35730950379793	0.177370437924936	0.34733992822664	-5.54023560982824
84619	-0.0708783945813784	9.56551067479303	-0.848494103129376	0.39794526452385	0.592207519831009	-6.0858707159837
84626	-0.30452710101158	8.84880874517281	-3.02348370796427	0.00308873029028944	0.0200731016505042	-2.11914095088421
84632	1.13895794961165	7.56260897155959	5.54387998241566	1.94405531500912e-07	1.52932351447384e-05	6.89643037311879
84641	-0.18367303747773	9.55883169926731	-1.87065337751396	0.0639638122072614	0.174427563166715	-4.74450354375944
84656	-0.0383266441350135	8.1492449769628	-0.419532828861539	0.675618217761828	0.807661293706993	-6.35228429280501
84661	-0.184385840848494	11.2376771927008	-2.18965647798839	0.0305913531922455	0.103729301054166	-4.13050580848626
84668	0.0253143093555706	6.77617155391023	0.258827367960422	0.796236327755736	0.88518331995456	-6.4058361853426
84669	-0.124377608818854	6.74575271840386	-0.950627906494315	0.343809216924552	0.540309005288585	-5.99616449082636
8467	-0.129315584284113	9.95502919164678	-1.30767725963807	0.193620157767043	0.36918340331389	-5.6042559512922
84671	-0.228072453962395	6.84326539786468	-2.86931243753526	0.00490556941738455	0.0280221323565673	-2.53341470087929
84678	0.264213293341914	8.83414897651739	2.28054488363212	0.0244384934812012	0.0878806948866878	-3.93932708030352
84679	-0.37909231469216	7.88894924542944	-4.18887136297453	5.55926897446583e-05	0.00100399007141061	1.57073446954609
84681	-0.0263660801470531	9.99884599152007	-0.276070111099342	0.782995267446986	0.876954699540625	-6.40130349696596
84690	-0.224724201699064	7.41256251613817	-1.07863512574439	0.283032887903092	0.474690691183662	-5.86960225637798
84693	-0.0174734918915451	9.77810742584238	-0.167194204744519	0.867514175888171	0.925782634926293	-6.42502541918924
84695	0.292581188830476	7.95461720842749	1.63937035022831	0.103899623952072	0.244365288679986	-5.13288958261696
847	0.773635116446694	10.4019683695286	3.63762004877179	0.000415091142085509	0.00449364722624679	-0.291907951533618
8470	1.48534272221217	7.96773999216989	6.46398732140453	2.63814134804928e-09	6.60334773784456e-07	10.9855022322312
84701	2.10854465965493	7.80364191775559	6.98991100633897	1.99297584195401e-10	9.39645305971134e-08	13.4494148564824
84705	-0.0778385513617845	8.81634767947133	-0.716054356554162	0.475425541559926	0.658453214836517	-6.18720592766688
84706	-1.08781132743936	9.8228800617682	-6.05277061281732	1.87264880918238e-08	2.62170833285533e-06	9.11920307943678
84707	-0.414140434210505	10.6740658518554	-2.78877307215819	0.00620411597668822	0.0332550278828324	-2.74240713013163
84708	-0.116147607055684	7.54774866622777	-0.698065740409191	0.486560956627767	0.66827294674848	-6.19965939013081
84717	0.00469906134840338	7.54700762173651	0.0333076267193119	0.973487660106598	0.986624309870859	-6.43822492465031
84720	-0.375268698837413	9.43082574579781	-3.69822687757768	0.000335884595649911	0.00384799828026112	-0.0969749587037905
84722	-0.170583219744816	7.86161673868269	-0.965847924016985	0.336169702644286	0.532354628804026	-5.98193801904502
84727	0.183056567350994	7.52108596508988	0.915685389921023	0.361769500247738	0.556732949319995	-6.02798453416256
8473	0.0259234232431418	9.77593220097173	0.258313999727965	0.796631487591468	0.885503443346188	-6.40596666288947
84749	-0.248909386583469	7.30216429968555	-2.33656821417792	0.0212124756987605	0.0796432042144373	-3.81796112040878
84759	-0.066819090383315	8.57464170345638	-0.389173251588573	0.69787573725563	0.82455351018903	-6.36434034487337
8476	0.178977331651124	7.33770147422393	1.26335119015818	0.209046817666603	0.387941297219983	-5.65947641554938
84765	-0.134123719433141	8.56755154782693	-0.841731749766227	0.401704664273878	0.595384985986404	-6.09145560429866
84769	-0.475437410750923	8.25653371476193	-3.77500736633405	0.000255993116747658	0.00318929584364352	0.153572151264858
8479	-0.0685903763916132	8.29089568148488	-0.96695120978736	0.335620255794927	0.531586445420153	-5.98089811644418
84790	-0.313451804239629	13.695319079143	-2.45912147097474	0.0154339492641947	0.0636467403505982	-3.54320164486094
84795	0.218236699994099	7.71997172149013	1.1476358406356	0.25352742272608	0.440499897290161	-5.79489520953463
8480	-0.176084943135978	9.76862839933346	-2.04595593818516	0.043067271729986	0.132440679259004	-4.41817144292888
84803	-0.234984600904822	7.73821359357531	-1.14972575750927	0.25266892300775	0.439470478846918	-5.79256185047025
8481	-0.163681724074572	9.39207543371774	-1.65242652586103	0.101205958664174	0.239490527901052	-5.11225834668989
84811	0.112362406814972	8.41989800164193	1.09432329754746	0.276125580235192	0.466898115198094	-5.85301459438223
84816	-0.125759259273204	8.63106624323352	-0.974353537950058	0.331948987193914	0.528100661444864	-5.97389086122541
84817	0.0117004154866284	11.433612240599	0.128041838724194	0.898342009619476	0.944175930583027	-6.4307087083012
84818	0.184995637510211	6.77658577482215	1.84181822923916	0.0681073148520379	0.182213936854604	-4.79556011259614
8482	-0.591417924303257	9.30860024510416	-4.37722374951771	2.68253803153502e-05	0.000571076395373177	2.25117718414992
84823	-0.275090296697223	9.61928806803002	-2.02092468868151	0.0456365253045506	0.138079743229153	-4.4664325516125
84826	-0.127654955150733	7.42821689409264	-1.29177988140348	0.199052466333807	0.376499512690003	-5.62427308660811
84836	0.0813727828313586	7.03659421435279	0.620525285390928	0.536153570227054	0.709034340389924	-6.24974275018849
84839	-0.0554361746726081	10.6325072221375	-0.304286951481338	0.761465370333367	0.864903342635561	-6.39325652405763
84842	0.0388460110461024	7.921785129087	0.245084669525069	0.806832571208084	0.892518687314688	-6.4092397757356
84844	-0.396722696835549	9.57922833437017	-2.76353702849338	0.00667136167849869	0.0349210693690743	-2.8068299809996
84851	0.0126601831394771	7.29305775863109	0.0954702467522771	0.924109344502825	0.96014379692998	-6.43428842966879
84858	0.517173889480038	7.37711537339647	2.97509300233863	0.0035779774975913	0.0223218233611058	-2.25116288508055
84859	-0.0856055247808758	7.25572440784847	-0.818473133572159	0.414798786987276	0.606946043582041	-6.11032746903712
84861	0.174795537331445	9.05463557569374	1.83811097930288	0.068655910463137	0.183170167849068	-4.80207020409194
84864	0.0743452915100736	8.96953403528489	0.489905916670175	0.625144219812559	0.77431611552086	-6.32087011358318
84868	1.37827453816779	8.291336711363	3.39321163789509	0.000951375780342334	0.0082981667852457	-1.05198017707702
84869	0.121325015317433	8.90241414926213	1.11547547950734	0.266998272029379	0.455944950788231	-5.83027866364718
8487	0.100966712368055	7.70144576965146	0.800559199967768	0.425056132702198	0.615203023676215	-6.12450652507687
84870	1.05829849254173	9.61575986304213	4.65585609885632	8.80198939196548e-06	0.000256001522456461	3.29584395954631
84872	0.0365544342669841	8.07539584566269	0.477621847474209	0.63383608401183	0.779438150057721	-6.32670254350474
84875	0.552943118848342	9.22253777824142	3.68193948190199	0.000355633458029133	0.00400208768844773	-0.149608418055632
84879	-0.0410793310370478	9.47969377811514	-0.162111344590136	0.871505849637548	0.928137998711468	-6.425848344134
84881	-0.198304895043679	9.6218535485554	-2.04547585587443	0.0431153583251789	0.132489903186748	-4.4191022414087
84885	-0.0998825701596169	8.91746729634782	-0.961604962737103	0.338288199173525	0.534464976923987	-5.98592634628858
84886	0.263381395170544	10.2474715507114	2.00434456266484	0.0474094594994953	0.141679499083152	-4.49809574893115
84888	-0.00465973300044989	11.1613966136861	-0.0478587541908692	0.961912756719516	0.98048478237004	-6.43764412636594
84890	0.263367045819384	8.55176901498623	3.53207913180259	0.000596752876157543	0.00596031288641028	-0.625295546087273
84892	0.646270546161752	8.19130350338489	4.65894484619022	8.69188163312661e-06	0.000255498015265572	3.30766976280302
84893	-0.0424184821453985	9.13951243055964	-0.577450904929235	0.564776371755993	0.729652597605711	-6.27503702816504
84895	-0.214970364434235	7.00922429169688	-1.90311711649345	0.0595534388439642	0.166411165375895	-4.68613160269037
84896	-0.0814708993353842	10.7619581167271	-0.514065423581444	0.608203704584861	0.761868759458743	-6.30896913608701
84897	0.105145010511373	7.40106146187415	1.01551528856347	0.312015891512642	0.507038578594174	-5.93396840036861
84898	-1.01016634044899	8.96552388333487	-4.40044212422591	2.44864875103873e-05	0.000532258912725786	2.33652235309632
84899	-0.130044375476485	8.00889172379243	-1.09903569052413	0.274073711317181	0.464474529232645	-5.84798623199747
84900	0.0508182463066428	8.22161794129425	0.165846811471082	0.868571982347488	0.926446871667129	-6.42524603809051
84901	-0.629735895751972	9.01848883516272	-5.13105028200395	1.19858602177232e-06	5.72272863574529e-05	5.17457658039487
84908	-0.178196758197482	10.622191237361	-1.5782681029472	0.117281611650665	0.264974319538974	-5.22736727063642
84909	0.253454348659195	7.74639373178956	2.67121628021863	0.0086665278212491	0.0424336216974023	-3.03814542781083
8491	0.194279010359328	8.4453796926451	1.83348987103976	0.0693448850512973	0.184710980497812	-4.81016779046675
84910	-0.314795867502441	8.09225039813559	-2.63679835787241	0.00953910701489324	0.0451019026577093	-3.12261557607907
84912	-0.00815579313645673	9.52264891314225	-0.0600268563120475	0.952239602466798	0.975021583782788	-6.43699857027037
84916	-0.258522004674231	9.64824254701687	-2.78955861164483	0.0061900628882306	0.0332032802407688	-2.74039362823947
84919	0.281235428027987	9.00168586838183	0.953982487917915	0.342115844945104	0.538187876219614	-5.99304798867132
84920	-0.180726216868757	7.07640261468866	-1.76189737015416	0.0807737029513954	0.204709571338895	-4.9331633921178
84922	0.0193172598809031	7.69002011613186	0.199266732555497	0.842409937869409	0.912445067768334	-6.41924728501348
84923	-0.0802881503499942	10.8141651845797	-0.992825252616881	0.322902855883063	0.519209186216488	-5.95617596984293
84925	-0.152077586886819	11.6497664239722	-1.44505437138697	0.151192441172222	0.314650935772879	-5.42141906139458
84926	0.0174514989106928	8.38572843865678	0.137301994171744	0.89103488338827	0.940593138515977	-6.42950056778971
84928	-0.217825728247194	9.35193120383675	-2.13456667574277	0.0349435222785301	0.113949267280165	-4.24291303550064
84929	-0.234102955580422	7.43423934516472	-1.6287530390659	0.106132417297419	0.247830326145057	-5.14955199288668
8493	0.157963873851705	9.3423935115409	1.7417482863258	0.0842563292442185	0.210679871927849	-4.96694472312067
84932	0.201265078958229	9.61517585967554	2.60634994428625	0.0103763994954516	0.0477487798509361	-3.19653789780524
84933	-0.0100570232941262	10.4915097827087	-0.144430648804497	0.88541605711269	0.936792190566264	-6.42851309263463
84934	-0.337116755287757	8.16602807501665	-3.62334429943104	0.000436166768634152	0.00467887988171181	-0.337455977871739
84936	-0.0849390870418171	9.39807152674833	-0.839497807108671	0.402951311534746	0.596269765904156	-6.09329087643249
84938	-0.103284852229604	9.08500062797273	-1.12895604732094	0.261292192932455	0.449833472475024	-5.81556671291594
84939	0.20466469274915	9.20624361996968	1.89517931458318	0.0606075170669163	0.168379481766809	-4.70049125116366
84940	-0.390264844094276	9.67074182087157	-1.59464282094585	0.113567559750671	0.258563407811617	-5.20238433420776
84942	0.134695560495813	7.83556916907254	0.930718459890988	0.353970727364962	0.550103143562481	-6.01443859330215
84945	0.456116805849933	6.55417810749802	3.28111089129012	0.00137324949617418	0.0108962928322754	-1.38627392819915
84946	-0.0747218235812988	9.7098638950353	-0.819419564307052	0.414261024747968	0.606381886617042	-6.10956973699059
84948	0.107579123338747	8.54354440648733	1.29700084484881	0.197256095647902	0.374387718302313	-5.61772531798799
8495	-0.475057607351625	9.11839515947022	-2.8256537117976	0.00557482024357804	0.0306639431870034	-2.64734404228824
84950	-0.261811298218286	8.94591644038934	-2.63331860196836	0.00963160542288509	0.045409281274561	-3.13110203766331
84951	0.234028794144671	7.45110480070104	1.36291474244598	0.175601931924653	0.344775839718953	-5.53286041521364
84952	0.559044928243295	9.67299577411225	4.45049030890264	2.00946300898356e-05	0.000464934578549138	2.5215600293443
84954	0.0934502273835877	7.6012209432997	0.930220674412861	0.354227230329066	0.550398217177969	-6.01489061268667
84959	0.174796851556206	8.37350014584482	1.41825394510576	0.158851103891981	0.323658144585043	-5.45847133661173
8496	0.353972233117376	8.2539939351688	2.66982403724303	0.00870037223377275	0.0424483606916497	-3.04158103841593
84961	-0.362906454187487	8.33517145243488	-3.34793803776953	0.00110452124537348	0.00923205980239918	-1.18809317543088
84964	-0.0388917186972531	7.92464692790639	-0.500971763629669	0.617359253500237	0.769138376155649	-6.31548984552747
84967	-0.356426056264203	9.67940609993782	-3.50584179754646	0.000652368186106804	0.0063613986524434	-0.70696379984926
84969	0.116098069321847	6.97824616949892	0.626080003911934	0.532517039485809	0.706387866969108	-6.24634937490578
84971	-0.0727399159396052	7.19105924454545	-0.422565404569018	0.673410252460776	0.806257238052763	-6.3510304585853
84975	0.0724189156263754	10.1546075783317	0.884406062974979	0.378343021655994	0.574047273857184	-6.05547297702089
84976	0.259665567456355	7.90872515658175	1.81865907539592	0.0715950173056179	0.189239949742209	-4.83602622628368
8498	-0.0353185017106008	8.9955696139361	-0.278699868596573	0.780981302514611	0.875669588886133	-6.4005865505261
84987	0.157997938440136	10.594801678884	1.65944916649905	0.0997805710753571	0.237108031381602	-5.10109680911801
84988	0.17275763389041	8.01093290219554	1.43125189603026	0.155100357559565	0.319805326096476	-5.44058481622613
84991	0.374826272273871	9.60823667773775	4.50260909293909	1.63320705871008e-05	0.000408796675907433	2.71579531398402
84993	0.0484248716780198	8.78421601828952	0.478052121917048	0.633530757683312	0.7791786864896	-6.32650074332035
8500	0.0795973812933302	10.1017559052438	0.843235555815647	0.400866790437464	0.594356433138297	-6.09021745646266
85004	0.925228956243082	9.37113646505861	6.15242228428147	1.17082706987508e-08	1.87462546042406e-06	9.56610447915345
85007	0.273733380984949	8.10725074592222	1.78934474344469	0.0762210275163142	0.197232099133865	-4.88655523133582
85012	0.686934976570987	8.51127020484611	2.58727276615788	0.0109342004005989	0.049434315987382	-3.24246634238223
85014	-0.183636121431236	11.4193889607511	-1.73705930040605	0.0850842071875842	0.212197089751215	-4.97475338043142
85021	0.0395587592842924	9.08254859649433	0.460680448700149	0.645907610782876	0.78753704655779	-6.33450425976957
85025	0.166191871258697	9.51268757867215	1.73232306601251	0.0859271814077658	0.213718313287608	-4.98262048369353
85027	0.284007386741717	8.31509529562883	1.49712047857144	0.137132233429361	0.295284736216508	-5.347528889282
8504	0.455463682201151	8.00612679033034	1.91323828842792	0.0582318175055492	0.163728025061788	-4.66774066974078
8507	0.722379419362064	8.78734088187566	4.40060126709835	2.44711556878079e-05	0.000532258912725786	2.33710841655326
8508	-0.0837446080211364	9.45729236333012	-0.843941588775626	0.400473778063719	0.593880324381745	-6.08963539665717
8509	0.0149223556635488	8.03501472061139	0.158418972843024	0.874407631289097	0.929650863860651	-6.42643022374607
8518	-0.067854382574391	7.72399242317186	-0.823206638371825	0.412113393106575	0.604520800401405	-6.1065290704429
8519	0.375298119473023	10.2098220733217	1.61766329714772	0.108505557666239	0.250815185878051	-5.16684560784946
8520	0.196784919377923	10.6676099392496	1.9398441106003	0.0548749117299159	0.15743896175377	-4.61896071945377
8521	-0.215302543488274	11.6774704809688	-1.11658504365082	0.266525359478315	0.455419832290212	-5.82907427158083
85236	-0.150634907056964	12.8539603670695	-1.25947405772212	0.210437914816277	0.389298359772106	-5.66421851423683
8525	-0.586093716031582	8.76601251332199	-4.36521760038724	2.81177970721143e-05	0.000587982288140921	2.20716999410943
8527	0.432779074074498	8.32927087480855	2.51144618835312	0.0134278091380737	0.0571720121033448	-3.42205530749784
8531	0.0204526515802902	11.6237533083008	0.183443068895949	0.854777046518829	0.919125492771173	-6.42222437679682
85315	0.736290982349889	8.16114617992277	4.51382748999911	1.56162200463306e-05	0.000395674777861015	2.75780776399388
8532	0.530799722505177	9.16818345035724	2.93052250999714	0.00409082159938334	0.0247004286629432	-2.37115573456324
8533	-0.253177999346298	11.0101885568705	-3.09093384386475	0.00250937666977114	0.0173161664931576	-1.93211626701953
8535	0.305953157057903	8.79342645805931	2.91174623198765	0.00432644892525243	0.0256543202602908	-2.42124138248639
85360	-0.260686664053774	10.12962706034	-1.38377441286881	0.169137488552966	0.336965671490343	-5.50515581472541
85363	0.0606692665675197	8.02447367549383	0.482793165998502	0.630170669174759	0.777275055910504	-6.32426519527782
85365	-0.0842396986389231	8.55504174872635	-1.04103555603286	0.300067155579718	0.495091786982759	-5.90840239119337
85369	-0.158617421208333	8.59440796339238	-1.91555343066085	0.0579330009690625	0.163291083063322	-4.66352104881823
85377	-0.0539164740449523	8.66186648949069	-0.528096270550944	0.598461479662183	0.755763424900549	-6.30179588019821
85378	-0.195764389033632	7.80731763918267	-1.88533545504889	0.0619364218947638	0.170759294008928	-4.71822085182669
8539	-0.216838508133803	9.05062615716676	-3.32997458796013	0.0011714572579866	0.00961446879736013	-1.24168639579922
85395	-0.324125526916735	8.04122804715178	-2.1915772411053	0.0304485217610548	0.103329823231846	-4.12653918365691
8540	-0.10991521755463	8.65867878756296	-0.896604023543262	0.371824289049125	0.566445707773105	-6.04486533179941
85409	1.11578821252428	8.05840701583286	5.01723625876971	1.952021969246e-06	8.26856485434458e-05	4.71405078076632
8543	0.112553941037331	11.5441225838905	1.08651141899646	0.279550360352131	0.470456801609378	-5.86130367980151
85437	0.294070230786297	8.38776323451598	3.26318081212074	0.00145511925928886	0.0113877776482613	-1.43888840215299
8544	0.246228692070995	10.2556325550593	1.69600085198339	0.0926215965909117	0.225573010324339	-5.04227628979766
85440	0.0768842428127615	9.22714028766401	0.957838033444227	0.340176277491751	0.536436817885045	-5.98945273800639
85444	-0.250384511776938	7.45442100793729	-1.66706371166156	0.0982534223679182	0.234740368025173	-5.08894363201541
8545	-0.075706194885376	10.67864602705	-0.961595031972023	0.338293167738869	0.534464976923987	-5.98593566082018
85450	0.148507228080794	10.3207918478166	0.826299442912187	0.410364450884284	0.602811731158489	-6.10403556331441
85456	0.183821459515414	7.65756035697362	1.42740050399891	0.156204559991854	0.320718286237315	-5.44590112777996
85457	-0.0394269952647355	9.34535361286571	-0.519055839870579	0.604730436330507	0.759591454393247	-6.30643981543657
8546	0.0509497702973229	10.6953307266047	0.632492709982755	0.528334594672424	0.703487911517279	-6.24239451352516
85460	0.224879154225043	9.21125459664354	2.51856826510053	0.0131736142462856	0.0564974318142882	-3.40538961280304
85461	0.00730334717640856	8.26214451404596	0.0519293397269712	0.958676100026007	0.978579410061149	-6.43744437718676
85462	-0.356050503038543	9.91470753666507	-3.35433563652531	0.00108156021723603	0.0091030692172625	-1.16894939667734
85465	-0.129989918815291	7.88147348405271	-0.84729058658838	0.3986127604154	0.592612580345382	-6.08686790250759
8547	1.10160421383745	7.51835823728105	5.38327065377678	3.98055163098678e-07	2.54878732340704e-05	6.21730110171549
85476	0.208393375714091	9.4619112267253	2.43040417553144	0.0166450233952068	0.0671327603732463	-3.60871843198226
85477	0.331470319328252	9.1107824182677	1.9296008436192	0.0561474532066342	0.159826938736517	-4.63781562058342
8549	0.343683776964972	7.01864297115714	1.79888233039727	0.0746895428682085	0.194278272784809	-4.87020031218918
8550	0.128885130664235	8.96950598959253	2.04602541620977	0.0430603163922049	0.132440679259004	-4.41803672000323
8553	0.0129604745974054	9.59553060157647	0.0505574911060886	0.959766827659201	0.979168042308736	-6.43751351619191
8554	0.165514182341296	9.39501983991384	1.76957441554122	0.0794783258296857	0.202745821912663	-4.92019563629626
8558	0.145093468973844	9.03361708963538	0.920966712317891	0.359017337516159	0.553966309981195	-6.02325041196412
8559	0.243291924828789	9.23044608500588	2.60020900210686	0.0105530905139326	0.0482660728931799	-3.211354848419
8560	0.420602505984057	11.5928961176664	4.18727500648903	5.59321914097141e-05	0.00100399007141061	1.56505946149367
8562	0.0944679334060102	11.0708634854819	1.25972629477918	0.210347207425596	0.389217727001662	-5.66391043527531
8563	-0.304799540787669	8.21055194368435	-2.81689633038684	0.00571872603932257	0.0311793248084517	-2.67001493855455
8564	-0.119545257246648	10.2465092046905	-0.499224913329244	0.618585324063324	0.769853062643221	-6.31634712475611
8565	-0.120557651805447	9.8972880726553	-1.09410648252037	0.276220240538084	0.466962584290744	-5.85324543822106
8566	0.0170911763822802	10.5586258970102	0.214400646137288	0.830618599426647	0.907407701529441	-6.41616981363456
8567	0.0783275647841634	8.21259098512999	0.964505892656073	0.336838837206942	0.53302873782369	-5.98320137775552
8568	-0.290647363527731	8.02140807362899	-2.2202636504936	0.0283834148886014	0.098402117025396	-4.06691900007308
8569	0.630225115925116	8.70654141371341	5.47037005673848	2.70244520031963e-07	1.95216495139476e-05	6.5841828405301
857	0.638071874897301	11.2957635902326	4.13036182740422	6.94233641238565e-05	0.00118478716459309	1.36376363026797
8570	-0.275372551599959	11.3190315140882	-2.3248067652139	0.0218567387362013	0.0813594691126735	-3.84366216612723
8574	-0.117940682388768	11.5012530713509	-1.27059846626682	0.206464652204064	0.384913109494003	-5.65057434089917
8575	-0.0631585326304061	9.69782657849035	-0.83295906060291	0.406613723380089	0.598899671027021	-6.09863503631287
8576	0.0723475390914474	6.9695514043267	0.928284539772988	0.355226028509648	0.551046828760986	-6.01664647637423
858	0.6775030124143	9.45974407750865	4.8245104025311	4.39439748562411e-06	0.000152511442148131	3.94915072428827
85865	0.0734233597262409	7.26959134289011	0.77211612594294	0.441647216371799	0.630379472478151	-6.14638212515943
86	-0.0869513932207424	10.3383690721333	-1.11714637959187	0.266286332424636	0.455127105313759	-5.8284645155766
8601	1.41785280593131	6.84613844521176	6.13690381571864	1.25995687822095e-08	1.92897189684711e-06	9.4962754837596
8602	-0.167433688991689	7.74353130532425	-1.60361986568561	0.111571608362901	0.255942107587227	-5.18858351804361
8603	0.0898827138309505	8.25791009063468	1.12814253436578	0.261634097453968	0.45022867603537	-5.81645943378745
8604	0.276381512680695	7.12298844416368	2.21677445139498	0.0286278882260533	0.0988571725531772	-4.07420866381646
8607	0.146729112870268	7.97474507271922	0.855565904360671	0.394036897882861	0.589080844343745	-6.0799830773467
861	0.436022449822416	6.76606570308771	3.36909232869886	0.00103029300882836	0.00877342294115699	-1.12467887233007
8611	0.163970997081268	9.04424189902669	0.868617467602363	0.386885787854539	0.582302588862699	-6.0689903616339
8612	-0.365366495965027	6.72287809153916	-1.73709278501327	0.0850782716697857	0.212197089751215	-4.97469768854114
8613	0.878374755286416	12.2149650147115	3.7671283609537	0.000263274180646872	0.00324573840618382	0.127678306083981
8615	-0.137900896916261	11.3171772690029	-1.45935388703396	0.14722441936218	0.309057260828439	-5.40137634312604
862	-0.803418181241017	7.87206340259832	-3.71601599197833	0.000315504306674749	0.00368088357787207	-0.0392818989317716
8621	-0.14455497758947	8.78245153915548	-1.81243632397738	0.0725570240368346	0.191031748139512	-4.84681707253957
8623	-0.128490129086777	9.0755170463603	-1.21243893758996	0.227857126948259	0.410132897928224	-5.7206175532633
8624	-0.206045867546323	11.2290964511368	-1.85561935001989	0.0660970459927029	0.178244074404089	-4.77121633403186
8625	0.21529819366706	9.68673548640629	2.30111119055292	0.0232073128347247	0.0846832722679171	-3.89508413984514
8626	-0.0551828666753556	9.37317759116288	-0.38506594399863	0.700907783166075	0.827024768007634	-6.36590207241935
8630	0.35592150989225	7.08950227695034	2.53834446826103	0.0124902346820773	0.0545580848619557	-3.35889273096415
8634	-0.00524019652435965	10.5954201326188	-0.0619680283621851	0.950697070035823	0.974166703696303	-6.43688211739014
8635	0.446702832837148	9.86242382535741	2.75557960880536	0.00682520865358674	0.0355437395300254	-2.82703804706262
8636	-0.140881933876055	9.57548460332082	-2.02828939278544	0.0448673480173185	0.136301689820909	-4.4522904019886
8645	0.0561957675899853	9.53482956500831	0.343143025077653	0.732124362597415	0.846375812463816	-6.3808970673732
8648	0.264614850735247	8.93310175752687	2.37676874013517	0.019135170042392	0.0740311496722052	-3.72922925983942
8649	0.0601933670049751	9.96726031944417	0.803136983266947	0.423570937141985	0.613848145748454	-6.12248528574637
865	-0.0418293189124312	9.20712413350968	-0.578601643088709	0.564002125349717	0.729511048447959	-6.27438478844313
8650	0.317475327392233	9.73421252833261	4.68118591512131	7.9374837721587e-06	0.000239283269919821	3.39297840874919
8651	-0.0345670263127583	8.35835209822604	-0.364598130444519	0.716088491238304	0.835318590259623	-6.37343818281078
8655	-0.0499649369946396	13.7494315521011	-0.749859623735991	0.45488771183354	0.641238600306831	-6.16295363483201
8659	0.1367963130161	10.4373396144923	1.01417787990161	0.31265071873133	0.50755338033799	-5.93529103490051
8660	-0.183888942802224	9.50950291110614	-0.897718856691684	0.371232048871483	0.565754831776166	-6.0438887025424
8661	-0.0454055802309713	12.2541539623107	-0.505675276291493	0.614063349999657	0.76649845512863	-6.31316674456886
8662	-0.19518759688411	11.9191768792488	-2.53701126970043	0.012535284355422	0.0546104687635999	-3.3620374639582
8664	-0.161634456155803	12.2946021383183	-1.45555086881487	0.148271772874621	0.310607365950893	-5.40672533422238
8665	-0.0283246626174147	11.4580625179774	-0.325883892643097	0.745111077273359	0.853742371072047	-6.38656968619919
8666	0.0317385228869128	12.035540533855	0.333383605069797	0.739458609600748	0.850212710927364	-6.38414061505271
8667	-0.0584167153046593	12.1979634246839	-0.617426869451857	0.538187512217044	0.710700056101164	-6.25162252332608
8668	-0.072089813349441	11.6247989002518	-0.864041663034446	0.389383744913452	0.584783587815475	-6.07286303853542
8669	0.0649112076977752	10.3148649261068	0.757706193216043	0.450194078996251	0.638277221508587	-6.15716606202159
867	0.101821245003346	8.48568871698152	0.70851810449015	0.48007335518654	0.662831333092133	-6.1924614680153
8671	-0.625884303864807	6.88658802483527	-2.81868979074778	0.00568898147298978	0.0310581539767981	-2.6653770330301
8672	-0.00878185057016271	8.12452627177937	-0.0915155946384799	0.927243919668881	0.962190298550874	-6.43465204478562
8673	0.133515914091435	13.2867019254398	1.13455296922361	0.258948393764932	0.447097352110856	-5.80940779973516
8675	0.00925374143758244	9.63250189713106	0.0810542350799982	0.935541293840692	0.966792329178545	-6.43553977888493
8676	-0.0712961164758813	8.48541176546005	-0.42128509840108	0.674342074565979	0.806698053393048	-6.35156090581118
8677	-0.0083735000770546	8.37909123623851	-0.0902607526443502	0.92823878638075	0.962980705288243	-6.43476420871935
8678	-0.117582382101586	9.34515896729739	-1.06450426114275	0.289355284505607	0.482356135220244	-5.88434252247774
868	-0.462707360904284	10.4039085778182	-2.34546532484204	0.020736307632923	0.0784976631750431	-3.79844115518667
8682	0.235063263157213	11.4794466558908	2.41845964980195	0.0171731646163721	0.0686261924195615	-3.63576552456021
8683	-0.0385878997014528	12.0427656797206	-0.512339934667994	0.609406715945718	0.763019689604657	-6.30983801733551
8690	-0.0966198169257608	7.10213687023483	-0.913690859922789	0.362812350867632	0.557549770821701	-6.02976543374501
8692	0.550829433751049	8.56960679825763	3.80406869493822	0.000230757329384775	0.00294212184910868	0.249440422766141
8694	0.109079851443642	7.93846567216955	1.13840041136034	0.257345801349027	0.445261063917672	-5.80515677357522
8697	0.10360866732454	10.2704346109609	1.33136777689746	0.185730655633981	0.359396523656031	-5.5739857848664
87	-0.433556223337676	11.094571713853	-2.82206154153791	0.0056334433916838	0.0309142437064189	-2.6566507343059
8702	-0.262639903463335	9.88346872777956	-2.48023264044489	0.0145944126520026	0.0609145267840029	-3.49459793495791
8703	-0.29891504865144	9.9594879274854	-3.17691495898411	0.00191668015044577	0.0139733257216964	-1.68869293043531
8704	-0.223526846948102	7.15418342461819	-1.51034819418042	0.133728153796565	0.290453471038555	-5.32835640693551
8706	0.209987584258701	8.49531868095322	1.59554689683475	0.11336526637549	0.258305157314054	-5.20099780790795
8717	-0.0267317931025643	9.3489438346246	-0.279459305463291	0.780399974090083	0.875669588886133	-6.4003782434038
87178	-0.0206577126271628	11.21322253622	-0.184468101893541	0.853974793242694	0.918706927869843	-6.42203897773688
8720	0.0328698479461472	10.3254686511374	0.375235144281562	0.708184508240594	0.831027708206749	-6.36957293541901
8721	-0.476800073439383	12.83044541764	-5.10352095776821	1.34942569455479e-06	6.33661000938864e-05	5.06259945981943
8722	0.717232366813687	8.84237151889327	4.11797013180549	7.27491767220694e-05	0.00122364474044616	1.32020233297398
8723	0.390454839893126	9.95216936449025	3.44339583346093	0.00080500268399451	0.00736721055405746	-0.899373548478954
8724	0.15696829804636	13.0763148796603	2.71291044705636	0.00770663329051452	0.0389576444183904	-2.93452958357387
8727	0.0323178004654487	11.1892254927626	0.320877122111361	0.748892413865935	0.855699452003407	-6.38816061769829
8728	-0.346450092333146	11.8806331207517	-1.56531587914172	0.120287290929914	0.269962858625753	-5.24695385726723
8729	-0.207480341192146	9.37917415749983	-2.07068952189911	0.0406512511313431	0.126895867564212	-4.36994345551874
873	-0.511621382529519	8.99972677403087	-2.2659952064118	0.0253437861504445	0.0904275047959705	-3.97040844178198
8731	-0.131087392819992	8.9842627995816	-1.38901749792039	0.167541448270904	0.335164050064825	-5.49812831598285
8732	-0.136203524462358	9.02721522818716	-1.25146743157278	0.213332110557222	0.392795573062667	-5.6739665392646
8733	-0.20937411599941	9.59852671120355	-1.58357623103863	0.11606720165878	0.263094150851132	-5.21929564455194
8736	0.486546460148106	6.77390391269116	2.30897308187751	0.0227512850882854	0.0835224954796611	-3.87807600204132
8737	0.243845766130565	8.32686197300096	1.80639437047431	0.073501314819767	0.192370361347045	-4.85726104385823
8738	0.0917981684095967	8.71466804385207	0.871054849202061	0.385559260379184	0.581153191739427	-6.06691927634694
874	0.616024035711638	6.93408978420376	3.49098854182055	0.000685981609408867	0.0066116780556794	-0.752981306336435
8742	1.08973505438857	7.35242615479329	4.59710456068574	1.11725153469945e-05	0.000310723827495539	3.07190929684813
8743	0.482722624914172	9.19897528325269	1.38711315216723	0.168119816787824	0.33583305602598	-5.50068374890184
8751	0.320000388732309	9.67909600770815	1.79188590160088	0.0758104699618143	0.196299210622127	-4.88220570656416
8754	0.0254578015961459	8.65564309182788	0.164819602438226	0.86937858003514	0.926708874834206	-6.42541303217121
8760	-0.0783532080396868	8.04301108706156	-1.02230001716299	0.308808654917989	0.504301994785012	-5.92723226901639
8761	-0.0606466428596098	10.3155344630652	-0.568435314765383	0.570860155411621	0.735502243596941	-6.2801024027934
8763	0.142923427554435	11.9230132119847	0.682362758284041	0.496397115382054	0.676942409287728	-6.21027375344698
8766	0.0687562224796349	11.1763732300575	0.737410008871256	0.462391782090551	0.647129129120289	-6.17201398737601
8767	-0.713247138724653	10.3388710600053	-4.02536279901552	0.000102906698574496	0.00157409135226915	0.997710863894357
8772	0.0255793352014191	10.7278035955497	0.373075886492469	0.709786434045175	0.832316289780401	-6.3703665289659
8773	0.467116438437576	9.33324487560342	2.744512817143	0.00704454311974406	0.0364357709261653	-2.85505798750501
8774	-0.313416676054103	8.63271153545867	-2.60021945412425	0.0105527874922944	0.0482660728931799	-3.21132965591546
8775	0.00501118068309122	8.58739442879289	0.0477285356413151	0.962016308567273	0.98048478237004	-6.43765024737768
8776	0.00629788924657396	8.29116673096613	0.0625547868424609	0.950230845006797	0.974166703696303	-6.43684618779833
8777	0.0444441856443345	8.94608101706763	0.323141434886735	0.747181539677527	0.854773671987664	-6.38744416381941
8780	0.189629515013083	10.1347028416181	2.05127033999312	0.0425380250855122	0.131301975787119	-4.40785418865728
8788	0.588223427331074	13.1952608232511	2.5198154549821	0.0131295468706908	0.0564256280707106	-3.4024668525942
8794	-0.0671091042543838	7.0108336098921	-0.376511222772442	0.707238416010079	0.830594622738265	-6.36910178977729
8795	-0.134334978436759	9.26049347416422	-0.840873989464656	0.402183058114998	0.595773324969492	-6.0921608577863
8798	0.261082468358409	8.55677085249099	3.11504585079079	0.00232797182018369	0.016323469638979	-1.8644165294594
8799	0.11664195487145	10.1934373905505	1.32992675353843	0.186203565422142	0.359742724065752	-5.57584206817718
8801	0.0193355017661766	9.46215956240902	0.211318268090671	0.833017144117019	0.908863693849785	-6.41681485960442
8802	0.030186694447009	10.9534052490333	0.401249673563561	0.688989253037269	0.818738487999978	-6.35965279584445
8803	0.0712017470810099	9.65617419946025	0.881688764179157	0.379804832849405	0.575525209931404	-6.05781649537985
8804	-0.174617503333643	12.7262370505601	-0.970529225353246	0.333842403101407	0.529786407227208	-5.9775176247263
8805	-0.366258596598845	9.57830038618305	-2.72664009228258	0.00741233794699614	0.0378873214369976	-2.9001019753362
8813	-0.0208433029871339	11.7872899419195	-0.209818097031891	0.834185069946992	0.909005039006627	-6.41712542220021
8815	-0.0559617048376826	10.7888435333875	-0.556358310816328	0.579059015734189	0.741095052674992	-6.28676363611146
8818	-0.0662704458013911	9.30664313236634	-0.789002204250656	0.431752502495906	0.622495316916772	-6.13348939908161
8819	0.220804224755812	8.41766083757414	1.70837587771486	0.0902946701567904	0.22177638284124	-5.02208613866674
8824	0.20901254975917	9.14834503702316	1.74458112134567	0.0837593782645426	0.210143540949116	-4.9622174927041
8826	-0.0606568207633564	11.3661504082852	-0.793029308659807	0.429412109473983	0.619770054910903	-6.13037392297334
8828	0.529502041756396	7.74114260689141	3.33547225707576	0.00115057871419392	0.0094848105581255	-1.22530933022057
8829	0.671839864941053	9.21096851098854	4.29712094688347	3.66619757553825e-05	0.00073323951510765	1.95918850076574
883	-0.318772022020046	7.06508427653416	-2.43482044076778	0.0164534427516402	0.0665876713025712	-3.5986879501323
8833	-0.270185479743543	9.64881843242692	-2.18726025932226	0.0307703574545396	0.10420793463489	-4.13544983926796
8834	-0.0787887859092694	8.96494959651979	-0.706029127168522	0.481613872341096	0.664239536740266	-6.19418509621157
8835	0.332041637564948	10.3798989679825	1.85586057736957	0.066062354141368	0.178230470512313	-4.77078931452533
8836	0.0330879857860473	11.7611453806367	0.218919192098564	0.827105398490795	0.906026496357278	-6.41520735361948
8837	0.287234965339777	9.60247647137383	2.32724716075795	0.0217216589216366	0.0810392514420588	-3.8383390960277
8841	0.146648325915607	9.13598150613082	2.22906010619511	0.0277751570672678	0.0967212467856796	-4.04849483757623
88455	0.290113429563229	10.9711789947636	2.60590912299114	0.0103889936545539	0.047753526759385	-3.19760254742481
8846	-0.133338720093309	7.76033264299028	-1.54683334490564	0.124681762078278	0.276404601590609	-5.27463599377009
8848	0.299930241860776	10.4557794941298	2.29568868055907	0.0235265122937663	0.0856782067533094	-3.90678428748627
885	1.39774001436429	9.55527002103788	2.19422731249387	0.0302524106647997	0.102875632808253	-4.12106120825925
8857	1.90606538760317	7.67285870116989	4.84422242556081	4.04785035722937e-06	0.000144741315803959	4.02650093198815
8862	0.807882889717064	7.75108756169475	4.76994390090961	5.51068030066e-06	0.00018428428859697	3.73610435213644
8864	-0.0400523559761384	8.72483847955576	-0.383735480432246	0.701890980458064	0.827522052324238	-6.36640441300818
8867	-0.262291488703417	9.27262754386579	-1.89258587581458	0.0609552829842644	0.169070059586979	-4.70517064540806
8870	-0.0945926423827445	10.3512818780581	-0.404680450934758	0.686472546967933	0.816672881782952	-6.35829506438719
8871	-0.466930847997047	7.46492722180679	-2.69552636480461	0.00809446978571346	0.0404478647489372	-2.97790250413956
8872	-0.0202308767373352	10.1204784557575	-0.200172982507479	0.841702811311357	0.912125028437012	-6.41906933325718
8874	0.132878179746186	9.56574452115489	1.84377648724433	0.0678190107367922	0.181642356902044	-4.79211634705962
88745	-0.166269682328027	11.0312109989447	-1.89489805039542	0.0606451523312659	0.168379481766809	-4.70099903219665
8875	0.426930321436341	8.16296476447004	1.32426526204238	0.188070265206124	0.361943241053724	-5.58311617813217
8878	0.0773408187465587	12.8468597537668	0.50760367858122	0.612714330960605	0.765417567397982	-6.31220804585647
8880	-0.0770403878472295	8.344379623474	-0.732018338375428	0.46566323274006	0.650825431883738	-6.1758912277833
8881	0.0093864682385294	11.0092382073733	0.127213113923925	0.898996386256726	0.944386385664576	-6.4308127194534
8882	-0.311628501035807	8.44994732299013	-2.67922833183592	0.00847406752255695	0.0417517109932699	-3.01834366364899
8883	-0.0997707324191138	10.7167539843396	-0.933700229319777	0.352436747379354	0.549137237800167	-6.01172598195909
8884	-0.438368820818294	11.8503392738147	-3.11283051446713	0.00234411667126785	0.0164173707786139	-1.87065498846946
8886	0.0273531261161508	9.61841021931033	0.367865974306522	0.713656944402189	0.833850538088182	-6.37226252194875
8887	0.122749429449231	12.1973768954484	1.26100206190145	0.209888865830348	0.388854509227362	-5.66235131198598
8888	-0.278309486044948	9.43628338401124	-3.28547150089141	0.00135399999322437	0.0107746049557161	-1.37344219498869
889	0.0923753915372707	8.85361963463056	1.31681934346453	0.190546578347725	0.365008055925836	-5.59263721297998
8890	-0.132260494904337	10.1409075281033	-1.77634708076331	0.0783498019202027	0.200776147652683	-4.90871129075496
8891	0.0467238583307459	8.62746240340519	0.490753981913164	0.624546078415794	0.774006092680338	-6.32046201350287
8892	-0.372814008338981	10.9759528538378	-3.40331207776474	0.000920043448160268	0.00811052175219191	-1.02141118042992
8893	-0.277190859976532	9.01836936006861	-3.36282447127734	0.0010517837975231	0.00893183406155413	-1.14350196491484
8894	-0.0598087084010788	8.68012166646188	-0.463926796172245	0.643586978347774	0.785993686312156	-6.33303101267964
8895	-0.0778214756494543	10.1788824443535	-0.911879368639316	0.363761149484111	0.558666059564139	-6.03137958464776
8896	0.0445195260690022	10.7620959904945	0.616604074326962	0.538728291087232	0.711073135886951	-6.25212013330862
8897	0.201126023882338	9.02647653435871	1.69395957551625	0.0930100730600564	0.226292548888385	-5.04559329367758
8899	-0.09113085071265	8.74910234306461	-0.770112827291234	0.442829755330051	0.631664660653492	-6.14789336024439
890	-0.413548417919024	9.38377333329365	-2.40740421510023	0.0176752123816421	0.07005626404624	-3.66069252123781
8904	-0.267881462278892	8.92428154495606	-2.06068392139024	0.0416142266373012	0.128883956514476	-4.38951801526325
8905	1.27637653700921	9.08884559338002	7.70930675406548	5.19951509001646e-12	4.77199940483733e-09	16.9320132715002
8906	0.087048755999396	8.91769955825667	0.862154992940833	0.390416576887964	0.585782750194668	-6.07445392304922
8907	0.0825342783708216	9.59063402889164	0.867780286380461	0.387342067892001	0.582610138702233	-6.06970040809775
8908	-0.792554557746449	7.81570841493731	-4.25128527393151	4.3765469025061e-05	0.000829134803089458	1.79383801797271
8909	0.141482074061968	9.84523078051267	0.547891286029213	0.584840335920825	0.745775784029463	-6.29134891164853
891	-0.622335815821231	10.3831369723785	-2.78953739430471	0.0061904420787874	0.0332032802407688	-2.74044801918868
8910	0.413019280211933	10.9128860477731	3.33869803902898	0.00113849088105808	0.00941334802556532	-1.21568974041254
89122	0.173168834757342	9.42570129289582	1.28969125927522	0.199774478638348	0.377363636269641	-5.62688531434927
8914	-0.140546226869736	9.32273908930184	-1.05577021962273	0.293310895675628	0.486984522267475	-5.89335798688752
8915	-0.0807913181954636	7.82117448687245	-0.695672399634819	0.48805318959661	0.669767695478754	-6.20129262208829
892	-0.131452533814531	10.2454943283482	-1.1369752645897	0.257938609179591	0.446099855909427	-5.80673305299455
8924	-0.179671399631228	8.09109241607026	-1.49113577979036	0.138694446107196	0.296868651164922	-5.35615000045997
8925	-0.129472635051805	9.036287413262	-1.69594397344874	0.0926324032712055	0.225573010324339	-5.04236876682295
8930	0.0592997307528938	9.91073064331232	0.423130043330403	0.672999462860718	0.806115945943957	-6.3507960116997
8932	-0.48483400725428	10.1274009451855	-4.4301787576231	2.17767464677578e-05	0.000495429242270392	2.44628841614644
8934	0.0948201544824506	7.26526503240059	0.926984176969827	0.355897859483446	0.551541523327066	-6.01782374208859
8935	0.165949844146735	7.86723362719558	1.9015317752603	0.0597627194770516	0.166826651869025	-4.68900401148333
894	0.318824118412446	10.9483273918175	1.74379960324939	0.0838962355467062	0.210377324109227	-4.96352236000383
8942	-0.549726663353807	11.9753078790398	-2.725137678159	0.00744403709007476	0.0380258171700789	-2.90387674055355
8943	-0.0536535788176091	11.2500543524406	-0.562800461485238	0.574678583305611	0.738463767595573	-6.28322808097882
8945	-0.0462720258054549	7.9728703680459	-0.522384968145101	0.602418428513166	0.758301770728246	-6.30473897294481
896	0.192899987306307	10.8671406338867	1.51562600763189	0.132388566721181	0.288835066327775	-5.32066147809691
8968	-0.536665180803883	8.42767672365097	-3.27809788333568	0.00138669920735494	0.0109713941118312	-1.39513195875467
8971	0.159504099794602	8.87942286701291	1.50065110290656	0.13621708869959	0.293927155866932	-5.34242738222034
8974	-0.150728774798971	9.68622196805918	-0.916244232989374	0.361477647906945	0.556520990525713	-6.02748486172146
8975	-0.385551775071052	7.8825340993861	-4.12116261191153	7.18780336028939e-05	0.00121413610952946	1.33141588832863
8976	0.224810309052871	9.63148827288746	2.45011524641628	0.0158050232904757	0.0645615035350268	-3.56382313071347
89781	-0.223605251741206	7.67200428481797	-2.47882500157341	0.0146490947916847	0.0610810312868832	-3.49785027851999
89796	-0.113135166330608	8.27946526999564	-0.471039835061348	0.638514584174507	0.782744206779671	-6.32976697070093
89797	-0.0400499513879478	9.84514698995858	-0.260896619105063	0.794644080977124	0.884842290222573	-6.40530764169804
898	-0.6986982979141	11.7755181319533	-2.81502828650258	0.00574985860826876	0.0313283852930738	-2.67484299940127
89845	-0.0333949988391861	7.60834540520363	-0.325506016860793	0.745396250232096	0.853743461592361	-6.38669061623865
89846	0.172457636325655	8.22973419888674	1.62605740243795	0.106705396951575	0.248305128371754	-5.15376599808101
89849	-0.123055300725336	7.69448211737209	-0.743282389602582	0.458843484558071	0.644366932631246	-6.16775900611672
8985	0.0489920692156352	10.5774024987076	0.329964635053251	0.74203371019249	0.85186913776094	-6.38525482132579
8986	-0.0360625195652685	9.25302073567308	-0.272667270197507	0.78560347465064	0.879041547089445	-6.40222113362506
89891	-0.251905052652367	9.16179005766778	-2.14635819159533	0.0339693688436637	0.112145078596588	-4.21907472634221
89894	-0.540670032423122	8.35925696343964	-3.54393013648118	0.000573126302041429	0.00578543039811084	-0.588248143628016
899	-0.229124030011489	8.43508740117069	-1.83885889821638	0.0685449387524883	0.182934149950098	-4.80075781966951
8991	0.678771232004403	8.71085409215606	3.4213899736915	0.000866369654518415	0.00776161968147734	-0.966514791151464
89910	0.0161536216448353	7.92921615761815	0.126715119425214	0.899389645549008	0.944559246310847	-6.43087489671518
8992	-0.060745622263716	12.6352855121858	-0.621616773154125	0.535438002654012	0.708541797808738	-6.2490783314509
89932	0.560874347676376	7.30417289527197	3.07434712828211	0.00264167909392112	0.0179295557237374	-1.9784302570776
89941	-0.21814488984359	8.85392453044214	-2.01172390585317	0.0466132570052582	0.140111172803287	-4.48403329869845
89953	-0.331143742327126	7.35468210915024	-3.34823834941062	0.00110343328714255	0.00923205980239918	-1.18719520810795
89978	0.203558857158137	7.61954689812215	1.68968476725501	0.0938279073736484	0.227444938229713	-5.05252741952102
90	0.166743558488663	9.6822411133626	1.84298364186666	0.0679356144596007	0.181836738637816	-4.79351104866862
900	-0.129415305283139	10.8094471053786	-1.22848811535004	0.221799993283403	0.403029196773407	-5.70160796207404
90007	-0.0503990182508871	8.45604706043735	-0.478990369892631	0.632865188403853	0.778707948192437	-6.32606007426941
90025	0.128528879121206	6.6128216572898	1.08151566295787	0.28175581027774	0.473125227260446	-5.8665741371041
90060	0.0366599843326213	8.58587075766465	0.289608617906255	0.772643008829361	0.871493091511071	-6.3975400435115
901	0.380973070610748	9.6817477678528	3.04799970057718	0.00286517959661858	0.0189631030558828	-2.05156645708693
90102	0.0821179945226276	11.9529781846075	0.552789662747695	0.581492387640482	0.743288010199687	-6.2887047456507
90121	0.0579113661272794	9.74995572434296	0.756285883593905	0.451041608270851	0.638820933524902	-6.15821809206245
9013	-0.000885063746042024	9.30139982076607	-0.00787481931307175	0.993730665526585	0.996626432400387	-6.43873999114497
90135	0.0277688239213316	10.4411556169043	0.316603906707475	0.752124587025376	0.857817044052855	-6.38949901073557
90139	0.100731851625843	7.50255554674628	0.358521929922562	0.720617435831915	0.837880070378887	-6.37559637538153
9014	-0.124100940577542	9.40367301734072	-1.12712589175664	0.262061813886914	0.450589213718966	-5.81757417800639
90141	-0.151572431851037	8.53326284417433	-1.33274543575318	0.185279382437742	0.358829472200645	-5.57220930539487
9015	0.0634455168074009	7.8259792625114	0.556504284281252	0.578959583305385	0.741082621742209	-6.28668397171846
90161	0.119059935735209	9.75040552499836	0.573116406154636	0.567697376303523	0.732341141381712	-6.27748223949274
9019	-0.155907960668031	10.3606100715591	-1.25241566314597	0.212987836638525	0.392521091172293	-5.67281522684282
90196	-0.0711252598519291	8.36561343469944	-0.93282907110324	0.352884475857334	0.549576409030319	-6.01251938575826
902	0.0981230771137136	9.23470534452342	0.910321843997577	0.364578184849762	0.559534709561322	-6.03276491241706
90203	0.389315644009275	7.38806562525612	3.00050462250881	0.00331279220470449	0.0210976589135382	-2.18205922049677
9022	-0.316691946655872	13.0055493792024	-2.73829657747596	0.00717053797255499	0.0369025817154544	-2.87075369651379
90231	-0.20161421918015	9.99833387966465	-1.8561243079641	0.0660244434072351	0.17822284396855	-4.77032240019559
90233	-0.0099598526701499	6.73278196496923	-0.101344944177847	0.919455102254709	0.957355243240122	-6.43371988403152
90313	0.196513608140877	9.91019533782598	1.26202351046354	0.209522421016016	0.388475761360365	-5.66110188761107
90321	-0.136760295282662	8.02943050834427	-1.5156619102529	0.13237949030111	0.288835066327775	-5.32060904471986
90324	0.241061244578345	9.0231800863844	2.34776982857674	0.0206145217755861	0.0781440797918042	-3.79337419870678
90338	0.0589354291255197	7.63023966208704	0.430278396978323	0.667807429528225	0.802881451765874	-6.34780092156944
9034	-1.74198245935604	9.25903118441696	-4.66649670226623	8.42825964198169e-06	0.000249524819508132	3.33660546650145
90355	-0.500164912249988	9.31538258898464	-2.84839387657229	0.00521646706046147	0.0292956727537413	-2.58819076787893
90362	-0.0282437380269187	7.4276846696934	-0.218537670876358	0.827401899473299	0.906081377742359	-6.41528939365701
90378	0.035996192001046	6.92526914952879	0.26445703175683	0.79190644714017	0.883673396563654	-6.40438837565625
9039	-0.103868834025399	9.52845187882856	-0.776050675625179	0.439330008368082	0.628483870647793	-6.14340270066831
90390	0.283373552308878	8.88554951170119	2.90013335068811	0.00447835587783143	0.0263095444885402	-2.45208051236628
904	-0.258891750922169	9.54837925994534	-2.21389701860001	0.0288308781294892	0.099184945168505	-4.08021232731896
90407	-0.31331293036338	8.15779394628148	-3.08627536594624	0.00254590060355945	0.0175096910786021	-1.94514500274136
90410	-0.0861825481154499	10.009676727335	-0.932024569474858	0.353298270080771	0.549841628077256	-6.01325143480687
90411	-0.333408311240148	11.5439346239398	-2.68086391463425	0.00843525780744703	0.0416220008897924	-3.0142949239444
90416	0.277958352083773	9.46333715706832	2.26715500401554	0.0252705589696018	0.0902441924292741	-3.9679375023811
90427	0.293737271793801	6.85919292562658	3.45236280766714	0.000781188529016263	0.00723387584044207	-0.871915249946691
9043	-0.198158740816224	9.52698198232508	-1.7064422166539	0.0906550908420179	0.222265078763748	-5.02525013466813
9044	-0.0155249501091923	9.03446334402609	-0.18161149527169	0.856210925914806	0.91967519480576	-6.42255308528329
90441	-0.0397426933080226	10.190950754835	-0.531002292060698	0.596452704654284	0.754471568215067	-6.30028615476672
9045	-0.64885091017665	12.538440532502	-3.98634955861491	0.00011891106169227	0.00174149888223077	0.86348411893615
90459	-0.553119179134993	8.48384221459986	-3.90538517225986	0.000160036187500846	0.00219949901623458	0.588055345930648
9048	0.0397370828808287	5.96972658487024	0.380838611535355	0.704033481064949	0.829101305046547	-6.36749217994018
90480	0.180869572386502	9.11462935858493	1.32073288324858	0.189242023867997	0.363520724918524	-5.58763948751638
90488	0.154012804868612	10.6204667965354	1.17352912646295	0.243035577005275	0.42821541511595	-5.76569342614083
9049	0.0383728915797495	9.38936061910265	0.434353873047968	0.664854480195856	0.801122976866195	-6.34607095419477
905	-0.0508971637070225	8.08951348052097	-0.635193724987277	0.526578047625987	0.702330804681197	-6.24071676047053
9050	0.376259152094999	8.0786831066496	3.1949158944731	0.00181036956606491	0.0133993655438419	-1.63702503023404
90507	0.0555180404075932	7.11898275204119	0.467511644640741	0.641028456777843	0.784266632604768	-6.33139217526504
9053	-0.154363469241967	9.28918575672302	-1.86936244617918	0.0641446978853679	0.174805412251118	-4.74680524293573
9054	-0.205024083893948	8.18482904086061	-1.78890418806957	0.0762923915944743	0.19723792005332	-4.88730870697134
9055	-0.250773763299404	10.4805078415243	-1.78094225792621	0.0775916614362004	0.199721758636029	-4.90089569551269
90550	0.0521843744033278	7.85950711416476	0.738702051620545	0.461609756250906	0.646644642461587	-6.1710806728289
9057	0.240766821658985	8.15489942059225	2.16527309501997	0.0324558429771789	0.108712596509123	-4.18058317835594
90580	-0.308827708426862	8.39201811214417	-3.32738711479881	0.00118140600793265	0.00966179566883534	-1.24938660479758
90592	-0.0438687393545058	9.21670175303552	-0.571916430322292	0.568507329312023	0.733026393817545	-6.27815594227217
90594	-0.19242298105261	8.43141620561549	-1.79881225538081	0.0747007014969194	0.194278272784809	-4.87032077493907
9060	0.374637599899052	8.84214975825523	2.24874033364962	0.0264554007411402	0.0932782219979487	-4.00703362357773
9061	-0.322162354372731	9.1171894189556	-2.5193686434041	0.0131453190074985	0.0564346855519426	-3.40351409332639
90624	-0.0265237897683931	8.17367687633232	-0.230244395327552	0.818315516413745	0.901839381664781	-6.41270693811613
90627	0.745928098610925	8.40999586141949	4.97027496956342	2.38282638093856e-06	9.462570147381e-05	4.52591400985476
9063	0.240610636879221	6.98485301873134	2.605696373834	0.010395076776362	0.047754913333009	-3.19811631160947
90634	0.144851855642408	7.1642329295968	1.00223693649697	0.31835690754649	0.514000792872166	-5.94702421776415
90637	-0.0212806446964297	9.18600159870138	-0.148790192224536	0.881982708161608	0.934596173112878	-6.42788458458481
9064	0.0439227075747537	7.91930154676069	0.343141743017805	0.732125324461739	0.846375812463816	-6.38089749959945
9066	-0.0153959877806949	9.03788752566436	-0.146233161635913	0.883996223895286	0.93588936290375	-6.42825549266607
90678	-0.11855097810527	7.46809782022118	-1.15840585776404	0.249125269379521	0.434863635899163	-5.78282630131295
9070	-0.131328344658331	10.3602294149999	-1.33096029897976	0.185864288914788	0.35945657373827	-5.57451088320725
90701	-0.549000927245383	12.3107356407589	-3.88650544195806	0.000171413845019344	0.00233643293706234	0.524443179791517
90780	0.157395753586708	8.03013941518709	1.20102458298261	0.232237107928128	0.415751736342943	-5.73398924166811
908	-0.118761225201874	10.870711826017	-1.39563026860779	0.165544841190635	0.332458154202443	-5.48922837998819
9080	-0.153955402063758	7.11117736641588	-1.18689724491217	0.237741554884928	0.422401644084642	-5.75036845624033
90806	0.213462202660488	8.85575820214958	2.43891975513183	0.016277370570229	0.0661018096903106	-3.58936270794459
90809	-0.113900731272148	9.50297568258948	-1.06124170192509	0.290828603465421	0.48422581427623	-5.8877187217852
90826	-0.149255074423391	8.4035632774334	-1.99847452731064	0.04805106090303	0.143193777722938	-4.50924766230283
90843	-0.177884387889495	11.2684334003787	-1.86046271694395	0.0654034087308441	0.177357897608921	-4.76263264038701
90850	-0.076117769784929	9.61486892936968	-0.623897970632433	0.533944050458473	0.707698629137836	-6.24768595938489
90861	-0.492717069482683	10.0821443993528	-5.31566009590277	5.36413012665336e-07	3.16483677472548e-05	5.934873460133
90864	-0.0220538078576895	10.489963664221	-0.260460240142222	0.794979793861174	0.88499792562655	-6.40541945465385
90865	1.53220131528399	7.33281225072313	5.90620742308685	3.71189866993199e-08	4.71696661748281e-06	8.46856928188141
9088	-0.294172106101538	8.63272243870205	-2.08405102453792	0.0393951807966558	0.124123930352688	-4.34366675836669
9091	0.20351527279063	8.61635644616866	1.98891413727451	0.0491118431954914	0.145399220356544	-4.52734536707302
9093	-0.0408615942275744	11.0750188512055	-0.595857608332064	0.552454405989787	0.720554775536972	-6.2644493229563
90933	-0.0541697035790965	8.87839787262654	-0.660939498267613	0.509987824586927	0.689782123970529	-6.22436844445532
9094	0.278081739282898	7.9479389317597	2.57280528761272	0.0113750646755352	0.0509617035574571	-3.27709756925358
90952	0.210807157898041	11.2876124499654	1.04027904162327	0.300416854057137	0.495298046808773	-5.90916921301134
90956	0.0220107003572865	9.44036352341954	0.255818910148426	0.798552807378908	0.88692297821027	-6.40659712949463
9097	0.0511856379898561	9.12512389678806	0.367307080789599	0.714072599493985	0.833909185892877	-6.37246433497444
90990	-0.0203093355881065	7.40836117570974	-0.196104153410108	0.844878632867269	0.914112866117692	-6.41986196954212
9100	-0.0639200744821787	10.044649206882	-0.670090777862983	0.504158310765245	0.683352091716594	-6.21840223668722
9101	0.0373501162928179	9.63286177281324	0.299242135954155	0.76530147563976	0.86715018577246	-6.39475257474118
91012	-0.26307712306745	8.92279864334374	-1.70510796074311	0.0909044696807924	0.222678208648679	-5.02743135832589
91039	0.038657132146185	7.58470021681728	0.419008086781556	0.6760005610947	0.807719461108378	-6.35250033655739
91057	-0.105975055427548	8.00275815623744	-0.622062331894691	0.535146039381285	0.708392123946937	-6.24880677425644
9110	-0.12248549711744	10.9005855876012	-0.610038925388703	0.543053074730207	0.71392939635071	-6.25606699387272
91107	0.502077839014622	6.62118047320045	3.85518932219412	0.000192003650638426	0.00252138339312146	0.419445208877165
9111	0.277201558945855	9.87147220933075	1.93799165664924	0.055103224224108	0.157874655598728	-4.6223774630331
9112	0.0708674530695713	9.40132740681006	0.678626855923041	0.498752964435176	0.679034034322491	-6.21276375942922
9113	-0.0202465567776735	6.89574802356746	-0.223768895958917	0.823338618878759	0.903898061496386	-6.41415204266903
91137	0.218955265319175	9.08916278172256	1.80955935877922	0.0730053996236167	0.191740731602885	-4.85179422306312
9114	-0.211749214131663	10.8242912157454	-1.73382827380306	0.0856585403176726	0.213178530588724	-4.98012246967128
9117	0.350399257677002	8.84749375437399	3.97073819474844	0.00012595945929775	0.00182530725227968	0.81004629167971
91179	0.314285032624148	7.76252976922753	2.12208196028694	0.0360011931421896	0.116387418925435	-4.26802090366163
9121	-0.0226106708988139	10.3434940883444	-0.222441719542265	0.824369034947613	0.904528191905856	-6.41444313643251
9122	0.791142448549822	9.33445139882916	3.91246337384143	0.000155959123544396	0.00216144691355153	0.611964331119522
9123	-0.713108423047495	13.2818712316671	-4.48659694238879	1.74089450810633e-05	0.000424182555662486	2.65595523537777
9124	0.4328761430774	10.855447446817	2.5019713785325	0.01377278065789	0.0582803115953748	-3.44416112830553
9126	-0.0547623985116742	9.63606520745465	-0.749864765591712	0.454884626979104	0.641238600306831	-6.16294986176318
91272	-0.158080430640179	9.98596311903329	-1.85580445602612	0.0660704238146129	0.178230470512313	-4.77088866491643
9128	-0.612787879660047	9.54282467171799	-5.08541418010105	1.45855757229556e-06	6.62483592825528e-05	4.98915139516267
91283	0.0968837168453534	9.08137329479095	0.947478933258099	0.345403724934775	0.542092868698697	-5.99908014885039
91289	-0.0232303171379638	8.83182800886847	-0.243330740444822	0.808187563427434	0.893897867422416	-6.40966081941157
9129	-0.165906674717094	9.43147091485434	-2.61115501449657	0.0102400099000632	0.0473755017212579	-3.18492260565159
91298	0.0235350388582918	8.32609743762516	0.227535029301745	0.820416289185883	0.902829542855768	-6.41331658458313
9130	-0.0452553990837779	10.9676289717967	-0.589610395017229	0.556621448467336	0.723476501076349	-6.26807978652922
91300	0.1257258529705	9.59411467902601	0.967804786643415	0.335195568556216	0.53111747482723	-5.98009277618401
91304	0.3161658569346	9.17667355198	2.94265506630953	0.00394490525160604	0.0240834570423251	-2.33864567418374
9131	-0.0680523328285938	9.04606580340369	-0.446980299940742	0.655739374070623	0.794078174728537	-6.34060808786784
9133	-0.512897088588718	10.2947202253356	-2.47720393779934	0.0147122944407822	0.0612826788103181	-3.50159369251175
9135	0.460060467466436	8.84093883886396	3.09448657311269	0.00248184922340036	0.0171945923688353	-1.92216896190133
91368	0.0223456072855902	10.2085712217168	0.207385279304392	0.8360798747898	0.909884027109848	-6.41762435979471
9138	-0.236923917455621	7.26614339655745	-1.54084374070906	0.126132778929376	0.278944244700575	-5.28353934357517
9139	0.0249545825099957	7.55969425324445	0.290175251286757	0.77221060913087	0.871397159686453	-6.397378608178
91392	0.198891353435141	7.34726058438602	2.10058487953511	0.0378872272943435	0.120896285936406	-4.31093509510074
9140	-0.119989687343505	10.2959499576503	-1.12173654302573	0.264337365910348	0.453181121299184	-5.82346716881058
91404	-0.701515282273703	9.36581251433834	-5.11129812250224	1.30503292448374e-06	6.19515629668719e-05	5.09419600863964
9141	-0.136368000359718	10.152754155656	-1.66872992929125	0.0979217862375231	0.234376689168919	-5.08627721236304
91419	-0.172184378213003	8.30144199337761	-1.39265207800267	0.166441795640724	0.333610587719577	-5.49324169200936
9143	-0.0121410371112647	7.6367033607109	-0.0600854809273811	0.952193014333632	0.975021583782788	-6.43699510758798
9145	0.0861140386165049	7.08127973475695	0.670693365236769	0.503775706538274	0.683281832174201	-6.21800652198847
9146	-0.154436555566256	10.7111268502995	-1.44454099169412	0.151336421226594	0.314871244164148	-5.42213509935255
9147	-0.397831120436552	9.65661271811769	-3.59228664080419	0.000485565424935546	0.00508985004807168	-0.436060372294134
9148	-0.523225869243555	8.5961433064464	-3.13268063957295	0.00220308584647711	0.0155800420307371	-1.81462379279715
9149	0.38463144128749	7.27374119932216	3.91008051376551	0.000157320470585937	0.00217302188468201	0.603911770674806
9150	-0.258417724649817	7.99038176070307	-2.71439642200529	0.00767427703007024	0.0388178372739621	-2.93081078203388
91523	0.356720458858152	7.96611149182488	2.34437301739579	0.0207942543632308	0.0786133041546604	-3.80084125884617
9153	0.116888464154539	8.21308352242495	0.342823788975849	0.732363882377789	0.846414673071294	-6.38100464302949
91544	-0.18546211227637	6.77543209488955	-1.12042231727139	0.264894360485036	0.453410432669764	-5.8249000233794
9156	-0.532768371740414	8.19970105084309	-3.15935038330045	0.00202598776551388	0.0146154226577682	-1.7388739673349
91574	-0.489301016593844	8.44023466535581	-3.62836533833446	0.000428641274723734	0.00461613680471713	-0.321451975808943
9158	-0.0856434514255149	10.1698295432611	-0.88323349589113	0.378973390450108	0.574600568782563	-6.05648512277021
91582	-0.199613265492677	9.36842686876376	-1.61988796646911	0.108026110459318	0.250268972322698	-5.16338543836911
9159	-0.23388552336427	8.91048141945289	-2.40406570256432	0.0178293615165543	0.0703970010166056	-3.6681997433343
91603	0.0827899304130777	9.11053880797644	0.812732662592042	0.418069473869584	0.609900009566013	-6.1149048693441
91612	0.0398930868647938	10.4534599087221	0.134881929847757	0.892943661088631	0.941260163424207	-6.4298244417509
91614	-1.18843124262274	7.4666303586843	-3.80400470396606	0.000230810204389955	0.00294212184910868	0.24922870682474
91624	0.44925845562512	6.89323927381004	2.32063814109294	0.0220891923586971	0.0817824871729441	-3.85274318824161
91647	0.0757149469659854	7.73954489260288	0.767606314213162	0.444311919960582	0.632434337217716	-6.14977873632966
9166	0.0715862558516894	9.73210208200283	0.925915473534633	0.35645061130212	0.552084732451209	-6.01879006166052
91663	0.187748793996323	11.4286055203596	1.41692985197022	0.159237061041198	0.324204615282302	-5.46028459478728
9167	-0.137193761875336	11.5385226381422	-1.52085583494866	0.131071569874378	0.286947036088619	-5.3130111113559
9168	0.0637551429834754	14.1597550967244	0.567544055294273	0.571463296899416	0.736164509106235	-6.28059884952355
9169	0.212652175185258	10.2908342617509	1.97950251465025	0.0501755037644492	0.147786224017684	-4.54508252166432
91694	0.0529407976216391	8.3930405925212	0.439789758605991	0.660924018482042	0.798600408522772	-6.34373822106509
91746	0.0396387459110703	10.0048280995232	0.59637779640142	0.552108128741714	0.720216857771093	-6.26414530960841
91748	0.228095114385519	8.845019166615	1.84541289681606	0.0675788714394407	0.181175422943778	-4.78923594015757
91749	-0.632512306993874	8.72051410394754	-3.41941236760714	0.000872094634292591	0.00778399061911166	-0.972531562929347
9175	-0.670373104585026	8.53853832623679	-3.67740447377949	0.000361325101969209	0.00405508878025226	-0.164231218147647
91768	0.609534669736999	7.79969450641931	3.45531416123926	0.0007734964610446	0.00717874243621168	-0.862865160544407
9179	-0.00151779690457764	6.7808934334012	-0.014369237997737	0.988560579289937	0.993854720659065	-6.43866894951532
9180	0.161441727432436	9.00105383446754	0.614038581472368	0.540416221595935	0.712163048880412	-6.25366746078732
9181	0.692176308873119	8.69819865006842	4.52767951705041	1.47740550449208e-05	0.000380167273118523	2.80978211528532
9183	-0.288508137580287	8.74670361531511	-2.3530351443406	0.0203386346888434	0.0773467414962459	-3.78178034995915
91833	-0.159242943770104	8.21640535348319	-1.96704139323038	0.051613852891817	0.150487266108863	-4.56844614000158
9184	-0.0301045178600898	11.0435389225792	-0.315538327463378	0.752931258581303	0.858296213069009	-6.38982996564076
9185	0.0890080630096205	7.09544676163894	0.417479795296972	0.677114603775286	0.808699627990727	-6.35312802013534
91860	0.526147918314467	7.41398916172512	4.4918604391277	1.70476070540398e-05	0.000417462953675122	2.67560958081385
91862	0.440925379289069	7.47682850903636	3.02308635089777	0.00309248284961042	0.0200816889447972	-2.12023239858919
9187	-0.126306754850317	8.13392597562168	-1.18973186680074	0.236629676690812	0.421060131293861	-5.74709714865787
91875	0.0552617784244608	7.65439695547783	0.574100335995483	0.567033666705242	0.731920852129981	-6.27692878410163
9188	-0.262520792503525	10.795083104968	-2.60260885333083	0.0104837202238248	0.0480472585653768	-3.20556813436949
9189	-0.0850869549262724	10.4908042405794	-1.01321333952751	0.313109091370819	0.507961790263402	-5.93624385819985
9191	0.150053580979136	8.99238382144492	1.91936458573244	0.0574439059813189	0.16238421061112	-4.6565643665236
91949	-0.132245000700083	7.93022502652512	-0.82389723744005	0.411722480085607	0.604269311568428	-6.10597309077518
9197	-0.368998643144144	8.89323127803087	-3.06548519309586	0.00271498538930765	0.0182302564752576	-2.00308881267471
91978	0.197652450898322	6.69377490844079	1.76072638518242	0.0809728062171369	0.204975598943779	-4.93513668750931
920	1.30022932127634	7.94928550486011	5.40190232565056	3.66510815864727e-07	2.40893434390531e-05	6.29549604640833
9200	-0.649585086252224	7.20101108824179	-3.50698230642483	0.000649852385286098	0.00635240319818127	-0.703423879955089
92002	0.0356067078337685	10.218226472354	0.276154427800149	0.782930671668991	0.876954699540625	-6.40128061516902
92014	0.00435689599542256	9.90824048446526	0.0281148020557367	0.977619865774694	0.98875230700367	-6.4383817752118
9202	0.284481408126052	8.97253565216073	3.50900337231002	0.000645416639542789	0.00633152190335325	-0.697148620128253
9203	-0.545504829638114	7.43969683539375	-3.32979972319741	0.00117212712820117	0.00961446879736013	-1.2422069399971
9204	0.592582134317156	8.2739648232719	4.56655927073327	1.26380695330787e-05	0.000340354012094871	2.95624510996132
9208	-0.155263851224371	9.60124036822729	-0.925789633474656	0.356515734006628	0.552084732451209	-6.01890377376894
9209	-0.0159348764628024	9.0297734341037	-0.208116888831242	0.835509957398473	0.909503459160699	-6.41747492804552
92105	-0.104804281005693	8.99528174902149	-1.11393521104838	0.267655725888178	0.45660280874114	-5.83194862897128
92106	-0.234925899871959	7.45074906273865	-1.53047689819458	0.128675664479942	0.283203034533525	-5.29887109075124
9212	-0.372063911673088	8.30565302299344	-2.18755234749478	0.0307484889913791	0.104176586984738	-4.13484745006958
92140	0.324030723380361	8.69282052099461	2.54849928438895	0.0121518364187161	0.0534758491308443	-3.33489144165819
9215	0.240847111451942	6.87258752656526	1.33894416961917	0.183259055881138	0.355750834683479	-5.56419407852646
92162	0.798091563611861	8.4658040513077	4.75695999582748	5.81432041460499e-06	0.000191339787349152	3.68564470701055
9217	-0.156449312860901	7.97633881995151	-1.87623123175031	0.0631871407065803	0.172823106700779	-4.73454122175491
92170	-0.22895368107927	7.61371368167077	-1.77777890425723	0.0781129184060303	0.200586810259729	-4.90627805402873
9218	-0.0354552175893489	8.6551060178063	-0.328442702127817	0.743180943834887	0.852622828576171	-6.385747116178
92181	0.104194522397477	7.91022986754379	1.02415050520534	0.307937749777095	0.503324756658715	-5.92538739543229
9219	0.0383886895481306	8.76917035431542	0.291818911245733	0.770956732986072	0.870554014280923	-6.39690854265137
9221	-0.539982940127543	8.97194367944097	-3.80312918138748	0.000231534796674795	0.00294680650313376	0.246332290306635
92255	0.137214796304105	7.76854546881577	1.62780799736819	0.106333011605095	0.247830326145057	-5.15103010477376
92305	0.197998888665218	6.92130846957164	1.59700581979826	0.113039428712373	0.258023365538089	-5.19875876350793
9231	0.0458466067733371	10.5264551290501	0.329080646209996	0.742699990821265	0.852397099372467	-6.38554103892754
9232	-0.215920470590191	11.006836385471	-1.26621150703866	0.208024884470812	0.386652913080313	-5.65596890064735
92335	0.0641285112366205	9.09380213415744	0.607808777590452	0.544526158523701	0.715069327409503	-6.25739817347163
92342	-0.0149652346305984	7.44789315986745	-0.11537687780719	0.908349879033332	0.950464910161556	-6.43222456740265
9235	0.24351556105113	6.8076922094699	1.01200092977414	0.313685893058153	0.508646540373056	-5.93744027734423
92359	-0.348135162515207	8.63270006009057	-3.16447835298424	0.0019934908135498	0.0144440650174749	-1.72424760622652
9236	0.20541387847754	8.16060024760546	1.55060422812528	0.123775030257954	0.274759943544935	-5.26901373006022
92370	0.57290789216829	8.50583650972157	4.17911578380555	5.7698743090332e-05	0.00103158358858472	1.53607813631344
9238	-0.304760122516786	9.4923957689568	-2.55718041705553	0.011869098607072	0.0525958983339133	-3.31430571886085
92399	-0.162406494904285	8.71020256956494	-2.41706497637437	0.0172357928099116	0.0687471387664534	-3.63891579840408
9240	0.350596163492613	8.79563813739698	3.2128655979921	0.00170984998750555	0.0128500979565932	-1.58526279555899
92400	-0.144534706263108	9.78454947564941	-1.49202529102764	0.138461378069365	0.296868651164922	-5.35487073550652
92421	-0.218781429647821	8.65962156296311	-1.90409721978829	0.0594243639904634	0.166106682423427	-4.68435467583522
9244	-0.245653819755843	6.76372252808962	-0.932203040238987	0.353206447084756	0.549841628077256	-6.01308909060313
9246	0.416471521749438	9.15346683075483	2.72039196961649	0.00754497664537376	0.0384700661054242	-2.91578822700168
9249	-0.0527704944221425	10.3044827508923	-0.392747829417388	0.695240925621633	0.822995717962853	-6.36296772940313
9252	-0.290004567582817	10.46609422445	-2.02840165401216	0.0448557095829534	0.136301689820909	-4.45207446160948
92579	0.0897092166370572	8.91489955218186	0.728497069410645	0.467806813162451	0.652588490314371	-6.17840821940621
9260	0.0222126316874469	8.02759184516391	0.120272666362403	0.904479382479065	0.94832646955763	-6.43165729187863
9261	-0.114249799721051	8.02324128753775	-1.06129570405069	0.290804175440637	0.48422581427623	-5.88766292133035
92610	0.282340942699182	7.96910882740529	2.23860554118467	0.0271280222211372	0.0949078625779724	-4.02842661593652
9262	0.346211723270041	7.40488798919005	2.73058587110537	0.00732967003920248	0.0375344541375155	-2.89017968048956
9263	0.0709109825786576	7.54815948365683	0.486757072938042	0.627367289674071	0.775939195108839	-6.32237922904782
9265	0.392186667365998	8.63921981273756	2.85285650617506	0.00514866693679066	0.0290165714551245	-2.57653420833189
9266	0.0496622949727408	8.81982588590441	0.517822419789575	0.605588042658781	0.760022437859246	-6.30706721906744
92667	0.305067594255108	8.87505319717065	2.38246021255722	0.0188561193131311	0.0732948449536296	-3.71655635751632
9267	0.439956439247	9.43748961674045	4.16147931594386	6.17019480410345e-05	0.00108669102520031	1.47357428557692
92675	0.0496902350614969	8.39296636667831	0.438712857909783	0.661701932610663	0.799072801661415	-6.3442026542409
92689	-0.253108320298221	7.85900499696285	-1.79638285627681	0.0750884088806289	0.194979647077647	-4.87449430664367
9270	0.364618705394417	9.74684626467429	3.14861926167169	0.00209559287973197	0.0149866642308104	-1.76941797338166
92703	-0.085357007345772	9.15155766231793	-1.02890484255427	0.305707747339015	0.501120459023668	-5.92063247281837
9274	0.0976837933454477	9.00435056655334	1.07660620964477	0.283934783716485	0.475902451567625	-5.87173037556512
9275	0.132015657716475	7.87809592539529	0.876305869032715	0.38271101219981	0.57836915687664	-6.06243794411623
9276	-0.161629531240209	11.9094376645975	-2.4382256779003	0.0163070638292263	0.0661780454981888	-3.59094260620429
9277	-0.11389829809842	8.46596360308592	-1.2473360409387	0.214836841712183	0.395047264590969	-5.67897284784655
9278	0.109790700740578	8.7953806385435	0.651348639160528	0.516135495855018	0.694911034354107	-6.23053387800497
92799	0.105340441340802	7.59416741684263	0.975364666804858	0.331449555209448	0.52761097052034	-5.97292961973431
928	-0.252919082258072	8.95561785326574	-1.1423191098311	0.255720709336473	0.443191997297371	-5.80081256516844
92822	0.000504433670759088	6.513604929153	0.00488081894728556	0.996114236816368	0.997704220074244	-6.43875877189911
92840	-0.58477344201947	8.79028483635622	-2.49767563145078	0.0139317824292345	0.0587724835880884	-3.45415902005541
92856	-0.378976710462693	10.0568617562909	-2.92211176516528	0.00419487153788715	0.0251388642395142	-2.39362546184568
9289	0.396651995811386	11.547227281678	3.03138916377378	0.00301494173032483	0.0197489442446337	-2.09740124727201
929	1.3876757978754	11.3942136576258	4.15096043763111	6.42149974775106e-05	0.00112138663671086	1.43638688645873
92906	0.106013345937262	8.59698616928268	0.688365515941789	0.492624421296248	0.67335391691329	-6.20624448417404
92912	-0.175898677134775	10.310533024682	-1.54928663663251	0.124091258625486	0.275313939362481	-5.27097970594609
92922	0.716582167834781	7.48613867777287	4.80713043301733	4.7237021187189e-06	0.000161230493804207	3.88112167257219
9295	0.209783940878057	10.1646483734073	1.15181648334303	0.251812146771763	0.438147568701507	-5.79022344059536
9296	0.109073985383884	12.5033494427028	0.836976649314637	0.404361056587287	0.597297956091237	-6.09535632284148
92999	0.211973479831487	6.34057222040885	1.55099589310963	0.123681151730462	0.274625353035919	-5.26842901889138
93	-0.161720828857951	8.24329186805205	-1.45978970150714	0.147104762718001	0.309015769388433	-5.40076250698704
93058	-0.00305814776190009	7.35713921657086	-0.0331605452227394	0.973604691253919	0.986624309870859	-6.43822973223123
9306	0.0346164486977589	7.46140618629399	0.377668361487139	0.706380902251859	0.829972439914702	-6.36867317902034
9308	0.200910496668455	7.20943333865575	1.10037692760764	0.273491644870168	0.46396405558176	-5.84655119903178
93081	-0.10523416162628	10.439916014556	-0.806975170621845	0.421365267270809	0.612328836674328	-6.11946386322215
93100	0.114458667380046	9.90920635003394	0.285832926314278	0.775526071101531	0.872871164368361	-6.39860770340576
93109	-0.322670204622951	8.05976583211432	-2.0622890642953	0.041458436284629	0.128642630995881	-4.38638368946701
93129	0.526275684044311	7.17132388002762	4.27956169501664	3.92413220787444e-05	0.000766272624989194	1.89569436344453
93134	0.0239786676773933	6.93218510335424	0.185415138951807	0.853233720274057	0.918388132585837	-6.4218667683139
9314	0.796840044643212	8.72797663022046	3.72319182455993	0.000307619937207481	0.00360755707834497	-0.0159485513707214
9315	0.977947560695086	10.241518071835	3.09741467817334	0.00245937223463081	0.0171140814305396	-1.91396332612139
9318	-0.0249451703473113	10.2221433414284	-0.194513886998984	0.846120572719837	0.914186518072709	-6.42016734352854
93183	0.389084095776673	8.34897932738074	3.17106589777331	0.00195245542817504	0.014221588921275	-1.70542912503849
93185	-0.267086241800865	7.82636670639474	-1.66080233340687	0.0995077913418732	0.236664081913007	-5.09894095764003
9320	-0.00277591684137864	10.6353893134809	-0.03359356351036	0.973260144968927	0.986517216522682	-6.43821551748761
9321	-0.277482258360025	9.93433986646718	-2.36167366673438	0.0198930668429093	0.0760835444113946	-3.76270805424635
93210	0.0499232768734589	10.4802067323768	0.359432749220827	0.719937911696159	0.837443620702757	-6.37527516893597
9322	0.601090556024519	8.09362321423251	3.76186014657541	0.000268251862534481	0.00329726247698633	0.110387955380987
9324	-0.362811357478943	11.1092955238385	-1.52640570883179	0.129685258767918	0.284785750635209	-5.30486492895938
9325	0.00223814538586032	9.64622989637503	0.0301631233503395	0.975989829090127	0.988192692851734	-6.4383230725239
9326	0.0412483463575473	10.8530313146148	0.45471001241667	0.650184658309108	0.789667001563481	-6.33718683734098
9328	-0.183430146557766	9.37916049782202	-2.14319570046153	0.0342283010951103	0.112716941895391	-4.22548003602343
9329	0.0885424100858626	7.59173797929986	0.752465255310816	0.453325994897486	0.640190240699818	-6.16103835319565
9330	-0.0334508429916219	9.54605894323681	-0.421784026708782	0.673978888305887	0.806698053393048	-6.35135438422568
9332	2.01193948977431	9.85709776046525	4.29229116879608	3.73547051377417e-05	0.00073992773246462	1.9417055655743
93323	-0.313326166039009	8.81479537768549	-2.53242627057391	0.0126913293262337	0.0550619365844934	-3.37284127934843
9334	-0.0186568964923129	10.5248000403839	-0.155018028532783	0.877081900253622	0.931554133482695	-6.42695432209781
93343	-0.0863876169343243	8.7264959921267	-0.670267447505414	0.50404612081351	0.683352091716594	-6.21828625558889
93349	0.0786045373341396	6.79398682956318	0.702072359223414	0.484068457669568	0.666824101319502	-6.19691280155748
9337	0.0933942927446683	9.07385968383952	1.16404783426212	0.246840891771106	0.432275052088645	-5.77645996822263
9338	0.134526910617735	8.57884218171975	1.25543397939752	0.211894684290452	0.391027905510383	-5.66914484063469
93380	-0.00575915909889901	9.99791875820112	-0.0485244445921589	0.961383399404426	0.980373688775378	-6.43761257459859
9341	0.279807640895794	10.8606493194131	2.54582445222308	0.012240164350124	0.053753522205934	-3.34122177624315
9342	-0.15603323265113	7.76199730755179	-1.04510672002292	0.298189984852133	0.493102957933657	-5.90426637219796
9343	-0.0239849078281514	10.315694701454	-0.29984609528963	0.764841912076696	0.866848819120954	-6.39457478506274
9344	0.157018304505949	8.51908665523022	1.21852391151035	0.225546683580817	0.407751281763526	-5.71343879464594
93487	0.0165654361424193	10.9312794585175	0.221707545167807	0.824939177790829	0.905033551408188	-6.41460342196078
9349	0.0881462244906662	13.7184017311406	0.990817364105913	0.323878212633741	0.520169946792669	-5.95811742637676
9352	0.201475588614169	10.8239567313032	1.68961299183791	0.0938416887998623	0.227444938229713	-5.05264370370559
9354	0.0198184050126894	10.4658821385457	0.259394561794264	0.795799797778633	0.885053944031276	-6.40569172664129
9355	0.214375685719192	7.61771136845806	0.713945492462429	0.476723610230252	0.659476975465062	-6.18868213362251
9360	-0.238358292201671	9.58683949327811	-2.55929400764689	0.0118011614987957	0.0523510171751087	-3.30928430940147
9361	-0.552199123932506	10.383831536067	-4.19337489748223	5.46455372404593e-05	0.000994899289382898	1.58675287426092
93621	0.081107710592551	12.8123837808516	0.957935655205235	0.340127260835251	0.536436817885045	-5.98936152172048
93627	-0.226233527195906	8.8917292380986	-2.75919317043729	0.00675494884866843	0.0352246701325766	-2.81786760901386
9364	0.163365752056318	7.42584725357423	1.97323355954893	0.0508947980158652	0.149074833904627	-4.55685350649494
93643	-0.0508779887322458	9.02259931341116	-0.708645586974121	0.479994525064202	0.662831333092133	-6.19237302398643
93650	-0.330404888427258	7.31949511912664	-2.45045780856211	0.0157907648879856	0.0645615035350268	-3.56304001018152
93663	0.10429422581065	9.07641957963781	0.742497677983367	0.459316737837464	0.644792021505345	-6.16832952305575
9367	0.00744587324751408	11.1234905851734	0.100260345915709	0.920314172111301	0.957766796225192	-6.4338274042666
9368	-0.146032733284027	10.6131652432474	-1.28547826101826	0.201236757178158	0.379328072636144	-5.63214200392383
9369	0.576444623636926	7.09343935525498	2.44210253941528	0.0161418237546625	0.0655836026628197	-3.58211270171443
9371	-0.114622926083217	8.34436516343025	-1.27965424202941	0.203271206239262	0.381769023086927	-5.6393813207403
9374	-0.295645393874653	9.44719833809419	-2.55017499882014	0.0120967932042819	0.0533473101267317	-3.33092263665174
9375	-0.138680387575323	12.2873581567025	-1.20125367140539	0.232148609479789	0.415683397854553	-5.7337220808345
9377	-0.0598131172777463	11.6262456116879	-0.647934023053066	0.518333603361445	0.695942061730419	-6.23270735791375
9380	0.166201478832126	9.68015248038073	1.55440769874413	0.122865753015163	0.273722437990803	-5.26332960192017
9382	-0.222404129964573	8.84618599768641	-1.66902694628235	0.0978627646402673	0.234303314761915	-5.08580163511085
9388	0.659121232917089	11.0507154743042	3.93349224042242	0.000144422570597301	0.0020357174626855	0.683189177749681
9391	0.139677917774325	10.784729343374	1.47372127373521	0.143319295686052	0.303542918555586	-5.38104726059414
9392	0.146394048146921	7.83136728125796	1.20287896389275	0.23152144410337	0.415100310026881	-5.73182525405893
9397	-0.57922279896522	8.83948960189205	-3.32210976793017	0.00120194289928789	0.00981032445466205	-1.26507658756389
93974	0.150171082615915	11.5761405069391	1.40800648112067	0.161856886618057	0.327100388897304	-5.47246195710344
9399	0.382242644467933	7.77164149737113	2.86376807599818	0.00498627375533155	0.0283849905024387	-2.54796648162275
94	1.01424699971396	9.5052847290202	4.43998683434898	2.09481936488961e-05	0.000480644665388561	2.48260578712668
94005	-0.413151487277188	8.82668571265321	-3.08838144325878	0.00252932770558717	0.0174247263120517	-1.93925681574514
9403	0.129406683483504	12.6154714345425	1.64384783285732	0.102969428444264	0.242591979164183	-5.1258318699355
9404	0.0655446617834269	7.74319528283265	0.602022137667238	0.548357777616743	0.717393372840719	-6.26082964279749
94056	-0.0775140673187022	10.2483845983918	-0.536055469195535	0.592967146567929	0.751674129934176	-6.29764131916668
9406	0.10320747899419	10.8436288529806	1.20162699002137	0.232004445877926	0.415619773277804	-5.73328661369478
94081	-0.361630894436471	9.08437296387723	-2.71608902864874	0.00763757180363302	0.0386849457300003	-2.92657269312551
9409	0.0436185531961766	8.44535853018267	0.547038604164993	0.585424054559432	0.746126025584295	-6.29180680123822
94097	-0.109379777551517	7.03123068501065	-0.856472464904273	0.393537577587256	0.5887516929278	-6.07922483145564
9410	0.0809270157926193	10.1654327924038	0.808593006842929	0.420437603418567	0.611734120880282	-6.11818603671512
94101	0.198734371996414	10.9423059982085	1.98600856133686	0.0494381539084313	0.146103453053182	-4.53282957930681
94103	-0.33608295856927	8.54149643216154	-1.83965638350516	0.0684267772761226	0.182855121417267	-4.79935790709904
94104	-0.125073361144024	8.85385634695139	-1.41709190196454	0.159189786855044	0.324204615282302	-5.46006276573132
94107	0.0239032242753712	9.65854933599732	0.336046003525197	0.737455389833681	0.849107724625866	-6.3832650291193
9412	0.488379645037815	8.67938897237854	2.56899818800197	0.0114937043123158	0.0513178365512046	-3.28618210971123
94134	0.305473503215184	8.60078347664924	2.92468229133181	0.00416281610209417	0.0250253719092415	-2.38676403977201
9414	-0.251065066226894	10.2596824538546	-2.49926551675456	0.0138727443973261	0.0585832662177472	-3.45046052065843
9415	0.151007841508051	7.64047251271891	1.15796592097649	0.249304022524019	0.435083715624	-5.78332145143484
9416	-0.12742694365902	9.91095203516411	-1.5070451386685	0.134571908937062	0.291672518451885	-5.33315907906663
9419	-0.254942300457968	9.57951627837482	-2.69974958741472	0.0079986558503639	0.040066038401459	-2.96738811679075
942	1.17294123445611	7.6640422454935	3.25642772798026	0.0014871190175601	0.0115664812476896	-1.45864323775709
9422	0.0240003783110384	7.53346347534234	0.167018176585623	0.867652357808864	0.925782634926293	-6.42505434293517
94239	0.0259158334698337	9.93913541930701	0.208427382773965	0.835268111776018	0.909503459160699	-6.41741135051069
9424	0.489306136667557	7.80894925563848	3.07041563357961	0.00267397139665587	0.0180302071317367	-1.98937714265442
94240	0.169974169766318	8.85976709907622	1.02785642363954	0.306198569022995	0.501526904646031	-5.92168287782568
9425	0.169341116863405	8.95718635696859	1.38284661434204	0.169421117881283	0.336965671490343	-5.50639670357691
94274	1.03695542884262	9.05895670994262	5.8790428431498	4.21004557453543e-08	5.2689358251004e-06	8.34887470796643
9429	0.208703616192472	10.1225785832034	0.893317458504542	0.373573684841521	0.568376982278682	-6.04773750613038
9435	0.348896919749848	7.77620092208512	2.02844453025258	0.0448512651644249	0.136301689820909	-4.4519919839759
9439	0.0725816995883794	8.15565940011584	0.854952768576903	0.394374824258823	0.589279314105984	-6.0804954539614
9440	0.147590751164705	7.46054112641905	1.60160260345183	0.112017664901048	0.256590657815489	-5.19169119009727
9441	-0.00392778644293323	7.44628316168904	-0.0284617218023048	0.977343783137459	0.98875230700367	-6.4383721231232
9442	-0.159023072979398	8.49673176883891	-1.45440287995192	0.148589060199239	0.310877820984224	-5.40833735483722
9443	0.0157186892619936	8.63236874222122	0.19160786514543	0.848391068226747	0.915803104899932	-6.42071895896428
9444	-0.2878685654354	8.35476189051409	-2.03706885364881	0.0439649117277445	0.134350784636023	-4.43536916118882
9445	0.0357931984294577	12.8893227395983	0.306035693385519	0.760136997217249	0.863887121218283	-6.39273210318368
9446	0.0624245417355874	12.4091170377351	0.543351919968497	0.58795098999656	0.747272806231461	-6.29377838443684
9448	0.460311859922843	8.66438112598721	4.4029941237105	2.42417403895959e-05	0.00053113203081714	2.34592219875146
9450	1.466083675725	7.39309936323391	5.70876875290364	9.21041829200652e-08	9.05691132047308e-06	7.60522989883625
9451	-0.282718337716401	8.88830330886669	-3.07892583259798	0.00260452617383049	0.0177859936103044	-1.96566640414536
9452	1.1253166690841	7.63177383810614	4.61891107695492	1.02282798739416e-05	0.000290328494016348	3.15480225235076
9454	0.49841143573757	7.52110135501526	3.07052026022555	0.00267310730639294	0.0180302071317367	-1.98908597226147
9456	-0.190997130235699	9.30849336606332	-1.53228374236638	0.128229581411397	0.282371725528696	-5.29620604780584
946	-1.09518867609493	11.8835898544767	-3.93224603555211	0.000145082913955761	0.00203806950556902	0.678960248983284
9462	-0.206513173191856	8.3409194803893	-1.78453001886833	0.0770039484861621	0.198425272986122	-4.89478028450768
9463	-0.225829146915891	8.09806965707995	-2.75636316395377	0.00680991745220936	0.0354889073534696	-2.82505044269933
9465	0.338830989595238	7.98222630226079	3.0789344780235	0.00260445648247826	0.0177859936103044	-1.96564228854285
9466	0.285965797216261	6.98678634279092	2.53353499346673	0.012653436398638	0.0549802128630982	-3.37023034652246
947	1.13423484627476	8.87545206949666	6.64720954522312	1.08248263365306e-09	4.0642302518065e-07	11.8347978119363
9470	-0.0835602241289397	11.5490189864207	-1.05593610864675	0.293235424310378	0.486984522267475	-5.8931874308262
9474	0.290280924201641	8.76149744233958	2.60246740612096	0.0104877974810381	0.0480472585653768	-3.20590933421617
9475	0.0139668103733313	11.0377887956789	0.218989888760988	0.827050458993623	0.906026496357278	-6.41519213573122
9477	-0.0248696905286829	10.0286800254632	-0.36168699272427	0.718257079847462	0.836902733748065	-6.37447669866113
948	1.9001598737429	10.2312036606252	3.46796898280898	0.000741314909637236	0.00696261781945891	-0.823989659755352
9482	0.286515292542364	9.19056875122867	2.36163433798509	0.0198950756653657	0.0760835444113946	-3.76279502821669
9488	-0.0183941473357317	7.98256042403757	-0.227611900555861	0.820356667116531	0.902829542855768	-6.41329938681641
9489	0.256704363793129	8.53445105576747	3.07287807162912	0.00265370305487837	0.0179792554567835	-1.98252209137765
949	-0.471982711281627	12.1147529568541	-2.21512693597042	0.028743959866868	0.0990065633258831	-4.07764702069362
9493	-0.238658471546012	9.02216221035622	-1.7981275216554	0.0748098099831754	0.194500796493871	-4.87149763636381
9497	-0.102688984469595	8.04001562631865	-0.638722201995124	0.524287939333958	0.700747310501374	-6.23851433200349
950	0.42566235732833	11.5387783886117	2.96962446572723	0.00363754489125766	0.0225571477490903	-2.26596844990238
9500	0.0919003966999002	13.2964055205437	1.10776839112588	0.270299283271502	0.459681301178219	-5.83861211546878
9502	-0.175580900142835	13.4746638751277	-1.46500454054554	0.145678821813855	0.307157627294096	-5.39340382874059
9506	0.12028718036511	15.0132081428458	1.00265511034323	0.318155915205177	0.513776707643159	-5.94661562537594
9509	0.134657528268848	6.11688908931156	0.804052459808233	0.423044224558649	0.613592584587635	-6.12176591525373
9510	0.260626102270498	10.984831493754	2.08601613705093	0.0392132924036025	0.123916390724853	-4.33978899053647
9512	0.00892684709171416	10.9573553332465	0.145280836268733	0.884746320606017	0.936323460372287	-6.4283919889294
9513	0.0799624550757262	8.1446965971599	0.773209490232957	0.441002581512717	0.629919841843375	-6.14555568186601
9516	0.0464803185362755	10.6469516762181	0.263635601052865	0.79253782339043	0.883926872968533	-6.40460156591557
9517	0.278528247925547	6.74169871237294	2.10916503900031	0.0371244762697199	0.119134521195301	-4.29385503830305
9518	-0.225803468088428	15.630644119424	-1.44888841646218	0.150120504714332	0.312883872937561	-5.41606376764724
9519	-0.299650913443161	10.4739382703165	-2.34435129956396	0.0207954079392171	0.0786133041546604	-3.80088896870828
9520	0.0146247003020887	11.2217226160438	0.183402293306177	0.854808963131737	0.919125492771173	-6.42223173057894
9521	-0.205486060980179	10.0975318050152	-1.53840601866625	0.126727133533221	0.279958845409041	-5.28715346224515
9522	0.119254904552868	8.93635179646819	0.967875347709704	0.335160477419723	0.53111747482723	-5.98002617133709
9525	-0.0311912221837109	10.884631875845	-0.474869968588656	0.63579033250292	0.780779064610118	-6.32798890414518
9526	-0.176411434232376	9.5784126960655	-1.41117190544272	0.160923797260406	0.325871675746741	-5.46815072456936
9527	-0.201130644533368	8.15833799172396	-2.21652250072489	0.0286456122564869	0.0988770402167079	-4.07473463517802
9528	0.264321964249776	12.7224255416711	3.04292590571786	0.00291017913259637	0.0191997441176086	-2.06558945128028
9529	0.107491726112886	9.8024457583572	1.79470375534666	0.0753573481154062	0.195370902521424	-4.87737577055796
953	-0.390705105472101	10.1937731465723	-1.74115065435882	0.0843614772537918	0.210839879611595	-4.96794107919276
9530	0.119961405435062	7.25280317378541	1.10147428751478	0.273016052901716	0.463442786060045	-5.84537582449956
9531	0.0100168513465711	10.7791631924318	0.0917232484670691	0.927079298154267	0.962140344610409	-6.43463333435517
9532	0.593737215828308	8.97364249931119	4.27078791956737	4.05946552359225e-05	0.000781612709204476	1.8640380480289
9534	-0.210175737303738	8.97667648240762	-1.23703337724599	0.218623002761146	0.400050067081761	-5.69138720773179
9535	1.1201768154566	9.27498001835499	4.97869618893064	2.29930243271235e-06	9.30992063441373e-05	4.55956913155474
9536	-0.0210248385201173	9.50699011754809	-0.138015321338977	0.890472382297313	0.940335192760906	-6.4294040055634
9538	-0.260770732790113	10.245804669821	-2.87240297049423	0.00486110463508764	0.0279032135412258	-2.52529273720658
9540	0.293956167275438	8.12260517517226	2.03586513475031	0.0440877155369754	0.13457669265906	-4.43769318080041
9541	-0.0152796553137962	9.05846120245982	-0.167748849377004	0.867078807272967	0.925748019175749	-6.42493408462347
9543	-0.229478536825205	9.79494151559404	-1.194533597858	0.23475471013135	0.418987447209367	-5.74153833512406
9547	0.136286218646081	12.1299779825647	0.532491311519792	0.595424633201825	0.753511026532519	-6.29950939106642
955	0.219471021374283	9.2718427453955	2.01498738161466	0.0462647936311637	0.139520699303911	-4.47779893484347
9550	0.0358566141338226	12.159519493634	0.362907885912737	0.717347320876399	0.836196566531055	-6.37404216986304
9551	0.0805088905838924	12.0937415037574	0.993932907914033	0.322365630014883	0.518446281916459	-5.95510330936318
9552	0.110595824882011	9.80844449929824	1.18408016847697	0.238850250067309	0.423369756557076	-5.75361197805695
9553	-0.0469380673632864	11.512554033847	-0.665486078531152	0.507087119696373	0.686758420838177	-6.2214144589801
9555	0.0490989569316276	12.5819755742511	0.686546431131318	0.493766057058804	0.674356420520126	-6.20746921536773
9556	-0.117683087410643	11.6998678242647	-1.65177334271196	0.101339366635013	0.239708811112602	-5.11329420281274
9559	0.0957477776107709	11.5408474788613	1.09444982605891	0.276070348910112	0.466898115198094	-5.85287985827894
9562	0.484355325079385	8.96475329492079	3.36077617522711	0.00105889746960003	0.00896157079804946	-1.14964704610502
9564	0.0159639515088494	8.84296122314511	0.152480934341796	0.879077824832329	0.932954237840811	-6.42733789407252
95681	0.103750346780246	8.07112991097285	1.01478837972532	0.312360826171636	0.507294617415987	-5.93468749141471
9569	0.206323646005254	7.08671939488939	1.80097120582775	0.0743575468293474	0.193681146464176	-4.86660738972479
957	-0.170085763661755	6.50113408830727	-1.04409439388158	0.298656013704353	0.493577165505793	-5.9052963036875
9570	-0.216531690532411	8.63712074707836	-2.12383246796674	0.0358512475041007	0.115993460393213	-4.26450865895744
9575	0.300083928500728	8.46124514295227	2.6791172419558	0.00847670936267719	0.0417517109932699	-3.01861857807933
9577	-0.1331461861191	9.16743434059713	-1.40018929582343	0.164178924595744	0.330518624704082	-5.48306875191106
9578	0.369068042232521	9.19993271696318	3.15548074445808	0.00205083574491765	0.0147560132866026	-1.74989812572259
9580	-0.0226189538632309	8.15423705498578	-0.195957670399122	0.844993014453729	0.914112866117692	-6.41989020212208
9581	0.285620165091031	8.31802987775028	2.2259504328517	0.0279888710163844	0.097342347198036	-4.05501565528554
9583	-0.426923773073737	7.96283996170873	-3.65528180438684	0.000390349152703584	0.00428761170389841	-0.235361945432808
9584	-0.277277263468213	10.1255013557928	-2.28380327920095	0.0242396884036307	0.0874704352179947	-3.9323415981922
9586	0.437844427968535	7.89735802039637	2.4249364778258	0.0168849639720169	0.0678685169872795	-3.6211143140491
9587	-0.042634734297604	8.87680591052689	-0.459869391929735	0.64648793671659	0.787725380923298	-6.33487072196666
9588	-0.244403567784389	12.8405659548459	-2.59022587842979	0.0108461243268877	0.0491167691557526	-3.23537624511813
9589	0.103906154711439	10.6645554911398	1.16555340890163	0.246233821217479	0.431915770494028	-5.77475599500846
9590	0.23845324428362	8.57312938553241	1.42483143563374	0.156944470386836	0.321518185861921	-5.44943969230886
9592	-0.0543012522989982	11.1325360540072	-0.428934283653722	0.668782474291204	0.803433211204271	-6.34836790952328
9595	-0.0385145109092896	6.79621869385652	-0.219172162649089	0.826908815022412	0.906026496357278	-6.41515287751792
960	0.970074901757185	8.84766735788111	4.49656836774926	1.67305519184877e-05	0.000416248068815388	2.69320285313053
9600	-0.104692451411837	8.67671244976677	-0.8978010413564	0.371188412853465	0.565754831776166	-6.04381665882786
9601	-0.512408824800926	9.63178593504221	-4.00178785067704	0.000112312357643633	0.00167757698758843	0.916483655039038
9603	0.239472570095823	11.5757820494813	1.5977969168112	0.112863057040285	0.257954856434078	-5.19754383059054
9604	0.192673124039558	9.75407223578693	2.03936990121554	0.0437309722636504	0.133935979638551	-4.43092298300837
9605	-0.0527752635821056	8.24124014139746	-0.339319638884746	0.734994744309093	0.847912931283954	-6.3821788979818
961	0.337384906921971	10.1763198185495	2.15046624014111	0.0336355528341581	0.111399224703346	-4.21074130987497
9611	-0.0414838201593457	8.39365482766637	-0.322196797211852	0.747895138115929	0.855122689498533	-6.38774366906833
9612	-0.142207501337689	10.5701590180229	-1.09978541162009	0.273748243751218	0.464075683486663	-5.84718429220917
9615	-0.0144702638812136	6.40339894288157	-0.0699614162407224	0.944347242578126	0.971153912312665	-6.43636353868568
9616	0.0074014751284179	12.0013441971285	0.101004115727286	0.91972504955181	0.957394947611588	-6.43375379624328
9617	-0.315273516318514	7.76611903354006	-2.49638238782806	0.0139799707517704	0.0588739411746889	-3.45716590084551
9618	-0.0321616954494571	8.17233932379096	-0.268052038721924	0.78914484902903	0.881571064779522	-6.40344755147852
9619	-0.290031215678152	8.01082643271115	-1.68963153094273	0.0938381289931251	0.227444938229713	-5.05261366873655
9623	-0.451503390123845	9.22423941780291	-1.92894298074889	0.0562300248138516	0.159938018237746	-4.63902336735714
963	1.05846798636151	7.68857242585673	4.9726121146373	2.35935459449309e-06	9.43124053413483e-05	4.53525072293843
9631	-0.354964622314145	9.13703896830723	-3.05305343507152	0.00282099852687798	0.0187763479710009	-2.0375792868813
9632	-0.211566358017127	9.6004228374733	-2.19047478044752	0.0305304316066738	0.103565242329004	-4.12881629773434
9636	-0.570085404235407	9.85386657822784	-1.9633967380762	0.0520410959319639	0.151412276293773	-4.57525357850884
9637	0.158573971030656	11.2999328476402	1.70793050391656	0.0903775809463721	0.221852392000775	-5.0228151927941
9638	0.932051489378215	8.49247348315573	5.22898462257991	7.83941260711475e-07	4.31690320898452e-05	5.57589875295385
9639	0.455079037032058	8.22001008271456	3.58300456272316	0.000501326169849573	0.00521907771388792	-0.465399695789126
9643	-0.111483844810202	12.6074076223684	-0.781933868062823	0.435878398797071	0.626148795489358	-6.1389197280039
9644	0.130101538555381	10.1976012970817	0.927119982124755	0.35582765795996	0.551541523327066	-6.01770086873322
96459	-0.0137492559727941	8.77359194011668	-0.10110672040465	0.919643782298744	0.957394947611588	-6.43374359916071
9646	-0.20987424946719	9.60869043240537	-2.21722468806759	0.0285962391540644	0.0987891825230331	-4.07326861505478
9647	0.426167965791991	9.21144562391823	3.52464321400236	0.000612043185348661	0.00606899965303715	-0.648490465323544
9648	-0.28708700086181	9.33489072334722	-1.7799552719616	0.0777539878477072	0.20001492981067	-4.90257599467663
9649	0.191575956783664	7.2739650899637	1.38562981287588	0.168571372808284	0.336247172034877	-5.50267188904009
965	0.424497789139582	7.75043115146235	3.15461764095455	0.00205641646398215	0.0147704347760805	-1.7523554709053
9650	-0.27574283434889	8.56242601771227	-2.32519765900277	0.0218350524478243	0.0813153891880201	-3.84280987652013
9652	0.0837511243464763	9.69922412494066	1.12692922047298	0.262144612848743	0.450637773596382	-5.81778971382907
9653	0.414923201746434	10.0310770789188	3.04774498831891	0.00286742321026605	0.0189631030558828	-2.05227090348472
9655	0.30295551484134	7.36100214276014	3.22146737087036	0.0016635454100354	0.0126272196237613	-1.56037232348199
9656	-0.219722245047246	9.31169708102741	-2.30278959197419	0.023109287842961	0.0844987682969713	-3.89145757004216
966	0.593040418781857	12.4282231748516	2.91947421086906	0.00422799852975986	0.0252153558525751	-2.40066042781918
9662	0.0990874201913822	8.54642887188835	1.25092332904034	0.213529841227189	0.392988335832251	-5.67462678836853
9663	-0.0227419205780817	9.1682234153526	-0.209381092106344	0.834525360555395	0.909150551066679	-6.41721547432847
9665	0.19824438284903	9.3381577725049	1.88963994518109	0.0613523464535806	0.169647916606875	-4.71047876100477
9667	-0.106444034500923	9.24773695754016	-1.28097648420392	0.202807993646741	0.381245795976805	-5.63774056000976
9669	-0.242763111692393	9.10348497253007	-1.47743769824038	0.142322377072909	0.302206384221652	-5.37575754075304
9670	0.100049092052074	7.99826530677488	0.76002478962315	0.448812489055098	0.636960903992548	-6.15544446926613
9673	-0.0493194004744253	9.3343349569968	-0.728862051149462	0.467584372679116	0.652516796473982	-6.17814789005811
9674	0.477909619830647	8.61378684428965	4.19994638407059	5.3291210138377e-05	0.000976020833133024	1.61014904429429
9675	0.126547620686768	8.02306887578911	1.40076534723245	0.164006949482542	0.330479508497412	-5.48228907828482
96764	-0.118326065658132	7.40101518873223	-1.10019329076055	0.273571288461017	0.464003869135112	-5.84674777921707
9679	0.155935570898342	8.2921729556852	1.29104812575937	0.199305205503321	0.376804989118204	-5.62518875600366
968	-0.0442089707275289	9.74357300600167	-0.211704987411174	0.832716132545592	0.90885772394643	-6.41673444328762
9681	-0.0663760020422413	7.42804000229988	-0.476645093156791	0.634529431439935	0.77994242614492	-6.32715997292451
9682	-0.10653950403862	7.5775368646218	-1.10822041588733	0.27010489793329	0.459539949933878	-5.83812491407855
9683	0.150711732061777	8.62403895875039	1.89191740219087	0.0610451926460546	0.169149041011879	-4.70637581234169
9684	0.0585253065693326	7.69632099842294	0.564903133619101	0.573252287465801	0.737285093037282	-6.28206534033003
9685	-0.0238010669185778	10.7908114996992	-0.293724863542723	0.769503524630955	0.86984386802212	-6.39636014556406
9686	0.112831626789895	9.46336869931474	1.11862312376825	0.265658221938802	0.454502260400685	-5.82685895847838
9688	-0.0326130903309104	8.60040197659053	-0.304064036407659	0.761634751581015	0.864903342635561	-6.39332315727383
9689	-0.39096621698305	10.0252029518336	-2.7190891176205	0.00757290455218893	0.0385173593602713	-2.91905514270088
9690	0.131193108623392	9.72678560045719	2.00512823650893	0.0473243578253461	0.141538817186864	-4.49660462092713
9694	-0.124509238787061	9.07798734550007	-1.08913855082449	0.278395357446241	0.469103560282733	-5.85852255034923
9695	-0.509766522044051	10.2189157158177	-4.48055333264876	1.78329582373497e-05	0.000429800660954217	2.63340750796178
9696	0.030854486193083	6.57821921658984	0.4281852811	0.669326060469862	0.803700077565829	-6.34868309448348
9697	-0.0331280738467832	10.6726533943097	-0.396107963959382	0.692767574501612	0.821809588594473	-6.36166604754474
9698	0.0504346037789344	11.4405567594647	0.662721215946833	0.508850046748944	0.688468695519456	-6.2232132280845
9701	-0.0417074046099365	8.35978609588428	-0.421254413140014	0.674364413883656	0.806698053393048	-6.35157359941946
9702	0.0271475929524616	8.5699375921224	0.227293527004104	0.820603607484129	0.902915385349527	-6.41337057612673
9706	0.397991008335352	7.56857564595458	3.16934373489587	0.00196310666346643	0.0142865736037293	-1.71035193487078
9716	-0.116548538925457	8.293472595937	-1.47635392236165	0.142612537554101	0.302356149947863	-5.37730144074334
9728	-0.396487939650425	10.5607589533961	-2.87395702508686	0.0048388856734059	0.0278337017147164	-2.52120581530333
9730	-0.243381512383494	7.39950082142744	-2.52663483783787	0.0128909226765616	0.0556607534283317	-3.38646298661165
9731	-0.31692400839969	7.38440364098563	-2.2486194722087	0.0264633352236464	0.0932782219979487	-4.00728926323537
9733	-0.0354332920369731	7.86408161461338	-0.423787028475359	0.672521613246087	0.806115945943957	-6.35052282836421
9735	-0.425789490149913	8.57773345706008	-3.56026831655786	0.000541997733266182	0.00556136804568778	-0.537011615754147
9736	-0.290178579434436	8.13657834610514	-2.50815703069996	0.0135466784935951	0.0575890706933068	-3.42973774060815
9738	-0.186037586359448	9.48718683046678	-1.03264061484051	0.30396312966674	0.499152177146575	-5.91688108259169
9741	0.236241933248762	12.4912935578823	1.76824515313415	0.0797013843798116	0.203063983645047	-4.92244478754679
9743	-0.00660766422484639	8.58898221166232	-0.0710560771174245	0.943477930061207	0.971035819266864	-6.43628762985913
9748	0.0631738073096097	10.0052804873349	0.627800512472387	0.531393238226679	0.705790022150245	-6.24529222604422
9749	0.459028576882567	10.8772031316735	3.19202141327527	0.00182708502831042	0.013497424949499	-1.64534940532444
975	0.404959856883191	12.6115064039645	3.05333875011487	0.00281852312345482	0.0187750008062393	-2.03678903971554
9750	-0.4105498161108	10.0827990704743	-2.15897252139573	0.0329533680262504	0.110022158406155	-4.19343923728839
9754	0.706961269665266	7.24703414915208	3.6493776479628	0.000398460516057254	0.00435355008284777	-0.254288648227682
9757	-0.198347267977948	8.03585519473392	-2.112278310585	0.0368510095512053	0.118485534796791	-4.28764173227024
9759	0.113719847892438	7.2364934984856	0.916428151401206	0.361381630372621	0.556520990525713	-6.0273203510244
976	-0.106736780936047	10.1470165746623	-0.376524803063742	0.707228349960795	0.830594622738265	-6.36909676716799
9761	-0.280646392578508	11.1327651583791	-2.5951743615042	0.0106999681392963	0.0486951718074864	-3.22347942684839
9764	0.104219755413373	7.59717908314721	0.783143880445651	0.435170466121516	0.625566917009947	-6.13799355079572
9765	0.0528428025456152	8.29058086233317	0.389260830559288	0.697811138757745	0.82455351018903	-6.36430686465982
9766	0.177363605543099	9.50031601513667	1.76472535881881	0.0802945190430213	0.203883408329344	-4.92839266791775
9767	0.0772617343514715	10.0685520423253	0.931728051250636	0.353450862164925	0.549841628077256	-6.01352109208487
9768	-0.0843553595035747	11.9733119056971	-0.510253755485042	0.61086263045357	0.764156493646295	-6.31088464372681
977	0.094445757881155	11.3085879915259	0.650237325009502	0.516850349511142	0.695238533889487	-6.23124249892942
9770	0.245417232489948	8.13848324086596	1.91299452166114	0.0582633559651892	0.163736658271374	-4.66818468561457
9772	-0.0362543006898374	8.76739625138519	-0.37162588170487	0.71086290452265	0.832745466109983	-6.37089688629698
9774	0.0766661670188714	11.0744274135321	1.02984369870578	0.305268666805412	0.500555561271572	-5.91969094646567
9775	-0.0653084288044816	12.1525458643242	-0.730114624478523	0.466821435633218	0.652111837676659	-6.17725348895972
9777	0.13107099604413	10.3080958089766	1.43694518518697	0.15347909223575	0.317706599292744	-5.43270073674069
9778	0.0383029761747418	8.15259201669797	0.28310001025183	0.777614845433724	0.87389096915409	-6.39937176762757
9779	-0.070293873461833	7.60531365701087	-0.781163682434399	0.436329355635188	0.626536490826535	-6.13950851184418
978	0.337903398170196	6.9097909767931	1.74199567038801	0.0842128356873236	0.210679871927849	-4.96653219628124
9780	0.221555168172695	8.96470348528702	1.64146938487509	0.103462711244905	0.243545738068657	-5.12958322449572
9781	0.134520101463169	7.66047534828106	1.13783951773798	0.257578997741486	0.44557120865857	-5.80577737852438
9782	0.0524023127056626	11.4921363397998	0.827193067817409	0.40985995049051	0.602284858753178	-6.10331337756739
9784	0.178022614755953	10.7490214945024	2.46538440306418	0.0151805041464376	0.0627896666247243	-3.52882147864172
9785	0.0482810477350497	8.2911531143775	0.455759883055092	0.649431709573149	0.789448995007242	-6.3367176459559
9786	-0.224263252997941	7.89957670054577	-1.84840281208887	0.0671419390468447	0.18017947255586	-4.78396688791194
9787	-0.26056893122166	8.78367869764663	-1.33770357582116	0.183662067814288	0.356449407929046	-5.56580110166642
9788	0.585678104339534	9.44816301073946	3.86308725549418	0.000186599389306381	0.00247799189014583	0.445864765770455
9789	-0.133020045143815	10.8765898195367	-1.47997859247241	0.141643901518135	0.301152799624144	-5.37213362335017
9790	-0.286890453745926	9.97735297752853	-3.50237658875668	0.000660068359343103	0.00641431135079298	-0.717713491913456
9791	0.0931080323173259	10.9680316683028	1.01645886566905	0.311568522404272	0.506605510838442	-5.9330342174455
9792	0.00328910077652929	10.6254587615072	0.036285180912637	0.971118580503601	0.985610724632377	-6.43812302365257
9793	-0.0558640653032246	9.78169548685522	-0.670584552566804	0.503844784094663	0.683281832174201	-6.21807800457202
9794	-0.0812445163137199	8.89357156937671	-1.00356872604322	0.31771708530385	0.51346959980626	-5.94572236068415
9798	0.310665048234095	10.8481049713341	3.97132553813872	0.000125687204369639	0.00182456293162253	0.812053929413746
98	0.699603089124531	7.42043847997072	3.74933342546311	0.000280449125554633	0.00340162962860685	0.0693501963683314
9801	-0.155490830566068	10.547083168363	-1.41702874597508	0.159208209815457	0.324204615282302	-5.46014922241439
9802	0.195041324820021	11.8521105223359	1.60188683020393	0.111954730630165	0.256517635230281	-5.19125355360091
9804	-0.192691888409951	11.6985046007114	-2.32072216245568	0.0220844856712191	0.0817824871729441	-3.85256030025294
9805	0.281991108767735	8.50179560503432	2.16668144266769	0.0323455285101715	0.108475057041826	-4.17770479638795
9806	0.212579320572155	6.57440948407195	1.28261383786467	0.202235470380776	0.380515941992076	-5.63570649992355
9807	0.0901281873218446	8.88589794173104	1.16531940795763	0.246328104297101	0.431989414329949	-5.7750209727166
9810	0.0374236241262796	8.52752672307733	0.346914987361172	0.729296303231563	0.844285777758198	-6.37961843314325
9811	0.264197059292909	7.28563394243708	1.93298293875884	0.0557245629865678	0.158938152717213	-4.63160047629016
9812	0.15220236090328	8.7719149039528	1.74178444238153	0.0842499713579442	0.210679871927849	-4.9668844343247
9813	0.157316543346024	10.8405379755451	1.71433818870936	0.0891906869203678	0.219456381877342	-5.01230877714595
9815	0.0491000716108389	7.97509375930187	0.432003110711199	0.666557122060879	0.802469304000489	-6.34707079492293
9816	-0.195467365742961	8.10332818296049	-1.69043437937406	0.0936840744035489	0.227262982253543	-5.05131268388886
9817	0.0495144987296184	8.85068454257069	0.542520607911773	0.588521495073594	0.747529993742563	-6.29422112533095
9819	0.114020052799302	9.34720465991639	1.2398228998061	0.217593108835999	0.398783909249024	-5.68803581430845
9820	0.0812435749675385	7.65277758640443	0.564810583760754	0.573315030578506	0.737285093037282	-6.28211660947417
9821	0.112843045036339	9.43746264047239	1.5258978206129	0.129811643476614	0.284792609592784	-5.30561159717357
9823	0.320751003690238	8.74928853776232	1.85726141237917	0.0658611949104041	0.177988946894086	-4.76830853215195
9825	0.0650685853704455	6.96523695089913	0.561068636975521	0.57585459991691	0.73905564110709	-6.2841825116136
9828	0.165113016575564	8.42769809758277	1.35825902717871	0.177069912365084	0.346998214978789	-5.53898832537613
983	-0.164287558831862	10.1526406890022	-0.988032912184204	0.325234009655793	0.52174403934759	-5.96080336281436
9833	-0.355681717281727	9.48020266238693	-2.44308165669084	0.0161003282561923	0.0654472004902305	-3.57988068107674
9836	-0.0770661432922995	8.62837450137692	-0.827940247100886	0.40943841364355	0.601986702865028	-6.10270895045395
9839	0.917692136282413	8.16130060345815	5.36163017158433	4.38033004886591e-07	2.72041550403251e-05	6.12667582878985
9841	-0.0895681365968109	8.15129599316132	-0.977495846051868	0.330398504135799	0.526749979571839	-5.97090037955376
9844	0.350281065844908	8.85407360200839	2.41787726308576	0.0171992922140478	0.0686641632131632	-3.63708121242657
9846	-0.566031590896362	10.7892905951603	-3.95175111886346	0.000135070284071923	0.00193024315992055	0.745265354004387
9847	0.0531249883239787	9.18357186701547	0.590055081972819	0.556324319016017	0.723310530707013	-6.2678226210921
9849	-0.254319469316087	9.03063099252395	-2.62284521239546	0.009914916828614	0.0463534968511817	-3.15658496767124
9851	0.101166535612231	7.49550910418968	1.22207894036796	0.22420471977338	0.406303419334823	-5.70922855132239
9852	0.276524366574791	9.14957822479016	2.65198554103347	0.0091447283428495	0.0438904451551057	-3.08546132877467
9853	-0.0273578892243448	7.66096794055391	-0.202358950781415	0.839997682560309	0.91114653420199	-6.41863677480491
9855	0.0744058533994578	6.55706129602734	0.714067831001262	0.476648253518646	0.659476975465062	-6.18859661445703
9857	-0.0820390227005284	8.87092635505288	-0.719623559138531	0.473233074324893	0.656696246718926	-6.18469765511001
9860	-0.109083160806133	8.11079433544022	-1.37591659972064	0.171551075058014	0.339976741470361	-5.51563985074561
9861	0.177204456735879	11.9746227051797	2.4552393880104	0.0155929353689224	0.0642062044602686	-3.55209874100973
9862	-0.0812332172959162	8.65669730866214	-0.773179678742635	0.441020150772426	0.629919841843375	-6.14557823087487
9867	0.0250777769768865	10.9564369437609	0.296052279479919	0.767730080310815	0.868324549325558	-6.39568564732753
9868	0.00191497308512902	9.42699190321193	0.0290628464927476	0.976865407876155	0.988594495106229	-6.43835511823238
9869	0.0836341044869736	9.51667511604548	1.04067590878902	0.300233368066206	0.49519321490153	-5.90876700675084
987	-0.302674435522161	8.53167983620019	-2.9200785520116	0.00422038700112844	0.0252035563471963	-2.39904899118544
9871	-0.220060908923858	10.2963997026801	-2.13887022208257	0.0345852204303058	0.113362666966002	-4.23422678382564
9873	0.254649968342802	8.75592774779124	2.92100596966574	0.0042087308907236	0.0251731478330028	-2.39657553616916
9874	0.00348910264313843	8.89258937844284	0.0276741415459522	0.977970552278204	0.988815741261567	-6.43839386471283
9877	-0.157094201978411	9.58157614466078	-1.3004429386561	0.196078372572834	0.372865867479094	-5.61339447003962
9878	0.12844357109478	9.24393935471262	1.52822567413344	0.129233166915005	0.284127218184173	-5.30218736359672
9879	-0.00273731771944933	8.53624659838558	-0.0309937706678214	0.97532883557485	0.98788671757796	-6.43829809107757
988	0.0286687753756637	9.58857507194379	0.35570246421851	0.722722336524566	0.839382241239161	-6.37658552436376
9882	0.00296758238265366	8.38362955699218	0.0293897588721711	0.976605254406157	0.988452322190277	-6.43834572119297
9885	-0.101052003830716	9.27453688945282	-1.12917447083551	0.26120044687389	0.449833472475024	-5.81532691543947
9886	0.0654901087633517	11.3466392935814	0.360425064004757	0.719197842311655	0.837435694595148	-6.37492429710193
9887	-0.0599443113624453	8.71397842816053	-0.718975588714222	0.473630686301502	0.656768259222596	-6.18515393709426
9889	-0.0748853573360646	7.53608866869	-0.856782134525606	0.393367105087626	0.5887516929278	-6.0789656426637
989	0.56130891193451	10.3086876719582	3.34634325949724	0.00111031560965272	0.00926384538962772	-1.19286065021964
9891	-0.108843136156695	8.52436610691398	-0.649266843767966	0.517475037121463	0.695467589753219	-6.23186033658461
9896	0.352400937833841	8.29927407375069	3.26720278112707	0.00143636770497691	0.0112889501764336	-1.42710688920137
9897	0.115116561615628	9.97793829170399	1.3313203128879	0.185746217855641	0.359396523656031	-5.57404695759697
9898	-0.026102703922045	9.39418057394597	-0.249910098742189	0.803107743155972	0.890305993620766	-6.40806580851167
9904	0.204297803999482	7.47953517795366	2.27104918787176	0.0250260440133735	0.0894870664720627	-3.95963254746599
9905	-0.0484285686419113	9.90479341068739	-0.528606320518294	0.598108684807657	0.755640522562136	-6.30153149738396
9908	-0.111988310786561	10.5269882058433	-1.08474476706433	0.280328911949614	0.471400002586281	-5.86317019221096
991	-0.527372221992111	9.74374807715113	-2.57167150388407	0.0114102807854167	0.0510557525934681	-3.2798042636688
9910	0.172151289191662	8.2171477109633	1.38884210378347	0.16759465379707	0.33518930759414	-5.49836381814838
9912	1.34800558450097	7.1468325959619	7.17147186069549	8.02957298759512e-11	4.23915330376344e-08	14.3173468514435
9915	-0.152846753444631	7.46946055079364	-0.632504964085439	0.52832661865664	0.703487911517279	-6.24238691783767
9917	0.148655936816762	9.94510415203641	1.27918198303575	0.203436838732643	0.381906429075372	-5.63996694477207
9918	-0.170041608059994	9.57279168788665	-1.25647152266071	0.211519864648215	0.390600063043652	-5.66788116564912
9921	0.0963941595654873	9.27080002522304	1.00768560084538	0.31574464767078	0.511081871401263	-5.94168727969633
9922	0.103668404480405	8.75965557331137	0.772742896624755	0.441277612824844	0.630178610292741	-6.14590850835609
9924	-0.124918607178115	8.35232502120915	-1.50035990903273	0.136292385522745	0.293944542667651	-5.3428485737428
9925	-0.0907771282416185	8.72121714877309	-1.38041398181959	0.170166493016858	0.337926397270165	-5.50964642228509
9926	0.163599765327334	7.23696995460362	1.16061155460566	0.248230429153938	0.433668220137802	-5.78034101568767
9927	0.00145466587710109	10.2330408482925	0.0153833116465462	0.987753332416716	0.993284943482113	-6.43865411231465
9929	-0.0556640401063139	9.38052461044658	-0.723488668605526	0.470865209232572	0.654778158396125	-6.18196749850478
993	-0.241122849261582	7.90767821225127	-1.51764067030984	0.131880001445776	0.288029828646778	-5.31771735542331
9931	0.0256955931470463	8.8219138639799	0.30225461399331	0.763010062483032	0.865841889835121	-6.39386222139295
9933	-0.343913690181128	9.93587523534095	-2.90634141407097	0.00439655016110722	0.0259396459505326	-2.43560755420715
9935	1.34688970717822	8.700052821559	4.05747770390305	9.12988731848321e-05	0.00145584689673111	1.10893235188671
9937	-0.0567953243117497	8.2784148549888	-0.639319754291079	0.52390061909124	0.700342954150129	-6.23814014859498
994	0.61396292187195	8.92616661625639	5.37279045884843	4.1694920839787e-07	2.60909125861091e-05	6.17338594536387
9943	-0.271236700059873	9.80982863299999	-3.48067350085805	0.000710277393717376	0.00675909132731051	-0.784846676393879
9945	-0.577326531993932	8.56971932054216	-3.07881071987792	0.00260545426979035	0.0177859936103044	-1.96598749483316
9946	0.152353460231783	9.06199181218587	2.24479057398722	0.0267157807666168	0.0938631855092534	-4.01538145182347
9948	0.121732034557992	11.8651927150596	1.52629143446956	0.129713686763256	0.284785750635209	-5.30503294936431
9949	0.0791010243845994	9.53798165055709	0.503402464956234	0.615655001781277	0.767594009768053	-6.31429200174414
995	-0.204249702888073	7.36176484489345	-1.56770397845468	0.119728562624594	0.268957826292942	-5.2433541384478
9950	-0.0723263522784705	10.434109287269	-0.510339495212237	0.610802763143483	0.764156493646295	-6.31084171225773
9958	-0.003829579067779	8.84621223661786	-0.039422930940461	0.96862232150984	0.984474021861853	-6.43800620443573
9960	-0.34412843408021	9.52839522382161	-3.20065045311072	0.0017776725293575	0.0132284460292729	-1.62051423530536
9961	-0.270752202267261	10.8607059174141	-2.78065229145693	0.00635110957561141	0.0338234462247262	-2.76319351201537
9962	0.492328913441221	7.74167641945503	2.63491238370815	0.00958913963231425	0.0452866171314555	-3.12721633435978
9966	-0.0207457621791125	7.68626687878863	-0.108869542448911	0.913497825869056	0.953315482208263	-6.43294209500125
9967	-0.194856822578855	9.51383520986758	-1.76543007031722	0.0801754752478085	0.203652520559068	-4.92720271692973
9968	0.219589140722031	8.00326589410848	1.42876794827527	0.155811820973069	0.320389753855501	-5.44401514177032
9969	-0.311888029055139	8.30037273007772	-2.6091300775542	0.0102972884194496	0.0474579222869335	-3.18981978984723
997	0.157352706033739	9.49492304924745	2.07388578540038	0.0403476920719529	0.126287205954654	-4.36367191911249
9972	-0.0930426375899354	9.97866789058893	-1.46431863514583	0.145865760493941	0.307204246891724	-5.3943731542541
9973	0.109523842176761	8.43071569508125	1.1933793872085	0.235204426943646	0.419427583453047	-5.74287652097124
9975	0.388594361519456	7.75904525553381	2.83892431102972	0.00536305183414057	0.0298710776466629	-2.61287343808538
9976	0.165239491446456	6.45969078546475	1.1632314965343	0.247170495349176	0.432552229477183	-5.77738298102664
9978	0.0666843225638793	12.3231943560514	1.10576155867718	0.271163459894701	0.460771482972686	-5.8407727722838
9984	-0.0807863066835512	8.65210064901524	-1.0007802748243	0.319057699718731	0.514729804624359	-5.94844619640984
9986	-0.0845355808865309	8.54502239383206	-0.877813656019757	0.381895581800799	0.577760509340248	-6.06114625766214
9987	-0.25645641751904	10.4550904790236	-2.64545960697816	0.00931235004497226	0.0442832535241628	-3.10144954738706
9988	-0.0834803337824827	9.36963870992856	-0.796456421418701	0.427426303752127	0.617767501136057	-6.12771026520169
9989	0.125577605813006	10.1697093999363	1.5826678569804	0.116274309246542	0.263278439792773	-5.22067877016163
999	0.0413523815684929	11.5217397282699	0.376411060233394	0.707312660573966	0.830594622738265	-6.36913882885801
9990	0.0259075070380506	6.3001986311466	0.186284325134653	0.852553682438276	0.918015749965408	-6.42170793971127
9991	-0.184535349964968	10.5673095361833	-1.87001088113902	0.0640537855686423	0.174615270230028	-4.74564928562942
9993	0.0272068432929697	8.94215616553696	0.298431014720586	0.765918804137712	0.867510939081329	-6.394990784325
9997	-0.174467034643013	9.00468869784272	-1.59092162343943	0.114403238844633	0.260035980422858	-5.20808340512754
