gene	logFC	AveExpr	t	P.Value	adj.P.Val	B
10	-0.356828009937169	7.05186281607355	-3.25645039218254	0.00147278875134867	0.00452071166337421	-1.73820985837077
100	-0.706249442518097	8.02432463267664	-3.94298687914535	0.000136905243975615	0.000575197006733765	0.475128377507001
10000	-0.291325114233978	6.54906319173845	-3.20827735601934	0.00171927618974966	0.00517348682234323	-1.8805394308678
10001	-0.084668814590579	10.4444525602698	-1.94610858302325	0.0540177689092119	0.0976125073703982	-4.93660661005995
10005	0.108282509146426	6.80171929028782	1.44348219060194	0.15153281278873	0.229367973911473	-5.76425018425012
10006	0.193085882678282	9.15472719956519	3.44683235785157	0.000786535247322583	0.0026081016229966	-1.15858455127216
10007	0.26900000606017	10.5170758398344	4.13274112247381	6.73072442078426e-05	0.000310590970478648	1.14450945720273
1001	-0.125244077321652	7.64840640365216	-0.949935054264477	0.344085720159181	0.445198629153327	-6.3451055163278
10010	0.0690145851789757	9.84984317121042	0.976365773471569	0.330879516972275	0.432485520374026	-6.31994995963696
10013	0.0665256525407552	7.65101397526642	1.00652795685255	0.316220057771627	0.416915830358122	-6.29041349286697
10014	0.121890869845628	5.2938283854421	1.7307822051765	0.0861031765428654	0.144555332976437	-5.31975662407613
10015	0.321567288839091	9.05819119166241	5.46314307945074	2.63729517880814e-07	2.63262839105869e-06	6.43903117641739
10016	0.0177946305867774	11.5884246757926	0.421820141264875	0.673923358155131	0.75262749574907	-6.70422755706875
10018	-0.0563438559922067	5.15335661114398	-0.903085656559901	0.368319262573093	0.470001098231692	-6.38802353519959
10020	-0.0778220612183274	11.361939566749	-1.23562685507713	0.219050217769503	0.310078688929463	-6.03735098695719
10021	0.168437408718186	5.81695246070479	1.39150682917407	0.166688039886358	0.247856563359373	-5.83638901124203
10024	-0.425189504309584	7.50660359830669	-4.20119086515796	5.18199542991255e-05	0.00024856726045922	1.39173050822749
10025	-0.0963262397567587	10.1256775198268	-1.10596782390283	0.270988915769857	0.367729332061609	-6.1867908366548
10026	-0.599018403409391	8.89723183200947	-7.20213179097922	5.99730639717773e-11	1.98946790524852e-09	14.5663467201062
100287932	-0.108008035772238	12.3205944371493	-3.0037560252724	0.003256462107677	0.00892151807940697	-2.46483650128658
100288413	0.0189315265761439	10.7763771909778	0.203669908820103	0.83896208587191	0.884357686230472	-6.77211826281515
1003	0.560801739084173	10.4041960795186	4.54404426326744	1.34209460745064e-05	7.84550704709289e-05	2.674046185792
10036	-0.21774144017419	5.81328308876581	-1.85197209557539	0.0665279321330254	0.116374569974331	-5.10932015254359
10038	-0.0324203843253089	9.27251803978449	-0.564010891334258	0.573816530415068	0.666159457656846	-6.63456590119517
10043	-0.0333593557763227	10.9156527613908	-0.492791660931021	0.623075035138312	0.708702807799842	-6.67195891465373
10045	-0.339454536589122	6.19264464238837	-3.0612763400484	0.00272920506753244	0.00768868821890107	-2.30380792587946
10048	0.251467100475294	7.84344780518105	1.5734389673315	0.118293183254965	0.186518221933846	-5.57273784025518
10049	-0.154269496449774	9.94086016038261	-1.91046475089614	0.0584987101993349	0.104498128513518	-5.00294919066398
10051	-0.136937986497639	9.88363639554612	-1.66789237956345	0.0979872754390539	0.160590256969561	-5.42362983841397
10053	-0.14370557721342	7.61485671268837	-2.2620991679445	0.0255205545101847	0.0518317630327331	-4.29872447783915
10054	0.0436389059629234	7.69177775971883	0.587645578763588	0.557892453354967	0.650791344888281	-6.62104885453466
10055	-0.161819304168182	12.3752870744047	-2.67785148432822	0.00846535483422082	0.0201916924431603	-3.3270975258539
10056	-0.0653681001715757	13.9152426906675	-1.66325607120938	0.0989135124674462	0.161787250095268	-5.43114254844848
10057	0.550992730711503	7.48794835669154	6.4710428551591	2.31086236204432e-09	4.38798232424968e-08	11.0190381761645
10058	-0.302452014682258	8.21684905769866	-4.28688606022547	3.72062598176982e-05	0.000186482831367832	1.70543771942679
10059	-0.143399422788282	9.15233535093135	-1.99811227937896	0.0480028185195163	0.0882098511615583	-4.83775500929546
10061	-0.341012208938767	7.24693868559264	-3.50607958223884	0.000643797139685899	0.00219924084938194	-0.972717830511792
10062	-0.205608254073393	7.90858045777787	-1.83303024692119	0.0693174418027404	0.120311424519991	-5.14309839546705
10066	-0.0437178501486192	6.86951639028343	-0.501497313560394	0.616954994984651	0.703160448419887	-6.66765724531935
10067	-0.0192821973655154	10.6550725823595	-0.359613744920169	0.719778411756393	0.79254526048784	-6.7284043176272
10068	1.06877032758556	7.58481563847172	6.41082868288746	3.09916270079269e-09	5.59063296589229e-08	10.7344189376104
10069	0.0890067779773217	6.59510476070037	1.33499309523278	0.184447064780539	0.268937820845058	-5.9119211828208
10073	-0.181175395186994	8.32370971320963	-2.3232816796947	0.0218753595632686	0.0455139722903271	-4.16503830180294
10076	-0.439706126645329	8.27996848606588	-7.89184588824517	1.6906440051877e-12	1.10831107006749e-10	18.0416981766273
10078	-0.063982915808512	9.17838361333132	-0.925492154314691	0.356597794084113	0.457801955103322	-6.36776409037188
10081	0.0685817579665789	13.9371825520366	1.66116818133864	0.0993329341030602	0.162280465919952	-5.43451926876764
10084	-0.0854037712538446	7.8127699573299	-1.18109127362718	0.239940201003713	0.332869677576532	-6.10217583988563
10087	-0.146232746953576	6.07740441692162	-1.73582229611794	0.0852041302587411	0.143162350678845	-5.31127388682904
1009	0.815703373084351	11.5681866758093	6.55591673066061	1.52484874900058e-09	3.11352194041839e-08	11.4223204590516
10092	0.363889599730943	12.8194691758167	6.76139927119881	5.52137566456116e-10	1.32577217992079e-08	12.4084593687327
10093	0.108135462131833	9.95844999205073	1.49590637541255	0.137346360528513	0.211026960187038	-5.68890469836382
10095	-0.423722914289376	8.49557307463423	-3.09822609833587	0.00243342137928724	0.00697918770587243	-2.19899614472971
10096	0.082969005985631	10.9488158371962	0.836218728174231	0.404721083086339	0.507668359345963	-6.44556991371543
10097	-0.0235174454596988	11.3802090410487	-0.436311646017671	0.663407435406885	0.743793268062453	-6.69804419334339
10098	0.395743592009491	7.23525102057924	3.40227306225754	0.000912949181524976	0.0029630492099789	-1.29667170056482
10099	0.164810562666065	10.3654340445224	1.52755127758041	0.129298611815117	0.200639964980813	-5.64217213460896
10101	-0.101585562903524	6.1744279400769	-1.07229446227132	0.285774694552277	0.383509175792333	-6.22295203067331
10102	-0.373494927358558	6.71829554121435	-3.54815199165961	0.000557658758051891	0.00193866218076962	-0.839176123727149
10103	-0.00462123317363394	5.28551879693743	-0.0453031791463711	0.963942188702754	0.977192253152276	-6.79175086356008
10105	-0.0394260508650862	5.59086437396703	-0.440487272716775	0.660389651024301	0.741345272826954	-6.69622386777842
10106	0.268519087820531	10.9586199872072	3.876551574877	0.000174618219758133	0.000711288264728808	0.246436370200802
10109	0.110014881803937	12.6301272962118	2.17160352325531	0.0318855789518391	0.0624111095123675	-4.49045701408803
10112	-0.415877969887118	8.72388184469206	-3.71285923886606	0.000314234864171455	0.00118303554150238	-0.304153620611166
10113	-0.199164061504996	7.84242748350424	-1.75952169539105	0.0810791603422449	0.137433585969001	-5.27107273707406
10116	0.132857044936633	5.39376253628049	1.45735624997684	0.147672710745822	0.224471216555113	-5.74456208256512
10121	0.115603327906181	9.58906901317947	1.71042476418175	0.0898138146707576	0.149689691117929	-5.3537806994733
10123	0.348703203035126	7.50058211255035	3.03776872476972	0.0029343420276784	0.00815259507185455	-2.36993261213285
10126	0.272853737333312	9.62272222253007	4.35025419239919	2.90415936979344e-05	0.000151250670835396	1.94036904935962
10127	0.124683281117169	8.84879228087159	1.76860833950158	0.0795417713375572	0.135132667883221	-5.25552200796341
10128	-0.0630961761505442	8.60550942335887	-0.801777088266721	0.424292684119817	0.526857722614204	-6.47350482421299
10130	-0.734058448934369	10.1635032115766	-5.82450195157592	5.05043442551074e-08	6.27317118116071e-07	8.03322889660311
10131	-0.393967811418645	8.62053098022029	-3.88609413972212	0.000168649738806005	0.000691338383393352	0.279101265567892
10133	0.654302637503279	9.37899496972033	4.03925033558949	9.57606890288394e-05	0.000425039138851991	0.811745655528731
10134	-0.334026231175376	11.7018445439281	-6.536085325513	1.68075035031101e-09	3.38609704721194e-08	11.327873563651
10135	0.124683716617123	7.46208206379595	1.05645502397046	0.292917277560497	0.391440982470426	-6.23958262878657
10137	0.0669693384695321	8.71833178085558	1.12111636837978	0.264513457411985	0.36054144525132	-6.17016604285382
10138	0.303890277596443	6.52401633573926	4.05436485569427	9.04874700129054e-05	0.000404451570512229	0.865155932351359
10140	0.771107295722049	6.17609500649426	5.57728051899227	1.57409772131447e-07	1.70540024899575e-06	6.93625777990304
10144	0.157156758945308	9.78806208412738	1.31245889596831	0.19191103869536	0.278542466987116	-5.9411919895244
10146	0.0831921161686056	10.1485383045772	0.602459372334071	0.548023754212799	0.642719893482567	-6.61229544429482
10147	0.0807267700063395	9.99106858138391	1.05074861673923	0.295519996232849	0.394451653630085	-6.24551457464698
10148	0.123292635648961	13.6892350776079	1.26227664720936	0.209336938021684	0.298949361697633	-6.00463648465976
10150	0.240890506190699	10.847777473877	3.06448125895407	0.00270228889366872	0.00763630046585823	-2.29475917778655
10153	-0.184248816496161	10.9634601219948	-2.46760197287415	0.0150358987981261	0.0332520814116524	-3.83686921952209
10155	-0.21824292158593	9.21961374613851	-2.92937922125517	0.00407757310054424	0.01076750441512	-2.66916960324377
10157	-0.364952493664421	6.87444674806829	-3.43719748635971	0.000812388570674267	0.00268735666550638	-1.18856683592671
10159	0.186457033555406	12.5547780755239	4.03527224665578	9.71966895269088e-05	0.000430710652088126	0.797713245634566
10160	0.661229312364637	8.54911738469221	5.93106685146064	3.07035893407729e-08	4.12376663341113e-07	8.5141343642842
10162	0.44063465290985	10.1393873160125	4.09324594557857	7.81683866133177e-05	0.000353792259411509	1.00323828504569
10165	-0.274929875788136	9.92349596061835	-4.24078709485098	4.44886647645602e-05	0.000216928200091657	1.5361057117836
10166	-1.06239840834461	9.06281013092383	-6.26167728016784	6.3782444407561e-09	1.04163612946091e-07	10.0349243998765
1017	-0.0520949234957413	11.0283595951297	-0.783625188495549	0.434829264356556	0.536958343101698	-6.48775991516864
10171	-0.190686277948346	7.83950833202284	-2.76934977842609	0.00652506867903934	0.0161127256468954	-3.09373972526953
10172	0.149945852089144	7.97977101105594	2.91382417365476	0.00427174452394427	0.0111804798465452	-2.71134535034415
10174	0.383444953125231	9.22441412109381	5.06151930716895	1.54643249927863e-06	1.21768660095724e-05	4.73915715136011
10175	-0.116439767633704	10.9775013583743	-2.04574176578475	0.0430034923653937	0.0804367859914294	-4.74508418466113
10179	0.0997985236359011	9.40104684640093	1.52331978030779	0.130352756482385	0.201934315180889	-5.64847558978955
10180	-0.00683446952131383	9.23361492250147	-0.124569979771613	0.901075839379676	0.929779691852107	-6.78504544481057
10181	0.0957818141928338	10.7842332652788	1.73297143761585	0.0857117145055889	0.143927375852036	-5.31607490899546
10184	0.371024837704442	9.32175453249933	4.1569123725184	6.1390138637086e-05	0.000288278877283872	1.23146569979669
10186	0.817158708542787	9.8662812788857	7.7141282386647	4.28166765475382e-12	2.3267483439649e-10	17.1362016405328
10188	0.0950269135728599	8.94549604472702	1.18787077856063	0.237268468375594	0.330092253172034	-6.09427261080335
10189	-0.44508287124499	8.17093929971185	-3.58423653443305	0.000492557982543764	0.00174540065886379	-0.723620162538823
1019	-0.135294587175819	10.6348225936452	-2.15817117776286	0.0329392350896067	0.0641965655331894	-4.51830159256257
10190	0.0716794408134042	9.66334480814157	0.994407345605283	0.322058239987214	0.423712492245201	-6.30238884332921
10194	1.14421102944376	8.74579508167085	7.75252110222654	3.50475498884378e-12	1.9965018074379e-10	17.3312784348996
10195	-0.214602230869613	9.51800835884321	-3.26453239919771	0.00143481702425642	0.00441728983241074	-1.71415793099643
10196	-0.0886019296344819	9.82085258249758	-1.44059895962715	0.152344681311772	0.230259298743867	-5.76831885476612
10197	0.0605526869086895	9.0182887979946	1.01503930258209	0.312162670985474	0.412488187864344	-6.28191893955891
10198	-0.365696207684606	7.49732130962589	-5.37656807534838	3.8859035543376e-07	3.68091322922346e-06	6.06593118829215
10199	-0.198187039644671	9.58119879605878	-3.11200752862108	0.00233092288604589	0.00673432075506787	-2.15963070876371
102	-0.293217021458557	9.59563379299977	-3.01495050801547	0.00314700722708751	0.00865898724042066	-2.43370196165333
1020	0.314507018583355	7.35193016742228	3.76193240559259	0.000263962988672565	0.0010155259834352	-0.141040282325061
10200	0.127153557126591	8.68277394033193	1.37201731131515	0.172659341844592	0.255310806236364	-5.86277984266071
10201	-0.0617834451142326	8.48772097090946	-0.955246655407246	0.341404756541699	0.442839712474	-6.34010473265387
10202	2.19430431661142	7.17721832847168	6.50974264018767	1.9123863397411e-09	3.75209291360131e-08	11.2026204881592
10204	-0.399247172352616	8.9045663722159	-5.29000474345197	5.7059042968608e-07	5.13966951930973e-06	5.69647190013186
10206	0.0798979399912466	10.0456210345193	0.590272451356619	0.55613610625578	0.649375775752438	-6.61951244570261
10208	-0.0554966621246867	8.44178245278467	-0.972975095834441	0.332554869364003	0.433949955915745	-6.32321503551431
10209	0.16372079719245	12.1312881378071	2.76562344786819	0.0065954158834476	0.0162718444436312	-3.10337791353715
1021	0.365100090683121	9.95541686891785	5.32132531826287	4.96744982081178e-07	4.55395510764765e-06	5.82973077765026
10210	-0.035663511375556	7.7461533974725	-0.641627809891407	0.522358582396743	0.619213818972029	-6.58810801957979
10211	0.315248755280037	9.46777225031513	4.18849052752109	5.44076617737701e-05	0.000259622926777205	1.34563378001826
10212	-0.26372225818876	10.6146130563106	-3.68633827743732	0.000345055558550444	0.00127867156286526	-0.391603601935325
10213	-0.0634756245736124	11.1887661261397	-1.06274370468994	0.290067082402941	0.388071606842936	-6.23300889102454
102157402	0.0242030843008218	9.56123140122992	0.224549657808588	0.822717781340942	0.872579465058574	-6.76766720512206
10217	0.396750482571791	9.98485184393397	6.02558431243568	1.96733639648393e-08	2.79213034964902e-07	8.94455387429774
1022	-0.515599804404372	11.651162469973	-5.75911503244338	6.83870698416967e-08	8.16296527301178e-07	7.74051026415032
10221	0.0618711532927732	10.2310918045389	0.983997684576337	0.327128814770513	0.428698081866482	-6.31255988122738
10226	0.0771708704680422	12.5558037212189	1.07060166101898	0.286532301871035	0.384276150910009	-6.22474096800961
10227	-0.216590506649118	10.5524172942229	-4.09393868911139	7.79641817282033e-05	0.000353449034618529	1.00570744581175
10228	0.0210486446050517	8.68012472254914	0.39782224525074	0.691479600561256	0.768596715722845	-6.71400926262821
10229	0.0735048722023642	6.71189650901092	1.13327380309601	0.259395315378611	0.354759833542307	-6.15666376339811
10235	-0.0196141044964955	6.12687501745484	-0.28163144715126	0.778719147267548	0.839715425121403	-6.75328569334961
10236	-0.0584433421155898	11.9817100994156	-1.50032517058092	0.136199645861424	0.209381923472057	-5.68243562891237
10237	-0.280001428856036	10.8423584992187	-3.82148432496102	0.000213186652142469	0.000842949615460408	0.0591507809780607
10238	0.162364153661943	10.1022094662654	3.7838859461593	0.000244036052031045	0.000948582489306556	-0.0675262738149991
1024	-0.0325309687839612	5.51897742512863	-0.334403869875809	0.738668116620049	0.807704347800053	-6.73710863962086
10240	-0.315975837214487	9.94190748438291	-4.98951421090728	2.10623338025642e-06	1.58881166401078e-05	4.44302755050314
10241	0.28132021815488	7.44979827434049	3.42879320897831	0.000835589796979459	0.00275417866043509	-1.21466378939204
10244	-0.112325721705	10.6350550274686	-1.9399460041908	0.0547710835149994	0.0988047055828067	-4.94815902522869
10245	-0.171499116199603	9.1589486077475	-2.71344142734137	0.00765577635795726	0.0185065006487348	-3.23714914623017
10247	-0.40084957797258	8.38285509507675	-4.33190305701607	3.12092841011778e-05	0.000160816398425283	1.8720777282293
10248	-0.537505861423153	8.17413449996424	-5.1759145498081	9.41660276684745e-07	7.83294449689425e-06	5.21515408526677
1025	-0.0475749250371744	8.59579691695315	-0.725390561490501	0.4696477984911	0.569395393444369	-6.53131106575984
10250	-0.113692978818079	10.754913971551	-2.39455363059843	0.018214120162551	0.0390066457201637	-4.0052126014601
10252	1.07201656922808	9.01701403485277	9.24758934512806	1.2026053932475e-15	3.20436146716915e-13	25.1133419389623
10253	0.02203210558818	9.95794887649557	0.381454400932803	0.703551708387358	0.778582142454391	-6.72035322277812
10256	-0.201806849100921	6.48915498393768	-2.46226668921424	0.0152500622593726	0.0336536239012605	-3.84931913214426
1026	-0.439496995809901	11.4793656197855	-3.92863981105243	0.000144325080096935	0.000603607676759839	0.425488885229114
10260	-0.138035106757793	7.60999487778783	-1.24040939856563	0.217283360623077	0.308091476074363	-6.03153012440659
10262	-0.0573633728318253	11.0811493505809	-1.41398711360553	0.159997162203072	0.239937647022036	-5.80550130753637
10263	-0.527783523778173	7.47882636791432	-5.86256345347862	4.23013901005233e-08	5.35083433737094e-07	8.204451227907
10269	-0.0268351015268887	11.3525205287568	-0.695108408022173	0.488353147686204	0.587503204178276	-6.55264126156461
1027	0.255487040453261	11.0198549142177	2.92629589963714	0.00411540483733715	0.0108500619075662	-2.67754508232128
10270	-0.0363554007653037	8.41525005185627	-0.730303247382452	0.46665147800437	0.566511053544399	-6.52776568251812
10272	-1.21025691785118	12.0667832225345	-5.23161058734158	7.37929711821868e-07	6.38251248130747e-06	5.44931166523507
10273	-0.188840797468373	8.73669711667315	-2.78456337588	0.00624489586211238	0.0155411416430767	-3.0542716797826
10274	-0.0323543730431574	9.36864279950943	-0.608946753334459	0.543729645296902	0.639135743582241	-6.6083938906098
10276	0.169541525946305	11.2847467036005	2.58554314275061	0.010938523516013	0.0252450975809632	-3.55548466062724
10277	0.123330559551135	9.73980666999987	2.19393143573181	0.0301988399648777	0.059698454900305	-4.44382004152382
10278	-0.0325544790362071	8.64222799207941	-0.388296143883786	0.698496156175768	0.773920623744043	-6.71773378562607
10279	-0.330314035757764	7.61718515881953	-3.70524551616023	0.000322804997095469	0.00121143538210294	-0.329309664330648
1028	0.0270000036912832	12.2404729229629	0.338957366674484	0.735243955974595	0.805104436716619	-6.73558313422224
10280	-0.352527590701573	9.71993736096122	-4.49415866430993	1.64043670371011e-05	9.31271970628555e-05	2.48302363320438
10282	0.0666455526362284	10.0526086246253	0.977165331574329	0.330485258039765	0.432205229798679	-6.31917839155539
10283	0.000493087755339043	9.76594831404377	0.00891742206452171	0.992900071214563	0.994706438839575	-6.79273336749647
10284	0.241607416662082	6.94267770879239	3.15709670359257	0.0020228904476985	0.00594840694125652	-2.02980618921439
10285	0.122923047206045	9.74797425540754	1.90369468147593	0.0593842193153615	0.105691370727189	-5.01541995983956
10286	0.0884623714701356	8.25773194179572	0.505877035808359	0.613886189489995	0.700469667797673	-6.66546476227588
10287	0.589405223338109	7.88015798929682	7.35711208108019	2.714661250365e-11	1.03810657074143e-09	15.3376595568601
10289	0.114232041006728	10.7965131415681	2.18771452666276	0.0306605077810733	0.0604573392866234	-4.45684963302635
1029	0.179257095739254	5.52076545841878	2.0946512484801	0.0383404515995854	0.07286730874301	-4.64781045963766
10294	0.00390190234692367	10.8770186056277	0.0861645910306573	0.93148153209049	0.952821975859746	-6.78907565561645
10295	-0.170896854436311	10.4066881531256	-3.03137362290458	0.00299256404264676	0.00828327163984601	-2.3878462094076
10296	-0.287680952151418	8.95576575754307	-2.89192807448383	0.00455947928693092	0.011861826428362	-2.77038513224357
10298	-0.0651311075182324	9.06326477995094	-1.16186646059398	0.247633092106357	0.341648461800319	-6.12434695467719
10299	0.145075914831261	10.4571390982453	1.30021881609523	0.196058445978603	0.283168869344862	-5.95688848642727
103	-0.0266758822457685	11.1711615309151	-0.453268702017456	0.65118721314393	0.733907269827925	-6.69054452949594
10300	0.0901683397307706	8.01991693956511	1.49577237602859	0.137381251940576	0.211041313191215	-5.68910058520324
10302	-0.138634021930441	6.66582568194748	-1.77690349006317	0.0781593306695963	0.133249963122986	-5.24125955141118
10307	-0.265954374404936	9.21650444314009	-2.86299409051279	0.00496697229882608	0.0128009956905783	-2.84780960143544
10311	0.196557727599901	9.19026643937004	4.18421000043211	5.53074268309699e-05	0.00026328991547649	1.33012050988213
10312	-0.216644582387377	8.33341003721756	-2.20658692994908	0.0292777025019253	0.0581331304485344	-4.41719112287694
10313	0.21014423333644	8.80811234979619	3.03888947890926	0.00292424695827474	0.0081327541667843	-2.36678990213258
10314	0.306239996367035	9.89168825899828	4.64833963482614	8.78205375779903e-06	5.44184276364741e-05	3.07814296764927
10318	0.0793821334291299	8.35349841430218	1.19671064110153	0.233816839824589	0.326458265204717	-6.08390120060866
10319	1.17554345089077	10.4173520136198	6.81736391143931	4.17763640834947e-10	1.04251591338268e-08	12.6793425828929
1032	0.523353534702428	6.70591898777339	5.68419641172385	9.65774736070257e-08	1.11104447352929e-06	7.40738125248567
10322	-0.0475013491944552	5.91606637165518	-0.673036247357965	0.502239476977152	0.599840670883643	-6.56762015704161
10327	0.114294134819573	11.0528405250241	2.14476352038892	0.0340209260601965	0.0660740299217547	-4.54593591159445
10328	-0.32765284438091	7.16692740988166	-3.96185155325399	0.000127701451975128	0.00054176373565206	0.540608609172428
10329	-0.328627326524094	10.0104635901457	-3.919343322684	0.000149336013761411	0.000619857021944351	0.393397888002204
1033	-0.292138759054195	8.41815755128931	-2.2442956028634	0.0266767122976299	0.053652214165674	-4.33701256912777
10330	-0.506224647139959	11.9258345146576	-6.80051588260981	4.5439595511124e-10	1.12712029706272e-08	12.597693198966
10331	0.120922981638946	7.61200817521118	0.673607141376232	0.501877662501356	0.59958193408464	-6.56723877029246
10332	-0.146855325516488	5.68879718943428	-1.3157572781104	0.190804676879662	0.27713146316617	-5.93693776812869
10342	0.0386631992283357	11.759437770732	0.501296802993434	0.617095652614499	0.703160448419887	-6.66775716623352
10346	0.0572423651304402	5.60738828308082	0.395312314212616	0.693325746583666	0.769894137604573	-6.71499933273024
10347	-0.958866458441545	7.40534215237611	-5.35465452601523	4.28417094120801e-07	4.00308280253147e-06	5.97205964337396
10352	-0.114616172680488	7.04176993401548	-0.673270185392484	0.50209119759329	0.599750295317509	-6.56746391312985
1036	-0.130034120364823	12.6621033822766	-1.6942743052831	0.0928494960873101	0.153848914279074	-5.38050111404277
10362	-0.185595383255308	11.3089650720247	-2.05776794250518	0.04181404945073	0.0785142187913229	-4.72136393614809
10363	0.0755955717275234	7.02870170393105	1.20579287662828	0.230308265344412	0.322431571482177	-6.07316728915916
10365	0.959937125866979	10.1093851053687	7.21089887200767	5.73523534040357e-11	1.91793700047504e-09	14.6098157101875
10367	0.0722463803755534	7.41470257097437	0.949086728482794	0.344515159004193	0.44547514298288	-6.3459016582587
10370	0.26088416245427	10.6365605113214	2.83044735291307	0.00546502633805816	0.0138725007843763	-2.93409273950348
10376	-0.00308590502761797	13.5668330453939	-0.0661178562798037	0.947395822886922	0.964980262985604	-6.79059590226079
10379	0.225808123753967	9.61689385830573	2.52564166786522	0.0128737606220497	0.0290856845563814	-3.69986883987991
10381	-1.21002407741742	8.92481352225129	-7.64962326515619	5.98986021886149e-12	3.03535247900588e-10	16.8091435162931
10382	0.484332559558767	5.3135415777168	5.12790104883184	1.16051834878368e-06	9.45353211139371e-06	5.01455341866057
10383	-0.178336696878053	10.3204663273225	-2.00964836650037	0.0467486351241524	0.0862312921227108	-4.81549653105812
10384	0.661938382920093	5.38972507146514	6.61028469798404	1.16693793635803e-09	2.54324732303887e-08	11.6819152661686
10390	0.162259211268252	10.3960589791928	2.64649424284138	0.00924206907470009	0.021829994440098	-3.405477926666
10392	0.0400955845975074	5.46230747115957	0.390848534894392	0.696613573340368	0.772560165922588	-6.71674467914265
10393	0.0480944837123643	9.2338911958647	0.963988818676835	0.337021827432441	0.438048826843739	-6.33181436702965
10395	0.725714678801471	6.4694458918506	3.43695352196576	0.000813053452773843	0.00268847939147796	-1.18932512845993
10397	-0.00733479491692776	10.0130966930857	-0.044631297491637	0.9644765936272	0.977494069124009	-6.79178095576348
10399	-0.0497259211723683	14.0564642764464	-1.42146540773514	0.157817559655063	0.23731531817783	-5.79512016722977
104	0.411083911663751	8.51817086479591	3.46515035497515	0.000739501526152582	0.0024719881044194	-1.10139325226734
1040	-0.0243653360380097	9.11641653786961	-0.267557758593844	0.789506584705727	0.846995092794148	-6.75713242222018
10400	-0.255616448866056	8.63201896882546	-3.49571418861723	0.000666866034617907	0.00226677235906925	-1.00542087163281
10401	-0.00557888748005908	5.8163366961799	-0.0586997759195268	0.953290473935981	0.969817640316384	-6.79105700260107
10402	0.201853782265669	9.40733917131561	2.49532563977365	0.0139656615839319	0.0311437269663276	-3.77178558511823
10403	-0.192491999041261	8.62894438101823	-1.67794830812868	0.0960024251101303	0.157932688988185	-5.40726663046042
10404	1.22952288576728	8.40722744913934	7.74924120465461	3.56526027271117e-12	2.00191479716642e-10	17.3146011549806
10409	-0.293989356680717	13.1918426897227	-4.49716476381041	1.62077722583076e-05	9.22012388799042e-05	2.49449271456006
10411	-0.0801690098803388	5.01167596634615	-1.23197252870563	0.220407293226628	0.311793841762622	-6.04178392589869
10413	0.269127189191427	11.5495411876187	3.29668292729243	0.00129263134803871	0.0040275876781591	-1.61798795543779
10418	0.75562637551609	10.6713273663118	4.70524223579768	6.95059838011122e-06	4.43673134248072e-05	3.30126762410726
10419	-0.0808814616732333	9.05593550400607	-1.27256763560108	0.205671891609458	0.294836831776141	-5.9918217699485
10420	0.200714626005335	7.96246591946828	1.56428712856544	0.120426592849726	0.189290895706705	-5.58674317576305
10421	-0.0276463963058957	10.5394960661482	-0.556362155223771	0.579016259198221	0.671064164582195	-6.63882215757765
10422	0.215536243350554	11.0135217103585	3.34148499216226	0.00111634898891006	0.00353296653195291	-1.48267295526703
10423	-0.171134872316102	8.32687981033563	-2.52660190628171	0.0128404609814186	0.0290183878814001	-3.69757820473363
10424	-0.0968011321158912	12.1045355027304	-1.64232260650663	0.103184050865921	0.167216060457623	-5.46481486504933
10425	0.0842922616970798	9.05266875384494	1.56768969036189	0.119629877495769	0.188198054543553	-5.58154527920066
10427	0.150133095095044	9.62164059122278	2.27542204454613	0.0246843225654473	0.0503407013587542	-4.26989126894562
10428	0.0603780437145467	10.036133695385	0.831771872949203	0.407216853610117	0.50986982125505	-6.4492419464654
1043	0.316539749019106	5.91658111235799	2.56076919351256	0.0117047061637282	0.0268036797650112	-3.61556555413624
10430	-0.21587045486922	10.7690807927978	-3.24330065936611	0.00153658020623678	0.00468864148633756	-1.77723707659767
10432	-0.201895505725328	10.3555879788656	-2.74674188842927	0.00696260010664461	0.0170909589542004	-3.15204021548692
10434	-0.224033405445446	9.57779340577812	-2.61363733765993	0.0101245058156682	0.0236105076333765	-3.48672810068767
10435	0.601485740229997	6.85362241495608	7.0114313722474	1.57734960810375e-10	4.55556215487306e-09	13.6258956348707
10436	-0.188230851564924	9.74806053234721	-2.44963198451549	0.0157681151636961	0.0346214803482923	-3.87870540694217
10437	0.569537542615672	11.4497391425111	2.45761469128022	0.0154390132846338	0.0340160708805216	-3.86015477667991
10438	0.536647443383608	6.35589554908823	2.254317043235	0.0260204102512062	0.0525754864664782	-4.31549471193583
10440	-0.242174695708709	6.27236565405338	-3.43097048539595	0.000829520085050312	0.00273526383333955	-1.2079079170467
10443	-0.221403606707688	10.1309294652495	-2.50154921633148	0.0137349765514866	0.030712210697152	-3.75708539155543
10444	0.13703956330974	6.18218858114543	2.23542795306123	0.0272694809301887	0.0546309513434986	-4.35597969551031
10445	-0.00313895482175044	10.3454178934673	-0.0528704556028052	0.957924476871462	0.972524112457999	-6.79138089231685
10446	0.985878557369485	6.93881604069508	5.52775087816398	1.9705819191887e-07	2.06038058892388e-06	6.71975152780535
10449	0.0838189633093032	9.45868789366993	1.20299969404558	0.231383244760055	0.323707854659569	-6.07647686379685
10450	-0.160473112987279	8.36731541652186	-2.2335107239476	0.0273991433946946	0.054803384942017	-4.36007142109049
10451	0.583907597495735	10.8073453636748	2.04627271021538	0.0429503748692103	0.0803556277281261	-4.74403968748204
10454	-0.00176665341280771	7.24081184275273	-0.0308481939447905	0.975442691912269	0.985284922132603	-6.79229905508962
10455	-0.0182329465936654	11.4137647606032	-0.275365959764294	0.783516430165643	0.842907751128967	-6.75502254127212
10456	-0.13490701636389	9.39554878104867	-2.10380016083603	0.0375183034218355	0.0716440217803477	-4.62937785996894
10457	0.531491269784648	12.0878988283082	1.98010875663586	0.0500172979972879	0.0912619574679916	-4.87225301007531
10458	0.174479025511707	8.61063319760989	2.16766137521511	0.0321917314267396	0.062980507244166	-4.49864541379466
10459	-0.00709193141930377	9.55139293052365	-0.0864583421009769	0.931248525284944	0.95270161244162	-6.78905040379364
10460	-0.103254436390377	8.07618694409143	-0.964515934426775	0.336758731449817	0.43779285266802	-6.33131211657636
10461	0.520934285165902	8.33567590700048	6.34475269078927	4.27088350378381e-09	7.33419911460588e-08	10.4235512386851
10463	-0.000792146538364382	10.4752876566211	-0.0157389147037354	0.987469246843559	0.992021567589457	-6.79264960494794
10464	0.0328899395344165	7.67633795085076	0.580199754274395	0.562885588971904	0.655958657577304	-6.62536675601552
10465	-0.187426701973105	9.83537102543382	-2.48169341415137	0.0144830998859614	0.0321587110371079	-3.80387011960009
10466	-0.0174175925420258	7.72821504019854	-0.308933422220724	0.757916653234121	0.823476400749052	-6.74526191464164
10467	0.011682774023018	9.85864893308729	0.179280341722146	0.858024887553633	0.897501086038779	-6.77676825173329
10468	1.02107073572876	7.83318698502828	6.87724641787354	3.09669095017896e-10	8.06898020456725e-09	12.9702382985111
10469	-0.244547375351677	6.41601502222074	-2.47254882730694	0.0148397285359149	0.0328622406720259	-3.82530402661861
10471	-0.255354353314102	7.86032761491871	-3.61369551197063	0.000444801893394717	0.0015967247455195	-0.628587653108203
10473	-0.00745807116270658	10.6540917998395	-0.19192413536314	0.848131330237115	0.891066495517498	-6.77443154224892
10474	0.119202850017634	8.85699439669524	1.9264417457304	0.0564529099559865	0.101427272816931	-4.97335406446072
10475	-0.217372261113401	7.72339930998549	-2.61583267070061	0.0100632580022891	0.0235008513143646	-3.48132748668587
10478	0.0531337829826503	7.59552970066788	1.13237497202872	0.259771318532007	0.355137023041306	-6.15766689978466
10479	0.298202554596602	7.29281115942529	4.92800806702571	2.73669152211437e-06	1.98464196423746e-05	4.19225218742878
10480	-0.160930094109563	11.4673687690019	-2.33924960958277	0.0210029496200199	0.0440427427929333	-4.12961236751346
10482	0.00139666424348489	10.1493257860468	0.0222122130597499	0.982316171601078	0.989696086796824	-6.7925272584749
10483	-0.390793485452667	10.219283816006	-5.90437429002671	3.4794492152517e-08	4.56194452666334e-07	8.39323550148431
10484	-0.484548675423634	6.44962947981335	-4.67340030129447	7.92419074485872e-06	4.98505830560038e-05	3.17618156044929
10486	-0.0158039913371871	11.0783609186774	-0.239683034036655	0.810991602928607	0.863468760014217	-6.76417006304219
10487	0.08841183430654	12.6635257279995	2.08323463216785	0.0393880958214783	0.0745863529310892	-4.6707073563258
10488	-0.147178461777108	6.12249487147119	-1.64659042264066	0.102301549203346	0.166093457589749	-5.45798294333297
10489	0.0831508378017227	10.2395884341867	1.18641345824105	0.237840979486319	0.330554252460685	-6.09597521236325
10490	-0.121927744182842	10.37165382771	-1.95520561802119	0.0529217635599079	0.0958973356476215	-4.91949050543456
10491	0.0787265604956441	9.09955784499248	0.61851683710815	0.537426147808043	0.633891186762021	-6.60256257717962
10492	-0.0246893296999806	10.9091061060646	-0.529536135778534	0.597427886753194	0.686160236258323	-6.65329290128074
10493	-0.137352484571762	8.53406927594286	-1.77587995518008	0.0783288307498441	0.133483833710277	-5.24302280894731
10494	-0.117660992134999	9.54651151661614	-1.89927969810308	0.0599677357228784	0.106546245874591	-5.02353014464117
10495	0.410366759095919	6.38249596570755	5.5685022453796	1.63816111025713e-07	1.76417350335383e-06	6.89780431367555
10497	-0.359891441364618	6.62438356031471	-4.4358968196676	2.07017190699171e-05	0.000112967234943156	2.26180928384923
1050	-0.190342228293847	12.0631468426031	-2.08792098194653	0.0389551120735429	0.0738585715829289	-4.6613225718591
10509	-0.343980901848133	9.72302547746634	-3.83787809522378	0.000200930234805913	0.000802167104638395	0.114689611537231
1051	0.0475388003828131	13.2167844998219	0.858410434132111	0.392405207543227	0.494405197741128	-6.4269558160456
10513	0.266871921298177	10.3025320089537	3.85079402452299	0.000191749169888216	0.000772232151768242	0.15857595846006
10516	1.27007246167161	8.32888740144445	7.13906001102892	8.26628082476591e-11	2.60608700811322e-09	14.2542187943733
10518	-0.427174674312234	7.07553752380904	-4.15488485475596	6.18666558643947e-05	0.000290021894120261	1.22415723607405
10519	0.120696298654612	11.5550373489436	1.94626727706677	0.0539984863642445	0.097599014741501	-4.9363086675567
1052	0.46589147552171	11.6467580495168	6.05100022962651	1.74439674430762e-08	2.51900648740925e-07	9.06090265515093
10520	-0.131531603994171	8.22166726129408	-2.07956471401124	0.0397300517726995	0.0751477507768487	-4.67804298997984
10521	-0.134683867035693	9.53782083812578	-1.1149669789911	0.267128957731601	0.363446745324168	-6.17694139505232
10522	0.107107317675655	6.76955023638727	1.20264974455589	0.231518179734046	0.323796167389641	-6.07689098272574
10523	-0.147665974698488	7.05084402091822	-2.33319892690988	0.0213298497476828	0.044581113085997	-4.14306222224749
10524	-0.353282385489719	7.04065208221456	-4.39668753613532	2.41846180421801e-05	0.000129214065348258	2.11409017851366
10525	-0.475337117194677	8.64981094244906	-5.11053756721017	1.25127969071448e-06	1.01229875076411e-05	4.94229851765927
10526	0.150309785020765	7.97001276954558	1.22874300798686	0.221611686864886	0.313068673422945	-6.04569089917058
10527	-0.441094158678138	6.31961318069924	-2.73846843498125	0.00712927393005616	0.017422426823155	-3.17327063754537
10528	-0.552607912153905	10.6687702149921	-4.66921895595554	8.06145605372924e-06	5.05985007627687e-05	3.15979885742582
10529	-0.0777434999101782	9.49851553834298	-0.788575089136237	0.431940937891056	0.53386684826876	-6.48390467296708
10533	-0.0133590181012679	9.48546873334814	-0.237154689911616	0.812947795374252	0.864994047377473	-6.76477018247012
10534	-0.248746646043124	6.59545467388275	-2.94350023304028	0.00390836170932289	0.0104004728476183	-2.63071437806609
10535	-0.418945078094586	7.96860463816617	-3.3516874992697	0.00107948274537767	0.00343604141688616	-1.45164769805386
10536	-0.0396406903445624	5.95911049138177	-0.330052017532674	0.74194555770927	0.810966032377739	-6.73854734540359
10539	-0.0537758619881731	10.562617246727	-0.792197892170805	0.429834141469931	0.531899626747809	-6.48106782199165
1054	0.184308159483088	9.59898624592002	3.25916516479355	0.00145993054725063	0.00448290941274728	-1.73013627400742
10540	0.000723302003707975	11.0028121026763	0.0166799939828659	0.986720061742654	0.991584282937087	-6.79263441115699
10541	-0.151348751195868	12.8098402637514	-3.6937429085293	0.000336173819678986	0.00125363239302412	-0.367237449807043
10542	0.091850010598294	11.9772591944547	2.00119857948592	0.0476645071207106	0.0876857079770756	-4.83181182043566
10544	-1.04241723634326	11.1773632379053	-7.14987423373063	7.82434414139557e-11	2.49533137482345e-09	14.3076611173102
10548	-0.130930441595129	9.15220784673233	-2.40769635057041	0.0176017232017763	0.037990654206081	-3.97526203652399
10549	-0.11906886009304	11.9507459102122	-1.99294457346687	0.0485738628111574	0.0890215457777147	-4.84768711470193
10550	0.171449545932227	12.3920714138393	2.92498543576943	0.00413158143226313	0.0108857616046231	-2.68110249770748
10551	-0.316631597495095	8.49150768777874	-0.872435106505718	0.384741850875247	0.486565373737689	-6.41494387625947
10552	-0.21793457406373	10.6821540203601	-2.94700488243159	0.00386737820978466	0.0103113440971018	-2.62114561688108
10553	0.119844838615967	10.2599295621614	2.05165495905978	0.0424150794837327	0.0795342920625726	-4.73343725487524
10554	0.0142044982004204	7.77073369721264	0.178400987707414	0.858713827079551	0.897958755750993	-6.77692484874127
10555	0.382757289613005	6.60128584494318	3.15690556521505	0.00202411238884323	0.00594988196862814	-2.03035985461754
10556	0.113744831365887	5.62535099115573	1.76420739396069	0.0802833532662988	0.136252413803088	-5.26306319429352
10557	-0.142053208481384	6.83166666761659	-1.70320016176337	0.0911616176456768	0.151538531244373	-5.36576338654365
10558	0.131495235102433	12.6169354022434	1.26399427670332	0.208721910660442	0.29827733253551	-6.00250466759652
10559	-0.0689705506737316	9.66689042580348	-1.50622705978093	0.134679747031167	0.207315451076675	-5.67376669375739
1056	-0.67691586380186	6.75887603381665	-3.29620211158082	0.00129465714495275	0.00403237858872916	-1.61943195271799
10560	-0.148800151575168	8.06311588839454	-0.949504281654022	0.344303742284936	0.445341201264261	-6.34550987795003
10564	-0.595974533681375	8.03189032880084	-7.48263791843036	1.42262064353095e-11	5.96489670840897e-10	15.9667054630524
10565	-0.0851538845512821	9.71245558067321	-1.59221104320464	0.11401117194916	0.181214128332931	-5.54376543418235
10567	-0.446610872209747	10.3049440015464	-5.14638330934046	1.07095909435314e-06	8.80211156154922e-06	5.09163348813264
10569	0.0899392419443197	8.9088286457035	1.41854707026388	0.158665404379474	0.238416634559661	-5.79917760854685
10572	-0.301533709025756	10.8156409189903	-4.01314522278747	0.000105567386278684	0.000462837903748368	0.719852404286635
10573	-0.211913762217086	6.75156853618995	-2.80911882876882	0.00581574382756398	0.0146101107103645	-2.99016954257815
10574	-0.12790538525476	11.5584282656075	-1.77732568773586	0.0780895017701056	0.133198409959173	-5.24053194535014
10575	-0.241490142063544	7.29672530528356	-3.46131828029986	0.000749116475414496	0.00250109219358276	-1.1133779133403
10576	-0.211048258285065	10.6772094209246	-2.21922519433083	0.028382348607071	0.0564911324082908	-4.3904579016011
10577	0.359605138192997	12.8371676595561	6.96446948847549	1.99851350941988e-10	5.57693296885412e-09	13.3958401690385
10579	0.282758193079916	11.9452422741521	2.77473810379858	0.00642455392050536	0.0158930264700133	-3.07978266133824
1058	-0.256088720137214	7.66625737653799	-2.08702261347161	0.0390377959662539	0.0739569253856094	-4.6631231415973
10580	0.413430967398059	8.62957428120418	3.41900350610483	0.000863400190064552	0.00282331178540507	-1.24499697855749
10581	0.714213329389915	12.0219863259541	5.5891407278509	1.49142479142672e-07	1.63436099120359e-06	6.98826717066663
10585	0.020600058359895	7.88377065346485	0.356632313736515	0.722003641701017	0.794107866904181	-6.72946662996573
10587	0.0171227582059096	8.74501817162175	0.266997965926905	0.789936525417976	0.846995092794148	-6.75728135722252
10589	0.161700717597635	10.3406703284495	2.94449705328427	0.00389666438834399	0.0103760308986852	-2.62799375296752
1059	0.292078261524243	10.1286979775178	5.45205195557275	2.77207712464302e-07	2.75208618384031e-06	6.39103573750048
10592	-0.159667582010785	8.25167533882116	-2.50767193703465	0.0135113615903609	0.0303024291980399	-3.74259133631548
10594	-0.125397790924041	11.1960227422593	-2.18910232479586	0.0305569210418913	0.0602962656010565	-4.45394399465622
10598	-0.141232998450954	9.61300400335152	-1.80549117350598	0.0735459978493019	0.126586776877523	-5.19162267399148
1060	0.127516361002215	7.08926505505548	0.85191880955292	0.395983875472956	0.498317708075436	-6.432450727362
10600	0.0376912163607824	10.4235315979322	0.694169729006289	0.488939403043353	0.587780449590757	-6.55328804017334
10603	-0.563081887944845	6.40633590219729	-4.19287910498961	5.3499772263618e-05	0.00025586701893503	1.36155078600901
10606	-0.253796792098435	11.5818048479368	-4.02286603329417	0.000101808463603575	0.000448261145717233	0.754018278464695
10607	-0.319698706983873	6.20740668206884	-3.64146471561693	0.000403820609526762	0.00146876188229461	-0.538438212454263
10608	0.509989390262299	10.2231499998436	4.99820980653456	2.02937566393417e-06	1.53785715450424e-05	4.47864421259184
10610	-0.177341462314066	7.81571610878216	-1.40011163191073	0.164102227777584	0.244937549953532	-5.82462262809403
10611	0.346101030430688	7.37080963863263	2.56739980594387	0.0114950524259737	0.0263747591773731	-3.59953583532839
10613	-0.306781337813765	7.70645358478403	-4.28011904795375	3.81984710763032e-05	0.000190656363987777	1.68049742250631
10614	-0.323470688906386	7.7667198101227	-3.58580177008418	0.000489903289294229	0.00173823074294258	-0.718586484790985
10615	-0.504553346492674	6.51448926510956	-4.9973765801752	2.03662048837442e-06	1.54193265205983e-05	4.47522963001089
10616	0.151388533523651	9.19395082212644	1.95845435540369	0.0525349450605838	0.0953082904020255	-4.91335987894544
10617	-0.0582140004949003	10.310916490362	-1.35247836834864	0.178807014884035	0.262708278716138	-5.88887573828257
10618	0.0740721192457229	10.3820617287613	1.29153086500308	0.199042367648657	0.28667653997871	-5.96794308852401
1062	-0.605117107446955	8.29369701360864	-4.90493556025103	3.01765887639166e-06	2.16182674058934e-05	4.09870395526855
10621	-0.00533141539143226	8.03880115220835	-0.0832839603922588	0.933766794198998	0.954568529713333	-6.78931873113615
10623	-0.0324622268366733	9.13602538019521	-0.60426888907367	0.5468242989239	0.641709438432309	-6.61121136502313
10625	-0.217093205097406	9.29264662119496	-3.269539576537	0.00141175236013542	0.00435439674933479	-1.69923175866
10628	1.33556039457678	11.3484281232213	6.62272867440328	1.09748733963853e-09	2.404574383399e-08	11.7414686994196
10629	-0.131360207003425	8.74726022909902	-2.55574026403695	0.0118660000672095	0.0271253697460775	-3.62769845614693
1063	-0.405078895491292	8.51278844173296	-4.47503494701549	1.77099946814669e-05	9.93047267567983e-05	2.41018800998214
10630	1.95615403666354	9.60557872572113	8.49067834761704	7.09007468786106e-14	8.24845308756794e-12	21.1345270937708
10631	1.20622719593095	8.96493874930419	4.80844944365675	4.52771458582039e-06	3.05297326358175e-05	3.71064177503119
10632	-0.0027544034491013	12.5043090075893	-0.0489950787624811	0.961006004488516	0.974574536166377	-6.79157748803614
10635	-0.195431153467522	9.0064590517237	-1.95504540412379	0.0529409020040138	0.0958973356476215	-4.91979259522858
10640	0.142219241805348	7.32320526698582	2.68944539846378	0.00819348436195528	0.0196225517047697	-3.29791073377818
10641	-0.0183408134314602	9.15269348811876	-0.338196759974493	0.735815552271175	0.805438174100173	-6.73583938402065
10642	-0.242251119299087	6.06687111027971	-1.55847427087426	0.121797408329336	0.190849971131043	-5.59559808531922
10643	0.0217451780392655	11.4607880263383	0.397725204375879	0.691550943250869	0.768596715722845	-6.71404765761441
10644	0.18362487231771	10.2144770763624	1.90855926714607	0.058746812714684	0.104827969976947	-5.00646338201776
10645	0.0962677319796965	5.20942808455728	0.85839866062368	0.392411679950464	0.494405197741128	-6.4269658191538
10651	0.173546842465728	10.8894361678807	2.97969526095923	0.00350370417057493	0.00949806250375744	-2.53141935645905
10653	-0.222203628600852	12.3690196014807	-3.15066776832629	0.00206436888369402	0.00605743764806842	-2.04841321290275
10654	-0.0546095204101987	8.65717632453424	-0.761724551152964	0.447743317720976	0.549370143252416	-6.50452894620352
10657	0.0236412538733118	12.337067002229	0.537980832762656	0.591602966903245	0.681634887239616	-6.64881430737701
10658	-0.336972305894744	7.66271699796376	-4.50673325808579	1.55970294023061e-05	8.92802930443858e-05	2.53103498932815
10663	-0.394147371885648	6.80987031349723	-2.06313378357298	0.0412925099847372	0.0777470099097172	-4.71073872089083
10664	-0.157292666518854	7.73656452138857	-2.08063682117751	0.0396298920506361	0.0750010897805115	-4.67590124488006
10667	-0.147636189781486	8.67350755836115	-1.95518236690567	0.0529245406721538	0.0958973356476215	-4.91953434779286
10668	-0.129930612412102	8.75575297880306	-1.96702225556036	0.0515262529058777	0.0936222721079081	-4.89714587229739
10670	0.103060345300196	11.7065469429012	2.3097861446839	0.0226374290605757	0.0469104776819758	-4.19480657959185
10671	0.098824410665032	10.5491448067443	1.54774419500395	0.124360251410384	0.194290841053485	-5.611860475473
10673	1.33194131727975	7.74103089339985	10.4557452566048	1.64727473538524e-18	1.36064893142821e-15	31.5500766496037
10677	-0.0737563417749959	6.89559290227517	-1.01609421915659	0.311662219413758	0.412024637061082	-6.28086120915216
10682	-0.679539563367351	8.47290746345649	-6.68619639827876	8.01978173156729e-10	1.83095620195701e-08	12.0459851714976
1069	0.0822781199951807	11.1413448761739	1.30630638218474	0.193987505398219	0.280717728554536	-5.94909973509257
10691	-0.294559948126522	6.67668415861565	-3.31163557750418	0.00123109128652858	0.00385328307189317	-1.572994706933
10694	-0.108201092308199	12.0433282683652	-2.18873088347115	0.0305846159438693	0.0603365005245667	-4.45472184913589
10695	-0.121414283876528	7.85217937002809	-1.93128300099377	0.0558450382371513	0.1004869777	-4.96434066420862
1070	-0.179404981556307	9.75081110374809	-3.03874354215572	0.00292555964735399	0.00813366633697206	-2.36719917981351
10712	-0.0818216233567151	9.65122897376876	-1.42317368959655	0.157322879397052	0.236700725650209	-5.79274136071386
10713	-0.0883497467408596	9.25634116060177	-1.41190910427097	0.160606886876516	0.240589932100112	-5.8083765430398
10714	-0.400713420314148	6.84622279910081	-4.86689609838626	3.54314944468224e-06	2.47810452269901e-05	3.94510223157394
10717	-0.0401988977337963	8.23975298834175	-0.557537622940634	0.578215702414661	0.670230381973772	-6.63817180965651
1072	0.0640039370682899	12.8838478651734	1.4557668397747	0.148111025429311	0.225013255480249	-5.74682676034694
10721	-0.32048536007515	8.161237658359	-2.93145424949755	0.00405229315019487	0.0107247489332296	-2.66352875058279
10724	0.434885285225523	10.9147149061399	6.25951924622139	6.44483782749404e-09	1.04792048139962e-07	10.0248625968441
10725	-0.0233659563233793	7.74696399566211	-0.174384611146716	0.861861878920529	0.900553951485612	-6.77763030799296
10726	-0.0951041166303408	11.2812775337759	-1.59538952098295	0.113298531729538	0.180282387225195	-5.53882726915759
10728	-0.0361697527686708	11.9574415389347	-0.34042277939432	0.734143116395978	0.804403053820979	-6.73508781423352
1073	-0.140537760838136	6.58441959778809	-1.33999651873184	0.182819706938182	0.267198399052663	-5.90535640832303
10730	-0.388993171345886	9.86659557670986	-5.79619774189472	5.75978959068213e-08	7.0902924022406e-07	7.90629579489375
10732	0.200532029980022	7.26166262483864	2.11690036418333	0.0363675565390751	0.0699734491061636	-4.60285487855332
10734	0.021452782807145	6.46991324058212	0.184726053445524	0.853760843768725	0.894137767152234	-6.77578132974652
10735	-0.0139931230368405	9.86771725743407	-0.266938939247699	0.789981863787665	0.846995092794148	-6.75729704334107
10743	0.496023987794496	7.37229088415378	5.57163569825714	1.61500562985264e-07	1.74606629614958e-06	6.91152647758677
10745	0.211217764841515	8.42088838141984	2.82505642396332	0.00555179843793864	0.0140582020531493	-2.94830145699366
10749	0.0973920737465458	6.88699438740597	1.12800517180555	0.261604757990807	0.357166165455217	-6.16253270070892
1075	0.56417722840731	10.2771601494901	7.15150019032184	7.75995226250126e-11	2.48438781737444e-09	14.3156990551993
10755	0.350985182804234	10.3266129931838	5.68476757197242	9.63245193161359e-08	1.10967995753317e-06	7.4099116848101
10758	-0.178300994102818	9.49631254458625	-1.97837933652991	0.0502145342336606	0.0915207530384017	-4.87555152763752
10761	1.81551743477149	9.96597675780838	8.9977354928819	4.64988115382315e-15	8.72909507513165e-13	23.7932307550497
10762	-0.630200150598839	8.92513882216954	-5.92838139494242	3.10927911954535e-08	4.1490542047568e-07	8.50195791144876
10763	0.209556759508569	7.20603938641717	1.64903299658047	0.101799215309765	0.165540388078285	-5.45406525503035
10765	0.0188249206461874	10.2936138643676	0.385531171369286	0.700537655284391	0.775658821518388	-6.71879797834752
10766	-0.0930450783614728	6.72246831290135	-1.078932341814	0.28281717127911	0.380157825022855	-6.21591044313004
10767	0.0347069187023429	5.6394015211249	0.355537853938305	0.722821105324562	0.794583754322716	-6.72985438210581
10768	0.0619102948918356	10.9733539851714	1.27516683838374	0.204753721648933	0.29372451212577	-5.9885691388753
10769	-0.143171195940397	7.27120467825697	-1.22500466402368	0.223011792189577	0.314631631732099	-6.05020095159529
10771	0.467865069854965	10.5142451297669	5.52227053139481	2.02004558305059e-07	2.10942813097319e-06	6.69586454389518
10772	-0.261900553569345	8.45541813807844	-3.55583166547345	0.000543158338893477	0.00189543214163926	-0.814661670473043
10775	-0.15421959703624	8.30538567935577	-2.65992763415926	0.00890176210935332	0.0210985810683668	-3.37199996811577
10776	0.111209950457509	10.7265812535746	1.84809802640438	0.0670907103504756	0.117160521669118	-5.1162552701315
10780	0.105766841817003	7.35097291233873	1.17064014250178	0.244100839178433	0.337451536671775	-6.11427274562682
10781	0.0883526609023855	7.93977743882866	1.02284486427877	0.308472407114125	0.408559028735714	-6.27406700540561
10782	-0.0388151488997652	8.73896096363131	-0.578488648632799	0.564036127049994	0.657114021076579	-6.62635130632545
10783	-0.459637193459767	7.70234397256478	-3.76242944873495	0.000263495212218779	0.00101419871991012	-0.139379577704184
10785	-0.354437995637894	9.41310884773066	-2.84878890487956	0.00517900470515103	0.0132497331922979	-2.88557382493659
10787	-0.134377769237873	9.49042273416795	-1.92354326693159	0.056819507650068	0.101895165694651	-4.97874026452393
10788	1.30813275796322	8.6422351067856	6.26448247088674	6.29269298334717e-09	1.03130246115968e-07	10.0480061190452
10791	1.04634560565172	10.2420968259634	8.77308703133267	1.56045774824107e-14	2.07893241943085e-12	22.6115625344972
10795	-0.233175405114079	6.9321489523711	-1.74224437672859	0.0840697187793682	0.141612113885531	-5.30043125512984
10797	-0.388126336117403	8.65394444025213	-3.40574305176099	0.000902458101676283	0.00293361035806615	-1.28597112024016
10799	-0.281911004946505	9.88600018958818	-2.98191004405842	0.00348024278093289	0.00944375997717007	-2.52530962415965
10800	1.10208884357018	6.56805585553346	6.68056756954249	8.2464461394351e-10	1.87646405266485e-08	12.0189260998156
10806	0.00122861370367305	5.7180439460164	0.01449942998431	0.988456006910857	0.99246776134099	-6.79266827050096
10808	-0.0940644967264786	10.7833678705318	-0.974273117925837	0.331912855193014	0.433454574528743	-6.32196641655086
10809	-0.122660719707418	10.8566837070146	-1.84507956501559	0.0675319419573519	0.117806513319478	-5.12164923913643
1081	-0.13629015944972	13.6309115634471	-3.09063486884797	0.00249164955497854	0.00712146204986947	-2.2206165654978
10813	-0.17137930994419	9.31795749442457	-2.86081107920622	0.00499903123271933	0.0128595446846034	-2.85362370992854
10817	0.127420777589172	7.41924234558044	2.32084922959969	0.0220110225132818	0.0457501373829158	-4.17041545057307
10826	0.0962842393826207	6.18391840264527	0.780479735865849	0.436670527385246	0.538423429795811	-6.49019727628424
10844	-0.0673585609561506	8.58654395600865	-1.04784621201227	0.296849795838285	0.395927549430685	-6.24851959833601
10845	-0.0853964177355956	9.1076247882211	-1.59598239177748	0.113165999455009	0.180106195664427	-5.53790512657036
10847	-0.0684916604974228	5.40046423768474	-0.983880087548605	0.327186394912382	0.428705523790652	-6.31267418127297
10848	-0.0489040112574383	8.63916770235931	-0.567592563278621	0.571389380974727	0.663994975640299	-6.63255295539739
10855	-0.323531231146893	9.4273920922397	-1.641067744577	0.103444695007228	0.16760300295347	-5.46682042805919
10856	-0.378223371196687	8.55355233235719	-4.27570035003466	3.88600353482672e-05	0.000193014968115867	1.66422747303437
10857	0.0250739011798315	11.1023371610174	0.491529977340465	0.623964199100671	0.70932346333217	-6.67257611895433
10867	0.227768510830847	11.9828054045377	4.2242815787086	4.74147480023032e-05	0.000229435160222041	1.47580273103087
10870	2.28182197531333	8.84222341150526	7.15208983313365	7.73673082523977e-11	2.48438781737444e-09	14.3186141360415
10875	1.1000395183211	8.62315857311279	3.68649898124762	0.000344860458811049	0.00127852216776448	-0.391075190045749
10884	-0.279289479476436	9.48393958394059	-3.32113181332314	0.00119344233964388	0.00374822575112489	-1.54433257552076
10886	1.36695946059199	8.28186131018465	3.78765419045206	0.000240762698607952	0.00093718185226281	-0.0548742673793301
10890	0.207131650364401	11.3343796703471	5.05026773001632	1.62319572876784e-06	1.26727335851545e-05	4.69270441307296
10894	2.47852871207225	10.4279058874937	5.94837154946959	2.83079537633694e-08	3.82064866152666e-07	8.59266814174592
10897	-0.508899618431208	10.7445262521154	-6.73850508053384	6.18697529933467e-10	1.45182999921887e-08	12.2979233137559
10898	-0.201226170067611	10.7891127621145	-3.10390955555057	0.00239065504496788	0.00687563045662767	-2.18277978331948
10899	-0.0296862127193971	12.7620042843987	-0.780038951621308	0.43692891347469	0.538661615716559	-6.49053805798812
109	1.15982214573894	10.1370971238796	8.92631220016437	6.83698399310507e-15	1.17653099548016e-12	23.4169541424939
10904	0.11613186702102	8.86244343718452	1.61260580833422	0.109500057995108	0.175217062967764	-5.51191584911105
10905	-0.526468147575512	11.2195384593385	-6.7449932875564	5.99068531768581e-10	1.41785274281045e-08	12.3292326818326
10906	-0.046895645184952	7.22666429170839	-0.722045843606631	0.471693938933986	0.57137291913693	-6.53371130963558
10907	-0.173986226996253	5.71196395815127	-1.75814094416521	0.0813148968782897	0.137731517809795	-5.27342908420206
10908	-0.12210176642112	9.53266735872306	-2.16671066715834	0.0322659453656582	0.0631107527161583	-4.50061811508086
10910	-0.105526143723538	8.51288645978682	-1.63123927136944	0.105504519820166	0.170297212313164	-5.48247798580211
10912	-0.173378193139185	11.2710285859481	-2.45142745783337	0.0156935535339787	0.0344852529443297	-3.87453773650011
10914	-0.0381153136881229	11.1423762592845	-0.799277708000055	0.425734454472191	0.52809229523056	-6.47548681245471
10915	-0.0710397059008589	8.58770396840761	-0.960819891860239	0.338606334002553	0.439831470177872	-6.33482811244913
10916	0.16481769133633	8.7607175492812	2.52664584027154	0.0128389392641311	0.0290183878814001	-3.6974733821568
10920	0.346608316740284	10.3587042358671	4.8526177830965	3.76249136651687e-06	2.61821218933693e-05	3.8876508754335
10921	-0.188288925855063	9.97182339245771	-2.49918495192003	0.0138222066415281	0.0308654844171457	-3.76267369845956
10922	0.0162441112634373	10.2358748238199	0.190397007102802	0.849325029440355	0.891866862849902	-6.77472221899949
10923	0.289313534660749	10.0589537710802	4.73903415467156	6.04428981705323e-06	3.95608826377652e-05	3.43464443252795
10924	0.812235100138348	10.4506542755441	5.9614162380931	2.662439948363e-08	3.62900230585451e-07	8.65194911311873
10927	-0.125516986585614	7.50157352660624	-1.2287917466164	0.221593475218356	0.313068673422945	-6.04563201096424
10928	-0.145651951328192	9.2457468847895	-1.51401740246875	0.132693888427374	0.204903127952439	-5.66227380519556
10929	-0.074214987808562	9.46932270047248	-1.08277929414822	0.281112800835547	0.378421078047852	-6.21181002716768
10930	-0.278976792554004	6.57909231892125	-1.13495581177511	0.258692715695225	0.354126919397176	-6.15478447344121
10933	0.0125193886388268	12.7971267095646	0.279109116118757	0.780649400124657	0.840918628720614	-6.75398959819541
10935	0.153049650171859	12.0172685238269	2.06715469192292	0.0409053592245897	0.0770531966237426	-4.70275982827906
10938	0.351722752174322	11.5420932890391	5.21439472538784	7.95812849637696e-07	6.79169663695635e-06	5.37676655420881
10939	-0.213555076082947	10.1992764398112	-3.69865071535802	0.000330406821107735	0.0012365928148391	-0.35106622360889
10943	-0.196251835024641	7.78259093331124	-3.30154821186778	0.00127229869938308	0.00397022563540017	-1.60336659456132
10944	0.1246377457964	7.83577123065273	1.05066558893925	0.295557980999263	0.394451653630085	-6.2456006513468
10945	-0.141021301366057	11.4277006046004	-2.89121029417371	0.0045692057423075	0.0118750434180693	-2.77231400229532
10946	0.00877980632347271	9.82712427631255	0.124151336672449	0.901406572645578	0.930004782669557	-6.78509729398929
10947	0.413504641864669	8.08246139901617	6.38537023336215	3.50736439029929e-09	6.25719867470241e-08	10.6144620213631
10948	-0.442870630062412	6.8817578866177	-5.14878811798966	1.0598132447899e-06	8.71918067924761e-06	5.10167553111751
10949	0.197065236744541	11.4385636345687	2.79765210940546	0.00601267923538801	0.0150260828453717	-3.02016469464115
10950	0.219070519745429	11.5403322885387	2.99841539643799	0.00330990863851056	0.00905292892519775	-2.47965513506993
10952	-0.00939423653434266	12.4602544777696	-0.228594952220509	0.819579216545847	0.870216882365784	-6.76675469362857
10953	0.042714484989768	10.8011124137811	0.604596871482438	0.546607033687912	0.641604959252829	-6.61101452527969
10954	-0.684531880969369	10.2825891323192	-6.53490120595981	1.69054127811627e-09	3.39753551271055e-08	11.3222383605137
10955	-0.0247663159000839	10.7583418024344	-0.389821981305952	0.697370508131294	0.773088229387261	-6.71714326779329
10956	-0.295559438669787	8.00297837431016	-3.5303061181023	0.000592777004755832	0.00204184239336246	-0.895977484961358
10959	-0.144480808203401	11.7884368080667	-2.46319893750267	0.0152124459168199	0.0335885600836494	-3.84714547624162
10960	-0.332936533556599	7.62342434705187	-3.46909577076505	0.0007297235493485	0.00244424838508459	-1.08904286012355
10961	-0.190270561941507	12.4242935803597	-3.41755224093008	0.000867596145130015	0.00283590983726709	-1.24948766103971
10962	-0.151160977614159	7.29821899349189	-1.53860711703387	0.126576033767288	0.197139014243541	-5.62562352223656
10963	-0.205896387654325	10.6483985464348	-3.10478933186061	0.00238409760725106	0.0068615492111128	-2.1802673053485
10966	0.24045075632081	8.47375994030806	2.6810374397767	0.00838984338277777	0.0200347228510391	-3.31908822852393
10969	-0.158353435863124	11.1201108278114	-2.79890074041824	0.00599094317145112	0.0149773579286278	-3.01690367126077
10970	-0.338827442954498	11.0776579885244	-4.28141978370646	3.80057973778852e-05	0.000189914026824762	1.68528915046773
10972	-0.186662971220191	9.7381498074789	-1.98318125111422	0.0496685095772659	0.090705986098943	-4.86638620547173
10973	-0.183003382232028	10.1513288088998	-2.49458595247425	0.0139933080975433	0.0311885388250695	-3.77353055172099
10974	0.503262806157872	9.84187875473957	3.89327951320593	0.000164284376406935	0.000674783167141364	0.303738132113987
10975	-0.0197814738791204	6.75902636449548	-0.259942082183946	0.795361207025394	0.851105527921979	-6.7591318895882
10978	-0.12343815234188	8.45469409520043	-2.29330625820181	0.0235996331049567	0.0485270026006826	-4.23094303203029
10979	0.333952928425982	11.9420590501242	5.22236202133356	7.68494802678938e-07	6.6122573647167e-06	5.41032116917096
10980	0.0838761384240566	8.44496760412669	1.17346380572219	0.242971701062705	0.336453688311474	-6.11101478300077
10981	0.961284354244853	8.24785286826902	7.31487758490103	3.37114050340972e-11	1.24310806063233e-09	15.1268666184591
10982	0.0355259658391799	8.9024469222993	0.623949347200444	0.533864549293024	0.630332424075275	-6.59921220682649
10983	0.0101393656128982	12.3033910690071	0.232972497781557	0.81618616869307	0.867992500760237	-6.7657488972498
10985	-0.762150860158452	10.4356258725855	-7.28857224842503	3.8571652449374e-11	1.39125643793509e-09	14.9958002052093
10987	0.133866134155199	11.4198445393798	3.9878022016335	0.000116000971117193	0.000500871940108736	0.631073361837259
10988	-0.166567637220233	11.154962438283	-2.59810373935148	0.0105675696627903	0.0245122508886964	-3.52482615483722
10989	-0.0381285603307796	11.0357385049162	-0.732772935511341	0.465149245419193	0.565268907924457	-6.52597440342713
10992	-0.25688240829634	9.35839386254545	-3.32443150836942	0.00118061445712547	0.00371358545919894	-1.53435734235561
10994	-0.687820076105527	11.8496930292791	-6.36191860780212	3.93004520978646e-09	6.83414177533393e-08	10.5041631085912
11000	0.0700304299877031	9.26709933627797	1.20136983246508	0.232012175573825	0.324249893509888	-6.078404588333
11001	0.127041060369282	10.6425417689413	1.70357220746489	0.0910918098086612	0.15148346064416	-5.36514749194651
11005	-0.308715517811117	5.40935349808505	-5.30909192511071	5.24404887342776e-07	4.78099820027741e-06	5.77762465378788
11007	-0.137101490277693	6.14490690329588	-1.57100442265804	0.118857754298949	0.187216828853799	-5.5764711432112
11010	-0.383930456911026	8.9117974858081	-2.02776734590835	0.044835180832377	0.0832408616937366	-4.78029533959523
11011	0.108899532320062	8.21864154526875	2.01781251773041	0.0458780116812155	0.0849242053643412	-4.79967184720305
11014	-0.469545779457317	11.6911827298907	-7.77991298372398	3.03766909459684e-12	1.77951395187021e-10	17.470643688088
11015	-0.561190535890694	9.2800250694215	-4.81426128101584	4.41900449845357e-06	2.99433774874704e-05	3.7338717183865
11017	-0.0328219763719829	9.97859048152844	-0.633021193164178	0.527944008902086	0.624848475932258	-6.59355248903873
11018	-0.0833788003094083	10.3409101787469	-1.46732011951172	0.144947795079769	0.22077609945766	-5.73031074389257
11019	-0.299324252687587	7.70263740125156	-2.86130918878744	0.00499169953100096	0.0128462227839354	-2.85229741231627
1102	0.854008276632835	7.86003843476119	9.37932890893163	5.88215353764575e-16	1.76921861311456e-13	25.8115091275097
11020	-0.165142264374436	6.96185251017485	-1.75967147663662	0.0810536219084012	0.137433585969001	-5.27081701959275
11021	0.0823349073166025	8.9879141729506	1.41422970503863	0.159926097280782	0.239874625665382	-5.80516537979446
11025	0.0484609327460577	13.7751062026132	1.14718736221737	0.253623584311958	0.348690214117306	-6.14103631589467
11030	-0.0865546883249872	8.22242884983754	-1.33985395448483	0.18286592613132	0.267198399052663	-5.90554379028608
11031	0.156285808513003	11.9506124219773	2.50897231455075	0.0134642905134959	0.0302132680362608	-3.73950891344527
11034	0.0883383152486494	12.0316266400103	1.2482001939038	0.214427405949572	0.304592264392276	-6.02200100919804
11037	0.184687772256424	6.99458479138992	1.44715410163657	0.150503702101075	0.227934353469036	-5.75905720518985
11040	-0.370194196381527	6.3005491899314	-3.06230647538035	0.00272052665192231	0.0076694710392076	-2.30090032676121
11041	0.301457045239587	8.57389310233487	4.2220547454105	4.78233915782644e-05	0.000230871545550242	1.46768018761616
11044	0.171004413777891	8.68154469963737	3.11385611665924	0.00231748281552129	0.00670957169863506	-2.15433912959408
11046	-0.2511933981359	8.30667306047531	-3.56041775881432	0.00053466949948456	0.00187134324819596	-0.800001983446498
11047	0.0212994135929884	10.6514528344457	0.312663303540236	0.755088058185158	0.820769490802659	-6.74410823112331
1105	-0.0999756669942387	10.2364113881865	-1.57971656471623	0.116847233282239	0.184613264520141	-5.56308576968015
11051	-0.0225020813539384	9.51768349248096	-0.319432258479835	0.749963258761144	0.817134483230055	-6.74197923413008
11052	-0.0477707334112307	5.40787559780829	-0.656962865121131	0.512483367658178	0.609080952065691	-6.57822629346679
11054	0.0113717755474535	7.42258894262073	0.144920438014899	0.885020792407016	0.918278929142007	-6.78231463122698
11059	0.380775911968867	10.750768002487	5.08263513083542	1.41179744141926e-06	1.12453682411988e-05	4.82651279073866
1106	-0.229238552897636	8.44395568882016	-2.39291474651163	0.0182917953746581	0.0391425465789315	-4.00893699194755
11060	-0.0887728577346724	8.15794727124176	-0.888461287114995	0.376099169514767	0.478008792151404	-6.4009824809027
11062	-0.131133724799407	8.15499630706248	-2.40689260523438	0.0176386429913902	0.0380603947515369	-3.97709792988533
11066	-0.0712653344479194	8.05313972816422	-0.973823594535792	0.33213510189204	0.433539181673239	-6.32239901632151
11067	0.0603739371079223	10.0691319816425	0.524838929311028	0.600679277633353	0.689208339109806	-6.6557535156079
11068	-0.341696409603682	8.61393826160819	-4.64091121379631	9.05315913681961e-06	5.58887103663154e-05	3.04915206380018
1107	-0.0229909165021494	5.54047779214611	-0.380298678685518	0.704407022692928	0.77929898547773	-6.72079111814191
11070	0.124559811839541	9.76171622052641	2.03533421598958	0.0440561090008795	0.0820526404390676	-4.76550742013542
11072	0.276833239383297	10.1399903638097	3.04980612135115	0.00282758200750992	0.00791722962102777	-2.33612681606191
11073	0.0888970636430019	9.75980048351166	1.56009524951423	0.121413904959428	0.190480314333309	-5.59313197638751
11078	0.157648929395467	10.7995853982273	2.60856506866509	0.0102673049667385	0.0239030267827678	-3.49919067905478
11079	-0.197965153916296	9.3558014960333	-3.42564678986184	0.00084443498511937	0.00277889760043267	-1.22442062855601
1108	0.0315858813051534	9.45947854810898	0.646719118945816	0.519069017285643	0.616110085181695	-6.58485293519068
11080	0.352681694651438	8.86545195921927	2.83557893131618	0.00538358224899003	0.0136825813466639	-2.92054566283642
11083	0.113315282809454	7.56522569131307	1.58701653823101	0.115183510298321	0.182630116092249	-5.55181545292426
11091	-0.162743977554013	7.68179378374796	-2.09556978032886	0.0382572150582482	0.0727283305825386	-4.64596322863773
11092	-0.205956175069773	6.57274364091385	-2.18203971862711	0.0310872653883759	0.0611020465867004	-4.46871333825912
11094	0.286370805840746	6.13582838320359	3.66579374164107	0.000370876891775886	0.00135971732182371	-0.459006107499192
11096	1.35277753566422	7.53261561561585	6.37728402257112	3.64778361867748e-09	6.45196845616189e-08	10.5764085560423
11097	-0.0695042255539686	8.331135782348	-1.35785073457501	0.177100461161902	0.260664613185551	-5.88173663674279
11099	-1.03807181414352	8.9007480924428	-7.69987902827521	4.6116138479337e-12	2.47350197298262e-10	17.0638784774471
11100	0.0343277339045741	10.0438313579032	0.525123749280207	0.600481895701017	0.689077585230675	-6.65560493514295
11101	-0.229160589816184	6.35289333311211	-2.91807580878168	0.0042178454562326	0.011077711754684	-2.69983678062517
11104	-0.0289916119578691	8.94196828003292	-0.523917157272201	0.601318274595362	0.689749888648478	-6.65623382136408
11108	0.109255784427766	9.16735539981278	1.6795833754991	0.0956827952715298	0.157626623243486	-5.40459715712075
11112	0.0326282318213272	11.84949956594	0.658849533236235	0.511275267173372	0.607907543810573	-6.5769945419087
11116	-0.245024624617192	6.3663808820745	-2.85216739602082	0.00512783838120826	0.0131417763043066	-2.87660696691122
11117	0.447510871652568	7.00533376807518	3.94869258801102	0.000134056780091351	0.000565241961998245	0.494908017183786
11118	0.152300296557424	7.19616570253598	1.62136416648638	0.107607180688716	0.173026146094763	-5.49811932133643
11119	0.228585912269041	6.37147338437808	3.21648602693544	0.00167472586313561	0.00505600717452489	-1.85641184692348
1112	0.240844112790735	10.1543830245009	3.19105947952181	0.00181633000222741	0.0054064453399634	-1.93097974371318
11124	-0.189646168810552	8.95415967156216	-2.92642383135003	0.00411382874839283	0.0108493695599377	-2.67719772227313
11127	-0.0520764734418498	5.48630422471566	-0.47935682602279	0.632571511510436	0.716839166562794	-6.67845016497026
11128	-0.105581095898977	8.15705836661355	-1.92638265903023	0.056460363246035	0.101427272816931	-4.97346394038097
11129	-0.272565761345536	6.74997148706618	-4.04982868473888	9.20401731592847e-05	0.000410724921823713	0.849110664170007
11130	-0.493644316845365	8.26112128205341	-3.84479169933887	0.000195965027206923	0.000787282666924292	0.138166776349387
11135	0.164237633374256	7.76128341893098	2.46625132110305	0.0150898601285125	0.0333535575760003	-3.84002326729802
11137	-0.146061048402686	10.1312850505874	-2.43366512277141	0.0164451838491802	0.0358693473974726	-3.91564660955486
11140	-0.0662515975612233	12.290539238144	-1.18670262224861	0.237727302344024	0.330465755193814	-6.09563754147592
11142	0.143295379832986	6.86776264507285	1.30457770536595	0.194573926988271	0.281464509797053	-5.95131508727612
11145	0.0616731833375339	10.8326875318311	0.61245044731855	0.541417561200341	0.637052572010658	-6.6062694774914
11146	-0.21137864078374	9.42369934416491	-2.9739315395567	0.00356544462383421	0.00961829131493925	-2.54730097336638
11151	0.846239808064	7.19057198851697	6.06222290824935	1.65404581016101e-08	2.40112801264146e-07	9.11235866875875
11152	0.190729818277032	7.72195946206384	2.2978336553421	0.0233317768687277	0.0480479872689331	-4.22103907122692
11153	-0.726155429180436	7.74536053245272	-5.0986594948401	1.31731278452024e-06	1.06199750741159e-05	4.89295939971559
11157	0.204303896659324	9.30177087748664	1.3860508765757	0.168343594987141	0.249924876051769	-5.84381324196712
1116	0.200017581430255	6.28692820828134	1.21896674221688	0.225286667585024	0.317013266482503	-6.0574569977848
11160	-0.242135994607553	9.30728507240104	-3.78686398755292	0.000241445646890734	0.000939397571039786	-0.0575282145132041
11162	-0.299620612158663	6.28241752659067	-3.88518386029712	0.000169210586892399	0.0006932933768508	0.275982643427108
11164	-0.304994673516362	10.1769210870474	-3.85590865954795	0.00018822504869415	0.000760635470750333	0.175986241410829
11165	0.0654697276396176	8.95500004991965	1.08142024223768	0.281714112687116	0.378983480585599	-6.21326025683358
11167	-0.140090509226201	11.4982224652453	-1.55865409832496	0.121754816148722	0.190849971131043	-5.59532462242179
11168	0.156305522297705	9.81334894663317	2.1012096208579	0.0377495407075549	0.0720027983385171	-4.63460466002602
11169	-0.0903253286225743	6.57542655118737	-1.04483639288711	0.298233084235318	0.397323431578021	-6.25162721862825
11171	-0.110107554258395	11.7744558102108	-2.44282000337981	0.0160538778332279	0.0351644208174124	-3.89449239015129
11174	-0.381011230802677	8.80625930309096	-4.25534710790138	4.20521376467107e-05	0.000206387793797879	1.58944360794973
11176	-0.132795980223352	5.41773826891332	-2.32685618558464	0.0216773386813171	0.0451930382402017	-4.15712722189723
11177	-0.128410726315379	9.01256909054383	-2.07968301716499	0.0397189888408898	0.075144032942224	-4.67780670644799
11178	0.374017428402363	6.97103089425898	3.36328370169813	0.00103896625296538	0.00332307026428337	-1.41628970129589
11179	-0.0863267323756636	9.03726819520521	-1.29840730247764	0.196677864582085	0.283716234971711	-5.959199409008
11180	0.0665016715782351	10.8793888777246	1.33294766704778	0.185115456216561	0.26981712870104	-5.91459804141877
11183	0.241105737297221	8.96415483764813	4.49738154329313	1.61936834263119e-05	9.21845796701145e-05	2.49531999534518
11186	0.334024212111882	7.97051562564653	4.3146266289228	3.3391722221998e-05	0.000169798571079472	1.80797631472323
11187	0.041109142115172	5.60943592842729	0.31212929725045	0.75549282459677	0.821101411995963	-6.74427425154567
11188	0.161714686107737	9.40881875626432	2.14622209925717	0.0339017800616016	0.0658736069886683	-4.54293736859992
1119	-0.228611239942437	8.69250530248152	-3.41347477935218	0.000879487762764067	0.0028657076609196	-1.26209629906774
11193	0.15972238248318	9.15619814417811	3.0728827074787	0.00263289184145848	0.0074503893835036	-2.27100036143913
11194	-0.00686216519070451	5.71496452272664	-0.074695748826593	0.940583201999067	0.95999224620194	-6.78999438344672
11196	-0.0788196658501665	8.18072383366027	-1.68331288874566	0.0949569625686916	0.156712189973505	-5.39849894336778
11198	-0.162662031708798	10.4185319630145	-2.3105737480275	0.0225923206918145	0.0468405042455793	-4.19307364075122
11201	0.252688159190586	6.97483459138178	1.38643494743898	0.168226644979243	0.249829573449936	-5.8432915378148
11212	-0.051593659785566	9.78538855150683	-1.03183384043174	0.304258997111093	0.403983172502432	-6.26495143830187
11214	0.676838958980683	8.67489669047174	6.46866944972297	2.33780504357449e-09	4.41882600913623e-08	11.0077959391591
11215	0.341028745543208	8.88551266249425	4.36859852583705	2.70199332739005e-05	0.000142065339810578	2.00884260777865
11218	0.0451658274601156	6.03876258878474	0.481844541576407	0.63080835977767	0.715331830280554	-6.67726166726991
11222	-0.356429351716376	11.3701183779791	-5.46472964362871	2.61854655930803e-07	2.62490225484033e-06	6.44590154145182
11226	-0.283046495562146	6.18198014279847	-2.714855222502	0.00762511808381141	0.0184539921981489	-3.23355436071464
1123	1.18759781336403	9.83155410582914	7.49449845062847	1.33811422046942e-11	5.69117274911069e-10	16.0263339245682
11230	-0.423733086469372	7.86156890010374	-4.98208289639209	2.17415382590453e-06	1.62962891124968e-05	4.4126210935941
11231	-0.320587052827219	8.43465882923488	-3.72169525745971	0.00030455935445978	0.00115133193036054	-0.274908061574889
11232	-0.267379498264973	7.65770127927405	-2.93119184814608	0.00405548199418815	0.010729750567583	-2.66424226483857
11234	0.233974169569697	8.46308421924929	3.45898051051772	0.000755039716153751	0.00251984971936565	-1.1206838988544
11235	0.128692047656909	10.9622935937153	2.51345256625388	0.0133032361174511	0.0299168881922533	-3.72887791660944
112399	-0.701269773553097	7.02680834019774	-2.98929590463347	0.00340304627227546	0.00927389053414559	-2.50490673771314
11243	0.0364545529250855	7.78483097811731	0.606160212357447	0.545572025978362	0.640663197978572	-6.61007482227696
112464	0.521001325376823	8.9155315767857	4.513296767264	1.51910015525247e-05	8.71978268407601e-05	2.55613269839045
112483	-0.10914829759431	8.23024892070852	-1.56608598220164	0.120004865844033	0.188731292759846	-5.58399652037196
11252	0.121790221181203	10.5796312625432	2.31557219470455	0.0223078848759914	0.0462972686119822	-4.18206315253661
11253	-0.113735817765721	9.99351735814855	-1.97008776948544	0.0511693620447696	0.0930147294211701	-4.89132856548347
11258	0.212283119242208	9.94988126295464	3.21849778260622	0.00166397291021154	0.00502721881431869	-1.85049086181635
11259	0.886452623772462	7.87693382741762	5.06327531493283	1.53477555362497e-06	1.21081624383402e-05	4.74641287634567
11260	-0.395968074115027	7.72032970014991	-3.45157665052732	0.000774090907501774	0.0025709653783533	-1.14379589625922
11261	-0.182354290209767	10.2140654096957	-2.72974192662164	0.00730899843930195	0.0177879573095563	-3.19560262384159
112611	-0.0231196299049229	8.92008065572917	-0.363117345045848	0.717166525498016	0.789839400081815	-6.72714467374867
112616	0.485092488947389	10.6758541234067	6.41368465286952	3.05640036930973e-09	5.56076366751066e-08	10.7478900640519
11264	-0.43962295221109	6.06078141822683	-5.86625942582788	4.15782983469038e-08	5.27552602681145e-07	8.22111007462338
11266	0.104409151881472	10.1319100143964	2.41882561337011	0.0170975101022028	0.0370378792143182	-3.94978386762033
11267	-0.17279704891309	9.30551125995605	-2.12370637578675	0.035781819628038	0.0689910901324915	-4.5890150913362
11269	-0.380996107266622	9.29848033595471	-4.65936119511227	8.39423801205831e-06	5.23293630034729e-05	3.12121540282483
11270	0.0446310999254377	6.69405376158574	0.543067793614112	0.588106921497318	0.678468553366033	-6.64608244074855
112724	-0.259977804136865	9.25583912324135	-2.2865683258506	0.0240032753711938	0.0491864602959641	-4.2456496270343
11273	-0.0195828094144701	5.58988262940754	-0.193348205777766	0.847018505222765	0.890123772664127	-6.77415839070774
11275	0.318570030722845	7.64927787395795	3.64505118122398	0.000398796019340801	0.00145304592843185	-0.526755128860444
112752	0.253472044801348	8.23120833233367	3.40257385250037	0.00091203526884311	0.00296124658830349	-1.2957444922321
11276	0.047170784153384	6.02252304634965	0.822941514583141	0.412200312136031	0.51439410458432	-6.45647633528064
112770	-0.0646327444718726	11.265337574506	-0.783620087587166	0.434832246611049	0.536958343101698	-6.48776387563419
11282	0.00057627919487441	7.63200535348548	0.00748753174797175	0.994038506712071	0.995484731503602	-6.79274504957197
11284	0.0638567101686746	9.86007019709755	1.20841684130165	0.229301691042277	0.321240157396406	-6.07005139713501
112840	0.121936856151931	5.9666665721621	1.99174433858639	0.0487073153621298	0.089206746095608	-4.84999047598112
112849	0.12635226850225	8.12740560590086	1.11484826315308	0.26717962736458	0.363455817198852	-6.17707183639535
11285	-0.355564353524248	9.2892504061488	-4.22824681062527	4.6695378928235e-05	0.000226484926569126	1.49027399328314
112858	0.00229267844470983	7.59734351404158	0.0430699757872998	0.965718508266805	0.978272612004392	-6.79184914779942
112869	-0.132645455629943	6.84086711647308	-1.80601510765734	0.073463599042754	0.126471306397071	-5.19070597230791
112936	-0.154834380794321	7.58069045276535	-2.56265487458286	0.0116447358745541	0.0266811423921822	-3.61101062697776
112942	0.0236703971469339	7.97877670665287	0.337375804405389	0.736432667017301	0.80590008340791	-6.73611532074435
112950	-0.198453126255078	9.00439536691519	-3.20556815959544	0.00173422022004669	0.0052108617743127	-1.88849118660997
113	0.432735997321984	8.79368565421571	2.50112488860742	0.0137505958757965	0.0307304983587877	-3.75808870560087
1130	0.466376255687072	6.80951493574489	4.23553257720673	4.54008302972569e-05	0.000220854451269342	1.51688961365161
113000	-0.225717554927308	7.18330797277917	-2.37114909041797	0.019351581014852	0.0411227319739331	-4.05818046018569
113026	0.114815261908621	6.36099869049924	1.27750712598406	0.203929599444531	0.292694785649319	-5.98563499150809
11309	1.83334075698775	8.8186785868271	7.69752709670627	4.66844930441717e-12	2.4878316938378e-10	17.0519451326613
11311	0.120959293111474	8.8989835901293	2.18964619075048	0.0305164094022939	0.0602451103400926	-4.45280483753679
113115	-0.380286111307869	6.96455124734745	-3.86355673853981	0.000183070121669841	0.000742346197836468	0.202053725589218
11313	-0.0998104369482592	8.0355464208313	-1.24340959332645	0.216180283950887	0.306918038060215	-6.02786739072223
113130	-0.440679571607978	9.85285670174354	-3.49566919152777	0.00066696785462628	0.00226677235906925	-1.00556266753415
11315	-0.0855205220229594	12.0691552907148	-1.21426328443759	0.227070358639085	0.319071878938609	-6.06308513963228
11316	-0.0874378678329017	10.6857103946616	-1.37904938000848	0.170486405963877	0.252549805104308	-5.85329923473899
113174	-0.0448695955138671	8.74663857415575	-0.450800310836607	0.652960285314576	0.735704809261819	-6.69165395422451
113178	0.0348824028731949	7.11934013396797	0.534484346626449	0.594011541725584	0.683456656171239	-6.65067720101025
113179	-0.156723424653118	6.87481964145249	-2.18168083560113	0.0311144268944408	0.0611334838601525	-4.46946266151462
113189	0.27017403843531	8.33822481127172	3.73528515982948	0.000290227846355236	0.00110473825386832	-0.229821304862872
11319	-0.0823323247003932	9.04720240000754	-1.78847928752596	0.076263316122961	0.130618469852567	-5.22125079978675
11320	-0.525437632964775	8.32352321834069	-3.67177017168456	0.000363182637223656	0.00133447001043923	-0.439429408145696
11321	-0.0103586357604647	10.1669995373196	-0.204291636147675	0.838477344142019	0.884298118311169	-6.77199199089166
11322	-0.00840802521302151	7.54176701378999	-0.0889425645673773	0.929278251416397	0.951218401550689	-6.78883341555371
113246	-0.569356408778441	10.5809637333329	-5.50022464452678	2.23159214467572e-07	2.29837295698522e-06	6.59991377845038
11325	-0.0358677580951503	10.0567632709927	-0.846167201601946	0.399171212071503	0.501392063824607	-6.43728482203757
113251	0.180965183525301	10.0883506378601	1.85258409940392	0.0664393887401801	0.11627306232878	-5.10822332895865
11326	1.934378661326	7.5880329706972	6.87354371808504	3.15464926445219e-10	8.19415186301103e-09	12.9522203968847
113277	0.177602330832129	10.1563003201697	1.06608313792139	0.288561273806364	0.386495236199217	-6.22950253062461
113278	-0.55499700823193	7.86133716410496	-4.29659174032932	3.58263141046139e-05	0.000180332330593608	1.74125864992141
11329	0.196741755595494	8.61925912571476	2.83736703064386	0.00535546480812363	0.0136278925801297	-2.91582016144609
11331	-0.301814567407743	10.1598159159906	-3.96652509053139	0.000125514296761684	0.000533306631302219	0.556867515561127
11332	0.164254997275844	9.81662860814383	2.13921127993693	0.0344777906616223	0.066851303019953	-4.5573329588045
11333	-0.0469127513975924	6.300851448436	-0.623933723964735	0.533874774676831	0.630332424075275	-6.59922188381188
11334	0.158216061653033	7.22937023578953	2.84180994670156	0.0052861814454685	0.0134848235761488	-2.90406741381559
11335	-0.525691227947367	10.0893333557973	-7.14392857002095	8.06434335694897e-11	2.56197985109225e-09	14.2782746462207
11336	0.069887486315644	7.8945908366384	0.976908216927211	0.330612006653377	0.432302544713771	-6.31942657320139
11337	-0.110500791937205	7.64003411066083	-1.19308171131539	0.23522941247539	0.327876298860399	-6.08816793930797
11338	-0.0260073791684824	11.0399174661821	-0.469473598340606	0.639597017240969	0.723275833016341	-6.68311130893725
11339	-0.301549266876141	9.14305505998314	-2.25004643337783	0.026298343131826	0.0530203354329711	-4.32467523509124
11340	-0.408275347126285	9.58113140737517	-5.11621827815174	1.22085008251231e-06	9.89619399563461e-06	4.96592070848205
113402	0.0919676120829033	11.3320384090687	1.99419356394424	0.0484353194747834	0.08885159149508	-4.84528881079908
113419	-0.001946543319316	7.60212071243427	-0.034685375902453	0.97238919500982	0.983582506830898	-6.79217382325817
11342	0.398714565130961	9.75573039358168	5.96425254317588	2.62715794966758e-08	3.58683052301723e-07	8.66484767964473
11343	-0.0300171718326526	7.44803878528858	-0.339897108230634	0.734537944790165	0.804572791933002	-6.73526574013726
11344	-0.0329058178882157	7.65547453158284	-0.440672556293804	0.660255873022865	0.741295842214064	-6.69614269472098
113444	0.23045520499428	8.05565068043539	3.56504032766007	0.000526239934281762	0.00184496683241399	-0.785210339987603
11345	0.283887065909316	11.6579538451208	3.92534798410404	0.000146080799183231	0.000609100152071422	0.414119009170766
113452	-0.327108849961034	10.4074539060273	-3.2131671881598	0.00169260685405195	0.00510439306844438	-1.86617305871
113510	-0.124713310753681	6.83917276469689	-2.37911460826875	0.0189575891889991	0.0404102417293246	-4.04020632168653
113655	-0.213420751319138	9.27932900629349	-2.43534658328988	0.0163726834831246	0.035736811530213	-3.91176662879835
113791	0.840538043778009	8.46680122419316	5.89949690938773	3.55978086324242e-08	4.64514848821207e-07	8.37117593242032
113829	0.0906120300515468	8.72085412485557	1.26803308590118	0.207280971522781	0.296474601693189	-5.99748083115719
113878	-0.043326664241932	8.96073690419303	-0.930746698412045	0.353883829933235	0.455166682536362	-6.36294222332447
1140	0.242447265018985	8.21292356464576	2.86131948187829	0.00499154813033735	0.0128462227839354	-2.852270003176
114034	-0.0394987174892086	6.9856167115541	-0.628425106589433	0.530939303317243	0.627674058308348	-6.5964300237778
114049	-0.275286074495231	8.80063660855996	-4.03033779755342	9.9006535080064e-05	0.000438025698854488	0.780321839750608
114294	-0.20089674989627	8.8457215838796	-2.6845002203967	0.00830846319782319	0.0198576116938714	-3.31037346572645
114327	0.282562228762838	6.67898828990738	3.50182982538727	0.000653162847781885	0.00222663026111365	-0.986135383214243
1145	-0.00279961541371229	5.79610022229236	-0.028618877420194	0.977216875338452	0.986404738238315	-6.79236507691278
114569	-0.47362649942576	8.71828205112402	-5.41114202127671	3.32999149816456e-07	3.19834067149294e-06	6.21450366393178
114659	0.164216828901654	7.9933951713327	2.41121314339674	0.0174409859517552	0.0376634101860125	-3.96722254909996
1147	-0.0156373692007074	8.58542693438265	-0.269494936879369	0.78801926442453	0.846287077215518	-6.75661462395991
114769	0.723159054545349	7.00894023368434	3.38745518770851	0.000959050351741063	0.0030977774772901	-1.34226571747462
114785	0.0584430831170026	9.50797267127999	0.768679076199952	0.443618730041205	0.545524893574565	-6.4992549370955
114789	-0.109040298644443	9.41811641357103	-1.17147612758817	0.243766153801728	0.337101696032525	-6.11330897897431
114793	0.87488721212711	8.92114093378358	7.80907309449342	2.60821392403621e-12	1.5725435775576e-10	17.6191723874717
114821	-0.383670045656013	7.22337438762485	-5.22047148126495	7.74893057468124e-07	6.64653858222918e-06	5.4023562057178
114823	0.096745099038585	6.16126750501674	0.847428560353328	0.398470876562221	0.500893233968034	-6.43622744786785
114876	-0.647158228774738	9.02707239501547	-7.67631251340395	5.21356330699034e-12	2.72557170352786e-10	16.9443583238921
114882	0.171350379513086	9.39721723933996	2.18083217722612	0.0311787383585696	0.0612452743975708	-4.47123415040199
114883	-0.138648505168496	10.3979743461196	-2.82094391791047	0.00561883770102293	0.0142105325812766	-2.95912479358013
114884	0.12217524249673	9.66928118548558	1.89586971397788	0.0604217133297911	0.107214468765644	-5.02978206228346
114885	0.132203410829893	8.72570086702029	1.62930999347427	0.105912696790094	0.170800249021119	-5.4855409329549
114897	0.346249983132642	11.4956129424319	2.17216936669326	0.0318418429124483	0.0623550551106739	-4.48928055104093
114907	1.08082119042213	8.30417948659539	6.22088681037459	7.7596634101677e-09	1.23496762558738e-07	9.84503017288557
114908	-0.0642582373041534	10.9101551923816	-0.951734965070745	0.343175717228949	0.444438918832097	-6.34341400571303
114926	-0.0347191409845066	9.95264632723631	-0.585023204824029	0.559648513945403	0.652554591359265	-6.62257583736756
114932	0.135696535379126	11.1061412390813	3.57878468633071	0.000501910949018397	0.0017747364892517	-0.741139138802495
114984	0.0775754779585894	6.05022363649711	0.696819262436234	0.487285615510148	0.586569261738982	-6.55146020084459
114990	0.777031068182316	10.2642394552997	4.93643193984452	2.64058367661706e-06	1.92795546764854e-05	4.22647860486055
115	0.36630523979936	6.6618480654458	4.28005097126516	3.8208580864855e-05	0.000190656363987777	1.68024666670927
115024	-0.0692655058213496	8.14562120393794	-0.877746253738084	0.381864094914134	0.483327830829106	-6.41034479172463
115098	-0.224741256729604	6.21481081312537	-2.16182120374149	0.0326499751667865	0.0637704843089835	-4.5107510461679
115106	-0.358435681179841	8.51801595020618	-3.2373299333022	0.00156638781058849	0.00476902444359048	-1.79491416853326
115111	0.396659772868259	6.54668873395591	1.39940771328882	0.164312604734058	0.245162664915665	-5.82558781525506
115123	0.0113615024133651	6.1048808255425	0.066041595013335	0.947456408330902	0.964980262985604	-6.79060092139148
1152	0.0858945517596445	5.92107548168967	0.608739273742473	0.543866716739952	0.639205902144565	-6.60851931298082
115201	-0.0790722814502931	7.71371191997589	-1.1780617111308	0.241141037867654	0.334254903974967	-6.10569328408113
115207	0.441017243674025	9.60740112752899	3.553854677973	0.000546856818126943	0.001906727445221	-0.820976529115573
115209	-0.133194214759034	8.66802093820124	-2.38963889024492	0.0184479358817113	0.0394256016514711	-4.01637450119321
115265	0.131896398483093	8.20162157362189	1.04582342538289	0.297778972437303	0.396910490936279	-6.25060908021362
115286	-0.454540367453984	6.98345615068331	-3.56487820079056	0.00052653344909807	0.00184521268118373	-0.785729386548939
115290	0.273538630302019	5.92538453328569	2.89314043445384	0.00454309403093742	0.0118341080717575	-2.76712625116912
115294	0.0936800956609819	10.1491346414395	1.53570892999305	0.127285323311135	0.197999391817322	-5.62997267403329
1153	0.0877165438284433	12.4345999012787	1.42533969807994	0.156697363915282	0.235931503087901	-5.78972119592339
115330	-0.450892025070273	6.9586075274153	-2.25530420192567	0.0259565327135365	0.0524847677739364	-4.31337034840834
115353	0.136182586930704	9.94462776117028	2.59786053614872	0.0105746432903618	0.0245217724812995	-3.5254210332468
115399	-0.062942863083349	5.70922582015566	-0.923861454088253	0.35744274206506	0.458672836640888	-6.3692550436278
1154	0.692120469474146	7.40916638049196	4.14499435293522	6.42424616746019e-05	0.000299122172171484	1.18854349301603
115416	0.013838646256474	11.1417726996297	0.266378190388126	0.790412610660343	0.84723697950356	-6.75744588748388
115426	-0.0746173860563226	7.60869730716654	-1.17813217315406	0.241113060030349	0.334254903974967	-6.10561157502797
1155	0.0857333747948516	9.96588965151637	1.13040025025676	0.26059873487012	0.356204790671387	-6.1598680446944
115509	0.0765850808986566	7.83457161594855	1.01263513649557	0.313305208308092	0.413799331727669	-6.28432548489155
115548	0.149495321286192	9.01118635705988	2.10250226869737	0.0376340030876691	0.0718080077394656	-4.63199729672958
115677	0.857414150848466	7.49957391596237	5.87901344257316	3.91750378251606e-08	5.01683430133064e-07	8.27863983086432
115703	-0.0638705199037338	7.15908805167708	-0.771254571033708	0.442096851120821	0.543894165045361	-6.49728975392056
115704	0.123643641879601	9.46448908595841	1.6619560500405	0.0991744961306438	0.162117818729293	-5.43324553297083
115708	-0.143713963991207	6.0117195111655	-1.91426943289807	0.0580059598447467	0.103730077574715	-4.99592254667525
115752	0.0764885033001894	9.40223113597935	1.10700328171064	0.270542822060714	0.367184309927949	-6.18566152236346
115817	0.117326684182157	9.88188098636566	1.4403357852213	0.152418953401175	0.230329410006167	-5.76868984227611
115825	-0.4751574678585	7.72621264512255	-5.9991504275673	2.22890527300699e-08	3.09538864999697e-07	8.82381658238614
115908	0.24792972498252	11.5374023143415	2.70522599605431	0.00783615342919199	0.0188817465942608	-3.25800544946871
115939	0.265208187443689	7.06375892307659	3.50007962439402	0.000657057158957722	0.00223805861154259	-0.991657380028228
115948	0.873015191793741	6.97109383638045	6.6860829830529	8.02428747104646e-10	1.83095620195701e-08	12.0454398591297
115950	-0.0364241561005216	7.31418357875608	-0.64123307769373	0.522614076803874	0.619250075225935	-6.58835932114427
116028	-0.0300204292396922	9.9224270996099	-0.421723904671078	0.673993412355432	0.75262749574907	-6.70426792426604
116092	0.1534274261527	9.0898758710069	2.12976640048289	0.0352671591130734	0.0681738203309118	-4.57665764457665
1161	-0.146011523569573	7.02884940026845	-2.43072275449932	0.0165727387862829	0.0360808704203208	-3.92243031872838
116115	-0.187078538489248	7.7985692760025	-3.60854241910977	0.000452826831446944	0.00162176193495945	-0.645256011748764
116138	0.0480539000603261	11.1199706351136	0.980864856608807	0.328665046919096	0.430301678166386	-6.31560028736381
116143	-0.372914635724821	7.39026342317804	-3.66703524120567	0.00036926595373919	0.0013544124235727	-0.454941468139057
116151	0.237716117780039	9.83487163145298	2.56021409239477	0.0117224128200718	0.0268367876645769	-3.61690584920838
116224	0.198090611258603	7.56447900777682	2.71487279281453	0.00762473777217705	0.0184539921981489	-3.23350967519074
116225	-0.343872527258586	7.68369605494948	-3.28306912202749	0.00135115067734255	0.00418623578201404	-1.65880568151286
116228	0.125280553800071	7.94910968373483	1.35154484203977	0.179104812419493	0.263005466770669	-5.89011346346487
116236	0.541825084768595	6.72901876409242	6.00261565676232	2.19276136300115e-08	3.05949473959283e-07	8.83962823745786
116238	-1.20371632956045	8.52169892935257	-8.85833454795641	9.86275259723122e-15	1.50863586024315e-12	23.059326018297
116254	-0.153324569655487	9.36392615177453	-1.55846234040562	0.121800234481343	0.190849971131043	-5.59561622686546
116362	1.33839969033022	7.10013962515222	6.22287861544929	7.68583998314129e-09	1.22557988920361e-07	9.8542884215725
116379	-0.075648723830294	6.13485404402589	-0.539241349661029	0.590735768111445	0.680920659307917	-6.64813975213681
1164	-0.270891082736939	11.4471409879393	-3.33806436872771	0.00112897086060897	0.00356880953257945	-1.49305741900224
116441	0.275870657176812	6.59897260646943	1.64888602889199	0.101829383998277	0.165540388078285	-5.45430113586704
116447	-0.275781610903806	7.56675105012379	-2.2505021833702	0.0262685594270493	0.0529732179852117	-4.32369627062966
116461	0.0272569639630082	9.80262849295205	0.492083327818103	0.623574160254784	0.708977641253202	-6.67230561885014
116496	0.214779733739924	6.29372968913346	1.75245177153903	0.0822921626648345	0.139079912598897	-5.28311954148116
116540	-0.409203941768656	8.79221221494721	-5.17678892813834	9.38073775349146e-07	7.81885911643183e-06	5.21881809346457
116832	-0.602280172853199	9.21786549569912	-5.11648572083263	1.21943539546236e-06	9.89443650935082e-06	4.9670332282938
116835	1.08094356848417	6.49071456088505	8.32242617895155	1.73828801261195e-13	1.72991072098491e-11	20.2597075792413
116841	-0.124961893849937	7.56552679678272	-2.20797680112417	0.0291780475232399	0.057977068208314	-4.41425805377624
116843	0.475607902323094	10.0040819192528	5.67694719651378	9.98451228201162e-08	1.14170656047658e-06	7.37527724511563
116985	0.301226664087487	6.8628181850702	3.3623984632466	0.00104200826913899	0.00332958928552729	-1.41899242690245
116987	-0.230986097965785	9.8224612346286	-2.59816538984176	0.0105657772197398	0.0245122508886964	-3.52467534900419
116988	0.105792400478144	10.0165768194793	1.0596904491112	0.291448528389057	0.38981122907378	-6.23620532619413
117143	0.0408529426709794	9.01681512650439	0.619254436872613	0.536941862899711	0.63350089809336	-6.60210938782603
117177	-0.24993205234666	9.39468313198692	-3.05923767875709	0.00274645540068815	0.00772674441746736	-2.30955967666045
117246	-0.133361029375692	6.52205464651222	-1.52495509587274	0.12994457105179	0.201490924889766	-5.64604153179717
117283	0.110649304373285	6.32613985755804	0.972246449537602	0.332915620526117	0.434132194868743	-6.32391523155229
1173	0.229829928560572	10.5811096579314	3.20948081203239	0.00171267642615286	0.00515926596645609	-1.87700536548778
1174	-0.00817523318092568	8.17531315166324	-0.057022223567252	0.954623882906958	0.970604784934943	-6.79115367935631
1175	0.216835234343771	12.902798317901	3.74861980156075	0.000276789062050391	0.00105979722173675	-0.185455957825799
117581	0.248637588079246	6.32339416822449	2.24830654099351	0.0264123187275941	0.0532241406903947	-4.32841090385357
117608	0.133483076513749	7.92655131631053	0.653007784892599	0.515020829008485	0.61183259709623	-6.58079707230613
1178	-0.640123503383703	6.87310230287217	-3.12640768200961	0.0022281111383825	0.00648720408989758	-2.11834002408733
117854	-0.461069905563212	9.31596021378948	-6.23740816044465	7.16784698175773e-09	1.15412117094189e-07	9.92186880493196
118	0.1341402255041	11.6302641186259	2.98619164639807	0.0034352974108024	0.00934221406951203	-2.5134872924556
1182	-0.333338790067295	9.83192000964963	-6.23826414052474	7.13842650913141e-09	1.15162896416847e-07	9.92585261426673
118424	-0.106470252932583	7.62143021985963	-1.31926173926624	0.189634408129249	0.275674095590919	-5.93240639129322
118426	0.428916898603532	5.22097798096158	5.13505270470442	1.12503008448347e-06	9.19164045285206e-06	5.04435862557665
118429	1.01221068957736	9.96799641853325	7.03241567954276	1.418791269158e-10	4.17053946022957e-09	13.7288940245982
118472	-0.118289577619668	9.43584327653191	-1.84133880051815	0.0680821105887931	0.118615953061259	-5.12832241798528
118487	-0.395083509785319	8.34229967127284	-5.17235144789694	9.56414039489175e-07	7.93967835797044e-06	5.20022720702353
1185	0.101525363681487	7.27459514071113	1.49044288348852	0.138774591836905	0.21274649750795	-5.6968778035348
1186	-0.0352948835097815	11.0896454239757	-0.602881376859844	0.547743906820323	0.642482912572546	-6.61204291078883
118672	-0.201472302986063	6.00450919072432	-2.82631968120247	0.00553135291211331	0.0140193234286763	-2.94497404383099
118788	0.816452541914347	8.83531881716291	4.32027381648343	3.26626755192585e-05	0.00016695154689918	1.828908925243
118813	0.113364498481114	5.99106816969788	1.31089144351534	0.192438474119241	0.279209871109245	-5.94321004062984
118881	-0.109732417850638	8.10914719396732	-1.57040380215426	0.118997366684422	0.187400837031879	-5.57739132501795
118924	-0.0258150659558566	5.34511988470293	-0.444514070698265	0.657484715117226	0.739088697178591	-6.69445205536881
118980	-0.0468513769281377	6.2856565264934	-0.379683245124299	0.704862640644503	0.779615079234547	-6.7210237609335
118987	-0.0765004644561965	6.97027916748113	-1.30735518692018	0.193632358814625	0.280351145277617	-5.94775427118399
119032	0.0675686480905347	9.62699652750402	0.915293114353253	0.361903381703901	0.463460764786701	-6.37704651635002
1192	-0.00195154422862235	11.6828754308367	-0.0354633536518392	0.971770155680681	0.983438064925561	-6.79214664479293
1195	0.166919270509664	10.8418558735528	1.64343917429999	0.10295257628847	0.166939199085741	-5.46302909786523
119504	0.403626686775585	7.88723772489506	6.00418815701421	2.17655010223836e-08	3.0471701431337e-07	8.84680505267188
119559	-0.420629683371639	9.63401859424153	-4.8333376862279	4.07968794015154e-06	2.79189912060081e-05	3.81025157420356
119587	0.0568746838848396	9.55710649444399	0.183352049688354	0.854836298843858	0.895150586771079	-6.77603312313193
119710	0.0594952792983033	8.15377006528513	0.744432422334548	0.458094043664146	0.559080496552282	-6.51743680169674
1198	0.135035796948916	8.69963643881456	1.67329436831092	0.0969169365242846	0.159057002918854	-5.41485126772279
120	0.596137787401345	10.8137999562455	5.15447071056924	1.03392276083279e-06	8.52315569309264e-06	5.12541670025327
1200	0.0529658779343556	10.5294452466692	0.5387514087573	0.591072762764665	0.681119003967095	-6.64840212659913
120071	0.579367957581863	7.18946860106455	5.19476497273963	8.67223254261241e-07	7.3244008999978e-06	5.29423069713454
1201	-0.542671294808698	10.2096578247358	-6.75909881485898	5.58492432827498e-10	1.33714420149424e-08	12.3973451349315
120103	-0.140528070167514	7.45205648966981	-1.80755103768551	0.0732224848014271	0.126161394338712	-5.18801718222327
1203	-0.309011288001442	9.11638813668299	-3.63026476644995	0.000419899898822625	0.00151855217350039	-0.574863669243793
120534	0.253551253230679	7.82354162248271	3.32276718132125	0.00118706847641287	0.00373104475463103	-1.53938975518943
1207	-0.0909771877690696	10.8222035052156	-1.91033840187839	0.0585151340803851	0.104504866487347	-5.00318231200056
1209	-0.0366313575795769	10.2638434150761	-0.522308884100484	0.602433915846889	0.69074183021867	-6.65706982859078
121053	-0.26542803400821	7.77645154072481	-2.85108988488936	0.00514410652279876	0.0131793796148628	-2.87946779433345
1211	0.115453760226393	11.5286117768053	2.70474281424549	0.00784688121081686	0.0189020818901567	-3.25923035468821
1212	0.294815006393492	11.6169767136169	3.79251332390618	0.000236603271119878	0.00092360256117684	-0.0385450607509368
121227	0.341041201892719	6.14404033452941	2.73030307668231	0.00729731871848941	0.017770003718963	-3.19416847205423
121260	0.137411825616012	9.16172944792654	2.39190023987095	0.0183400251405787	0.0392355886198342	-4.01124131657586
1213	0.215283908652151	9.55392396340762	1.5863895642554	0.115325658007908	0.182768598454589	-5.55278538208067
121441	-0.27226311271262	6.40076554533648	-3.29455876888607	0.00130160338408006	0.00405095853523032	-1.62436596031251
121457	0.146334607040438	8.06089196018968	1.54099156880787	0.125994813365651	0.196435854737689	-5.62203940143685
121506	-0.660865199322486	7.88667433991609	-3.40300582523148	0.000910724276764477	0.00295815278256963	-1.29441278667541
121536	-0.0260368482957812	9.62682049831596	-0.464009210914008	0.643495537871371	0.727123548949046	-6.68564690360398
121642	-0.480213588602854	6.91012394815865	-4.66598516832747	8.16919051821174e-06	5.11193285457795e-05	3.14713560496178
121665	0.124205649545912	6.84432494061811	1.57682035040912	0.117512576505223	0.185487078527258	-5.56754339718646
122416	-0.0415706725794793	11.057079098342	-0.614013349181238	0.540387809683351	0.636294128009191	-6.60531792921296
122509	-0.205539543631012	8.06402480489611	-1.88142846343821	0.0623764049648364	0.110049797258248	-5.05614173980535
122622	0.367208242721542	6.6194546743709	2.62906359093162	0.00970115140263994	0.0227517065831363	-3.44869354010248
122704	-0.143456328120551	7.89559021819533	-1.8271687083886	0.0702001161254238	0.121664489969786	-5.15348463837387
122769	-0.350314235550197	8.43557898671854	-3.48232859802378	0.000697809157959895	0.00235743896634683	-1.04753662866773
122786	-0.0852056386710357	9.75769356547754	-1.24185976671612	0.216749595285223	0.307514884413593	-6.02976054458468
122809	0.251630002978089	7.87069177705633	4.83720720426864	4.01401290251373e-06	2.75608865958133e-05	3.82576921457276
122830	-0.00455439493099687	7.64678725657446	-0.0773122128373653	0.938506041051772	0.958464379214595	-6.78979632101443
122953	-0.0476913557043306	6.99757966038295	-0.737050783022202	0.462553621613442	0.563161375466328	-6.52285747807994
122961	0.116403405082876	7.15852861918442	2.39702121568048	0.0180977201943057	0.0388783273875072	-3.99960061624714
122970	-0.388198737227521	9.00000738965286	-3.69523969995987	0.000334404958789077	0.0012498574477818	-0.36230731850481
123	-0.374369424683999	13.0225350753387	-3.1001281451003	0.00241903072316854	0.00694654670838586	-2.19357192128735
1230	0.301425416413312	7.6248884421676	1.93008861833704	0.0559944904571347	0.100699867445228	-4.96656632579792
123016	0.0984335630207742	5.43120068288767	1.19915454376885	0.232868980117827	0.325326010980675	-6.08102064099265
123036	-0.329948725562202	7.25426972176815	-3.0638625028148	0.00270746624047463	0.00764308651617241	-2.29650679750693
123096	-0.127553242991969	5.71536737837381	-0.996339664731725	0.321122748659966	0.422570320842969	-6.30048923849545
123169	-0.26269343290618	8.38714005001152	-3.45109736757431	0.000775339616731802	0.00257407766648098	-1.14529064360113
123207	0.159635913611697	7.3877483293522	1.85635771551847	0.065895599397278	0.115586674670103	-5.10145276635072
123228	-0.0349474877337598	6.3731632861815	-0.375446241604035	0.708002283223683	0.782040500057184	-6.72261520813838
123263	0.0815704567061606	7.91377173557843	1.11008389376881	0.269218655149158	0.365747712423033	-6.18229555699059
123355	-0.146438111845666	7.32432860170057	-1.75673994870099	0.0815546652323468	0.138097895616889	-5.27581818646976
1236	-2.38044435108344	10.7037770015552	-9.93486706147358	2.84803402223217e-17	1.47029756397736e-14	28.7676759708692
1238	-0.244736711541465	11.902465526409	-3.85419115346594	0.000189401524378067	0.000763894820001382	0.170137835546732
123803	-0.108323442401337	9.69941878081917	-2.1604947080426	0.0327548424193293	0.0639005664581152	-4.51349643469343
123811	0.206722897881667	9.94239558437012	4.05725851019648	8.95101134300189e-05	0.00040095094193707	0.875398376492602
123920	0.19147047504856	10.0983154961846	1.90465854947945	0.0592574640340957	0.105533991574306	-5.01364701146923
124152	0.391657635741573	8.44214822804166	4.32765397234502	3.17329581222826e-05	0.000163006364483865	1.85629501907164
124245	-0.144577403295652	7.1509384390465	-1.84311677164902	0.0678201538303886	0.118234375398694	-5.12515227456359
124359	0.684525345122435	9.91349902585867	4.40796003446526	2.31293172560879e-05	0.000124380312848493	2.15646302744025
124402	-0.269748023618118	8.94388060176605	-4.07128483969832	8.49139894096217e-05	0.000381604761982304	0.925124080530315
124454	-0.298005736835502	8.59366560031744	-4.88462768547718	3.2879929545722e-06	2.32923000040878e-05	4.01660360682647
124491	-0.246070492484632	8.62099102884743	-4.4346941478715	2.08009658354185e-05	0.000113335077704853	2.2572644047616
124540	0.155988664463687	8.18043349036674	1.64653223380425	0.102313540497107	0.166093457589749	-5.45807620585677
124583	-0.169600570547461	10.1469984284035	-2.44962797624595	0.015768281969767	0.0346214803482923	-3.87871470789586
124790	-0.171681240288251	5.95163495151541	-2.02487752571292	0.0451358015133198	0.0836485798743598	-4.78592936637563
124808	-0.132318266582301	8.7897541860595	-2.04391696342253	0.0431864807827875	0.0806694552839947	-4.74867209248634
124935	-0.0998309182582806	11.6605911208095	-1.13236721931766	0.25977456334329	0.355137023041306	-6.15767554877629
124936	-0.26175231072734	9.07424195567329	-3.97601340373498	0.000121183375935072	0.000520587600147421	0.589921568711143
124995	-0.0223550515266586	9.24982541710643	-0.335426172840219	0.737898900366151	0.807290717486676	-6.73676794186439
124997	-0.0819051295293676	6.09368591701821	-0.762623377746564	0.447209003065917	0.54904077962611	-6.50384998554054
125228	-0.560491422306163	6.75278426379099	-4.37840974863358	2.59950113664066e-05	0.000137464016572675	2.04554966239872
125476	0.0370528424990937	9.47758723148719	0.505590047456791	0.614087069141607	0.700524884817232	-6.66560900939597
125988	0.03486833957288	10.8233198099671	0.691809830317996	0.490414981030741	0.589039951041722	-6.55491025364996
126119	-0.00743776344690261	6.272409877519	-0.0812933403604489	0.935346317242074	0.955710116330966	-6.78948187682834
126133	-0.0292718054483644	7.32964696460986	-0.376012637896126	0.707582287902785	0.781681115163435	-6.72240349746066
126208	0.0418184650576651	7.93007147272903	0.577152373608991	0.564935428005322	0.657977681805512	-6.62711817284786
126231	0.0865817786204888	7.41053515243269	0.878549424647348	0.381430077115579	0.483000526900917	-6.40964690362364
126282	-0.354734223454404	8.63956884661942	-2.39928852536332	0.0179913496307025	0.0387001426952091	-3.99443949756597
126295	-0.101257951548177	6.32075473702474	-1.76484502863374	0.080175557456527	0.136117727989517	-5.26197168646597
126299	0.204555128666864	11.3114775013459	2.913814825374	0.00427186372829257	0.0111804798465452	-2.71137063883335
1263	-0.0288587089859284	5.27239845768322	-0.268999725629741	0.788399401836974	0.846287077215518	-6.75674734646164
126308	-0.244706245776243	7.99426062495315	-2.82172777723538	0.0056060029895141	0.0141824149137478	-2.95706288485699
126321	-0.42261906272034	9.57866679817514	-3.74852585030399	0.000276881647034855	0.00105979722173675	-0.185768974627394
126328	-0.196815654546527	11.2481022214171	-2.84161786586641	0.00528915973893478	0.0134882554626741	-2.9045758520199
126382	-0.434921159057521	8.27224956179502	-4.32168584535135	3.24827911133096e-05	0.000166141308458665	1.83414603220029
1266	0.393968599268114	12.1733854347253	5.04494457565838	1.66079294556732e-06	1.28929978669042e-05	4.67075051612456
126626	0.0121562823807647	13.7402624971332	0.298264492227139	0.766025570063572	0.829229441307257	-6.74848558376049
126695	-0.193620898624581	6.66292550873789	-2.52403754141994	0.0129295619767126	0.0291944510942155	-3.70369372014645
126731	-0.238328211569605	9.02700297877773	-1.50639516340691	0.134636650996083	0.207287742260512	-5.67351929679871
126789	-0.659374154433129	6.49662194260656	-5.44057192162983	2.91867585989001e-07	2.87688097884146e-06	6.3414181360906
126792	0.293201024194628	6.99156390841027	3.36807981586943	0.0010226291573507	0.00327273027497744	-1.40163648823982
126969	0.0133357082972405	7.50225715003002	0.120120994179399	0.904591471677948	0.932708220704013	-6.78558752772456
127002	0.0747477350640094	6.0474012872555	1.01206822243493	0.313575029849204	0.413957127465946	-6.28489214299502
127018	0.0993364103630097	10.7486591614751	1.72741167239082	0.086708728398268	0.145453715794008	-5.32541633363657
127253	-0.347807921181167	6.89222961287973	-3.45763249062368	0.00075847520438323	0.00252927137190371	-1.12489489808808
127262	0.211324486475492	9.34028347013575	2.63521023151745	0.00953696472414005	0.0224175664830384	-3.43348316887771
127428	0.0416210556387558	6.42326966687836	0.661285959559867	0.509717368412451	0.606682705183581	-6.57539868166935
127544	0.321022283093933	7.80970807861908	4.01068022874689	0.000106541443504155	0.000466005936042983	0.711198591524417
127687	-0.161250241340755	8.95907382046951	-2.74649569242427	0.00696750826937957	0.0170979258185013	-3.15267278866761
1277	0.135904263400388	12.3843261669133	1.00699392914138	0.315997024161826	0.416754817112675	-6.28995025868725
127700	0.177341371590616	7.09778508743708	1.35206811873589	0.178937839698216	0.262853735711767	-5.88941977384078
1278	0.164593290440792	13.4114932181536	1.53523910641372	0.127400600308327	0.198066809438505	-5.63067697100806
127845	-1.25092647749705	9.71819794133412	-7.5979649990995	7.83270655068674e-12	3.73977780974985e-10	16.5478661371495
128	-0.00643187702223189	7.18839285239493	-0.101075855293288	0.919661691165492	0.944944093671721	-6.78768530666128
128061	-0.10055525313551	9.74239362441816	-1.58523058966318	0.115588788834398	0.183115342495613	-5.55457735013246
1281	0.206621848042119	13.6233774831183	2.65925318430746	0.00891857387470178	0.0211323637994942	-3.3736843746342
128178	-0.387352464794111	8.19248172023808	-4.73364283108761	6.18078549274582e-06	4.01994395040004e-05	3.41332153877791
1282	0.116401425656615	13.1775581734114	1.6782437789128	0.0959446012575814	0.157869005256498	-5.40678441697409
128218	-0.0866363010919686	6.97069039991755	-0.970680538323344	0.333691765158212	0.434815267424961	-6.32541825470117
128240	-0.0538604655015771	10.0032785520318	-1.12229695168026	0.2640133761821	0.359978621205702	-6.16886111167566
128272	0.28345742491008	6.10019820793318	2.87202947926316	0.00483627437683939	0.0124914403854576	-2.8237043145418
128344	-0.0570313917544569	5.63709212307479	-0.645590982790624	0.519796986215529	0.616885503755785	-6.58557640224186
128346	0.965590253981471	8.56353417950204	6.55970032674595	1.49676885480875e-09	3.09082768518006e-08	11.4403546818169
1284	0.29572305380468	9.54965405634738	2.82516562098696	0.00555002838631524	0.0140580295832456	-2.94801388378481
128637	0.194491710958566	8.41327267157602	2.91562900178302	0.00424878745126918	0.011141264872217	-2.70646170879023
1287	-0.0432932676424409	9.53670526346976	-0.496276950152055	0.620621692052447	0.706301346976193	-6.67024575441436
128853	-0.11765191613849	5.84857659176863	-1.4406706224676	0.152324461728358	0.230259298743867	-5.76821782290275
128866	-0.031013633742719	10.0179968774737	-0.487340125040991	0.626920949196097	0.711803029602716	-6.67461445208091
128869	-0.751544361733338	8.62846588903138	-6.59076489824332	1.2847132452115e-09	2.73590126256325e-08	11.5886007241378
1289	0.00567149380427816	11.9065626811288	0.051935759733902	0.958667649033921	0.97315899975669	-6.79142967769314
128977	0.00643591276868818	7.15231839093932	0.0981006111361774	0.922018753944645	0.946170339698675	-6.78798040462981
1290	0.304516794264573	11.3984959771346	2.86284958243305	0.00496908866003302	0.0128024554996484	-2.84819459510571
1291	0.734520337779721	11.3215635374424	5.58786595072792	1.5001026934051e-07	1.63900109094261e-06	6.98267396795938
1292	0.50883158163994	10.6306352944101	3.93232974034436	0.000142380953910577	0.000596382697414488	0.438242467697794
129285	0.357051700565468	9.24402361052743	5.43288741070994	3.02101373846658e-07	2.96360730163111e-06	6.30823973188243
1293	0.514473116719968	12.0976309767539	4.72396491460367	6.43333733492673e-06	4.16779344207802e-05	3.37508620620637
1294	-0.150662840825124	7.76235153909647	-1.75960057675814	0.081065709859489	0.137433585969001	-5.27093806761604
129401	-0.151892612130253	8.27321079902156	-1.8183032671195	0.0715528718875016	0.123671630422842	-5.16913389390721
129531	0.0281808291206019	9.29419420503626	0.44165232815558	0.659548643419604	0.740972677289357	-6.69571288932052
129563	-0.230767736872333	6.7218471637116	-3.97209339396985	0.000122955072824979	0.000526222228774264	0.576258303510311
129685	-0.0350822129214239	5.56219899488464	-0.689722416925261	0.491722200131866	0.590266730575383	-6.55634059181327
129787	0.188498682561914	6.90059328737328	2.36889504428247	0.0194643785124819	0.0413092925264904	-4.06325676642688
129804	0.644505083391477	7.49325358576714	3.3734934229848	0.00100447807146634	0.00322840033864278	-1.38507606893106
129831	-0.0802691777021776	7.86873613580519	-0.852592020007408	0.395611826479482	0.498057260588405	-6.43188279500882
130162	0.322385520058333	6.95710193368995	2.69006661917045	0.00817914296600878	0.0195938865717032	-3.29634371453839
130502	0.169309837666765	7.80854593799514	1.12698956434485	0.262032171104586	0.357684200205173	-6.1636609500819
130507	-0.320558665307439	8.22269084282089	-4.7726723738361	5.25633221014304e-06	3.49575717035278e-05	3.56805437064073
130557	-0.143570565177898	7.57500466504076	-2.59135901248399	0.0107653296841437	0.0249010426186018	-3.54130546370883
130589	-0.177496619744286	7.32465273325398	-2.30451728993528	0.0229412358562119	0.047429427772409	-4.2063856068895
1306	0.896893130895946	10.0810984793803	5.27728512508786	6.03548627099476e-07	5.37210308172594e-06	5.64249120740009
130612	0.198374683523646	5.20285557252398	2.55472548003726	0.0118987884559884	0.0271803077009028	-3.63014416093693
130617	0.296423883807724	9.54978342919293	4.11574935297537	7.17899089932688e-05	0.00032834144423278	1.08360723794595
1307	0.239060650686101	8.62140681302864	2.20155941263877	0.0296406606831926	0.0587690487861668	-4.42778659131897
1308	0.38667814888443	8.73916777592258	1.34249004712988	0.182012724895666	0.26642302102396	-5.90207586708424
130814	-0.105331819180805	9.69964455493756	-1.40836142903856	0.161651944813948	0.241979895643932	-5.81327583616156
131118	0.0169845794505834	7.46033805308778	0.297364199849218	0.766711040419818	0.829799946785599	-6.74875243643241
1312	0.0972634073570264	12.0115412288925	1.50205195850585	0.135753569076541	0.208773874617805	-5.67990264082866
1314	-0.0737256476461933	11.6180607912118	-1.68909654600906	0.0938401970505355	0.155241343408256	-5.38901647116098
131408	-0.0875562442881205	9.37956240197479	-0.970767622935843	0.333648570609663	0.434815267424961	-6.32533473006648
131474	-0.187000893477954	9.41424041025426	-2.78447115912852	0.0062465605635611	0.0155411416430767	-3.0545114843556
1315	-0.093321229465507	11.2151745745194	-2.2241301887175	0.0280413449665195	0.0558932213859679	-4.38004476815089
131583	-0.303466692695629	11.1842027196874	-3.49456029941444	0.00066948170034879	0.00227101389933512	-1.00905656770377
1316	0.0868771318659318	9.92566793846662	0.765375786453073	0.445575097702671	0.547360247921485	-6.50176592513177
131616	0.196117446867899	8.50270574799953	3.1307256044749	0.00219811280836269	0.00640211981561207	-2.10592750971449
1317	-0.40992330264368	8.88617468355085	-6.37248214972716	3.73377660193684e-09	6.5619137727656e-08	10.5538220193939
1318	0.445333608349878	10.6237744402212	3.96102148601883	0.00012809369752044	0.000543148840615419	0.537722391220445
131870	0.0900196079323648	5.8685801256484	0.974444776475148	0.331828012001185	0.433412299040131	-6.32180116876363
131965	-0.558043716626916	7.44514397998223	-4.88062071750844	3.34404400331385e-06	2.36285743946727e-05	4.00043079155313
132	-0.458115303713973	10.6889871855549	-6.79342093762628	4.70756115361127e-10	1.16073000384564e-08	12.5633353095478
132001	-0.286176371410735	8.19694211269371	-2.97914336891845	0.00350957305164083	0.0095108508551684	-2.53294120734251
132158	-0.0805598184126989	6.59346834849632	-1.04086254553284	0.300066100965383	0.399314643785092	-6.25571675336067
132160	0.87161864797795	7.76346008731809	7.51936767700368	1.17674581221621e-11	5.22576366070209e-10	16.1514682966565
132299	0.480908586866698	7.76324110171182	3.17475638727551	0.00191290483878383	0.0056632953291593	-1.9785301674611
132320	-0.123937108837444	5.9596897767162	-1.47816372194426	0.142026792574415	0.216846821934319	-5.71469479670837
132321	-0.0898482083651502	8.4235415648997	-1.11917676851302	0.265336484093362	0.361365104470102	-6.17230701766604
132332	0.276942449694165	8.71813619382981	2.30676534905997	0.0228111748088683	0.0471876543754702	-4.20144814188023
1326	-0.0237842821114029	9.94169612894489	-0.213514663546187	0.831293819700849	0.8792530748959	-6.77007363822524
1327	0.0194630478779117	12.9234679609662	0.467382193299255	0.641087929644025	0.724700465151177	-6.68408525987399
1329	-0.0983159444491511	12.2306442168507	-1.45973064061443	0.147019791547353	0.223643366147539	-5.74117448366438
132949	-0.135608247854745	8.42283741194783	-1.86334632310734	0.0648983301079085	0.114006849572804	-5.08887962808519
132989	-0.232358029266284	7.17846730469822	-2.02049246510018	0.0455952546791552	0.0844432295178973	-4.79446422638727
133	0.387279133760688	13.8494942397642	3.93327089992963	0.000141889094096076	0.000594624006714148	0.441496884405281
133383	-0.325487390583732	7.64642089880543	-2.48348381779137	0.0144141788428638	0.0320142826679364	-3.79966527692972
133584	0.677727601491621	10.5211692847787	5.80844607092307	5.44156733685663e-08	6.7286446410832e-07	7.96118305343289
133619	0.000868725158466334	10.7208090304816	0.0168002209445091	0.986624350935315	0.991584282937087	-6.79263240653916
133686	0.335217942465482	7.81849779728906	3.41246349670277	0.000882460687215196	0.00287426075567726	-1.26522155922007
133746	-0.181475774380821	8.39710549840756	-1.59410573490316	0.113585937865005	0.180704901148871	-5.54082292726578
133957	-0.0916183780120663	7.38886220945194	-1.18395616471643	0.238808568270688	0.331745505199442	-6.09884147176714
134	0.537822867959861	8.72968798027764	2.76494494339165	0.00660829905329864	0.0162987608779477	-3.10513164722747
1340	-0.0931703679448933	12.5640243267241	-1.88140724083378	0.0623793160730168	0.110049797258248	-5.05618033797635
134145	-0.0396199769669051	7.13861103845894	-0.501310403537029	0.617086111419441	0.703160448419887	-6.66775038989966
134147	-0.120350512299054	8.41072560263233	-1.4280635843278	0.155913453701884	0.234879651208748	-5.78591686032853
134218	0.23191435544266	7.31903289193442	2.95349122758314	0.00379256798239123	0.010147069762647	-2.60341005631914
134265	-0.0716292448250969	7.94279541117152	-0.754436146582539	0.452089515052597	0.55355164457967	-6.51000522204732
134266	-0.0310526538977889	9.32776187485502	-0.450472165130462	0.653196145786231	0.735769830109678	-6.69180098552668
134429	0.69736179260576	6.00665342880376	5.04009107191739	1.69581081813994e-06	1.31401476152306e-05	4.65074648139633
134430	-0.00769337782252991	7.83929458988728	-0.130725991320362	0.896214551948386	0.926889775048523	-6.78426287118956
134492	0.124399366840207	9.56211825575024	1.61193106104503	0.109646985131956	0.175418186556257	-5.5129757742294
1345	-0.0316878415461325	13.2863865135434	-0.750545858180289	0.454419210149905	0.555827436078515	-6.51290691891306
134510	0.261070887982263	9.85679514395382	4.28769062799206	3.70899517419487e-05	0.000186156533346801	1.70840491533058
134553	0.172096221897539	7.20835426352464	1.75143830676884	0.0824672600585847	0.139329017812213	-5.28484266551691
1346	0.826150039124197	7.29794211937207	3.54167364048238	0.000570174041459613	0.00197551912015789	-0.859822640971915
1347	0.00487273718277159	12.8541241907044	0.0947336409617476	0.924686987638385	0.94763207418028	-6.7883037237174
1349	-0.0589412151978358	11.6095736617351	-0.939917947327366	0.349178657392287	0.450228309782322	-6.35446173209166
134957	-0.427835679545245	7.46652688367077	-5.84675647114912	4.55357530188157e-08	5.69886848386997e-07	8.13326874456754
1350	-0.142596945001495	13.1956071705606	-3.00812676471444	0.00321331548614263	0.00881793552011235	-2.45269222034695
1351	-0.0822592450532288	12.3885514248965	-1.35808980179749	0.177024807048813	0.260664613185551	-5.88141831352032
135114	0.0143113798064885	9.56477206311758	0.118361370823737	0.905982470219292	0.933443333417906	-6.78579648888218
135154	0.315860369791405	7.98323900250735	4.61034728896805	1.02562976618468e-05	6.23836661906144e-05	2.93020603428818
1352	-0.178088561020265	8.9979683301904	-3.29142897860401	0.00131492912409123	0.00408166650319188	-1.63375726546305
1355	0.0328663589597427	7.51982030244054	0.440675344259019	0.660253860146915	0.741295842214064	-6.69614147304874
135932	0.671065034368902	6.7277944399838	5.06891773536047	1.4978954595777e-06	1.18398243981931e-05	4.76973790149982
136	0.186628507826474	8.42388011481929	1.63117405517599	0.105518296927212	0.170297212313164	-5.48258158044737
136051	0.111263670913546	9.94106019027806	1.02506989483822	0.30742584463593	0.40740213006462	-6.27181793486217
1362	0.0326090633189847	10.8010240225695	0.457475370171947	0.648170121725424	0.73176115952446	-6.68863992147018
1366	-0.761641621090425	10.708665216065	-6.88769392905586	2.93877174206051e-10	7.68172613589235e-09	13.0210993337216
136647	0.260260756662573	8.75980050030282	1.64095190780765	0.103468781862187	0.16760300295347	-5.467005488528
1368	-0.211026593751454	6.48460930961161	-1.79136154106174	0.0757971816191647	0.129973992147457	-5.21624970313941
137075	0.700880744107222	9.21951016608069	4.98376893054155	2.15855951235486e-06	1.6194097703952e-05	4.41951721019388
1371	-0.0674084443799533	9.84879179553103	-0.800770258506481	0.424873126978904	0.527499177641026	-6.47430396819243
1373	0.68072926055729	10.4829723247333	3.18818743277892	0.00183300704163056	0.00544627272081599	-1.93937133947801
137392	0.117725723820896	7.35112767811386	1.87484258466098	0.0632852694102554	0.111457638662838	-5.06810000114297
1374	-0.0845037982136272	7.0297321829861	-1.10187630152588	0.272756608756039	0.369399834124428	-6.19124310042125
137492	0.210590306174107	10.6789439985552	3.65191562364212	0.000389343535377685	0.00142174076137033	-0.504368391264791
1376	0.151762713125816	10.4797919999755	2.40171038058096	0.0178783415190487	0.0384971587453969	-3.98892170215617
137682	-0.116746540262324	8.07048654383642	-1.51007219881897	0.133696682829682	0.206071020745134	-5.66810118637893
137872	0.773297725140508	11.4849115322585	5.28814742890015	5.75291049311489e-07	5.16831493195479e-06	5.68858470255667
137964	-0.234116142071924	5.9292578892033	-2.89229349505241	0.00455453486627435	0.0118526962808526	-2.76940298895402
1381	0.545617494927084	5.39816015333641	2.88447001768445	0.00466147433119206	0.0120701498356258	-2.79040671489503
138151	0.352478101599724	6.49804435840463	3.89055672791511	0.000165925741066191	0.000680847799903991	0.294398253898065
138162	-0.837449415654973	6.62138999344596	-7.65382422292687	5.86046915314726e-12	2.98811575339484e-10	16.8304165655495
1382	0.301190820832573	8.86720569224366	1.97380411319953	0.0507395136698527	0.0923756629739879	-4.88426484015003
1384	-0.0607480516449616	7.44601510391499	-0.689367089375374	0.491944908502093	0.590428265529693	-6.55658364248527
138428	0.0137404713144201	7.13025160594919	0.141391602595717	0.88780155693666	0.920220963771717	-6.78281771142286
138429	-0.0561389514116951	5.7234229949175	-0.588858062026548	0.557081438272232	0.650295743376009	-6.62034054214227
138474	-0.242176293177831	6.71101792899919	-3.08975801870367	0.00249845792912205	0.00713351624422679	-2.22311100567557
1385	0.139816805790298	13.6627588218807	2.32498707021885	0.0217806861749725	0.0453741406822882	-4.16126532192673
1386	-0.120908310104766	6.56776798430721	-1.57149814717218	0.118743086966184	0.18707188600814	-5.57571447903613
1387	-0.0214267992855699	9.88742766492248	-0.346439286108204	0.72962924829093	0.800469861984736	-6.7330318410534
138716	-0.109262923518577	9.42255154917015	-1.68310911095373	0.0949965058111966	0.156746132241407	-5.39883247794412
1388	-0.0910606101548394	6.75092610254972	-1.66327690213225	0.0989093351126587	0.161787250095268	-5.43110883845661
1389	0.309897901749012	7.16770094609208	4.0079925000639	0.000107613301243409	0.000469812826781478	0.701767414429435
1390	0.187162670609985	7.36913011469316	0.965802540411891	0.33611711775643	0.437148070015448	-6.33008506816052
1392	-0.636908518001907	11.1691139002097	-1.59382988628019	0.11364776899846	0.180768452133117	-5.54125153593304
139221	0.0835384900617188	7.00447849356689	0.475120241681364	0.635579031449287	0.71935911205414	-6.68046007472313
139322	-0.555067969199616	7.26881518330756	-4.79773624888807	4.73494197627762e-06	3.18231250805966e-05	3.66787020723527
139341	-0.0281568368134342	8.92409829386212	-0.503154448981891	0.615793064163854	0.702160506625267	-6.66682991785686
1396	1.69207644734121	8.38530791290182	7.01610755638796	1.54056343392319e-10	4.46493121551073e-09	13.6488373136074
1397	0.945494377866727	9.09185811315176	6.60565132914262	1.19389066026838e-09	2.58510011717749e-08	11.6597541338416
1398	0.124966875154269	10.1491998396423	1.74734539253255	0.083177511885638	0.14021352003579	-5.29179194202771
139818	1.10840869324551	9.43894218429285	6.4787655701297	2.22529680080148e-09	4.26472194306733e-08	11.0556321134555
14	0.104668413314538	8.75282516410624	2.41418278704985	0.0173062728849878	0.0374116236665792	-3.96042559145265
1404	0.393437497624669	10.6964006892796	3.21993546982026	0.00165632783750587	0.00500595241046413	-1.84625757357596
140459	0.296851605258876	5.84346091831498	3.72307649713785	0.000303072659265853	0.00114651347340147	-0.270331471799556
140460	-0.107475125097347	6.48526048660416	-1.56764552593176	0.119640191816973	0.188198054543553	-5.58161281600293
140461	0.304807656925377	8.73926879916868	5.23831551693716	7.165157990852e-07	6.22336540530363e-06	5.47760524347412
140465	0.0474479350490195	9.16176531411031	0.437509274456206	0.662541323865879	0.743154716883781	-6.69752386582411
140467	0.250752376870715	8.79718359006182	3.76983752248232	0.000256615943815261	0.000991416134665132	-0.114607608996282
140576	0.296137956119911	7.26688673246868	2.72990147485766	0.00730567589138399	0.0177851113654087	-3.19519488694809
140578	0.165132955101024	6.16973359449182	1.30686232784546	0.193799190639628	0.280494360379066	-5.94838666828649
140606	0.064415230033298	8.88863517149578	0.500681068125728	0.6175276779034	0.703458642874373	-6.66806375818789
140609	0.0519255131710705	8.95638447953481	0.553834553368951	0.580739475336694	0.672589465266558	-6.64021597271368
1407	0.0200481136471434	9.71374409149991	0.272514060739898	0.785702813334392	0.844586334199741	-6.75580018875209
140700	-0.0551911291525378	5.63362126018197	-0.962152017254739	0.337939664068745	0.439103606293508	-6.3335624107524
140707	-0.244026910634735	8.81088466714086	-2.80719320480463	0.00584839854483403	0.0146742928251303	-2.99521416138105
140735	-0.10638979539572	8.63957601307789	-1.31407832880385	0.191367243858722	0.277850840969071	-5.93910455607643
140739	0.0902998180510027	11.5255228296877	1.35054834571353	0.179423109577108	0.263285643117235	-5.8914337641286
1408	-0.274504053498464	9.46324899416565	-3.14176773490017	0.00212309545747696	0.00620331392952235	-2.07411946764605
140809	-0.0610780223807686	8.94766575030235	-0.524580994488368	0.600858053616702	0.689317711510272	-6.6558880018188
140823	-0.044088914078357	11.6783668246354	-0.560816440655545	0.575985441497035	0.668395581169641	-6.6363505314758
140831	-0.047402510499477	6.26801653243613	-0.776472427888117	0.439022873725062	0.541000885718188	-6.49328842221117
140890	0.0381954950730382	9.59339180008396	0.480165835662294	0.631997898600368	0.716385706386584	-6.67806433569443
140893	-0.367462871226761	5.58981474719388	-4.05559117611653	9.00720298423658e-05	0.000402812651054652	0.869495972562822
1410	0.523905930193938	10.4081238307123	2.71421807931346	0.00763892076829757	0.0184765697060433	-3.23517459670834
142	0.0101098726383347	11.8400235807037	0.196459831157532	0.844588035674119	0.888134586208558	-6.77355452665884
142678	-0.156682535927526	7.74892043862845	-2.10322721967511	0.0375693400051666	0.0717011895662376	-4.63053436814977
142891	-0.427923632174448	7.19577103355977	-4.14870999746486	6.33398449617561e-05	0.000295585943154862	1.20191541042525
1429	-0.200657785030488	9.27694155491436	-1.57754292987648	0.117346298068108	0.185260019503549	-5.56643199294672
142940	-0.182518967550843	5.86205834801066	-1.62228430414687	0.107409850881976	0.172742478248661	-5.49666573557757
143098	-0.254519848291856	6.12339982489766	-1.99357784316954	0.0485035757807875	0.0889124580446748	-4.84647128947485
1432	-0.202123743769342	6.38363724051528	-1.58615695163982	0.115378431521607	0.182817157945229	-5.55314514059771
143384	-0.275876187924173	6.07743121208081	-1.96817518459892	0.0513917807360511	0.0933984838019322	-4.89495899803402
1434	-0.249918558747207	11.2603747767786	-4.26093616382986	4.11513305134513e-05	0.000202568528034033	1.60995353910075
1436	0.860177411885876	11.7363926016774	5.50188244522093	2.21495784562755e-07	2.2898062334022e-06	6.60712125171948
143662	-0.637781041855448	8.76941647673603	-3.83679643973767	0.000201717803524363	0.000804922249812193	0.111019496280201
143684	0.193888707944996	8.01653777889796	3.41364744087673	0.00087898112068568	0.0028657076609196	-1.26156263151464
1438	0.198326662807656	12.6946568263551	2.97643663127475	0.00353848818438366	0.00957664233388238	-2.54040157470101
143884	-0.020083979160098	8.2860337402893	-0.485381307485957	0.628305362303538	0.712884930305937	-6.67556144126573
143888	0.0371324279013213	11.8286177838744	0.358556914980813	0.720566916596844	0.793094415078433	-6.72878188581682
1439	-0.152935352968328	6.7713444263965	-0.96758064591005	0.335231711877445	0.436366038312523	-6.32838662238027
143903	0.633246320093222	6.46533326750274	5.02008152376828	1.84792119286223e-06	1.41857147333104e-05	4.56840624695141
144097	0.234244366394914	6.96868900188446	3.08239298471382	0.00255632841775101	0.00727861865929796	-2.24403914737234
1441	-0.0107907261986599	13.2459553962221	-0.115198511889912	0.908483471132013	0.935436732928251	-6.78616433807318
144100	0.188178589389582	7.11835061737928	2.24237732450499	0.0268039779166516	0.053855718217354	-4.34112143744712
144108	-0.331941250575262	7.66651581068004	-4.28413408187702	3.76067416056399e-05	0.000188375794822672	1.69529165439617
144233	-0.000721050199556159	8.53649897734414	-0.0126920393542082	0.989894911386266	0.993350428061632	-6.79269274571706
144402	0.171052831328708	9.3374324798979	3.10958765703995	0.00234862570149177	0.00677362021449792	-2.16655356607157
1452	-0.00977091484898522	8.95831110166221	-0.154202824582548	0.877713093996642	0.912856982675934	-6.78093211895327
1453	-0.225206063168711	9.71451029051319	-3.70818986931242	0.000319464839218003	0.0012005366569339	-0.319586232089763
145389	0.830089102710154	8.21396514519636	7.43895040461629	1.78211237949959e-11	7.21663034772511e-10	15.7473503246627
145407	0.558453065715698	6.81087411389105	2.38662495987761	0.0185926342031389	0.0397040223676131	-4.02320917475289
145482	0.142012225382013	10.0983084187293	0.678435151403353	0.498823418040561	0.59673484366807	-6.5640005796698
1455	-0.00479046922543359	11.1644044960448	-0.0915661184979601	0.92719794849923	0.949616249795864	-6.78859758488685
145501	0.0469057720897989	10.9165100958606	0.304638365679487	0.76117792351068	0.825542233219303	-6.74657328825479
145508	-0.264548705411336	6.47017842463647	-2.45764659444016	0.0154377103936753	0.0340160708805216	-3.86008052928882
1456	0.124602336773107	7.17125358931048	1.67593556667973	0.0963970720943963	0.158334639567597	-5.41054930701842
1457	-0.151482853978306	8.46165652910595	-2.39939339152627	0.0179864432934139	0.0386996669975511	-3.99420068184618
145748	0.0623946861054334	7.24545066027394	0.598031884788706	0.550964097666064	0.645160681417874	-6.61493432173819
1459	-0.337162973769258	9.32856042257647	-4.9603223051406	2.38551988857442e-06	1.76562672756494e-05	4.32375302023495
1460	0.033224626440431	10.9346018051166	0.450025835881618	0.653517009087337	0.735930537840682	-6.69200079973527
146059	0.0339370908219134	13.2918555145768	0.548148997006552	0.58462451852671	0.675948194504726	-6.64332812975426
1462	0.532095086337712	11.5765443144426	5.5126792520612	2.10955308418802e-07	2.19734028693481e-06	6.65409265931112
146223	-0.464501740232087	9.433950962825	-4.7460360161786	5.87137346431712e-06	3.8551307484308e-05	3.46236153882907
1465	0.00763088080980648	11.621277715629	0.0748299633171681	0.940476641587442	0.95999224620194	-6.78998438950075
146542	-0.00785919165106341	5.86390535280256	-0.122093779005908	0.903032319702136	0.931501302476383	-6.78534958728796
1466	0.278322772668591	11.8124999755052	3.87652375875833	0.000174635908095644	0.000711288264728808	0.246341244080715
1468	-0.267885923728608	7.08922375646075	-3.04255124609041	0.00289148732816131	0.00806064304104367	-2.35651503786173
146923	0.0867485050421088	8.87121144574591	1.57437477793675	0.11807673629242	0.186306369011535	-5.5713013279256
146956	-0.28791289039693	6.0499309742864	-3.07458347248084	0.00261904564645908	0.007416289694807	-2.2661839655981
147007	0.049711077018871	8.71998561718279	0.977477594219357	0.330331366207358	0.432140811668162	-6.31887689153386
147015	-0.60512799107528	7.15153582494904	-5.50481586786141	2.1858207775782e-07	2.26535503422785e-06	6.61987774937032
1471	0.466457906905281	12.3128803309597	4.96574359666821	2.33106531749951e-06	1.73143963440609e-05	4.34586941846663
147111	-0.337327794274251	9.22555975996472	-1.34142621407205	0.182356685919116	0.266690195766979	-5.90347619271669
147339	0.0788803307264764	9.69661831501701	1.69176683562665	0.0933282028433294	0.154518130985348	-5.38462800418549
1474	0.40368161337944	6.67928388608868	1.66680575158276	0.0982037288537751	0.160881158336411	-5.42539240782033
147495	0.640388227146196	7.50253148754025	4.37227666297718	2.66312206926308e-05	0.000140378993568047	2.02259682428388
1475	0.545657068277789	6.49388300951017	3.0174130232718	0.00312339007141078	0.0086054709772692	-2.42683982489265
1476	-0.450932264168379	11.4569161788448	-5.50721944163802	2.16222642137523e-07	2.24653965290055e-06	6.63033307301689
147657	-0.542217522039019	7.13782114342333	-5.29444143107512	5.59512994998279e-07	5.05643034867153e-06	5.71531940697451
147686	0.0244121775137898	5.60107070071674	0.358431928866107	0.720660189135034	0.793094415078433	-6.72882646564346
147798	-0.457115860189854	7.4981296627003	-2.84657969582891	0.00521271475882183	0.0133179783197861	-2.89143229164708
1478	-0.171940440839531	8.51261612533266	-2.27632669624743	0.0246284222124949	0.0502422246172407	-4.26792781492797
147807	0.00998935650066944	7.42542855589856	0.148288136152367	0.88236834230858	0.916429335781324	-6.78182296281301
147808	0.0783911697588873	6.2295413932579	0.956274234920865	0.34088766611843	0.442377395465551	-6.33913411459778
1479	-0.349520974268662	9.84262518921705	-4.81517926318732	4.40206691482957e-06	2.98530974683844e-05	3.73754260965782
147906	0.050139635956434	8.00640449621988	0.593406783888512	0.554044048333243	0.64766541738361	-6.6176703203332
147912	-0.0606546175642519	8.56674424084681	-0.799563654486644	0.425569359356781	0.52809229523056	-6.47526036927475
147923	0.204968832389644	5.95326380120457	1.63670701290837	0.10435457496914	0.168715754403033	-5.47377851498111
147929	-0.108340144880111	5.8685737413736	-1.55453869086864	0.122732509172247	0.192074749102456	-5.60157532664669
147968	-0.172812599019409	5.94198517350867	-2.02496508654783	0.0451266675605149	0.0836485798743598	-4.78575876677142
147991	-0.320915848105984	6.40118324292538	-2.91394308159316	0.00427022853912402	0.0111804798465452	-2.71102368057663
148022	0.0250981053702839	7.41022249075444	0.269216110317956	0.788233292873833	0.846287077215518	-6.7566893827841
148170	0.260654093261918	9.43601217655637	3.5818640032206	0.00049660779060246	0.00175748943889302	-0.731246683885145
148213	-0.30558734296734	7.94215801865935	-2.048859409016	0.0426923953421633	0.0799635341329407	-4.73894741238916
148223	0.32503182311269	6.2151821953576	4.29321930293257	3.63001299283164e-05	0.000182606012915891	1.72880526475221
148254	0.169076150314789	6.68516254115128	1.79600049413182	0.0750518895066964	0.128749451157905	-5.20818449361544
148304	-0.212448614643146	7.40268807830014	-2.69847295577949	0.0079873001961355	0.0191843848851641	-3.27510745649284
148362	-0.211586350864637	5.47994955902835	-2.35175766767057	0.0203411626348246	0.0428077773068099	-4.10170814660295
148423	0.126171979506779	9.98901265461994	3.05840937874931	0.00275349291618146	0.00774127007748769	-2.31189565851472
148479	-0.104830257775671	10.1692205226493	-2.75815813674312	0.00673843091552415	0.0165949431610702	-3.12265277105509
148534	0.078993787642534	5.60318208955592	0.701360839454974	0.484457980767065	0.583993365448682	-6.54831103079054
1486	0.249326067163031	9.36907669285588	2.29395375969884	0.0235611598574288	0.0484720250117963	-4.22952767600549
1487	0.0423455332021258	9.69704768529458	0.883463011048463	0.378781551908969	0.480752246276596	-6.40536369595035
148741	-0.0837003647281353	5.8554725537706	-0.953074585947317	0.342499440501064	0.443771824084515	-6.34215301754934
148789	-0.151135187107371	6.81958127579986	-1.24010107679535	0.217396952679632	0.308115790860289	-6.03190604516726
1488	-0.0865160440277162	7.62400755716151	-1.69591223074003	0.0925378752165569	0.153424899495937	-5.37780221160864
148867	0.0952975485839145	10.8812382493796	1.69573357818114	0.0925718230944964	0.153450383054493	-5.3780967081485
148932	0.91397303053285	8.10310234365889	6.27484912921105	5.98622876023069e-09	9.9289657750011e-08	10.0963750000881
149076	0.374779153400252	8.90118238533039	4.49468171407768	1.63699957026534e-05	9.29959865914146e-05	2.48501882160609
149371	0.355753339819182	7.57869098407861	2.0964432543289	0.0381782059929001	0.072594839203811	-4.64420591542181
149473	0.0754718730028922	7.07580450571962	0.690379221628935	0.491310679480218	0.589858461120145	-6.55589099810284
1495	0.0583934747856616	11.9530191377104	1.00491614372825	0.316992345023457	0.417600760748605	-6.29201420974794
1497	-0.137707971432559	10.3061648872096	-1.75058454119897	0.0826150033229627	0.139521555397193	-5.28629353015745
1499	0.112777646709676	9.11711037359858	0.733652642633899	0.464614806018329	0.564833012528973	-6.52533489945184
149951	0.00106485098698761	11.8728077973053	0.0194767903763526	0.984493628836369	0.990225221596594	-6.7925840504348
150274	0.103543639737546	9.00655221593574	1.1710332276563	0.243943427441442	0.337290376743607	-6.11381966052364
150275	0.0102027592898815	10.1220905703472	0.195695642890763	0.845184800123004	0.888535885072676	-6.77370372295013
150290	0.455843797158213	5.71654006345259	4.43984508839981	2.03790998548262e-05	0.000111625573475374	2.27673588505728
1503	-0.108611739984318	8.47589686529406	-0.865562959226643	0.388485280732611	0.490505719787735	-6.42085378860483
150368	0.12494923241072	7.42752957814088	1.46950435430331	0.144355696879632	0.219955369161734	-5.72717412257971
150383	-0.110871577104976	6.54159563551311	-1.88280655784758	0.0621876150114487	0.109852373822619	-5.05363448214408
150468	-0.382023501797073	7.91412672016443	-3.61532230215743	0.000442296528799903	0.00158911236532718	-0.623321642966288
150684	-0.0127698963462082	10.9671087868644	-0.212137510759914	0.832365549955409	0.879987129480568	-6.77036545541282
150737	0.271810615162475	5.88541798849465	4.45720200919266	1.90174385019391e-05	0.000105496334470126	2.34246614287498
1508	0.185177045382275	11.7110789937975	1.69891643904519	0.0919685252084792	0.152634120599164	-5.37284555625256
150864	0.325599267810085	9.85400321784918	6.02365282335597	1.98538067976199e-08	2.81145197304482e-07	8.93572235703387
1509	0.139519296186996	10.1430333826408	1.27761610535596	0.203891282484035	0.292690648821364	-5.98549823058974
151011	0.214344945384757	6.89710453844787	3.19258064853572	0.00180755437646301	0.00538809063499982	-1.92653259752483
151050	0.0917338532681632	5.52443040529381	1.17691454491612	0.241596860403597	0.334774377945599	-6.10702288774361
151188	-0.00149469116243111	10.4715711742576	-0.0214195670771373	0.982947122412904	0.989777304782468	-6.79254448203584
151194	-0.0478826938100528	12.956062631602	-0.444336075398658	0.657613010887165	0.739132326837391	-6.69453071369827
151195	-0.34214074923918	8.10690559166611	-2.58790427280514	0.0108679100494921	0.0251242476934801	-3.54973160594851
1512	-0.441703745187934	9.85567598270787	-2.48685574648944	0.0142851723847126	0.0317790260968828	-3.79173874755405
1513	0.810554150493617	7.12610531103039	6.04809078392926	1.76860130676301e-08	2.5450604170492e-07	9.04757091148718
1514	0.278858642850282	13.2556715754421	3.59765852233029	0.000470228264980016	0.00167851576004103	-0.68039895045769
1515	-0.48465470523932	10.4176532181537	-3.8551382301366	0.000188751922823988	0.000762019004167223	0.173362546548375
151525	0.124685893073367	10.1802476552442	1.73899895175516	0.0846414412762096	0.142390693470772	-5.30591537525383
151636	0.285546168185671	6.2060405317446	2.65029128290197	0.00914470621704698	0.0216185670729273	-3.39603037947314
151648	-0.594537137286086	7.168310547499	-5.38992307993605	3.66117616484196e-07	3.4920687207384e-06	6.12325323294822
1519	0.632589231022103	9.51885770168556	5.12063588157775	1.19768595459658e-06	9.74668569947562e-06	4.98430195482826
151903	0.0495116839454547	9.55285355374636	0.866733315753105	0.387846176023613	0.4899234460858	-6.41985056442186
151963	0.0731720422059396	10.1849782342936	1.27034021639301	0.206461136555899	0.29560911560959	-5.99460401662648
151987	0.0376879922579771	6.86799055533433	0.263873479490647	0.792337428448512	0.848749469457231	-6.75810691645725
1520	1.15800863688776	5.14975192634757	9.7177050220952	9.32049414828829e-17	3.66606103166006e-14	27.6101559530898
152002	0.169943533223724	9.69915458567899	2.97074583962079	0.00359999811520474	0.00969862505922737	-2.55606766245016
152006	0.0993570792821011	10.5584566678302	1.74220996895085	0.0840757634981407	0.141612113885531	-5.30048944831251
152007	0.455468469401916	8.4748333464445	3.75514270002293	0.00027043237009525	0.00103799785175965	-0.163708620624853
152100	0.0254255320610003	8.22235027313462	0.387586842850075	0.69901965401633	0.774396773360366	-6.71800750735614
152137	0.398411070012346	10.1544260327731	6.52022227477932	1.81668886301868e-09	3.5985251819027e-08	11.252420647311
152189	-0.187783540630457	10.3959510573116	-2.49404839817145	0.0140134303845888	0.0312249622273276	-3.77479838281794
1522	0.973645854333897	6.7354769947793	5.31822246036602	5.0362265759234e-07	4.61188819480347e-06	5.81650776613185
152273	0.802455875327224	6.43257342735065	6.03731507214971	1.86115845937852e-08	2.65512415793896e-07	8.99822317342767
1523	0.36871645305271	9.66547709089271	4.33377616724057	3.09810845955959e-05	0.000159740174007255	1.87903871930326
152503	0.368800019898621	9.23285363050384	4.45282939781999	1.93519617836633e-05	0.000106909538628883	2.32589004195302
152518	-0.338271632605762	8.42191342352561	-4.48322422238639	1.71390599084467e-05	9.6633880439433e-05	2.44135132794142
152579	0.00918827927937973	5.62031747544912	0.112020389917181	0.910997466811067	0.937791509952569	-6.78652392961788
1528	-0.358118237500568	10.20926074895	-3.82011236374137	0.000214243990116252	0.000846686976049882	0.0545112199208511
152815	-0.0566215634306728	7.24711828373443	-0.761806152959657	0.447694793714888	0.549370143252416	-6.50446733809313
152816	-0.62139726202381	9.85725207233171	-3.55514777725581	0.000544435055197157	0.00189908511652387	-0.816846453595898
152926	-0.0353362006121622	8.87326847498959	-0.25012470046696	0.802925617910056	0.856758248796933	-6.76162431986371
152992	-0.0418819799786233	5.987799157773	-0.519058933141406	0.604691247708018	0.692657010964946	-6.65875139901726
153	0.684664972335457	6.38244883708242	5.5905529278259	1.48186879080356e-07	1.62769098564328e-06	6.99446418537845
153090	0.21707801351155	5.92315540855537	2.89145720309486	0.00456585779804197	0.0118746805452855	-2.77165053795126
153129	0.0402453170471201	10.3695419491493	0.699182542499143	0.485813086700403	0.585043897965495	-6.54982401308163
153222	0.392125034302669	8.6356686422524	2.43888799666257	0.0162209161407699	0.0354644699107357	-3.90358687963685
153339	-0.229262611900118	10.1183293337797	-2.209449859678	0.0290727507446552	0.0577956488931051	-4.41114757890695
153396	-0.195748353483669	6.74133318289425	-2.28923794138017	0.0238426298940009	0.0489413824364929	-4.23982750234383
1535	0.102645114313781	10.3309204806698	1.05962890691475	0.291476419140581	0.38981122907378	-6.23626966160901
153527	-0.0557657770298259	9.76470492043686	-1.11886205456125	0.265470194324372	0.361487603877236	-6.17265406401543
153572	-0.407645032178205	8.20009662781401	-4.4336700536318	2.08858375137489e-05	0.000113647574350175	2.25339505773106
1536	1.812105677151	7.23885828043574	7.22439181455548	5.35389390717495e-11	1.81242474070759e-09	14.676755478239
1537	-0.202190576776129	10.9816687682204	-2.67672946720523	0.00849209436023003	0.0202437804950938	-3.3299162039312
153830	0.342509909287764	8.80660161006974	5.29960410783834	5.4688707110349e-07	4.96405187617014e-06	5.73726312951758
1540	0.190674391623974	5.66844543565602	2.60232012354359	0.0104456106512768	0.0242702514710398	-3.51450494016532
154007	0.0465914481925101	5.84923352759264	0.469395679185306	0.639652537552587	0.723275833016341	-6.6831476729701
154043	0.387794936314269	8.04809501782874	3.77266752175562	0.000254033255357208	0.000982750968148692	-0.105134270573217
154214	0.160814894427251	9.55179574925061	2.22838503992082	0.0277484426331428	0.0553895930763073	-4.37099476311339
1545	0.187227545730414	9.12698117825603	0.709500738916914	0.479412609296216	0.578855160471677	-6.54261599193955
154796	0.285682711419123	10.958310544696	3.9063204083253	0.000156635175318792	0.000647226887510367	0.348541513322794
154807	-0.244914432005417	8.88952561545317	-3.36322622907	0.00103916349789878	0.00332307026428337	-1.41646518901163
155054	-0.113958218699383	6.0486640369856	-1.39460642256808	0.165753035822046	0.246801215533194	-5.83215864775917
155061	0.155583552160455	9.02986921315079	2.15851186000099	0.0329121427643821	0.064161977633655	-4.51759734603052
155066	-0.141327547768439	9.26570126595943	-1.59981621164422	0.112311958862734	0.179057475430647	-5.53193414231962
156	0.311614556074095	10.1268887061052	4.55785044398436	1.26925928434525e-05	7.46197984960269e-05	2.72717330403294
1573	-0.238984044851371	11.1692096059124	-2.7809030787075	0.00631128322660535	0.0156658797312883	-3.06378474272374
157506	0.498945914250194	9.87142741539976	4.93541457393269	2.652014269433e-06	1.93341905256104e-05	4.22234299344597
157567	0.178302139564111	9.64221001969192	3.69425177526076	0.000335571464725834	0.00125251708026904	-0.365561521691302
157638	0.380561465588007	8.14626411260669	4.24443048967149	4.38665461718605e-05	0.000214274199514824	1.54944006951401
157697	-0.192980991050777	9.17358884267643	-3.07356773534189	0.00262730679177928	0.00743713300208941	-2.26906070366652
157769	-0.20991262115939	7.55621585841594	-2.87220852634616	0.00483371657854441	0.0124887391112846	-2.82322597325317
157922	0.0769769887556798	7.74619825161828	1.2236290065635	0.223528621267948	0.315183750712401	-6.05185721580354
158	-0.0847643782511514	10.3850221708197	-0.903977238922756	0.367848259851709	0.469617716595845	-6.38722673830946
158056	-0.0716329859538502	5.31574975729189	-0.951201061119181	0.34344548698265	0.444648859322364	-6.34391608402199
158234	0.017191195588379	6.65983001595637	0.252361472918421	0.801200484093797	0.855801887833281	-6.76106487995168
158293	-0.160275552049888	11.1714400389456	-2.1263577163372	0.0355558560022688	0.0686436592689319	-4.58361255475054
1583	-0.212603486596813	13.0834501940394	-3.56236014137924	0.00053111202966547	0.00185968010387316	-0.793788479463283
158747	-0.0287717696478312	7.81551866005471	-0.340491542677589	0.734091473976943	0.804403053820979	-6.7350645193694
1588	0.284077951315502	13.2593386079962	2.30444760878511	0.0229452776487344	0.047429427772409	-4.20653857902268
159	-0.191465878481173	10.3493503391135	-3.84935364603125	0.000192752906365856	0.00077476350685254	0.153676118179335
159013	-0.101615111716493	8.19258577461615	-1.44274163278983	0.151741021994479	0.229598981805165	-5.76529597134751
159090	0.145945399296956	8.34984482069496	2.64551921092963	0.009267221333863	0.021876892888742	-3.40790199981073
1592	-1.54627820191114	8.10749317468553	-5.07759429492541	1.44286125403165e-06	1.14361887442138e-05	4.80563794303303
1595	0.0787759131037606	9.17092702013869	0.532352858658841	0.595482054725552	0.684412838109605	-6.65180690659208
16	-0.256686780908254	11.8303970167042	-5.41386326873111	3.28969694809686e-07	3.17069974227305e-06	6.22622166535251
160	-0.166897258660369	8.66144439724574	-2.46470751913667	0.0151517497040668	0.0334724398383504	-3.84362645515161
1601	0.226155681413355	13.2610317304442	2.63993678551569	0.00941242215349156	0.0221879586152512	-3.42176548175149
1603	-0.331225434117958	12.034851918462	-4.78624503314381	4.96744098439192e-06	3.32235324138278e-05	3.62206341730253
1604	0.0163111893047745	10.3112188997736	0.199020426648791	0.842589093961684	0.886529182590631	-6.77305037323258
160418	0.00264517749425085	8.75049965193343	0.0340219196348991	0.972917122561007	0.983875542648619	-6.79219652469176
1605	0.0134874925808517	10.9565988612961	0.214075691547581	0.830857306452361	0.879180290968038	-6.76995421610233
1606	-0.00340662017543609	7.45126321330177	-0.0306217159287087	0.975622927133482	0.985284922132603	-6.79230598819232
160622	0.260417110102667	5.75447119436274	1.87881918581846	0.0627351741853235	0.11063034559581	-5.06088423747979
160760	-0.0038348166033418	7.67464369832221	-0.051237879663415	0.959222553860153	0.973363426890033	-6.79146553537092
160897	-0.265018023377421	8.45797120854501	-2.98324498418936	0.00346617166818139	0.00941176133437814	-2.52162515774844
1611	-0.139147821255266	8.86730159530012	-2.25888803872505	0.0257257807579685	0.0520948637069918	-4.30565077629831
161198	0.344217369430539	7.49128463930918	2.85709193390434	0.00505408597949591	0.0129769195494673	-2.86352019716925
1612	0.130907497233856	9.65586871447199	1.15198537955227	0.251654388750847	0.346444208513667	-6.1356040403531
1613	0.393890414270066	6.02320915897771	3.73581290635927	0.000289684414354432	0.00110317808324924	-0.228067812534026
1615	-0.22175149212407	11.9174552854769	-4.58232526432418	1.1494218998324e-05	6.85503602354917e-05	2.821629575125
1616	-0.109717340744872	6.80924133006044	-1.64037384179869	0.103589051188531	0.16767500741079	-5.4679288185777
161882	-0.048138461343269	6.89452997779085	-0.51995805009807	0.604066359895856	0.692133185287803	-6.65828722856882
162	0.131169685649156	10.5054013211196	2.24060867357755	0.0269217868146272	0.0540398442500171	-4.34490695477153
1622	0.194987439425576	12.2183844415032	2.93265494115882	0.00403773107394686	0.0106985787554213	-2.66026316140066
162282	0.208505934613993	6.221224918471	1.38088494180547	0.169922639863495	0.251759821573537	-5.8508168163564
1627	-0.113377317991562	6.73591416994998	-0.91014835500893	0.364598621420052	0.466325887803683	-6.38169042985922
1629	-0.116034206776157	9.58591931142688	-1.66659486294584	0.0982457820950307	0.160918136050953	-5.42573435370468
162963	0.102254388829439	6.08610633110315	0.95505046113123	0.341503541649618	0.442898297067961	-6.34028993456114
162966	0.168061649373375	6.98899795934399	1.28850430553685	0.200089710659723	0.287984145330077	-5.97177718656762
162967	-0.0814711746185669	8.79393419575297	-1.03633683253639	0.302162923825094	0.401458219526344	-6.26035558843774
162989	-0.124064437410881	10.4886004243169	-1.37665786879075	0.171223051559111	0.253459212522985	-5.85652872578621
163	-0.167723683032491	6.47674811998709	-1.80658664469373	0.0733738009757984	0.126343046916843	-5.18970569540268
163033	0.192586977255949	5.4818863561083	2.39589825638248	0.0181506099453134	0.0389420067219022	-4.00215519213983
163049	-0.047237770643621	8.72918710198621	-0.717377669697625	0.474558009562071	0.574505226290884	-6.5370429141159
163050	-0.137010312022957	7.37668670191061	-2.28735304322481	0.0239559562479093	0.049112980542996	-4.24393889296758
163071	-0.98852535613663	7.51747705397438	-6.68635222957952	8.01359496880059e-10	1.83095620195701e-08	12.0467344314863
163081	-0.23356955655934	7.13255925248533	-3.10855614736146	0.00235620964705411	0.00678969195198598	-2.16950316089848
163087	-0.2256483399567	6.9535883162621	-4.28347093697564	3.77038636057345e-05	0.00018874782629295	1.69284746287329
163126	0.418375630247501	8.57488445718683	3.20260247045904	0.0017507177036637	0.00524897576488644	-1.8971893210323
1632	-0.129102120593398	9.00148888992048	-2.0391407142275	0.0436685933507007	0.0814410885249014	-4.75804899450568
1633	0.29619240732897	7.9076676498672	3.67791886852611	0.000355424492497725	0.00131062781608536	-0.419262060786201
1634	0.718795920691187	13.4209875018656	6.23155037902098	7.37241103753985e-09	1.18015727073797e-07	9.89461344034462
1635	0.382636478852509	9.01150314400429	5.75618958675794	6.93180350461285e-08	8.2502445170176e-07	7.72745654441919
163590	-0.444529214200614	8.55659398031386	-5.0843058020488	1.40164646605597e-06	1.11964503987336e-05	4.83343419250601
163732	1.3721453757432	5.83643194950178	6.859232508486	3.38892075622304e-10	8.72040045059263e-09	12.8826181137715
163782	-0.0243831316048627	10.4989010906593	-0.338796063914356	0.735365162682693	0.805104436716619	-6.7356375254203
163882	-0.239605633644894	9.33409321582173	-2.23933948515107	0.0270066055511417	0.0541837653272845	-4.34762176294782
1639	0.0891528256648525	10.0568416926315	1.77156025986606	0.0790475247875949	0.134514329366612	-5.25045380378895
164	-0.0847518262377543	7.74437022077009	-0.949371528242242	0.344370949279334	0.445358390644637	-6.34563445574847
164091	-0.141621183114119	9.50834458893338	-1.33948483709211	0.18298563439292	0.267326024068893	-5.90602885675429
1642	0.0134867855833148	13.5017185400711	0.328819339534564	0.742874769860143	0.811817416354946	-6.73895144539942
1647	-0.236299919152951	8.38940982299653	-2.23804070312584	0.02709364376171	0.0543188100659525	-4.35039841110249
1649	0.0587201345444681	8.00875762776302	0.42480507499917	0.671751938198154	0.750835048649087	-6.70297094381935
165	1.13087885956035	8.24087917264001	7.42711029002245	1.89417785144088e-11	7.52207166004888e-10	15.6879783536119
1650	-0.330926318038427	12.1687581744678	-5.28071858934694	5.94473341531856e-07	5.30848627140879e-06	5.65705462565372
1652	-0.469778814400982	11.4449442076133	-5.67675355227477	9.99338793250081e-08	1.14170656047658e-06	7.37441998566126
165215	0.0388128232678092	7.09622040177853	0.239125356474575	0.811422978568691	0.863594099082256	-6.76430297806585
1653	-0.0355611846780023	11.7369119548014	-0.937772389007641	0.350275783271126	0.451159674791405	-6.35645303175714
165324	-0.157673548039941	9.23883188036963	-2.23347311204641	0.0274016924710085	0.054803384942017	-4.36015165969548
1654	0.0221252725173515	11.732092346959	0.385258557275965	0.700739057080264	0.775677380257703	-6.71890249223498
1655	-0.100847475343367	12.4339725144135	-2.07392705408684	0.0402603274181414	0.0759825549839841	-4.68928845801186
1659	-0.108977547043704	6.84158707491848	-1.84935865829666	0.0669071468875352	0.116938855965095	-5.11400006839312
166	0.0529054918945954	11.7006950264256	0.877006053168164	0.382264356328473	0.483686210672976	-6.41098740610592
1660	-0.140205880534025	8.43375875066157	-1.09869230414078	0.27413773257535	0.370718113180301	-6.19469664228811
1662	-0.254174455786511	9.13161054379416	-3.88192682054664	0.000171231924577828	0.000700879929144132	0.264828617122117
1663	-0.270511479594173	6.40454933716912	-2.5990551119405	0.010539939675858	0.0244618998939555	-3.52249860791334
166379	0.13602820195587	5.46408514989915	1.67869956065272	0.095855459798885	0.157810012596857	-5.40604041456029
1665	0.0652796696312489	12.0727007746783	1.44167953622683	0.152040017465384	0.229967138667656	-5.76679491911652
1666	0.0926130996683501	10.5620212126073	1.34174729849296	0.182252820749731	0.266631928184278	-5.90305366204086
166785	-0.0838313282423612	7.10392957179436	-1.16244107756788	0.247400650204267	0.341384792964792	-6.1236894278921
166815	-0.135485960195003	9.34921513053733	-2.42055271587049	0.01702042448928	0.0369290008619524	-3.94582049398015
166824	0.0319926776305833	7.85763500815027	0.214523199955357	0.830509156101203	0.878924488071228	-6.7698587336009
166929	0.222055066848004	7.10434435564606	1.33138298719115	0.185627975672454	0.27046870330825	-5.91664305541653
167153	0.156454727835656	10.0151547142786	3.07724968327268	0.00259747522088053	0.00737290217335849	-2.25862896675392
1672	-0.919870641457793	7.12954743361309	-4.09806623071311	7.67580243852808e-05	0.000348746579440275	1.02042580799716
167227	-0.192601787075376	11.6690561035669	-2.93185698384267	0.00404740338655504	0.0107152410169694	-2.6624335397014
167359	-0.161831714270303	6.95310482290674	-1.04433881512856	0.298462186248223	0.397564531270814	-6.25214011963145
1674	0.407819882005184	5.63992175869196	2.61450478093748	0.0101002648730203	0.0235646327972918	-3.48459463457034
167410	-0.157590552143634	6.059763900376	-1.29958198879219	0.196276033850002	0.283334505347958	-5.95770123485812
1675	1.75237430772307	10.3849039982073	7.2641394589766	4.37049553516485e-11	1.5427475692505e-09	14.8742196876471
1676	0.00781608267466805	8.57366780121482	0.119817211753733	0.9048315934445	0.932722945445098	-6.78562382307425
1677	-0.258632771350187	7.3617431173079	-2.27190370981816	0.0249027875793216	0.0507142567567052	-4.27752066523046
1678	-0.31937148694953	8.41641387602585	-3.83316683512549	0.000204382086652894	0.000813980730835537	0.0987099143360624
168374	-0.111070691076801	5.55856956476891	-1.50655737823751	0.134595074883333	0.207262363634663	-5.67328054116414
168537	1.12659167077442	7.21420477347665	7.21000273950965	5.76149408324609e-11	1.91894923901664e-09	14.605371583738
168544	0.386288725296708	7.06228460964692	3.11981495994992	0.00227464703906104	0.0066063940023362	-2.13726385831705
1687	-0.0330991101173338	11.5816651447509	-0.643336145445163	0.521253594870886	0.618081351368579	-6.58701865766549
168850	-0.00938232111106603	8.12133350965257	-0.186802553900427	0.852136055902071	0.893682557357936	-6.77539723503505
169792	0.0417978212308522	6.98410004729356	0.211858455195847	0.832582755593079	0.880104115843209	-6.77042435708284
170384	-0.280035851562135	7.93621008230749	-2.53352204173645	0.0126027547117976	0.0285907041800188	-3.68104725320061
170394	-0.313781419314779	9.78410515296948	-4.45322702342181	1.93213086917069e-05	0.000106894849158405	2.32739692178032
170463	0.403318105032118	7.56363346928084	4.84148971146296	3.94252452689324e-06	2.71768156261956e-05	3.84295265042207
170506	-0.190063089842725	9.30658204897327	-3.40806313729938	0.000895506846998461	0.00291330703277168	-1.27881157500598
170622	-0.069670680208703	11.8267279279543	-1.8044970381389	0.0737025553269172	0.126778041545732	-5.1933613721291
170626	-0.00260292399811984	12.9059281594962	-0.0561326351592692	0.955331028123909	0.970814417846077	-6.79120380880464
170959	-0.169409499070233	6.7201248046065	-2.10364281225471	0.0375323137997634	0.0716470792664769	-4.62969550442354
171017	-0.115101498347589	7.45669259693023	-2.36022131171447	0.0199038760642534	0.0420475744989087	-4.08274985313878
171019	0.586077941099674	7.84207866207745	4.90462073551619	3.02168008364488e-06	2.1628316716557e-05	4.09742947891705
171023	0.170538995677068	7.61036587570478	2.92844506112475	0.00408900116927069	0.0107942312745848	-2.67170794248265
171177	0.016586772380559	5.68951497697492	0.130373804879444	0.896492562402677	0.927019099329759	-6.7843086598805
171546	-0.0503692522029387	9.73945323463457	-0.786212571909926	0.433318088573791	0.535408737714213	-6.48574772153865
171558	0.229777959685747	5.11450662265069	3.50042001339476	0.000656298062694738	0.00223639521363801	-0.990583605831481
171568	-0.0481634635181188	7.87127427675079	-0.585796602199114	0.559130329733796	0.652134499237666	-6.62212620149505
171586	-0.291032975297294	8.96992919626768	-2.97660740100616	0.00353665744346489	0.00957482480597182	-2.5399310676261
1716	-0.0588121820255264	10.7332443704476	-1.21391247108775	0.227203805034853	0.319112979015114	-6.0635040715621
1717	-0.265411698273927	7.86059147282348	-2.2287853234122	0.0277210252610202	0.0553482399458611	-4.37014254867895
1718	0.0763610953237121	8.76444834455033	0.676119385954292	0.500287143263977	0.598200897996591	-6.56555664829656
1725	-0.156422872152476	10.2252706509991	-2.43527494487867	0.0163757665425976	0.035736811530213	-3.91193198424463
1727	0.1918602332279	12.4880088614496	3.42182786959523	0.000855288851347502	0.00280258951580234	-1.2362530199914
1729	-0.437916023851921	9.07614572548315	-4.83812255181919	3.99862796859747e-06	2.74780923632405e-05	3.82944117145987
1730	0.18948072469802	9.05423444997567	2.14394558639164	0.0340878986214026	0.0661729829877286	-4.54761659404174
1734	-1.28055999135546	10.4873349873735	-5.86958824450968	4.09374336404396e-08	5.21021882696503e-07	8.23611891576874
1735	-0.228523753345197	7.25110091301802	-1.17868987557118	0.240891698900092	0.334133573957138	-6.1049646847286
1736	-0.179371901368623	10.6287628594732	-2.28912002303591	0.0238497057038264	0.0489437438791567	-4.24008479977158
1737	-0.0192002414762853	8.91907542509313	-0.31411741559201	0.753986214907525	0.819679670325896	-6.74365471738228
1738	0.00283399315100943	10.1352060330853	0.0492296045031806	0.960819502788306	0.974505045804446	-6.79156601588935
1739	-0.0257624926223242	7.48357365492112	-0.280717136597726	0.77941867855321	0.840031091446962	-6.75354157996019
1741	0.341419352671598	5.56900358109729	3.47095291180813	0.000725163188541391	0.0024319317650637	-1.08322547211625
1743	-0.0987544936360152	7.45695701987381	-0.774000170725737	0.440477793206458	0.542389172910755	-6.49518761002844
1747	-0.679746145980082	9.13174168216062	-6.85599507985186	3.44425703631115e-10	8.78072935800312e-09	12.8668813944849
1748	-0.00624574450364152	5.88855280381247	-0.0740534257990725	0.941093193157322	0.960394091361438	-6.79004196405414
1749	-0.442497760206278	10.4797763989515	-6.57466012072749	1.39065614459228e-09	2.91543648587112e-08	11.5117058854239
175	-0.290847037125229	7.6153307682532	-3.64831777986647	0.000394271082481986	0.00143848411874464	-0.516106072176331
1756	0.28771882696365	6.41288196906992	1.98165294647471	0.0498417430695382	0.0910019446848774	-4.86930550457878
1774	0.247113808541034	8.58327327776049	2.93492399735943	0.00401034307279868	0.0106341681480954	-2.65408873178543
1777	0.00644336065420079	9.86157863255569	0.0984577263020515	0.921735801332229	0.946170339698675	-6.78794544986999
1778	0.0319049140345483	10.0840251411823	0.514279624686835	0.608017792811225	0.695502973081391	-6.66120530126547
178	0.0199146314855362	10.5231274201248	0.22700738183629	0.820810596195662	0.87111596101454	-6.76711474813728
1781	-0.0449212592895859	10.6259590501457	-0.657104680329174	0.512392505992652	0.609060598575235	-6.57813382825011
1783	0.00358770911534971	11.6165312128736	0.0939803883747172	0.925284038706753	0.947891127336944	-6.78837451082878
1785	-0.171303701100614	8.24119861617272	-2.78664384987953	0.00620744637330075	0.0154577953100585	-3.04885967499835
1786	-0.0336463988120068	12.4598834212768	-0.683437957566611	0.495669181000422	0.593538335033848	-6.56062094662732
1788	-0.216648086102331	6.00324091642677	-1.87660057061536	0.0630415860556995	0.111099530791568	-5.06491181280979
1793	0.123194961522237	7.96427862860968	2.00646881178746	0.0470914916976742	0.0868249378175868	-4.82164330952471
1797	-0.259939497157093	7.30078450005699	-3.45498152394244	0.000765274229010634	0.00254614524517216	-1.13317219939909
1798	-0.433535327588104	9.84536952707071	-5.73470320784605	7.65471762468694e-08	9.00683298859176e-07	7.63169451013653
18	0.96093392140076	6.23447897103505	4.77391968503963	5.22911795977954e-06	3.48046046315705e-05	3.5730134413492
1802	-0.363511701361482	9.24229271201281	-4.7562740956514	5.62713839613613e-06	3.70951022762047e-05	3.50293901208011
1803	0.480647885141392	10.5676521386877	4.25147120624626	4.26879222105613e-05	0.000209135372158503	1.57523191382723
1805	0.77719314412037	5.64973210798641	5.75219426483264	7.06095748566004e-08	8.37981448729194e-07	7.70963484351663
1806	0.82631649882192	5.53959198013809	7.07636571328986	1.13602937401122e-10	3.42467249245718e-09	13.9450130334077
1808	0.732548236790736	11.3244144714277	7.75727682302864	3.41883092936282e-12	1.96107940809284e-10	17.3554637464906
1809	1.20729776996559	8.36816126828191	6.13248667549488	1.18433320279911e-08	1.79827063513248e-07	9.43563251363882
1810	0.0288918978518793	9.07861338558027	0.558856381884578	0.577318184550246	0.669565880986384	-6.63744055830651
1815	-0.299419992504286	6.37894301635352	-3.59930729440197	0.000467552167881943	0.00167040696656784	-0.675080695387785
1819	-0.0426266040834201	8.18483562760504	-0.86409319062005	0.389288806907066	0.491370040503112	-6.42211177179203
182	0.837188080038068	7.8521467914354	8.3255183520005	1.70993665757954e-13	1.72991072098491e-11	20.2757472587587
1820	-0.322751339130965	11.6578102665428	-3.94610453499015	0.000135341736509309	0.000570077890651142	0.48593346163615
1822	0.193061938467631	8.83501016556811	2.55033161256687	0.0120416981271781	0.027450756135242	-3.64072368814032
1824	-0.330991925767639	10.6511354939593	-2.87153127705289	0.00484339803122009	0.012505929270984	-2.82503517290451
1825	-0.34572409563207	8.81236238447535	-3.34554452229197	0.00110154106393654	0.00349547798237258	-1.47033749053442
1827	1.17089775772398	8.85790906542699	8.22640130459683	2.89459319059671e-13	2.57089674777729e-11	19.7623514094973
1829	-0.18035729672525	12.0603428513957	-3.59343480492794	0.000477149884297782	0.00169955068749447	-0.694014019594619
1831	0.712487714614151	8.73943320242164	6.94574527736177	2.19590242571907e-10	6.08662887128842e-09	13.3042899747515
1832	-0.314666961670143	10.6546980309011	-4.7114808408972	6.77391965131274e-06	4.33404928891117e-05	3.32584269632629
1836	0.403555404623185	9.78571942395867	2.74118911835742	0.00707406798569016	0.0173131263886817	-3.16629533071306
1843	0.424432022217191	11.3731448489583	3.12068835659291	0.00226843061529273	0.0065906566592747	-2.13475879012103
1845	0.205090789478351	11.1541655234119	3.01770233900407	0.00312062610955271	0.00860359534876681	-2.42603329245992
1847	-0.0107996189347662	11.7756720499945	-0.119647135279414	0.904966032534742	0.932745124624029	-6.78564410336843
1848	0.487015572322546	9.82105632218292	4.3849270523986	2.53349945171606e-05	0.000134576884059001	2.06996568479976
1850	-0.0528239387762167	7.41412625978264	-0.530622169838167	0.596677292312675	0.685568846084671	-6.65272088077357
1852	0.286936053949717	8.31513522752267	3.01971297757913	0.0031014798786812	0.00856510324236267	-2.42042636096609
1854	-0.07280467802336	8.34743769094406	-0.832177890833058	0.406988593658963	0.509738557031545	-6.44890747597285
1856	0.0150692770171864	7.40878059817426	0.225641962547075	0.821870025052162	0.872016237242243	-6.76742241431105
1857	0.120335544500537	10.1152332919131	1.40207145006561	0.163517588489125	0.244285635905258	-5.82193292574458
1859	0.0276940875029424	10.0518292717376	0.409925895260307	0.682603147760066	0.760904453508521	-6.70914711963654
1861	-0.00658456049148772	9.64608108773183	-0.12656494563297	0.899500031376224	0.929157520474132	-6.78479597017707
1869	-0.125566871401324	7.00540591076663	-1.18185789832402	0.239637009588372	0.332672554487387	-6.10128435929238
1871	-0.193166031296026	9.10071370125735	-1.75266468947838	0.0822554154367841	0.13905643297336	-5.28275741163799
1874	0.0220313218038708	10.2616402102808	0.458721471022861	0.647277516916029	0.730897100441066	-6.68807237197339
1875	-0.161294171080363	8.43410810959437	-1.64088020278041	0.103483694317518	0.16760300295347	-5.46712003801009
1877	-0.043349167972625	9.58967907892069	-0.870413584100623	0.385840698604612	0.48776311148976	-6.41668713542077
1880	1.05866677283374	8.61118362234721	8.25190243584837	2.5283282873158e-13	2.29494413771741e-11	19.8942910122683
1890	0.106359405946709	10.7274436771883	0.969150064575827	0.334451486609005	0.435530392462618	-6.32688495996328
1891	-0.039248820989951	11.4188809858916	-0.620041115690196	0.536425599208909	0.633072646015943	-6.60162545244647
1892	0.225803595673417	10.4455786438009	2.39649695509087	0.0181223950717441	0.0389016676575202	-4.00079337099515
1893	0.84749208666827	10.0304871433094	5.57914459796634	1.56081296481185e-07	1.69412813263415e-06	6.94442792464847
1894	-0.199400450442549	9.64094232855866	-1.8047090763203	0.0736691401987875	0.12677231209208	-5.19299060284058
19	0.49169487979799	11.0464923067575	5.259888639517	6.516495931637e-07	5.75066841830359e-06	5.56879137660828
1901	0.778518928432359	7.66396676786967	7.22848282313385	5.24331463444806e-11	1.78229542718276e-09	14.6970606637294
191	-0.473321323542767	11.4471840884513	-6.01542654104599	2.06407136585946e-08	2.91439820205114e-07	8.89812517709345
1910	0.372621172012642	8.90149685097387	3.63569532619271	0.000412029304455719	0.0014946693257814	-0.557213078965253
1912	0.32689858047777	6.46579100476074	3.3716440076657	0.0010106446701755	0.0032456940029742	-1.39073595571509
1915	-0.0437180873624798	14.3415621616717	-1.13323208259995	0.259412759636263	0.354759833542307	-6.15671034260192
192286	-0.0524145111950833	11.2931567088756	-0.989612061001221	0.324387549063177	0.426052020235624	-6.30708727935112
192666	-1.03359226486358	6.86206624740131	-5.46748534531236	2.58629148262112e-07	2.60552806394411e-06	6.45783746867264
192669	-0.182322468396924	6.96051205427478	-2.95107524213726	0.00382027570575913	0.0102055230690719	-2.61001998842561
1936	-0.379420158444719	10.3091343181746	-4.22581783402231	4.71347881128045e-05	0.000228482012800332	1.48140817051132
1938	-0.196277854574878	12.6729911748676	-3.68093813259975	0.000351672632030316	0.00129841713378837	-0.409349281737463
1939	0.178550717271476	8.38695351764404	2.82270896122554	0.00558997508640427	0.0141505345429664	-2.95448121800633
1942	-0.0993100210399689	11.6340639362458	-0.760387794814518	0.448538642388482	0.55018253432267	-6.50553724642865
1945	-0.341360956256973	7.00350041380394	-3.29196071520359	0.00131265619010083	0.0040776758669548	-1.63216224916074
1947	0.11051095494578	7.91818973114632	0.875268126177844	0.383205159008624	0.484802360761408	-6.41249410624887
1956	0.372903244575781	11.1155325083125	3.087586500773	0.00251539311996162	0.00717442927171373	-2.22928589743389
1958	1.03019992163617	8.16607950108772	6.11583394830684	1.28211889872603e-08	1.92550947335946e-07	9.3588430679832
196	0.267260105156929	12.6622888431912	2.93031823129389	0.00406611529249519	0.0107475559411233	-2.6666173817688
196074	-0.108947047757354	7.59921784452687	-1.94862305972967	0.0537129242606392	0.0971253840614885	-4.93188309109942
196294	-0.237305460784756	5.82801866340679	-2.11334939642935	0.0366764309158244	0.0703873883282317	-4.61005931834589
196383	0.418365782535948	6.30922842511442	3.80965424654408	0.000222469270013259	0.000872967301809747	0.0191875715137577
1964	-0.0955020980151644	10.5067316458524	-0.756150729656287	0.451064913462077	0.552542812575524	-6.50872162849905
196403	0.500372976291932	5.24636037812707	5.34906059634911	4.39206410201109e-07	4.09001685260559e-06	5.94813383425483
196441	-0.00834542106184414	8.48904531096266	-0.132035483784411	0.895180972604811	0.926126607429327	-6.78409153742945
1965	0.180293427358175	8.64157106369121	2.74474335624755	0.00700253385377981	0.017163480603033	-3.15717378221647
196513	-0.128103723941792	5.52237994460177	-2.03329159631183	0.0442652647030924	0.0823308008213338	-4.76950436360527
1967	-0.0591110960774554	9.17101986133659	-0.67066229270275	0.503745511390935	0.60137851193657	-6.56920264025359
1968	-0.101949449739095	10.401464041666	-1.82532982871181	0.0704789457124484	0.122096495718294	-5.15673653360672
196883	0.983491337261224	6.84563923257441	6.25653905459053	6.53792865245761e-09	1.06096838250098e-07	10.0109703096073
1969	0.111232108861353	5.52336793874868	1.27195775993701	0.205887768757604	0.295095084146766	-5.99258403075237
197131	-0.461036664934734	6.72374350213792	-4.5416968325428	1.35487369267142e-05	7.89785229461252e-05	2.66502429849821
197335	-0.243802519124608	6.65705881913115	-3.11482492956955	0.00231046784698641	0.00669395454791574	-2.15156484283245
1974	0.0379965583958341	13.0541960501873	0.811566094538862	0.418673786738599	0.521605652859854	-6.46568330260335
1977	0.123891462035383	8.31537959866645	0.6840685657669	0.49527235324696	0.593407258169406	-6.56019319269392
1978	0.00170733097696176	6.08732334422499	0.0200940940359575	0.984002230598965	0.990186032295532	-6.79257188533505
1979	-0.0466574182253885	9.43974119554899	-0.723547895542954	0.470774439359067	0.570426414714082	-6.53263476375403
1981	-0.155794755564855	10.2294568117786	-2.49883679175724	0.0138350938548265	0.0308859122272613	-3.76349622827996
1982	0.0470545873778344	13.7487495098975	1.28933510730199	0.199801806159705	0.287646420821565	-5.97072558299501
1983	-0.268475570696585	9.58623489099486	-3.53185117236988	0.000589655997312839	0.0020336361326948	-0.891068881893008
1984	-0.0184963859977143	10.9559082199354	-0.203268877067971	0.839274790873389	0.88457442549626	-6.77219950773826
1992	0.0164647615830909	9.69657144319683	0.230618841461542	0.818010064942162	0.869260663376078	-6.76629204858336
199223	0.118692830745972	4.98030959147934	1.83071542348526	0.0696649161170944	0.12088911914437	-5.14720385570333
1994	0.142424403338283	6.25600728467376	2.0688402033974	0.0407439996999189	0.0768193192242251	-4.69941088817398
199692	0.0718200499272901	9.19981674833221	1.66546276071164	0.0984717833200045	0.161224366743952	-5.42756929842019
1997	0.0825513351400902	10.4890562507243	1.47140623226714	0.143841670031112	0.219374481989841	-5.72443931179161
199704	-0.231856406134204	8.23102766620215	-3.28257922366571	0.00135330195633612	0.00419132889363944	-1.6602719104787
199777	-0.92783937778837	8.14172483692813	-5.86460599577337	4.19002680376879e-08	5.30822414097089e-07	8.21365687057044
1998	0.182821099677975	9.93703828375037	4.01622117208588	0.000104363838371031	0.000458778767932261	0.730656728512664
199857	-0.116939573582044	7.5254392977531	-1.67592010278938	0.0964001092476329	0.158334639567597	-5.41057451328514
1999	-0.474168486551169	9.16154427056707	-4.73165594310473	6.23183821253298e-06	4.04995937336919e-05	3.40546745889498
2	1.90787697353009	9.76338125908564	6.98291321168689	1.82126425156039e-10	5.15418606987234e-09	13.4861170686412
200081	0.0590119362729069	10.1303851321311	0.950921542376429	0.343586776263074	0.444722130451252	-6.34417883021752
200185	-0.51025533129083	11.385672254363	-4.87117271055705	3.47990462241708e-06	2.44421872288819e-05	3.96233166237827
2002	0.149933628308473	10.1192857637238	0.94336157607484	0.347422391831597	0.448321974149194	-6.35125631902611
200205	0.0349536595437321	6.09436675497468	0.404791164516379	0.686363464618879	0.764477105953606	-6.71122753229743
2006	0.742358677886969	5.25086247050534	9.69296174148617	1.06670368268976e-16	3.83085757348582e-14	27.4784074832283
200845	0.331774524490696	8.980839507469	5.44453111256484	2.86728080207174e-07	2.83329384242681e-06	6.35852306937934
200894	0.416137438741075	6.36600946308679	5.95926613141551	2.68949588354005e-08	3.65984118583869e-07	8.64217331378269
200895	0.0959839046383887	7.09600051049823	1.06355755147933	0.289699611976837	0.387730065048367	-6.23215535703342
2009	0.906210104662859	8.22385100638235	7.03935051919995	1.36994184248996e-10	4.04132843534539e-09	13.7629597107353
200942	0.310215185009324	8.54292889524349	4.52769773012467	1.43355851740426e-05	8.28634944279861e-05	2.61128916298081
2010	-0.31229666087888	10.7496162042888	-5.23515282917221	7.26540021852113e-07	6.30380313077568e-06	5.4642564905564
2011	-0.179589053549671	6.36357425811589	-2.03139894987563	0.0444598207053978	0.0826554397989164	-4.77320450673745
201158	-0.000358552990999212	8.13366543727241	-0.00292704050707282	0.997669502818438	0.998273784770479	-6.79276870307495
201161	-0.63162479777478	8.06392519756302	-4.47498726207847	1.7713372283801e-05	9.93047267567983e-05	2.41000666831872
201163	-0.491981998083053	6.4716712145237	-5.24261778817129	7.03095989219908e-07	6.13855265158481e-06	5.49577182047465
201164	-0.150214526047953	7.68677385423023	-1.88716094548743	0.0615942359011685	0.108990657357252	-5.045700907771
201176	0.0273061004422145	5.79901877601799	0.267036345247972	0.7899070466625	0.846995092794148	-6.75727115620357
2012	1.41855701598298	8.74405873458484	8.84467234433816	1.06158570653564e-14	1.59430871563352e-12	22.9875101583954
201254	-0.026440296660216	10.7194760763826	-0.327763812128098	0.743670744799701	0.81231424914646	-6.73929627188982
201266	-0.292902628837868	8.20143586150565	-3.19725973574649	0.00178080747620292	0.00532565885352503	-1.91284211560158
201294	-0.108299780209737	7.31851665416626	-1.18772593483601	0.237325326338877	0.330092253172034	-6.09444192444986
2014	0.294959947061952	9.56645402502705	2.64436103707766	0.00929717835482716	0.0219350737534625	-3.41078036172324
201516	-0.110545293001704	7.77520284344711	-0.881556771573652	0.379807690808462	0.481462787918646	-6.4070281768268
201562	-0.0952213560530383	10.7248546706071	-1.5802500279314	0.116725008906481	0.184490733556741	-5.56226384990701
201626	-0.251912264020573	8.66710975474544	-3.712565093234	0.000314561914857423	0.00118316641492233	-0.305126245408929
2017	-0.0927188709863868	9.82501055571861	-1.41109212542308	0.160847089334824	0.24090606671	-5.8095058358875
201799	-0.792668142948064	9.31202925935222	-7.54848835618869	1.01217608337208e-11	4.6447635825852e-10	16.2981738542343
201895	-0.329925914611143	11.354694466637	-5.88616435487185	3.78878161754616e-08	4.87466295341608e-07	8.31092508594991
201973	0.082924303811128	7.57318909726707	1.20857006601263	0.229243010917533	0.321216726866205	-6.06986924251242
202018	0.646953921797127	7.96880215237747	6.99442870875848	1.71857909586998e-10	4.92898032357155e-09	13.5425313020832
2022	-0.712533792170294	11.6880408009909	-5.59962256115825	1.42191047657958e-07	1.56599740487298e-06	7.03428497704433
202243	0.158104910781853	11.5301017627571	1.02623192361786	0.306880221667398	0.406874900637674	-6.27064144317967
2023	-0.334152740624616	12.9793827096533	-4.31678218713124	3.31116133327683e-05	0.000168633812783422	1.81596405383121
202333	-0.471036067863302	7.77005825627766	-5.37076046130616	3.98778368445548e-07	3.76446779812597e-06	6.04103052223669
2028	0.716297581557404	9.35252565706145	5.57710876084022	1.57532734864861e-07	1.70540024899575e-06	6.9355050535558
2029	0.00146380007625785	9.38570547986513	0.0168919638004724	0.986551316010923	0.991584282937087	-6.7926308671696
203068	-0.138688197744234	12.5989047765414	-1.9096566822066	0.0586038165249503	0.104618008319881	-5.00443987484824
203100	-1.47593252269014	12.2806398214697	-7.33273198143944	3.07634820220666e-11	1.16030302055831e-09	15.2159244328571
203111	0.0440105202166004	5.73462078030757	0.320867161617467	0.748878314154298	0.816275385974466	-6.74152207572502
203197	-0.0634905957808398	7.32574277746308	-0.64106620227037	0.52272210815853	0.619289244605488	-6.58846551421787
203228	0.35169638473314	8.39605218339149	4.6069373555929	1.03997471051009e-05	6.297794068045e-05	2.91696916332213
203238	-0.239782753819632	6.69561916759561	-3.41196179167565	0.000883939076485643	0.00287794117925558	-1.26677174346872
203245	-0.153123946936426	7.93314851882078	-2.44051695337229	0.0161515285307061	0.0353330466043154	-3.89982080756723
203259	-0.194039654602222	7.47168789433738	-3.18681979208545	0.00184099846615573	0.0054660845903833	-1.94336510659154
203260	-0.422187820466155	5.89539246708976	-4.3948902019794	2.43571109591904e-05	0.000129943666354319	2.10734123883295
203286	-0.0523783184517327	5.83208564745556	-0.726545507697417	0.468942412685143	0.568707139741489	-6.53047969728073
2033	-0.140946080574793	7.70350470857323	-1.52060319156216	0.131033061145857	0.202760038416032	-5.65251350306593
203328	0.410065312083704	6.04500413810629	3.14008560685061	0.00213436778090597	0.00622743831518307	-2.07897112054607
2034	0.273274638971581	13.0499614689647	4.42100526829666	2.19634176373966e-05	0.000118962511268784	2.20559607537673
2036	-0.137783037309777	5.51816842299442	-2.04297243796869	0.0432814578121239	0.0808285872774459	-4.7505280383123
2037	0.539633212270512	7.85191621856958	5.84819381667929	4.52318869664622e-08	5.66942923130468e-07	8.13973712770701
204	-0.15005322857166	10.9987834539792	-2.36695262656899	0.019562047664892	0.0414633086250982	-4.06762774163413
2040	0.955081033072878	11.8586126242059	7.57281097575974	8.92376357986975e-12	4.21201640969852e-10	16.4208539569795
2041	-0.0963721374415125	7.51914622639318	-0.83899872449639	0.403165543738867	0.505870787070188	-6.44326447800474
2049	-0.109609358708208	6.31516931573368	-0.886366462729683	0.377221932546796	0.478993568460651	-6.40282165775999
205	-0.679744471367572	7.58545743830011	-3.84412140796688	0.000196441257563434	0.00078767222692911	0.135889173168383
2050	0.00771167746188087	10.2530252678904	0.0788585921883037	0.937278598216598	0.957447591054798	-6.78967605699685
2052	0.787430680349718	6.73967817892838	7.0269660280358	1.45838492482481e-10	4.25969705644114e-09	13.7021333665391
2053	0.741151103169451	7.88986069413536	5.90522675235623	3.46559291077032e-08	4.55100118330092e-07	8.39709204956913
205327	0.0571449860653254	12.6789620209554	0.53403283483437	0.594322899141366	0.683572253496783	-6.65091688085552
2054	0.400490377254598	8.41906062347386	4.94624793273008	2.53272775235932e-06	1.86622044910687e-05	4.26640936030446
205428	0.877986984719596	9.19715586432706	7.86149516439169	1.98225378241975e-12	1.27525072886647e-10	17.8866129146201
2055	-0.531899675984142	6.69477158021819	-4.54268786375352	1.34946438522363e-05	7.87743874342555e-05	2.66883273464978
205564	0.222309554645314	8.53784527612356	3.95718693978487	0.000129920672939893	0.000550048569186837	0.524395315242107
2057	0.339172759289531	7.40047087860962	4.35336860334314	2.86883969742175e-05	0.000149599847857978	1.95197955261517
2058	-0.388810316929019	10.7755740413439	-5.95102406104804	2.79573567377743e-08	3.77950518255345e-07	8.60471677142488
205860	0.00148743251870141	8.44397587193933	0.016601660383161	0.986782422002767	0.991584282937087	-6.79263570951507
2059	0.603756942214394	8.61581745168395	5.36180733815264	4.14997678505372e-07	3.90419228297765e-06	6.0026749219237
2060	0.291800626644834	8.17758249583486	5.05834095840601	1.56775096519002e-06	1.23095275403703e-05	4.72602847817813
2063	-0.235051932823618	10.4170608750281	-3.64796422464675	0.000394758477327241	0.00143960486654438	-0.517259022094052
206338	0.681542818266388	9.23914061588165	1.98317987553188	0.0496686652694333	0.090705986098943	-4.8663888339934
2064	-0.168492584124645	11.5140404832054	-2.24301548021057	0.0267615815165555	0.053783616381204	-4.33975489355119
2065	-0.467994922285164	10.7783807253231	-6.95443817315157	2.10197372535315e-10	5.84589325636936e-09	13.3467805091408
2067	0.150406481443336	8.90368580598797	1.90417102727685	0.0593215481124516	0.105625347576816	-5.01454387004268
2068	0.00629448457544713	5.99660705059369	0.0654571105793656	0.947920759733824	0.96533417277788	-6.79063919688978
207	0.0873733081732767	10.9080620630993	1.50322744628674	0.135450562508724	0.208346675292748	-5.67817673957204
2071	-0.0524630129887927	7.55044689006183	-0.660290377577788	0.510353658872901	0.607161345569662	-6.57605149470812
2074	0.0347183223462076	5.66940389592281	0.448442164573048	0.654656023716211	0.736711002165655	-6.69270819039426
2079	-0.172868725886755	10.7403906143326	-2.0379992184329	0.0437844946488315	0.0816388094355188	-4.76028699552533
2091	-0.219401721444257	10.6804381861976	-2.33650913938866	0.0211504572160456	0.0443183096409276	-4.13570799394318
2098	0.0312359988018602	11.5659836356625	0.641233713852692	0.522613664991253	0.619250075225935	-6.58835891626477
210	0.16516186204282	9.08559645306214	1.81129173683986	0.0726380020572276	0.125258851146701	-5.181459696363
2104	0.208571268859331	11.1178681178317	2.50684971226776	0.0135412004257913	0.0303611062749827	-3.74453960279746
2107	0.0419586442567671	11.9803245655125	0.774287864859886	0.44030834183262	0.542261354336879	-6.49496691161178
2108	-0.00252361880526195	11.8320661681155	-0.0446978148357971	0.964423685971556	0.977494069124009	-6.79177799664052
2109	-0.0652862652035795	10.1680797193231	-0.830162415677104	0.408122437813454	0.510848815932585	-6.45056620243052
211	-0.329756702835815	7.58315258618203	-5.47411170440456	2.51031334383455e-07	2.53611220184533e-06	6.48655311254698
2110	0.223430394938794	9.67760707317164	2.81310632708749	0.00574865253404933	0.0144856223097155	-2.97971376476263
2114	0.0879199739243005	7.79695214807558	0.851781078789872	0.39606001858538	0.498317708075436	-6.43256686489582
2117	-0.0880259816620828	6.42448223382947	-1.10474209624566	0.271517640569975	0.368144404318449	-6.18812632971734
2118	-0.714313569560718	7.05807628288642	-6.20138067908476	8.52054416326679e-09	1.34569206096718e-07	9.75444055341313
2119	0.206930818375478	10.7869859958981	2.81183091843557	0.00577003453064525	0.0145343122907092	-2.98305947260845
212	1.37545173957858	9.24101681939217	2.9718859840063	0.00358759632491416	0.00967152272969679	-2.55293104025
2120	0.284747314363161	7.91295945430544	4.39789823001675	2.40690899236541e-05	0.000128680053572416	2.11863741178879
2123	1.25644952523775	7.2038600394856	7.12390525545831	8.927461905355e-11	2.78267303163141e-09	14.1793788310339
2125	-0.0341773344433767	5.46579617140381	-0.357507254812732	0.721350370040127	0.79360070012406	-6.72915579497359
2130	0.0210033043816312	10.5268550398019	0.395251145539644	0.693370761457677	0.769894137604573	-6.71502338338313
2131	0.0141698532364845	8.44571231685131	0.155624075875866	0.876595107467962	0.911923877542237	-6.78071286715579
2132	0.341026429214625	9.99116877095538	4.75202923860173	5.72718266959919e-06	3.76944452995134e-05	3.48610784553968
2135	0.032102793461083	10.346086566153	0.576494658766204	0.565378320422288	0.658399115562964	-6.62749497714784
2137	0.139375215776051	7.68244841006494	1.41334122599306	0.160186486912748	0.240063487271821	-5.80639542692432
214	0.23394243619345	8.45406423841767	1.70252002942599	0.0912893451236949	0.151720320064732	-5.36688896530489
215	-0.278837226774909	7.37269524299012	-3.00582201882978	0.00323600105531943	0.00887429240270203	-2.4590979360964
2152	1.16036829828883	9.51491300374197	6.64382683101537	9.88942324009736e-10	2.18999024030038e-08	11.842553421667
2153	0.704687439295541	9.8407095150608	4.05198399663597	9.12992722115402e-05	0.000407859377213262	0.85673271227854
2159	0.24898211558187	5.80417636459706	2.04536104133903	0.0430416159496445	0.0804898681784161	-4.74583300719861
2162	3.14500632864906	9.63438890110432	5.89781825476199	3.58784783054611e-08	4.65794225464046e-07	8.36358592688703
2166	-0.0928781243909162	7.11151025452219	-0.997682439754385	0.320473732288374	0.421783465376349	-6.29916706174441
217	-0.461669572449262	8.58598974309542	-4.27908518911339	3.83522825531571e-05	0.000191067463141784	1.67668958723098
2177	-0.377997532364218	8.81721358211021	-4.4636798248777	1.85320898489086e-05	0.000102942207230656	2.36704400759742
2178	-0.571465619407684	9.85580584334345	-5.93924983951124	2.95469070755219e-08	3.9748770756321e-07	8.55125596993481
2180	0.336086336641205	8.52632587583835	3.16267156974977	0.00198755066564274	0.00585759424314796	-2.01364520754071
2181	0.408295898099683	10.2204835673747	4.77752366675626	5.15125050917121e-06	3.43694096977013e-05	3.58734707260696
2184	-0.327349181564501	7.56897763460585	-3.41550035294854	0.000873561327214405	0.00285239367808829	-1.25583420423821
2185	-0.353536999068981	6.56596609404386	-3.69398552377432	0.000335886503858677	0.00125312670364619	-0.366438430909083
2186	-0.0116239578209315	6.95632887819808	-0.12624152036737	0.899755475394104	0.929157520474132	-6.78483668430633
2189	-0.413134318197242	9.09864684529412	-4.97857450519473	2.20695528779396e-06	1.64674351194021e-05	4.39827612384241
2191	0.71011753302267	7.54328252970914	5.25788983784714	6.5741025126797e-07	5.79531342099619e-06	5.56033306863197
2192	0.429092701033315	13.408626121748	4.44237001203458	2.01753316051372e-05	0.000110803350437788	2.28628640932167
2193	-0.319886103173868	7.53525706869323	-3.54102199298714	0.000571447492042171	0.0019791011674081	-0.861897761093899
219333	-0.0331971970558779	6.54804816355355	-0.457405894288124	0.648219903661074	0.73176115952446	-6.68867151970445
219402	-0.0571991401128536	9.73782727304384	-0.991788384349396	0.32332902675041	0.424969527047419	-6.30495767808125
219541	-0.104214841296916	9.22107700804504	-1.61965556947831	0.107974372088673	0.173481484818603	-5.50081638324058
219654	0.514995546571967	8.11233666189024	5.00952638777833	1.93342696936577e-06	1.47871358953345e-05	4.52505620174574
2197	-0.0841398991275272	12.891856092141	-1.58080825114955	0.116597220548903	0.184370111615214	-5.56140349712876
219738	-0.505266019494109	6.37943569034229	-4.04066509412323	9.52549006371238e-05	0.000423241247586145	0.816738622478305
219743	-0.125693089879451	9.45823771139578	-2.18220582151396	0.0310747011266511	0.0610990314939629	-4.46836648832445
219844	-0.0121241705954806	8.02822716369969	-0.170274554955807	0.865085658995209	0.903021299545106	-6.77833560091853
219902	-0.38836156176936	9.51651655274964	-3.93474217749681	0.000141123434506048	0.000591715517269012	0.446585579083396
219927	-0.101228583325083	10.0497311462524	-1.32862136264565	0.186535152605154	0.271646749033599	-5.92024677324937
219988	0.106490674769874	10.1357445931711	1.89761361762192	0.0601891850032692	0.106870736914661	-5.02658608185112
22	-0.0492973683209852	8.35105214796303	-0.769088164249141	0.443376794617169	0.545308565148573	-6.49894322480561
220	-0.0613424198759259	8.92931179623913	-0.334819788950765	0.738355132649333	0.807585754974915	-6.73697015360796
2200	0.806881289342571	6.86159833245209	5.61414120811864	1.33084099576608e-07	1.4795082940818e-06	7.09810703558867
220002	0.118809673663574	9.3357178500426	0.983493164348162	0.327375894804783	0.428885787642745	-6.31305016175951
220042	-0.368817884123509	7.51585451010739	-3.11505551830879	0.00230880110710574	0.00669147268234858	-2.15090442273607
220064	-0.0888932020582179	7.34651130320322	-0.976596053411775	0.330765935264185	0.432435363292524	-6.3197278047809
220074	-0.0866045568194453	6.81769602151202	-0.90352987748207	0.368084543243688	0.469846751227455	-6.38762663699178
2201	0.433509643609919	12.8474794909642	4.38119931775512	2.57105052498544e-05	0.000136308583673811	2.05599714681245
220134	-0.345187462228713	6.48806939241476	-3.27308410654993	0.00139563488860513	0.00430951184294518	-1.68865417167
2203	-0.00198462894850553	6.79290031862177	-0.0135218102239837	0.989234307648683	0.993081597129086	-6.79268191316285
2207	2.28481562752498	8.12536131171177	6.77789899012772	5.08605124729241e-10	1.23925614462051e-08	12.4882225642187
220929	-0.0251515882145612	6.3469499544135	-0.3763367934608	0.707341959939943	0.781520143004806	-6.72228218959165
220988	-0.18819267342576	7.64380346010885	-1.14409658899651	0.254897834680904	0.350208934541628	-6.14452392487238
221	1.05796738835719	6.09082506173007	6.77999422856989	5.03325658264019e-10	1.23002069149728e-08	12.4983573894534
221078	-0.242947618155743	7.29068597518574	-3.53888126993842	0.000575649799615358	0.00199038564938552	-0.868712560276788
221079	-0.55527009508794	8.44000746317897	-6.26098612574322	6.39949822983221e-09	1.04260069779909e-07	10.0317017158066
221120	0.285898568503723	7.12650846635753	2.13794321999981	0.0345828741417364	0.0670317487080489	-4.55993206646931
221143	-0.135253573321074	8.66865795068868	-1.91231128566821	0.0582591245708009	0.10409266038391	-4.99954057362373
221154	0.19613761600637	10.7410823741951	3.29155094550542	0.00131440744580565	0.0040815810159228	-1.63339142803429
221178	-0.0267730563211089	6.92979520183131	-0.167446515264241	0.867305196226799	0.904766471436393	-6.77881113320335
221294	-0.0714482271285989	8.91369252506145	-1.07266362314071	0.285609660155152	0.383349982593688	-6.22256153668021
2213	2.31390215006317	8.63171233131291	12.4118372523622	3.78709167656144e-23	3.12813772483975e-19	41.9666840324102
221301	-0.0156135299986542	6.1024901303318	-0.132404448709125	0.894889781911096	0.925941325139127	-6.7840429538455
221302	-0.00162260027285081	8.13256399263807	-0.032331301075203	0.974262440770374	0.984874282311013	-6.79225239049697
221395	0.530036467192575	8.93322543686561	5.62936192916217	1.24150412049141e-07	1.38766225104994e-06	7.16511675802333
221443	-0.0490368361396967	9.61770262106977	-0.937663552194842	0.350331495655215	0.451159674791405	-6.35655392409816
221472	1.36352859719961	7.80156553924792	5.38500154059789	3.74247360495659e-07	3.55728791449268e-06	6.10211919132969
221477	-0.0899748291483442	7.46110514481073	-1.02905517363481	0.305557291078564	0.405381179619167	-6.26777760062165
221491	0.063729160858808	6.71745315203721	0.910052842529377	0.364648778368522	0.466325887803683	-6.38177640014045
221496	-0.380482628213543	7.64541773977465	-3.97159073937837	0.000123184034481053	0.00052692911694122	0.574507033569105
221504	-0.170052387278511	7.59330205540547	-2.10888386752328	0.0370680671820903	0.0709740924719671	-4.61910337779998
2217	1.72302209111803	9.81419535388556	7.19018309193904	6.37367487233359e-11	2.09747228866436e-09	14.5071348910241
221786	-0.00685964862269122	7.77714306128233	-0.0769797531233226	0.938769951287296	0.958615378617018	-6.78982186582591
221830	-0.140986698654235	7.09508117341654	-1.76585153396229	0.0800056443287445	0.135892786789108	-5.26024798218056
2219	0.28207071654807	6.04566216899294	1.68889132118159	0.09387964053115	0.155244410568028	-5.38935347318367
221908	-0.266399099537239	9.00092419822533	-4.04243852163853	9.46244924563375e-05	0.00042066647346036	0.822999265302709
221927	-0.336558556447505	8.61159917274683	-3.18389553120332	0.00185819444646104	0.00550921971563825	-1.95189966963277
221955	0.237046380493566	10.1317296681457	2.02499707844036	0.0451233307037384	0.0836485798743598	-4.78569643348768
222	0.0751779060159158	8.99008729328455	0.584572075150852	0.559950884381321	0.652764740926641	-6.62283784132998
2222	0.215751312714087	12.09409902468	3.48265956886982	0.000697028032148783	0.00235671369035978	-1.04649685807413
222229	-0.232497863077941	7.38498895788976	-3.16449113439073	0.00197614100094464	0.00582753469039726	-2.00836527581996
222236	0.0478147913726038	7.74270753048466	0.661685872677446	0.50946189674219	0.606611672781227	-6.57513617982274
2224	0.0163985202406765	9.16690423788627	0.189503077385543	0.850023943519443	0.892288548196694	-6.77489129460489
222484	-0.0763582271936038	7.78560311562928	-1.31817306496443	0.189997381677596	0.276153153731646	-5.93381533357571
222658	0.0128515286637041	8.33057659241214	0.165174646525766	0.869089001061068	0.90616954667564	-6.77918737985722
223	0.242752330809052	12.1160872097849	4.91279554262452	2.91893294013673e-06	2.10387313137255e-05	4.13054020242535
2230	-0.140940718579173	8.57747149668863	-1.38423916415973	0.168896096982395	0.250553477204487	-5.84627230265625
223082	-0.0778998074271025	6.57092831821886	-0.714096848995507	0.476576669750187	0.576273355604822	-6.53937156884327
2235	0.302402441153319	7.99763336554371	2.71106509425756	0.0077075595314818	0.0186262263692334	-3.24318761102482
2237	-0.115189722128091	9.78172623938007	-1.11839024692768	0.265670735837898	0.361676753148571	-6.17317416423562
2239	0.310520738265321	8.80974988779856	2.79757227588803	0.00601407141486668	0.0150260828453717	-3.02037315090522
224	-0.271953314987451	7.59341377356144	-2.58073189052809	0.011083691208721	0.0255444445825991	-3.5671931151061
2241	-0.222296238542728	6.39525791963365	-2.49789720218664	0.0138699265784638	0.0309553076298598	-3.76571549876979
2242	0.314956766196045	8.36526688249904	3.46222747701514	0.000746824655422139	0.00249545778874873	-1.11053541244446
2245	0.211785707975633	5.98647424749588	2.09456842083564	0.0383479650249231	0.07286730874301	-4.64797699483531
2247	0.359727486235172	6.41849721667309	2.86222050861978	0.00497831124773069	0.0128222173078439	-2.8498703562061
2261	0.36607542291984	9.96174945297978	3.09672834927515	0.00244480896226441	0.0070069819667953	-2.20326541326874
2271	-0.0521972866714007	11.3930091991675	-0.866119067129494	0.38818152207903	0.490197121598042	-6.4203772623593
2272	-0.206222189682774	5.69753529344207	-2.60513936276918	0.0103647730815897	0.0240959824525559	-3.50759546256963
2274	0.182407482431007	11.6808645510251	2.2154970023298	0.0286439536585918	0.0569706374235417	-4.39835859298173
22794	-0.206249918430576	8.16748457021637	-2.19454150953118	0.0301538634989604	0.0596434177445911	-4.44253959557992
22795	0.352532408188055	9.49861607397594	2.39569132614882	0.0181603710015689	0.0389521330752945	-4.00262581123598
22796	-0.119021461218592	8.30511428560325	-1.90806281621908	0.0588115979582068	0.104898250730898	-5.00737842147837
22798	0.145730297392585	5.05182073331396	1.78217292043226	0.0772914786456246	0.132137361383044	-5.23216660290071
2280	0.287106355348559	11.1213974350521	3.72744830735455	0.000298412302551251	0.00113328074440153	-0.25583713946964
22800	0.212306627756326	9.87648425266085	2.83073631008296	0.00546041049418346	0.0138693083277846	-2.93333047686747
22803	-0.345936215273171	8.19944855996559	-3.49536693651548	0.000667652180750297	0.00226760156784435	-1.00651510242284
22809	-0.0109824217927581	8.20712750464581	-0.130674392447655	0.89625528248336	0.926889775048523	-6.78426958741632
22818	-0.00609919387869755	9.63030674645731	-0.0844093073296189	0.93287396702512	0.954010024467932	-6.78922475482248
22820	-0.134812121196045	9.99945768207111	-2.72243548450313	0.00746263213124352	0.0181085021751091	-3.21425228768678
22823	-0.0335708014839607	9.07398908269478	-0.314444027638518	0.753738796558445	0.81962644280842	-6.74355256351636
22826	0.119599828554607	11.6081691153329	2.53093118558259	0.0126912845091544	0.0287678402979186	-3.68724108306564
22827	-0.0126796154143792	10.4165998339568	-0.158733083991313	0.874150367675917	0.909861909798821	-6.78022624067266
22828	-0.0724245269932363	8.11975334103013	-1.26230053409648	0.209328375797784	0.298949361697633	-6.00460685705154
22834	0.0112305963779342	11.7114404840659	0.106745702982082	0.915171892152396	0.941502033774915	-6.78709854155702
22836	0.479952148351315	12.1719250273941	3.64831348264908	0.000394277003007006	0.00143848411874464	-0.516120086012376
22837	0.35313467034817	12.9031490935632	3.86725544516286	0.000180625621962034	0.000733514079354179	0.214674600237063
22838	0.19131063239786	7.40201050702378	2.93758225069782	0.00397847468352544	0.010566624079074	-2.64685000358149
22839	-0.0515013900605337	7.95994756111201	-0.762081454060199	0.447531109964061	0.54935457992319	-6.50425944178356
22841	0.420062541161354	9.16962435470428	6.54174463264322	1.63472350572317e-09	3.31764524748732e-08	11.3548125807516
22845	-0.25519243166428	8.14552044465123	-2.77129074335969	0.00648869768153002	0.0160324986088657	-3.08871489657418
22846	0.791946020347724	7.74881749016626	6.46745799357321	2.35167657096735e-09	4.42942071878431e-08	11.0020583136644
22850	-0.0562664672446168	8.90088646546627	-1.04934195269563	0.296163984510308	0.395140447755637	-6.24697199205576
22852	-0.140111877459878	6.65898051602663	-1.88391093869004	0.0620366678100149	0.109657142337452	-5.05162396270528
22856	0.0791834935998854	12.8027834409256	1.43487846648545	0.153965394953416	0.232326299290321	-5.77636808529431
22858	0.10414736746653	10.3853610170161	1.36950421391228	0.173440965224248	0.256099816366159	-5.86615660917429
22862	0.195771305521686	11.4526279915687	1.95342994297209	0.0531342053353506	0.0961631323553891	-4.92283731724349
22864	0.0524930331863688	6.77160753913015	0.765744208534504	0.445356653968072	0.54721958357727	-6.50148640035718
22868	-0.183650741472313	7.51261934248584	-3.42335001652377	0.000850947102516274	0.00279337837529008	-1.23153815248966
2287	-0.0310322152246496	11.1027715000632	-0.438114818886062	0.662103574694025	0.742865461419811	-6.69726023690868
22870	0.100488492421714	7.03442045362925	1.55908644778238	0.121652462326749	0.190745888158493	-5.59466702645281
22874	0.457967952627518	9.60618229047519	4.24891933616745	4.3111549454118e-05	0.000210960544129748	1.56588018708785
22876	-0.272365891437532	7.0196866180561	-4.69852558261744	7.14580395831087e-06	4.54382915285972e-05	3.27483417097077
22878	0.0211908751111177	9.78806931304943	0.399707194117341	0.690094371271052	0.767804351656639	-6.7132616147885
2288	-0.340621411872092	9.62361594198421	-5.56448282009591	1.66834010336991e-07	1.79200120335961e-06	6.88020878639203
22880	-0.211035900993525	7.73204770001905	-3.16567852704261	0.00196872826180864	0.00580774837233549	-2.004918374672
22883	0.439540397958881	10.2388296169073	4.83360934798226	4.07504335243114e-06	2.79189912060081e-05	3.81134072974536
22884	0.209331093788984	9.57865646885705	2.51629359195934	0.0132020036605055	0.0297297028996115	-3.72212775313512
22885	1.14128752378611	5.39698451732497	10.0274972205543	1.7165722682089e-17	9.45259129027032e-15	29.2619814289321
22887	0.0816072517712384	10.2498156688648	1.34425706326482	0.181442486480113	0.265635402042846	-5.89974756162846
22888	0.0875558856302903	5.30302469098495	1.42548898797923	0.156654321360502	0.235909698165497	-5.78951287077866
22889	0.0246533421633829	10.1630011635106	0.455331173850249	0.649707247515006	0.732839255014877	-6.68961291692509
22893	0.0167498543476055	5.42235376013975	0.21065439958071	0.83352009232663	0.880644149733686	-6.77067761488791
22894	-0.0430721902120359	6.3587287611456	-0.683502929528881	0.49562828764431	0.593538335033848	-6.56057689295235
22897	-0.0147013027108693	5.43634157351409	-0.186357254049464	0.852484433945443	0.89371203780409	-6.77547996452013
22898	0.324999184613143	4.75686226680069	5.37173225564971	3.97055600243742e-07	3.75249343022118e-06	6.04519605076083
22900	-0.0623003450381226	7.77482444994268	-0.845709761717978	0.399425378509934	0.501635035197211	-6.43766790117868
22903	0.736202717521142	9.90997951226965	7.76459891132133	3.29061038888957e-12	1.90073019665929e-10	17.3927094204415
22904	0.179014509639908	6.94631300344051	2.68726577788886	0.00824398315396154	0.0197188430868634	-3.30340626365727
22905	-0.292348233627963	7.55388904684342	-2.83718338324827	0.00535834641958152	0.0136310260011529	-2.91630561531106
22907	-0.00122777245313835	8.49527615463223	-0.0198599199168435	0.984188641787681	0.990186032295532	-6.79257654484615
22908	0.140634582822342	10.0745258516949	1.60087747681282	0.112076458006533	0.178785543285818	-5.53027885145938
22909	-0.0377248342015688	7.0339713615534	-0.487681689242131	0.62667968142646	0.711626913470245	-6.67444893414339
22913	0.0800991635733691	9.5956829809317	1.34221512223253	0.182101567528549	0.266480283985836	-5.90243785442472
22916	-0.143741189443236	10.1330781421745	-2.28358351667792	0.0241840126156437	0.0494822750074851	-4.25215179941849
22918	1.28388081021339	10.3519863410784	10.805719736255	2.42199776517505e-19	2.50071269254324e-16	33.4212758934744
22919	-0.0283815473430626	11.7804393816479	-0.699658285393452	0.485516952638463	0.584772532632503	-6.54949397410826
22920	0.0625163465560064	8.58310631559486	1.00930713251829	0.314891378081268	0.415495652228637	-6.28764752876141
22921	0.408869145617612	10.9525177518034	4.46852912991083	1.81765999782403e-05	0.000101365221127008	2.38545956032865
22926	-0.361478717976224	10.3255171728444	-5.88919266814986	3.73552986632252e-08	4.83314542116254e-07	8.32460382596282
22927	-0.0473072190019043	5.83390377499575	-0.574888066617553	0.566460878371602	0.659380898442705	-6.6284135961972
22928	-0.105883165242918	9.11859602967365	-1.54611771404695	0.124752422812455	0.194609067503471	-5.61431614267683
22929	-0.0446428381200256	9.80929694471336	-0.598672856471373	0.550537935190288	0.644927129818675	-6.61455348646273
22930	0.0819249016643564	10.2530027596959	1.64969326423145	0.101663768233043	0.165462395557607	-5.45300528824079
22931	0.343505276890659	8.26839816983709	4.69407009105881	7.27821160449854e-06	4.610278209598e-05	3.25731371479355
22933	0.249411248364089	7.06894249494468	3.77735486872367	0.00024980975443045	0.000969200832125653	-0.0894312912480038
22934	-0.0428943841583098	10.662260864407	-0.703136031491969	0.483355180371869	0.582933828277359	-6.54707458229183
22936	-0.149398728821601	10.0652091398338	-1.20544842736967	0.230440634771654	0.322562217118092	-6.07357582346477
22937	-0.384836116007767	11.1991863659154	-4.08658952669273	8.01568216927242e-05	0.000361608633325737	0.979528603380737
22938	0.00877004973453136	9.0264673488526	0.201448294587269	0.840694714729529	0.885567481003047	-6.77256632693288
2294	0.997447650343675	7.25693508359243	8.81868680263381	1.22099172336657e-14	1.73886062672549e-12	22.850973557805
22941	-0.122879244100693	7.70122420897751	-1.54796595884126	0.124306856021137	0.194244160184372	-5.61152546361245
22943	0.513276398012652	10.1106253932834	3.19075915131191	0.00181806727622844	0.00540966703949817	-1.93185754471971
22948	-0.00286622128247187	6.96154359748318	-0.0273078929433246	0.978260265546592	0.986982996630616	-6.79240159070168
22949	-0.261122532769536	9.14701456886983	-2.44321596071448	0.0160371420581872	0.0351370804776198	-3.89357583235866
22950	-0.00778093737524249	7.41305152254986	-0.161916577264378	0.871648317554401	0.908296242194229	-6.77971798582359
22954	0.222426374670024	7.20391922683441	4.1173128379067	7.13657807009128e-05	0.000326582464592543	1.08920330155008
22955	0.272597231718629	8.08347609944853	4.28945977546233	3.68354323936642e-05	0.00018507340119931	1.71493084423229
2296	0.984476119165111	7.69723829360252	5.18613657470963	9.00554484190448e-07	7.5518579080336e-06	5.25801274504719
2297	0.754593638232709	5.41885378572274	5.92554811275309	3.15086711668952e-08	4.19776812642829e-07	8.48911437649538
22974	-0.545211015992071	8.0194698245357	-4.43490280505996	2.07837142201155e-05	0.000113315828025184	2.25805285445893
22976	-0.262506708898457	8.52436960472196	-3.62068376085856	0.000434133621188403	0.00156454786693552	-0.605952920043384
22978	-0.0110595536827967	10.8490844319775	-0.23480566134449	0.81476631056665	0.86670569546433	-6.76532204259778
22980	-0.0682401648344169	11.6867895878468	-1.54611771592525	0.124752422359002	0.194609067503471	-5.61431613984237
22981	-0.158777297042861	6.19082758025437	-1.91311410677235	0.0581552173034932	0.103951978993043	-4.99805763874125
22982	-0.0151816823708152	6.09590160459916	-0.146899092857227	0.883462213764416	0.917219442646314	-6.7820271247409
22985	0.00912490630470785	9.15550546254689	0.17870085487274	0.858478880596836	0.897826735088613	-6.77687153430401
22990	-0.0154284000143979	8.64252602578572	-0.272825394267548	0.78546404863645	0.844563009859031	-6.755715688391
22992	0.0517819552326064	8.832116386585	0.735500003389442	0.463493624920607	0.563671575654331	-6.52398948426243
22995	0.00193361610122289	8.32965388554718	0.0247959961553855	0.980259545096873	0.988396465148947	-6.79246677033635
22998	-0.281614195229238	9.97318872921531	-1.93453301279837	0.0554400692917081	0.0999040966044409	-4.95827792133121
23	-0.272446292678688	11.0737529723107	-4.63868783632195	9.13586541171359e-06	5.63151106722047e-05	3.04048107948555
23001	-0.138675213153328	5.45096346477868	-2.01543571963865	0.0461300341961557	0.0852806809445493	-4.80428500132101
23002	0.631330000877228	9.22927133685964	6.44627572373694	2.60776152508294e-09	4.87332809891065e-08	10.9018176100247
23005	0.0232585192950965	5.02880361126196	0.36345375047085	0.716915915400426	0.789753807172938	-6.72702308526191
23008	0.296824187645268	5.76493246279077	2.86001244222418	0.00501080699577972	0.0128858237189105	-2.8557497919113
23011	0.018299799090577	9.88735170140965	0.373385392552057	0.709531206548116	0.783310313564212	-6.72338283677394
23012	0.267043865905533	6.10225550421363	3.29877025091647	0.00128387123378989	0.00400180241173756	-1.61171723059657
23013	-0.0625492698115564	9.4996622718901	-1.15760956057379	0.24935989988553	0.343686429677036	-6.1292081758745
23014	0.00870198961951055	10.6828006397807	0.185080943926467	0.853483109855571	0.894118676705741	-6.7757159889079
23016	-0.392299747804784	9.06956529676528	-3.80367502584265	0.000227305887488054	0.000890254447914333	-0.000974170691113052
23019	0.107467463984371	10.5404879842563	2.36818882096871	0.0194998389878112	0.0413632948226297	-4.06484634024836
23020	0.133337772623055	7.36615174305233	1.88795776399615	0.0614861676300825	0.108822743652128	-5.04424726026427
23022	0.011032278737303	10.9477668393244	0.150515879561266	0.880614469769538	0.915067998527662	-6.78149151816846
23028	-0.247555908131536	9.68563779897091	-2.53259184705792	0.0126344756425614	0.0286547964875225	-3.68327167604103
23029	-0.0942968685816592	10.2595206476871	-1.53597485997697	0.127220110552884	0.197935225685971	-5.62957393547589
23032	0.10962278434096	8.55016038784525	1.91361092216757	0.0580909937867617	0.10385965555815	-4.99713965099615
23033	0.151499655580699	6.53261421813324	2.3608891893254	0.0198697256100499	0.0419861687232059	-4.0812511935679
23037	0.276274522487411	9.75961808767908	2.8151761674576	0.00571410599055552	0.0144205669055877	-2.97428125090343
23039	-0.0765723782208861	8.74967990238291	-1.28052947874714	0.202868911558847	0.291425601648013	-5.98183796109231
23041	-0.0576779236971103	9.95714636584056	-1.18793998029715	0.237241306885838	0.330092253172034	-6.09419171100017
23042	-0.125661616528624	11.2996762903808	-2.45651802409411	0.0154838596326881	0.0340966890338587	-3.86270649333148
23047	-0.0561753881339393	8.0112556750003	-1.00496944741011	0.316966784980157	0.417600760748605	-6.29196131333741
23048	-0.530570144187101	10.0679299616562	-7.42494789187969	1.91538646018749e-11	7.56990055557354e-10	15.6771386485649
23049	-0.161863454698139	9.39729351335346	-2.53646549872106	0.0125028486602514	0.0283952515627376	-3.67400359236106
2305	-0.395724442268403	7.02366904985531	-3.36817905215218	0.00102229368327224	0.00327273027497744	-1.40133311762167
23053	0.0194952236242452	10.0117103430135	0.298188373099183	0.766083518960736	0.829229441307257	-6.74850817715015
23054	0.206673445647551	10.3782844475773	3.80734781268933	0.000224323248210828	0.000879406753783313	0.0114074297450122
23057	-0.33793651370093	6.77809561760661	-2.95025554049636	0.00382971869122534	0.0102241358725021	-2.61226156502368
23059	0.0126614439772525	13.9942499105995	0.371404833242167	0.711001680919449	0.784304738834756	-6.72411658697935
23061	0.207197896023418	8.77266598039434	3.1508608827601	0.00206311151478239	0.00605589947125179	-2.04785475472336
23062	0.00705771179199058	8.02414205582454	0.124939905259853	0.900783608104947	0.929721913255281	-6.784999484116
23063	0.204535450985498	8.35709414545295	2.69591150795574	0.00804531879051177	0.019279017554956	-3.28158443253989
23064	-0.240787781763495	6.69714968949776	-2.89259319084889	0.00455048342379123	0.0118496195083593	-2.76859741436772
23065	0.0662073183516623	9.50401497410529	1.21571405430679	0.226519099208654	0.318422014884868	-6.06135141574676
2307	1.16697394663446	5.68925158055385	9.23547247724662	1.28428083541301e-15	3.31504990640983e-13	25.0491958902057
23070	-0.0537475312509606	8.93803100414715	-0.86773173859226	0.387301473575715	0.489385065280007	-6.41899366323285
23071	0.319695287002005	6.24690700387762	2.83773796784041	0.00534964875386239	0.0136236325248433	-2.91483954194207
23074	-0.0487445208158183	7.22499672564729	-0.743894835853302	0.45841799675488	0.559393212172449	-6.51783338270908
23075	-0.223380041778049	11.3283393577657	-3.56866707470765	0.000519714286650112	0.00182441139300039	-0.773594414310443
23077	-0.0670686377449168	8.48774558971983	-0.888765262155795	0.375936421746409	0.478008792151404	-6.40071524641565
23078	0.183393226389712	7.32260647645431	1.83738451219924	0.0686677361396938	0.119409579055552	-5.13536261052906
2308	0.343288257800065	6.35593365830593	2.41066414854885	0.017465991943725	0.0377075518701434	-3.96847826628176
23080	-0.770243942563896	7.58162678074865	-7.49573391519829	1.3296030772303e-11	5.69042560514107e-10	16.0325470527862
23081	-0.123948016340687	5.58459934719717	-2.12503861699343	0.0356681232284377	0.0688013651435942	-4.58630121338523
23082	-0.329556434797386	9.50030640370895	-4.48206444906349	1.72188229939825e-05	9.70173792157541e-05	2.43693550574163
23085	-0.00320630104845546	9.15998832520667	-0.0558012955491001	0.955594423354879	0.970814417846077	-6.79122227876536
23086	0.126930050717033	8.18559163051111	0.916438813097551	0.361304898134335	0.462790034312002	-6.37600883920071
2309	0.253298672830484	10.6473705096766	3.22845986995669	0.00161166656995867	0.00488527187811324	-1.82112490012218
23092	0.416266478906957	5.44485369857796	3.57856408961484	0.000502292902980031	0.00177482071353342	-0.741847554685461
23093	-0.229278762820543	7.56049683643169	-3.47874913825405	0.000706309857188663	0.00238030168110092	-1.05877665685929
23095	0.379418758030638	8.97857408675088	4.65498247386303	8.54628565622883e-06	5.31568671087727e-05	3.10409491886408
231	-0.000600536066590743	12.9557503418992	-0.00930311856790026	0.992592993712929	0.994598721478543	-6.79272986764854
23102	0.258832346592656	10.2216554805929	3.83215664662346	0.000205129541807035	0.000815384992938456	0.0952855291340899
23107	-0.310896178497598	9.7254720503124	-3.82780775303218	0.000208377154301111	0.000826702831185002	0.0805514388023489
23111	0.14581804272358	7.71773139568783	1.83512357803071	0.069004457710908	0.119879175149624	-5.1393815469306
23113	-0.200944186773506	6.24354060711598	-2.41598007338649	0.0172251915536767	0.0372851368536085	-3.95630826345532
23118	0.383576477923185	7.66907197639653	2.9874836874539	0.00342183990089443	0.00931895732983449	-2.5099168595743
23119	-0.358767603320178	10.6273567867523	-5.5409350083083	1.85639203530982e-07	1.95584160862998e-06	6.77727318791656
23126	0.0419650374372331	6.40272556624626	0.41943175925441	0.675662795324485	0.754356433267409	-6.70522666872109
23129	0.155963524717612	6.48171954628034	1.89660059786167	0.0603241672260686	0.107064379305399	-5.02844293774267
2313	1.09674214361842	8.15001213748049	9.00126796942688	4.56200409948595e-15	8.72909507513165e-13	23.811854150909
23130	-0.160220754682093	8.95977503081488	-2.68785447355138	0.00823031616224321	0.0196936302144058	-3.30192235896616
23131	0.120685844941049	6.33122484329395	1.58069498464879	0.116623140491936	0.184370111615214	-5.5615780908879
23132	0.0762836372197378	8.86540548833693	0.967842175455621	0.335101611956846	0.436308214811404	-6.32813655009906
23136	0.0769291116596748	10.6643092425767	1.38439170597243	0.168849524593004	0.250529382636646	-5.84606537567177
23137	-0.105916824063333	6.08392578687998	-0.826156836485638	0.41038150303353	0.512899260865026	-6.45385097453698
23139	-0.148625046917411	6.71737779130853	-2.10721115636788	0.0372156930965187	0.0712402375381795	-4.62248656577306
2314	0.0460435645240581	7.56963398530281	0.628787843186556	0.530702588909755	0.627573856033582	-6.59620367730023
23140	0.0393356758016118	8.52243177548973	0.631455470516188	0.528963418470869	0.625696382152281	-6.59453510129057
23142	0.268562151100994	8.4081655882667	3.80899855717661	0.000222994844863116	0.000874614158864834	0.0169754046701271
23152	0.0788749173129462	6.53546969903752	1.1479452432269	0.253311815348345	0.348468490631088	-6.14017972334041
23154	0.0623300124888738	6.45406312919989	0.901911411504106	0.368940169346182	0.47059782932088	-6.38907176145396
23155	-0.321330801666076	9.55791257766738	-4.18773828160152	5.45647597713231e-05	0.000260072080618078	1.34290668075403
23157	-0.200549084842933	7.74847766459036	-2.22307055541514	0.0281147081339699	0.0560259322524949	-4.38229612147566
23158	0.438658712697656	9.77594025719208	5.20551888994228	8.27361815379923e-07	7.01643592919729e-06	5.33942299950661
2316	0.0514116837154165	6.73000816743223	0.499160200748471	0.618595356165426	0.704577722273362	-6.66881943352896
23161	-0.0579965045278492	8.99277056438105	-1.25270652993828	0.212788034752054	0.302697497287648	-6.01646268046713
23163	-0.105504831209983	7.54056458767181	-1.3003087942516	0.196027717143802	0.283168869344862	-5.95677362096064
23165	-0.232041122887916	10.0145356367006	-3.39390939506426	0.000938707960778334	0.00303829457524649	-1.32242642945801
23167	0.151583896471924	10.2562231625056	2.79484619729415	0.0060617870767826	0.0151361430635503	-3.0274881956502
23168	-0.182416147646433	6.3589402206014	-2.73769577206929	0.0071450234487892	0.0174557508686775	-3.17525048602984
23169	-0.185587175760759	5.6166059544327	-2.4750381525791	0.0147418794332743	0.0326630697743685	-3.81947637577462
2317	-0.427198038170842	10.2971160761041	-3.98959105601397	0.000115233321347605	0.000498078092271701	0.63732589837264
23170	-0.472672364659177	7.85063771207144	-3.63551596788762	0.000412287007938093	0.00149494762316446	-0.557796370811959
23171	0.0284124853129083	11.3725257189684	0.413560473133625	0.679946245513901	0.758454556103285	-6.70765871144048
23172	0.141605415272278	9.33112404710342	4.04845734969104	9.25145672202353e-05	0.000412618966111848	0.844262661749509
23173	-0.296684493918452	10.209654435888	-3.81685194952726	0.000216776756419666	0.000854690218628375	0.0434906714761025
23174	0.337785134734432	7.56283174325969	4.27979456214698	3.82466822188555e-05	0.000190656363987777	1.6793022274173
23175	0.239159806138039	9.67239323689998	3.32625579456422	0.00117357786655572	0.00369426569274018	-1.52883886970398
23177	-0.379992257626103	6.92199783486222	-3.34097184502775	0.00111823400635081	0.00353757674931354	-1.48423134702074
23179	0.740057614783527	9.52839663157954	9.18058664480457	1.72924865794213e-15	4.20105703370647e-13	24.7587863093658
2318	-0.607085845390891	8.90693865718237	-4.99485376904797	2.05870982296919e-06	1.5558044956748e-05	4.46489332796614
23180	1.2362507570968	9.60326146963407	8.85909994309	9.82217261741389e-15	1.50863586024315e-12	23.0633499537962
23181	-0.527968247510418	6.97336254441728	-6.597382806915	1.24352469488877e-09	2.67379406530044e-08	11.6202237072688
23185	-0.149572414739437	10.3339563437952	-2.21657023742579	0.0285684306719055	0.056834113041893	-4.39608547134802
23189	0.31256467412895	9.76005465849674	3.62304017760269	0.000430591177887893	0.00155381525965662	-0.598312693420509
2319	0.103673550357881	11.6360066435923	2.11630991018691	0.0364187599456044	0.0700115862133823	-4.60405360727919
23190	-0.091544772779817	10.8764523820655	-1.63546988208278	0.10461387501038	0.169101880153765	-5.47574929060475
23191	0.218207247176408	9.79338807501391	2.67344783359522	0.00857074068604213	0.0204018207685037	-3.33815417319026
23192	-0.27434628453319	8.69535092992174	-2.27449869197723	0.0247414932394293	0.0504230777591133	-4.27189457493135
23193	-0.129637301084089	9.43070411449275	-1.91009327235905	0.0585470090866408	0.10453919045734	-5.0036345490155
23196	-0.172258155910533	12.3131736059923	-3.33608363368541	0.00113634059478261	0.00358524572685423	-1.49906660010151
23197	0.0496018330414068	10.5641343179136	1.18964529607441	0.236572678057078	0.329304064838468	-6.09219667022195
23198	-0.448746145269705	10.1117074029866	-6.11214405811366	1.3048382601675e-08	1.9560733264943e-07	9.34184259145713
23199	-0.185217547502461	10.7116852109079	-2.76250282671047	0.00665485888060909	0.0163989064301405	-3.1114406745629
23203	-0.193185801495901	9.40127372494059	-2.48146137633585	0.0144920536191942	0.0321699443414524	-3.80441487107063
23204	-0.183578168987659	12.475713064707	-3.00878265159222	0.00320688648199547	0.00880614439537319	-2.45086850739958
23210	-0.0476885375239537	5.94295920256334	-0.450654752675445	0.653064903458179	0.735722327136465	-6.69171918721773
23212	-0.58239918562753	8.40234716595618	-5.29742024920724	5.52193635804153e-07	5.00122744708586e-06	5.72797914546648
23214	-0.153555609201879	9.58424913702997	-1.82011031521405	0.0712753971666987	0.123243621644742	-5.16594993119676
23215	-0.442961795575683	10.5921078576277	-7.2400206137984	4.94348966067575e-11	1.70850312122099e-09	14.7543502069551
23216	0.297716584194125	5.977963821054	3.81796603590472	0.000215908122825105	0.000851671964916603	0.0472555800033501
23219	-0.122489305217894	8.86978514871477	-2.20769679328427	0.0291981005185564	0.0580029606260885	-4.41484909577887
23223	-0.897129969607908	7.26901000238504	-6.86978224526271	3.21462554795397e-10	8.32376395802502e-09	12.9339206563099
23225	-0.478220123698968	7.07377138000708	-4.59023542731151	1.11308546517242e-05	6.66238111762625e-05	2.85223252143623
23228	0.422513722505364	10.1787447471493	3.72300826835566	0.00030314593534005	0.00114651347340147	-0.27055757194265
23230	-0.0763202885799677	7.45453591535202	-1.32122225382142	0.188982060844837	0.274822503975062	-5.92986628237765
23231	1.75938877269107	9.08344298144226	7.34313755076556	2.91647960888439e-11	1.10505144813693e-09	15.2678638223067
23234	-0.0868161976775361	10.6780292711966	-1.42055496162964	0.158081691525868	0.237669234074203	-5.79638684887841
23236	0.971832192506183	7.5217426577134	8.12121981372927	5.05181151820126e-13	4.01230414810984e-11	19.2192834400119
23239	-0.0123829177225374	7.47604859557917	-0.174642667381511	0.861659546044021	0.900527391453917	-6.77758546414638
2324	-0.176015131325698	4.8475703249785	-2.26249189271997	0.0254955538130803	0.051805193878874	-4.29787676515786
23253	0.359481620688536	9.06447793965194	4.10088923234104	7.59433930249272e-05	0.000345806188746361	1.03049870684086
23256	-0.0790792913026794	10.7397904711781	-1.41431877432484	0.159900011322482	0.239874625665382	-5.80504202739813
23258	0.0952991951454333	10.2088298217667	2.17993694035107	0.0312467047240162	0.0613641894960471	-4.47310217878894
23265	0.206124394986875	9.77502468147944	3.69020361855452	0.000340391772151013	0.00126479353934654	-0.378888884577004
23266	0.88230305280947	8.23840483899831	6.94350220316461	2.22080568154568e-10	6.11461830985577e-09	13.2933294492621
23271	0.0581138965662981	10.2726031586706	0.927874643212238	0.355365600161718	0.456645901887958	-6.3655811168731
23272	0.138146252458962	6.59827220367928	1.78108521778453	0.0774699642774777	0.132347860378897	-5.23404563515057
23276	0.00422464542497153	6.61945919720634	0.0643099779013645	0.948832166426734	0.966143206938464	-6.79071332877737
23277	-0.286243270932922	7.29470865094944	-3.23126818845979	0.00159720069906575	0.00484854015960424	-1.81283291382993
23279	-0.0391402134069128	9.93364074082349	-0.701966667427248	0.48408146781113	0.583724514470063	-6.54788941067707
23283	0.234355500389737	6.52656140157214	3.42307010006109	0.000851743975521543	0.00279404497132961	-1.23240532548515
23284	-0.746259361870256	7.03540598116641	-4.71290722370906	6.73413945146663e-06	4.3163981947463e-05	3.3314645994414
23286	-0.187642722034212	9.65443592495459	-2.34016006274665	0.0209541451807054	0.0439627226803725	-4.12758580762046
23287	-0.327387505396537	8.18119958455573	-5.19083825815162	8.82240137447254e-07	7.42844397075874e-06	5.27774354903315
2329	0.306736688020647	6.53209990800142	3.20302504948189	0.00174835809427076	0.00524570935658425	-1.89595034192292
23291	0.198115941171571	9.72294456178769	3.20185145935014	0.00175491854100624	0.00525775377174883	-1.8993909073879
23293	-0.105053262319945	5.69925412121882	-1.53739430720214	0.12687247140544	0.197505958124564	-5.62744447813796
23294	0.474483753234144	10.1327230684751	8.66848909339916	2.73677646295785e-14	3.47781132062028e-12	22.0633226354886
23300	0.36121400339915	9.36735153277723	2.28985380663282	0.0238057042337382	0.0488898848758521	-4.23848348961956
23303	0.16014922832045	6.77016285399087	1.73805251827754	0.0848087661120161	0.142556045601395	-5.30751283053838
23306	0.177604295949045	8.6417737192165	2.59299235001224	0.0107171357432173	0.0248104095400715	-3.53731825136661
23309	-0.1465616338644	8.90125314341264	-2.07018149995156	0.0406159836634962	0.0765954395115247	-4.69674405606795
2331	0.353670493565986	8.45138632843658	2.80541941287505	0.00587862651318008	0.0147411824526009	-2.99985834805725
23317	0.0715912671954157	8.3398829547245	1.3948679852435	0.16567431764738	0.246801215533194	-5.83180124723455
23318	0.181555771286361	7.73182407838634	2.72822924100758	0.00734056798547975	0.0178595262327136	-3.19946735809769
23321	0.411747993931967	6.76468764426206	3.17713989175806	0.00189849365328919	0.00562466197136612	-1.97159108796464
23325	0.31959218681402	8.2686845801115	1.82159394443551	0.0710482521038893	0.122953815708805	-5.16333358897417
23327	0.637488073555311	6.95438783243003	5.93000596553895	3.08567677808158e-08	4.12422171309933e-07	8.50932372156988
23328	-0.354361769149142	10.392889526443	-2.81624229319363	0.00569638596712439	0.0143846371410723	-2.97148173136243
23335	0.319726997038247	7.11596447379825	4.73398978121134	6.17191233440584e-06	4.01854386902638e-05	3.41469324591042
23338	0.213513138951774	7.60984089631949	2.1112449380248	0.036860549365744	0.0706750551905862	-4.61432369693137
23339	-0.107602021155378	6.72495769831793	-1.35406759421508	0.178300905574437	0.262151206843155	-5.88676674223909
23344	-0.00509940316532806	10.1628620736731	-0.0944765636602957	0.924890750168345	0.947723309315287	-6.78832794613485
23348	0.197833380854824	7.13111374474833	1.86102284127995	0.0652284807552807	0.114538106088142	-5.09306472260468
2335	0.256750941241943	7.03160245491396	1.33522056689445	0.184372845027138	0.268924545280622	-5.91162324392745
23351	0.387720115033969	8.08364529076355	3.72610776219214	0.000299834051362661	0.00113763402124739	-0.260283015492901
23352	0.188004180613726	9.29553788351672	2.35457117138865	0.0201948661208195	0.0425643261439064	-4.09541285767164
23355	0.106173735718552	8.00148423150243	1.74001844286661	0.0844615029011116	0.142116930935665	-5.30419368459141
23357	-0.235677797569244	7.25639200643695	-3.15956168589689	0.002007193203443	0.00590855875282935	-2.02266341173286
23360	-0.188833459518759	10.3217515546913	-2.99054343153764	0.00339016412837489	0.00925099296345444	-2.50145626535416
23362	0.437689058835843	6.22257222512628	3.83419824859405	0.000203621600256631	0.000811343182884597	0.102206971162301
23365	0.23882809734593	7.74564452371297	3.42180067610945	0.000855366606457349	0.00280258951580234	-1.23633723654672
23368	0.325585340202668	6.82613908951882	2.97392441568764	0.00356552155040484	0.00961829131493925	-2.54732058645797
23369	0.151194270954289	9.76373107144236	3.05105927814172	0.00281667663091778	0.00788936892891856	-2.33260090535217
23370	0.131793235388054	9.72996724485314	2.58438799389496	0.0109732203297952	0.0253181005374605	-3.55829755440794
23376	-0.282334827715547	7.09811508015814	-3.76158725047612	0.000264288284218457	0.00101630410970412	-0.142193402474081
23378	-0.196213484188526	8.48005533686854	-2.25831264950678	0.0257627067426789	0.052144071966314	-4.30689091942358
23382	0.311169250370605	8.08144848893573	4.01209707387588	0.000105980524135506	0.000464402721145508	0.716172194012118
23384	-0.0605260759581517	10.5477686854281	-1.03716881733776	0.30177671529846	0.401009599157864	-6.25950429650356
23385	0.0309453676489808	11.993999706928	0.560133754935655	0.576449467073211	0.66869585943853	-6.6367306170958
23386	-0.00443949233089809	7.6188672191211	-0.0561421361218768	0.955323475497937	0.970814417846077	-6.79120327757711
23387	0.551504174627882	9.69878196816612	5.79106783767239	5.8984307575827e-08	7.20725415053744e-07	7.88332657707214
23389	0.605214506902483	6.54050502880978	5.18493501562321	9.05294038904682e-07	7.58390340907979e-06	5.25297214168944
2339	-0.137312295946408	9.29547912111796	-1.42687324495667	0.156255651267234	0.235352239144303	-5.78758021932353
23390	0.0344268233920454	9.03685452569774	0.686879627361877	0.493505506925676	0.591591941539213	-6.5582816339455
23394	-0.0223079116996671	9.81170398279028	-0.632493176857553	0.528287676023177	0.625059035051339	-6.59388413025909
23395	-0.157033510307998	6.95727141711885	-1.62611897581772	0.10659060283657	0.17165887686295	-5.49059943301297
23396	-0.29392039955936	8.52178062460149	-2.78521968463758	0.00623305982122889	0.0155168999768989	-3.05256478433469
23398	-0.116123551529629	8.88739340002133	-2.01397590402059	0.046285409511941	0.085495538631286	-4.80711586017046
23400	-0.103514783612374	7.32608885053467	-1.29276379461304	0.198616876628511	0.286163509672336	-5.96637868602985
23401	-0.216767084666238	9.84660581015809	-3.49507386194961	0.000668316352948788	0.00226807519780188	-1.00743854514095
23404	-0.301932465754667	8.14599576210707	-3.34714518309473	0.00109575306580069	0.00347844747252639	-1.46547025856322
23405	0.343919028380084	9.3852820433625	2.81035237480435	0.00579491292821949	0.0145666405316777	-2.98693639552522
23406	-0.529304262759388	8.50121145709914	-4.44173284187619	2.02265668631504e-05	0.000110915988352985	2.28387594958394
23408	-0.000305049421637815	8.38239328307815	-0.00528738879680323	0.995790217285089	0.996755598009553	-6.79275904710414
23411	0.0177774144484533	8.86973532904411	0.295633957554455	0.768028942192158	0.830573325806131	-6.74926303024381
23412	0.193224184976379	10.9317548856925	3.78187541636398	0.000245799786785041	0.000954988823539247	-0.0742726727000562
23417	0.0410298735146846	6.18517088513433	0.500725126061658	0.617496760561991	0.703458642874373	-6.66804183294764
23421	-0.110771288785956	8.13157122096418	-1.09298977119588	0.276623400242302	0.373534295569955	-6.20085746089312
23423	-0.573494100124167	12.4281494757033	-7.2677183034474	4.29127581231457e-11	1.52128490170465e-09	14.8920190025281
23424	0.986674459082478	7.18803178712833	7.52843424256952	1.1228483187032e-11	5.04061256113504e-10	16.1971236590238
23428	-0.282746076953125	9.0698597324887	-4.35541122333384	2.84589983477675e-05	0.000148685215909272	1.95959767221803
23429	-0.0264720257914397	11.4700309545498	-0.241066717033591	0.809921545497597	0.862440629858212	-6.763838944816
23433	0.527017876457203	9.69051493796617	4.3236624512955	3.22325829413338e-05	0.000165264515887906	1.84147919029575
23435	-0.0204586760960431	7.32152599701657	-0.327554381788903	0.743828709578358	0.812379365478941	-6.73936455837191
23438	0.0011667357946875	9.72139275106819	0.0224694387814314	0.982111420818987	0.989696086796824	-6.79252153467715
23443	-0.18487245197519	9.4663926093068	-3.16154758241412	0.00199462924384821	0.00587366757725	-2.01690546681087
23446	-0.0791167299560105	11.9532060805819	-1.19866641196512	0.233058079501824	0.325508917261594	-6.08159644651089
23450	-0.45323459203106	8.24754283412649	-5.0611091314801	1.54916777020697e-06	1.21867864589615e-05	4.7374625599133
23451	-0.0835727508842867	10.9048774449385	-1.65517437626177	0.100544977010988	0.164001088094542	-5.44419050228523
23456	-0.0470902883537323	9.09727819207244	-0.671871478840781	0.502978103397072	0.600549166530763	-6.56839728753029
23461	0.216847804989388	5.19705646944749	2.75554558877356	0.00678914323659215	0.0166949458571751	-3.1293873718833
23462	-0.45585705854392	8.99248157880754	-2.81710036496539	0.00568216046966513	0.0143531025930991	-2.96922786513411
23463	0.216805556501216	8.76864152859177	3.20510096822873	0.00173680946142829	0.00521674405505371	-1.88986186997017
23468	-0.254625953573185	8.88564785500117	-3.11807384593132	0.00228708664749338	0.00663785513292176	-2.14225593609158
23469	0.133615957220169	10.6490030753574	2.80021084750792	0.00596821403834744	0.0149250523635331	-3.01348072503563
23471	0.0666108959034349	12.6257734194135	1.97201201735912	0.0509464112809274	0.092670635802788	-4.88767266547577
23473	-0.168508790390099	8.47890754435334	-2.25955752945586	0.0256828741039547	0.0520462561576707	-4.30420745079662
23474	-0.063938612549704	6.04739871234361	-0.739555609718798	0.461037600872752	0.561842812512383	-6.52102406735244
23475	-0.0150672947656584	11.2440810143673	-0.258914500233182	0.796152072598677	0.851731138410189	-6.75939726199959
23476	-0.280972057827981	6.03410259169233	-2.92004469402931	0.00419309763636445	0.0110232293050192	-2.69450237937622
23478	-0.337666148306964	11.743191847358	-5.43811531366065	2.95101730226009e-07	2.90529236193902e-06	6.33080853661549
23479	0.0501847266102105	11.4374417332263	0.766801910977998	0.444729867766798	0.546728487535906	-6.50068317309919
2348	-0.264719378025705	10.8193347578849	-3.57445090073672	0.000509465176528224	0.0017937691211096	-0.755050079676294
23480	-0.183074817731295	12.7303272589088	-3.97275727863072	0.000122653292662856	0.00052566617438468	0.578571564322201
23481	-0.288413672560956	7.56878599336124	-3.42421782687469	0.000848481046920228	0.00278998942976158	-1.22884933328328
23483	-0.260549769170066	8.47987754232201	-4.32619716475713	3.19144393042008e-05	0.000163836711406276	1.85088645922163
23484	0.528997090966847	9.93039179244506	9.09187676211349	2.79534728129867e-15	6.07620224829658e-13	24.289962053321
23492	0.410260612078029	7.42753990679577	3.99164942916798	0.000114356016484084	0.000495322861121411	0.644523110529618
23498	0.183036191876563	5.75694838523275	1.51847945126182	0.131566840617665	0.203509757210095	-5.65566538719274
23499	0.0329870058965718	9.37565165959296	0.659851891424073	0.510634034924125	0.607331326306433	-6.57633870478505
2350	2.51537484828095	7.84732551151481	7.23365442990432	5.10675911734235e-11	1.75028341532148e-09	14.722735433221
23500	0.812353578568697	6.39609779944846	6.93324492235811	2.338290954308e-10	6.33255189592922e-09	13.2432269387988
23503	0.0112244307712803	9.3770230931131	0.208014513169478	0.835576035887343	0.882139322140779	-6.77122783355889
23506	0.136890071602079	7.89140753208448	2.11046687156008	0.0369288237552611	0.070773105387113	-4.61589933886217
23509	0.0547572816125122	12.9800699752675	0.61703551224347	0.538399410210079	0.634495524088351	-6.60347109841932
23510	0.225644665037687	6.99318822227248	3.0191902483223	0.00310644708714809	0.00857595352267486	-2.42188436768395
23512	-0.0657025893153868	11.7123635469491	-1.18748824144945	0.237418653280273	0.330092253172034	-6.09471973012309
23513	-0.13855515981871	9.33288137704357	-2.62344318551321	0.00985351013873129	0.0230566554521021	-3.46257409101049
23515	-0.213462271572733	7.40899323761487	-2.08896753202572	0.038858979885689	0.073766518327873	-4.65922410005011
23516	-0.456454298069105	6.51716824527323	-3.87789149934998	0.000173768176331933	0.000709152735425774	0.251019294006552
23518	0.0125778317510758	7.49758523365089	0.0942833195034361	0.925043921074254	0.94776268767965	-6.78834611071761
23521	-0.107592537254842	12.5601841180786	-1.29781576861083	0.196880444327214	0.283958873780826	-5.95995334256751
23523	0.0750145161962747	7.10622789281821	0.948282033398876	0.344922831084989	0.44571841619253	-6.34665620609525
23524	-0.317341823748102	11.6094752866085	-6.42059957600125	2.95525799060234e-09	5.40333287852111e-08	10.7805183736028
23527	0.0786442367643071	7.92925414015074	1.45093957348455	0.149448421812135	0.226461927016738	-5.75369030011913
23528	0.245357429266963	9.23312059793767	2.61444330168849	0.01010198120281	0.0235646327972918	-3.48474586275601
2353	0.171569973729006	9.32621563269898	0.774768476277321	0.440025346972811	0.541993642409099	-6.49459803973465
23530	0.409443968419144	8.0823052471885	4.86643872043254	3.54997908653939e-06	2.48078064761551e-05	3.94326015887893
23531	0.154303053560841	11.8089241753647	1.59742188696423	0.112844724802321	0.179704067439892	-5.53566479192846
23534	-0.46153430372994	7.39275477101256	-4.98850357486475	2.1153476332784e-06	1.59423097179558e-05	4.43889064312454
23536	0.039618979337184	7.99475522264876	0.599036037891937	0.550296539919491	0.644853431316164	-6.61433752116117
2354	0.143027625530684	9.63811408594735	1.10106814316989	0.273106706570726	0.369752728450122	-6.1921206011576
23543	-0.000835875536061708	9.8588340847133	-0.00920371136809833	0.992672137998682	0.994598721478543	-6.79273078385233
23545	0.0192364242926865	7.07796673235024	0.278693386176567	0.780967675710974	0.841151780072063	-6.75410500853649
23549	0.259065075173801	7.87377557528395	4.35351104372261	2.8672342488158e-05	0.000149599847857978	1.95251071236845
23550	0.049547059396755	7.69268603807103	0.53633377200267	0.592736988283322	0.682318714784209	-6.64969335108419
23552	0.0259028842676181	7.54638010117485	0.358181023172533	0.720847443527062	0.793153041632281	-6.72891591142852
23553	0.09004597683463	7.47409426921124	1.17175326720141	0.243655273457519	0.337086970228922	-6.11298932984339
23554	-0.567345757742735	8.45981922561902	-3.68450969710071	0.000347282891636116	0.00128462010072294	-0.397614893265204
23556	0.109399864581196	9.06383995243104	1.5137356050575	0.132765319709619	0.204903127952439	-5.6626905273137
23557	-0.105634904819197	8.03612366374907	-1.67746211046686	0.0960976358356457	0.158033996847343	-5.40805993745708
23558	0.159324628155552	12.3183600781053	2.37132348197143	0.0193428782287875	0.0411148157925333	-4.05778753268015
23560	-0.452477288181901	11.6021205240867	-6.60548598296203	1.19486376527284e-09	2.58510011717749e-08	11.6589634222544
23562	-0.0637172749105597	9.25446472621276	-0.900339783808311	0.369772231722914	0.471200036104793	-6.39047261890822
23564	0.210182107026371	6.2479103136159	1.95506874351095	0.052938113619556	0.0958973356476215	-4.91974858931118
23568	0.365159070305484	10.1566478589592	4.99870335698869	2.02509611789952e-06	1.53602331807622e-05	4.48066696806887
2357	1.64126240906617	6.99485108116143	7.7803336694417	3.03100019088032e-12	1.77951395187021e-10	17.4727852559658
23580	0.195813343457379	11.0412637194727	2.70833014083935	0.00776755080169741	0.0187219053463731	-3.25013158936229
23582	0.172934051368614	8.51626894639558	1.4811731498555	0.14122429654342	0.215860971400564	-5.710341264518
23583	-0.121892385328256	10.4618631146443	-1.50325750082812	0.135442822264343	0.208346675292748	-5.67813259518517
23585	0.119635223375746	8.02822223179645	2.1233099709676	0.0358157100600666	0.069040318575531	-4.58982229443204
23586	-0.035271059446577	6.22482552111446	-0.386979612762112	0.699467933841533	0.774789477474998	-6.71824144295769
23587	-0.197697446953976	7.13053990574858	-2.11272909137382	0.0367306185782946	0.0704750080038822	-4.61131668524281
23588	0.106210310525994	10.6366264298114	2.06857216672901	0.0407696231357624	0.0768325546660729	-4.69994361940122
23589	0.182491159253574	11.5115763846397	2.327064585321	0.0216658426290293	0.0451918838676217	-4.15666565065857
23590	-0.444017260854834	8.16788944283669	-4.17045895821685	5.82954880740285e-05	0.000275312024866481	1.28036395577782
23592	-0.1080103731714	10.0238097342515	-1.97958787792854	0.050076633633479	0.091350042803122	-4.87324676398332
23593	-0.0287289416511363	12.3346770967168	-0.48937859159563	0.625481655091702	0.710657286252745	-6.67362492335391
23594	-0.0742886046485424	14.0406300192453	-2.23458882927527	0.0273261648527151	0.0546982651379912	-4.35777093916425
23595	-0.0452542901114766	8.9703613768007	-1.04325184648511	0.29896307811063	0.398167530666528	-6.25325972814361
23596	-0.059657748357249	10.2735352086738	-0.598729287759047	0.55050042362413	0.644927129818675	-6.61451993822158
23600	0.0626111204009694	6.61973468348228	0.615699726590477	0.539277817368522	0.635264445590462	-6.60428850223337
23603	-0.143598747264204	9.71510902307155	-1.72490906237477	0.087160597830825	0.146033780544141	-5.32961186946554
23607	-0.0994629750949549	8.49863017828003	-1.61807034471935	0.108315947486762	0.173861198258969	-5.5033162678651
23608	0.123121290385158	11.1598359384034	2.74440743030237	0.00700926658402857	0.0171748863791385	-3.15803634239746
23609	0.0502373226762933	9.18322191569345	1.19337347847887	0.235115615495453	0.327828322753619	-6.08782535955872
23612	-0.198290233785879	7.6623093657885	-2.13779471089735	0.0345951991213574	0.0670317487080489	-4.56023636830129
23613	-0.588644765270671	8.24547591464078	-7.541781054819	1.04793119126339e-11	4.78227162421858e-10	16.2643664754218
23621	0.634187902440028	5.504078731659	6.27291994802654	6.04212468270472e-09	1.00015931621525e-07	10.0873708224927
23623	0.0321012742705194	10.5984179966041	0.482231597710962	0.630534227236822	0.715119142795023	-6.67707620165802
23625	0.268963071460583	8.58244041847362	3.86611759250374	0.000181374307036102	0.000736192518977003	0.210790980769165
23630	-0.171673056384209	7.64814121614911	-2.12284014467128	0.0358559135230389	0.0691016905507003	-4.59077882581904
23633	-0.113244584364209	10.4666871052766	-1.55645658188091	0.122276107714793	0.191433026862053	-5.59866430214758
23635	0.299700949511572	6.68205908169456	3.75736822775441	0.000268295435632452	0.00103075362712747	-0.156281933430809
23636	-0.0747806959380781	11.5036289202054	-1.27081931452987	0.206291189232737	0.295416994289599	-5.9940059802103
23637	0.161589514653836	8.81480990209174	1.50990364014119	0.133739659089523	0.206098802999899	-5.66834983534482
23640	-0.141166415091427	6.1589234827272	-1.60838258564783	0.110422269538717	0.176385214927442	-5.5185429053316
23643	1.57842913547672	9.88059121895412	8.08611047629281	6.08140118781637e-13	4.73890318975125e-11	19.0384247427869
23644	-0.551619034441099	8.55733602408946	-6.37370445814127	3.71169952104102e-09	6.55099103499975e-08	10.5595706092191
23645	0.246311146689386	10.7096014369427	2.31351340560869	0.0224246557815025	0.046504558562694	-4.18660084469085
23646	0.307363771859444	10.6442678694249	4.12616486679858	6.90093809562287e-05	0.000316852410616147	1.12091655933325
23648	-0.302359640991569	7.25210398442365	-4.29107592578385	3.66043923633854e-05	0.000184024516689935	1.72089411545741
23649	-0.352954784651149	8.59894559015384	-3.58300557615266	0.000494655266213322	0.00175132983237121	-0.727577593203491
23650	-0.127852741965133	8.7084992357616	-1.12943818786275	0.261002511103928	0.356638666950943	-6.16093905628937
23658	-0.236190611121883	11.3144599541312	-2.87719453483386	0.00476298434662057	0.0123098406455212	-2.80989498806543
23659	0.835240148515445	8.04087644447022	8.83730878862767	1.10452438938629e-14	1.62917347434477e-12	22.9488119431509
23660	0.0273944140421979	5.52622787652376	0.352685080970322	0.724953376022288	0.796715658055362	-6.73085949077123
23670	0.215406994424613	10.6671068890029	2.70332958795276	0.00787833470292705	0.0189723162233754	-3.26281189093772
23673	0.414127265717287	8.80309517737257	6.0514606934725	1.74059597851345e-08	2.51791992688636e-07	9.06301291052077
23677	-0.133100711936682	9.59349808284701	-1.72134800355134	0.0878068960658429	0.146906776848948	-5.33557189234898
23682	-0.065687597751557	10.1028450079703	-0.945222754602321	0.34647555602831	0.447309798811166	-6.34951908299894
23705	0.975454035399791	8.52206353469376	6.59693666416494	1.24625994569088e-09	2.67379406530044e-08	11.618091409457
23708	-0.0676696585606843	7.88147086936421	-0.573195413524182	0.567602514344494	0.660430591419288	-6.62937866564641
23710	0.0845158502495425	11.4976079005104	0.751281580308831	0.453978099009869	0.555452391915497	-6.5123592960261
23729	-0.334018963130462	10.5926565620024	-4.73595594519212	6.12186090905482e-06	3.99455357410458e-05	3.42246798503417
23731	0.320679325211287	10.1395526823846	4.4066592908354	2.32487862175774e-05	0.000124860191259551	2.151569634344
23741	0.309902914056927	6.7252705111511	3.25928928657245	0.00145934517095028	0.00448277839793577	-1.72976700873166
23753	-0.900587356373042	11.4461758605915	-6.41078038456916	3.09989091813398e-09	5.59063296589229e-08	10.7341911471296
23760	0.1617194026249	8.15880176887715	2.57888612722911	0.0111398410054606	0.025666690852191	-3.57167972295952
23761	0.370190791130435	10.28732843018	3.11676126478659	0.00229650623763652	0.00666285265995002	-2.14601777703189
23764	0.0160402457826511	10.6956823306151	0.124783341841201	0.900907287372308	0.929721913255281	-6.78501895267204
23765	0.197977503611874	5.77891225396221	2.75197424632242	0.00685902874520684	0.0168562437171491	-3.13858448190081
23770	-0.0271233061345224	6.82059804002738	-0.390454154841818	0.696904335447092	0.772709258604309	-6.71689793210152
23780	0.461160620307968	6.09752684301635	3.57000066560808	0.000517334004804795	0.00181914809692959	-0.76932073925428
23786	0.0754967883100617	10.5889151383941	1.08933101499701	0.278226379302298	0.375330702766124	-6.20479371278216
23787	0.102958220869279	12.13257827105	2.32069516422422	0.0220196399758642	0.0457565348932422	-4.1707558529744
23788	0.0688360290526645	6.52303477568946	0.811016657502614	0.418987984572181	0.521894630614995	-6.4661247948449
241	2.07568510292823	9.37903159811353	8.19761778815488	3.37171399010184e-13	2.87117088229291e-11	19.6135555992667
24137	-0.51112719092395	6.4820079493954	-3.26941852776789	0.00141230584258698	0.00435447788718495	-1.6995928241031
24138	0.343621634487073	5.6718554086181	3.62287455559374	0.000430839264774004	0.00155403158385732	-0.598849820304399
24139	0.111872746893062	6.71919746875723	0.751579160682382	0.453799750564064	0.555316435505062	-6.51213764594988
24140	-0.405883195587053	7.93292532715775	-4.7231205349799	6.45584021262128e-06	4.17909405613258e-05	3.37175276019003
24142	-0.12142273184842	5.76726558183031	-1.45634108002381	0.147952550106687	0.224855209545766	-5.74600882666301
24145	-0.247015379810061	7.38042933367553	-3.59146847819804	0.000480404932227336	0.00170819833844072	-0.700348069251718
24147	-0.428727918599686	8.45998518140662	-5.68167125789362	9.77036333473944e-08	1.12243673358759e-06	7.39619568769977
24148	-0.173279197083541	6.3583493212851	-1.71297391965137	0.0893421458051053	0.149173796980455	-5.34954117074082
24149	0.193887894241524	8.66820788225563	3.04469009254466	0.00287250964181971	0.00801585460859149	-2.35050858558537
245812	0.430203278705367	9.42899653351551	5.42213964435565	3.17005260650126e-07	3.0769253266393e-06	6.2618822526246
245973	-0.359057640557473	8.34042933505423	-4.16760381371	5.89350242574344e-05	0.000278014449095607	1.27004812769848
246175	0.157696805809844	7.32146926175495	2.17974077749099	0.0312616145888417	0.0613677239235684	-4.47351140374297
246243	0.0517926747269641	8.84758258755207	0.752781036257307	0.453079839486277	0.554517628412601	-6.51124155513656
246777	0.492562663388627	8.96678347990575	2.11476633241447	0.0365529110289902	0.0701992664727874	-4.60718588728995
246778	-0.635943823642241	7.05486141732679	-4.76132259650274	5.51035789366366e-06	3.64415982399214e-05	3.52296986279858
2475	-0.115470422325583	8.9270653260578	-1.45078085699767	0.149492552240216	0.226487248991964	-5.75391559423681
2487	0.11857158293765	11.1637178537151	0.987185683021694	0.325570384270346	0.427333763558407	-6.30945614338177
2495	0.265327944773395	10.0387565159887	3.69149297418632	0.000338849408461145	0.00126091547380309	-0.374645314239815
25	0.139025918975588	9.24568734430677	2.2058658876967	0.0293295186067067	0.0582220196326358	-4.41871208154948
250	0.756786150985198	12.485892909912	5.48860175186716	2.35169739772414e-07	2.39815067965449e-06	6.54941772262314
2512	0.830092868021205	13.4079546471671	6.57265852028602	1.4044115792502e-09	2.93647665725822e-08	11.5021548982914
2517	0.0671252072151932	11.5755620491902	0.709746451209469	0.479260761738757	0.578756416953528	-6.54244306755818
2519	0.13971801479478	9.81772432807539	1.92091406250356	0.0571537809060019	0.102383480868266	-4.98361949262324
2521	-0.568720613492452	6.69365733269978	-5.34907060171701	4.39186877362961e-07	4.09001685260559e-06	5.94817661475839
2526	-0.217614156980651	8.69967567749478	-2.86126855641519	0.00499229723201364	0.0128462227839354	-2.85240561011598
252839	0.0876668127291768	7.69163325804728	1.27857887662702	0.203553004238155	0.292306643777322	-5.98428953224909
2530	0.257665165563801	9.29745036534719	2.81133792896703	0.0057783188531806	0.0145382009525653	-2.98435234931424
2531	-0.0407153205877459	10.5976746549319	-0.777548028561397	0.438390758165145	0.540302545873486	-6.49246027455759
2533	0.391903782046108	8.41236475236007	3.79723479097939	0.000232627157605375	0.000909370715485282	-0.0226628483596407
2534	-0.186627515884869	7.44753842303187	-2.07191425271514	0.0404511175512546	0.0763019481555979	-4.69329653429676
253558	-0.454488240130984	9.08951156901026	-4.47488010650123	1.77209645568427e-05	9.93047267567983e-05	2.40959916996475
2537	0.0203084281249248	12.4212184827765	0.115376010090689	0.908343091528625	0.935408793919267	-6.78614395834883
2539	-0.163651307846205	9.08388705770699	-3.37845095702151	0.000988121474948596	0.0031795416373492	-1.36989162339098
253943	-0.203838154579343	8.8298088957421	-3.34204623258669	0.00111429071026862	0.00352780424178566	-1.48096828153332
253959	0.0579859103263775	8.36170793346453	0.828285841933332	0.409179851749528	0.511707127244678	-6.45210704019172
254065	-0.159650212264705	6.0497199751735	-1.79023473783382	0.0759791336134007	0.130231924392341	-5.21820576538578
254170	-0.221678359422797	9.86100598502087	-4.14933329263809	6.31896276623899e-05	0.000295051624924444	1.20415940523753
2542	-0.160120577748479	10.1942265553117	-2.2898620803054	0.0238052085082779	0.0488898848758521	-4.2384654316007
254295	-0.414795773553329	6.28984685183176	-4.23014105686226	4.6355436630582e-05	0.0002251314366537	1.49719062986179
254359	-0.282255218029042	7.47466929719737	-3.64080800463838	0.000404747115960304	0.00147070575390997	-0.540576489272281
254427	0.248787824866285	7.49126062631899	2.7237274371417	0.0074352543730848	0.0180579832760013	-3.21095778550165
2548	0.360309328837577	8.77132511662289	2.94430804196307	0.00389887988987104	0.010378584560211	-2.62850968321606
254863	-0.271773856609586	10.6947922925527	-2.75188118533814	0.00686085852022462	0.0168562437171491	-3.13882399750397
2549	0.0671943811354449	7.87835186712064	0.832185083437726	0.406984550732013	0.509738557031545	-6.44890154937581
2551	0.176469745103764	8.30373163492508	2.24970768702904	0.0263204996771143	0.0530520564502109	-4.32540275451259
255104	-0.251420566574856	6.20399575243694	-2.607296081205	0.0103033134180784	0.0239800982905967	-3.50230521678225
255252	-0.0837848238134478	7.94105478058743	-2.10477169087787	0.0374318978047405	0.0715572876791596	-4.62741611449628
2553	-0.336892722123105	9.36982269798031	-5.31313130061107	5.15109484954342e-07	4.70664197535715e-06	5.79482164462426
255394	-0.243095394586072	5.66873521645962	-2.95321018070403	0.00379578163560134	0.010147069762647	-2.60417921611916
255488	0.227982897288312	7.23489807864353	2.78886591185128	0.00616767447944399	0.0153680214781923	-3.04307544719643
255520	-0.428716418339738	9.18100548360552	-6.26703563443803	6.21581072397121e-09	1.02072756620283e-07	10.0599150456092
255758	0.0774158520121515	9.12223051797844	0.878386896770421	0.3815178792381	0.48303765826283	-6.40978817754274
255919	0.11404628869525	9.78935003711278	2.4385412496214	0.0162357205007847	0.0354874441218527	-3.90438824959995
255967	0.0738823876696943	9.49161036364239	1.24024886872211	0.217342497710087	0.308091476074363	-6.03172586148578
256281	0.463618506761744	9.24165080099003	4.76745326590098	5.37170136100841e-06	3.55820009556331e-05	3.5473136416895
256364	-0.0322424623264417	8.88132981952052	-0.426084994612961	0.670821695669639	0.75009979778411	-6.70242941051931
2564	0.292105254724895	9.69457467257005	2.32204156657806	0.0219444309855681	0.0456314684205108	-4.16778032445768
256471	-0.167150527225557	9.24232761643532	-2.97559679835137	0.00354750434580066	0.00959161567800769	-2.54271515646966
256586	1.01606661107034	8.13613892674925	8.93493179943308	6.52636480386776e-15	1.14697389957336e-12	23.4623366375542
256714	0.212944224118606	8.81147318632835	2.78367620149462	0.00626092796387702	0.0155628242496612	-3.05657843959883
256933	0.772962937501536	8.60256159236025	4.42456011685722	2.16556611111286e-05	0.000117758894521345	2.21900284009233
256949	1.18440253055429	6.58417070839728	10.2664822918181	4.64338285207704e-18	2.73959588272546e-15	30.5384272200849
257068	0.310423078308431	6.08585288198551	2.95980448832639	0.00372103512243647	0.00997913964653417	-2.58611553835788
257218	0.179135453228534	6.1019343237757	2.18788525817061	0.0306477477461199	0.0604466084964065	-4.45649226335418
257415	-0.0422587270779798	9.02334321577068	-0.900645740331352	0.369610157516356	0.471066178226369	-6.3902000959417
25771	0.0646814453285314	7.62509059160091	0.937696469788833	0.35031464489546	0.451159674791405	-6.35652341051911
25776	0.203600413824841	9.20278210768889	2.73220052994535	0.00725795083747472	0.0176845645774458	-3.18931716044637
25777	0.178402656066486	11.2414876371545	3.3873654969437	0.000959335930618412	0.0030977774772901	-1.34254119551721
25778	0.61966772326787	8.6894290020154	5.49486598857805	2.28620107815533e-07	2.34293063344455e-06	6.57662513107661
25782	0.162520433900027	9.79323039799639	3.18980872430825	0.00182357529749844	0.00542214973266274	-1.93463500133425
25788	-0.349860993059274	6.74328466989866	-3.19558154277336	0.00179035781074434	0.00534841067513499	-1.91775425315436
25793	0.00136804931513699	8.8206950011413	0.0219477106223731	0.98252671585378	0.989696086796824	-6.79253307547004
25796	-0.0254687604949202	9.31488717770367	-0.406607250137189	0.685032585954981	0.763097661495367	-6.71049470689387
25797	-0.416793782307677	8.79705391575282	-1.49071278050749	0.138703766112552	0.212677391514698	-5.69648459070232
25799	-0.0452028580227546	6.47347139434169	-0.518443075684676	0.605119439077521	0.693051381971758	-6.65906887489004
2580	-0.0459354783908743	10.5226138024431	-0.783396775533822	0.434962818093065	0.537019602280255	-6.48793723537348
25800	-0.352858415359846	9.41076655802418	-3.33118069560386	0.00115477715415227	0.00363646942176812	-1.51392853530756
25801	0.832030611198584	9.45870341016645	6.93373268614946	2.33256751247789e-10	6.33255189592922e-09	13.2456087708475
25802	0.380641457433622	4.97495845768606	4.52522733223395	1.44789450470324e-05	8.36336266353061e-05	2.6018186607155
25804	-0.354296669786049	10.1604521579824	-3.73597323649247	0.000289519510224352	0.00110305865057802	-0.22753506056758
25805	0.511738423419082	11.8201419226688	6.19789827349408	8.66390649630302e-09	1.36312128875167e-07	9.73828266884802
25807	-0.638735235323039	6.58601701192613	-5.82223187036188	5.10401231932348e-08	6.3302014651069e-07	8.02303599756818
2581	0.237339243812472	9.64137163061744	4.15158633882271	6.26494753638997e-05	0.000292860592250035	1.21227293495847
25813	-0.195622222120645	8.49593211010073	-1.68591235343381	0.0944537052421542	0.15600631979608	-5.39424087877009
25814	0.0382754429856287	7.08012601323091	0.662925732113495	0.508670284074455	0.605944122649986	-6.57432133840712
25816	0.11173828717549	10.067776475883	1.19533690682463	0.234350852476302	0.326982777272679	-6.08551786527646
2582	-0.0533286842748608	9.06111647540615	-0.738111128982988	0.461911514556795	0.562575805107509	-6.52208210883011
25820	-0.386123588979741	8.47069075024005	-4.80969943576701	4.50411674281531e-06	3.04202815172972e-05	3.71563641902556
25821	-0.286327565850514	8.73797083788291	-4.93860132278611	2.61636930312203e-06	1.91588745069042e-05	4.23529904497024
25824	0.0997194473334644	12.608965507806	2.2802987350789	0.0243842938529977	0.0498180230585608	-4.25929846222326
25825	-0.229172053873002	9.20116950449058	-3.29983542037279	0.00127942232819867	0.00398944070627446	-1.6085159871412
25828	-0.38860352605724	6.95349797078044	-4.1325885587286	6.73462725385545e-05	0.000310597549507794	1.14396180461948
25831	0.169922422708048	10.9137188276478	2.96679985685306	0.00364322555879558	0.00979272473662593	-2.56691537230501
25833	-0.139890057191873	6.04909340251979	-1.50802684882568	0.134218903290533	0.206721637363378	-5.67111657674935
25836	0.170995461297134	8.61638317217745	2.77801500831728	0.00636411792104171	0.0157718613944808	-3.07128306674664
25839	-0.17226209143234	7.61386916593852	-2.42351601408907	0.0168888831998228	0.0367014404710697	-3.93901432585448
2584	-0.268405389479355	10.4588129004593	-2.94549633231949	0.0038849705444972	0.0103482285383898	-2.62526562067881
25840	0.117052391333806	10.3610650443787	0.833758758219912	0.406100579503344	0.509035508768122	-6.44760364818525
25842	-0.304662303085596	8.63069773462696	-4.74118858464334	5.99056555880556e-06	3.92714853299476e-05	3.44316987313546
25844	0.0421498456852299	11.6019131051155	1.03722701615741	0.301749711782225	0.401009599157864	-6.25944472201745
25847	0.169498382122499	11.9896345471336	2.47576372523657	0.0147134675933665	0.0326106422993882	-3.8177767757993
25849	-0.352515610351905	8.81935297988006	-1.72951684087107	0.0863301057309686	0.144906863104613	-5.321882619105
2585	0.0966623023930381	7.61827191749353	1.32319257910645	0.188328138799439	0.274016280867248	-5.92730977421996
25850	-0.141516249467385	5.75811497295156	-2.16157681850494	0.0326692733404181	0.0637704843089835	-4.5112569561724
25851	0.0916607128134146	6.85856160497754	0.828344695221297	0.409146663974858	0.511707127244678	-6.4520587686327
25852	-0.213604140114751	7.48345362398191	-2.12495687321311	0.0356750904249412	0.0688013651435942	-4.58646777711592
25853	0.254360442983822	10.0189406762614	3.66949237168488	0.000366097154510045	0.00134458092318941	-0.446893666632081
25854	0.00580978720521057	6.44928902805928	0.0395915223165326	0.968485656192131	0.980714909911365	-6.7919923420635
25855	-0.339593363916461	6.58600366246817	-3.65784037627048	0.000381355877597367	0.00139627639581305	-0.485019333902549
25864	-0.0170676920547148	6.96453826349632	-0.213440048898628	0.831351878321668	0.8792530748959	-6.77008949733328
25865	0.0228681319906767	7.39330249315525	0.320676882126467	0.749022157483656	0.816324451882175	-6.7415828161731
25870	-0.284540183570953	11.8694840761638	-3.87424296285787	0.000176092092238631	0.00071686578703356	0.238543123619522
25873	-0.223156521844075	12.6261397607485	-3.32043104019173	0.00119618339816654	0.00375540663962584	-1.54645001249733
25874	0.380656748053567	10.0570593321329	4.91881636035713	2.84543764102678e-06	2.05628301967465e-05	4.15494965522556
25875	-0.0335722969989108	8.52826179213196	-0.593154306197462	0.554212423837717	0.647753036684948	-6.61781906687086
25879	-0.0975811492353888	9.0432614107398	-0.713826202756374	0.47674340843419	0.576390596262647	-6.53956319518387
2588	-0.00287059819906622	7.1778461213872	-0.0347745035376093	0.972318275010159	0.983582506830898	-6.79217074018067
25880	0.0557677260165274	6.21204505922759	1.02679226646209	0.306617348658566	0.40659163588373	-6.27007365834813
2589	0.173081826498236	9.82147310750956	2.1849142562554	0.0308704530946178	0.0607987464381361	-4.4627074023363
25891	0.582395989747433	9.30861572888917	4.07661290729756	8.32279996052864e-05	0.00037443533591485	0.944046730656794
25893	0.144007583277212	5.8420667989719	1.02279329731959	0.308496690341967	0.408559028735714	-6.27411907259871
25895	-0.0799783198398524	8.42837759710121	-1.22198053754259	0.224149086682476	0.315842964175581	-6.05383955062683
25896	-0.0980285385985814	6.90809045970399	-1.26627430991801	0.207907554737531	0.297319321698754	-5.99967047247045
25897	0.316884430615548	7.93826847382747	4.47511805992263	1.77041091432092e-05	9.93047267567983e-05	2.4105040843912
2590	-0.629494581177987	6.65173652034389	-4.63058811482832	9.44338990677778e-06	5.79082410022156e-05	3.00891701147048
25900	0.0676881018974064	9.1997783819134	1.09817996745424	0.274360420252011	0.370853222358929	-6.19525143706274
25901	0.224578079507798	10.3152603520715	3.4397278053666	0.000805522693741565	0.00266774001762601	-1.18069948501106
25902	-1.10051632913959	8.70919323275916	-7.53276931664842	1.0979502816301e-11	4.95577558812274e-10	16.2189598486575
25903	1.20882778761071	6.26567893635406	7.05732826215091	1.25091997244231e-10	3.73018013443085e-09	13.8513331183729
25904	-0.445055323940476	6.72116918360365	-4.02488217643421	0.000101045027644742	0.000445612348289143	0.76111226734177
25906	-0.252080784124345	7.89877820598042	-3.71264443536818	0.000314473665224747	0.00118316641492233	-0.304863897919801
25909	-0.148488618243649	8.75794244925376	-2.54118902979211	0.0123440075483803	0.0280653736167413	-3.66268493182276
25911	0.12919852197782	6.47262741223786	1.17201630368612	0.243550068807406	0.33708504831588	-6.11268587876314
25912	-0.00862082971077676	10.3705275127361	-0.158705044135174	0.874172411157802	0.909861909798821	-6.78023067250778
25913	-0.0682198582747732	6.75048336600102	-0.844192626164295	0.400269047188425	0.502618171142656	-6.43893694869457
25915	0.210081806469564	11.4945992608083	3.64179648432187	0.000403353304041014	0.00146770849840475	-0.537357843866247
25917	-0.176296986246973	6.97817632836994	-2.85554213473198	0.00507719117410021	0.0130321936289831	-2.86764084464585
2592	-0.756043057512358	9.1431260942685	-5.85664997734247	4.34840781398006e-08	5.46694802792622e-07	8.17780927026854
25920	0.162197643544537	8.12908988824862	2.07781875911919	0.0398936301655622	0.0754053512969208	-4.68152868491215
25921	-0.13884172537832	9.19415142690688	-2.35594100152322	0.0201239748505401	0.0424365668280473	-4.09234534964399
25923	-0.0618031168067934	8.65065681700839	-0.692739251349671	0.489833551024556	0.588598360701605	-6.55427201610025
259230	0.38112212908756	6.39644462853963	5.30947012897034	5.23527661841229e-07	4.77827457105917e-06	5.77923445811344
25926	-0.133477593155097	10.5099757853643	-2.44049998691347	0.0161522498762585	0.0353330466043154	-3.89986004492851
259266	-0.28853820929537	9.59412409298964	-2.66080490418901	0.00887993761402298	0.0210528945728559	-3.36980846190633
25927	0.845534297945062	8.99202294513482	8.81295558082337	1.25924059778102e-14	1.76293683689343e-12	22.8208700494355
25929	-0.193577853434448	6.12863929018415	-2.30144268768187	0.0231201724102151	0.0476954605665277	-4.21313131254582
2593	-0.100863140432755	7.85353294120797	-0.984615115090421	0.326826605795573	0.428474607342881	-6.31195954070399
25930	-0.0426618873583041	6.81409704966849	-0.588098073204965	0.557589717384669	0.650613231473	-6.62078468461505
25932	-0.0747549507237562	12.2992009164629	-1.73721706039655	0.0849566960797737	0.142775647938745	-5.3089222874527
25934	0.331113097807675	8.95805118382424	4.34368578083784	2.98002729950948e-05	0.000154616994308721	1.91590166941663
25936	0.102530414874303	10.490514796934	1.75062519713887	0.0826079629301245	0.139521555397193	-5.28622445584238
25937	0.0503490748605118	6.30204287666114	0.436433967953152	0.66331895262993	0.743793268062453	-6.69799111394113
25940	0.0295226594921891	11.5310517946174	0.463170768498052	0.64409460138567	0.727601395985453	-6.68603334196602
25941	-0.102739752409959	8.42614670342574	-1.33674098840875	0.183877334763522	0.268249167281294	-5.90963055489232
25942	0.0663596281801453	9.58775373779138	1.30931653225732	0.192969505436993	0.279734663901292	-5.94523533644323
25945	-0.0910612120668075	11.7530411884069	-0.901458114229387	0.369180036113441	0.470808568518917	-6.38947605150842
25946	-0.12074727677962	7.88699520719713	-1.75898362509606	0.0811709585285373	0.137532742040147	-5.27199119971443
25948	0.354853862900264	10.2062624616951	5.91692891982749	3.280771140059e-08	4.32894083336859e-07	8.4500629443423
25949	0.0560764283887126	11.0032440077937	0.962741593760727	0.337644879829836	0.438789601540977	-6.33300168127783
25950	0.0143494933514451	7.26304301989168	0.210968405472001	0.833275620945356	0.880641288624747	-6.77061170676326
25953	-0.0392537658613957	9.5643588844527	-0.434225950442698	0.664916874689431	0.744807890552577	-6.69894696108011
25957	0.00732018374066994	9.93770404694211	0.0982648957500739	0.921888585278431	0.946170339698675	-6.78796434007394
25959	0.55663809257569	6.64064789190085	4.09334370010074	7.81395398251756e-05	0.000353792259411509	1.00358669466587
25960	0.892913178567007	7.59569062647209	5.62356245073271	1.2748285679179e-07	1.41914878315389e-06	7.1395721482519
25962	0.0356426744361801	8.42138129724538	0.730850669036174	0.466318263853919	0.566272987273356	-6.52736915132612
25963	-0.00127347222161362	11.8248955237018	-0.0349800916420171	0.97215468677134	0.983582506830898	-6.79216359836233
25966	-0.460096860283985	10.3136041495269	-6.09618349651664	1.40775811009623e-08	2.10272730368805e-07	9.26836783190033
2597	-0.314475778675075	13.1115602520764	-4.28726755811028	3.7151066952064e-05	0.000186319255023709	1.70684460945882
25970	0.15147092657298	7.08665482682594	2.6979771135975	0.00799850166756302	0.0191945449663192	-3.27636168584327
25972	0.0229959692862189	11.7803546689844	0.498407780638728	0.619123871432816	0.704985274060526	-6.66919244308962
25973	-0.0232038242883161	6.29321249105482	-0.396917782319458	0.692144652765809	0.769153078413236	-6.71436675829106
25975	0.825924937542966	12.3480249644088	7.23208430142811	5.14784145478114e-11	1.75707315770629e-09	14.7149397025755
25976	0.189226623239636	7.81456977156508	1.85012460975848	0.0667958196122616	0.116768988359213	-5.11262911477158
25977	0.0172072787981055	9.49751313669539	0.32179022721101	0.748180640875889	0.81605335978276	-6.74122690704656
25978	0.0622603272003909	10.0338095343462	1.07471126611134	0.284695440366752	0.382433621309054	-6.2203931715053
25979	-0.45767929652355	8.6741698725402	-5.51042653027816	2.13113221091419e-07	2.21702167029612e-06	6.64428776882685
25980	0.0256966440199993	8.76501538263858	0.464510839009523	0.643137238873162	0.726818113708074	-6.68541537013698
25981	-0.0394023091321982	6.75322717887213	-0.510919683724626	0.610361349039394	0.697507573750055	-6.662916912341
25984	-0.0394115514154653	10.7563228421008	-0.412833085657011	0.680477650216187	0.758743149043005	-6.70795763486977
25987	0.0695800097001489	9.93273638804502	0.951539552031927	0.343274439164597	0.444497079087564	-6.34359780250078
25988	-0.075079252994737	6.87995962541492	-0.944539133942716	0.346823140262678	0.447688566740072	-6.35015757074765
25989	0.148062344770629	5.93898135667153	1.58242355704178	0.116228071897404	0.183951690720935	-5.55891229236181
25994	-0.205157545253212	12.1183342545463	-3.68922128055822	0.000341571334322812	0.00126857689977067	-0.382121201833219
25996	-0.00261303375718595	11.9052156500874	-0.0552306534795236	0.956048061266505	0.971096530504344	-6.79125383192075
25998	0.00290256227347783	9.68340731043077	0.0389629352501741	0.968985746088281	0.981101037348517	-6.79201693288593
25999	0.543412367564236	8.87330028247827	4.17407085927067	5.74959742209827e-05	0.000272002718823206	1.29342148056496
26000	0.0226729676160512	7.64161876378188	0.318523711929007	0.750650479152364	0.817559725448118	-6.74226763840449
26001	-0.201610572400092	9.58492113951098	-2.7808708731912	0.00631187018713408	0.0156658797312883	-3.06386839581423
26003	-0.185727709398152	10.5269283868858	-3.31887847641891	0.00120227721035688	0.0037716710055252	-1.55113988066712
26007	0.0476485870727692	6.47049757022077	0.517591265985581	0.605711909278027	0.693345395043862	-6.65950736634438
26009	-0.00489008333357712	9.40336482828699	-0.0964579216498623	0.923320432235978	0.946818965893132	-6.78813955697542
26010	0.508470818459019	9.51918542067754	5.78650387164331	6.0245256315133e-08	7.31802672298527e-07	7.86290076970403
26012	0.131912275947812	6.80119222822173	1.17160473334624	0.243714695666722	0.337086970228922	-6.11316065599319
26015	0.0184433888098118	5.9768304919868	0.160347613874776	0.872881275319712	0.908911116886975	-6.77996973653738
26017	0.358336057612999	8.14275028425253	3.52186823359312	0.000610098072571455	0.00209713278378702	-0.922753883691454
26019	-0.0227508103060305	10.5256977547724	-0.525411242375875	0.600282691395597	0.688944703477509	-6.65545487884036
26020	0.150877615407481	11.0270378714418	3.09992130679988	0.00242059180549221	0.0069472162311903	-2.19416191582771
26022	0.286235205474756	9.41448549399136	2.26601115328754	0.0252724752464557	0.0514417559230469	-4.29027428126477
26031	-0.246563889892866	6.88973647872657	-3.81399710535251	0.000219017820594373	0.000862291324170409	0.033846999537996
26035	0.837608159234712	9.52039545776035	6.77240217068221	5.22717202049891e-10	1.26989532027415e-08	12.4616404457637
26036	0.148823282113904	8.97874688277282	2.72206026308426	0.00747060058469477	0.0181225141937089	-3.21520885112962
26037	-0.144014971801897	6.43455530000066	-1.97938913372142	0.0500992892254398	0.0913711920958563	-4.87362587196334
26039	0.0680927263364115	8.84078525859489	1.17189054312963	0.24360036424255	0.337086970228922	-6.11283097026976
26040	0.50228413455832	8.74812659285772	3.558206100384	0.000538747520560128	0.00188162981810852	-0.807073560957174
26046	0.0275881807942092	9.36301030977643	0.537609199878972	0.591858752472352	0.681834490295904	-6.6490128838209
26053	0.619672780511724	7.40079014578251	4.58102324945096	1.15551175270711e-05	6.87646043037517e-05	2.81659583050357
26057	0.090845150512002	9.55376618549827	1.89928611528639	0.0599668840991418	0.106546245874591	-5.02351836932223
26058	0.0800194590996765	8.22510658079405	1.53531771154807	0.127381307843456	0.198066809438505	-5.6305591510695
26060	0.13399497120317	8.54696466083291	1.64280611837391	0.103083763100825	0.167119113486323	-5.46404170930862
26061	-0.027208474677573	9.4785463264759	-0.447716283392165	0.655178367397708	0.737097972583093	-6.69303159474055
26063	-0.0819474787290264	7.8018863215437	-0.861216818882447	0.390864287100684	0.493057271144112	-6.42456756693375
26064	0.0022043035072523	11.5037741286792	0.0259600020732233	0.979333068182673	0.987703436286798	-6.79243734762533
26065	-0.00298410253373259	10.533857350481	-0.0508284419664927	0.959548119062039	0.97357418787034	-6.79148634685804
26073	-0.0931915391720212	7.32263673159807	-1.35507898691984	0.17797937726002	0.261725058958121	-5.88542331502561
26088	0.00997714415103575	5.25593565460256	0.158244576983341	0.874534420707214	0.910009361935196	-6.78030333962061
26090	-0.143883522838987	10.0987485688965	-1.20333592855395	0.23125365136439	0.323590574329978	-6.07607886402411
26091	-0.0444779101197052	9.28023048549634	-0.824696897804616	0.411206746337678	0.513619798086984	-6.45504429153787
26092	0.252041384786846	9.88480053786674	5.08409142108654	1.40294505601565e-06	1.11964503987336e-05	4.83254595560176
26094	-0.288730209518074	8.23829300525876	-3.35569890179452	0.00106530256629194	0.00339614017660032	-1.43942790107536
26098	-0.0785619331010082	8.52349272366559	-1.29257274176856	0.198682765921513	0.286208518749861	-5.96662119836583
26099	0.0391231621872737	10.6926442348479	0.715413751558628	0.475765819374386	0.575629949909539	-6.53843813139234
26100	-0.0524520418351575	7.30718844312803	-0.696418154388807	0.487535782745233	0.586776273564859	-6.5517373577017
26112	0.164668216299502	6.39568965527015	1.59039589537303	0.114419743244872	0.18168148389132	-5.54658126485608
26118	0.164953091550078	11.275956963411	1.56490576995514	0.120281424910827	0.18909869999304	-5.5857989185915
26119	0.332157265203466	6.69233695889209	4.10574207470415	7.45623240455558e-05	0.000340267843434415	1.04782649486184
26122	0.142391950705198	5.14030589674806	2.04094797083547	0.0434856309437559	0.0811548376853647	-4.75450332599892
26123	-0.395117925944997	9.38393622883193	-3.99028554583993	0.000114936604867615	0.000497574164192587	0.639753904349509
26127	0.239179410301356	8.58512263703777	3.45780685452725	0.000758030004060153	0.00252880768721198	-1.1243502882467
26128	0.214411254234903	8.79022587943384	3.92836997670139	0.000144468237599593	0.000603695479111255	0.424556610532144
26130	0.0457754799944108	10.3959938917408	1.24973635238183	0.213867530020253	0.303948003779644	-6.02011523909444
26133	0.00964261642448864	10.2342079251745	0.141393431601401	0.887800115292896	0.920220963771717	-6.78281745388591
26135	-0.104737216959015	9.12976617241879	-1.61456684299882	0.109073934653136	0.174704421220652	-5.50883295460959
26136	0.011440192101681	5.93592001804432	0.11991100696522	0.904757453020347	0.932722945445098	-6.78561262640495
26145	-0.015366323758756	6.52406703001541	-0.164572389098265	0.869561989525896	0.906548281393904	-6.77928625892781
26147	0.42809417639166	7.70066754938432	5.43506992129904	2.99159688138782e-07	2.94173693336469e-06	6.31766004158293
2615	0.035280028630472	10.7328772844792	0.364041440619398	0.71647818117814	0.78939706236247	-6.72681040429125
26151	0.009724912589907	8.95291044540708	0.186012038827697	0.852754531355544	0.89371203780409	-6.77554396411964
26152	0.0889229882735264	7.69964427351932	1.42342377438128	0.157250560403803	0.236635020757043	-5.79239288257181
26155	-0.0827706911894296	5.69716475780092	-0.832947510271559	0.406556132043886	0.509428648465184	-6.44827303417477
2617	-0.256582990233889	10.6842074187356	-3.23033144809885	0.00160201241498359	0.00486136023062617	-1.8155994512914
2618	-0.301135157214746	9.75178526758704	-3.83922140819554	0.000199956221658316	0.000799050987371886	0.119248660932457
2619	0.474503705179105	9.56030774029908	4.8040781667822	4.61118405166785e-06	3.10418747080493e-05	3.69318210492719
26190	0.0416852979795698	6.69488234867631	0.44410491312717	0.657779643690779	0.739219028147732	-6.69463282030709
262	-0.147603310285035	9.71458749145468	-1.52140465466392	0.130832064531355	0.202486950164698	-5.65132293578018
26205	-0.197717926840466	9.10282619499043	-3.96685444015774	0.000125361521635533	0.000532931635980186	0.558013850346875
26207	0.166795692104021	6.67084030698262	1.22731881887265	0.222144328120839	0.31366019662874	-6.04741066356673
26224	0.275059149050247	8.7009586027857	3.85253979575309	0.000190539286318954	0.000768108591993439	0.164516576640385
26225	0.233983710740468	12.2789944969236	4.46476051353757	1.84522912658181e-05	0.000102636987108187	2.37114676944451
26227	-0.38955577788887	11.2394319174646	-4.18658064139802	5.48073702340317e-05	0.000261077784390486	1.33871062116449
26229	-0.213856184213929	6.64335224035344	-2.17346740354284	0.0317417098084993	0.0621884542263293	-4.4865806935889
26233	-0.207259881655449	7.0022518673067	-3.20903576574985	0.00171511430963012	0.00516321679356325	-1.87831241642172
26234	0.109918662865302	9.24898537823955	1.71059243186814	0.0897827289597166	0.149683479931312	-5.35350203395932
2624	-0.649958339957966	8.72332505205384	-4.96554470786829	2.33304154127601e-06	1.73143963440609e-05	4.34505776555759
26240	0.192568846484201	5.76515445711173	1.99433623729549	0.0484195149502319	0.08885159149508	-4.84501476098652
26249	1.19555497705563	7.86897747639776	5.88858047679725	3.74623541030444e-08	4.83498507642417e-07	8.32183828245375
2625	-0.361382459526301	9.2317123969484	-3.48513329443098	0.000691215788675726	0.0023408947988772	-1.03872291918828
26258	0.173506143746695	11.4971692459102	1.30196412795119	0.195463034434558	0.282506502962284	-5.95465905623512
26259	0.00192805454489216	7.10621647427945	0.0178609225642785	0.985779951539066	0.991179841717917	-6.79261409699539
26260	0.0306309834938185	5.1781289433339	0.553506322429852	0.580963428131736	0.672683979344848	-6.64039650850282
26263	-0.199831333173942	8.39206012167452	-2.25413083578068	0.0260324748693774	0.0525852384005012	-4.31589533445857
26266	0.151639627904557	10.1260270808001	1.76876039360273	0.0795162505741066	0.13511710136641	-5.25526113926277
26268	-0.332136851176194	6.71966320902117	-3.22977880691261	0.00160485747847629	0.00486820520463244	-1.81723128888692
26269	0.512086187722386	10.7208137597642	7.05073282998376	1.29334695856801e-10	3.8290487017103e-09	13.8189014740282
2627	0.323149474126397	5.86525450850466	3.68392565716335	0.000347997156216353	0.0012861102954573	-0.399534374335499
26271	0.450456477454726	8.20929793166539	2.41948216472097	0.017068169831669	0.0370025228479832	-3.94827750782413
26272	-0.178768417122959	8.17331135933586	-2.88928399212875	0.00459540271209929	0.0119289837843935	-2.77748844771145
26273	0.0643033921522212	8.35975383271301	0.70390160292798	0.482880011626669	0.582530874256797	-6.54654039355219
26275	0.116335314545055	9.28178596280854	1.43703343491033	0.153353304232551	0.231581032081207	-5.77333948655743
26276	-0.0682228369448121	8.1811927190912	-1.04670147947581	0.297375392663453	0.396436530568127	-6.24970256163223
26277	0.236171016600405	10.0379331529972	2.78389313209882	0.00625700435550576	0.0155577531536657	-3.05601445342654
2628	1.13404177124976	8.2445829321878	7.55004319340793	1.00406191810615e-11	4.63326896288089e-10	16.3060122791659
26284	-0.00450669895840294	10.2627932958029	-0.100849638146037	0.919840881202244	0.945010656558525	-6.78770805351012
26286	0.010836814498188	9.85499521956918	0.136667596945987	0.891526314334333	0.923154990146871	-6.78347177235337
26289	-0.260713707638844	8.53232332837499	-2.06128735348139	0.0414713428459461	0.0780342924866873	-4.71439784788039
26297	0.155153346014395	6.86995558167888	1.80923077415543	0.07295954641162	0.125734582382637	-5.18507417146044
2631	0.197796567043396	8.91541775406484	2.91299063514783	0.00428238538312656	0.0112009193364868	-2.71359992036674
2632	-0.194547299570308	9.26384187406948	-3.48864162205044	0.000683050837121822	0.00231419192560552	-1.0276899614599
2633	-0.287576425984996	9.71613752016312	-2.98004379912745	0.00350000243785655	0.00949425948659938	-2.53045813239531
2634	-0.448427043052211	9.6581023914931	-4.9300437298387	2.71315984856164e-06	1.96930583032682e-05	4.2005196395377
2635	0.818866510205493	6.44251324132859	3.84100933222769	0.000198666795343378	0.000794667181373512	0.12531858685269
26353	-0.130090108095388	12.8411931276156	-1.88811388863838	0.0614650119099673	0.108808615168523	-5.04396237219631
26354	-0.553746665801445	10.2367244934542	-6.7663959661586	5.38579595008149e-10	1.3007799575343e-08	12.4326056151644
26355	-0.370009938576961	8.56832754244232	-2.442508746549	0.0160670445182181	0.0351839309969463	-3.8952127900042
2639	-0.302605851591943	7.60727216645732	-3.64186529584633	0.000403256445165304	0.00146770849840475	-0.537133756843908
2644	-0.190246667749682	9.0713333082417	-2.73578221461707	0.00718416456650758	0.0175254575662589	-3.18015161435052
2647	-0.201780056180089	9.16403276144872	-2.10686475370893	0.0372463283012	0.0712823613920093	-4.62318688110837
26471	-0.363063433598236	7.95355196755271	-2.97618100587674	0.00354123025429419	0.00957936486332936	-2.54110583394529
2648	-0.119038734491778	9.23769942044466	-1.50164124957065	0.135859562781354	0.20889798744862	-5.68050535500204
26499	0.144479078674299	6.55967906793366	1.36859757046347	0.173723605793328	0.256425479602018	-5.86737336475564
2650	-1.15737511750105	8.33822866024627	-7.4763143744846	1.46981734451115e-11	6.10084988224228e-10	15.9349273533674
26502	-0.058849375563322	7.79493359015748	-0.662331550061929	0.509049569803406	0.606308499866782	-6.57471202654906
26504	-0.315765200012552	6.17332851421051	-3.24827666865176	0.00151214358363719	0.00462603925957155	-1.7624842132667
26505	0.0544760103013463	8.61376583184547	0.986808523388128	0.325754500641885	0.427439583050353	-6.30982384941248
26508	1.18714121401762	9.25781366063555	7.8224741892919	2.4316269990088e-12	1.51016834675283e-10	17.6874887594361
26509	-0.263686312009274	10.8457894102283	-3.27083151958749	0.00140585769222555	0.0043378350906922	-1.69537744584757
26511	0.171936861271361	9.88350224206269	3.15584425921437	0.00203090976906135	0.00596773912929447	-2.03343359756581
26512	-0.0633301665783512	9.64666867047243	-1.07787070068601	0.28328877154595	0.380729784082256	-6.21703951380583
26515	0.0190186374340724	7.33131906963526	0.259973739094617	0.795336846056993	0.851105527921979	-6.75912369753971
26519	-0.143321483086255	9.46559271666692	-1.23939027392792	0.217658991795547	0.308328463768002	-6.03277234348069
26520	-0.252911737289595	9.47551787662002	-3.75332603797696	0.000272188681137745	0.00104376903723202	-0.169768348089309
26521	-0.0977593113954897	8.19571787742865	-1.21505470187359	0.226769518107241	0.318719792337215	-6.06213961660696
26523	-0.221367907295264	6.73539258521423	-2.33360324238023	0.0213078667032099	0.0445464386151642	-4.14216447223179
26524	0.0816511767630202	6.07632639298917	0.823156546605499	0.412078524270708	0.51439410458432	-6.4563010740024
26525	0.369368385934505	6.73790822218354	2.30689247702366	0.0228038392637029	0.0471845011836998	-4.20116879649126
26528	-0.986371832122863	8.06039154203736	-7.71631660914018	4.233114437047e-12	2.31559769867604e-10	17.1473126782107
26574	-0.248435191362699	8.53883917538149	-3.51125761731101	0.000632556610511377	0.00216621791161856	-0.956351683457248
26577	0.195841994526927	11.2753275260356	1.88220577655963	0.0622698591892251	0.109903640363889	-5.05472773539108
26578	0.112338924957511	11.2306749689894	1.94178749028967	0.0545450559678411	0.0985437800293893	-4.94471055973295
26586	0.0257137437650724	9.26911839945487	0.193091640285907	0.847218972911388	0.890221182578306	-6.77420775167556
26589	-0.120558954490071	9.81456345010291	-1.78163705514385	0.0773793685490333	0.132247793133667	-5.23309245872219
26608	-0.272269184138051	8.61089922927545	-3.06290680978787	0.00271548089423846	0.00766047547350059	-2.29920547444656
26610	-0.0152561815818164	6.75828900890897	-0.148344306044964	0.882324113288375	0.916429335781324	-6.78181466654339
2664	-0.843803579897617	8.15344782096217	-6.52261320436347	1.7955263139819e-09	3.56515561381983e-08	11.2637877419072
2665	-0.0161187224888422	11.8696583762082	-0.35949415156073	0.719867625686526	0.79254526048784	-6.728447099767
266675	0.0750210629752361	5.3597608032378	0.959389136459984	0.339323315517038	0.440554949099455	-6.3361856036551
266812	0.045602933138989	7.87461374807834	0.536659750035778	0.592512468344165	0.682206995891107	-6.64951958803025
2669	-0.547186669435086	6.22964375926955	-3.39145314586608	0.000946401389891158	0.00306199587955384	-1.32998023011471
267	0.612211246368429	9.95052297339815	3.1455702575386	0.00209781732388125	0.00614467060115572	-2.06314402106026
267002	-0.0443229753442045	7.65362350719532	-0.681770776358278	0.496719128587371	0.594709378479734	-6.56174994333713
2673	-0.0839307623672769	10.5832904792051	-1.1722292788525	0.243464910475528	0.337023656867415	-6.11244013200173
26750	-0.0275026944346221	8.099581290918	-0.338732147142776	0.735413193102529	0.805104436716619	-6.73565907097102
26751	-0.0198702871268879	10.0551107711805	-0.166810800034591	0.867804272680369	0.905172786000738	-6.77891693232445
2677	0.0605137166264298	8.32943883329537	1.08589904466526	0.279735808104761	0.376997515899058	-6.20847422298207
2683	-0.175933295653482	8.15887176114568	-1.59209322595558	0.114037656062297	0.181214128332931	-5.54394829687796
2688	0.431313902281867	14.1785403273722	4.87053153193791	3.48931637313307e-06	2.446668356713e-05	3.9597478726037
2690	-0.138559457134016	9.55589101178281	-1.39719703493036	0.164974637873844	0.245973016035731	-5.82861596393433
26953	0.111572154809858	9.03667646207952	1.65449965430389	0.100682160925132	0.16419242828067	-5.44527710348213
26958	0.219141777886389	7.03678182522046	1.63527178228641	0.104655444400489	0.16913597549365	-5.47606473557296
26959	0.139016681675376	9.76949506571198	1.84244377968592	0.0679192099443828	0.118357104249072	-5.12635256664427
2697	0.543715408393966	11.8703796205038	6.24599479999259	6.87804953963542e-09	1.11179430914655e-07	9.96184408379417
26973	-0.201246058500924	8.83895117613571	-1.85276275239632	0.0664135601550473	0.116272998491032	-5.1079030854645
26985	0.114374019091993	10.2605642365491	2.65815071581784	0.00894611655359353	0.0211854709669388	-3.37643692290249
26993	0.112893079973625	6.31434431166727	1.2905280910484	0.199388927853887	0.287125617864908	-5.96921438836233
26994	-0.260131460572701	9.85281543266467	-3.3069748795106	0.00124997287595845	0.00390941914252814	-1.58703706453901
26995	-0.296646827991332	7.320092309399	-3.82592958931614	0.000209794774377189	0.000831927429839454	0.0741922181418495
27005	0.0969662361068187	7.98238361436247	1.4625585885841	0.146245070946767	0.222628876892793	-5.73713284697357
2701	1.30440355615022	7.88503211823932	8.01832292420204	8.69522711173669e-13	6.30022595990746e-11	18.689841738227
27013	0.088762542929298	8.41342263179033	0.939823847129899	0.349226728907426	0.450228309782322	-6.35454916077523
27018	0.232879797952689	12.547674559986	3.7379345313884	0.000287509456756007	0.00109590591269249	-0.2210165305604
2702	0.11940436147871	8.38715993458119	1.14788703961555	0.253335748939429	0.348468490631088	-6.14024552738993
27020	0.287956668567895	11.885486319965	6.30903607441646	5.07611579831201e-09	8.57356528361762e-08	10.2561626575534
27030	0.0860033646568338	5.59599340486782	0.852976884290357	0.39539922779711	0.497873968401086	-6.43155791758489
27031	0.314315303833945	8.82870910031624	3.83249058467947	0.000204882168286395	0.000814793793955523	0.096417450834104
27032	-0.427853042361905	8.06633326530707	-4.32850838501618	3.16269824129535e-05	0.000162765654038004	1.85946773283751
27034	0.021045681460743	8.34900138611737	0.371266395345513	0.711104505516448	0.784313421760697	-6.72416772936009
27040	0.115165538749781	5.31429032782144	1.42500334195066	0.156794373797952	0.236034541201218	-5.79019048360886
27043	-0.171599922994206	9.18515024483356	-2.52743950198764	0.012811477456604	0.0289846079954942	-3.69557949492557
27044	-0.129152236658953	10.5005526708503	-1.58864940169261	0.114813962006426	0.182251569405306	-5.54928768937914
27065	0.950133320061664	10.2453927622679	4.64240489583213	8.99800374937415e-06	5.5589761383568e-05	3.05497890043381
27067	-0.0119378157875565	7.70937431812701	-0.208227481498991	0.835410133749362	0.882076914836985	-6.77118370272043
27068	0.109094857900431	12.4068907093943	0.972995687136958	0.332544678372123	0.433949955915745	-6.32319524070794
27069	0.0235342539674865	12.2883898681446	0.528760693060404	0.597964086996162	0.686665279937202	-6.65370061780469
27071	0.19070128707532	12.967256349124	1.97626238222183	0.0504568661495447	0.0919401837809191	-4.87958551949715
27074	-0.320073853431864	6.99187676521625	-3.51657451998335	0.000621207183428359	0.00213088510594612	-0.939526306624604
27075	-0.0931884546012041	11.137869680011	-0.958202217594175	0.339918853319357	0.441189460782195	-6.33731023323219
27076	-1.09283517352466	9.85332664503091	-8.04754832789706	7.45380501783686e-13	5.5971299497575e-11	18.8400271699567
27077	-0.00322017276906377	6.02093682925124	-0.0319032335203559	0.974603089595767	0.985098081260528	-6.79226608415809
27079	-0.331920045188476	8.68028357788026	-3.55023544181943	0.000553689194827469	0.0019272957224083	-0.832529711441841
27086	0.0493073064750845	7.04209992505968	0.535947629108732	0.59300299834279	0.682486382375845	-6.64989904916743
27089	-0.0286337551328203	12.4555987411907	-0.519545904156387	0.60435276556837	0.692365304243375	-6.65850009877798
27090	-0.335256118160219	7.91247324103321	-3.68083615889643	0.00035179873431215	0.00129841713378837	-0.409684184511795
27095	0.115058495113404	10.1344039136303	1.8906303629078	0.0611248574529375	0.108299296988688	-5.03936738491791
27101	-0.484942293390092	9.59242007208594	-4.40168074802082	2.3711565934898e-05	0.00012718021728718	2.13284989547655
27102	-0.00748149460604843	12.1767263968635	-0.168093728345607	0.866797148259471	0.904464937420822	-6.77870300733067
27106	-0.0131036574611684	6.55730967962136	-0.161878179835424	0.871678488120297	0.908296242194229	-6.7797241761976
27107	0.121057771624569	8.05132563257838	0.863870924320115	0.389410409536665	0.491448431286914	-6.42230182703208
27109	0.00185975307598875	8.73457890342013	0.0259666156800382	0.979327804239041	0.987703436286798	-6.79243717659688
27113	-0.135396568088882	6.94256086335293	-1.8233416197669	0.0707814526564144	0.12254344978872	-5.1602490250104
27122	1.5247388539635	8.95730926228088	7.37978565205325	2.41625846053709e-11	9.32630602057774e-10	15.4510040848892
27128	1.64164801867007	6.8119611150467	6.65660370753118	9.28435749588425e-10	2.07828707089442e-08	11.903839340032
27129	0.203151011914456	6.32037876529392	1.53351715750261	0.127823805004082	0.198612608979254	-5.63325651825587
27131	-0.0267809319872705	9.58196257026194	-0.399530364060018	0.690224277242688	0.767845458589172	-6.71333190263308
27143	0.206636976029671	6.85230523576386	2.50985256214787	0.0134325106494633	0.0301583413874875	-3.73742155516471
27147	-0.0489217952948148	11.9290131611702	-0.394225345860818	0.694125824865012	0.77042183732666	-6.71542616016842
27148	-0.063040876794879	8.87683978676418	-0.972327683555002	0.332875389076463	0.434132194868743	-6.32383719490933
27152	-0.155515321192928	6.83369389049615	-2.19670733455933	0.0299946629165843	0.0593711755789568	-4.43799123326324
27153	-0.049779859622638	8.8878398398321	-0.879410652940353	0.380965027040991	0.482633607877084	-6.40889786868178
27154	-0.226123157888543	9.38093911057265	-4.83159563655417	4.10959400623733e-06	2.81003696121857e-05	3.80326825671292
27163	0.316591756113876	6.99347963711491	3.06154177169125	0.00272696648191261	0.00768500277741322	-2.30305881382005
27166	-0.339457949662244	9.85240983703675	-3.60846109088635	0.000452954574328262	0.00162176193495945	-0.645518926376106
2717	-0.525611972920938	11.0946287025418	-6.42342663617318	2.91486437520276e-09	5.36231174591866e-08	10.7938627556999
27173	0.0965683172840523	10.6734863573508	0.910532316689538	0.364397033750393	0.466148288489739	-6.38134473821399
27175	0.387551769514503	7.46959356267761	3.97134505292019	0.000123296093917671	0.000527135473995841	0.573651112882019
27183	0.10406180836367	7.76385571740163	1.94965136313257	0.0535886767891632	0.0969219334964939	-4.92994974644536
2719	1.07958404341075	11.8379029751397	6.50297828934611	1.97678018796421e-09	3.82393544557012e-08	11.1704953828816
2720	0.434418122584932	10.928894100154	6.04560374516214	1.78955330573765e-08	2.56626915024184e-07	9.03617737254219
27201	-0.103398072354143	5.51388542733174	-0.920558459067516	0.359158098140389	0.460516282309782	-6.37226704035965
27229	-0.124774076077789	8.15501537528614	-2.32851406835746	0.0215860326935601	0.0450481632260753	-4.15345424146228
27230	-0.237655149167177	10.1630559377292	-3.85782345043074	0.000186921635546143	0.000756108085020149	0.182508811143604
27235	0.00990829313012848	9.60708022385642	0.167934907499532	0.86692181396287	0.904480760810067	-6.77872957914522
27236	-0.173013969119977	10.316595033521	-2.46079137032546	0.0153097610710814	0.0337673234838804	-3.85275751137916
27237	0.219574002920916	6.10196562534531	1.2202317435024	0.22480867534448	0.316502413217216	-6.05593968190165
27238	-0.164560371836044	8.76406504610469	-1.97911022097848	0.0501310982013281	0.0914088829104365	-4.87415784278417
27241	0.100424601899208	6.28418156302967	1.1420055920348	0.25576245469787	0.351104848895531	-6.1468781750892
27242	0.140074616948614	10.8015526651498	1.716605508579	0.0886736861852558	0.148208144049011	-5.34349106678816
27243	-0.103913236981994	10.9444538752515	-1.48675362960259	0.139745547566175	0.214036384738847	-5.70224580387556
27244	0.326028142616218	9.54816193093434	4.98718042942117	2.12733820049106e-06	1.60034731658071e-05	4.43347533832386
27246	-0.0738663074766313	8.50166315284302	-0.949672802061415	0.34421844030469	0.445300597794322	-6.34535171115929
27247	-0.150731667369399	10.31672103567	-1.92567914801275	0.0565491689962833	0.101525900207353	-4.97477192617637
27248	-0.119733659793174	11.2195740195914	-2.19677960993459	0.0299893629003757	0.0593711755789568	-4.43783937943603
27249	0.0727606042183004	11.6116474898532	1.51138111708762	0.133363325000167	0.205672342139914	-5.6661694300885
27250	0.34423562511161	11.9578518205169	3.96813841662128	0.000124767617764491	0.000531285811891517	0.562483552699214
27252	0.192856923267949	7.54032742438787	3.17525729253489	0.00190986783962638	0.0056563314289401	-1.97707224885169
27257	0.0942020586536897	11.7901007435448	2.25924692788428	0.0257027722905429	0.0520709167353459	-4.30487711172955
27258	-0.0778943631068596	11.7747132986909	-1.5140262454835	0.132691647347827	0.204903127952439	-5.66226072693514
27286	0.732521539653061	6.61976286381423	4.5836212844333	1.14339090169391e-05	6.82892902963968e-05	2.82664112862486
2729	-0.0922241228483628	8.66773500037587	-1.4518826843665	0.149186401554411	0.226189367995491	-5.75235108731821
27292	0.109561134729373	10.3217861911744	1.34561962313105	0.181003688905772	0.265180998645207	-5.89795015978122
27295	0.950641804447625	7.87273772028008	5.89756256874391	3.59214190823968e-08	4.65794225464046e-07	8.36242994923309
27297	0.00908422267738025	12.2461691966702	0.0960570967709495	0.923638080291355	0.94702712800479	-6.78817798316383
2730	0.199582399884513	9.44246187693323	2.4482538443283	0.0158255598528585	0.0347287790607363	-3.88190249108905
27300	-0.104452731569593	9.69176052063678	-2.45409332116331	0.0155834261088265	0.0342793873925184	-3.86834462838262
27301	-0.133827593899454	9.35449648622708	-2.66995198029705	0.00865524580282324	0.0205792545570869	-3.34692007166443
27303	0.429251096789768	6.09741426548583	4.27552281221831	3.88868449962652e-05	0.000193032055089634	1.66357402221359
27306	1.7743687227358	6.66045932778849	7.65892177194656	5.70718240178827e-12	2.96486331061454e-10	16.8562349138443
27309	-0.152688081069045	8.3054966101284	-1.81320465892689	0.0723406065324021	0.124902468636631	-5.17810137135117
2731	0.136594618057063	11.2525881597117	1.53121684263478	0.128390881717569	0.199418706842257	-5.63669814227057
27315	0.235257336215268	10.3833181324192	3.6995673449816	0.00032934016333263	0.00123315945110042	-0.348044049598671
27316	-0.301806920561443	9.53354252412879	-3.14487180807007	0.00210243936660274	0.00615384449615117	-2.065160836615
27327	0.157005035441544	7.28404420588177	2.56918567661171	0.0114391648446782	0.0262635036827926	-3.5952121083746
2733	-0.101564320694498	9.93435396795001	-1.92565563724595	0.0565521388443138	0.101525900207353	-4.97481563025823
27332	0.0212095874438322	8.29387638605708	0.160531239904607	0.872736958003193	0.908911116886975	-6.77994039911028
27335	-0.00545146379653689	11.6869336270578	-0.0802529937057992	0.936171917529438	0.956435378947824	-6.78956557065218
27339	-0.34709926539569	9.20116813857932	-4.89333106117194	3.16937206829984e-06	2.25875869578574e-05	4.05176204168931
27341	-0.281902295713532	10.2494984266971	-2.54255068516119	0.0122985556819618	0.0279774359496018	-3.65941859460449
27342	0.178100542507613	7.83236639310958	1.41804366852731	0.158812006726088	0.238593520472442	-5.79987668659967
27344	-0.688671798236526	5.9672764336495	-5.09017132241764	1.36656735031635e-06	1.09697243086618e-05	4.85774581940739
27345	0.273915398089859	5.94893266501653	2.64621027993121	0.00924938790475479	0.0218410360472483	-3.4061839820775
27346	-0.292307390802847	10.5766795330049	-2.62704727905297	0.00975556353827686	0.0228533621174608	-3.45367620123459
27348	-0.331248926119816	8.73363737256999	-4.29864500623046	3.55407559049672e-05	0.000179004051082335	1.74884421169116
27349	-0.337876829721376	6.10343361970736	-3.67200440681123	0.000362884174929736	0.00133396674896289	-0.438661621019657
27352	-0.136982852840802	7.37907646950244	-1.98504344969596	0.0494581206249283	0.0903677180426699	-4.86282627400754
2737	0.419988583597717	6.945176818165	4.42320275317776	2.17726793778865e-05	0.000118084262417165	2.21388277030927
2739	-0.0403129968758004	10.9763092819267	-0.419347264389228	0.675724364375976	0.754356433267409	-6.7052619111571
274	0.860292727430213	8.86791324859603	6.4137651653303	3.05520332837574e-09	5.56076366751066e-08	10.7482698689697
27429	0.00215141468864902	7.35425973652524	0.0259998985880606	0.979301313510898	0.987703436286798	-6.79243631523654
27430	0.278826825025115	11.3643266103189	4.30657138327687	3.44587903892665e-05	0.000174085387532319	1.77815198161221
27434	-0.295785197938849	7.00143377622234	-4.45326741335199	1.93181976395358e-05	0.000106894849158405	2.32754999263586
27436	0.187939071453837	11.4251377258481	3.11045527323407	0.00234226427970264	0.00675907291793903	-2.16407198207203
2744	0.0111825311919304	7.5300115779675	0.128468096019185	0.897997121489022	0.928342456007425	-6.78455428415572
27440	-0.353694496524524	9.08527897497099	-3.89297590620583	0.00016446662926996	0.000675196002867728	0.302696430267996
2745	-0.0419500009518033	13.6144035105201	-0.529516859767041	0.59744121297456	0.686160236258323	-6.65330304353466
2746	0.0457348230335935	11.0051919942041	1.05290764938269	0.294533412879794	0.393391193575783	-6.24327391599531
2747	0.310793930895115	5.65335410241096	2.59573316586137	0.010636700450904	0.0246518366230267	-3.53062249634403
275	-0.307824993640995	8.31273116625147	-4.0447395261422	9.38124888915141e-05	0.000417839378021526	0.831125471615436
2752	0.552393123120438	7.90926675761092	2.81056100194607	0.00579139658335648	0.0145622331137061	-2.98638945740776
2760	-0.127282633454376	10.7202848910557	-0.841984740755361	0.401498773368043	0.50393251299499	-6.44077977031301
2762	0.0363461060846581	8.91577812393534	0.512997083652243	0.608911884831987	0.696395337231785	-6.66185996743044
2764	-0.0386879931625626	11.1266615361655	-0.793286599627591	0.429202200176625	0.531356440866145	-6.48021279133445
2768	0.096690397378993	9.42137989282017	1.8708482160175	0.0638418806442231	0.112294278986645	-5.07533351397134
2770	0.20482658129379	8.53657085965363	1.59166201022148	0.114134630785054	0.18131083776134	-5.54461747100121
2771	0.36919326922028	10.7234482303073	6.06411750965092	1.63925372517333e-08	2.39101671298923e-07	9.12105029305966
2773	-0.0977831543137092	8.29625096696099	-1.28324755835268	0.201918488364926	0.290413845358574	-5.97841574369659
2776	-0.246440320860661	7.92260736628359	-2.10038047228043	0.0378238112617358	0.0721035497396579	-4.6362763295794
2778	-0.0118025526034292	13.3722513520372	-0.241985764315004	0.809211008146591	0.861795116979222	-6.76361796249914
2782	0.233181270572422	11.6010427245418	4.14150578694256	6.51011278859557e-05	0.000301759436777774	1.17599688573185
2783	-0.0126346402767127	7.70312230829423	-0.198474658669926	0.843015064806318	0.886819209793707	-6.77315837609643
2786	-0.611243193437014	6.34745667893047	-3.86258799082822	0.000183715559506534	0.000744597900649642	0.198749667332514
2787	0.0936565331412311	9.43031470218323	1.70740715270029	0.0903747836370555	0.150412192795099	-5.35879156109052
2788	0.0707247626710894	5.90133952820865	0.77211130652254	0.441591271269267	0.543436218814683	-6.49663459569258
2791	1.02952783483188	11.380331711812	8.87163000970802	9.18101371635931e-15	1.45836871725246e-12	23.1292337863268
2792	0.30356105645884	10.6606653063269	1.18216309297171	0.2395163847138	0.332598947305037	-6.10092930212216
2794	-0.136849739993283	9.03613890499873	-2.48515600083203	0.0143500733782771	0.031897633504997	-3.79573561741169
2799	0.174525560867567	12.9438677422618	2.00373865032151	0.0473875965630294	0.0872540230964384	-4.82691406389402
2800	0.0145733181164302	6.372227231664	0.208919423746962	0.834871162588754	0.881620532214665	-6.77104000845637
2801	-0.20156328708241	7.84977873793733	-3.07553451503933	0.00261133247798704	0.00740337755062729	-2.26348972125662
2802	-0.19215773951944	10.7016729232133	-3.29384460815847	0.00130463291203737	0.00405732976409212	-1.62650953581357
2803	-0.0524520053241276	9.05209315998112	-0.756536824620057	0.450834374340494	0.552342321574085	-6.50843218701587
2804	0.00134748657801594	10.0369834648062	0.0128241047400673	0.98978976996702	0.993350428061632	-6.79269106750836
2805	-0.119828371858845	10.2178712722617	-1.67123676476266	0.0973235040853069	0.159692519615541	-5.41819819295285
2806	-0.244475999970023	10.1400100521582	-3.43160140386808	0.000827768994496489	0.00273276254777818	-1.2059495855777
280636	0.13489692934801	5.08096246350792	2.39496642235621	0.0181946019912283	0.0389850615946941	-4.00427416124132
2815	-0.655988851215893	6.87990417507132	-3.05765543062653	0.00275991321246236	0.00775404188263234	-2.31402148413972
2817	0.181764601742315	7.56404455804209	1.89798918177534	0.0601392065460852	0.10680495507862	-5.02589743937936
2820	-0.115839031400148	6.57498048586048	-1.45955354929766	0.147068411526829	0.223676133163618	-5.74142732749674
2821	-0.451600762638134	9.25524360488264	-4.78978979453865	4.89456455248045e-06	3.27892158990174e-05	3.63618585520744
28227	-0.156260786542398	6.01637452710482	-2.35789834466358	0.0200230603463342	0.0422885396217643	-4.08795938921246
28231	-1.32035662166548	7.46384651899632	-5.50098992849524	2.22389818583353e-07	2.29443942149563e-06	6.60324077771453
2828	0.30864806399468	4.88445001176025	4.42427717063862	2.16800037683059e-05	0.00011779463917463	2.21793545514812
282809	0.298923106118681	8.1449867610565	3.98931907199924	0.000115349724074331	0.000498320460697686	0.636375102440596
2829	0.013237140796823	5.94933606317895	0.0891891439807647	0.929082709355702	0.951192758958614	-6.78881154241869
282969	0.472238663830298	5.43721223620418	4.62532595461092	9.64852098731397e-06	5.90784161269187e-05	2.98843107068266
283130	0.0289215390423477	5.94621671204043	0.29199205818964	0.770805142905973	0.833030286589473	-6.75032803151307
283229	-0.00255619765210972	6.30212770369347	-0.024430411141938	0.980550533842779	0.988569194378293	-6.79247573278731
283232	-0.0711832550966446	7.3935011773073	-1.08465941714784	0.280282396907327	0.377610927818385	-6.20980082521719
283237	-0.420818308358302	7.393602200706	-5.58853276312251	1.49555729340384e-07	1.63619910510142e-06	6.9855995775814
283248	-0.608231428660563	7.15610971008528	-4.93715331171874	2.63250774536e-06	1.924293272272e-05	4.22941133212218
283254	0.0654866548946809	5.7979818535112	0.674932398479301	0.501038295554572	0.598925661545696	-6.56635219303097
283377	-0.306788533049025	7.65261887616251	-3.81924772005402	0.000214912910144678	0.000848556710227076	0.051587919411217
283385	-0.399952891375727	6.76803788410572	-3.00712948807023	0.00322311358781247	0.00884188583039886	-2.45546452569072
283635	-0.0563394089014582	13.8378216564865	-1.40222483969107	0.163471897544437	0.244261554579785	-5.82172225657863
283849	-0.182562247498784	5.98281058964084	-1.73860415048538	0.0847112073110617	0.142479041415062	-5.30658184826847
283899	0.0531278348712642	8.55559873050692	1.06926638658646	0.287130867638729	0.384828973989275	-6.22615011897932
283987	-0.226293535162845	8.10710086699738	-3.19973722590505	0.00176679511941268	0.00529141685509381	-1.90558645106301
283991	-0.0409289135274499	7.75252736866409	-0.502943355392938	0.615941022183083	0.702232276498587	-6.66693545769795
284	0.0821589191047392	8.1522331389738	1.18209391881233	0.239543721249112	0.332598947305037	-6.10100978575944
284018	0.735214561395913	10.3504311975012	9.54711444147065	2.36149569764275e-16	7.80238178501164e-14	26.7025027752676
284086	-0.0398048766808656	5.9115322846713	-0.454722872996351	0.650143600100381	0.733131213218996	-6.6898881228617
284119	0.5962244663534	11.4831872658609	4.96804797075769	2.30828664648452e-06	1.71615190818741e-05	4.3552749656472
284161	-0.148353348689946	8.90025349640988	-1.02798013366346	0.306060585631069	0.405918503100936	-6.26886900837271
284207	-0.0909373998145525	7.60336152104172	-0.91704367276863	0.360989188639684	0.46257690011849	-6.37546049233555
284252	-0.134617030162684	6.31186036872274	-1.63362555737328	0.105001403347226	0.169595540017224	-5.47868469619325
284273	0.400014452777943	6.62000622913586	3.63378886828817	0.000414776332862638	0.00150265460940587	-0.563411905992179
284309	0.226788456625557	6.0196259386399	3.23281975807606	0.00158926044324424	0.00482798501699058	-1.80824908638501
284348	0.261671829472524	10.6887582172123	1.0865681225356	0.279441096765661	0.376723267387687	-6.20775758425178
284361	-0.209791729511293	7.79507861365002	-2.23859726562572	0.0270563156041098	0.0542571417552675	-4.34920872479648
284370	0.0201468101935511	8.2299170642913	0.316602909856695	0.752104024047211	0.818711022486816	-6.74287466830374
284406	-0.046023071274121	6.72686406409225	-0.594895023954284	0.55305206763828	0.647034300051397	-6.61679224927275
284443	0.0573462279860446	7.64546002801782	0.548033784598319	0.584703371638774	0.675948194504726	-6.64339086441067
284459	-0.0125159076809781	6.47481170248578	-0.174571538218125	0.861715315018373	0.900527391453917	-6.77759783126744
284695	-0.310080785763389	6.41614108383376	-3.38060795877924	0.000981083045434372	0.00316305462735672	-1.36327921866002
284996	0.162847033464007	11.1520390752425	2.91583690129924	0.00424615029958978	0.0111378855111501	-2.70589899062709
285	0.127298785423208	13.044602077135	0.664222114520747	0.507843282039667	0.60513351264392	-6.57346773078437
28511	0.168508103799946	9.08336793412333	3.05202825497104	0.00280827095968149	0.00787383507364871	-2.32987372397275
28512	0.0160789367586812	8.87024419099383	0.250969088763262	0.802274259954597	0.856336453148471	-6.76141371419582
28514	-0.246906302927296	7.2408237495899	-1.85604954638158	0.0659398677545151	0.115639768079043	-5.10200616553682
285172	-0.184019316951442	8.06100131642728	-2.11622956183312	0.0364257324578387	0.0700115862133823	-4.60421670507846
2852	1.05975979625592	6.60813132912377	7.61039489569179	7.34350457768985e-12	3.56807928304225e-10	16.6106809318502
285268	-0.109128999532206	8.2269369419955	-2.08887926940619	0.0388670794725122	0.073766518327873	-4.65940111598946
285282	-0.262653408226168	8.86960085118926	-4.0837012309407	8.10346080528002e-05	0.000365164136670011	0.96924969027318
285343	-0.310174087155851	7.0761899191468	-3.75533537028468	0.000270246732714662	0.00103776755565928	-0.163065807535842
285362	0.14529968162052	9.22968987727465	2.45162805797398	0.0156852426369912	0.0344849891353599	-3.87407193042959
285367	0.131714697573309	8.46602017540674	2.01065715979353	0.0466403008029866	0.0860695663607837	-4.81354441414434
285381	-0.227715153570376	9.51618911763856	-3.34519889351668	0.00110279461236552	0.00349811194244978	-1.47138821413924
285613	0.19540793614158	7.00908614223697	1.92242734247924	0.0569611829091864	0.102104898183568	-4.98081194117986
285753	0.13799928763057	6.61652249531469	1.31667023617393	0.190499289181944	0.276785246902878	-5.93575841201585
285761	-0.147281146583698	6.44683690417384	-1.62050744501603	0.107791171732113	0.173220832394408	-5.49947201679223
285955	-0.041289835928102	6.62461513404027	-0.25809970644068	0.796779319239916	0.852071100067543	-6.75960693568911
285973	-0.108049351679488	6.17206727543608	-0.694224633443383	0.488905101709093	0.587780449590757	-6.55325023320106
286006	0.0283068743111911	5.48247615127281	0.291495480171582	0.771183913078415	0.83322159869558	-6.75047222470852
286053	-0.0763110985830582	8.18456776818165	-1.14173584293531	0.255874145143567	0.351141458528969	-6.14718157849604
286097	0.456425107040251	8.16806376607394	2.27534830610432	0.0246888839230404	0.0503407013587542	-4.27005127922124
2861	0.317947821216286	7.8878982872327	3.37503484380432	0.000999365403568764	0.00321321846379058	-1.38035680911494
286148	-0.014385621785725	8.28462282511349	-0.318304060168703	0.750816652826985	0.817632900771377	-6.74233724042127
286257	-1.22041174325515	8.94668028433081	-6.4954016399819	2.05144856920809e-09	3.94987533372e-08	11.134530925252
286319	0.13832621730724	8.13984227984554	2.18354479290894	0.0309735804955636	0.0609582499150239	-4.46556960906839
286451	-0.389970922305954	11.1015848353505	-4.89662353756945	3.12559043637385e-06	2.22947987948601e-05	4.06507316946311
286676	-0.152784035820076	9.17050831735268	-1.04836332068279	0.296612575041521	0.39567504357929	-6.24798480365684
286826	0.074882910649792	7.48679167531584	1.01218758408248	0.313518207059908	0.413957127465946	-6.28477286115132
2869	0.225100827358378	9.93616741419713	2.73746544908098	0.00714972433662798	0.0174569089626211	-3.17584056379204
2870	-0.0438639789237835	5.56630405618977	-0.628559950115055	0.530851300883873	0.627659854752475	-6.59634589699794
2872	-0.0583669991253054	11.0878731686209	-0.773593340223296	0.440717480335632	0.542603426378346	-6.49549956280204
2873	0.038954599279966	10.5433278165309	0.740254270879447	0.460615245523913	0.561493791031216	-6.52051158242985
2874	-0.0688365323464985	8.45802415782307	-1.13829303109915	0.257302666859166	0.352691674121592	-6.15104776450422
2878	0.16637197066183	10.6877382903324	1.13979946798108	0.256676914646803	0.35201756287591	-6.14935748104487
2879	-0.0210058146677457	12.5983892508417	-0.448004393419394	0.654971023116907	0.736965079818233	-6.69290329457568
288	0.438713236286051	10.8672525408351	2.39525554134231	0.018180942527605	0.0389760148658234	-4.00361679124858
2882	0.292448194845136	9.87925664703007	1.88902059159478	0.0613422694520196	0.108637895727633	-5.04230743011589
2885	-0.389582873343534	8.6252779486155	-3.72427085611974	0.000301792663789438	0.00114296533833139	-0.266373013787137
2886	-0.0977029375397835	9.1797979844615	-1.1960262132588	0.234082788643777	0.326774350886867	-6.08470688876333
2887	-0.0591448925939056	7.25080722878261	-0.678741104938482	0.498630206613965	0.596651529281668	-6.56379460072844
2888	1.63754694216681	6.66153090220185	10.294319138599	3.98707937517335e-18	2.53332889530245e-15	30.6871888153852
2889	0.184560354568397	10.3596329126006	2.76402317151421	0.00662583800020487	0.0163371408602066	-3.10751355085538
28955	0.293096843230444	9.71347692745158	4.06830206435339	8.58720644667404e-05	0.000385490898095259	0.914538851253309
28956	0.254502406900749	11.0634313518738	3.73015707362231	0.000295558942864049	0.0011234776199066	-0.246849762861808
2896	0.172385974774045	11.0647314955382	2.12612326845401	0.0355757872896474	0.0686579446290858	-4.58409053174196
28960	-0.27841707900239	7.12184373468749	-3.04423170360351	0.00287656714184038	0.00802175712072974	-2.35179616716342
28962	-0.153416005100583	8.45006441927177	-2.27388350858796	0.0247796476274334	0.050488379231031	-4.27322886403368
28965	-1.14474549045873	8.52537689043619	-7.90935952737349	1.5421994497528e-12	1.01908539639665e-10	18.131269519057
28966	0.474177884700865	10.1980072322392	4.22961837853196	4.64489985828975e-05	0.000225422284544497	1.49528189922332
28969	-0.239777298177938	12.7374589454126	-4.87256040783759	3.45961918181736e-06	2.43203867589884e-05	3.96792450503175
28970	0.0534891237005183	9.61956176166741	0.724959191202641	0.469911411069382	0.569620818712612	-6.53162124415534
28971	0.164347479796985	8.47703560572848	2.55420154037386	0.0119157491434938	0.0271964874068137	-3.63140655458062
28972	-0.107798609101175	12.1838255937076	-2.18358640350678	0.0309704426044138	0.0609582499150239	-4.46548266641351
28973	-0.234615334185299	10.8038699261449	-3.74474261138219	0.000280634384189502	0.00107267006636062	-0.198368453496789
28974	-0.231736249295428	10.0442124293261	-3.56912803670583	0.000518890364418803	0.00182288867414912	-0.772117343248487
28976	-0.308275516791973	8.75802121162135	-4.02332366778037	0.000101634692820528	0.000447734700105366	0.75562827278425
28977	-0.377870620884495	9.70110212225638	-6.04857397212479	1.76455877292785e-08	2.54367460111414e-07	9.04978475947045
28984	1.9900577306758	10.3461110709393	8.29137499652325	2.05023317397122e-13	1.92506837530244e-11	20.0987210425664
28985	-0.0276986861083942	10.3736088914424	-0.26318157426088	0.792869369678177	0.849077871797528	-6.75828842062016
28986	0.621477762406522	7.53048095814758	5.1377066056664	1.11213165403142e-06	9.09525491316788e-06	5.05542566234976
28987	-0.303504851932437	6.78108370546683	-3.64356649832006	0.000400868822953341	0.00145995435520044	-0.531592663774072
28988	0.109225121389823	10.9975627568804	1.8940638621939	0.0606632959531418	0.107573813776932	-5.03308866087116
28989	-0.532729523872929	8.18490514068032	-5.72761972564909	7.90886926196597e-08	9.26627802891333e-07	7.6001680675372
28990	0.0698174326297892	7.78298032996147	1.08318285769667	0.280934414369196	0.37824258560547	-6.21137904509997
28991	0.232510769138037	8.8625075591936	4.31782588220832	3.29768015101326e-05	0.000168244830434648	1.81983265713012
28992	-0.286668499636687	6.47013077887595	-2.48656055850279	0.0142964246286531	0.0317954947314686	-3.79243304417415
28998	-0.0128360009159989	10.5821537038363	-0.199409117574156	0.842285749882126	0.886503605253104	-6.77297327388537
29	0.502049932579277	9.33989184836486	5.74871949082959	7.17520090392829e-08	8.4862097086489e-07	7.69414070802458
290	0.278817707165302	7.17506011717118	3.11157745708689	0.00233406004812507	0.00673867039409756	-2.16086140624159
29028	-0.425690753672852	8.07866238922442	-4.58156470932341	1.15297542930483e-05	6.86631365973896e-05	2.81868905834852
29035	0.177961966147038	9.07879407455912	3.1885258238195	0.00183103473615679	0.00544237024852647	-1.93838295226172
2905	0.833785143365845	5.5882062457839	6.58385485535326	1.32915706963619e-09	2.80788680184014e-08	11.5555971575134
29058	0.0956533586493849	11.6698813313812	1.75936720279866	0.0811055090140371	0.137450041948286	-5.27133647648578
29062	0.0830038333792403	8.55470534210999	1.04715244538511	0.297168259310985	0.39622434574798	-6.24923668624759
29066	0.19285605967726	9.26661186075081	3.74741939345005	0.000277974226972096	0.00106299403462477	-0.18945488686073
2907	0.181656397452517	9.80085695602301	1.77254522103314	0.0788831745033226	0.134262316381093	-5.24876092457048
29071	-0.253887180775114	10.1058136731903	-3.39834987271411	0.000924948268523187	0.00299963592383256	-1.30875907513872
29072	0.128515421732216	9.47337949705099	3.36902125207429	0.00101945072658168	0.00326508840696575	-1.3987581715925
29074	-0.0828394151424983	10.8282736372176	-1.30000921161857	0.196130042785015	0.283222754091648	-5.95715603604888
29078	-0.0360825702752572	8.9567156421941	-0.239300293905487	0.811287654439053	0.863594099082256	-6.76426131735357
2908	0.904738635857046	6.91898863862094	8.22098341085682	2.97895913353476e-13	2.59012657294707e-11	19.7343334158297
29080	-0.0804316640439854	11.0303956999465	-1.80213917836444	0.0740749772524709	0.127285065967425	-5.19748154190729
29081	-0.0349489306095756	10.2501712576608	-0.650302239150499	0.51676042578895	0.613546229267892	-6.58254678452226
29082	0.0165140336701245	9.74627465071281	0.228810897780108	0.819411755732201	0.870190422004112	-6.76670552435548
29083	-0.10788144765749	8.40061203130558	-1.55714981003986	0.122111470773259	0.1912477718216	-5.59761125537002
29085	-0.280823253699974	10.7525962553785	-4.59872831100003	1.07530885777418e-05	6.46827577173924e-05	2.88513059668863
29086	0.0103816324411908	9.76441462384295	0.201098650538571	0.840967472274565	0.885567481003047	-6.77263639729654
29087	-0.121766392317433	8.30392580143618	-1.66303136698826	0.0989585828728953	0.161828923882422	-5.43150615424428
29088	-0.0700655506696428	11.3810449606343	-0.993806748277201	0.32234937301656	0.42398181864917	-6.30297853391366
29089	-0.381346782818523	9.63621166421803	-4.49190728411354	1.65531094852944e-05	9.37782471526284e-05	2.47443754399616
29090	-0.102547752442143	10.9092234211427	-2.03606192128835	0.0439817994206646	0.0819385968097742	-4.76408256289117
29091	0.431656233918329	8.2686085448012	2.54014227634105	0.0123790504152266	0.0281373022646593	-3.66519481811815
29093	-0.0339852306762315	10.447368448737	-0.539831384667527	0.590330044889394	0.68054796521792	-6.64782346003031
29094	0.438212027835344	7.06300833046586	4.71230355037404	6.7509475195803e-06	4.32269972959173e-05	3.32908515819414
29097	-0.0556920148139291	11.7670238619426	-0.973878906146199	0.332107750292054	0.433539181673239	-6.32234579767552
29098	0.214991930451569	8.06871903598121	1.08706870672822	0.279220742347394	0.376487648023094	-6.20722113355025
29099	0.0382732803299478	8.77444763169277	0.584004209790412	0.560331611112845	0.653074517820248	-6.6231673565783
291	0.128873467388853	11.0268046725422	1.59834593317243	0.112638874904448	0.179440136299083	-5.53422564902779
29100	-0.338372715612686	10.2850891138177	-6.08664795742749	1.47301465506577e-08	2.18439875239556e-07	9.22451785838615
29101	-0.132192781754049	11.6426372262122	-2.30984188451364	0.0226342340715305	0.0469104776819758	-4.19468395472414
29102	-0.245791866847948	8.83718720522712	-4.38906771867511	2.49240805688724e-05	0.000132564652607139	2.08549152568872
29103	0.269439881521055	9.13625367264714	2.81401819375883	0.00573340964128502	0.0144645870509971	-2.97732090441318
29104	-0.233645917361088	7.08570158941052	-2.97397897805105	0.0035649324017686	0.00961829131493925	-2.54717036697014
29105	0.0442312285346383	9.9911573168086	0.721021251909506	0.472321730161812	0.572049485503896	-6.53444437965471
29107	-0.0566595638590128	10.0770298328259	-1.02073525275514	0.309466882594635	0.409581229006839	-6.27619497660963
29108	0.688292310968411	8.30249919377799	4.76034712801733	5.53273748986417e-06	3.65311044494628e-05	3.51909839790672
29110	-0.0165237012677257	10.4800808898439	-0.276192943399082	0.782882753260532	0.842636279804303	-6.75479552958329
29115	0.0979259725710152	6.92146897306876	1.5935984289277	0.113699670593329	0.180816187736022	-5.54161111544786
29116	0.337548189394373	12.4827089126097	4.3191732064604	3.28035511589721e-05	0.000167567923669208	1.82482770516687
29117	0.0797414204794071	10.4754175311463	1.67919727576676	0.0957581937449897	0.157719377932924	-5.4052277416807
29123	-0.00572918803579493	9.40309773490764	-0.100058151945424	0.920467861821555	0.945302068711432	-6.78778723890238
29124	-1.0541374809681	12.8597943712208	-8.27515283687763	2.23473893518093e-13	2.0740386072578e-11	20.0146760649011
29126	0.0484993897466208	7.25410176747815	0.29300137409991	0.770035447092627	0.832525234683914	-6.75003419743528
29127	-0.480818145826398	9.21229115768044	-4.17919331845447	5.63801028609063e-05	0.000267489747059785	1.31195420795077
292	0.106268121688645	13.5995087190885	2.37659963384899	0.0190812110261645	0.0406318131157821	-4.04588725460958
2926	0.10998557537248	9.73980380753294	2.88292079333738	0.00468292193155762	0.01212121919482	-2.79456007736884
293	-0.0740381353246452	11.2969473196778	-1.07725852894513	0.283560954459151	0.381033590992775	-6.21769007200643
2932	-0.140183285986037	9.22893483331144	-1.62836899864243	0.106112242590487	0.171055254449146	-5.48703361227231
2934	0.130719302277432	6.88285797165995	1.02152845433319	0.309092714252971	0.409217153346617	-6.27539537815599
2935	-0.298958175249903	11.9783563816213	-6.06247514298174	1.65206894114915e-08	2.40112801264146e-07	9.11351573317654
2936	0.31860811294356	8.38837093058772	4.08398106410782	8.0949162634544e-05	0.000364978211441776	0.970245326916215
2937	-0.00483997695028337	8.40210685410303	-0.0730153019021625	0.941917493622135	0.96111655309683	-6.79011799526576
2940	0.665174462052893	9.71925297703203	3.77653760532535	0.000250541311233844	0.000971194869887236	-0.0921702844625072
2941	0.180317551466581	11.3502787667587	2.34341960382389	0.0207802385205741	0.0436532986215519	-4.12032457461647
2947	0.279088754619819	6.45345237876131	1.42024182990878	0.158172613297823	0.237762654383989	-5.79682232029057
2948	-0.0961301776451114	5.52954615864928	-1.05323067760887	0.294385995628828	0.393276455425218	-6.24293828702309
2950	-0.179919845765653	13.066930724074	-3.54059320353419	0.000572286895594879	0.00198034761525501	-0.86326303957901
2954	-0.131166447973737	8.14912131139089	-1.97079077629688	0.0510878132434891	0.0928869331699803	-4.88999330207887
2956	0.110294345508972	10.8785532522344	1.9548332882496	0.0529662494391478	0.0959222145072048	-4.92019251263808
2957	-0.302148442586354	5.97488680185343	-2.80071733388588	0.00595944808468531	0.0149076442094187	-3.0121570415349
2958	0.117205606565274	11.2464371819718	2.58554547395662	0.0109384535943116	0.0252450975809632	-3.55547898279307
2959	0.0302070764872622	8.84124321216423	0.424074054275176	0.672283470971144	0.751225848244271	-6.70327950958538
2960	-0.132581489978261	7.90805989184391	-1.92984899334283	0.0560245151493083	0.100731931896667	-4.96701269727952
2961	-0.12956017107277	10.8384602243665	-2.86878239956649	0.00488287662424229	0.0125960527533546	-2.83237470624725
2962	-0.0841920282536234	8.52618873052462	-1.38646419378209	0.168217741966549	0.249829573449936	-5.84325180520049
2963	0.00853513114927656	10.5454973200373	0.188046657742092	0.851162892717119	0.893002094988366	-6.77516505494988
2965	0.201437562366406	8.19431809141243	2.59039243984519	0.0107939415968983	0.0249602344877884	-3.54366395256585
2967	-0.375029840037984	8.64891435305834	-4.57207974598889	1.19819366387968e-05	7.09977020347646e-05	2.78204601928719
2968	-0.148462214604884	7.87046943499757	-1.72452528461937	0.0872300623699887	0.146120526298136	-5.33025474796477
2969	0.306616447257345	7.36200513485592	2.92481527914915	0.00413368615592477	0.010887834071409	-2.68156430790983
2971	-0.119180988986321	10.8227848779523	-1.5397590131649	0.126294990704126	0.196755304265576	-5.62389274771276
2972	0.074809231985246	5.92893010854191	0.988652025526716	0.324855217623151	0.426565198305106	-6.30802524220247
2975	0.268416918502323	6.66936265060839	3.1230185591957	0.00225192237636394	0.00654729983413098	-2.12807242365138
2976	-0.101466052750696	10.2607172539902	-2.3318349431557	0.0214041585728404	0.0447161819913697	-4.14608979342291
29760	-0.142937061113517	6.74080765461042	-0.837234098648384	0.404152514394463	0.507032164170454	-6.44472874892467
29761	0.0131701746829921	7.46706134928146	0.146552191439261	0.883735433802021	0.917272516110165	-6.78207781265899
29763	0.0491311018666967	7.32058933251933	0.521861277481638	0.602744583483986	0.691002117915021	-6.65730204690121
29766	-0.276435131888264	6.67257516209366	-3.34978357065865	0.00108627476845696	0.00345366804751905	-1.45744335589207
29777	0.14961356440092	7.25549324450454	2.39870443722257	0.0180186988906074	0.0387488812383277	-3.99576949081548
29781	-0.217675840076155	7.77650805844016	-3.77255538941924	0.000254135117187119	0.000982750968148692	-0.105509735999307
29785	-0.826534027401757	7.28236706377088	-6.02656583714641	1.95822871436618e-08	2.78398781078565e-07	8.94904235243276
29789	0.055567254996734	5.23053548505072	0.817513269080597	0.415281866267675	0.51769215444778	-6.46088561874416
29796	-0.161786192297108	8.61354451010274	-2.16878097329431	0.0321045236284885	0.0628247726063292	-4.49632124530547
29801	0.0821026244717105	10.5648173000672	1.25244482758117	0.212882988710691	0.302757143035521	-6.01678484650764
29803	0.0183778813289673	9.94782778325234	0.289685900810161	0.77256465593099	0.83438599084597	-6.75099560517884
2982	1.40807706144816	8.39441399621981	6.98279672349605	1.82233340089012e-10	5.15418606987234e-09	13.4855465871769
29841	-0.276364957503703	9.32240962398548	-1.57247928931377	0.118515477785964	0.186748921501729	-5.57421013997374
29842	-0.0904007353938578	7.96548803548585	-0.866505117309215	0.387970738977206	0.490005856873352	-6.42004628009657
29844	0.446793312357059	7.66661470383376	5.77062769427057	6.48410274680121e-08	7.79602455437817e-07	7.79191693995297
2987	-0.222272668666936	10.7042397159407	-3.50470132828393	0.000646820618002392	0.00220684657409448	-0.977070767864443
29880	-0.093019227863794	10.6594307556477	-1.13873134994432	0.257120485031122	0.352558965198716	-6.1505561784496
29883	-0.281162002097913	9.82057969792289	-4.68597313552171	7.52494287804127e-06	4.75562572093503e-05	3.22550281041732
29886	-0.0485687993367699	9.13051254517748	-0.732852883659156	0.46510066104994	0.565268907924457	-6.52591631644671
29887	-0.683300976176103	10.208713655793	-5.74853161458563	7.18142928129005e-08	8.4862097086489e-07	7.6933031096985
29888	0.177790537645527	7.88690134983724	2.93636925175698	0.0039929876880434	0.0105949496637451	-2.65015383939018
29889	-0.27789742357947	10.8190780760728	-4.33381844757697	3.09759521925035e-05	0.000159740174007255	1.8791958696863
29890	-0.219936573402144	6.3944720206212	-2.27708259488084	0.0245817988338346	0.0501595005848502	-4.26628666669721
29893	-0.0937475922641393	6.34067051881354	-0.903221514173151	0.368247467539707	0.469982089288934	-6.38790217088564
29894	-0.214278003065778	8.4904119092889	-2.98719144948346	0.00342487950334002	0.00932365613364128	-2.51072454739802
29896	-0.166486596684883	8.09603260665858	-1.91983294598946	0.0572917123408874	0.102586070655914	-4.98562399086184
29899	-0.528053152930497	9.21988910915637	-5.9676429315379	2.58558591731857e-08	3.53591716507474e-07	8.68027029370008
2990	0.149135842494904	10.0746578933263	1.99750614756533	0.0480695004771815	0.0883127388659962	-4.83892121162024
29911	-0.140473879636273	8.54395919642477	-2.62723709774818	0.00975042937627891	0.022847814651933	-3.453207270624
29914	-0.507041492575	8.73872831788749	-6.40369097293065	3.20863154715198e-09	5.76158621292943e-08	10.7007640392929
29915	0.230134216936017	7.96769642918608	2.97522475487899	0.00355150523950088	0.00959682325441753	-2.54373988709417
29916	0.114228256576807	8.89543147700104	2.23584174102329	0.02724156685304	0.0545888748680521	-4.35509617184405
29919	0.255031646124264	9.20890675518184	3.85057538309976	0.00019190121059939	0.00077246783603848	0.157832098712931
2992	0.137154333114989	10.2617960939375	2.55716549523179	0.0118200868410004	0.0270379167285138	-3.62426207736741
29920	0.159860186787435	8.67531927962111	2.55096708244615	0.012020934740292	0.0274214087143916	-3.63919461482753
29923	-0.409179711074571	10.2355141977314	-2.83868207159264	0.00533487187140471	0.0135922398697726	-2.91234318048844
29924	0.0365898072073168	11.3469559613102	0.61569245367829	0.539282601995196	0.635264445590462	-6.60429294791013
29925	-0.652034073711749	8.77512535063299	-6.69810039592313	7.56049649508275e-10	1.74440505724535e-08	12.1032435197396
29926	-0.522080327775443	9.31223970351461	-6.57041743744575	1.41997216753693e-09	2.9544005299383e-08	11.4914627501589
29927	-0.105259907819199	11.5549532597029	-1.72122343018006	0.0878295756210119	0.146906776848948	-5.33578017464843
29928	0.136398062285503	9.84009112238426	1.43701211122602	0.153359351753535	0.231581032081207	-5.77336947641394
29929	-0.175244093416481	9.73020975391412	-3.1946423427168	0.00179572343692033	0.00535862557404693	-1.92050238511478
29935	0.332399100850281	5.98489519046166	2.38720504584623	0.0185647064604194	0.0396546354701484	-4.02189432471381
29937	-0.441623143979416	10.9696385447759	-5.09612496636379	1.33183600742619e-06	1.07013282308758e-05	4.88244089394393
29940	0.575328185184959	9.55921950093848	5.17602004043997	9.41226869996834e-07	7.83294449689425e-06	5.21559611430548
29941	-0.133045674597531	5.81524945803714	-1.22228858447252	0.22403304660757	0.315733315983369	-6.0534693125897
29945	-0.177441189635834	9.71232373313888	-1.75406620238527	0.0820138663033617	0.138733265546952	-5.28037268350775
29946	0.138689384979298	9.39146554862558	1.56997966441508	0.119096034591525	0.187484895316561	-5.57804092287436
2995	0.717270061484868	9.35380815780295	3.73306604168739	0.000292523521186269	0.00111245132826822	-0.237192423730869
29950	0.109177057684441	8.1602186175428	1.14284262302785	0.255416097859813	0.350687660957789	-6.14593626867416
29952	0.36069994140567	7.02579019653843	2.72328981916861	0.00744451769807946	0.0180751664274357	-3.21207387320272
29954	0.290439808787642	7.36904471181932	3.48223207765923	0.000698037111227498	0.00235743896634683	-1.04783983978521
29956	0.474901465993229	9.66657802053519	6.50856805319945	1.92341752116151e-09	3.76479353668106e-08	11.1970410556213
29957	-0.0583920460688521	6.98606979743403	-0.423418022006874	0.67276062015099	0.751555683317173	-6.70355597144914
29959	0.0460158122642388	7.8690594783914	0.691964413182387	0.490318250569096	0.589009416768576	-6.55480415983096
29960	-0.104254856302694	7.75087690503897	-1.52995454215499	0.128702906231259	0.199865765269824	-5.63858462864266
29965	0.134593920727707	5.41454148672352	1.90709331921463	0.0589382874071574	0.105078837466678	-5.00916471668529
29966	0.0749813367904519	9.85219836086961	1.25615771911944	0.21153872960514	0.301364247419534	-6.01220799982417
29968	-0.933716478424009	7.9938022458473	-5.72988672475102	7.82664313689857e-08	9.18296481687247e-07	7.61025543126146
29969	-0.0107594823022307	6.55519204057646	-0.14437651015811	0.885449321472707	0.918589725617252	-6.78239298317002
2997	-0.536216486354185	5.92464230174182	-4.63037734132471	9.45152461150101e-06	5.79151285541531e-05	3.00809614792654
29978	-0.0139893280710401	10.3726814476569	-0.306248888055904	0.759954534017583	0.824453461787369	-6.74608370892647
29979	0.122173417727669	10.8271530188292	2.13783338072113	0.0345919894923671	0.0670317487080489	-4.56015713397454
29980	-0.29156949294929	8.7695518086354	-4.32263658595899	3.23622095060487e-05	0.000165826209999977	1.83767295328965
29982	-0.315964345569546	9.59147490638239	-4.05592289568464	8.99599672070723e-05	0.000402747603864725	0.870670122677524
29984	0.184601231012237	9.32327240738898	1.60814807151693	0.110473661170237	0.176433186633054	-5.51891041637091
29985	-0.179000369062248	9.60679694822993	-2.8280451518436	0.00550353775096327	0.013961677464053	-2.94042706809492
29988	0.204639829484672	9.29296299128517	1.77075986542191	0.0791812859735635	0.134686454312528	-5.25182880656564
29992	0.0667236689066763	6.51414155152254	0.507742281683002	0.612581312342657	0.699463870604139	-6.66452525955422
29994	0.256161859443679	9.67792820757459	2.45497481419188	0.0155471632216588	0.0342178439144422	-3.86629548309971
29995	0.32667213707646	8.95663703908153	2.70100903229609	0.00793023034358556	0.0190806008266871	-3.26868928897313
29997	-0.000439794186097307	12.4460328251611	-0.00950285843208771	0.992433968545179	0.994598721478543	-6.79272799695415
30	0.0163575066452549	8.53433561592248	0.207103373542446	0.836285896409342	0.882663110700379	-6.77141612843908
30008	0.588922027474821	8.94814633030682	5.47890098474201	2.45676292149232e-07	2.4960469534473e-06	6.50732043877673
30011	0.549454877172881	10.5486331766083	5.26298080108683	6.42834731981218e-07	5.68502664471613e-06	5.58188033581269
3005	0.00873423673208471	10.7704690075741	0.102519820102173	0.918518002457377	0.944171854495843	-6.78753891070099
3006	-0.519471713387446	12.3100342392097	-4.83335841714809	4.07933332364071e-06	2.79189912060081e-05	3.81033468787942
30061	0.175988109261322	12.3885708291874	2.22014169415826	0.028318358453247	0.0563909452323578	-4.3885138088057
301	0.207767587277499	13.2632611261696	3.99476716440289	0.000113039336889113	0.00049064893468422	0.655429803413479
3014	-0.354517518892265	8.04563687411791	-3.4135680317785	0.000879214097390676	0.0028657076609196	-1.26180807434101
3015	-0.0298397966908004	12.7572844242867	-0.49077843290658	0.624494109434185	0.709730509621129	-6.67294301891142
3017	-0.170404981650347	10.3473889005901	-1.38590002293151	0.168389546992438	0.249936686101983	-5.84401811634799
302	0.0615255813541936	13.3929405857826	1.00585328846144	0.316543167363488	0.417142080794896	-6.29108382342092
3021	0.480885797379871	9.51351528894454	5.81881667238495	5.18566944770345e-08	6.4218335289401e-07	8.00770549998266
3028	-0.330134383023256	8.17602916347533	-3.5246401354051	0.000604356050815401	0.00207826019139684	-0.913963359340687
3029	0.109044859278084	9.67320012698516	1.8855757854999	0.0618096962909213	0.109348488190835	-5.04859102151201
3030	0.0905700617897271	8.2497951695664	1.16864039125378	0.244902762132278	0.338400182968375	-6.11657543529838
3032	-0.00035564141656006	9.30267285960952	-0.00581497440980849	0.995370161794722	0.996455888549801	-6.79275613000773
3033	0.0223140117144671	10.3139141624594	0.275422006264073	0.783473479888908	0.842907751128967	-6.75500717766707
3035	-0.432517979611175	9.27825535056796	-5.42538515101824	3.12430555441997e-07	3.04325045748927e-06	6.27587508356276
3043	2.330490768006	11.8208454555472	4.82179600451949	4.28183174930816e-06	2.91333857078133e-05	3.76401589736134
3045	0.176421464149309	5.04098378502486	2.32197032427565	0.0219484048468147	0.0456314684205108	-4.16793780826999
3046	-2.25175511337626	10.6004719548387	-2.91946571035379	0.00420036126573778	0.0110353002719447	-2.69607137189763
3048	1.72257840677268	13.1301115245816	3.1920929398586	0.00181036366137841	0.00539257260836122	-1.92795861025587
3052	0.219781585556851	8.24939157359265	3.41534299228023	0.000874020387317369	0.00285239367808829	-1.25632079622693
3059	0.0699696106826439	10.6104072422762	0.831774366869966	0.407215451312197	0.50986982125505	-6.44923989250907
306	0.420956744579411	11.0324262230255	3.47625901912797	0.000712280902349354	0.00239456257769868	-1.06659046263571
3064	0.0770973609071971	5.61659436575195	0.998545647560899	0.320056968591284	0.421369231839975	-6.29831617121661
3065	-0.0251957014520679	11.5463376706582	-0.468173085244857	0.640523948935162	0.724162033698938	-6.68371745705324
3066	0.0568118490373439	11.4294401352791	1.13629746303985	0.258133246703493	0.353688767446301	-6.1532835065447
3068	-0.126403263995872	9.58446661408645	-2.50530504792459	0.013597416328002	0.0304375769293486	-3.74819814337664
307	-0.341627446441276	9.66587539795233	-2.09751707687059	0.0380812672111267	0.0724800475025202	-4.64204459707621
3070	-0.483168293072842	7.89720056868806	-4.14238331303774	6.48841063021403e-05	0.000301430100143801	1.17915216476463
3073	0.375202208568811	5.73418291089078	4.00940182292912	0.000107049989317561	0.000467848101461935	0.706712098593044
3074	0.282914332840075	13.3110176195923	2.50386076831811	0.0136501676530763	0.0305473814181551	-3.7516170911295
308	-0.0839011044686907	12.9033375767434	-1.68181844737944	0.0952472704883729	0.157034422002787	-5.40094408630595
30812	0.696417933707117	6.78016283242405	5.25022328460443	6.79970098507729e-07	5.96237050283848e-06	5.52790893533566
30815	0.354219143636935	7.03538626413119	4.3630557137987	2.76160459667635e-05	0.000144830818847915	1.9881312266654
30816	-0.396746814763974	11.8730412337811	-4.60967291317835	1.02845147250425e-05	6.25092653633931e-05	2.92758766792009
3082	0.853465350631197	9.019783765293	6.41096834871317	3.09705783977463e-09	5.59063296589229e-08	10.7350776513764
30833	-0.18331031538984	9.7167769224014	-1.99030460253547	0.0488678088990886	0.0894015728696504	-4.85275175199104
30834	-0.216485330612947	8.31074062677907	-3.0623918829803	0.00271980827967886	0.0076694710392076	-2.30065922294873
30836	0.176897924575505	7.74839654875293	0.877532852619806	0.38197946425949	0.483399781642927	-6.41053011346399
30844	0.399867964552226	8.6008691995125	4.82093914773453	4.29722049455743e-06	2.92140257490077e-05	3.76058628610419
30845	-0.332969296969146	7.51900658817544	-2.63923176374596	0.00943090544312639	0.0222047648424053	-3.42351449637153
30849	0.0706426066251027	6.96384325911771	1.10173935996974	0.272815910560514	0.369419577250795	-6.19139183634007
30850	0.257494380804962	9.58485671589816	3.09505800805429	0.00245756702606577	0.00703622309715884	-2.20802458396798
309	0.0562959816601395	8.79980678846101	0.618163213044166	0.537658405084889	0.634074589663219	-6.60277965737405
3091	0.258819667649244	9.42162097969852	1.98679224456699	0.0492612337274991	0.0900614853008284	-4.85948029127662
3092	0.414244775786709	6.08276626124513	3.92059072377823	0.000148654139516759	0.000617647481090758	0.397700468228558
3093	0.00888566373390261	9.42576426676819	0.143035318386537	0.886506113052235	0.919455109720174	-6.78258492124989
3094	-0.0361164751740197	12.0939065884043	-0.588254286449288	0.557485223595588	0.650583208095445	-6.62069343912159
3096	0.0367948754940735	5.93019148505341	0.484436116345016	0.628973859539831	0.713545403076364	-6.67601703465667
30968	-0.197367930925933	10.5051485473364	-2.37277062918232	0.0192707937316483	0.0409887476078705	-4.05452590423663
3097	0.380683546810863	6.95071959252253	3.47847680084957	0.000706960592394469	0.00238140930637972	-1.0596314522354
3098	-0.117009584550399	12.0287742817752	-2.36750446002499	0.0195342562384163	0.0414256627803129	-4.06638629540546
3099	-0.78384864556396	9.12714323664971	-4.60327644761656	1.0555913912817e-05	6.36901745214527e-05	2.90276557733695
310	0.0595185241902034	10.7544560840451	1.23207835494518	0.220367907779172	0.311793841762622	-6.04165573154438
3104	0.138414868373045	7.86531589449668	2.46388568215786	0.015184788626213	0.0335364583028127	-3.84554376920161
3106	1.70865347709561	8.78150779944954	6.91002758055712	2.62740303299243e-10	6.97824728376767e-09	13.1299327317788
3108	0.852253130922961	7.53154578758755	4.74704156356943	5.84693779827905e-06	3.84519953931409e-05	3.46634430066205
3109	1.65312605625962	8.1705847658483	7.36650361777863	2.58687028439083e-11	9.93839467398525e-10	15.3845923957434
311	0.196572386838538	8.41806191422554	2.67487294452078	0.00853650639141346	0.020332048094889	-3.33457777824697
3113	1.29137315406905	6.81451751339681	4.09199027684554	7.85398349186136e-05	0.000355084311126299	0.998763474518844
3122	1.7008151620826	8.8990226830039	4.88563865969502	3.27399583040906e-06	2.32130519821277e-05	4.02068545500939
3133	0.153720374259496	10.6990657298097	1.68730309784154	0.0941853469177905	0.155656455690466	-5.3919601942182
3134	1.60653270328101	8.03102669312339	7.64809748831449	6.03755315417824e-12	3.04086518618977e-10	16.8014181403017
3135	-0.509673147986041	11.247599810923	-2.26240315780026	0.0255012007641043	0.051805193878874	-4.29806831494006
3140	-0.129430630420155	7.32320923243945	-1.24077302562041	0.217149448534713	0.308009832330254	-6.03108665580682
3141	-0.00132740053182215	6.51082432176826	-0.0172425155634438	0.986272248782286	0.991554135216855	-6.79262490798447
3145	-0.550070623293296	9.07756183949684	-3.92991559363775	0.000143650058258778	0.000601088896260135	0.429897363707461
3146	0.361566553646994	8.18274407256186	3.43128287527782	0.000828652624151381	0.00273458676607687	-1.20693831512894
3148	-0.179117310131328	11.7259800356996	-1.46165655670116	0.146491839574313	0.222963441106288	-5.73842282875845
3149	-0.0415671033216488	9.27589795939764	-0.470846773402781	0.638618914374931	0.722304838112684	-6.68246947615569
3155	-0.00178307654361132	8.19295446449468	-0.0300292215148822	0.97609445063315	0.985520127396384	-6.79232388439448
3156	-0.178596131396275	10.0194313366683	-2.29901069746614	0.0232625782970288	0.047953305898043	-4.21846129696694
3157	0.126006846508885	10.7074563056117	1.49402518938847	0.137836826732364	0.211623083421808	-5.69165316227955
3158	-0.193315363769539	9.28030197107673	-0.617410326007761	0.538153064880532	0.634386230328699	-6.60324142341649
3159	-0.0622973271638507	10.9006592091219	-0.617655358454544	0.537992048942111	0.634286943228923	-6.60309119973842
3161	-0.470280527807779	9.53187499973239	-4.37447068202639	2.64019226821183e-05	0.000139348166999551	2.03080520634155
3162	0.537848997111829	9.32971032606084	3.45255599556306	0.000771545228109041	0.00256457287089766	-1.14074107189815
3176	0.361694663802437	9.91946421689811	4.54119858149728	1.35760118343991e-05	7.90817050438201e-05	2.66310978757211
317781	0.00145793354074546	11.9528695009515	0.0144407831162545	0.988502696434906	0.99246776134099	-6.79266911575703
3178	-0.775414663942193	7.82983701225219	-4.02434703543239	0.000101247129796571	0.000446265363991289	0.759229061742991
318	-0.150579127322061	9.32506002875943	-1.25399034272939	0.212322675171062	0.30222045440513	-6.01488130661476
3181	-0.0583285512750944	13.1850197278661	-1.45242612728861	0.149035580587424	0.226085196630325	-5.75157901990206
3182	-0.13598948448671	11.9703870435707	-1.85253218488276	0.066446895803366	0.11627306232878	-5.1083163826047
3183	-0.0491908143228496	11.1307529914739	-0.572373399236011	0.568157336720158	0.660889959344952	-6.62984631791497
3184	0.00248382769906643	13.274058650996	0.0535606149278887	0.957375758264003	0.972206019579625	-6.79134431180577
3187	-0.219970159039396	11.1476248293626	-2.51000977159941	0.0134268419363449	0.0301538103301275	-3.73704869038811
3189	0.0779250655697341	10.2621805737589	1.23029357232981	0.221032836138951	0.312625210018448	-6.04381632194499
3190	0.00166354972086885	11.7037428090165	0.0328051544969317	0.973885361883674	0.984613597204303	-6.79223701933434
3192	-0.0454534478038201	10.8445833467527	-0.327872206825159	0.743588991382643	0.81231424914646	-6.73926091179906
3209	0.865008745349685	6.68301432114711	8.05350756062656	7.22317682190214e-13	5.47371014210199e-11	18.8706695691271
3212	-0.788422301358934	8.12419455057479	-5.28368964808876	5.8672788633328e-07	5.25067425906055e-06	5.66966137830079
323	0.368782394075253	5.65256086510639	2.88158469100324	0.00470149167239374	0.0121623304772854	-2.79814052134486
3241	-0.0872501988596066	10.7250940772739	-0.736621181790385	0.462813916007537	0.563342609228154	-6.52317130609403
3248	0.742776415769405	10.6344967280965	4.02853391377713	9.9676165944371e-05	0.000440280818556419	0.773968081828501
3251	0.107414309318694	10.1678006470069	1.28928189341479	0.199820237611881	0.287646420821565	-5.97079295925941
3265	0.0936663260306806	8.98616563611055	1.43748824798807	0.153224360328066	0.231461817174437	-5.77269973032578
326625	-0.0205429018089144	5.96146001421267	-0.31870283758223	0.750514973462353	0.817519936805886	-6.74221084259186
3267	0.409889025268574	9.3935434423561	4.8876287786166	3.24661115030165e-06	2.3069967556531e-05	4.02872226399064
3269	0.410784298309949	6.36248611434102	4.30839397356966	3.4214520770939e-05	0.000173063038314731	1.78489654036512
327	-0.0776622943140477	10.4373457082677	-1.34899442193041	0.17992030776248	0.263906299362191	-5.89349074083673
3275	0.340127395396799	9.086985496592	4.47807419892984	1.74959967049126e-05	9.84447770998486e-05	2.42174883332697
3276	-0.116916116867096	8.68860426076578	-1.24587821018173	0.215275718050426	0.305738898056486	-6.02484716251747
328	-0.254967182074328	10.823125775836	-3.26763641515572	0.00142047784399217	0.00437477516456948	-1.70490723997359
3280	0.225046206525025	8.65977837189327	2.07640752590652	0.0400262711036793	0.0756214545554417	-4.68434414118856
3281	0.239471031599046	10.3489099088048	3.92351242050769	0.000147068635241217	0.000612291797929662	0.407782195128686
3283	-0.0373436407271714	13.9645429092645	-0.674506416019215	0.501308014304149	0.599161365670998	-6.56663735751142
3284	1.36781845978533	5.54695440416953	9.11708781132651	2.43887439607491e-15	5.58427079985815e-13	24.4231284788565
329	0.161267803171598	10.0770672126632	3.71582614929108	0.000310954030755904	0.00117228676131619	-0.294339811267634
3290	2.04460275899076	6.46387324190075	9.89974596270305	3.4504687525248e-17	1.56874156610583e-14	28.5803385542921
3291	-0.00606876179310489	11.8239511259041	-0.0434213715058386	0.96543899180156	0.978109416445589	-6.79183401202358
3292	0.232918189427217	13.0700051924296	2.98710080583189	0.00342582280455221	0.00932365613364128	-2.51097505471558
3294	2.12375213697295	9.79492089396241	9.27672698670933	1.02678387723415e-15	2.82707827531803e-13	25.2676437323315
3295	0.017274159015094	11.1113234648551	0.306222711060938	0.759974413807389	0.824453461787369	-6.7460916870212
3298	0.260794690641458	7.7319064711149	5.0364755600672	1.72236259404178e-06	1.33333786567808e-05	4.63585292832526
3299	0.0358937554229354	5.15921214947431	0.55251230009726	0.581641901664705	0.673068381584543	-6.64094259791932
3300	0.239102694592147	10.3266985921955	2.46945415129418	0.0149621803300417	0.033115650998431	-3.83254147594194
3301	0.058086353034611	12.5926621436251	1.18749160294823	0.23741733325237	0.330092253172034	-6.09471580172813
3303	0.627942954168889	10.400033910542	3.91214074269328	0.000153331893313753	0.000634529778943689	0.368575026960747
3306	-0.0217434641669778	10.3519819155564	-0.188917387678826	0.850481926587462	0.892484421529025	-6.7750016392945
3308	-0.211473156181108	10.164163119891	-2.17357495174902	0.0317334256092153	0.0621884542263293	-4.48635693150809
3309	0.250957204537225	9.7160802553786	3.30827732365971	0.00124466928225074	0.00389430616340571	-1.58311453989206
331	-0.214545068740283	7.27701776130087	-3.27497892367695	0.00138708953201206	0.00428632979215101	-1.68299574977914
3312	-0.0126013779094096	12.9985366102629	-0.251113828019335	0.802162622591402	0.856336453148471	-6.76137754243185
3313	-0.235639744414216	11.6121605668251	-4.18089583756645	5.60138493235066e-05	0.000266057731691872	1.31811752997226
3316	0.650466272843661	6.54381775338179	4.90305618502507	3.04174118156696e-06	2.17342406226151e-05	4.0910966480803
332	-0.346940945611284	8.6121120255543	-2.51487252535909	0.0132525530795015	0.0298255710931756	-3.72550500556427
3320	-0.0184309369920266	13.4750200216798	-0.398704009471025	0.690831470691885	0.768313982484849	-6.7136599575954
3321	-0.0688419585753917	11.1376903355244	-0.990015184310458	0.32419130530041	0.425861988196785	-6.30669315756535
3326	-0.0721163904724364	11.4656536165043	-1.11986839065669	0.265042804705759	0.361024664721235	-6.1715440055056
3337	0.163501713771351	9.61707575219228	1.22344655613084	0.223597232290242	0.315224898672374	-6.05207674626221
3338	-0.16000366431046	8.15453650939218	-2.71449768853868	0.00763286069298608	0.0184673196614133	-3.23446360009804
334	0.0442858117857848	9.30725953424119	0.5999004595345	0.549722198448826	0.644528794774635	-6.61382297047246
3340	-0.130794122793529	5.75485891595748	-1.4019364577475	0.163557807399365	0.244301535102849	-5.82211830915267
3344	-0.0348303841774707	10.3706537719396	-0.669642430911614	0.504393251270336	0.601953205680925	-6.56988077839047
3376	-0.374918675352892	9.53637919825222	-4.60743803385868	1.03785636490666e-05	6.28957709033675e-05	2.91891230063631
337867	-0.180308931641811	10.2392757700412	-3.87066968777727	0.000178396737200109	0.000725890172055614	0.226333090033669
3382	0.227350738464918	7.99349107246473	2.01241093060341	0.0464524726788837	0.0857807789688306	-4.81014851495923
338382	0.75292708062124	6.73509114062007	3.4929052708915	0.000673250229352087	0.00228285997309041	-1.01426956573146
3384	1.10670945273097	9.04811317929869	8.77895100229034	1.51201868409277e-14	2.04742202141087e-12	22.6423365360423
3385	-0.173728469655884	7.16916151009402	-1.62427025295025	0.106984939890706	0.172193219699383	-5.49352575007866
3386	0.284879004161709	5.46098323563035	2.2987932682437	0.0232753474057751	0.0479676570787681	-4.21893756735055
338657	-0.0971194877256812	7.85700635073027	-1.19556583429983	0.234261800636462	0.326913747804896	-6.08524858020896
338692	-0.0644858414499336	6.39146942199477	-0.683524897809851	0.495614461219889	0.593538335033848	-6.56056199661033
339123	-0.185697570680499	11.4522032046696	-3.05938492755664	0.00274520606872399	0.00772586103157074	-2.30914434742221
339175	0.0596401946465936	6.68951159150585	0.643644645048428	0.521054180778894	0.617948646172807	-6.58682162876784
339448	-0.105258934658667	9.71743611600443	-1.96634492003752	0.0516053930905059	0.0937042310238687	-4.89843008226987
339487	-0.284405342071374	8.77951757740745	-4.31704596758267	3.30774914094116e-05	0.000168633812783422	1.81694172946277
3396	-0.363917740698814	8.31270683520727	-3.19007310786322	0.00182204155521483	0.00541954023985398	-1.93386245636675
3397	-0.148691978712474	8.53981977383759	-1.29989342164112	0.196169602704134	0.283230365029916	-5.95730381819136
339745	0.144182286483149	7.40814705347213	1.82578048744747	0.0704105272927676	0.12200355683622	-5.15593986974666
3398	-0.0513042173503439	10.4446044334247	-0.593542756115656	0.553953379967893	0.647651085426015	-6.61759018660204
3399	-0.74222588366257	10.8086318441307	-6.00274999106515	2.19137185664313e-08	3.05949473959283e-07	8.84024129419006
34	0.293471077058275	9.91408854549952	3.68515299019039	0.00034649776934894	0.00128344016808173	-0.395500394757059
340252	-0.0928085473389739	8.03780981417505	-1.06566004135405	0.288751759653311	0.386680358143738	-6.22994737324065
340348	0.954572545409943	6.5707739234644	5.40614442336003	3.40525319885375e-07	3.26303844808956e-06	6.19299259388419
340371	0.339280756673821	7.70592024350829	3.51757490374453	0.000619093331083924	0.00212539938269044	-0.936358286030805
340481	0.0672239649809595	5.1036599384796	1.18756785518696	0.237387391149756	0.330092253172034	-6.09462668710042
340485	-0.566562353738772	8.79530607847486	-7.17821850413659	6.77396671809817e-11	2.21157964788502e-09	14.4478817986104
341	0.000516117037482107	9.94900230566785	0.00400033330202414	0.996814955647963	0.99766043058914	-6.79276500028296
3416	-0.303918584679524	7.87614166585207	-4.6628672064245	8.27438512396292e-06	5.16992595491178e-05	3.13493160034553
3417	0.0749876237801222	11.8773323547699	1.22757878325475	0.222047033229775	0.313576422376122	-6.04709689135039
3418	-0.146909251532481	10.1359381233759	-2.46250200536096	0.0152405594043724	0.0336416410155308	-3.84877053245619
3419	0.0583622487318637	8.17735843709961	0.852093538710577	0.39588729104363	0.498317708075436	-6.43230336530111
3420	0.0189304271851099	10.0683237359939	0.307261338853017	0.759185764326397	0.824355779326415	-6.74577461676427
342035	-0.0112230491979188	11.4943291082049	-0.0858598548611613	0.93172325869074	0.952951227932827	-6.78910176094404
3421	-0.0989282420793834	9.0916439284688	-1.57959270965135	0.116875624878536	0.184622807706388	-5.56327655816574
3422	0.230577299887329	9.4531042879991	3.10172224177596	0.00240703078137799	0.00691791031808706	-2.18902373156798
3423	-0.423776648834625	10.9026404197967	-4.23659216928158	4.52154550195987e-05	0.000220082297266874	1.52076320358428
342538	-0.165058810992753	6.0801148620341	-2.00065430779811	0.0477240207909922	0.0877756427819184	-4.83286052887898
3428	1.15853472821991	8.60250012387945	7.93575955044657	1.34255304694888e-12	9.01584403885998e-11	18.2663993708191
3429	0.0762812980638002	8.80081187219525	0.262967498746082	0.79303397211171	0.849077871797528	-6.75834448160075
3430	0.0502853411030239	7.9342374786518	0.553835558075938	0.580738789885441	0.672589465266558	-6.64021541993455
3431	0.315845445423872	8.39824303762721	3.70471440287211	0.000323411020269211	0.00121260781998351	-0.331062964366611
3433	0.767916004487709	8.09394526795226	4.16429222962918	5.96852287266229e-05	0.000281071829693218	1.25808970107087
3434	-0.155130816419581	8.95143353760077	-0.919030074654255	0.35995360964027	0.461393050221699	-6.37365717392473
3437	0.353378957924357	6.7661172520077	2.05697772284378	0.0418913308574223	0.0786235839314493	-4.7229265227918
3454	0.440528018848612	7.98965990365744	5.83963235238376	4.70716765009064e-08	5.87329377488651e-07	8.10122135485623
345757	0.258811233561673	8.76806381309235	4.36865873662805	2.70135263196524e-05	0.000142065339810578	2.00906769625214
3459	0.0169696229079827	11.7555699572382	0.280104434195518	0.779887553290283	0.840426769755738	-6.75371259098592
3460	0.533882749880542	10.9713050843079	6.35138179366376	4.13593845766788e-09	7.16202340887562e-08	10.4546693387566
3475	-0.0109876243571441	9.49233605536485	-0.152011166728943	0.87943758220504	0.914156716998943	-6.78126627784561
3476	0.093246463700787	9.60108871044572	1.65949359861934	0.0996703669109112	0.162735171117637	-5.43722462875313
347734	-0.173122167015196	8.5682086432107	-1.99524889710759	0.0483185195430346	0.088711040548003	-4.84326127264207
347735	0.0139029285818134	9.12526390048668	0.102313382354929	0.918681500554854	0.944171854495843	-6.78755996752815
347862	0.10719306316309	7.53556456240518	1.53609233663504	0.127191310690545	0.197927699002242	-5.6293977684737
3479	2.33988235287916	7.74011540487789	8.14058108314139	4.56021761077817e-13	3.7294452935671e-11	19.3191095706602
348	1.52923791232532	9.20309576816022	6.92640501795967	2.42002894627222e-10	6.46907414116782e-09	13.2098338091179
348094	0.779833721771354	8.88327388251558	5.28800712649243	5.75647667965909e-07	5.16831493195479e-06	5.68798896873237
348110	-0.0705233117201101	7.32814787564669	-0.81276299603319	0.417989820041548	0.520832088330546	-6.46472052612647
3482	-0.110177064733739	10.5576116436926	-2.28514743225332	0.0240891653685133	0.0493248651323549	-4.2487459004932
348235	0.095884559883039	9.78576840629864	1.29740606234707	0.197020845123634	0.28409873263753	-5.9604753339311
348262	-0.21401532417841	8.07143276493238	-2.73960764627758	0.00710611046672043	0.0173761019701334	-3.17035066060262
3485	0.0931214777513868	7.08609815620778	0.517775513011723	0.60558373527203	0.693320370715647	-6.65941258117301
3487	1.06970412028193	7.96273938940096	7.31722737324985	3.33079917999229e-11	1.24238472720618e-09	15.1385828527286
348793	-0.242407582754225	6.89657637855087	-3.66279816248672	0.000374791316415179	0.00137345886139724	-0.468809067202088
3488	1.13848575704991	10.5712212532052	6.42701001069364	2.86444589684999e-09	5.30500518116164e-08	10.8107811138704
3489	-0.217740058498011	6.70656976977003	-1.64866085101355	0.101875621210438	0.16555038976947	-5.45466250390972
348995	-0.196730807490752	7.0416338229649	-1.57460469007846	0.118023607270353	0.18625811923063	-5.57094827695485
3490	1.209919282786	8.87094718522497	6.73136703777715	6.41027004616338e-10	1.49996687199177e-08	12.263493259248
3491	0.294110400491242	8.4627331634328	1.55841577824439	0.121811264867174	0.190849971131043	-5.59568702830852
35	0.218764707718787	7.11109143745704	2.28822368261789	0.0239035518475883	0.0490298828559919	-4.24204021553663
351	-0.0167720515445651	10.207321130445	-0.135944098207418	0.892096990786431	0.923398639585955	-6.78356998232948
353	-0.292839407675442	9.28124673826622	-3.33189028344593	0.00115209166695198	0.00362939632685863	-1.51177872805985
353088	-0.174175558715701	6.33597120793114	-1.78212852710373	0.0772987566831558	0.132137361383044	-5.23224331469762
353116	0.275215329504992	10.0497032663721	4.64378468659795	8.94734288113697e-06	5.53181528429576e-05	3.0603625926919
353322	-0.506918828684587	8.6975284875897	-1.64762490345886	0.102088557033167	0.165798560970106	-5.4563243975794
3550	0.0119367162917775	9.60881562034065	0.222677968814598	0.82417091783568	0.873447752286723	-6.76808390048692
3551	-0.131910640577285	8.21704221686158	-2.51211725289236	0.0133510561091941	0.0300162557054827	-3.73204820450607
3554	0.289618695425558	9.43693082391258	2.66087495666824	0.00887819695531717	0.0210528945728559	-3.36963343638543
3556	-0.0174855422462339	10.0896944448503	-0.115442487144974	0.908290516966873	0.935408793919267	-6.7861363176109
3560	-0.566382116144587	9.82831368358702	-3.11227672170142	0.00232896124416248	0.00673360076347901	-2.15886030960192
3566	0.255201483722523	7.95901687368541	2.88687211725062	0.00462839748709132	0.0119920210926519	-2.78396303023036
357	0.149939051928895	7.46287434624724	2.18357124807377	0.0309715854567194	0.0609582499150239	-4.46551433288803
3572	0.771054373034157	11.6874150039347	7.24117488903685	4.91444539622765e-11	1.70850312122099e-09	14.760083507945
3587	0.459268150014125	6.19902522907203	2.47888472267574	0.0145918126674863	0.0323739921121237	-3.81046095986654
3588	0.437515658049917	11.888193353527	5.85878986108276	4.30524028576259e-08	5.4313539022185e-07	8.18744839541468
3597	0.327357248175979	9.54384408245135	5.27051291650348	6.21846956210625e-07	5.51713840848524e-06	5.61378314946979
359845	0.628669053684341	5.74958391375295	6.23427936149084	7.27640474842005e-09	1.16705054799902e-07	9.90730939787905
36	-0.168009362710317	5.60287063118644	-2.55380918121468	0.0119284645909254	0.0272179882654818	-3.63235176322162
3600	0.169060861237264	5.42888453910851	1.86769631265597	0.0642839803388736	0.113023771306747	-5.08103112790552
3607	-0.0149644146517832	5.55017695498946	-0.201271326771056	0.840832765017144	0.885567481003047	-6.77260180734437
3608	-0.13646767008654	11.586418290222	-2.14549028473805	0.0339615140888544	0.0659741548386494	-4.54444206660347
3609	-0.0642706503447817	9.10620226104696	-1.05057382132485	0.295599968035136	0.394451653630085	-6.2456957810345
3611	0.0227903655472268	11.9432332888913	0.486348957346601	0.627621300573295	0.712376817345163	-6.67509410626604
3612	0.135078860480183	7.6941424840919	1.07964854249213	0.282499326476943	0.379792388785733	-6.2151481379206
3613	-0.237496931400214	11.6009991183914	-3.14160735815255	0.00212416778961354	0.00620425245481182	-2.07458212644177
3614	0.00496118096725616	8.23448315524173	0.0584609154324035	0.953480325120887	0.969817640316384	-6.79107093917377
3615	-0.55042551205617	11.0803918211749	-5.05500145580206	1.5904585206132e-06	1.24523103130474e-05	4.71223980641653
3620	2.65490634499558	6.00697979296755	11.36070306536	1.16080854620748e-20	2.39706964791844e-17	36.3855401081228
3621	-0.136484934857001	7.73385694525145	-1.70751033797326	0.0903555546315314	0.15041049602105	-5.35862035688775
3622	0.0425821501732507	9.57420944728899	0.564766540774278	0.573304046783928	0.665834707546398	-6.63414227126498
3623	-1.50090438502339	10.8205820647903	-7.10810198562874	9.67271524676859e-11	2.9591343680855e-09	14.101402064912
3635	0.809676132773165	6.75551844533675	6.53918987973438	1.6553451075135e-09	3.34901043184741e-08	11.3426503079368
3636	-0.0593232510709687	9.61269613559534	-0.793531338578621	0.429060216544251	0.531260289110406	-6.48002042247501
3638	0.38397547694399	11.1061311424725	3.65543356108151	0.000384581819882546	0.001406840492573	-0.492882514246678
3641	-0.522235952440183	12.6521018811968	-4.66710936280932	8.13158060506126e-06	5.09225593614905e-05	3.15153717981797
3646	-0.152273259556041	13.1906622431669	-3.04453693239357	0.00287386477342493	0.00801692773674094	-2.35093881982246
3652	-0.0342907446814483	7.86554765363161	-0.321218592696075	0.748612670237932	0.816201248173881	-6.7414097983925
3654	-0.013299208176147	9.37855878342236	-0.171896816798866	0.863812940443351	0.902034751967393	-6.77805922629555
3655	0.351056157470658	8.80597146845895	3.10450521368364	0.00238621346488697	0.00686524668058739	-2.18107876010515
3658	-0.130750226244754	7.18501313336599	-1.67053899749285	0.0974616909587485	0.159887500957153	-5.41933229916316
3659	0.38353881417631	9.4754986907216	4.12872916943979	6.83408119566354e-05	0.000314131945888597	1.13011289623654
3660	0.325916362365915	6.39871373742034	3.72616854558411	0.000299769447207861	0.00113763402124739	-0.260081456504767
3661	-0.0307230836772708	8.50625201772883	-0.54230621509096	0.588629705082571	0.678777239143102	-6.64649306187991
3663	0.503153935100945	5.55864207309204	3.76537289194902	0.000260741173465878	0.00100406624374273	-0.129541519488749
3664	-0.00118358770403227	8.52123465974708	-0.0160155730673876	0.98724900031409	0.991932458653982	-6.79264522982259
3665	-0.367994719965521	7.44083397634806	-2.9952558064273	0.00334190810179009	0.00913309646755598	-2.48841140867131
3667	1.12753864423045	7.28614764109731	7.8112934205255	2.57810048286412e-12	1.565816910916e-10	17.6304887363634
3669	-0.321654984225513	8.87187062982716	-2.83051723189852	0.00546390975410059	0.0138725007843763	-2.9339084064973
3670	1.34252342688469	9.75706737667368	5.24732713061426	6.88687524661887e-07	6.01963910445205e-06	5.51566781856594
3671	0.151553464752414	5.30413812343071	1.08153452564272	0.281663514043926	0.378977134061383	-6.21313837498961
3675	0.411012262282375	8.44026463410166	4.37974443682017	2.58585112258283e-05	0.000136917501747014	2.05054773704264
3678	-0.0311118386191909	11.1451947066024	-0.246530409846828	0.805699786342681	0.858850689650541	-6.76251286815742
3682	-0.225510557795029	8.81019510492253	-2.97985215534084	0.00350203739011346	0.00949666081494982	-2.53098667359473
3685	-0.0705476596989577	11.1356110061766	-1.21119105017986	0.228240933990828	0.320188538512949	-6.06674991028176
3689	1.76917977580675	10.5413068979031	6.98214778255663	1.82830086982154e-10	5.15418606987234e-09	13.4823685778849
369	-0.0452510665894207	9.7271287900594	-0.852964694458646	0.39540596037665	0.497873968401086	-6.43156820966937
3690	-0.00877234207867437	7.23327633585509	-0.0515163736900797	0.959001112711367	0.973258286152585	-6.79145128427093
3691	0.580951940072135	8.56661363198315	5.21641654873112	7.88792113159767e-07	6.75873740114074e-06	5.38527854606568
3692	-0.338710026747547	9.67834061080707	-3.65644865483903	0.000383218115914302	0.00140247303387334	-0.489566655334592
3693	0.540677345053449	11.8421682832978	6.60329330382213	1.2078425213902e-09	2.60490319234544e-08	11.6484785285607
37	0.276101895797217	12.7835759174924	4.02855189074281	9.96694712951207e-05	0.000440280818556419	0.774031390885365
3703	-0.305292677727068	11.0115813745128	-4.1905695343504	5.397573857555e-05	0.000257710751811585	1.35317263298412
3704	-0.195463598429688	9.32221654267629	-2.98405601394107	0.00345764852713943	0.0093947950112407	-2.51938600551068
3705	0.218796470714989	7.82091070495855	2.15621655534113	0.0330950479614294	0.0644273146739115	-4.52234013696106
3706	-0.00525018674231094	6.07505219978813	-0.0677627865012185	0.94608909053233	0.964182095965089	-6.79048623143746
3707	0.663776049073857	6.34578849785677	6.67391717596578	8.52241108581849e-10	1.92336381335685e-08	11.9869691197521
3708	0.488521830137895	7.45025278913702	4.81832638074207	4.34447657666503e-06	2.95110004303069e-05	3.75013106550968
3709	0.323625101843918	6.41801342551522	3.47328364756061	0.000719477812740363	0.00241482597855969	-1.07592099737352
3710	-0.0311957473489991	8.78303931985357	-0.209666772324899	0.834289122280464	0.881118546226395	-6.77088427298072
3712	-0.260135403031931	6.87886835497889	-2.20091381691221	0.0296875517851174	0.0588337758505447	-4.42914557015369
3716	0.165634708926425	7.57459248035648	1.31357701943992	0.19153545739047	0.278046200007958	-5.93975100611533
3717	0.342348926444471	7.07935365469234	4.03856013312121	9.60083734144713e-05	0.000425901806876226	0.809310270755964
372	-0.233575515653939	11.0503753365726	-4.51729532649372	1.49486677070163e-05	8.59860691225311e-05	2.57143504685072
3720	0.0977061173599624	9.46935540570832	1.51496985124041	0.132452680470664	0.204650045022014	-5.66086477158941
3725	0.683792653747858	7.98116002502148	4.31220749273531	3.37087967678116e-05	0.000171133780763444	1.79901528736168
3726	0.586066408749064	6.02509593425244	4.44590112734312	1.98936530319169e-05	0.00010947473287384	2.299649313641
3727	0.253022082955171	13.3345468790218	4.96102011007786	2.37844199887961e-06	1.76196689782472e-05	4.32659886610767
3728	-0.312821994089933	10.7119566155723	-5.26264541342107	6.43785170624064e-07	5.68734279075377e-06	5.58046042878215
373	-0.0479247605651208	7.57686243163265	-0.613128903112418	0.540970424145715	0.636707851730351	-6.60585670628834
373156	-0.00866274069883104	11.4552837065364	-0.12498822604509	0.900745436977477	0.929721913255281	-6.78499347053033
3735	-0.328219212318895	8.78773629632961	-5.47400234419177	2.51154937180324e-07	2.53611220184533e-06	6.4860790285431
374291	-0.22006043820777	10.0372576334876	-3.01545046512097	0.00314219901047827	0.00864863839605149	-2.43230915011747
374378	-0.417854067627214	6.63504650361957	-2.67652224227605	0.00849704123289572	0.0202497289624116	-3.33043667029885
374395	-0.0630567226877933	12.4666842957267	-1.03788126968525	0.301446258506914	0.400802926625344	-6.25877477785648
374659	-0.379366860982672	8.43961918577238	-4.72000589050295	6.53950738826912e-06	4.22332533440992e-05	3.35946024338343
374868	0.154032775629867	6.05428857032668	2.25066830665907	0.0262577104524106	0.0529642706561445	-4.32333938769385
374969	0.220977804803196	10.3214082697934	3.09215672122214	0.00247987380000538	0.00709271384627578	-2.21628581466271
375	0.0412080961593293	12.1129785500266	0.80185195447067	0.424249542106523	0.526857722614204	-6.47344536151179
375061	0.305825464157791	11.3745115944471	6.3473317954285	4.21787407585204e-09	7.27341124562377e-08	10.4356561161065
375748	-0.0956391655913219	7.10954638318559	-1.01925658077833	0.310165209240764	0.410373959367085	-6.27768394468262
375790	-0.368655668621859	7.41241756381471	-4.79158330714566	4.85808799490995e-06	3.25977309812804e-05	3.6433339324652
3759	1.24388439678169	6.90066926789587	7.50883537293487	1.24258496317099e-11	5.45333285813562e-10	16.0984556427806
3762	0.909142924833578	5.6450929220728	9.0672312261852	3.19395443532921e-15	6.76463170149213e-13	24.1598395281721
3764	0.631521041344041	7.0628002437314	5.19292356672123	8.74234022887781e-07	7.37607050975799e-06	5.28649819510092
376497	0.279890268083679	7.08031789663022	2.6319437115642	0.00962390365040867	0.0226090569261592	-3.44157036885565
376940	0.191625968059314	5.75666215808486	1.90589522786196	0.059095165427227	0.105307488675052	-5.01137101796839
377	-0.0397348148052305	9.07046993418194	-0.619719661848673	0.536636525062746	0.633231099574041	-6.60182327257011
3775	0.107010440675689	7.1929918636743	0.748095546314676	0.455890087298821	0.557213986547538	-6.5147269368999
3777	1.02533419300345	7.75883519754967	8.09656370061581	5.7547794138299e-13	4.52709313887952e-11	19.0922501553591
378	-0.032228172843281	12.6611021015004	-0.729250646920502	0.467292569041127	0.567205969181442	-6.52852731847596
3783	-0.135116352086294	8.81501983275084	-1.95382309652735	0.0530871063522805	0.0960989477251451	-4.92209654258458
378708	0.0455215481257211	8.00339839964843	0.593563170288006	0.553939768120018	0.647651085426015	-6.61757815415931
379	-0.143500726413466	5.914478847661	-1.89318438447697	0.0607812436329382	0.107736710817182	-5.03469795260574
3790	0.707053480889547	8.0747412420019	5.73525218812761	7.63535834516457e-08	8.99687017561474e-07	7.63413876302599
3791	0.483996260110084	6.04637062304412	3.81028872626309	0.000221961817204801	0.000871390023817327	0.0213284632094917
3796	-0.191162946925237	10.246977088917	-1.67653445991384	0.0962795073487353	0.158230945224941	-5.40957293568497
3799	-0.241488445203203	9.56910914723342	-3.25072863640002	0.00150023603219556	0.00459229479083828	-1.75520768853824
38	-0.410372920449083	9.72919664145245	-3.96810852524558	0.000124781413446676	0.000531285811891517	0.562379484101626
381	0.0688238316197813	8.58775123050479	0.773153911831095	0.440976457790033	0.542841362346598	-6.49583632887835
3815	-0.322104080441122	7.99235258973947	-2.33123488347767	0.0214369216258614	0.0447595987435832	-4.14742120718344
382	0.148788072882875	6.49730899963139	0.947089819575535	0.345527399254329	0.44629496760606	-6.34777296458126
3824	-0.108229832807139	6.06230260389767	-0.92191816485722	0.358451323796913	0.459752784869954	-6.37102841393945
3831	-0.0109400513465886	8.44977576296556	-0.181149410482386	0.856560909522983	0.896729165102641	-6.77643284829468
3832	-0.375496444822373	8.65441221238087	-3.13630469656159	0.00215990766463628	0.00629750699255053	-2.08986815163595
3835	-0.713977455523619	9.203916044499	-6.26781547820974	6.19251262561644e-09	1.01892737624685e-07	10.06355301038
3836	0.0732702764492699	9.51434032981913	1.39962996350403	0.164246159609707	0.245108090040864	-5.82528312468468
3837	-0.0986558562517926	12.1295896961305	-1.77564093740644	0.0783684563354245	0.133523813805818	-5.24343442951824
3838	-0.172885174760703	9.84584969027974	-1.34164915423232	0.182284563977799	0.266631928184278	-5.90318282527298
3839	0.0747508759241546	8.969015916237	1.38392892827033	0.168990844904245	0.250649017581086	-5.84669307773747
384	-0.281608865196204	7.15345138381612	-2.55567302022203	0.011868170249676	0.0271253697460775	-3.62786054559152
3840	-0.0673640247238861	10.5672871640509	-1.56871083556998	0.11939159220614	0.187878558129685	-5.5799832224482
3842	-0.0341572742288077	9.7501727223304	-0.663148425804956	0.508528170108444	0.605862207571866	-6.57417482268864
3843	-0.267430465293438	7.74938220756563	-3.07541930584812	0.00261226572956329	0.00740337755062729	-2.26381613941089
3845	0.182889282811466	8.33510430694802	3.14543603323474	0.00209870483023756	0.00614509106620427	-2.06353163126327
3855	-0.200677432653037	10.1007050159434	-1.7225471648936	0.0875888239469824	0.146632283299975	-5.3335662040279
387	0.193130026097507	12.7150931188366	4.94014056393578	2.59931951775111e-06	1.90509132356913e-05	4.2415589408237
387032	0.00821330178550658	7.04846492548263	0.142462414480893	0.886957594904381	0.919626290315528	-6.78266636374993
387338	0.121235571775878	8.87408893647716	2.26095024614218	0.0255938177762356	0.0519422444303946	-4.30120369917796
387758	0.495214347193571	6.12545120311385	4.93727160886262	2.6311856735074e-06	1.924293272272e-05	4.22989229420005
387893	0.0817477434012175	8.33641033653254	1.25825766058973	0.210781198633116	0.300459114918471	-6.00961358367793
388	0.547398866547526	10.7338289445708	4.57981617980035	1.16118537371215e-05	6.90028142939736e-05	2.81193004198602
3880	-0.578612221530493	12.5255051242	-4.73739433803743	6.0854939852946e-06	3.97675477203587e-05	3.42815715803957
388272	-0.0177267752411966	9.04268396564136	-0.320508969601055	0.74914909966924	0.816355087502364	-6.74163638683157
388403	0.614625637738956	7.1904539644035	5.08178378254803	1.41699772005761e-06	1.12759163465085e-05	4.82298630720021
3887	0.310829022915862	5.39708858309913	1.56327265349087	0.120664946155626	0.189557332682669	-5.58829083486074
388886	0.384341595077668	5.34848202992297	4.36237409225242	2.76902207742895e-05	0.000145127679946467	1.98558557010895
388962	-0.239438893346375	10.3790785335118	-2.50560730944404	0.0135863995388173	0.0304326743953214	-3.7474823956669
389	0.202740827941223	12.2593918214677	3.71397168912936	0.000313000880665954	0.00117946499739999	-0.300474632724632
389119	0.695110169323446	7.88546098396253	5.46667372182106	2.59575082437216e-07	2.60838221524502e-06	6.45432166901195
389136	0.115427106336248	10.5195864941574	1.26003622908062	0.210141155413471	0.29989045330257	-6.00741291583769
389421	0.0445809485540185	12.0657066501445	0.745024437989459	0.45773744173521	0.558727836372519	-6.51699973959934
3898	0.0781792753526108	10.9735499419379	1.03068659891885	0.304794579656318	0.404564233964516	-6.26611919653845
39	-0.0218564654426439	9.73664967496277	-0.161269255870876	0.872156971979299	0.908680195326566	-6.77982214980554
390	0.974115313983145	9.4330766332763	6.85775762424044	3.4140206055015e-10	8.75673378728475e-09	12.8754485059621
3903	0.0603556388036502	14.0673944196641	1.78676858485014	0.0765410987374276	0.131044174476764	-5.22421549356661
3904	-1.64965445894475	12.3625186854714	-5.85021069093744	4.48088576987763e-08	5.62494171112299e-07	8.14881497973099
3908	1.07672606274882	9.01392886217163	6.74817907110489	5.89656963997732e-10	1.39958808121301e-08	12.3446107283248
3909	0.268624761835207	5.49435605994474	1.3876964366303	0.167842954722365	0.249439151854396	-5.84157700503334
391	0.169962373742716	9.58654900504759	1.90042677953098	0.0598156679452116	0.106344687306812	-5.02142469410795
3910	0.252168645732203	8.52761947245021	1.21037802185633	0.228551439254588	0.320569687254695	-6.06771823102188
3911	0.176622667638992	12.6252659972974	2.5592483823981	0.0117532744608599	0.0268999853274323	-3.61923694325972
3912	0.0557526481587785	10.794454349413	0.658129093300332	0.511736412569417	0.608368274010274	-6.57746531030127
3913	-0.126038604765493	7.58706704609778	-1.11223325311271	0.268297449168466	0.364703328391976	-6.17994168121026
3915	0.374497143860881	12.4263267503775	5.67428651346445	1.01071433210671e-07	1.15151729423468e-06	7.36349989559368
3916	-0.123020802754391	12.4037764745982	-2.23090123335941	0.0275764889688647	0.0550862875170065	-4.36563538394573
392	0.178402749807195	10.0964866910611	3.43108170526036	0.000829211146045987	0.00273526383333955	-1.20756271888321
3920	-0.161613934398087	12.351658526318	-1.90582185546636	0.0591047842006707	0.105307488675052	-5.01150609188746
3925	-0.11854967925856	9.31883225221423	-1.70182745876491	0.0914195581769099	0.151875613544102	-5.36803468920006
3927	0.263933939070795	11.4299598503258	2.69594534611468	0.00804454984826369	0.019279017554956	-3.28149890344183
393	1.33438414813729	7.06549645600879	8.87450221319234	9.04002090059437e-15	1.45836871725246e-12	23.144338416649
3930	-0.0695272025313602	7.38419302540995	-0.558571375927689	0.577512096937276	0.669602740132215	-6.63759873956162
3931	0.060587537617288	7.34930210710164	0.873956721408496	0.383916019790231	0.485627308341089	-6.41362907920774
3936	-0.591043181759123	11.7965773901044	-5.3379702677616	4.61387374106782e-07	4.27728362527723e-06	5.9007440476791
394	-0.119822230830269	5.50733195717526	-1.55796207593985	0.121918786496961	0.190982206801612	-5.5963768122805
3945	0.236952588512755	12.7044882867867	2.97466986707158	0.00355748013516403	0.00960601043362371	-2.54526802699933
3949	0.18281280988437	11.4259780485501	2.54690142995648	0.0121543330448286	0.0276722136026142	-3.64897154122301
3952	-2.23180945653182	12.6622040901465	-11.781942320432	1.16326924744373e-21	4.80430199194262e-18	38.6290079428701
3956	0.0865888094125863	12.1690872894372	0.794379795706073	0.428568204095829	0.530810221297278	-6.47935306664912
3958	0.227749565125983	10.9834759367068	1.45478542811305	0.148382173423292	0.225300873616984	-5.74822393886849
3959	0.368306907463548	8.82097277084516	2.81362451090696	0.00573998596606301	0.0144686345425113	-2.97835406399579
396	0.297711027510781	10.3369702078717	5.38122237226929	3.80609544114822e-07	3.61138504232013e-06	6.08589856974917
3964	-0.00761439503512258	10.7739439314572	-0.0968413351471015	0.923016594042683	0.946624915171662	-6.78810265026629
397	0.187383417387555	12.0290328905164	1.76046289211907	0.0809187914718254	0.137246245904985	-5.26946551462932
3972	-0.369544466547766	14.1065018083127	-7.55735791324167	9.66746320875841e-12	4.51148283075392e-10	16.3428953820194
3977	0.204219083049949	11.3839224590174	1.83878140807534	0.0684603803218675	0.119174444986012	-5.13287721643998
3978	-0.28724460422711	8.0877163905241	-3.49893674838612	0.000659611921926457	0.00224490913684076	-0.995262021443575
3980	-0.521707937487322	8.24939049119473	-6.36882701020765	3.80057005552418e-09	6.66511861117405e-08	10.5366348354207
3983	0.688682985244431	7.59071760757462	4.91915314431439	2.84138010476038e-06	2.05514883233982e-05	4.15631561485119
3985	-0.0292603068178299	9.20229400146535	-0.385743053796193	0.700381135542503	0.775592999005373	-6.71871669663566
3987	-0.0259390613604236	11.4932360577643	-0.355671285316937	0.722721426840979	0.794579926222079	-6.72980717284641
3988	0.634382855052942	11.0227115397955	6.12840386489763	1.2076061022697e-08	1.83024337701793e-07	9.41679591185257
3992	0.374436904160773	8.90048121499732	3.89679557315171	0.000162187683198177	0.000667166465745491	0.315806589287178
3995	-0.168544393473899	5.91619507757821	-1.70218253740244	0.0913527795096503	0.151795203932752	-5.36744733583895
3996	0.076889070213452	7.70611103461906	0.650614976803787	0.516559185982844	0.613404940206072	-6.58234490157844
3998	-0.630719393498685	9.11529711471535	-6.00506043438484	2.16760845579096e-08	3.04497378313491e-07	8.85078650976797
400	-0.200918903998826	9.99963323895856	-3.35915189435852	0.00105323629717594	0.00336156561617979	-1.42889952990417
4000	-0.0509270424873258	9.66200841699977	-0.796802755390127	0.427164983336437	0.529389761794294	-6.47744339843389
400073	-0.171803356147161	7.84182854006193	-2.89887943695218	0.0044662610130848	0.0116486630780172	-2.75168349428954
4001	-0.738588001027567	6.83714967295649	-4.46872290310988	1.81625325356189e-05	0.000101365221127008	2.38619572030494
400451	0.331516184447042	6.00775979047253	2.33181401174038	0.0214053006772247	0.0447161819913697	-4.14613624134778
4005	0.304311533744252	11.0619300819498	2.46496273259783	0.0151415028425198	0.0334587515995756	-3.84303093475079
400569	-0.00627874129228134	6.62691632256844	-0.0892628872814674	0.929024230388602	0.951192758958614	-6.78880498916552
4008	0.511799769261782	5.75389716668105	5.65150482383294	1.12193962452011e-07	1.26428667101448e-06	7.26278605979949
400916	-0.295970078755532	11.3148755109302	-3.65323173855431	0.000387555608656437	0.0014164643042045	-0.500072374822867
401152	0.104563305412757	8.74323001906605	1.22510022185034	0.22297592368553	0.314631631732099	-6.05008583450397
4012	-0.384457423696334	11.9482239247854	-2.89126531126533	0.00456845954698495	0.0118750434180693	-2.77216617114586
4013	0.804393043428325	8.10382738158322	3.69176479904581	0.000338525090083903	0.00126069307668757	-0.373750525660843
401494	0.241098298457738	11.0359465197873	1.37291369305863	0.172381195658527	0.254945152397392	-5.86157395362356
401505	-0.322678319198809	10.4696574901744	-3.89758744178027	0.000161719007383129	0.000666175506315078	0.318525739893295
4016	0.803371068614776	6.7972447595341	6.65798811481944	9.22103378681583e-10	2.06972117062768e-08	11.9104829751774
402	-0.108997370661559	10.8481918915195	-1.58723390477484	0.115134261487179	0.182605414724289	-5.55147910105143
4023	1.47035887832269	7.700846244638	5.04583952516792	1.65441321858147e-06	1.28676583667448e-05	4.67444045520915
4026	0.312824149919235	10.7324160800854	3.99991597900609	0.000110896541912436	0.000482108124314064	0.67345590759814
403	0.278710627950174	5.37772192069931	3.70345858403051	0.000324848255936253	0.00121689187938025	-0.335207858462031
403313	0.319315078571719	9.07285024665705	3.25319750611194	0.00148833483395113	0.00455826686260152	-1.74787638155153
4035	-0.0377772313342573	7.28539907961928	-0.456906117830309	0.648578058147154	0.731965399685134	-6.68889868144514
4036	0.223496017377049	7.87392252828092	2.39963946976371	0.0179749347752511	0.0386849820853501	-3.99364024134985
4041	0.322019459878512	8.9839512296697	3.83088552611306	0.000206073759671755	0.000818744230345692	0.0909776189395846
404217	0.165344467100692	6.40481510254558	1.17819503652983	0.241088101286015	0.334254903974967	-6.10553867347781
4043	-0.0976410539896362	10.3336923295763	-1.23914797066179	0.217748369995029	0.308402183840696	-6.03306754251791
404550	-0.47702108761645	7.54319821592413	-4.31044118583351	3.39421324955525e-05	0.000172106822844238	1.79247478552175
4046	0.774836017044936	7.38556067097858	5.93067659197119	3.07598508016518e-08	4.12422171309933e-07	8.51236465881917
404672	-0.122746804013952	10.9245730770242	-2.468593171648	0.0149964079397105	0.033182515291189	-3.83455357844303
4047	0.179721734634817	9.99139672320094	1.12975549405086	0.260869289745055	0.356515607758795	-6.16058591521535
4048	-0.190225781009491	10.4323223679404	-2.80089588517709	0.00595636063130173	0.0149044346605732	-3.01169035444034
4053	1.08517073700242	7.62149456407882	5.22621037812446	7.55629420012529e-07	6.51513466524373e-06	5.42654005099245
4054	0.5908630899311	8.3516635567138	5.76277307241689	6.72402121282557e-08	8.03768671750205e-07	7.75683808833264
4055	0.0836502905635667	9.59874782333035	1.01575553172869	0.311822834036776	0.412105057463003	-6.28120091762626
4056	0.776619727687881	4.97327245891656	8.91119721124417	7.41765343606229e-15	1.25040443636479e-12	23.3373920105184
4059	-0.159046632562982	6.46566410857941	-1.38199710607849	0.169581743983023	0.251344913924236	-5.84931116787763
406	0.154106342441249	6.78575635895743	1.15393467975948	0.250857452754461	0.34540466073543	-6.13339072773162
4060	0.551283148301678	13.0059064885708	5.02545032661711	1.80585240651897e-06	1.38756659328807e-05	4.59047848165392
4061	-0.545256418165579	12.0637622409439	-5.43179928410641	3.03578546176472e-07	2.96752519694398e-06	6.30354392066749
4066	1.11745211972231	8.92786175061017	7.24705388542427	4.76911850459139e-11	1.66919147660699e-09	14.7892898649881
4067	-0.160429540510551	10.755914859708	-1.26882843900173	0.206998074352422	0.296172543591029	-5.99648966148365
4070	0.526896615294354	10.5651837326883	2.29553693021608	0.0234673230849764	0.0483150769396573	-4.22606552907383
4071	1.20284229084024	11.112550813697	5.58610238739201	1.51218952123513e-07	1.65002449741112e-06	6.97493738046667
4072	-2.48246482219745	8.48795544700812	-8.13836094147083	4.61408197538772e-13	3.73650167810809e-11	19.3076593521368
4074	0.0702915282064201	9.75844460070634	0.95566228707918	0.34119554445607	0.442637850982745	-6.33971226427718
4076	-0.0144537669627483	9.62997120688553	-0.300549045070409	0.764286976231122	0.827935793268074	-6.74780481181964
408	-0.0399387445157148	8.54352822856773	-0.727364686961171	0.468442457290709	0.568351159991371	-6.52988923043246
4082	0.597769680261475	11.9785882166084	7.7432557124329	3.67836139029982e-12	2.03914530764272e-10	17.284172451924
4085	-0.358443456306357	9.47137842341056	-2.75759911156372	0.00674925309987988	0.0166087546509876	-3.12409429166023
4087	-0.0410129026527005	6.58879375759287	-0.802173839134288	0.42406408410124	0.526857722614204	-6.47318964111945
4088	0.395198637561989	7.75997609262383	3.46526769555252	0.000739208949863796	0.0024719881044194	-1.10102610416963
4089	0.272678003891062	10.7587030143424	5.41872278653754	3.21892250876837e-07	3.10974268098558e-06	6.24715603576143
4090	0.333695598016136	10.1153446836914	5.08497723492665	1.39758690167314e-06	1.11752834538433e-05	4.83621627009086
4091	0.480216629109398	9.15451102222336	4.47785044979141	1.75116657359868e-05	9.84658672425127e-05	2.42089753890808
4092	0.622777918713948	9.23700615519528	4.94312180509084	2.56660364928377e-06	1.88613399849501e-05	4.25368688376789
4094	1.55624354102795	8.18526822627089	6.64847837553867	9.66476511217404e-10	2.15759350882588e-08	11.8648590708786
4097	-0.145148766508039	7.30504437565474	-1.85247043140053	0.0664558265440883	0.11627306232878	-5.10842706879316
4107	-0.0680011943625958	12.0236232449809	-1.1262967469451	0.262324019907939	0.357911530300558	-6.16443003792346
4109	2.75322872759291	8.19888211879039	7.28471096871198	3.93412272606177e-11	1.40674691416754e-09	14.9765759775059
411	0.323010660820224	8.38465384169361	4.04530413558402	9.3614263905828e-05	0.000417298337756146	0.833119973303001
4110	-0.279258387516656	5.98905385756283	-2.80812459321471	0.00583258322296325	0.014639057253624	-2.99277455046291
4116	0.0203896082302555	9.4203139637016	0.270468106769296	0.787272382204252	0.845846758195515	-6.75635309253475
412	0.590116660391135	7.83148240525983	4.57363306831436	1.19067283363632e-05	7.06027107382338e-05	2.78804332252388
4121	0.724512040469008	8.25628826957929	5.32611350956815	4.86311274192275e-07	4.46822149591567e-06	5.85014512380821
4122	0.269093922692232	6.27628745973335	2.39833113475449	0.0180361976627854	0.038776416630559	-3.99661936258056
4123	-0.0745591551010793	7.03942181617938	-0.925980593256885	0.356344957528489	0.457651216508146	-6.36731700516898
4124	-0.430536163151136	10.0846437783584	-5.99893367611057	2.23118544709329e-08	3.09538864999697e-07	8.82282771645553
4125	0.341553207197968	6.71326609923524	4.47179319553621	1.79410338207405e-05	0.000100333743642056	2.39786301734088
4126	0.250428832889413	9.52565928857037	1.83783152890728	0.0686013239910881	0.119319211658536	-5.13456746050901
4128	0.191771844688713	12.5854435424218	2.28041930595925	0.024376916690465	0.0498180230585608	-4.25903630382001
4131	-0.286010870852307	5.5758936608958	-2.9713234563383	0.00359371022851299	0.00968484387847221	-2.55447872501233
4134	-0.0407438048937809	5.7902911218268	-0.553476233570245	0.580983959884521	0.672683979344848	-6.64041305285263
414	-0.159395482437237	9.70574821982532	-1.55909658694324	0.12165006281358	0.190745888158493	-5.59465160286704
4140	0.098211032500713	6.7208813701323	1.63891502246598	0.10389306569211	0.168101218925922	-5.47025757217925
4141	-0.223969587691195	9.53838592205858	-4.25573081098428	4.1989694044366e-05	0.000206203848279705	1.5908510391993
414328	0.0912760847179039	7.34051377692311	1.14329239165388	0.255230123578827	0.350490577017641	-6.14542986776366
4144	-0.054308289084606	10.9320179354744	-0.694672248640802	0.488625504845253	0.587734460710452	-6.55294189655354
4149	-0.126326751205531	6.99702006602121	-1.43679410818723	0.153421189222263	0.231632064152055	-5.77367605356459
4150	1.01827741226827	6.40268648152792	6.94397135392823	2.21557403856916e-10	6.11461830985577e-09	13.2956217807672
4152	-0.154150590796943	7.09875955338225	-1.64841931550011	0.101925236053306	0.165565870167218	-5.45505007051179
4154	0.36341102277931	8.34535823539237	4.39558729063562	2.42900700520911e-05	0.000129693586703473	2.10995855319631
4157	-0.0981353310489878	8.80325214275771	-0.941186334665233	0.348531111238443	0.449542001691058	-6.35328242953545
4162	0.118942469631742	6.58124700643983	0.750249859147987	0.454596748955652	0.555879962453544	-6.51312709111252
4170	0.261982144612106	10.5865104339019	4.20496433234343	5.10741473505491e-05	0.000245417368886292	1.40544636462364
4171	-0.224116352615959	8.76978997518534	-2.51742960128081	0.0131617183901755	0.0296470667856148	-3.71942672626645
4172	-0.0249751896624524	11.7080321368445	-0.402702999382442	0.687894948804889	0.765976311287191	-6.71206610389447
4173	-0.375913298378283	9.91489692613915	-5.23853585250311	7.15822489571586e-07	6.22336540530363e-06	5.47853539896731
4174	-0.17574118025411	9.42832889920479	-2.18301218034833	0.0310137696847246	0.0610082728258693	-4.46668233376623
4175	-0.0772454513625926	10.9536361277839	-0.923071640986101	0.357852442547778	0.459127240671738	-6.3699762402873
4176	-0.343052335031771	11.2309311837856	-3.76754747640244	0.000258724097080622	0.000997694230572335	-0.122269399778743
4189	-0.191156816018857	11.7876136229588	-2.89419915313465	0.00452882946418025	0.0118043961420413	-2.76427939783313
4190	-0.0630998262766319	12.3603793327466	-1.47995953641271	0.141547493823719	0.216234936005904	-5.71209794163416
4191	-0.130864365455002	12.8542132648929	-2.62155499402323	0.00990517798605022	0.0231709912672826	-3.46723138036235
4192	0.0640154414688275	10.7391434239815	0.558126369586708	0.577814932494523	0.669859837530493	-6.63784556219272
4193	-0.32501010032835	6.1435949643161	-3.72518657684066	0.00030081475913118	0.00114083099652137	-0.263337368565393
4194	-0.123995789816261	6.34566015574595	-1.26834789554809	0.207168963707911	0.296365715314747	-5.99708858741325
4201	0.02322747107127	8.87572947867939	0.374599422256333	0.708630386194175	0.782524998658274	-6.72293114302847
4204	0.187065895232531	5.74774901353412	2.52878512374913	0.0127650373214517	0.0289032917421028	-3.69236726695287
4208	0.931523221216616	5.69718854844011	6.20228946829124	8.48351733818036e-09	1.34241098109904e-07	9.75865795842302
4209	0.320944271665947	8.53090685960223	3.86533343742873	0.000181891984622058	0.000737931136040374	0.208115084667141
4211	0.511823233936836	8.21085562678111	4.8862825205643	3.26511163992467e-06	2.31699502970599e-05	4.02328535862528
4212	0.345715348767655	7.81012127125266	3.34254251813362	0.00111247360633268	0.00352340183600764	-1.47946070062838
4215	-0.0909454953635591	6.40512103530137	-0.985265875574435	0.326508281913116	0.428156597650792	-6.31132639186279
4216	-0.178802590398038	9.98898533936467	-3.01829105608142	0.00311500880506415	0.00859097586972618	-2.42439190757181
4217	0.400360332185022	6.81006489745349	2.60194133040812	0.0104565151733817	0.0242819272792051	-3.5154327905079
4218	-0.0140633502109013	10.6327388935126	-0.305615743625536	0.760435412599932	0.824845240719034	-6.74627648462096
4221	-0.429517318775382	7.0068245506632	-7.21201267494965	5.70276350758345e-11	1.91483034848127e-09	14.6153396050088
4232	0.353151656747717	8.08187617250647	1.77045802368897	0.0792317778716573	0.134716855747198	-5.25234718953082
4234	-0.387110205341545	9.51636881077577	-4.82618340137746	4.20387023732793e-06	2.86974943473791e-05	3.78158302788275
4236	-0.132574936351509	9.50341845917476	-2.50934305211424	0.0134508974625278	0.0301914165870868	-3.73862985211936
4237	0.189752267446214	9.33584402308792	1.65797403930465	0.099977362885784	0.163171906231293	-5.43967728938497
4239	0.62469502409702	11.144334265343	3.58495278319521	0.0004913415186987	0.00174183731521513	-0.721316979939562
4242	1.15248327539291	7.02739783431365	9.03992481419095	3.70205931965563e-15	7.64475249508887e-13	24.0157351463565
4245	-0.437415725448989	11.8136451450026	-4.13564910522357	6.65674647067495e-05	0.00030786520631453	1.15495101217342
4247	0.273149011689628	9.43250440564838	4.61068334686416	1.02422643763532e-05	6.23836661906144e-05	2.93151092881031
4255	0.0498816054010458	9.21879494069475	0.512918727729487	0.608966527944937	0.696395337231785	-6.66189991104248
4256	0.886335495981116	11.2126283418215	4.03223028400627	9.83086371202651e-05	0.000435171137520573	0.786989987228783
4257	-1.77029701228672	7.79674779589008	-6.43413935379011	2.76667889103242e-09	5.13545340223097e-08	10.8444544903435
4258	-0.0244932576619303	11.4786419290068	-0.39839524602152	0.691058397358778	0.768359451094832	-6.71378235993379
4259	0.0236394069839128	12.8904796169321	0.533978632653592	0.594360281430254	0.683572253496783	-6.650945639909
4267	0.345791020862366	9.38297827243256	3.98658575961086	0.000116525769104727	0.000502612455772869	0.626822779640205
427	-0.0794264615415606	8.65541461911132	-0.579468964988375	0.563376827365783	0.65643850952763	-6.62578759739599
4281	-0.646682259115459	8.80913931110275	-6.04597019910601	1.78645086197433e-08	2.56626915024184e-07	9.03785600618381
4282	-0.233356280293098	12.7793858569929	-3.93756673005797	0.000139664555171426	0.000586193712254054	0.45635891339103
4285	-0.469463814931646	6.94847573475692	-4.53328452396029	1.40164150188921e-05	8.12460267059994e-05	2.63271999761552
4286	0.152864062421278	5.75502389273787	1.46075739802641	0.146738143128883	0.22329114115766	-5.73970793807061
4287	-0.197865202668508	7.71049123077388	-2.48394337050275	0.0143965358111825	0.0319836970953113	-3.79858555703359
4289	0.280988788072613	10.1369075727237	5.54440173044899	1.82745801313343e-07	1.92909895703809e-06	6.79241153442339
4292	-0.0452047724433732	9.77523869264751	-0.917972480963736	0.360504733897182	0.462027789292587	-6.37461776962272
4294	-0.100489047154467	6.52799552226082	-1.39725626550067	0.164956873585295	0.245973016035731	-5.82853489129021
4296	0.222502052231033	7.06190469993079	2.50532934195671	0.0135965305669538	0.0304375769293486	-3.7481406185817
4298	0.450135057575069	9.2720200273892	4.26606243826153	4.03414360192917e-05	0.0001992944147843	1.62878248765939
4299	0.0407838259248765	10.6541926903068	0.318855513307029	0.750399482872662	0.817501942565047	-6.74216240816064
430	-0.729459308865365	10.1820612585871	-3.37897824604989	0.000986396539254916	0.00317522814273017	-1.3682755106302
4303	0.205812939351036	12.9973192154025	3.35001741101265	0.00108543842182825	0.00345333874728092	-1.45673167985367
4311	0.00126500283777513	10.6127607405601	0.0156024483902633	0.98757788744408	0.992021567589457	-6.79265173497416
4313	-1.15894345066495	6.91662385767137	-4.75676233504757	5.61574061261293e-06	3.70495347126061e-05	3.50487556606545
4320	0.798501175192409	11.3039560081742	4.00537221647349	0.000108668175793671	0.000473667088156056	0.692577509058042
4321	-2.45452864964444	9.97633141308568	-5.38796139520945	3.69337166166799e-07	3.51871394756373e-06	6.11482799265505
4324	-0.622519962503056	8.48876891066448	-4.13223711483029	6.74362602359758e-05	0.000310785115952933	1.14270029632368
4329	-0.340446162315129	8.94451478791209	-5.22198879481921	7.69753836805244e-07	6.61619843081303e-06	5.40874860109774
4331	0.0594172490400102	8.68368134891398	0.86159498835884	0.390656928006878	0.492946261126919	-6.42424515413764
4335	0.00211153723969419	8.69101008187306	0.0341853747200819	0.9727870564312	0.983864465057146	-6.79219097246173
4337	0.437610852421744	9.82674998698546	4.45599002162422	1.91095977764953e-05	0.000105936427942182	2.33787047406272
4338	0.292814290166466	8.08823337898357	2.05010840049683	0.0425683052966471	0.0797672871484359	-4.73648645667572
4343	0.251808470380066	7.9194142366835	3.04945606537718	0.00283063527714712	0.00791772685040136	-2.33711152107034
4345	0.605181540737129	9.46091095836197	3.96718367584289	0.000125208976783716	0.000532557233899842	0.559159860989581
435	-0.406993620488321	5.933114164189	-3.41547359519291	0.000873639370247255	0.00285239367808829	-1.25591694608998
4351	0.135104193576477	5.68946621453551	1.4168672316084	0.159155017473818	0.238978448342799	-5.80150947933064
4354	0.43097961484078	10.6711464778693	4.52113655897577	1.47193865368185e-05	8.4785308782511e-05	2.58614425644149
4357	0.00331599993424247	7.53407067059899	0.0372798805737061	0.970324807237367	0.98233642698623	-6.79208083780099
4358	-0.129952180251104	9.17332689998445	-1.69373069554656	0.0929531080404258	0.153989705658628	-5.38139630187761
4361	-0.143714030057803	7.55535145941815	-2.05805288238282	0.041786213074368	0.0784797908127058	-4.7208003568677
439	-0.472967830454348	5.82908712138839	-3.68891695662001	0.000341937542398085	0.00126882484286082	-0.383122421325886
439921	0.342454525273454	8.14714430943793	2.55789697372585	0.0117965845802843	0.0269916312003182	-3.62249774274873
4436	-0.102971526768704	7.67510381424914	-0.823812220990969	0.411707302860751	0.514089542196493	-6.4557663889308
4437	-0.055655457959893	13.8210969610471	-1.76361269439723	0.0803839980899764	0.136369293341983	-5.26408086848069
444	-0.211579725524726	7.22984216092029	-2.38369629632938	0.0187342013989398	0.0399753302906852	-4.02984299613702
445	-0.112452306560382	10.6315035448354	-1.68707240359233	0.0942298188510794	0.155698800502084	-5.39233863408379
4478	0.649206586649254	9.54909706342626	6.77089360489054	5.26657370446181e-10	1.27571550729779e-08	12.4543467836683
4482	0.827886894020593	6.83374950792405	5.46745868139626	2.58660170996873e-07	2.60552806394411e-06	6.45772196073455
4485	-0.418639581116633	9.22837877841555	-3.94910163289682	0.00013385475944042	0.000564678402950905	0.496326867580645
4488	0.111257674667378	8.7831657519241	1.22169660156629	0.224256082788959	0.315939833504486	-6.05418072942778
4494	-1.46406891551892	10.182324733593	-6.58841163292159	1.29968169162088e-09	2.75973541716926e-08	11.5773593570573
4495	-1.16853252257158	10.7420835877939	-4.47730398389372	1.75499913842962e-05	9.86142373022358e-05	2.4188185358473
4501	-1.15085892406158	9.57305169409639	-5.95607162879566	2.73019356698516e-08	3.70302115981896e-07	8.62765245635831
4507	-0.222604926981573	9.05841340813584	-3.1364621067533	0.00215883872972796	0.00629661296170654	-2.08941469789503
4520	-0.481776866201829	7.96638973956508	-6.11941304217674	1.26045371533807e-08	1.89988096508986e-07	9.3753380801536
4521	-0.334660331090286	8.82083840747048	-3.05500087741939	0.00278262861512874	0.00781254668965444	-2.3215026880645
4522	-0.562949986068382	6.74036437118262	-4.13125982384487	6.76871030357205e-05	0.000311647419774276	1.13919272862928
4528	-0.272220945786155	9.54363757452108	-4.64619176787168	8.85962364010474e-06	5.48579394807085e-05	3.0697572148492
4534	-0.0107646907036265	8.43844420918003	-0.149843023865097	0.881144137946264	0.915488226851233	-6.78159214666624
4542	0.411646440347693	5.29735250511774	5.1400025453048	1.10108932534141e-06	9.01387297058478e-06	5.06500286587745
4548	-0.389830333092836	9.26778234298699	-4.93315673197581	2.67755425281367e-06	1.94688363804938e-05	4.21316681207458
4552	0.0772251022472042	9.16566901649987	0.818699191927245	0.414607456844667	0.516929448081049	-6.45992477382072
4585	0.0181319562868399	5.65382726772184	0.271164621143951	0.786737947388643	0.845382521845999	-6.75616533192672
4591	0.0297794842659484	7.80072333909032	0.395793753118227	0.692971487302493	0.769864759262756	-6.71480990821924
4594	-0.0472759212293499	9.57976223388818	-0.825756405284772	0.410607751080585	0.513104390911593	-6.45417848450518
4595	-0.104011180492058	8.99429881639085	-1.37421649677719	0.171977542579381	0.254530460796575	-5.85981995167075
4598	-0.0245765239267824	6.3701913403077	-0.269546860109359	0.787979409723031	0.846287077215518	-6.7566006937953
4599	-0.366444731577638	9.97523221637405	-1.77456551776154	0.0785469493654555	0.133772742630652	-5.2452857966143
4600	0.160156479452865	5.91615358199198	0.978304460212394	0.329924090264275	0.431744769579042	-6.31807806707378
4601	0.166841671026452	5.70292034363337	1.11824698869441	0.26573164855662	0.361676753148571	-6.17333204338868
4608	0.565172223489259	5.78352596294502	3.74794939584396	0.000277450362199314	0.00106148216385657	-0.18768940955685
4609	0.207779741396401	8.96867941239869	1.97588424149958	0.0505002569650897	0.0919806223884544	-4.88030566570087
4613	-1.13208166956324	11.3488930786166	-6.71371792857241	6.99712931589534e-10	1.63266350704225e-08	12.1784319024155
4615	0.158779641736528	7.52256746547856	2.10084249461306	0.0377824103364662	0.0720412533193008	-4.63534490893057
4616	0.810408625298127	7.06935705962426	7.05427218421173	1.27040502235773e-10	3.77465664916361e-09	13.836304005316
4624	-0.812100142154041	6.96708565855477	-5.91513205463508	3.3085079191503e-08	4.35163621213081e-07	8.44192562402997
4627	0.14535865778002	12.1681298252295	2.26501791791928	0.0253352604209046	0.0515568492428362	-4.29242101424088
4628	0.142744378379683	12.3558754222153	2.33467785472933	0.0212495360440932	0.044458249170266	-4.13977769325544
463	0.0397160622057963	9.35324752498388	0.636770251970791	0.525507202017919	0.622410308096933	-6.59118984298927
4635	-0.287293755703448	7.03672445299176	-1.5235596197578	0.130292828016547	0.201879339601703	-5.64811876182876
4636	0.129598896322303	7.0134291736901	1.64856217113924	0.101895889112583	0.165550756111317	-5.45482085165992
4637	0.0147943910267108	13.1022811440545	0.301926372760317	0.763239380753069	0.827343475724455	-6.74739187714694
4638	1.01014970599244	8.52475148603031	6.78706274423684	4.85911164409563e-10	1.19098700831543e-08	12.5325582585315
4641	-0.0182474698440951	7.37025714881983	-0.197047206038039	0.844129408443976	0.887878379440627	-6.77343945555859
4642	0.25389474526022	7.35910143212694	2.68204804266157	0.0083660185047846	0.0199836069547486	-3.31654587635771
4643	-0.0174194365498114	5.75068117179253	-0.194360307933103	0.84622779615168	0.889519164700035	-6.77396303221528
4644	0.521656769752529	6.28742744913928	4.043319352321	9.43128644972576e-05	0.000419732899109563	0.826109587311635
4646	-0.695426987975041	7.47262984922264	-8.29131192843133	2.05092030298565e-13	1.92506837530244e-11	20.0983942149035
4647	-0.053087052624917	7.7038323011239	-0.574536928029761	0.566697617481463	0.659563522671112	-6.62861403115848
4649	0.296870779465106	8.69769483202439	2.58557729921139	0.0109374990745605	0.0252450975809632	-3.55540146944484
4651	0.0193902213765555	9.50495950640966	0.188815728784623	0.850561424488679	0.892484421529025	-6.77502075719329
4659	0.145884143497476	8.55333594744692	2.23533444885454	0.027275792171984	0.0546309513434986	-4.35617932571985
466	0.108301246910322	8.81267498710609	0.998948607768604	0.31986253908935	0.421180387833258	-6.29791871325535
4660	0.0144839348888811	6.90285566904447	0.160625251738524	0.872663072885598	0.908911116886975	-6.77992536610724
4664	0.494042119683856	8.34636618308593	4.74425036032231	5.91501058797783e-06	3.88069797114351e-05	3.4552903349084
4665	0.196455772623022	7.78410630674818	2.02669944888455	0.0449460716460676	0.0834279891677569	-4.78237819620637
4666	-0.112151164269465	13.8859875810406	-2.61282040586567	0.0101473831563225	0.0236505036318351	-3.48873675882926
4668	0.251638384197515	6.62172966745878	2.6465008752846	0.00924189819337681	0.021829994440098	-3.40546143472217
4669	0.0701663259310848	9.23050289578034	0.878785042821963	0.381302811865337	0.482913404784987	-6.40944205170794
467	0.378646971123341	10.8111991557773	2.9465865777179	0.00387224901703139	0.0103176699615094	-2.62228823163898
4670	-0.0497274985194942	12.1452828117877	-0.961048028776946	0.338492100916978	0.439752241833004	-6.33461147359842
4673	-0.0354517103065107	10.5261559712166	-0.587634388548629	0.557899941059796	0.650791344888281	-6.62105538491156
4676	-0.0588607822901495	10.8405124774577	-1.12650515181019	0.262236205614374	0.357850827420243	-6.16419873898011
4677	-0.0885777569468505	11.7607650032045	-1.65035813212441	0.101527524340154	0.165309945012748	-5.45193752721162
4678	-0.120000505803551	8.84854069234053	-1.93727316388155	0.0551005600401067	0.0993301235118467	-4.95315887203535
4682	0.103048872154696	8.23148567386104	1.52984127905127	0.128730932570699	0.199871711096612	-5.63875382533729
4683	0.0885577843733932	8.80619903820008	1.54683465060268	0.124579437368522	0.194449386368858	-5.61323401452404
4686	-0.198944778110788	9.62248117701186	-3.98741808330998	0.000116166443288491	0.000501324358183352	0.629731040642812
4688	1.16741115404388	6.91288660436651	6.50357349672845	1.97102927271789e-09	3.82176098419008e-08	11.1733215074604
4690	-0.0191104343537536	10.6598120607901	-0.373879931694794	0.709164204577557	0.783009802140171	-6.72319901435109
4691	-0.101625596690309	11.8641756853758	-1.88221314093284	0.0622688504892154	0.109903640363889	-5.05471433628725
4694	-0.0555549531019904	12.6848501650406	-1.18112225331735	0.239927943578882	0.332869677576532	-6.10213982565606
4695	-0.201675598506449	11.6415042095807	-4.31660381080845	3.31347067975174e-05	0.000168633812783422	1.81530294448209
4696	-0.351339165897879	11.4340303320253	-4.37383811639251	2.64678366360899e-05	0.000139606852243999	2.02843831478777
4697	-0.143330803915203	12.7963029027303	-3.11169049665874	0.0023332351004605	0.0067386440313999	-2.16053794489429
4698	0.313404262377464	7.28861950190591	1.34463694402156	0.181320069715143	0.265550314866504	-5.89924662470228
47	0.000699853501019561	10.4268357902306	0.0108222471433169	0.991383530142582	0.99437658406441	-6.7927146418367
4700	0.0187266346517515	10.5720366363042	0.279369107256141	0.780450374360615	0.840813889685494	-6.75391733501906
4701	-0.139615736791241	9.43407677264246	-1.83360184871927	0.0692318618799738	0.120188141893355	-5.14208387589828
4702	0.115509175001328	11.2222095437074	2.34305003230276	0.0207998920613067	0.0436723712319251	-4.12114832610708
4704	0.267476810233611	8.66822099728018	2.53010571425719	0.0127196078133488	0.0288241318349139	-3.6892133035784
4705	0.00226748950887953	10.1043116165164	0.0310936020784019	0.975247393201641	0.985284922132603	-6.79229148481387
4706	-0.0634113936765521	12.1487378863496	-1.10422625954226	0.271740363541077	0.368226779245376	-6.18868792664056
4708	-0.00715908233499664	11.7957525401637	-0.0968969573517891	0.922972516855969	0.946624915171662	-6.78809728401199
4709	-0.0580575737210865	12.0874391549257	-1.26118796980736	0.209727445741579	0.29945526392834	-6.00598622419759
471	-0.362587938104784	11.9653101847736	-5.85870494272304	4.30694528565753e-08	5.4313539022185e-07	8.18706584352032
4711	0.0361056415742998	12.4480125771372	0.789405290091051	0.431457610342415	0.533483846489442	-6.48325571689081
4712	0.0582549638721704	9.09926234667674	0.97000010144084	0.334029392177194	0.435084618689831	-6.32607062177544
4713	-0.0190300955681863	10.1400997320981	-0.245329485412775	0.806627245696729	0.85970852251032	-6.7628068865199
4714	-0.0324588720499924	11.959120175545	-0.543443335383707	0.587849211872957	0.678350725072734	-6.64587974841436
4715	0.053369602798667	11.1906395675033	0.853569098183784	0.395072225992838	0.497605456953468	-6.43105772625881
4716	0.0146964199842445	11.4210184109154	0.229512172382433	0.818867990971773	0.869724778889912	-6.76654552919668
4717	-0.165674337438937	9.61708169342185	-2.24081631817104	0.0269079323030771	0.0540289764271761	-4.34446266635185
4718	0.0328063265560662	5.94374119999589	0.454877143347432	0.650032925808599	0.733106494699484	-6.68981836295643
4719	-0.107432567236791	6.07458470097408	-0.896355152884662	0.371887091435789	0.473529732582029	-6.39401348801608
472	0.0692871803283511	9.32577029174052	0.899668588157252	0.370127940551734	0.471507832966892	-6.39107014941232
4720	-0.0654639775378533	7.36486343561921	-1.04743544672658	0.297038323738804	0.396115039406284	-6.24894422796968
4722	-0.0707211580260965	11.0829986975068	-1.29317138202064	0.198476364120987	0.286010950390676	-5.96586119980599
4723	-0.089003206559006	10.3221391945362	-1.35390610159931	0.178352285631402	0.26218008174326	-5.88698116197564
4724	0.138456767476174	11.5681131872076	3.48283356680763	0.000696617708923681	0.00235629085819394	-1.04595019790484
4728	0.0749158380379159	12.0342145784697	1.19030286380154	0.236315216369571	0.329112070007192	-6.09142663868658
473	0.269878475908837	8.6328885742415	3.50379639021933	0.000648813050020349	0.00221271502608096	-0.979928079379538
4731	-0.204809587042571	6.58409759273494	-2.23322731047545	0.0274183563155267	0.0548234381908134	-4.36067600507415
4733	-0.132819163109354	10.3143348146189	-1.8826943547738	0.0622029681775617	0.109856001100419	-5.05383868516397
4734	0.0333951249475598	8.39606006397017	0.394745297197498	0.693743064261297	0.770100485257131	-6.71522213349149
4735	0.207393818991726	12.3867677704894	3.79106388851566	0.000237836790271435	0.000927167710262812	-0.0434176238393134
4738	-0.024679508282505	12.9858792468856	-0.591373714546135	0.555400606810294	0.648741201001981	-6.6188663109075
475	0.179755924443114	10.1715804061698	2.3094004898028	0.022659545549489	0.0469445312863755	-4.19565492728395
4750	-0.128801722449097	8.06884597458211	-1.75439439091713	0.0819573876574361	0.13866612495912	-5.2798139968156
4751	-0.223386918143745	9.25775374083619	-1.93406041987546	0.0554988024762577	0.0999825754534109	-4.95916011503138
4752	0.112531995656311	8.09597584342923	1.57030669788184	0.119019950492644	0.187400837031879	-5.57754006213361
4758	-0.313324763556928	10.1825948080644	-3.10006363019692	0.00241951753995474	0.00694654670838586	-2.19375594997622
476	-0.15620822367544	9.22892261426125	-1.53396232446585	0.127714290002835	0.198479780888696	-5.63258990709977
4763	-0.135046976270672	6.18438469298231	-1.6108277764537	0.109887566791894	0.175735005169612	-5.51470795213103
4774	1.11618394159198	5.9083857106359	7.45676314857176	1.6257841139138e-11	6.69958045504253e-10	15.8367342200602
4775	0.0216928501706735	6.54164751251511	0.356943767456066	0.721771072317673	0.793957791629242	-6.72935606881368
4778	-0.0434740032355795	7.66963724845513	-0.267324425346661	0.789685785072337	0.846995092794148	-6.75719453929839
4779	0.0337167158349364	8.29760220099774	0.504824858942981	0.614622811922254	0.701019666732646	-6.66599321287246
4780	0.531490706537188	10.4252338450217	6.13639847481708	1.16244930145558e-08	1.76829304420315e-07	9.4536861207887
4782	0.274404891351311	5.85885759005467	1.90067003485395	0.0597834614201112	0.106310310297119	-5.02097804910438
4783	0.0163267988401773	10.2144098600736	0.180350264200046	0.857186792788019	0.897043317930956	-6.7765766801481
4784	0.745208273045238	8.06300784896504	5.25366666858833	6.69745553927046e-07	5.88521093131638e-06	5.54246842903228
4790	0.223300315632543	10.9672994032435	4.32167597538293	3.24840451768455e-05	0.000166141308458665	1.834109420949
4791	-0.144586748440696	6.45160529828305	-1.70623330473007	0.0905937699205249	0.150715919344116	-5.36073850770501
4792	0.0226692156580757	11.6072779639724	0.213648753335525	0.831189485047845	0.8792530748959	-6.77004512394267
4793	-0.156442234310961	7.43279337708064	-2.41473952427171	0.0172811205245257	0.0373768147506108	-3.95915048179926
4794	0.355178528910148	6.0225320936328	3.92603324499338	0.000145713640218629	0.000607876095053472	0.416485279138807
4798	-0.119106030478931	6.07320661400755	-1.47371651778384	0.143219174890684	0.218546163790328	-5.72111264577587
4799	-0.0264159093804121	10.0966088872898	-0.404398806778022	0.686651125017447	0.764694390271553	-6.71138542646412
48	0.121446854012796	11.3586785795626	2.41528940865208	0.0172563096405634	0.0373427083130871	-3.95789080629199
480	-0.09925958471211	5.53280016846161	-0.60964480777755	0.543268603297069	0.638775610424739	-6.60797160166426
4800	-0.096599078761563	6.65012863412745	-1.12084009164531	0.264630580415427	0.360641576345722	-6.17047122504518
4802	-0.0177066185348723	9.60989293992053	-0.392304170895426	0.695540776766282	0.771534240030992	-6.71617769468208
4809	-0.126372587670685	10.3302434924184	-1.95560363034855	0.0528742441049983	0.0958606796109056	-4.91873993673752
481	0.367899672527089	9.94272533109261	4.06974806524367	8.54063206823233e-05	0.000383608596430664	0.919669670833938
4811	0.0189951088994166	7.49637349250807	0.132586628745225	0.894746008948464	0.925908548473355	-6.78401891524432
4814	0.895704456210513	10.5279711638035	9.22476683188763	1.36103376644928e-15	3.40670876087001e-13	24.9925308210316
4817	-0.0637282076766917	7.10861711990664	-0.833933971847125	0.406002229648526	0.509035508768122	-6.44745898940129
4820	-0.136889595908924	9.44595002282794	-1.62861183392063	0.106060718463697	0.171005569882908	-5.4866484869141
4824	0.0627745909653599	6.45642039603261	0.782131241047222	0.43570321424774	0.537631991288666	-6.48891876080565
4826	1.4239843434851	10.3309475738356	9.37575929779628	5.9973512308968e-16	1.76921861311456e-13	25.7925743642101
4828	-0.645457591658195	6.28910713640941	-4.59858001130071	1.0759577373329e-05	6.46827577173924e-05	2.88455578124639
483	-0.424667019430259	9.40911346358935	-3.7384329228975	0.000287000788713364	0.0010949776049757	-0.219359655894893
4830	-0.60124243381258	11.647210981865	-4.94940975986314	2.49890721619263e-06	1.84294407194207e-05	4.27928245455574
4832	-0.283690448398648	8.51953508044926	-3.19165941311474	0.00181286426006873	0.00539807454512175	-1.92922604683455
4833	0.303453608701219	9.9376514972731	3.47497015734329	0.000715390080807151	0.00240208214124678	-1.07063302971823
4835	0.18140967084707	8.36526895041282	1.59740691450764	0.112848062688949	0.179704067439892	-5.53568810401438
4837	1.55065788309193	5.63363473128309	7.74807802305855	3.58696598039503e-12	2.00191479716642e-10	17.3086872618444
4839	-0.604054244014686	8.86203916685023	-5.29411401546223	5.60323253559755e-07	5.05821866055036e-06	5.71392818194862
4841	0.0236153456149854	12.1092191139125	0.564661049510392	0.573375578060233	0.665834707546398	-6.63420144534016
4843	-0.35077837507034	6.34572561889919	-2.25404606134301	0.0260379691353571	0.0525852384005012	-4.31607771533316
4846	-0.184949636218123	10.1830607762465	-1.49328574115068	0.138029990957873	0.211840900280942	-5.69273260492526
4848	-0.0605959701966075	9.90111241134628	-1.02221970728036	0.308766884072516	0.408851308502562	-6.27469805299767
4849	-0.107611613577372	7.15389934142906	-1.39350426361793	0.166085047352555	0.247182430834613	-5.83366393105652
4850	0.122568213024543	9.11667342524714	2.23190738116321	0.0275079909680073	0.0549760477608856	-4.36349078016265
4853	0.670182028642854	7.17904469370077	6.47249174669867	2.29456546213301e-09	4.37716182845697e-08	11.0259021666416
4860	0.236118474812351	11.4085780405168	2.92588633947472	0.00412045425586489	0.0108599081536196	-2.67865703149831
4862	0.550655302042881	6.50708044942784	4.51853702320763	1.48741768663797e-05	8.56172131820881e-05	2.57618891056863
4863	-0.296566662573044	6.52271210856363	-2.18540338997055	0.0308336913160612	0.0607408276343109	-4.46168470204069
4864	0.464408183792623	9.91951711991453	5.50357033848852	2.19814625598359e-07	2.27527419479003e-06	6.61446086242666
488	-0.0648206100561764	10.1010644761853	-1.27129823819181	0.206121406652792	0.295327462090557	-5.99340794236418
4891	-0.150765841241301	11.0566073082437	-2.1259747699112	0.0355884166963484	0.0686662746815785	-4.58439325561969
4893	-0.325423394538002	8.20796753515262	-5.14076511542016	1.09744543327895e-06	9.00188607634971e-06	5.06818441984054
4897	2.33251983967397	7.94296481182494	7.43287839457149	1.83873679744245e-11	7.40876387652421e-10	15.7168982294059
4898	-0.071798717724645	10.9155918531586	-1.20130629323496	0.232036718952182	0.324249893509888	-6.07847968794772
490	0.594513629754546	8.58759753937113	4.26735128375423	4.01402351932925e-05	0.000198537929758441	1.63351904994738
4905	-0.115255217890933	11.1490906401016	-2.41243497877203	0.017385447035825	0.0375729441433581	-3.96442691349359
4907	-0.0864909788261466	11.223850757975	-0.68053167072276	0.497500262382217	0.595385709544641	-6.56258727985637
4913	-0.0637696993330213	6.90034413505864	-0.486258766505093	0.627685045597832	0.712376817345163	-6.6751377038988
4921	0.251216114811927	5.97100893508848	1.90831186621171	0.0587790902326079	0.104862912596402	-5.00691940995988
492311	0.0235297336420424	8.54117413275418	0.317293259095311	0.751581507377986	0.818250066026383	-6.74265691959768
4924	0.0695941749277086	12.7516058589918	1.26024424767283	0.210066390109551	0.299835559409866	-6.00715533157513
4925	-0.308607800237361	13.0622827740977	-3.41954207892534	0.000861847900788356	0.00282058589641739	-1.24333006408132
4926	0.235513653607735	8.55912848757263	3.14019820503731	0.00213361150269283	0.00622743145308931	-2.07864642935741
4927	-0.191636176001494	10.3026617910457	-3.1929694529676	0.00180531770393988	0.00538336614965465	-1.92539564025618
4928	0.00798746523387973	7.44475402510555	0.147991509950982	0.882601916408243	0.916506984491176	-6.78186672229166
493	-0.387015263974344	9.45487918169061	-4.32834843093613	3.16467961188688e-05	0.000162766211669898	1.85887373659514
4931	-0.136602645080833	8.49643538351632	-2.17184588369958	0.0318668396749393	0.0623892144382551	-4.4899531494032
4935	0.13867261336137	6.22541173710691	1.90617896616951	0.0590579810618825	0.105269513071029	-5.0108486277913
493753	0.257541570183845	9.22250992454496	5.04834314468169	1.63669238063334e-06	1.27446567396475e-05	4.68476527699284
4938	0.0196894713624342	7.18750056109655	0.137871370817564	0.890576935929671	0.922518872683607	-6.78330721349327
493856	-0.0773991278108191	7.80176462227095	-1.35116153772322	0.179227195696684	0.263044889206575	-5.89062143146667
493861	0.4373302998434	5.55157154240633	4.91038162221919	2.94891442511384e-06	2.11993325948132e-05	4.12075924825671
493869	-0.0967802813151509	10.9276195190958	-1.23633585212037	0.218787629052961	0.309774625864983	-6.03648944525728
493911	-0.162140769990592	7.41810442982424	-1.66169756282272	0.09922645458801	0.16217065985298	-5.4336634889623
4940	-0.308200041564139	7.67399607232494	-2.29374100052195	0.0235737954987628	0.0484859439292283	-4.22999278080697
494115	-0.247309131691088	6.93054397143354	-2.7727421393892	0.00646162131736544	0.0159768518575874	-3.08495546285316
4942	-0.173922924456839	9.71792479803212	-2.33073639988322	0.0214641722795205	0.044805171349214	-4.1485270063637
4943	0.0170121521394389	6.86649468852923	0.201143990384968	0.840932101539777	0.885567481003047	-6.77262731783538
4946	0.15684468590267	13.8225235911597	4.25835892083607	4.15643855979475e-05	0.000204236659749581	1.6004934938618
4947	0.54578772404847	7.41302739600591	4.58857566192617	1.12061655878184e-05	6.70260157533524e-05	2.84580816590934
4952	0.136236451320981	8.90152199950394	1.58311789508435	0.116069679699746	0.183736618117401	-5.55784070084023
4953	-0.393398310177229	8.70434841916504	-2.87877913127065	0.00474070447344839	0.0122560935682891	-2.80565408696903
4957	-0.255055857164994	8.4094281540577	-4.73125805307752	6.24211091614553e-06	4.05344623957249e-05	3.4038948853812
4967	0.366437974716285	8.85497087397434	3.60200637547279	0.000463202363845276	0.00165629936162856	-0.666370374191311
4968	0.117232935412863	7.04070493018671	1.5480353072876	0.124290162304149	0.194244160184372	-5.61142069157641
4973	0.356309471856553	12.3392295661107	3.10933466164801	0.00235048369593908	0.00677661268008962	-2.16727708133602
498	-0.0512973858395821	13.1382945845828	-1.17669641382274	0.241683603490757	0.334782251355635	-6.10727556577984
49854	0.0283687944943658	8.63516345218249	0.435346085566798	0.664106049884072	0.744101461210314	-6.69846266035049
49855	-0.00419387895447938	8.64441792303511	-0.0625223296994408	0.950252602883745	0.967231854568051	-6.79082624062033
49856	0.199822405520567	8.1079492741231	3.09009981291736	0.00249580199300053	0.00712839711693788	-2.22213874991794
4999	-0.277002408775659	8.64495176682746	-5.14351336463051	1.08441033314558e-06	8.90380651270622e-06	5.07965297841996
50	-0.275667645024043	8.93556015289704	-4.33947395361301	3.02967559775014e-05	0.000156799000234437	1.90022659999063
5000	0.08443903474288	6.01731669503052	1.25462278960934	0.212093698220903	0.301998611843589	-6.01410169203544
5001	-0.129327411121878	9.15920199024392	-1.7636053549893	0.0803852408331858	0.136369293341983	-5.26409342594345
5002	0.587138490677432	8.08803554593833	3.12351662884733	0.00224840830977426	0.00654168814326712	-2.12664269753177
5007	-0.0710594971809765	11.5617648153388	-1.38251924055133	0.169421880788622	0.251198121578535	-5.84860389735396
501	-0.0107038306149445	11.61357644335	-0.152985200875539	0.878671099324068	0.913573909481168	-6.78111835856642
5010	0.463365849360702	9.37413012761343	2.34584248204052	0.0206517972105225	0.0434166059961609	-4.11492120479463
5016	-0.203356523913402	9.32928952237174	-2.26278027415596	0.0254772092369199	0.0518017359617218	-4.29725419607629
5017	-0.20841917851697	6.22643225803495	-2.05924227137301	0.0416701906482822	0.0783153071114473	-4.71844709463384
5018	-0.0412331168228554	9.14649115852236	-0.533218341046169	0.594884755835872	0.683984978174318	-6.6513487357417
5019	0.120207746516798	5.93502055384355	1.03026934270854	0.304989530176344	0.40475795617876	-6.26654359841483
5025	0.196339015663568	9.04325180962218	3.10832821413415	0.00235788853583001	0.00679085052508923	-2.17015482262343
5028	0.962955617151538	8.17014166887429	7.86272722612289	1.96949723465849e-12	1.27525072886647e-10	17.8929049907914
5029	-0.385157532170547	8.15428075543705	-3.84043489397017	0.000199080207299325	0.000795935388331279	0.123368154685791
5031	-0.374617005348136	9.07127859892768	-4.73774683267817	6.07661384292644e-06	3.97409583076583e-05	3.42955153318596
5033	-0.260788004169013	10.0286980899319	-2.58302907802728	0.0110141643876281	0.025405472728793	-3.56160520496611
5034	-0.19739925471007	12.5356333266311	-3.39634012340762	0.000931152260989506	0.00301738629885183	-1.31494670055846
5036	-0.189149805517173	10.2464640934487	-2.38850592401754	0.0185022119144539	0.0395313684462982	-4.01894463990057
5037	-0.072160279005703	11.6107897203686	-1.32185938963971	0.188770419596514	0.274611424069604	-5.92903999952924
5042	-0.403233109982663	7.94873394024498	-4.60408343997246	1.05212956356768e-05	6.35277061043059e-05	2.9058958747418
5045	0.10064108947193	9.53220274730631	0.925961279815179	0.356354952805336	0.457651216508146	-6.36733468784987
5046	-0.417149389536348	7.73956343767806	-2.37033325593104	0.0193923402234618	0.0411775656158855	-4.06001829597402
5047	-1.90494799750026	9.08361536653607	-5.79256607265268	5.85760433013548e-08	7.16797211361764e-07	7.89003378802322
5048	0.389564709358759	9.77277055959481	5.55202580761548	1.76536999145405e-07	1.87669963055475e-06	6.82572337975309
50484	0.21316966868672	7.60548062877572	1.56044321921904	0.121331704488165	0.190387515021322	-5.59260226500674
50485	-0.0117584381575179	7.93276043250848	-0.199748607557245	0.842020822833403	0.886450675070598	-6.77290581087325
5049	-0.337556121569432	7.10399330220849	-4.45259764665164	1.9369849187981e-05	0.000106909538628883	2.32501181962733
5050	-0.156524492366287	8.70940527346122	-1.42278903433926	0.157434163019859	0.236825020313975	-5.79327723929926
50507	-0.021938624620896	7.137895379905	-0.14031001725952	0.888654140878046	0.920873567137455	-6.78296942302271
5051	-0.326818683684305	7.88086069348512	-3.99218574484503	0.00011412848167943	0.000494596672965419	0.646398829721361
5052	-0.015063131228373	13.0819053753975	-0.344412850041857	0.731148526225497	0.801923625895977	-6.73372833354084
5054	0.00574690522975806	10.1050249107193	0.0357453852463757	0.97154574649239	0.983331438062387	-6.79213664320724
5055	0.61117127416073	12.8414311712239	4.15452984738533	6.19504554320327e-05	0.000290250006732042	1.22287783558153
5058	-0.0537727112459502	8.54624966210839	-0.614961416864596	0.539763638629852	0.635740432779493	-6.60473953894781
506	-0.0295931750329143	13.8394317229321	-0.666244931500564	0.506554294003196	0.603858921701025	-6.57213249372438
50619	0.241863049185277	8.56785476222352	3.50531470027611	0.000645473414919621	0.00220405556314017	-0.975133727006337
5062	0.32588273335466	9.30629612685954	5.28895525868002	5.73241911007172e-07	5.15792830601225e-06	5.6920149921613
50626	0.164757662243563	5.31781509723306	2.58780196036446	0.0108709613459495	0.025124269926565	-3.54998099421258
50628	-0.536999870509028	8.52364049739654	-4.44300465808942	2.01244237236034e-05	0.000110597298707228	2.28868756403863
5064	0.697219231011457	9.22878233512681	7.08725051049222	1.07509935721757e-10	3.26482378331512e-09	13.9986198717244
50640	-0.0164140957021891	9.71616424357936	-0.21667113688728	0.828838584996728	0.87726892773872	-6.76939766660215
50650	0.0118621128174439	9.57831973515458	0.204030051509217	0.838681286109568	0.884357686230472	-6.77204516522114
5066	-0.0319717351694227	12.4385403997352	-0.292218831493453	0.77063218755512	0.832952351374679	-6.75026210099628
5069	1.64818389130732	12.9771481771718	6.13706764145317	1.15874582421995e-08	1.76591153285181e-07	9.45677502308264
50717	0.0375179365452716	9.08711961000681	0.711114133660528	0.478416034709382	0.577905300775007	-6.54147945201737
5073	-0.0956565741447507	8.74509777615852	-1.9530958285615	0.053174259335683	0.0962145415361974	-4.92346674139054
5074	-0.593370833863612	9.42667299055135	-7.25289009343508	4.62906133629289e-11	1.62706581437358e-09	14.8182924033112
50807	0.544169717120006	10.4780477172138	6.11719110989064	1.27386086464358e-08	1.91659212057486e-07	9.36509725433195
50808	0.173480470010926	10.6933903343737	2.31693720765064	0.0222307592364204	0.0461604000233366	-4.17905255441331
50809	-0.479130855982947	7.57412083391349	-5.46299912451234	2.63900279394261e-07	2.63262839105869e-06	6.43840786060351
50813	0.0720039271018457	11.0982047824721	1.80082571194305	0.0742831128489756	0.12761616308913	-5.19977450886479
50814	-0.0953672376501937	8.77739629494455	-1.10973877030104	0.269366778168901	0.365888766267904	-6.18267310437029
5082	0.0611043210938133	7.17351115648073	0.985614037208058	0.326338060101768	0.428001330015974	-6.31098748364992
50848	-0.138231301457443	5.97288251929992	-1.22697399810113	0.222273429268269	0.313735223129853	-6.04782675596319
50855	-0.0647762946989062	5.82328030378955	-0.688795533499653	0.492303257094412	0.590498146722596	-6.55697433673706
50861	-0.207823597385325	9.43658014713341	-1.84352025088605	0.0677608243874477	0.118155881241359	-5.12443246452428
50862	0.162224513268938	7.33810664441911	1.83713716116247	0.068704507452217	0.119448375406296	-5.13580251827975
50865	0.40731701127407	10.2114243018007	4.01174393372535	0.000106120065310802	0.000464767624319842	0.71493242904578
5087	-0.212221921560568	7.25030670639622	-3.16711248526362	0.00195981070520551	0.00578764262602701	-2.00075426401061
5089	0.32499731754556	8.73183283944173	5.42411856750157	3.14208137706994e-07	3.05336378524679e-06	6.27041368279727
509	0.0024466922450265	11.8546723122253	0.0409236971944091	0.967425849204778	0.979761833549713	-6.79193892552911
5090	0.573471010729341	7.63897864234088	5.50088066222015	2.22499512907748e-07	2.29443942149563e-06	6.60276573638552
5091	0.0747631255603302	6.91998822826993	0.564358775687274	0.573580566937912	0.665979123264992	-6.63437094137886
5092	-0.0606368329014769	8.9189006173989	-0.728748216604532	0.467598750760056	0.567494222932421	-6.52889048095709
5093	-0.0445343980311112	12.8225847116069	-0.958428184692781	0.339805421821151	0.441111548678721	-6.33709623046333
5094	0.0409983287599056	12.554704498734	1.03855904959557	0.301132110407368	0.400539650880009	-6.25808030574233
5095	0.19135545501238	8.5800507425222	2.09747748188801	0.0380848378604743	0.0724800475025202	-4.64212430943744
5096	-0.137283851388319	10.8323752847237	-2.2839929593509	0.0241591493954909	0.0494436506458757	-4.25126032022963
5097	-0.205328057361184	6.07850809835583	-2.15897864188356	0.0328750538949266	0.0641048029207019	-4.51663226406582
50999	-0.191207408517776	11.0798212107107	-3.67698696507391	0.000356590148692729	0.00131433941463719	-0.422320364626049
51	-0.323276072138734	8.83136736983369	-5.21558638787326	7.91667487715638e-07	6.76933069206125e-06	5.38178327390473
51000	0.148221279308008	8.52206932256647	3.12138572783098	0.00226347837795084	0.00657858247778815	-2.13275817066403
51001	-0.0243345099854759	10.0361798091164	-0.446626841473393	0.655962649897267	0.737678895595838	-6.69351599769868
51002	-0.290987279082813	9.31976713161478	-4.60515186779503	1.04756311798362e-05	6.32982542395371e-05	2.91004085533716
51004	0.099431753081746	8.61926687304772	1.45820054713668	0.147440285961049	0.224200434837677	-5.74335811316672
51005	-0.0777332797661295	7.4508877512963	-0.964644207430389	0.3366947275914	0.43779285266802	-6.33118985363483
51006	-0.00387135845525127	9.03673392245282	-0.0692810026469304	0.944883150081321	0.963428566803075	-6.79038261754201
51009	-0.196131565319895	9.21506564354509	-2.78315452011044	0.00627037276242159	0.0155816122194953	-3.05793457340117
51010	-0.198843892428074	10.5891289266985	-3.04551805209826	0.00286519423750568	0.00799814275153664	-2.34818248790514
51011	0.19120934822309	8.22142907506501	1.82012980555123	0.0712724092743623	0.123243621644742	-5.16591557353964
51012	-0.206336154995118	9.30766341621522	-2.43257380585323	0.0164923914021249	0.0359533262025736	-3.91816353493438
51013	-0.281180051481998	10.354096992698	-4.97934227504197	2.1997361962415e-06	1.64432769058414e-05	4.40141479110349
51014	-0.199611706049009	10.8533018384361	-2.93046213370081	0.00406436201157995	0.0107463605043695	-2.6662261938707
51015	-0.241978803290572	10.3898990218962	-4.0888072171208	7.94890249492128e-05	0.000358982693319026	0.987424648074626
51016	-0.185777278655462	7.83473940784439	-2.61870451730156	0.00998364060875115	0.0233215134129764	-3.47425653477862
51018	-0.132888357853658	8.86398716272973	-1.34987556506286	0.179638247391267	0.263554515710811	-5.89232462631295
51019	0.127296005933788	9.65438490513895	2.18713357332634	0.0307039613579385	0.0604996948512815	-4.45806547334656
51020	-0.405821447426567	10.9113848340425	-4.41476308195044	2.25140559379314e-05	0.000121637376886655	2.18207284517718
51022	-0.175612032202781	9.45534855023205	-1.72260932793494	0.0875775314320118	0.146632283299975	-5.33346219543544
51023	-0.321050222510053	10.9717505766524	-4.86746698765779	3.53464273074225e-06	2.47424991151958e-05	3.94740162739962
51024	-0.0480593342521478	9.72421387656278	-0.690484218653197	0.491244911017776	0.589858461120145	-6.55581908654889
51026	0.00248328826947428	10.4169621719017	0.0435880629043197	0.96530639922779	0.978105270471988	-6.79182678906685
51028	0.272563204078024	9.71848458580521	5.26447590467362	6.38614463072547e-07	5.65375719719103e-06	5.58821072608815
51029	-0.256375096165074	10.0670198596075	-4.98074550332072	2.18660138684752e-06	1.63598980573918e-05	4.40715204241002
51031	-0.0210812263338376	10.4358039655642	-0.549835862949283	0.58347057595254	0.674900848252063	-6.64240810705953
51035	0.0760551406293475	10.9474207297072	2.02460655323715	0.0451640781462622	0.0836822084989065	-4.7864572734335
51042	-0.480510393563561	10.4863961899665	-6.01377708393563	2.08021475802053e-08	2.92718465097949e-07	8.89058977746755
51053	-0.360643526935139	9.80444936471017	-2.97612664835509	0.00354181359474672	0.00957936486332936	-2.54125558461884
51056	0.552442726474894	9.70785314152643	6.81133243006031	4.30529471720129e-10	1.0711365772314e-08	12.6501027529043
51058	0.0486135901599205	5.92426942438139	0.878866566951916	0.381258784105459	0.482913404784987	-6.40937116011204
5106	-0.0886034050424043	7.43514377021032	-0.739944515075385	0.460802472370275	0.561639135573036	-6.52073885498736
51060	-0.460580272940476	11.1183457155907	-5.9777083086388	2.46593819876605e-08	3.40044232417489e-07	8.7260842126379
51061	-0.0918210499143548	7.98498268413668	-1.37368748158712	0.172141363091691	0.254681651287367	-5.86053237419391
51063	-0.0609760797312157	8.11487690487298	-0.882396649549119	0.379355366875538	0.481037047957008	-6.40629525346893
51065	-0.137201991172996	12.0643727743295	-2.2462854058067	0.0265452602293801	0.0534398853265123	-4.33274709366312
51068	-0.439650443914088	10.3318593709906	-6.05709377119797	1.69475336547018e-08	2.45590575417257e-07	9.08883542970098
51069	-0.0956906310163025	7.3012732552689	-0.908565900857806	0.3654301865684	0.467000851354038	-6.38311364134213
51070	0.0804451987683439	10.6770322323289	1.93282514580932	0.0556525686408339	0.10017219807655	-4.96146505817215
51071	0.122255923237326	11.0406955816847	2.38570957607554	0.0186367803020641	0.0397880086055957	-4.0252834371834
51073	-0.269747973426054	6.96776345124247	-2.25683253669753	0.025857907337059	0.0523111228518509	-4.31007969398649
51075	-0.060132831217887	10.9635823584218	-1.25822141214893	0.210794257984569	0.300459114918471	-6.00965840333635
51076	-0.24191773304703	8.41171433775212	-4.5606963349982	1.25472777726886e-05	7.39760987882999e-05	2.73813844365783
51077	-0.0886060516011657	7.33264959848304	-0.98134921460941	0.328427225165171	0.430126665588126	-6.31513084167252
51079	-0.00118072455988024	10.1302788615911	-0.0193547630384978	0.984590768156516	0.990225221596594	-6.79258641027732
5108	-0.0732198959901148	10.3040207080609	-1.31995201355915	0.189404532855285	0.275388389611803	-5.93151246615382
51081	-0.16520765949986	9.77065381962815	-2.75023115496791	0.006893375430731	0.0169310975491639	-3.14306958051218
51082	-0.167617720704497	11.5876145082009	-2.80135372114354	0.00594845054322538	0.0148936651976483	-3.01049357034146
51084	0.0737217638765257	6.5520782441454	0.726209812766192	0.469147377848863	0.56887218746794	-6.53072147671512
51088	0.0292361688266319	11.4635074432604	0.29694340929029	0.767031488076379	0.829929275807034	-6.74887688534699
51093	-0.055116848328703	8.00485020505993	-0.748778667297462	0.4554797498582	0.556794839992412	-6.5142201277672
51094	0.195684007503114	10.4897825826534	2.40327925427148	0.0178054716175039	0.0383602492333287	-3.98534459292189
51095	-0.0191547196987016	8.56892916000629	-0.324454476981682	0.746168115096998	0.814073257258117	-6.74037021283953
51096	-0.137816332289293	9.06491712849437	-1.94763163882424	0.0538329458476042	0.0973211058658811	-4.93374618702595
51097	-0.271710124716581	8.7910756358705	-2.09325951963327	0.0384668658964156	0.0730671664457251	-4.6506078912975
51098	0.240237797584365	7.37453625168215	4.60928382980209	1.03008287912756e-05	6.25623866293648e-05	2.9260771129718
51099	-0.257411382924304	9.95174110862014	-3.80282848097103	0.00022799868512289	0.000892544615694345	-0.0038267006451882
5110	0.132142800532249	11.338022945327	3.37106632252381	0.0010125781369398	0.00324811472276611	-1.39250336048935
51100	0.0188759238531014	10.6303410206433	0.282231186152233	0.77826039056575	0.839330307621503	-6.75311739407483
51101	-0.189096088771162	8.72298953283363	-1.74183242913207	0.0841421126635282	0.141666092662198	-5.30112790215875
51102	-0.272066886614249	6.1387650708376	-2.84555887347849	0.0052283590789679	0.0133538175610003	-2.89413801270774
51103	-0.463324275193376	8.62122608771032	-4.98629051151128	2.13543993877334e-06	1.60352126311525e-05	4.4298336485644
51105	0.18374785267407	8.77123746185824	3.57843465370753	0.00050251714356022	0.00177482071353342	-0.742263203927729
51106	-0.311085188214236	7.89337376870407	-3.08131939849268	0.00256486700957083	0.00729319405517381	-2.24708625977816
51107	0.185511035185859	9.27406010789663	2.10375820746146	0.0375220385256397	0.0716440217803477	-4.62946255469839
51108	-0.0303992548252965	7.41435521383272	-0.436444237969214	0.663311523929045	0.743793268062453	-6.69798665677766
51109	-0.239671089829836	10.8766613006868	-4.48337338711946	1.71288270595851e-05	9.6633880439433e-05	2.44191932921801
5111	0.0290490669145739	11.4590968292796	0.41434683430796	0.679371937684644	0.757916289205181	-6.70733496227076
51110	-0.114222963758541	8.52186543756728	-1.14117444061991	0.256106705533791	0.35135814390717	-6.14781279748745
51111	-0.0026891952907129	8.94217601952579	-0.0584393517223781	0.953497464528978	0.969817640316384	-6.79107219453521
51112	0.172877331243684	8.25699826652177	2.32690991830962	0.0216743740834976	0.0451930382402017	-4.1570082163273
51116	-0.341698027923553	8.13583155282621	-4.00843640790244	0.000107435564671712	0.000469284909671255	0.703324746688687
51117	0.00115953255404839	5.7261446924111	0.0131939853774766	0.989495297286621	0.993222889243831	-6.79268627482316
51118	-0.106282155158216	9.85192420720416	-1.80403938532791	0.0737747196804166	0.126829931896503	-5.19416148195949
51122	-0.209607217319902	9.45936137014352	-3.01676371304846	0.00312960145112551	0.00861683599543224	-2.42864968195551
51123	0.189544942556801	8.2781950079738	3.38354408891822	0.000971577800223273	0.00313485649603291	-1.3542727855352
51124	-0.0644038153614343	10.1955897951738	-0.742897843190243	0.459019135234579	0.559978485339262	-6.518568119435
51125	0.373341066695094	11.1928543414748	6.71045145644913	7.11142260837038e-10	1.65465776746871e-08	12.1626995842473
51126	0.295961029910938	11.8863541157649	6.18479205880197	9.225058516879e-09	1.44393622393077e-07	9.67751243993255
51127	-0.621283777113013	7.63150311471898	-5.30850872013359	5.25760416636842e-07	4.78807171049649e-06	5.77514241007346
51128	-0.108349575308431	10.754573341412	-1.05955712183073	0.291508954235925	0.38981122907378	-6.23634470017494
51129	0.599927727507881	11.5735767582794	4.37891080168209	2.59436869160801e-05	0.000137280495789124	2.04742585322497
51130	-0.113825603059493	9.3168442076173	-2.01609043084468	0.0460604946946254	0.0851902566452319	-4.80301477097132
51133	0.115939034520673	10.4693698750766	2.47574323612232	0.0147142692312131	0.0326106422993882	-3.81782477617719
51134	-0.200569083395318	7.19283929273517	-2.25520719167122	0.0259628040102063	0.0524847677739364	-4.31357915204307
51135	-0.0631273706068864	7.10902989198109	-0.782451962975028	0.435515507491592	0.537560982050291	-6.48867016328876
51136	0.0183155131235252	7.98629554119746	0.206901601989231	0.836443113059439	0.882716253209526	-6.77145771456715
51138	-0.00373153107374747	10.2080649409407	-0.102341582838745	0.918659165647896	0.944171854495843	-6.78755709355717
51141	0.338468198083456	8.69043741471975	5.4671875090733	2.58975879357781e-07	2.60553077161421e-06	6.45654726258938
51142	-0.153710873604541	12.9303661418911	-3.04024881950572	0.00291204592579935	0.00810701022821119	-2.36297684420491
51143	0.332073158718066	6.62536121902809	2.14772263877086	0.0337795836540844	0.0656516143488793	-4.53985059754729
51144	0.0491189407181165	11.1587014786137	0.757679290429876	0.450152598478353	0.551670691903739	-6.50757486457351
51148	0.10683121414569	8.3830500044184	0.80843160440937	0.420468142130617	0.523288648166977	-6.4681980093459
51150	-0.158563883191673	10.1959649844374	-2.40655828420276	0.0176540201546159	0.0380802035632065	-3.97786141353943
51154	-0.490404950649441	7.42506301607005	-4.0446703317895	9.38368094709358e-05	0.000417839378021526	0.830881054679269
51155	-0.203786195610148	8.63817038015919	-1.71287830964144	0.0893597999345391	0.149173796980455	-5.34970028917835
5116	-0.0950676951889959	9.10082704542416	-2.00253510451677	0.0475186321098811	0.0874563059776332	-4.82923546002933
51160	0.0474228375680467	9.49443805497972	0.630584016123888	0.529531243489968	0.62627836071408	-6.59508095949697
51162	0.951236153459272	6.93059575542486	8.00119609249917	9.51606996394663e-13	6.83502068714775e-11	18.6019006820049
51163	0.0785664206626861	7.66733889581903	0.972520524261531	0.332779896729312	0.434132194868743	-6.32365191873159
51164	0.287288065598356	9.54130472863797	3.29039640998573	0.00131935339826768	0.0040938614085992	-1.63685398495124
51166	-0.902886752269815	8.13141533394366	-4.60215318538586	1.06042829060291e-05	6.39353115356207e-05	2.89840911069818
51167	-0.00734209814134101	8.15480368486675	-0.173816592291153	0.862307274980956	0.900576317023985	-6.77772878224414
51170	0.19839338108344	9.27391668624526	2.18749237151776	0.0306771180037796	0.0604756550623436	-4.45731460253472
51172	0.118389490034483	7.14265209218684	1.28512718382122	0.201263170381776	0.289521732384791	-5.97604506216799
51174	-0.0755098163247093	6.98701640272738	-0.704083929048681	0.482766884809334	0.58247947246934	-6.54641308783594
51177	0.26573125278927	7.68602380958518	3.61073256418126	0.000449399529884936	0.00161112852293818	-0.638174018958878
5118	0.434515881338879	9.45263756359917	3.51695484319547	0.000620402744721552	0.00212900983439967	-0.938321982820385
51181	-0.339035356464501	10.0171115203805	-4.59111315437803	1.10912263058628e-05	6.64829675518337e-05	2.85563053820676
51182	-0.390200259217011	8.94200903034075	-4.17783479228165	5.66740018211782e-05	0.000268594569931987	1.3070375114539
51184	-0.0902616164784579	9.70115247548549	-1.71177829151956	0.089563120058336	0.149426463894395	-5.35153038077782
51185	0.426025316386044	9.99994390712159	6.19641536312181	8.72567281345043e-09	1.37022922888024e-07	9.73140354839194
51186	0.0824505097587825	12.2153707766499	1.15463913080867	0.250569890039413	0.345066237366714	-6.13258996639157
51187	-0.0793134255504637	11.5365176159038	-1.61337647837806	0.109332436422958	0.174982740719557	-5.51070472499963
51188	-0.14540934688385	11.0514921020895	-2.19751387850722	0.0299355645413975	0.0592968256863173	-4.43629638733185
5119	0.0146622456738878	8.57428585325753	0.24327496045528	0.808214568416561	0.861050442506897	-6.76330656329431
51191	-0.147299561651202	10.3305442383406	-2.30405249689115	0.0229682076073709	0.0474530752468443	-4.20740589457781
51192	0.169740707340336	10.0572058996897	1.8834525332876	0.062099285524667	0.109743281650353	-5.0524586219601
51199	0.552995331755761	9.72008569493322	6.46063145686655	2.4313733608155e-09	4.56435090007637e-08	10.9697362929951
51201	0.445695052104754	6.70616833527477	4.99559478971551	2.05219750539997e-06	1.55230324126408e-05	4.4679290413171
51202	0.0557541168529126	11.0345924341181	1.34780833972191	0.180300507482505	0.264259080782089	-5.89505924972193
51203	-0.366364014071017	10.0824913136701	-4.36513295530347	2.73911762497771e-05	0.000143834148647908	1.99589087625078
51204	-0.109221682500942	8.14112562575942	-1.17680388157237	0.24164086456126	0.334779191760484	-6.10715108332888
51205	-0.307009799802517	7.02182959478561	-3.35355492868301	0.0010728595877961	0.00341891211234404	-1.44596051011074
5121	-0.648767003769846	7.04156393981555	-5.8754959728026	3.9823871224002e-08	5.07631444923235e-07	8.26276677693427
51218	0.164437424537633	12.2436813424242	2.79189611896835	0.00611381238155973	0.0152522169349693	-3.03518104519539
51222	0.374404493106001	6.49953267552716	4.26771129790413	4.0084206149414e-05	0.000198498526855012	1.63484230369899
51225	0.418219834404437	5.46894914393884	4.5041701864955	1.57584121926095e-05	9.0079228173671e-05	2.52124121553394
51226	0.152402390207363	7.14170483131666	1.27179248112315	0.20594630105409	0.29512776660423	-5.99279054535838
51227	0.0834756513896782	10.4110385183195	1.14842791933045	0.253113398176946	0.34827863883751	-6.13963389195543
51228	-0.212086518219554	11.8465392115107	-4.95465796069244	2.44373650483281e-06	1.80709610831862e-05	4.30066185412253
51231	-0.267564674156421	8.75485585583645	-2.92825571464333	0.00409132112871553	0.0107969049594857	-2.67222235757765
51232	-0.180952148867296	9.55514644447687	-1.12459126537692	0.263043421313472	0.358833800173291	-6.16632129971209
51234	0.0231555463972052	11.163014477961	0.348965129996174	0.727737054302037	0.798924517349126	-6.73215799183213
51244	0.208138486683922	8.97754656153733	3.79971753398164	0.000230561908804394	0.000901724131971732	-0.0143051451170502
51246	-0.271076839718305	11.1506035969144	-3.51506499548365	0.000624409748288516	0.00214025333853988	-0.944305298846374
51247	0.143305642264161	11.7516667449577	2.9360475593339	0.00399684475620905	0.0106017783192957	-2.6510298332008
51249	-0.287261520635839	9.52991344313325	-4.71284462590006	6.7358804758208e-06	4.3163981947463e-05	3.33121785405191
5125	-0.110511360683114	8.3727306883098	-0.74537634841879	0.457525542510506	0.558551726446465	-6.51673977475092
51250	-0.0730946681685532	8.3414817238865	-0.860444501734583	0.391287976781388	0.493451612011097	-6.42522558076804
51251	0.0771373973352478	9.58948594047803	1.30833483658957	0.193301066502377	0.279996114596607	-5.94649657600138
51253	-0.263754341725357	11.0069443497595	-3.71733236239867	0.000309300902980073	0.00116765331746591	-0.289355265931575
51255	-0.14185797305741	9.92407845456581	-1.64890745975371	0.101824984344408	0.165540388078285	-5.45426674091946
51256	-0.12295650791412	9.663458513488	-1.59162740440927	0.114142416024088	0.18131083776134	-5.54467116586477
51257	0.545702797047369	6.42581015767506	5.0362098626277	1.72432971547523e-06	1.33361080990875e-05	4.63475869818471
51258	-0.151646079919456	11.4590008585157	-2.74357238983659	0.00702602823373878	0.0172057495436354	-3.16018008175405
51259	-0.107697643341506	9.06923293076705	-1.68845022287682	0.0939644636268553	0.155353576772983	-5.39007767375588
51260	0.0178262097902795	10.0637505768093	0.291752950623774	0.770987517845679	0.833118380089653	-6.75039749265351
51263	-0.406947983777217	8.31632367157239	-4.99901944081376	2.02235998670247e-06	1.53535785755169e-05	4.48196246623943
51265	0.0189308543196561	6.67060910253825	0.271337257114862	0.786605499693981	0.845350172713021	-6.75611871955919
51267	0.131819365691406	10.3144713665412	1.547235295202	0.124482850720981	0.194372088271324	-5.61262908072648
51271	-0.0808392350919765	9.10036284599647	-1.41446861175333	0.159856135388568	0.239856798966316	-5.80483450003278
51272	-0.320982570216723	6.87959406223383	-4.41112610942005	2.28409911555204e-05	0.000123036067193927	2.16837809529859
51274	0.506519730549372	5.5239323003709	5.29500838631735	5.58112649840849e-07	5.04929954839585e-06	5.71772858649438
51276	0.0109310565073155	6.26204135006022	0.160287145410736	0.872928800274137	0.908911116886975	-6.77997939007216
51278	-0.0554802163736452	9.44104580694839	-0.667078980105956	0.506023325667457	0.603313029736315	-6.57158077510816
51280	-0.0273273730183079	7.86573000045071	-0.314527532885272	0.753675542956686	0.81962644280842	-6.74352642871741
51282	-0.147719827169775	9.34700667900547	-2.31385850142837	0.0224050450889309	0.0464837997344135	-4.18584049005205
51283	-0.064274162943329	8.89380481752689	-0.948757978284813	0.344681671758508	0.445484439559756	-6.34620999743752
51284	2.09922741630047	6.89714214829777	7.61121449492948	7.31233456796418e-12	3.56807928304225e-10	16.614823988482
51287	-0.109097956737554	7.51582504511465	-1.6321119830167	0.105320296043462	0.17004410580903	-5.48109131970173
51290	-0.0365070877598839	10.0383129993516	-0.306910481582628	0.759452148482363	0.824428275261443	-6.74588184566928
51292	0.0313418309021988	10.6568050134961	0.620949304114414	0.535829908685663	0.632550385271342	-6.60106600986915
51293	-0.813342738340936	11.1554199998594	-4.8411496281131	3.94815611011726e-06	2.71768156261956e-05	3.84158770679166
51294	0.913775334324769	5.56696463596154	7.63189387293212	6.56789044440536e-12	3.26811898016797e-10	16.7194063272438
51295	-0.164696354828219	5.68891036947594	-1.68942191503031	0.0937776898711804	0.155169014089734	-5.38848209907897
51296	1.01901492149946	9.2069286201893	6.27667417338799	5.93381904957045e-09	9.88172285271208e-08	10.1048943859578
51299	0.496511444721313	4.98140802216783	7.18877466488482	6.41955152204875e-11	2.10418633222709e-09	14.5001578852099
513	-0.153937065884573	10.6418451108277	-2.16133462793085	0.0326884079689478	0.0637860264170822	-4.51175827085786
51300	0.0132036347569785	7.06251073937635	0.193700381337409	0.846743348845605	0.889947838333718	-6.77409052853127
51303	-1.10335141696221	11.1233241703645	-7.78541138093504	2.95164344749043e-12	1.75399819253748e-10	17.4986369832493
51304	-0.0206425786488994	7.14418273199658	-0.326618404047299	0.744534812835217	0.812935565633694	-6.73966920916039
51306	0.506313908054239	9.90785869523024	5.43345607039804	3.01332195580423e-07	2.95957661771022e-06	6.31069400545166
51307	0.0445312658120241	9.092622446616	0.532198930498445	0.59558831481015	0.684412838109605	-6.65188831582032
51309	0.554133527213869	8.25442672291077	4.55093027540286	1.30527627447455e-05	7.65193898308004e-05	2.70052998068278
51310	0.118454638230925	8.06720033660966	1.65284189861157	0.101019856030253	0.16461314081868	-5.44794502919493
51312	0.0654777976666338	7.20423481477362	0.494540947416916	0.621843156347661	0.707399045783181	-6.6711005726584
51313	0.701865576950804	8.77930667200614	6.93592311510118	2.30703526720303e-10	6.30997063148908e-09	13.2563058506144
51315	0.22207111761663	9.17333950940714	2.71059591160148	0.00771782108980927	0.0186401176028727	-3.24437929299712
51316	-0.441344474089115	9.4037120018666	-1.93955892143333	0.0548186952773179	0.0988651578582196	-4.94888350701578
51317	0.30050362180859	8.85392366506834	3.97526653345123	0.000121519042630775	0.000521427164742962	0.587317548210338
51318	-0.198186433305738	10.28653008147	-2.94661927005952	0.00387186813895394	0.0103176699615094	-2.62219893633346
51319	-0.138362437454436	7.9327561442949	-1.99936464876064	0.0478652917943629	0.0879962853820249	-4.8353443943757
51320	0.182583987355756	8.97305015406049	2.73924279558162	0.00711352147875735	0.0173890758847398	-3.17128594625654
51321	-0.0466311804224546	10.5146532344107	-0.795850299601034	0.427716260146603	0.52991395062411	-6.47819476765013
51322	0.0941196875796927	11.3977247315098	1.70038359223907	0.0916915116382087	0.152296779837443	-5.37042186010639
51324	-0.462771810507388	9.94110079156075	-3.69076799977434	0.000339715826629519	0.00126302677780404	-0.377031518418662
51327	0.594962702744221	9.07038403460849	1.57757603756711	0.117338683880951	0.185260019503549	-5.56638105809994
51329	0.134394995917369	8.59800636679881	1.68953872759185	0.0937552570692603	0.155162978038888	-5.38829022724473
51330	0.0973484288621696	10.5173455602715	0.735669743608478	0.463390684575283	0.563629370430252	-6.52386569592165
51337	0.126342736997114	8.78681357718179	1.24818902891968	0.214431479109091	0.304592264392276	-6.02201470693539
51338	3.1955557771624	7.88720407484536	8.45204809674141	8.71417199888986e-14	9.86014530285346e-12	20.9333078491073
5134	-0.0980495371402843	9.11164950123139	-1.78255268862859	0.0772292408832044	0.13208461660822	-5.23151028843622
51340	0.332428050747769	5.87191941179205	4.22139194435793	4.79456729969157e-05	0.000231191628111222	1.46526317750239
51341	-0.182517312062447	6.68119544110578	-2.57746377742118	0.0111832845999583	0.0257524200712727	-3.5751351608181
51347	0.183447511831455	7.91113386679931	2.4616397502334	0.0152754059514394	0.0337005483864555	-3.85078050346551
51360	0.309516439142353	8.86342687897403	4.18795384849806	5.45196966478281e-05	0.000260007329278903	1.34368813336829
51361	-0.47834160570574	7.16272263357848	-3.57966063329287	0.000500396988255241	0.00177014095202925	-0.738325810678548
51363	0.211582622753987	7.21538635339588	1.88309717625515	0.062147863369946	0.109805636670749	-5.05310552043068
51365	0.126369743526241	5.84549111580215	0.977944085195795	0.330101553827443	0.431908575101327	-6.31842630237107
51366	-0.182650066894679	9.3758731486501	-3.38627301709116	0.000962820837505632	0.00310781559898262	-1.34589617998418
51367	-0.317456146399168	8.31911994206611	-3.26160255796337	0.00144847545360912	0.00445712730985439	-1.72288282820975
51368	-0.176922950646314	8.67561475221939	-2.85849674915553	0.00503322549760842	0.0129354208494852	-2.8597833581648
51371	-0.0400557405398381	12.7729618605219	-0.810779934814693	0.419123398708244	0.521929635659595	-6.46631491883437
51373	-0.369124587778385	10.0996380126857	-3.91593482964147	0.000151214458045704	0.000626918609009133	0.38164654544497
51374	-0.244128805856205	12.3240616820529	-3.97733772220564	0.000120590361447696	0.000518789784144776	0.594539821255213
51375	0.174698207470867	9.19321111290849	2.19387002165959	0.0302033708266797	0.059698454900305	-4.44394892154153
51377	-0.162111326340272	8.75177289168467	-2.20196269627732	0.02961140200829	0.0587251333945919	-4.4269374932705
51379	0.00693057751934578	9.02117882333431	0.127205362483093	0.898994255849659	0.929120894580908	-6.78471504453895
51380	0.314835049312501	8.49475713967214	2.97809654446484	0.00352072999350769	0.00953795662393358	-2.53582717729004
51382	0.120267540733989	10.97807037754	1.99881702895311	0.0479253863802638	0.0880871587674631	-4.83639865025308
51386	0.00679027840713935	13.5483323935107	0.169554429383137	0.865650735342276	0.903496976740864	-6.77845744478692
51388	-0.114617349058393	9.03501173344368	-1.38703251069516	0.168044809128954	0.249694211801612	-5.84247955737192
51389	0.00947198471707066	11.5984558264963	0.251905467775574	0.801552103396936	0.855971474861954	-6.76117933530222
51390	-0.409095116384734	8.62066242974815	-3.81288598880784	0.00021989599233955	0.00086410128293277	0.0300951614146969
51393	0.477118475309474	6.80663625261351	2.92182360403684	0.00417085248554989	0.0109752282671685	-2.68968001612394
51397	0.0331921452666631	10.1085785254349	0.553229444730916	0.581152374307538	0.6727846687849	-6.64054871585413
51398	0.142456515212235	11.0583042526018	3.08442123607491	0.00254026886052374	0.00724272948807069	-2.23827999147559
51399	-0.16336412287822	9.86120358522769	-2.41751856766272	0.0171560534055197	0.0371549557235429	-3.95278158965221
514	-0.0154829848933149	10.7340788961208	-0.248237921181151	0.80438157283444	0.858090119025245	-6.76209235442979
51400	-0.354939030702152	9.34204075048375	-4.25842686210904	4.15534456976408e-05	0.000204236659749581	1.60074282593747
51406	-0.0916116379739073	11.9960190623493	-1.77092084853706	0.0791543676560393	0.134668398936948	-5.25155229993738
51409	-0.145908720386063	6.66776827376135	-1.89879493351556	0.0600320981527907	0.106637662525172	-5.02441956349388
5141	0.0536856139088751	6.40437296315672	0.700398932050837	0.485056121836452	0.584304679553005	-6.54897971935722
51421	-0.0618987423682365	6.49566580070316	-0.659308863520829	0.51098136986705	0.607645567967439	-6.57669412761796
51422	0.154864974992266	9.876327520554	1.40629903739217	0.162261860160824	0.242760906525702	-5.81611849609425
51428	-0.152230382461569	8.48206241342795	-2.02504566720093	0.0451182631434823	0.0836485798743598	-4.78560176096527
5143	-0.015488800281265	13.6807076867322	-0.274379155136455	0.784272760335097	0.843501692756237	-6.75529253508959
51430	0.105777367946881	8.42204783509535	0.514686317152169	0.607734400958964	0.695275090293774	-6.66099736746715
51433	-0.159796767607843	10.6065726703736	-3.12519263110051	0.00223662082421079	0.00650968569696304	-2.12183025991568
51434	-0.329329407775267	5.91557447805325	-2.29520515516034	0.0234869606144583	0.0483315356791398	-4.22679125007637
51435	-0.139276836361173	8.31872732410621	-1.45212056941225	0.149120367132658	0.226172279198633	-5.75201315917738
51439	0.0878998863603095	8.23847140570299	1.24070896854479	0.217173034320993	0.308009832330254	-6.03116478707259
51441	-0.0936819859237817	10.5292526124032	-2.07731943685291	0.0399405179184449	0.0754767051032613	-4.68252505217056
51442	-0.303137099033916	12.0150333738846	-4.39477330849466	2.43683703611187e-05	0.000129943666354319	2.10690237536218
51444	-0.0105995127334666	7.32450563765232	-0.0984206469606385	0.921765179894279	0.946170339698675	-6.78794908513826
51447	-0.0643869268573958	7.85087770598213	-0.684386752662342	0.495072190541488	0.593253488157942	-6.55997721171998
51449	-0.0016956479907255	8.88485428955733	-0.0151090430021679	0.987970688567684	0.992174819157334	-6.79265928148917
51450	0.0709678803505689	8.06605992581334	0.761247393813517	0.44802711695462	0.549636712616243	-6.50488906185021
51451	-0.0596465700892057	10.7940597615855	-0.766468781142819	0.444927222907842	0.54680834120202	-6.50093627283101
51454	-0.2308746781692	8.8590894205091	-1.48297631868816	0.140745155918789	0.215367726544868	-5.70772865896085
51455	0.0630850941580112	9.3841635225229	1.25039508111712	0.213627773945201	0.303659510030521	-6.01930589967743
51465	0.0713075139367725	9.17558034776436	1.24923242040596	0.214051077731246	0.304156528825063	-6.02073410895089
51466	-0.0465857636733709	10.9497682310755	-0.595134881921758	0.552892273786236	0.646959935043817	-6.61665052699438
5147	0.0144146820520478	8.66867051075294	0.259690137158973	0.795555093687797	0.851202729774767	-6.75919705138967
51474	-0.221106965390474	9.88110418199145	-2.26272562960616	0.02548068440829	0.0518017359617218	-4.29737217044003
51477	0.239874921928813	9.89292101395211	3.90222683521546	0.000158998957091454	0.000656009683104601	0.334465209630947
51479	0.397774413669461	8.30473870003421	3.97598231361671	0.000121197331123909	0.000520587600147421	0.589813163208827
51490	-0.510029167803046	8.05453909370556	-5.02550686255289	1.80541439993734e-06	1.38756659328807e-05	4.5907109929741
51493	-0.293459786224595	9.64474598019651	-4.03924542227199	9.57624500488566e-05	0.000425039138851991	0.811728317741087
51495	-0.122339930225113	12.1858372567857	-2.57862283468528	0.0111478714232046	0.0256780306624846	-3.57231949064324
51496	-0.0583257187950717	8.07784085213232	-1.10450938598611	0.271618102268786	0.368161710469647	-6.18837971566032
51497	-0.045546615128761	9.92447901818287	-0.553909601677137	0.580688275438073	0.672589465266558	-6.64017467918409
51499	-0.15017893854351	9.75848268919803	-2.75199368283858	0.00685864663840731	0.0168562437171491	-3.13853445629171
515	0.00498305304869499	12.5700915998084	0.163073591810324	0.870739288727492	0.907661096023357	-6.77953076538796
5150	0.154365871659888	5.92477574343781	1.64645013616714	0.102330460735379	0.166093457589749	-5.45820778301077
51501	0.0331189209503283	9.13489882636724	0.552753606714127	0.581477162484629	0.672972027759988	-6.64081012023449
51503	0.281115599513326	10.0118682378098	4.78066666044862	5.08426191437907e-06	3.39773490394588e-05	3.59985320472138
51504	-0.0252298504463416	12.0437507971446	-0.481534840225661	0.631027742850541	0.715482382422164	-6.67740995997995
51506	-0.288729989447516	11.01419706918	-4.5998302723253	1.07049910625498e-05	6.44484155806569e-05	2.88940224356522
51507	0.141695544523548	11.1297566480411	2.8423019114868	0.00527856032116755	0.0134695422467853	-2.90276504603232
5151	0.193244970477937	7.07540688877945	2.74033797021083	0.00709129688311925	0.0173501517341721	-3.1684781645259
51510	0.334463743396552	11.9940034787019	5.66799644426146	1.0402953050918e-07	1.18195862724323e-06	7.33566969645025
51512	-0.549720767811535	6.87718338461861	-4.7150615347308	6.6744868271024e-06	4.29044178810556e-05	3.33995772657016
51514	-0.31390496660346	8.06483069605063	-2.24188891558717	0.0268364654328716	0.0539078804658364	-4.34216707326241
51517	-0.211786461621784	8.33503124528985	-2.91450756675053	0.00426303852524195	0.011167998166349	-2.70949648054991
51520	-0.31625816949098	9.6541023661216	-4.13381725373446	6.70325669865454e-05	0.000309842755069315	1.14837283387491
51522	0.0292243613358219	12.2320905878319	0.708471640215481	0.480048870029466	0.579538682613766	-6.54333959343738
51523	-0.221618398522581	10.4503985850334	-3.14419626998471	0.00210691878784066	0.00616477123186816	-2.06711113481694
51524	-0.177311922311496	9.03157367026048	-3.19396225947807	0.00179961807425584	0.00536830815939084	-1.92249190933078
51526	-0.0416016475483406	11.0646473488492	-0.564670526494737	0.573369151753028	0.665834707546398	-6.63419612978748
51527	-0.317327966564387	9.38122981029779	-4.53872834018716	1.37120212255032e-05	7.96492934758483e-05	2.65362014473778
51528	0.328589335385868	9.55649790866759	6.36640307252645	3.84551273227214e-09	6.71541969737164e-08	10.5252396154617
51529	-0.19994282828329	10.0752591249757	-2.64250683405665	0.00934532090932452	0.0220423617107426	-3.41538620933481
51530	-0.0895194584265899	9.61472019659573	-1.12297528653655	0.263726340388393	0.35970600587981	-6.16811072151266
51531	-0.094323477619853	8.08538135550058	-1.48255836695133	0.140856101805118	0.215457666835237	-5.7083345004221
51534	0.100385024856965	7.59832554885034	1.75541030033014	0.0817827601804974	0.138399016408709	-5.27808395063933
51535	0.0402241078801183	9.55376189030061	0.760100675672668	0.44870957445128	0.550310480321837	-6.50575358838926
51537	-0.518666605869655	9.64622981478462	-5.29253957416213	5.64235564147912e-07	5.08797572037309e-06	5.7072389409727
51538	-0.151005132087493	8.98639668725237	-2.688803405286	0.00820832925055485	0.0196467109851008	-3.2995298154444
5154	0.125917451840725	5.67436566467917	1.16087999372552	0.248032494943001	0.342142352743686	-6.12547501518273
51542	0.223016923515407	7.55257542815857	4.01060309954463	0.000106572059707651	0.000466005936042983	0.710927880263959
51545	-0.170749908041122	8.50901170411458	-1.90731440889633	0.0589093762370981	0.105049967124013	-5.00875743470774
51547	-0.269765076250466	6.5036076274556	-4.00211972868169	0.000109991309659234	0.000478676616325224	0.681176658477093
51548	0.0898787048205308	5.37547077924559	1.3387737056225	0.183216426856727	0.267521245507613	-5.90696300718156
51550	-0.400720976230978	6.10945394565217	-3.61619083913803	0.000440964392149047	0.00158524083462169	-0.620509366169123
51552	0.189281746175919	6.01202479735908	1.70889698973846	0.0900974695941401	0.150071606946481	-5.35631868034284
51557	0.516131370462095	6.42608717916176	1.62380586481191	0.107084178743951	0.172319368093715	-5.49426032349466
5156	0.813433423621309	10.2576686238421	5.78479135383092	6.0725188773017e-08	7.36549279390779e-07	7.85523876952549
51562	0.000698884187550546	8.80031158364164	0.0105406313575353	0.991607738854545	0.99437658406441	-6.79271763795435
51564	0.404720024595414	5.19207335498385	4.84341564015249	3.91077905694357e-06	2.70771458594751e-05	3.85068367409775
51566	0.366747926151524	8.26457753306444	2.30757716350987	0.0227643671257566	0.0471380477459888	-4.19966405496421
51567	0.215252258210895	8.70729906387051	1.01208861901181	0.313565319456898	0.413957127465946	-6.28487176103423
51569	0.0586459558449014	10.3437479942908	0.79612302739997	0.427558363761614	0.529797792479888	-6.47797971015012
5157	-0.551765503267123	9.61111862114415	-4.27993499801334	3.82258094979043e-05	0.000190656363987777	1.67981949390035
51571	0.117620706959875	9.67585360597783	0.908510612263638	0.36545926188287	0.467000851354038	-6.38316332208737
51573	-0.41959426750258	8.69132993827298	-3.05822210433048	0.00275508637317721	0.00774311447514247	-2.31242373749814
51574	-0.0547568182400959	9.9525384225629	-1.13557598507713	0.258433997548961	0.353890056325335	-6.15409087265477
51582	0.0399469725961375	12.1731084905179	0.792397313163236	0.429718346435076	0.531836011620277	-6.4809112910084
51586	0.257508346619923	6.32484023770901	3.32213235147953	0.00118953894050012	0.0037373874661586	-1.54130873643413
51588	-0.126836589390035	9.81177454514114	-2.10918230469652	0.0370417816197964	0.0709402077856524	-4.61849950402279
5159	1.01479240134809	10.1144042282788	7.38468676118802	2.35616033668444e-11	9.13703492066359e-10	15.4755209954663
51592	-0.0361250694246212	10.8851503775904	-0.827800406005244	0.409453654281045	0.511972023064098	-6.45250506621529
51593	-0.226586366531908	11.2551427591871	-3.54553687839587	0.000562679286691114	0.00195282811263387	-0.847514150174075
51594	-0.112919049233973	7.51845489028103	-1.79901705264179	0.0745705099959068	0.128056634629146	-5.20292936435279
51596	-0.0291253215903555	11.9108918395461	-0.396291039409565	0.69260563834406	0.769561820382289	-6.71461400706353
51599	0.0469309907467219	6.8836427738753	0.694572690814621	0.488687684765059	0.587734460710452	-6.55301049332127
516	-0.39963159762266	10.7514174297971	-3.96748892253939	0.000125067705059208	0.000532230419262783	0.56022243494598
5160	-0.203308803930276	10.6599522401034	-3.99014578856244	0.000114996256591241	0.000497574164192587	0.639265273130727
51601	-0.179384160940346	7.5634875327175	-2.70169174155725	0.00791493050747414	0.0190493374101796	-3.26696061614859
51602	-0.422418426705337	10.6995657750549	-5.83472976097722	4.81580719945272e-08	5.99074811257221e-07	8.07917972613348
51603	-0.17435719740301	9.33289373810607	-2.42120746210445	0.0169912820911797	0.0368851485080537	-3.94431730650105
51604	-0.151341019751328	8.97318519671776	-3.04078655492804	0.0029072323758672	0.00809906894592345	-2.36146805234033
51605	-0.133690246913009	7.30728787603543	-1.25356354384518	0.212477299578963	0.30238843806379	-6.01540720354855
51606	-0.0968029513474054	9.77901342119061	-1.58434722743618	0.115789666134276	0.183398397367042	-5.55594233309487
51608	-0.515864249298134	8.89733981444041	-4.81564414514466	4.3935134728278e-06	2.98195737761361e-05	3.73940179015769
51614	-0.342965401921373	12.235237158254	-4.56007400590926	1.25789167610438e-05	7.41097378361067e-05	2.73574021975098
51616	0.0100244183680089	8.43467105476197	0.158444486800773	0.874377252559579	0.909960451825894	-6.78027181743251
51619	0.0437011271086669	8.7173584029844	0.668038984352826	0.50541253933736	0.60267180235695	-6.57094488954743
5162	0.153072856415138	11.8783416298996	3.82361825342996	0.000211551939871066	0.000837287505191666	0.0663696581560123
51621	-0.414784589738964	8.50857985281212	-3.89747499734829	0.00016178548010509	0.000666175506315078	0.318139597765614
51626	0.204175368105339	8.08543316762515	3.14207601831408	0.00212103558410775	0.00619948829608282	-2.07323006809194
51629	-0.215724394957193	10.9550668535869	-2.51774875359051	0.0131504204053042	0.0296296979126604	-3.71866769865035
51634	-0.0634237272192667	8.64493058483386	-1.18117315172537	0.23990780608428	0.332869677576532	-6.10208065369607
51635	-0.291373208363498	10.0585375247229	-4.02118951124497	0.000102447493545363	0.000450834468132499	0.748121323361882
51637	-0.0237358592862596	11.3195944734118	-0.415311070030555	0.678667978859956	0.757233216990847	-6.70693714424365
51639	-0.0570241977068487	11.7260158088629	-1.10076978173893	0.273236036706144	0.369867201440962	-6.19244440350918
5164	0.385860501876199	6.14983745300023	4.71928099545433	6.55913005895102e-06	4.22938440959683e-05	3.3566001003273
51642	-0.169579770772104	9.20851682263159	-2.11138614198731	0.0368481705682664	0.0706677243774972	-4.61403769082421
51643	0.11451770812445	11.9728104317878	2.62962728006163	0.00968598878108035	0.0227225979357352	-3.44729995801413
51645	-0.356242426025598	9.1059516957653	-3.58338757640032	0.000494003520646744	0.00174977233299404	-0.726349610042832
51646	0.439385016133211	10.9132590150677	5.17149295764995	9.60002345600279e-07	7.96146523560071e-06	5.19663170001993
51647	0.0785335496062267	10.0830168263496	1.20291513228359	0.23141584524997	0.323707854659569	-6.07657694222482
51649	-0.0763963668822484	8.41279933673334	-1.23632298345083	0.218792393135147	0.309774625864983	-6.03650508698235
5165	0.0172972296944535	9.42374770520635	0.179236992993933	0.858058847027631	0.897501086038779	-6.776775989389
51650	-0.329155454821631	10.4218624000983	-5.56995971214626	1.62735061907127e-07	1.75481933596981e-06	6.90418636615527
51651	-0.325657161639804	9.80673766462931	-4.55862693507948	1.26527836332878e-05	7.44387413183456e-05	2.73016463005556
51654	-0.219901602293467	8.79144367197497	-3.76632678978494	0.000259854536252824	0.00100158584668611	-0.126351953950885
51657	-0.162399225550247	9.31904195108427	-1.93740098144813	0.0550847661741331	0.0993233286615017	-4.95291992212194
51659	-0.337349054275538	8.92135348817966	-2.65419700461315	0.0090455248720691	0.0213902191363558	-3.38629989440935
5166	2.00076222505369	8.85596065477311	7.60745664154404	7.45633599661379e-12	3.60171551649298e-10	16.5958293294899
51660	0.252560283449202	10.7366574619947	3.94442219575964	0.000136183302865977	0.000572455003395912	0.480102047221267
51663	0.144034483917141	10.5252086090157	3.00850405954603	0.00320961579005262	0.00881071001190915	-2.45164318242496
51666	0.614355136060529	5.12193979392574	7.68850521254818	4.89298900174761e-12	2.57427319455002e-10	17.0061802697815
51667	0.166341258473419	8.95800188224792	2.6959091623026	0.00804537209587572	0.019279017554956	-3.28159036136155
51668	0.0246811360433934	9.34918179233346	0.350608696605298	0.726506704991681	0.797998056280756	-6.73158597605078
51669	0.155650047222554	12.7867741352321	3.61148719754163	0.00044822431321224	0.00160761303826882	-0.63573306260181
5167	0.914711958125395	9.28844658460051	5.8808907907698	3.88330017395507e-08	4.98075457094237e-07	8.28711371561182
51673	1.82016165447033	7.70168598188807	8.41353027836666	1.07016567131146e-13	1.16310111118851e-11	20.7328858783969
51676	0.511576726369835	6.3838727661047	2.80440889358916	0.00589591091626552	0.0147800376838705	-3.00250296877374
5168	1.28531026860721	10.5808928414602	8.30335905416131	1.92373654454732e-13	1.86941927740716e-11	20.1608353462606
51690	-0.595123949047659	10.2308312354005	-5.74161625894171	7.41441013260339e-08	8.749003956472e-07	7.66248335280445
51691	-0.0528422742097936	7.31328603528727	-0.723070496531099	0.471066576375259	0.570696673637377	-6.53297716401643
51692	-0.20109241786915	10.6481706041907	-3.48098876609676	0.000700979727175088	0.00236523388336039	-1.05174499550024
51693	-0.195024362349969	9.92522718816183	-2.15504260900056	0.0331889359323806	0.064579649187624	-4.52476406305387
51696	0.164928658450034	8.48186313132527	1.29893867632735	0.196496019399104	0.283552956016178	-5.95852186722281
51699	0.102510740924662	11.5488939971841	2.04031691730933	0.0435494426632621	0.081255567291291	-4.75574172631126
517	0.150577315387393	11.2257574127824	1.8488673211425	0.0669786417420654	0.117039048189012	-5.11487921623776
5170	0.0867633411222578	9.85628757238636	1.30946874091006	0.192918135909864	0.279709286048003	-5.94503970318508
51700	-0.176336082118442	8.63049091217193	-1.58206385417463	0.11631019482104	0.184011149056079	-5.55946725488903
51701	0.18589334588693	8.24219845426434	2.04434130273106	0.0431438693219161	0.0806263259273816	-4.74783802677734
51706	0.184902270891275	11.69337371301	1.85456040013546	0.0661541328395418	0.115941679875794	-5.10467910108291
51714	0.0516434962106382	9.70208972283392	1.11345101425749	0.267776496366078	0.364206532163488	-6.17860606910944
51715	0.487927380626497	10.7824539515943	6.51363518507356	1.87627360420743e-09	3.70766028008455e-08	11.2211138852355
51719	0.414437137794755	11.0947958767858	7.80162814886286	2.71175866551787e-12	1.62312511428823e-10	17.5812348837563
51720	0.23053105136294	9.00119931998067	3.60566770821824	0.000457362892458058	0.00163683600160466	-0.654546388996142
51726	-0.14900341028068	11.9994095318647	-3.03648066739704	0.00294598383614419	0.00817394238715185	-2.37354323617451
51727	-0.0429120667732611	10.3154414457503	-0.713201395972628	0.477128460504966	0.576771708440073	-6.54000530370253
51728	0.116554861151327	5.8361420493542	0.871117702801728	0.385457737603002	0.487353576090738	-6.41608039193469
51729	-0.202265551157841	10.3514470014711	-5.07740171461591	1.44406112109141e-06	1.14361887442138e-05	4.80484070072983
51734	0.0828445206579207	10.770579619959	0.91372659272076	0.362722709946885	0.464366023583582	-6.37846326843341
51735	-0.234774484386757	7.98748928687755	-3.34454673073937	0.00110516355706446	0.00350293590995871	-1.47337056807955
51741	-0.195019971685753	5.85910631584262	-2.11931055992298	0.0361591914224889	0.0696049688067487	-4.5979585326985
51742	-0.0149740108865227	8.03550706998958	-0.127828662691888	0.898502038251311	0.928748196215221	-6.7846358897173
51747	0.0959865316854514	10.3728639615894	0.97390234349731	0.33209616096287	0.433539181673239	-6.32232324628533
51750	-0.123400810138653	6.78004024778384	-1.0313640903953	0.304478220417811	0.404209273650131	-6.26542974334775
51751	2.71119558826853	6.33292782873495	10.9064390975938	1.39500852123233e-19	2.01835041940204e-16	33.9596722938846
51752	0.000179676949159234	6.45703666316941	0.00194857715352309	0.998448549927946	0.998690363575301	-6.7927710789123
51759	-0.0659067439837227	10.6767390962662	-1.37854346725861	0.170642038925826	0.252689717018165	-5.85398287059158
5176	0.754241766149807	10.2998985436396	9.11240834070346	2.50142880865316e-15	5.58427079985815e-13	24.398406815738
51760	-0.0249420122381247	5.24789377858984	-0.262939918402095	0.793055179287885	0.849077871797528	-6.7583517008842
51762	0.0639240763077272	10.6465821844044	0.661034740890197	0.509877886124022	0.606682705183581	-6.57556350034551
51763	-0.0379233875722902	6.95720274387699	-0.634682404508276	0.52686353837173	0.623837847900013	-6.59250730792908
51768	-0.0144127310349614	8.14917233805125	-0.180673619921722	0.85693353288832	0.897005573648146	-6.77651855853123
51773	0.238630957923607	6.86462406842717	2.8308879296579	0.00545798992692959	0.0138674244221588	-2.93293048065693
51776	0.483386907774124	10.1339256920202	4.83040449074889	4.13016495929441e-06	2.82176696143687e-05	3.79849429949372
51780	0.0564876287537646	9.13901919932422	1.30468389347751	0.194537866708531	0.281464509797053	-5.95117908609667
518	-0.129021432548901	7.12862843846986	-1.48096801937816	0.141278884446525	0.21586451822573	-5.71063828348313
51808	-0.279512466917801	9.32773947505712	-4.60562969780427	1.04552708692586e-05	6.32677929524367e-05	2.91189481858961
51816	1.14280417410663	7.32444394922473	4.55485755992207	1.28471674807352e-05	7.54748246023277e-05	2.71564694702926
5184	0.335567585433609	9.91582561412222	5.07283369555062	1.47280858848687e-06	1.1652680977875e-05	4.78593569692788
5188	-0.218623062031746	8.17279187141853	-3.13251050609047	0.00218582224660201	0.00636856852096389	-2.10079231578586
5189	-0.185827974325887	7.45043771356219	-3.06401275696937	0.00270620816881315	0.00764214682885354	-2.29608244608739
5190	-0.0170355898442383	6.97203147533705	-0.0885361589357935	0.929600548072624	0.951369164549607	-6.78886933413833
5191	-0.226918597031823	8.57974435182039	-3.30467214915378	0.00125940140855907	0.00393592721706314	-1.5939689852138
5192	-0.184699788163119	6.1424226274659	-1.87123664951327	0.063787573699108	0.11222265362186	-5.07463072663468
5194	-0.399011852579817	9.14104405729921	-5.46593304667882	2.60441280054659e-07	2.61390640735296e-06	6.45111347285619
5195	0.147528533536391	7.77592102889201	2.2605143038087	0.0256216646825055	0.05198598631233	-4.30214410318467
5198	-0.304405661111021	9.13871128640485	-3.09551579522903	0.00245406432467852	0.00703106879009523	-2.20672046386361
52	-0.233450838153879	12.1445976561718	-2.73670102653461	0.00716534634446996	0.0174847151566682	-3.1777986692568
5201	0.151599483266151	9.45618642721565	2.33167301365988	0.0214129955146953	0.0447209463846734	-4.14644911369939
5202	-0.0945176376779485	6.23372691235738	-1.07639077562835	0.283947080922568	0.38149038523429	-6.21861161734596
5203	0.2512332372431	6.96412260509369	3.08222637734056	0.00255765177415095	0.00727987720692173	-2.24451208081119
5204	0.164969627612847	12.5948898338209	3.03738750053845	0.00293778319733875	0.00815666864202287	-2.37100137872421
5205	-0.291975578127418	5.66800909009933	-4.25374066409008	4.23145393387466e-05	0.000207552312908579	1.58355214342125
5209	0.127684075574763	7.95037756023659	0.790839162931364	0.430623584430309	0.532637137974596	-6.48213328818377
521	-0.0340644967194574	12.1226127630523	-0.449761381400346	0.653707154374811	0.73599139030584	-6.69211909849879
5210	-0.00248601494011404	10.3291089824833	-0.0307652886424883	0.975508669275108	0.985284922132603	-6.79230159897213
5211	-0.133727122115265	9.32218554084704	-2.42415643170497	0.0168605739870811	0.0366592106168175	-3.93754241140978
5213	0.245029600210324	7.51362564937915	2.59452704390709	0.0106720295401534	0.0247267781210848	-3.53356980298441
5214	-1.62491234822279	8.61107059547285	-6.33197822213115	4.54327628913797e-09	7.75360788187595e-08	10.3636300956924
5216	0.0387053368549529	13.7199736493318	0.785632782901406	0.433656449894643	0.535746676058892	-6.48619919077968
5217	0.199831707663375	9.77214158983343	2.37423522153722	0.0191980824441687	0.0408596137564632	-4.05122311821689
522	-0.0856047934767944	12.5065114929789	-1.60034342458171	0.112194917926392	0.178905409666409	-5.53111196193459
5226	0.180837252799243	9.93332781553753	2.01058295003622	0.0466482628916289	0.0860695663607837	-4.81368804866502
5228	0.531091574941988	10.8066565383742	3.85933133178227	0.000185901260424702	0.000752349050028438	0.18764704042673
5229	0.279052463825361	6.84486465916277	4.87464826621807	3.42931491604547e-06	2.41278885915976e-05	3.97634119154621
523	-0.130921897866474	11.4831800911361	-2.55422763488859	0.0119149039127811	0.0271964874068137	-3.63134368726517
5230	-0.352030972501059	11.5558950604677	-5.35903163751572	4.20155698899658e-07	3.9437341737627e-06	5.99079151606904
5236	-0.369118808126364	12.3869186919075	-5.28607901076808	5.80570439834401e-07	5.20335397078678e-06	5.67980303345044
5238	-0.382022669549982	10.3462353856071	-5.29928117961667	5.47668606901726e-07	4.96568901537679e-06	5.73589015531455
5243	-0.101711675868914	11.0653238215664	-0.508211076682404	0.61225355096593	0.699186275539691	-6.66428859162058
5245	0.0166238687008355	9.33996933681737	0.247639884063185	0.80484319877507	0.858250041554619	-6.76223996466727
525	0.00848780953582759	11.4037925159655	0.109690820219988	0.912840805374398	0.939220858544161	-6.78678112319613
5250	-0.0943628199731649	12.9162175838467	-1.63032566308999	0.105697653927987	0.170486745058617	-5.48392887408902
5253	0.0911147463786503	8.21736849523436	1.09920213462466	0.273916258404048	0.370545085885593	-6.19414430980043
5256	-0.220790092945328	8.8367311472308	-2.95322220811331	0.00379564405590808	0.010147069762647	-2.60414630119357
5257	0.0105470567500242	9.48618429228149	0.199448037474626	0.842255377127129	0.886503605253104	-6.77296554559278
526	0.176504950607146	11.6610442060448	3.41919071684706	0.00086286030871026	0.00282266382176109	-1.24441757466061
5261	-0.37624508132314	7.34131939311506	-3.59321243110248	0.000477516953367425	0.00170012501500644	-0.694730482634731
5264	0.197044510042254	10.9606083047756	1.88022744336271	0.0625413282057128	0.110312058718597	-5.05832542560001
5265	1.76484060564133	6.70324536134521	5.49792446841392	2.25487461134296e-07	2.31369742729104e-06	6.58991561403204
5269	0.262075748571729	11.5641070334684	3.53517271333244	0.000582998859393303	0.00201235711600028	-0.880510557812101
5270	0.521778422679574	13.4643069362881	5.24174655925316	7.05793606803177e-07	6.14963627868591e-06	5.49209226563137
5272	-0.190621254482431	7.19202179461422	-1.45419221504951	0.148546254582131	0.225478213853984	-5.74906802109668
5277	-0.0663311926318298	10.2375956405536	-1.08328500928154	0.280889272835448	0.37824258560547	-6.21126992826856
5279	0.101950086415101	9.92957290821602	1.99621572706669	0.0482117251692207	0.0885346487100406	-4.84140289022134
528	0.305606513779303	8.08338205801975	3.95470564597237	0.000131116112523289	0.000554541264435418	0.515776752394645
5281	-0.144942014278697	9.76250238547284	-2.85753299207027	0.00504752807848658	0.0129641112961129	-2.86234714478691
5283	-0.0538650171765182	10.054451400962	-0.538875033207752	0.590987722067414	0.681116029618647	-6.64833594528812
5286	-0.134005046074418	9.60800539276749	-1.57983214846359	0.116820742688363	0.184606721753563	-5.562907709547
5287	0.071407983402436	9.57918526625459	0.571474565634907	0.568764309184225	0.661502843404914	-6.63035690962322
5289	0.151262898348603	8.59944247988822	2.63881689679833	0.00944179717016012	0.0222191580129694	-3.42454350261799
529	0.0193475741163588	12.1167416693454	0.340062279096343	0.734413878300902	0.804543585512659	-6.73520986369643
5290	0.262383634722795	7.53724286247785	2.60685816844313	0.0103157659068979	0.0240023172932328	-3.50337969447487
5291	-0.733680072802951	9.33025665951114	-7.8458430108376	2.15163688834917e-12	1.35317747831671e-10	17.806703975966
5292	0.290513607265855	9.44471188229931	3.4116932094793	0.000884731470946153	0.00287938611111711	-1.26760154070628
5295	0.339605951729476	8.42509149552091	4.61046249029514	1.02514849298919e-05	6.23836661906144e-05	2.93065334737475
5298	0.236988395389322	9.13084796645687	3.94936137304896	0.000133726628802146	0.000564426138940075	0.49722788420266
53	0.046672539348288	9.50013376185762	0.378250322879039	0.705923877350018	0.780389043916346	-6.72156396993716
5300	0.170944757885922	10.6081598475124	3.11038711936721	0.00234276340969243	0.00675907291793903	-2.16426693918399
5305	0.0503237170909002	11.4246316737917	0.463317133374576	0.64399000742339	0.727582746726467	-6.68596593251928
5306	-0.448279040870252	8.36623703872307	-4.6793698777969	7.7321356244631e-06	4.87165829580971e-05	3.19958799306132
5308	0.812896706104136	10.5373301570397	6.36361620279262	3.89783216248311e-09	6.79242482323006e-08	10.5121407845284
5310	0.102894940232246	5.36008263855105	1.55249359358997	0.12322066568569	0.192692672957933	-5.60467563440642
5311	0.433433680521465	9.05100360511211	5.60474497470077	1.38910358288485e-07	1.53395663029798e-06	7.05679162029481
5315	-0.367288017056638	9.86455905991139	-4.12960659589805	6.81134763959282e-05	0.000313261311264124	1.13326057962182
5318	-0.333965623477467	8.66405894585951	-3.38106827030547	0.000979587119914312	0.00315946490062172	-1.36186766026502
5320	1.12301693761052	10.2747137113497	6.16127195851499	1.03231831402859e-08	1.59084874512615e-07	9.56861804072457
5322	1.23421651538996	5.81744184499992	9.89154867699535	3.60848544261631e-17	1.56874156610583e-14	28.5366207347761
5324	-0.0486901975209732	7.89612376012106	-0.547353456965073	0.585169100226342	0.676347763100991	-6.64376104419769
5325	1.32014550915083	9.99900839015221	6.04155610165553	1.82417554053842e-08	2.60686677592514e-07	9.01763965091071
5326	-0.113350268922085	7.3835826327319	-2.05294894561575	0.0422872405782345	0.0793125811026833	-4.73088438162688
5328	0.662171064778118	9.69792129195916	5.20776897201912	8.19250417664956e-07	6.95478771830682e-06	5.34888609787252
5329	-0.0248276356993348	6.66240810038194	-0.196263446057762	0.844741386715893	0.888182771674297	-6.77359292338031
533	-0.133923208368709	11.9731458264755	-1.75574626700966	0.0817250772445821	0.13832974140169	-5.27751160609148
53339	0.191161006912053	8.51819002511332	3.02419832165236	0.00305915859987347	0.00845671018572787	-2.40790688539536
53340	0.180458101124556	7.42296383169657	1.52209800207361	0.130658377390592	0.202331870499867	-5.65029248712384
53342	-0.983037879412165	6.75585404701071	-6.0008572230486	2.21103003557284e-08	3.07978214061242e-07	8.83160399954473
53343	-0.109367023552499	9.69482325618199	-1.67862244183964	0.0958705379190106	0.157810012596857	-5.40616631418422
53349	0.160642533183372	7.53739262213569	2.22728259188053	0.0278240771457945	0.0555003325825315	-4.37334117829739
5336	0.837157395916439	9.11126943688091	4.43584360309137	2.07061009326802e-05	0.000112967234943156	2.26160816067977
5337	0.442822953545535	7.25237978861009	4.68694880493663	7.49478846146022e-06	4.74019545877959e-05	3.22933398725515
53371	0.0279066916800799	10.4075028513394	0.517743347544756	0.60560611074012	0.693320370715647	-6.65942913099277
5338	-0.117823472959513	7.28894971820404	-1.70770143283376	0.0903199521124958	0.15041049602105	-5.35830326779157
5339	-0.142940039796285	8.1128844113542	-1.91992574371598	0.057279861995173	0.102586070655914	-4.98545197614643
53405	0.708429832599039	6.6673050873902	3.09287271649597	0.00247435144389574	0.00707937060151674	-2.21424767409656
5347	-0.442548131918797	6.71649460665291	-3.6731710201211	0.000361401132492598	0.00133029115614477	-0.434837062176346
5348	0.538006756858692	5.82443623676073	5.5909649012079	1.47909238642994e-07	1.62680467535436e-06	6.99627217620008
5349	0.37683489226072	7.95928519361052	1.58817252350846	0.114921790887795	0.182338454232268	-5.55002618070377
535	-0.0352981827478212	11.1861728474383	-0.569907617743105	0.569823201665144	0.662547810494663	-6.63124512242449
5351	-0.209265611459832	11.4415159456772	-2.5147924067308	0.0132554081698605	0.0298255710931756	-3.72569536146688
5352	0.149293396392786	11.7561481966423	1.7973766675293	0.074831963245821	0.128452206236592	-5.20578810475747
5355	0.570802651494554	6.40218729830901	5.33236277804664	4.73015254566e-07	4.36060937803031e-06	5.87680548983714
5356	-0.10061200643018	10.2668915170802	-1.88409922885915	0.0620109628978982	0.109657142337452	-5.05128107077114
5358	-0.0217915884031636	10.1143826882436	-0.267499007406313	0.78955170466501	0.846995092794148	-6.75714806783371
5359	-0.0884693757869417	7.61048548592743	-0.975919680587791	0.33109961747395	0.432666166798738	-6.32038016617029
5360	1.12291062372394	10.9380388007696	7.509924712985	1.23560934173418e-11	5.45333285813562e-10	16.1039374838238
5361	0.0787789554602277	7.55859074312045	0.888508105509741	0.376074100149322	0.478008792151404	-6.40094132718276
5362	0.533981994208074	5.68535423517639	6.29255139512257	5.49653515777648e-09	9.20920494994598e-08	10.1790612340538
53635	0.114345760319929	11.0629983684139	1.97901389163675	0.0501420881921535	0.0914088829104365	-4.87434155564262
5364	0.307074400622943	7.59171967590956	3.9354613663685	0.000140750600799666	0.000590451987102714	0.449073560970304
5366	0.218409145334999	9.71392267015987	1.28073849103448	0.202795709900199	0.291371119112132	-5.98157505308038
537	-0.0887595476093921	12.6148973739348	-1.36165442620446	0.175899652991025	0.259174301410251	-5.87666549859271
5372	0.663560388676331	8.4707444689497	4.96397774503527	2.34866846822935e-06	1.74147231127239e-05	4.33866382541774
5373	-0.375396183886211	8.80188862721514	-5.45495663967574	2.7361413348766e-07	2.72295511157599e-06	6.40359981956319
5376	1.19446546150686	11.6125124505989	7.76713980535272	3.24724078663822e-12	1.88888795053744e-10	17.4056368862674
5378	0.0638950474819557	7.39879185758124	0.520211273810703	0.603890422006296	0.692027592365706	-6.65815635714067
538	0.279619806211398	5.76510220822372	3.00332799822522	0.0032607160727822	0.00893021046458255	-2.46602497954905
53826	0.873493134894715	6.60999822614882	6.15781598593374	1.04950225859465e-08	1.60832813654765e-07	9.55263507788475
53827	0.0384637177248091	11.6442369393262	0.301676476570632	0.76342941926255	0.827344479396903	-6.747466938155
53834	-0.965703310053479	8.11647714809427	-5.27851051775579	6.00294273781744e-07	5.34890043304984e-06	5.64768818029943
53836	0.199525241324998	7.98018995409997	1.01132173917725	0.313930553120071	0.414360237898976	-6.28563781363233
53838	-0.229040081399624	7.00373382091091	-3.43342724816426	0.000822720978612543	0.00271827011333584	-1.2002806233765
539	-0.0377220934362742	12.4839917251064	-0.753613422515933	0.452581631652932	0.554072073136686	-6.51062011597355
53905	0.0189501421740407	6.96701744723826	0.142402054799435	0.887005164036781	0.919626290315528	-6.78267492529624
53917	-0.0281647499949293	9.9516914586768	-0.366497173390384	0.714650079081779	0.787593015772581	-6.72591798233511
53918	0.0622789929554721	10.9200551397563	1.15738957466089	0.249449368026346	0.343752382365301	-6.12945891774818
5393	-0.218800762368841	9.89374048730276	-3.04888043107854	0.00283566272274669	0.00792642101180632	-2.33873056693284
53938	-0.205340457901888	11.2224126795406	-2.67208904756849	0.00860349741844405	0.0204679978906532	-3.3415625524158
5394	-0.118479162771713	10.4318825914917	-2.2748163602202	0.024721811270058	0.0503954000717372	-4.27120544576805
53944	-0.0224232718004516	8.03802373756995	-0.447030553493932	0.655671975253601	0.737452412254186	-6.69333663075552
53981	-0.0690911589804886	8.07404197881817	-1.06298070403327	0.289960039004844	0.387991239620931	-6.23276040055572
54	-0.202927222512078	6.984948723083	-1.85973003908521	0.0654127856011038	0.114812921603297	-5.09539120910893
540	-0.528092740786684	9.16394734840202	-5.19806623582757	8.54791381149314e-07	7.22679304840669e-06	5.30809775641961
54014	0.105137267672672	9.97972050429097	1.34445300224943	0.181379337288918	0.265590024110346	-5.89948920012554
54020	-0.354392943181147	7.44605048306844	-4.53206464548441	1.40855148364099e-05	8.15893075376898e-05	2.62803898964083
54058	0.0778954368184064	11.0858923773038	0.775494226481045	0.439598209207299	0.541629058480354	-6.49404059316201
54059	-0.0849335015171727	7.76585282415626	-0.932883957815332	0.352783730456616	0.453963797097936	-6.36097325821005
54069	-0.169427321263091	8.06736367614782	-1.71090493847257	0.0897248134195369	0.149631931929209	-5.35298257526171
54093	-0.323773825437723	7.24478559645548	-4.19873458351679	5.23110299452176e-05	0.000250631732800173	1.38280724941662
54097	-0.215553682144747	11.0145909623066	-1.13501257237235	0.258669029281079	0.354126919397176	-6.15472100789182
54101	-0.158730828036307	6.84877978808256	-2.53214359186228	0.0126497873095595	0.0286816478663085	-3.68434335075112
54107	-0.0672554991661316	11.4508667584622	-1.38575100570558	0.168434948961534	0.249959158897282	-5.84422047550474
54108	0.0601164642906376	6.42837970993966	0.715650803937517	0.475619941609119	0.575613093344554	-6.53826992456381
5411	-0.10660019027645	9.86724267283422	-1.67902604752002	0.0957916470188388	0.157743023200879	-5.40550735031459
5412	0.248532885980351	9.14029545018378	4.5537716255154	1.29037015819631e-05	7.57530739637632e-05	2.71146604192961
54148	-0.162503346394262	10.3154386845407	-2.16153611597992	0.0326724884250176	0.0637704843089835	-4.51134121069523
54149	-0.272472977979685	8.04693470921558	-3.05184012901135	0.00280990109604253	0.00787573228819523	-2.33040326143409
541565	0.0660260127789826	7.23360504434179	0.735821799259173	0.463298480138019	0.563629370430252	-6.52375478057142
54165	0.0963834913919691	7.61051662675929	1.53242313185142	0.128093259205399	0.198993853871845	-5.63489396732095
54187	-0.979178424014122	8.67614388424743	-7.43892828496334	1.78231548539458e-11	7.21663034772511e-10	15.7472393752726
5420	0.83513399393975	7.19903100828744	3.78007428189825	0.00024739010642417	0.000960264228883292	-0.080314060772384
54205	-0.156702215786166	6.78687347157656	-1.6346039716522	0.1047956760887	0.169329476622195	-5.47712785748634
54206	-0.0197530068879477	12.0689538807659	-0.170495184152892	0.864912547126767	0.902954706681888	-6.77829816759063
54209	0.429230979438116	5.85968929558228	3.45493858594593	0.000765384823700057	0.00254614524517216	-1.13330622523206
54210	-1.48546289307934	8.84429703643275	-4.81376355521548	4.42821439634113e-06	2.99811892735883e-05	3.73188157283669
5422	-0.095563712491565	7.59424405515488	-0.851823647121142	0.396036484141507	0.498317708075436	-6.43253097234591
5423	-0.193176610186416	9.45759865107735	-3.03183016152818	0.00298837252557592	0.0082757639980687	-2.38656844725231
5425	-0.0824816546728227	8.68371679433415	-0.82384733861362	0.411687426081147	0.514089542196493	-6.45573773956837
5427	-0.453196192379386	8.60523911694189	-4.58168334431062	1.15242043468718e-05	6.86631365973896e-05	2.81914771185608
5428	-0.0726651226766568	8.15014837880702	-1.15717903406314	0.249535016038427	0.343801462289339	-6.12969885015357
5429	0.00620089512959942	5.94699729696794	0.0836232656916339	0.933497587397521	0.954411445959094	-6.78929052897613
5430	-0.0393961246239606	10.7039454568648	-0.672437875803062	0.502618855777117	0.600206989839379	-6.56801955580241
5431	-0.0330919075044515	9.59622803568369	-0.6042279503861	0.546851420959446	0.641709438432309	-6.6112359270626
5432	0.0175495159779687	9.40859027267001	0.19012089907573	0.849540890222997	0.891980138965546	-6.77477452624859
5433	-0.44937368699132	8.59399901840527	-4.77619626883034	5.17979851201182e-06	3.45041417009819e-05	3.58206694669346
5434	0.219261553648378	6.28436586861698	2.3446268623525	0.0207161516008926	0.0435408173596368	-4.11763284805386
54344	-0.315863393954239	8.55861570759078	-3.48099177297866	0.000700972596555792	0.00236523388336039	-1.05173555245673
54345	0.843180659345345	8.74982411778709	8.74474738342511	1.81724256285247e-14	2.3826069157399e-12	22.4628933819072
5435	-0.104901393739578	11.3303232944384	-1.85364764699057	0.0662857508313645	0.116123075687608	-5.10631644302547
5436	0.115338834116773	11.2841659071421	1.6835629135405	0.0949084633051479	0.156694764521391	-5.39808966117343
5437	-0.150487045553708	11.5518439086687	-2.90309261388807	0.00441061653945917	0.0115144414083226	-2.7403296390515
5438	-0.333826278047505	9.71876497290011	-4.90642139007699	2.99875066134178e-06	2.15201394115405e-05	4.1047196297644
54386	0.180857222080542	9.46819709487534	2.3950516737941	0.0181905733303466	0.0389850615946941	-4.00408033247671
5440	0.249805170147215	6.8515448769375	2.52807730247346	0.0127894468269151	0.0289506250453052	-3.69405714767061
54407	0.373855405212286	11.5881581009874	5.2302121201793	7.42474126474202e-07	6.41510071618924e-06	5.44341321087637
5441	-0.0732866699835911	7.54590777209871	-0.641511971245717	0.522433553391822	0.619213825658839	-6.58818178279738
54431	-0.126636222170918	9.83079777144836	-2.01193168118874	0.0465037359507565	0.0858562492072528	-4.8110767797407
54432	0.153747691810747	10.9890753207236	2.8923824902636	0.00455333143780814	0.0118526962808526	-2.76916377966185
54433	-0.210054606602941	10.3828753565911	-3.41452031772656	0.000876424022652966	0.00285910838353614	-1.25886437896809
54436	-0.421337295446326	6.84141202397245	-3.50728702683755	0.000641159310226656	0.00219204300599014	-0.968903222507072
54438	-0.127058397050262	7.81717080586916	-0.916402994303889	0.361323599428341	0.462790034312002	-6.37604130021456
54440	0.934029684286472	5.49305773182873	8.30085499457981	1.94950980004003e-13	1.87243615678263e-11	20.1478547651716
54442	-0.155410481728955	9.5210234088172	-2.96565667843428	0.00365583785604457	0.0098178826357203	-2.57005571385021
54443	-0.260069752530295	8.80416739711595	-2.55482513380872	0.0118955649735491	0.0271803077009028	-3.6299040263904
5445	0.254860964408541	11.0750986927671	3.25399161344132	0.00148452559868506	0.00454997456220357	-1.7455172945451
54453	0.838378120479718	9.61041431799527	7.40815567792157	2.08829620461144e-11	8.21396507147166e-10	15.5930002513941
54460	-0.167064198939696	11.5557002780216	-2.46630089236829	0.0150878766045802	0.0333535575760003	-3.83990753576348
54461	-0.321522823180485	7.97834262465906	-3.92062960860003	0.000148632931460021	0.000617647481090758	0.397834608004899
54462	0.129464991441676	8.45443948976873	1.54023498474365	0.126179005521246	0.196611693191	-5.62317721640127
54463	0.750987446790771	9.28009078239794	4.01526678807685	0.000104735856566895	0.000459987217203782	0.727303768480498
54464	0.327227913582335	9.5268625697902	4.61848207591325	9.92176788647599e-06	6.0527180755016e-05	2.96181140244786
54465	0.339350324119235	6.01663918455749	2.81391988776301	0.00573505116126095	0.0144645870509971	-2.97757890506803
54468	-0.0561454327588439	9.02729338998037	-0.950818873913262	0.343638681876183	0.444722130451252	-6.34427531895782
5447	0.0331933733505848	9.48427148407021	0.435538779505601	0.663966605897168	0.744046149058555	-6.69837922197938
54472	0.468126980817761	5.87284603945585	4.64480175654909	8.91017660774811e-06	5.51296320449433e-05	3.06433171768399
54475	-0.193216816975114	7.12367437112094	-1.67370750265224	0.0968354702188605	0.158954885534139	-5.41417878476406
54476	-0.0377472710193654	7.8884304644488	-0.526473990803091	0.599546574631917	0.688195484499671	-6.65489947038006
54477	0.0174290678840961	8.78909211139152	0.126159215051566	0.899820482510343	0.929157520474132	-6.784847028621
54480	-0.294257045882131	7.68833136243062	-3.56945294051761	0.000518310373115543	0.00182180582209974	-0.771076154548496
54482	-0.0814406032353094	8.05090733199386	-1.41023807310886	0.161098485650343	0.241195122615884	-5.81068569927738
54487	-0.0418962178740902	9.0442247199816	-0.607092915488155	0.544955000438899	0.640081301620398	-6.60951303855239
54494	-0.0718818945811768	6.11898643898256	-1.02593282537487	0.307020599158017	0.406930383351288	-6.27094438918516
54495	0.0732654693380815	7.8303508844087	1.09244983645228	0.276859555318965	0.373730989856945	-6.20143915995203
54496	-0.0539117703907455	5.85887782873085	-0.458953229100991	0.647111560968451	0.730809610828467	-6.68796664571027
54497	-0.143971912864254	8.87434864571774	-3.23718846273045	0.00156710056855441	0.0047694365129917	-1.79533268040904
54499	-0.130118004374816	11.5451421396431	-2.60648820797984	0.010326296672784	0.0240138661331078	-3.50428731695254
54502	-0.000923363334982277	11.6027946734819	-0.0202379047505747	0.98388775243268	0.990186032295532	-6.79256899677102
54503	-0.0992193630756322	7.27346254121594	-1.13839366187906	0.257260832894859	0.352691674121592	-6.15093492082068
54504	0.118766366165542	11.212887393345	1.10450603832584	0.271619547651577	0.368161710469647	-6.18838336036982
54505	-0.0114997628759386	10.1025557331696	-0.238845012310798	0.811639852745418	0.863713628404684	-6.76436967753677
54507	0.466825317844018	9.77795144519476	3.35195212878044	0.00107854186812073	0.00343437001953633	-1.4508419372695
5451	-0.161457854495634	8.66448190515073	-2.5659399583444	0.0115409195083462	0.0264726451371674	-3.60306824184405
54512	-0.193913267859885	7.72108943455452	-2.38315019163504	0.0187607046608487	0.0400112110763258	-4.03107918036457
54516	-0.0842128304014038	8.84775153182341	-1.41754844877365	0.158956327577998	0.238723502871684	-5.80056416836582
54517	-0.394362711779212	8.77256814731564	-3.36102204875491	0.00104675473527904	0.00334346253418594	-1.42319360148031
54518	0.314727636696185	7.39415551872423	4.13956353684315	6.55839438014764e-05	0.000303826907347277	1.16901499479043
54520	-0.142226407307677	8.62691536975767	-2.10580985880663	0.0373397551865502	0.0714446091825122	-4.62531888391847
54522	-0.138192610992195	6.9073854992239	-1.61876026389992	0.108167181256956	0.173687140018376	-5.50222855939331
54529	0.0465869935412987	10.9202820667758	0.988492032094628	0.324933199483744	0.426565198305106	-6.30818147012238
54534	-0.171571409558549	10.1594910044992	-2.00737200817886	0.0469938814159852	0.086664313573574	-4.81989815578703
54536	0.639116758739638	8.71246923164635	9.69669394213239	1.04521324940828e-16	3.83085757348582e-14	27.498278011613
54538	0.503348767054364	5.32083508174542	6.16151000303799	1.03114494430795e-08	1.59084874512615e-07	9.56971910084798
54539	0.0234240970873704	11.0829961247104	0.321442709671602	0.748443277800598	0.816201248173881	-6.74133813207301
54541	-0.120455158561726	8.6859149246837	-0.715549628058892	0.475682200383768	0.575613093344554	-6.53834172335987
54542	-0.107335228904398	8.1316525159783	-1.94079929652798	0.054666250611471	0.0987195518256998	-4.94656148561411
54543	-0.0461782052564472	12.9897880971209	-0.899921085094239	0.369994101276789	0.471410038029658	-6.39084541611567
54552	-0.269169981995177	8.40470832901711	-1.70897186556147	0.0900835507452406	0.150071606946481	-5.3561943448366
54554	0.124209926877468	5.34672071334367	1.64422165982255	0.102790609354739	0.166709293789543	-5.46177694998516
54555	-0.23163580708568	6.7482199336591	-2.98503552763757	0.00344738053748328	0.00936997803211975	-2.51668099395294
54556	0.106781113141781	8.3436361480085	1.5638104569608	0.120538541435872	0.189430812834913	-5.58747049455804
54583	-1.10359338963464	6.90823260437206	-6.36767848031667	3.82180025504007e-09	6.68815044632012e-08	10.531235199791
54585	0.486578543635285	6.61929032154853	4.90710538016167	2.99008514781791e-06	2.14766115834574e-05	4.10748930016866
54587	-0.269725713752081	6.18241229231638	-1.87516611505498	0.0632403641230882	0.111402304895865	-5.06751347511032
54596	0.107989670724827	9.95869058777143	0.926419148335956	0.356118040486804	0.457541610580339	-6.36691538235596
546	0.0115233527696524	5.73423932477105	0.136495046201319	0.891662412590842	0.923180186512955	-6.78349524225174
54602	0.0601432884909283	11.1176690205764	1.25945839109855	0.210348942229357	0.300083292368651	-6.00812822116029
54606	-0.211014117583668	9.1037018454945	-3.17150834767518	0.00193270700972726	0.00571782231387793	-1.98797911391719
54617	-0.098441311426457	8.3111900660462	-1.74686090086966	0.0832619179447523	0.140327166338228	-5.29261352943503
54619	-0.166072133264452	6.20235783865366	-2.27780931111038	0.0245370484426172	0.0501053201819575	-4.26470840707914
54622	0.214797859185269	7.16098223207208	2.51459410359121	0.0132624772267525	0.029833350188719	-3.72616649158443
54623	-0.2537433679752	9.65820497887404	-4.14157759468689	6.50833429597632e-05	0.000301759436777774	1.17625506278693
54625	0.369370688638617	7.85787404213101	2.78063978236646	0.00631608338466649	0.0156716277432698	-3.06446862405833
5464	-0.0703027291725793	11.6111303618223	-0.843622328108245	0.400586466341799	0.502940296699082	-6.43941340724604
54662	-0.0286184244095786	7.48971717978415	-0.521593699426678	0.60293033465449	0.691023250207588	-6.65744077175528
54663	-0.002707636307436	8.40603565991544	-0.0198554875602655	0.984192170114567	0.990186032295532	-6.79257663251286
54664	0.372847399196403	10.2890152785929	3.74388552616968	0.000281491239673666	0.00107495036509685	-0.201221453206786
5467	-0.110714231516702	8.74109160139428	-2.01519179280748	0.0461559655264298	0.0853095267953257	-4.80475815475001
54674	0.452273890365425	8.59278248263387	1.78131923846135	0.0774315341723717	0.132309572251508	-5.23364145057457
54675	-0.238504666517628	10.6992774181855	-4.80291001861661	4.63374136842393e-06	3.11683254911903e-05	3.68851810630701
54677	0.383586600088944	8.16618703147391	2.19607119164036	0.0300413470121467	0.0594493354864235	-4.43932759988854
5468	-0.261048670225167	11.1273153732619	-3.30292869296251	0.00126658417966885	0.00395687795917726	-1.59921465932848
54680	-0.126548496486697	8.68029346383848	-1.78672491219847	0.0765482011925407	0.131044174476764	-5.22429114428957
54681	-0.292879884463541	9.9565865737656	-2.61021132695423	0.0102207602292588	0.0238080878436768	-3.49514817826866
54682	0.125377768136244	7.36332942738814	1.84554501378576	0.0674637464799735	0.117712409363029	-5.12081802780081
5469	-0.0757704505935768	9.16446408244362	-0.826454004140758	0.410213648533412	0.512767060666765	-6.4536078216784
54700	-0.0207354593327651	8.55275016089187	-0.349314258949963	0.727475642020942	0.798743693086931	-6.73203670771704
54707	0.194474212437651	9.60553627148052	3.46163861232881	0.000748308258107732	0.00249940404851188	-1.1123765006804
54708	0.174186754755781	7.34919483381181	2.7096393453672	0.00773878069884266	0.0186685096051139	-3.2468083225623
5471	-0.352181667079868	9.34208455778291	-5.01002408725895	1.92931009768212e-06	1.47693247514869e-05	4.52709893864639
5473	1.43800953782137	8.01810141926326	6.92794470378066	2.40138646739781e-10	6.44008188983957e-09	13.2173495326789
54732	-0.339718746436625	12.2900090008432	-4.72230961451857	6.47752317208776e-06	4.18984662501526e-05	3.36855178447146
54733	-0.834638848184595	8.98676068494607	-7.53618557995874	1.07871579110048e-11	4.89571012884063e-10	16.2361709013682
54737	-0.143188899300345	8.7586010832117	-2.24674806080633	0.0265147772367913	0.0533928106564216	-4.33175481859353
54739	-0.0763574494638964	7.69847100204871	-0.82248961356968	0.412456326120807	0.514635838936234	-6.45684450849425
54741	-0.0283698730119733	10.857374751461	-0.285753669742909	0.775567531359434	0.836972538415068	-6.75212169519026
54749	1.11796074745111	7.0785116403035	6.63150747538051	1.05096318413849e-09	2.32111120347163e-08	11.7835118761064
54751	-0.11792803209897	5.7330059684412	-1.3864512271838	0.168221689143669	0.249829573449936	-5.84326942107039
54757	0.892158725857698	5.70443224655261	7.21745868039819	5.54659364042885e-11	1.86999442734458e-09	14.642353651004
54758	-0.115393641031197	8.1312925042638	-1.51813703515475	0.131653062821871	0.203566884857479	-5.65617317719306
5476	-0.196670037449568	9.43086412182584	-2.02246670614945	0.045387908136698	0.0840780715876038	-4.79062379817024
54762	-0.0784937922980053	7.27309035618435	-0.901878060748616	0.368957813884022	0.47059782932088	-6.38910151339791
54764	-0.08207340834602	8.15987572470383	-1.07004265774241	0.286782783295785	0.384539778307448	-6.22533110902555
54765	0.143996117688944	9.49614035614861	2.24726769676922	0.0264805764526511	0.0533486735363167	-4.33064011071043
54776	-0.167657593737578	7.07731646980444	-1.68262908607041	0.0950897078263417	0.156868581315275	-5.39961800965645
54778	0.032105603308028	5.26266372989253	0.522703704190293	0.602159946088405	0.69052355333753	-6.65686483144574
5478	-0.453243246557547	6.94242618563883	-3.56000999077004	0.000535419175913951	0.00187317339815724	-0.801306050307331
54780	0.0925213718967134	10.5630660755129	1.53714579297974	0.126933281299634	0.197563388644239	-5.62781743603179
54784	-0.00858101552696968	5.61443601802669	-0.11032643676129	0.912337808087525	0.93882026844437	-6.78671148469777
54785	0.112960899878213	5.75404964158044	1.27704377868022	0.204092570812833	0.292877803146977	-5.98621633088985
54788	-0.0897983064727244	8.22334454636463	-1.61737232615406	0.10846662701012	0.174035419406292	-5.50441629446242
5479	-0.499750209308774	11.299409552792	-2.16153315008345	0.0326727227113339	0.0637704843089835	-4.51134735006525
54795	-0.000120588058501261	7.83353926347353	-0.00110092872292446	0.999123444157444	0.999123444157444	-6.79277236623595
54799	0.0128694461272903	8.47288440800797	0.0979789377254886	0.922115161570743	0.946170339698675	-6.78799228512968
5480	0.303454604958558	10.1765933115602	3.42339507108624	0.000850818905529015	0.00279337837529008	-1.23139856936338
54800	0.295651366528866	10.0069723848211	2.96839215527103	0.00362572504353892	0.00975203154009491	-2.56253955291156
54801	0.0600835035612384	6.24767020656339	0.392437625651355	0.695442452106551	0.771534240030992	-6.71612560755062
54802	0.0432408885911156	9.72310184079844	0.568065388113037	0.571069337300931	0.663809840431423	-6.63228627486518
54805	-0.514264169570856	6.6794301223921	-5.80281711598882	5.5856104222439e-08	6.89643379487812e-07	7.93595065721488
54806	0.29433050822516	7.03717311542873	2.59340421012187	0.0107050139364964	0.0247892949580769	-3.53631248813351
54807	-0.235590319226053	8.44366576523735	-2.81081469179907	0.00578712334565933	0.0145559192555256	-2.98572433487586
54808	-0.471764959345416	9.17072920704439	-7.00662313618198	1.61608079582928e-10	4.65115936360623e-09	13.6023125108305
54809	0.454119211969836	7.39549094540832	4.49200430244355	1.65466730026421e-05	9.37782471526284e-05	2.47480748039333
54811	-0.259528203672625	7.47520188500811	-2.20139436196472	0.0296526425516238	0.0587786962986351	-4.4281340578392
54812	0.0798980576963205	8.76648363121868	0.947918931215924	0.345106886747419	0.445821533395946	-6.34699647401097
54815	-0.357786715424477	10.584717700339	-5.05306605166465	1.60376485614022e-06	1.25446001057938e-05	4.70425126335268
54816	-0.0464034392994971	8.66675450019053	-0.696095303524737	0.487737192716025	0.586933160232279	-6.55196032560367
54819	0.018307834784168	5.47518795944996	0.310435587578078	0.756777072962959	0.822388978117884	-6.74479894474519
54820	0.223180928918156	7.42603983074463	2.52889259579881	0.0127613347573094	0.0289028311202016	-3.69211064683714
54822	0.14610372223805	6.16367458259905	1.00913324550398	0.314974401564032	0.415538820782448	-6.28782080895394
54823	-0.126749083105767	7.36534489937831	-1.92391953003946	0.0567718051206445	0.101853846719488	-4.97804149023134
54826	-0.143896114261496	7.5547034605591	-2.37709169138046	0.0190569682662762	0.0406011240339029	-4.04477620281619
54832	-0.0215026032395588	6.36651182174081	-0.327172161303202	0.744117031072906	0.812586816057932	-6.73948907218895
54834	-0.215729792895758	7.09930387553054	-4.55043296650696	1.30790227545706e-05	7.66189559948604e-05	2.69861637975279
54836	-0.545608869563428	6.54535194030348	-4.94979818750291	2.4947827943444e-06	1.84154654881901e-05	4.28086427222657
54838	0.141029101742119	7.9559727060249	1.4134248691891	0.160161959479745	0.240063487271821	-5.806279659675
54840	0.0377598961256855	9.57942146470554	0.882489013182091	0.37930564408868	0.481037047957008	-6.40621460988935
54841	0.245903624469409	8.70560941918748	3.1128064371256	0.00232510561494433	0.00672692552694926	-2.15734416123528
54845	-0.872684277878099	6.55261209335629	-8.80728965892156	1.29822665172319e-14	1.78722535720559e-12	22.7911131935286
54849	0.0180113038380135	8.52528580183116	0.209837973497645	0.834155802538535	0.881090400123823	-6.77084851917001
54850	0.209784076281425	7.85572781789788	3.04182207094691	0.00289798364381096	0.00807602729348129	-2.35856193386091
54851	0.207342868520115	8.90490707884273	4.26306812216953	4.08126248664365e-05	0.000201140979353679	1.61778227567085
54862	0.0326224738877825	6.81458622866293	0.429079506070511	0.668647289126955	0.74827619674687	-6.70115608959443
54863	0.568345487419248	5.4203978463627	7.47939648079379	1.44662276154009e-11	6.0349010153137e-10	15.9504149000221
54867	-0.276421913998018	9.5167218956793	-4.10032800816038	7.61046828625516e-05	0.000346349686195414	1.02849576087773
54868	-0.00323810309433414	5.48568300472816	-0.0316268439417217	0.974823038183087	0.985199840375909	-6.79227482875541
54869	-0.033421987630638	9.51801148694542	-0.288551355905651	0.773430707265524	0.834949229233719	-6.75132208708969
54870	-0.107178923914874	10.1949599904194	-2.13258748259478	0.0350297633181356	0.0677624929760656	-4.57089385500316
54872	-0.366437019777446	7.39103693921764	-4.30357146410339	3.48645059991975e-05	0.000176027395815019	1.76705518001808
54876	0.0402440843930307	7.73419491756861	0.728067430319987	0.468013802447943	0.56791450098722	-6.529382165487
54878	0.140334625588541	8.47251392701986	2.82561373668083	0.00554276996225728	0.0140439508859648	-2.94683365795654
54879	0.0124480663090418	6.34303706016596	0.185550617355735	0.853115576180425	0.893915344316924	-6.77562932205005
54880	0.0645781342929518	7.98232763692223	0.861484496152346	0.390717506445979	0.492947396249242	-6.42433937000768
54881	-0.0563889514180029	9.47383305245592	-1.05366699161486	0.294186958783949	0.393074131277163	-6.24248479283539
54882	0.0182399358491812	8.58209991414428	0.33480784654917	0.738364118834208	0.807585754974915	-6.7369741323916
54883	-0.119218607612147	7.70407511473309	-2.12935840677351	0.0353016068706246	0.0682244437883386	-4.5774906376791
54884	-0.175047762705563	6.56233167744578	-1.35129388848066	0.179184930983373	0.263044889206575	-5.89044605149585
54885	0.0864211546439911	6.55966268577196	0.795672047155614	0.427819478388215	0.529962341254747	-6.4783352879169
54888	-0.23502844761668	10.6987230417355	-4.5905201180873	1.11179862226634e-05	6.65950443794052e-05	2.85333461887022
54890	0.0811222540648123	11.8709990715102	1.82468750142771	0.0705765584545886	0.122214333927652	-5.15787170356944
54892	-0.222068353921958	6.9660671172193	-2.33555927867046	0.0212017969721799	0.0444146190692889	-4.13781925046432
54897	0.645558374858263	5.84550310129909	5.2423970961489	7.03778373008573e-07	6.13855265158481e-06	5.49483971244493
54899	0.134586829896441	6.73722271771184	1.82263958958642	0.0708885241592519	0.122703103427372	-5.16148841069371
549	-0.011857632275738	8.91829025971737	-0.205808946098873	0.837294605029521	0.883163508816734	-6.77168221281913
54901	-0.24907226870637	6.23401335918945	-2.66735999937131	0.00871838776558346	0.020705544262139	-3.35341294733955
54902	0.0492080559709356	9.36551398276901	0.798115172394469	0.426406050023854	0.528766547544968	-6.47640660820515
54904	-0.200335827915615	6.38017325136362	-2.709543794992	0.00774087716676936	0.0186685096051139	-3.24705091421072
54908	-0.195268138476337	7.92622402037782	-2.14327513553883	0.0341428803255023	0.0662641427369945	-4.54899378780773
54910	-0.323118195983624	8.12928215661414	-2.5475324361141	0.0121335423605894	0.0276324951470825	-3.64745503599547
54913	0.857183494014236	6.80782209473376	8.20405068621835	3.25871488103336e-13	2.80385259555579e-11	19.646798601745
54914	-0.299892711126017	7.43963516833049	-3.21076059141528	0.00170568399757534	0.00514007654869475	-1.87324595150523
54915	0.0962104410135814	9.68234179410217	1.68248591858245	0.0951175196977258	0.15688312953339	-5.39985225327637
54916	-0.0568819575791825	6.32035978050443	-0.733588451346744	0.464653791783822	0.564833012528973	-6.52538158908511
54918	0.0151951203901207	10.5577490295974	0.266112332115071	0.79061685598339	0.847345949192007	-6.75751634716916
54919	-0.335085113127215	8.50434962934652	-4.76894090385043	5.33856909515393e-06	3.54474121591411e-05	3.55322395893567
54920	-0.132888269582984	9.23379022406637	-2.35042137734898	0.0204109744047226	0.042932174327224	-4.10469573411033
54922	0.569016013879097	7.62477854927315	4.31669886138329	3.31223991610061e-05	0.000168633812783422	1.81565522433565
54923	-0.178936560354081	7.53279394050052	-2.89112887056185	0.00457031029370972	0.0118750434180693	-2.77253278340164
54925	-0.146627111787359	7.7396097901034	-2.69626271657521	0.00803734112781852	0.0192765498594021	-3.28069667393445
54926	0.16641877073033	6.30091854263893	2.56411342149717	0.0115985392343584	0.0265900455386623	-3.60748540284821
54927	-0.0931708006446718	8.35588568422154	-1.19438641118989	0.234720851095972	0.32733314706276	-6.08663538546362
54928	-0.0783655654979863	9.30118916545825	-1.35263792514236	0.178756153161385	0.262680274882235	-5.88866410543754
54930	-0.192407130817463	8.29131874797815	-1.89543956824095	0.0604791838263472	0.107270358257597	-5.03056994793012
54931	-0.0540200635847621	9.06731285954449	-0.545465001492305	0.586462784949029	0.677129242896139	-6.64478619297896
54934	0.0142048132652074	10.5278315781561	0.231202537623539	0.817557653436728	0.869060804383241	-6.76615786329955
54935	0.39079113828654	9.20782373467465	3.69613246707906	0.000333354117414244	0.00124649389309265	-0.359365971257448
54936	-0.264841863984575	8.74439697925959	-3.48220598167923	0.000698098754441205	0.00235743896634683	-1.04792181707873
54937	-0.938820912684652	6.9532941166399	-5.54532631269997	1.8198161113077e-07	1.92467107290673e-06	6.79644989243486
54938	-0.284975965259196	9.78105078280066	-3.9777381205651	0.000120411613869304	0.000518290740260788	0.5959363476208
54939	0.108683383064489	10.2670558406421	1.99651631989128	0.0481785631532507	0.0884934248712143	-4.84082493743251
5494	0.450746755812715	8.71418953125145	4.49905525929935	1.60853033027674e-05	9.17573240889907e-05	2.50170822784219
54940	0.111426486356733	12.7705061085658	1.24250536887156	0.216512307978809	0.307231002216966	-6.02897220404152
54942	-0.0921038352491512	8.68566416923474	-1.77713258600258	0.0781214332240137	0.133212848561179	-5.24086475289302
54946	0.0582402394103343	9.57152588675519	0.944017848804227	0.347088336647944	0.447960884486252	-6.35064413471834
54948	0.0251807789501069	9.60713830369642	0.367434733687031	0.713952574794015	0.787034334418599	-6.72557569066949
54949	-0.181219762186211	10.03393466144	-2.41224218826248	0.0173941999407023	0.0375820275987971	-3.96486811536536
5495	-0.216099707340025	10.14118650664	-3.8622463590062	0.000183943691372554	0.00074509007728255	0.197584633816688
54951	0.0173915888101715	10.2330243914591	0.249960571711673	0.80305224232537	0.856782681685295	-6.76166517423302
54952	-0.0177581364824152	5.97292806723983	-0.314264470534115	0.753874813243674	0.81966644167339	-6.74360873638752
54953	0.155191351635839	6.59563319646222	1.10253721291345	0.272470530199869	0.369072905780734	-6.19052501218879
54954	0.187414189971517	6.52950172733115	2.36539196854335	0.0196408349238335	0.0415876176546693	-4.07113729294163
54955	-0.171883086007744	7.91165547105487	-3.22008557950754	0.00165553150122145	0.00500537708641623	-1.84581548252635
54956	-0.147610696182225	6.44074235762325	-1.88532310691613	0.0618440995411192	0.109385923385363	-5.04905150195597
54958	0.183509484245295	8.35150048507864	2.29831061265823	0.0233037146626619	0.048014138965724	-4.21999465891162
5496	-0.134783743770781	11.1698826565644	-2.22161151308882	0.0282159982969936	0.0562006621493049	-4.38539446764057
54960	-0.146106706530393	6.93539120795695	-2.52462995896113	0.0129089288745291	0.0291571650269649	-3.70228141296709
54961	-0.146448548470553	9.25485956325488	-2.18198997041356	0.0310910292740801	0.0611020465867004	-4.46881721591311
54962	-0.615185036055937	7.36875197229976	-4.18312630342238	5.55374739473426e-05	0.000263946797931559	1.32619488691829
54963	0.138169864641516	9.74431405645544	2.96991091702252	0.00360910492400724	0.00971998913345282	-2.55836394094859
54964	0.0868533329049421	7.12094641186125	1.06860300054758	0.287428562436057	0.385165464912691	-6.22684956689066
54965	0.158154792820821	7.83291709842182	1.13388441590142	0.259140098865618	0.354563063877754	-6.155981847589
54968	0.248387378596248	7.54340319264307	1.34777739998002	0.180310433327828	0.264259080782089	-5.89510014741989
54969	0.0863287713905641	8.88237943206544	1.13574946409355	0.258361659704613	0.353849661608374	-6.15389678767754
54970	-0.135142893591907	6.5970956226078	-1.34892694211848	0.17994192227698	0.263906299362191	-5.8935800139388
54971	-0.157138234838734	11.2012481833071	-2.17350123467992	0.0317391036687636	0.0621884542263293	-4.48651030648037
54972	0.044352536621629	8.91908873771894	0.484118492248793	0.629198572008055	0.713702307715811	-6.67616993470398
54974	0.0583836075308202	6.04127333466404	0.46043744190192	0.646049176262173	0.729709585112204	-6.68728829766609
54977	-0.268877228729851	6.57713839638176	-2.70055282045318	0.00794046921231738	0.0190996725957314	-3.26984423795686
54978	-0.19529861527443	8.92569665695825	-2.62512437934161	0.00980771130421035	0.022962498688429	-3.45842486156082
5498	0.0815870509933564	8.47769874909349	1.49241358537373	0.138258093546968	0.212151560969339	-5.69400511226084
54980	0.10362267575978	8.64086090716448	2.42038197849485	0.0170280312147096	0.036935803002495	-3.94621241791406
54981	-0.00223010811744393	9.45900989085157	-0.030723159367722	0.975542196489459	0.985284922132603	-6.79230288905177
54982	0.142363620558762	6.30028750158042	1.21264219234124	0.227687481912813	0.319629265907517	-6.06502001703042
54984	-0.0780734791462642	6.63128359578917	-0.738356671727458	0.461762894672567	0.562477733371981	-6.52190240025062
54985	0.0804968182266826	10.1835298589591	1.30448389282772	0.194605788795517	0.281464509797053	-5.95143522940736
54987	0.0720281490227595	9.81777825128363	1.22895782613216	0.221531426203201	0.313062374754224	-6.04543132912475
54989	0.122230645410997	8.86817667197151	2.50556729485625	0.0135878575266277	0.0304326743953214	-3.7475771536606
5499	-0.0630246382371045	9.87683035292299	-0.705084156794523	0.482146538869146	0.581815984084608	-6.54571411640083
54991	-0.0546766480801322	5.88745744589161	-0.475714565618015	0.63515675649899	0.719078235839043	-6.6801791888092
54994	-0.0500141282735122	10.4952430902418	-0.960086325123939	0.338973816553364	0.440228579410504	-6.3355243644292
54995	-0.245901297014557	7.26041702676548	-3.67228682380359	0.000362524628145395	0.0013332383920218	-0.437735849472522
54996	0.57107844637864	6.82030192410116	5.42678956729681	3.10471026252601e-07	3.02773397502537e-06	6.28193169414502
54997	1.05761340186131	7.01908525485849	4.71505751347185	6.6745976969923e-06	4.29044178810556e-05	3.33994187075903
54998	0.00965605958271129	11.9395846895432	0.184768669447202	0.85372749192086	0.894137767152234	-6.77577349010174
55	-0.505137373682358	8.88780400505612	-6.572168087652	1.40780236837077e-09	2.93647665725822e-08	11.4998149149888
550	-0.258077919134737	9.65442540984568	-5.03284852032921	1.74940537803223e-06	1.34795600956588e-05	4.62091877253826
5500	-0.0725835184710628	10.8152390092027	-1.45529691353429	0.148240810494214	0.225169013365613	-5.74749588028948
55002	-0.104340525294629	8.54405214805407	-1.12011791206941	0.264936907612256	0.360939940108401	-6.17126861496593
55003	-0.239969967573802	8.8655633033699	-2.45999004062627	0.0153422741389794	0.0338209726148838	-3.85462431264282
55004	0.0380375132455501	10.722557800042	0.695914778002831	0.487849833080207	0.586983193189003	-6.55208495580102
55005	-0.0808033389334265	7.70343349956905	-1.23997727858704	0.217442574643287	0.308127580468957	-6.03205696029864
55007	-0.439976504478926	6.63254669271589	-2.07474464613341	0.0401830502233905	0.0758655988217613	-4.68765936073452
55008	0.0372354110133653	7.4280244028652	0.456639323936705	0.648769284200962	0.732081186816933	-6.68901984508467
55009	-0.419795593588149	8.00469714885019	-5.17701089334496	9.37165445967251e-07	7.81885911643183e-06	5.21974828133579
5501	-0.159238839966749	11.7972451637499	-2.23119624925753	0.0275563890235057	0.0550594517015378	-4.3650066496235
55012	0.280661979756635	9.77801289953415	4.8875107463417	3.24822908816533e-06	2.3069967556531e-05	4.02824554750192
55013	-0.12448911976194	11.1721868377923	-1.97139804333447	0.0510174590022411	0.0927794388724155	-4.88883952427388
55014	-0.425390268739468	5.76369787819609	-4.26740619414277	4.01316846216671e-05	0.000198537929758441	1.6337208711378
55015	0.0566992032077684	6.60156061908883	0.454211993758149	0.650510163111642	0.733244261367653	-6.69011897031917
55020	-0.0948763947129033	8.04445786909744	-1.25823760441751	0.210788424266574	0.300459114918471	-6.00963838243885
55023	-0.208738251597013	10.3247056356577	-3.33761614474188	0.0011306346427414	0.00357270166375057	-1.49441750475325
55027	0.0475273530637609	7.3709556166021	0.479056174609422	0.632784739772452	0.716982434913642	-6.67859338513509
55030	-0.0124463488698682	7.93288510692641	-0.182486116119466	0.855514219587009	0.895746920241943	-6.7761908448621
55031	0.368090816282816	7.6220114836031	5.18729256987196	8.96017495409055e-07	7.52761234240841e-06	5.2628628924635
55032	0.0876045660991139	10.0620852318787	1.33260691672517	0.185226980454426	0.269932049850663	-5.91504359562285
55033	0.0117371712663123	12.2459805618212	0.0827682390644646	0.934175985186471	0.954868659527317	-6.78936137696696
55034	-0.681789447556885	9.7212984616045	-4.2417070659762	4.43307824558321e-05	0.000216286038443693	1.53947189735748
55035	-0.0521326000268766	9.52102581360447	-0.936763285672439	0.350792550572004	0.451635583282776	-6.35738803392893
55038	-0.413476534755048	9.32129747001611	-3.77168758426553	0.000254924750421047	0.000985343209395342	-0.108415211383352
55039	-0.0434153506754082	8.15807308137361	-0.632548721169287	0.52825151876608	0.625059035051339	-6.59384925642498
5504	0.346377026390928	9.5969073485456	5.26511501268143	6.36818696479236e-07	5.64390818982671e-06	5.59091709825367
55040	-0.817390181450792	7.44266490637326	-6.53368154280128	1.7006849325057e-09	3.40788932151949e-08	11.3164344969157
55041	-0.257883250759144	8.05753247329725	-1.84818931710443	0.0670774032192859	0.117160521669118	-5.11609200475215
55048	-0.0758871654176374	11.0303060219816	-1.91566151421272	0.0578265441933415	0.103454029680962	-4.99334831306723
55052	-0.230500415197478	9.73909754248965	-2.93248291827744	0.00403981442350595	0.0106985787554213	-2.66073109256517
55055	-0.236873146220746	7.24711540185762	-2.48618854031921	0.0143106168331317	0.0318184912628985	-3.79330794363261
55062	0.124749507990638	9.82500453313545	1.96645411040405	0.0515926282786755	0.0937016511833464	-4.89822308824722
55063	0.482589367662639	6.43391208968552	4.90324113612674	3.03936296122112e-06	2.17342406226151e-05	4.09184520548953
55065	-0.3028198167373	9.2448067370195	-2.90204729208736	0.00442436269774994	0.0115466780042384	-2.74314794900942
55069	-0.153440250705804	9.05230666392886	-2.91342669464495	0.00427681566403929	0.011189894642054	-2.71242052827808
5507	0.107456102669841	9.1800726353763	0.809283398543574	0.419980076033775	0.522838798498716	-6.46751559279497
55070	0.0104057788118368	7.41261473271919	0.20111456870782	0.840955054080263	0.885567481003047	-6.77263320986105
55071	-0.0173728107794329	7.9650449321325	-0.263038020613316	0.792979746891775	0.849077871797528	-6.75832601873431
55072	-0.183337019146512	8.14132168443797	-2.59243551087219	0.010733544202556	0.0248344748216002	-3.53867782743155
55074	0.230463881967047	10.0197812569119	4.26700555378628	4.01941120249504e-05	0.0001986854370593	1.63224837516452
55076	-0.077583682577358	9.33298062609819	-0.599013737972356	0.55031136045371	0.644853431316164	-6.61435078552677
55080	0.808994253268219	7.21971688630627	5.53796899004409	1.88150263822202e-07	1.97773139844817e-06	6.76432566151482
55081	0.403255495098692	5.80841471660775	4.7188670139914	6.57036197849794e-06	4.23332214839259e-05	3.35496683030184
55082	0.257615792377322	11.7371144364968	3.69145887354116	0.000338890115235214	0.00126091547380309	-0.374757562504496
55086	-0.11763950793916	9.55629864953972	-1.54726463489843	0.124475779887233	0.194372088271324	-5.61258477477234
55088	-0.393071781120741	7.82431163311341	-4.12131213659275	7.02917811443551e-05	0.000322382072322251	1.10352489676592
5509	0.442157486915437	7.18268834080167	5.40348803548692	3.44593142392035e-07	3.29819160620881e-06	6.1815635820088
55090	-0.0225164048394669	7.30242973978494	-0.366613781210917	0.714563314750076	0.787593015772581	-6.72587545777241
55093	-0.15075767410629	7.98905723357594	-1.87660314522627	0.0630412297526489	0.111099530791568	-5.06490714157177
55094	0.059488743618201	5.48110152263171	0.936728448138279	0.350810399799309	0.451635583282776	-6.35742029554167
55096	-0.00251176356599971	8.51826658576731	-0.0296033228353128	0.976433397859748	0.985741856064717	-6.79233653259803
5510	0.281817368666328	7.9482528905466	3.71367346623909	0.000313331232411903	0.00118017144538182	-0.30146097181377
55100	-0.211473654899344	8.57532530466331	-3.22248928873914	0.00164282825052452	0.00496878848382738	-1.83873392263574
55101	-0.0252766854270905	9.52753319092159	-0.398836233619769	0.690734300740829	0.768309362256834	-6.71360751137939
55102	0.0979647505755105	6.50054933304327	1.28807001343094	0.200240331481627	0.288150720912585	-5.97232663808841
55105	0.0115434210147492	7.41798915791131	0.153937796731379	0.877921597946068	0.912958881912945	-6.7809727815031
55107	-0.536450240633077	9.65007344260943	-5.06795838969592	1.50410449002474e-06	1.18775364126237e-05	4.765770924106
55108	-0.0017541171909145	10.0109997879324	-0.0218219410265312	0.98262682903399	0.989696086796824	-6.79253581697791
55109	0.265245773905434	9.14689062610948	4.22439165805259	4.73946346779981e-05	0.000229435160222041	1.47620433530376
5511	-0.0443277674879028	8.17945659236384	-0.616814010879674	0.538545018308045	0.634576583626884	-6.60360676289088
55110	-0.0137022026262543	6.05793882778364	-0.13611010242707	0.891966046084391	0.923378811963538	-6.78354749446629
55111	-0.386690623056326	5.81400183027054	-3.59050218507579	0.000482012204587759	0.00171317590787215	-0.703459733840681
55112	0.0592984949450414	7.09878512167216	0.617282815822066	0.538236864174421	0.634394477465856	-6.60331957351089
55114	-0.0503472614885878	11.6225408761116	-0.643625017403911	0.521066866899952	0.617948646172807	-6.58683416711474
55116	0.112312611550944	8.87232896282759	2.07389462632558	0.0402633950562831	0.0759825549839841	-4.6893530598199
55119	-0.0842344506377039	7.23295620280128	-1.23980604877955	0.217505687532822	0.308164147344959	-6.03226567232461
55120	-0.148117333788129	8.21736942887555	-2.11158743519392	0.0368305301818143	0.0706502970974886	-4.61362994439262
55122	-0.0880588130991789	10.1866964500256	-2.11668863505794	0.0363859102650183	0.0699924589634493	-4.60328476269587
55125	-0.157463826113726	8.63441873672564	-2.47082575905762	0.0149077970209438	0.033004128489144	-3.82933473465339
55128	0.126625473135918	8.53404522495545	1.89039775232559	0.0611562332946592	0.108331650657063	-5.03979236452759
55131	-0.392582607683706	7.57565904843632	-5.05516458679496	1.5893418822746e-06	1.24523103130474e-05	4.71291323259585
55132	-0.18824737221755	10.2807931482836	-3.02512467268585	0.00305048477478144	0.00843555548700859	-2.40531927986722
55133	0.0475140957437283	8.77783481440239	0.965878111949789	0.336079456000224	0.437148070015448	-6.33001294480953
55135	-0.303454546944889	6.05644749406795	-2.40131732892351	0.0178966390947433	0.0385265152261088	-3.98981754789833
55139	-0.307769173029992	7.18432988614531	-4.50040224373118	1.59985892094913e-05	9.13257407535576e-05	2.50685060622128
5514	-0.0850530806824549	8.77651674129996	-1.39580006099893	0.165394037889683	0.246464866131839	-5.83052712726515
55140	0.0125205011746873	9.14505649151777	0.258329268997409	0.7966025833348	0.852071100067543	-6.75954792835877
55142	0.113766983319343	10.1740418846276	0.921808942967016	0.35850806453325	0.45975417063261	-6.37112797636675
55143	-0.507260964657821	7.69377861755726	-4.12226241402979	7.00388731475965e-05	0.000321400606777304	1.10692938866954
55144	-0.149666175025269	6.60484503828405	-1.58366177140467	0.115945730811428	0.183610378930675	-5.5570010066425
55145	0.0497226187727631	7.8533394435223	0.925189156492766	0.356754696034991	0.457932212781511	-6.36804131802258
55146	-0.146795314599104	8.41052926782529	-1.85565014315233	0.0659972787760543	0.115715882549397	-5.10272327081039
55147	0.198641781714787	11.0199200081451	3.42790350365136	0.000838082063798924	0.00276019052909853	-1.21742344891105
55149	-0.219056160470304	8.77409034850216	-2.84931704431022	0.0051709754909522	0.0132359025581857	-2.88417269877191
5515	0.0462752626919701	12.8268506470156	1.09926128936501	0.273890569162763	0.370545085885593	-6.19408020737661
55151	-0.80950108573574	8.96074769321329	-7.86059609573281	1.99161433442826e-12	1.27525072886647e-10	17.882021603687
55152	-0.212000060850448	5.73801640683361	-2.43820995540378	0.0162498763343074	0.0355089890268199	-3.90515381031487
55153	-0.013263867479912	10.4359385131031	-0.282345173710748	0.778173207221449	0.839330307621503	-6.75308536635437
55156	0.00907632629705129	9.55884370746771	0.120523854652349	0.904273048295396	0.932496301987512	-6.78553925299559
55157	-0.456497308753617	8.62847773873835	-5.25275905186359	6.72425914113451e-07	5.90248464460904e-06	5.53863022701643
55159	-0.0892524647154653	8.90683244520482	-1.60433258347111	0.111312481295689	0.177635451217617	-5.52488252927136
5516	0.0684705758099627	6.59655738466994	0.740453188688297	0.460495035616777	0.561430109844218	-6.5203655837133
55161	0.00991719242997657	10.8493751217707	0.220566310559569	0.825811093822443	0.874961471905257	-6.76854983666514
55163	0.750193917649472	9.91515950428607	5.77664104697814	6.30612037780646e-08	7.59308372021594e-07	7.81879051522569
55164	-0.333850329541168	7.1926828235861	-5.36058300971363	4.17265148747009e-07	3.92105816683765e-06	5.99743283634134
55165	-0.190066598953648	8.58281272687732	-1.69481189446029	0.0927471240084501	0.15371012124996	-5.37961557161699
55166	-0.206036649886399	7.7193013922488	-1.92376600520767	0.0567912648775388	0.101866633634847	-4.97832662324545
55167	0.173329767536245	7.1367406047703	1.85319901035506	0.0663505237780131	0.116187264449097	-5.10712095117603
55168	-0.236120664184676	8.36547946443658	-3.05986108583046	0.00274116970345601	0.00771713079432402	-2.3078011812751
55170	-0.0413927819874375	10.2578586858704	-0.68916561908977	0.492071208221115	0.590428265529693	-6.55672139673065
55171	-0.1133951196441	6.57401578559104	-1.39648838901752	0.165187286361026	0.246245620888301	-5.82958567485244
55172	-0.224841973186204	8.15326133272258	-2.08753092832821	0.0389909932420011	0.0739021579116404	-4.66210443153661
55173	0.135655320252808	10.3452680096065	2.62800111177076	0.00972978919609574	0.022805919057818	-3.45131953601499
55174	0.0552855052100991	9.82515850200879	1.3409575062864	0.18250838445345	0.266857012374247	-5.90409281215444
55176	-0.281122510237154	5.68284287921965	-3.03687898127682	0.00294237921747777	0.00816668425281129	-2.37242684029322
55177	-0.105598089103954	11.3957549818853	-1.51782042243958	0.131732827053926	0.20361398792392	-5.65664260380051
55178	-0.234212729741249	9.16234153895727	-3.32430886400721	0.00118108893129579	0.00371366371241083	-1.53472825225624
55179	-0.182046229649381	8.4638404854074	-2.07326240124424	0.0403232431238074	0.0760781151673479	-4.69061237600014
5518	0.10745830445775	11.4724826959988	1.92433447380581	0.0567192378047888	0.101781643334251	-4.9772707317221
55181	-0.130365040404565	9.21417955212876	-2.32415673831813	0.0218267361835351	0.0454356957852822	-4.1631026506837
55182	-0.111085484208001	8.51187854808652	-2.19716775381229	0.0299609139143791	0.0593328096218584	-4.43702379295869
55183	-0.138086156463181	8.74290845898041	-1.99416845572399	0.0484381012714704	0.08885159149508	-4.84533703727338
55186	-0.096098586862599	8.14165263883337	-1.14447394558473	0.254742018564543	0.350053081574302	-6.14409861112206
55187	0.0355042748997322	5.46320214416509	0.447554128415793	0.655295077390765	0.737128876378554	-6.6931037688616
5519	-0.306072224929617	6.97594764564735	-2.94047728172562	0.00394403271096037	0.0104852623728782	-2.63896007709293
55192	-0.0522786131865631	6.97033774826608	-0.82050174770341	0.413583638199834	0.515940936134243	-6.45846169066223
55194	-0.130740491745689	10.4145845843105	-1.36306053103656	0.175457312155667	0.25861481056492	-5.87478737987941
55196	0.706120372249051	9.56325121727286	7.59205113795541	8.07667572900906e-12	3.83410008744913e-10	16.5179922262781
55197	0.0151576559260276	9.15632298564497	0.206258142128788	0.836944529208396	0.883019774078599	-6.77159006430927
55198	0.16270718072795	9.65461723122785	2.48980396895493	0.0141732227568423	0.0315469738538178	-3.78480031799637
5520	0.271714301831111	9.94175087493758	4.15230705695816	6.24776245758293e-05	0.000292438478464461	1.21486902984839
55200	-0.048289000849849	8.43633905254601	-0.542317003797331	0.588622297685809	0.678777239143102	-6.64648724892474
55201	0.117674402938383	8.41811487068563	1.73368942207829	0.0855836475827031	0.143741547180384	-5.31486648479057
55204	-0.00574689855688545	7.84064716836405	-0.0925865319879614	0.926388964119466	0.948905362552925	-6.78850400874848
55206	-0.462172744630623	6.02398513173598	-5.35673620306809	4.24468520030558e-07	3.97518137806396e-06	5.98096704086058
55207	0.0904847246187469	11.2391147791056	1.72536687679492	0.0870777916517477	0.145954253052645	-5.32884479196888
5521	0.182459696202893	9.06225258186053	2.50860514805667	0.0134775663189029	0.0302348445937366	-3.7403793924687
55210	-0.429844053515646	7.96064059986179	-4.85129364097849	3.78348799582087e-06	2.63060697352528e-05	3.88232861597757
55214	-0.586384773663442	9.68661784974723	-6.51293233128114	1.88274412024521e-09	3.71156716783423e-08	11.2177742636119
55215	-0.268486813868768	8.35053545640215	-2.4523664226867	0.0156546858326959	0.034426971506408	-3.87235710528299
55219	-0.147819937247448	6.55568619720661	-2.08249064282082	0.0394572140990916	0.0747001119547322	-4.67219545331829
55223	0.0224933629172687	6.15622861959918	0.174256187385819	0.861962574925872	0.900553951485612	-6.77765260019517
55226	-0.455996805912024	9.33702716172449	-5.44917649164822	2.80810587732347e-07	2.78247016530307e-06	6.37860194556023
55227	-0.393367959310203	11.760079164018	-5.09856454844601	1.31785404975409e-06	1.06199750741159e-05	4.8925653044573
55228	0.506359967664816	6.10249399048126	2.67732765516389	0.00847782904674269	0.0202156085236994	-3.32841359454003
55229	0.191840412531156	6.62911229493545	2.4907300232301	0.0141382208647661	0.0314775483404226	-3.78261939064863
5523	-0.0829408347209983	8.67052458328561	-0.972162260235932	0.332957318945942	0.434132194868743	-6.32399610039001
55233	-0.0302262616200167	9.22097149550467	-0.407683747197431	0.684244165396101	0.762425037929555	-6.71005877549308
55234	-0.155445987405359	8.88806619625785	-2.62638800806979	0.00977341427156148	0.0228886878035435	-3.45530463922565
55236	0.158082742304635	10.1705346468484	2.01575808262399	0.0460957835498582	0.085236438800499	-4.80365962059959
55238	-0.0466363735569726	6.10587533629122	-0.54687117836993	0.585499357041783	0.676557589477373	-6.64402318447301
55239	-0.189525613672812	8.99755161986705	-3.22370328978872	0.0016364470118824	0.00495130121543906	-1.83515567883992
5524	-0.0673510878203684	10.0456175997422	-1.78615566780042	0.0766408268277011	0.131175555241776	-5.22527704178225
55240	0.757977791113394	7.89280866215669	6.85367106448742	3.48453047998432e-10	8.83127016581473e-09	12.8555865854883
55245	-0.169179233428205	9.30858346786741	-2.83998955787053	0.00531446905814426	0.0135486155618122	-2.90888478372523
55246	0.0908155423201301	8.55363607201743	1.26613743724003	0.207956375407601	0.297337659834999	-5.99984075224667
55248	-0.16844629015234	8.83369035478989	-1.93122905312248	0.0558517814310777	0.1004869777	-4.96444122073239
55249	0.00437233321137447	10.1606101357449	0.0984226717332345	0.921763575631405	0.946170339698675	-6.78794888666436
5525	0.100410149194292	7.78642567700352	1.39043201172305	0.167013198514607	0.248295359922724	-5.83785380938197
55250	-0.400417558583431	9.89837657130936	-6.34992185107919	4.16529217796467e-09	7.19776430752891e-08	10.4478147814119
55251	0.0985165212394209	9.12982858076486	1.35668270448461	0.177470441342138	0.261162630587219	-5.88329111360057
55252	-0.0329650163493339	8.6562091660283	-0.38540835638921	0.700628385877566	0.775658821518388	-6.71884507187481
55253	-0.378570304779932	7.92400000212717	-5.28023099074756	5.95753993206358e-07	5.3141770884282e-06	5.65498606900554
55254	-0.118461228363924	8.15425709940286	-1.78024963428556	0.0776073094673817	0.132527677527511	-5.23548838771312
55255	-0.0121252858270863	7.66177567231442	-0.100118382071621	0.920420148394746	0.945302068711432	-6.78778123502021
55256	0.041863935025623	10.181318685565	0.267112723352978	0.789848382344123	0.846995092794148	-6.75725085095335
55257	0.225095599142841	9.51069738132714	3.95489110946202	0.00013102639805697	0.000554445721286155	0.516420801465753
5526	0.258386804951771	5.52846502194799	2.80121436204199	0.00595085725200212	0.014895176030769	-3.01085787339548
55260	-0.176451527604097	6.46250478914117	-2.30689076387099	0.0228039381023401	0.0471845011836998	-4.2011725609909
55262	-0.0386680434853161	9.05773695943559	-0.356363554726352	0.722204350918934	0.794222864943468	-6.7295619577646
55266	0.325357148997694	7.4052448467966	4.40441029691311	2.34567530450632e-05	0.000125895243763627	2.14311135809162
55268	0.120664630174773	11.2716607738679	1.94055853405898	0.0546958127791631	0.0987509846112778	-4.94701230941006
55269	-0.220939897029034	8.6489083038885	-2.92369396110977	0.00414758076830223	0.0109209490424534	-2.68460701898694
55270	-0.397420323737433	9.10352071506328	-3.29369831068037	0.00130525433057791	0.00405773457680601	-1.62694860465059
55272	-0.0124498379932409	11.1161209008946	-0.199156607521821	0.84248281232182	0.886529182590631	-6.77302337798756
55274	-0.197866583007398	8.05565928979598	-3.39518761669988	0.000934727582557824	0.0030265973468944	-1.31849369004916
55276	-0.0267175630247013	9.51878381815935	-0.30800026193584	0.758624840555633	0.823963337671207	-6.74554838722944
55279	-0.146125531386243	6.46763469973367	-1.38210102240975	0.169549918537768	0.251342844063526	-5.8491704259774
5528	0.133827434911541	7.31491059229933	2.24673841057347	0.0265154127497145	0.0533928106564216	-4.33177551775549
55280	-0.042952618742672	10.1676155770767	-0.82659285228618	0.410135234628478	0.512746638115821	-6.45349418169588
55281	0.252934954480262	9.32071593090594	1.80983130778327	0.0728657316586377	0.125625327384752	-5.18402136921033
55282	0.418864260671897	5.10863261635203	5.5469461881498	1.80650278118593e-07	1.91304012469176e-06	6.80352606974346
55284	-0.0218496499480927	7.67081446713983	-0.349713219933444	0.727176957045698	0.798628063448672	-6.73189796425233
55285	-0.156211994656804	7.09624322661987	-2.09794050920189	0.0380431003870511	0.0724546943041369	-4.64119205862084
55286	0.00171001082644077	10.2339852245396	0.0202026347158448	0.983915828535719	0.990186032295532	-6.79256970710702
55287	0.457923975681509	7.4880948259099	3.18596601233623	0.00184600371179287	0.00547504152941082	-1.94585757413815
55288	0.0974783124567445	10.0854425392911	2.20381046587337	0.0294776657138185	0.058487993945746	-4.42304525637769
5529	-0.00271569516245926	10.059239804464	-0.046031742930893	0.963362718179827	0.976724690335752	-6.79171772457533
55290	0.0658094846630311	7.77419504593503	0.859680851375027	0.391707189434409	0.493894273351888	-6.42587563736937
55291	0.0641219904876976	8.48947329954025	0.998364489811697	0.320144403242752	0.421417174627113	-6.29849480396981
55293	0.142611298569749	7.83145940803775	1.4407758134601	0.152294785964478	0.230259298743867	-5.76806951352198
55294	-0.393733160947672	8.81725401329478	-5.44080732118985	2.91559506406137e-07	2.87688097884146e-06	6.34243492898839
55296	0.258691985778978	6.79313513330387	3.68436680812815	0.000347457512444867	0.00128469071297878	-0.398084528384822
55298	0.0978074819954524	9.4503088930776	1.92607134093881	0.0564996471046304	0.101475774099641	-4.97404280628613
5530	-0.185996626088855	8.28375084267167	-1.19009256808857	0.236397532956389	0.329171210758559	-6.0916729464455
55300	-0.193385562190079	9.58852882877957	-3.97112446527802	0.000123396788501565	0.000527293053814239	0.572882665598488
55301	-0.538737551887846	10.3456229037703	-3.27280969533395	0.00139687651184923	0.0043117339267095	-1.68947340998766
55304	0.177198749008396	10.8448887474317	0.953482445270396	0.34229371359892	0.443644449133388	-6.34176875187989
55308	-0.0474853526454004	8.91777666701657	-0.84649625729871	0.398988440461779	0.501319228314553	-6.43700913060536
5531	0.0860369889790623	10.421017324358	1.90397158941957	0.0593477807079708	0.105649282036172	-5.01491069895344
553115	0.099718167429628	8.97973545983924	1.62730935103216	0.106337311005317	0.171351187847038	-5.48871352148547
55312	-0.367491069414378	8.00644036457244	-1.48517266045728	0.140163251868566	0.214596563565218	-5.70454225171364
55313	0.220830226992257	6.79761642820609	1.40092696271391	0.163858810525479	0.244662649121557	-5.8235040900535
55314	-0.220076945028899	8.78627893755305	-2.73754715365422	0.00714805642613688	0.0174569089626211	-3.17563124512314
55315	0.250144162310429	8.3598955391855	3.43379266323277	0.000821714174357527	0.00271603004409491	-1.1991457709857
55316	-0.149505534662392	7.38615656696673	-2.63049479825311	0.00966269528460025	0.0226872834140984	-3.44515471538402
55317	0.117250423764073	7.67927983412639	1.33714626379856	0.183745422959345	0.268104079428403	-5.90909902315378
55319	0.0615054503579453	7.54054423479807	0.315468941477501	0.752962560149408	0.819213744314293	-6.74323131495247
5532	0.198226498972195	9.30403361594669	3.03786429317356	0.00293347995134034	0.00815259507185455	-2.36966466705644
55320	-0.11692701183689	9.14997428464262	-1.70649501783785	0.0905449088287617	0.150664977221106	-5.36030454014714
55321	-0.361415156315425	10.3191792554128	-2.37333831051033	0.019242581694163	0.0409437724868074	-4.05324595191749
55322	-0.201366624386724	6.77659659275014	-2.51914797880276	0.0131009902992064	0.0295365749332027	-3.71533895697581
55323	0.566915402224384	6.61416890413542	5.03300108174861	1.74825961959564e-06	1.34795600956588e-05	4.62154679759088
55324	-0.183358915012198	6.0364838367322	-2.03641367084933	0.04394591897224	0.0819213023495154	-4.76339366222903
55325	-0.0938972498592911	9.87126499814843	-1.29733208724021	0.197046203302713	0.28409873263753	-5.96056956577104
55326	-0.168546830150609	8.57276644036508	-0.994334978832185	0.322093309783005	0.423712492245201	-6.30245991449418
55327	0.274487095782254	7.73502957848929	1.52630075971944	0.129609438753645	0.201046753822556	-5.64403671897383
5533	-0.0956268894436785	7.16395834233799	-1.00631557571393	0.316321746876655	0.416983343313305	-6.29062455612339
55330	-0.259744723533142	9.65997072903882	-3.79305266860767	0.000236145824073499	0.000922252721913522	-0.0367315763100899
55332	0.346686758308755	8.65327074507529	5.22096721452515	7.73210312737743e-07	6.63899915094985e-06	5.40444458820371
55333	0.106127113530136	8.90300599014476	0.964489570952069	0.336771886907095	0.43779285266802	-6.33133724284297
55334	-0.382603793333332	7.22412311318858	-5.23898136980277	7.14422620612636e-07	6.21826221945245e-06	5.48041624200661
55335	0.611880981098933	6.05201095983057	5.53335077561335	1.92126412224438e-07	2.01647289069105e-06	6.74417384497052
55337	0.631099612933766	6.22179555225914	5.47734687684913	2.47401623746034e-07	2.51048822130496e-06	6.50058032876019
55339	-0.183630506993808	11.0187257582864	-3.25337185351759	0.00148749773033949	0.00455739289785021	-1.74735848171163
5534	0.123855823178722	8.35510848018865	1.41330425376935	0.160197329520857	0.240063487271821	-5.80644659661134
55341	-0.14883770826865	7.9599819547978	-2.15809332773367	0.0329454287282312	0.0641965655331894	-4.51846250704503
55342	-0.128632639944412	7.05560763574509	-1.71322121224563	0.0892964970915385	0.149128399914296	-5.34912957621937
55343	0.155968374934792	9.10347697895494	2.3574917183823	0.0200439878418873	0.0423111013478122	-4.08887081860096
55346	-0.535606772025648	6.60787820300436	-3.96555333656207	0.000125966099866483	0.000534951149047376	0.553485649745181
55347	-0.0868891324599134	7.67302748523446	-1.48721605434577	0.13962355492687	0.213928874734919	-5.70157366091444
55352	-0.0203077818880002	9.31195997640435	-0.328757961871179	0.742921047242982	0.811817416354946	-6.73897152695374
55353	-0.710037248116499	10.1314036095162	-4.87761853892374	3.38664661025879e-06	2.38683455637693e-05	3.98831921412864
55355	-0.579411580562662	6.99648865968939	-3.92646719377985	0.000145481588121487	0.000607214713432785	0.4179839084867
55357	-0.20490899388363	8.19882646973365	-2.90157806704269	0.00443054586327538	0.0115591626123356	-2.74441274914102
55359	0.106661555797776	5.65208422548935	0.792655805702977	0.429568278454719	0.531729953549524	-6.4807083351495
55361	0.167694847274573	7.47270380308428	3.01186180622497	0.0031768629804272	0.0087324087249014	-2.44230227939611
55362	0.580167378039575	6.0627801259821	3.85738879276893	0.000187216754467681	0.000756931175674519	0.181027967729037
55363	0.298420941368419	6.69563884778813	1.09859778059999	0.27417880791991	0.370718113180301	-6.19479901820048
55364	-0.024876085210198	5.66054516959508	-0.304342074055031	0.761403059353846	0.825569607543025	-6.74666307663355
55365	2.05442326691844	6.19406435941959	10.8612291533813	1.78698378872199e-19	2.10864087069195e-16	33.718016635523
55366	0.0114914668559413	7.93535827500342	0.117046705399566	0.907021916314287	0.93439773369369	-6.78595059771618
55367	-0.518447697524457	6.57251285113075	-5.0409453048253	1.68959587964223e-06	1.31042835360045e-05	4.65426636438471
5537	-0.0928376718656243	11.0455779232958	-2.34069771803737	0.0209253714337551	0.0439246678634859	-4.12638871412826
55374	-0.0873142482759284	6.63843769797839	-1.2598223718105	0.210218039566198	0.299948351497115	-6.00767768685339
55379	-0.118334458268886	7.70208420467632	-1.08059714098918	0.282078722823304	0.379350415258953	-6.21413771129411
5538	0.193981373207404	11.9224807878104	3.20684387994088	0.00172716829262206	0.0051934510728279	-1.88474752392233
55422	-0.0565994617324649	9.61728417790706	-0.612488194004349	0.541392679295722	0.637052572010658	-6.60624652440882
55425	0.0858696987693875	6.92292965481526	0.94818284437667	0.344973103476858	0.44571841619253	-6.34674917019461
55435	0.507670659725761	6.8702556258113	2.77133800744203	0.00648781432586509	0.0160324986088657	-3.08859249941331
5546	0.0229956855699825	8.2533663190616	0.475211055635679	0.635514499171393	0.71935911205414	-6.68041717740169
5547	0.356176154147573	11.7021675890401	6.17406987813724	9.71061592291117e-09	1.5077008932941e-07	9.62784447842799
55471	0.0737341097422804	9.17990168066158	0.537374190980877	0.592020529726676	0.681851308794627	-6.6491383868179
55486	0.0155167463633182	10.1190887280276	0.257494600525622	0.79724522948491	0.852458976769625	-6.75976222251927
5549	0.523723428526675	5.12495178401954	4.97131526805127	2.27636009861436e-06	1.69394003734726e-05	4.36861563996966
5550	-0.132929658022593	9.13797800539163	-1.99090898257022	0.0488003814011307	0.0893177820459427	-4.85159283607042
55500	-0.336151078698485	8.07126611628128	-4.48420848380982	1.70716474009591e-05	9.63853776704867e-05	2.44509952251297
55501	-0.43296661476999	8.30916262077741	-5.10353726941632	1.2897952322479e-06	1.04243724250173e-05	4.91321189722869
55503	0.279603920926104	11.2345122190442	1.87125347279545	0.063785222506816	0.11222265362186	-5.07460028539947
55505	-0.0317521331851398	12.3993780018257	-0.700396280978415	0.48505777090738	0.584304679553005	-6.54898156104405
55508	-0.154628076494339	9.41943832054335	-2.23259237388193	0.0274614421174024	0.0548963000701219	-4.36203021045914
55509	0.372199797476435	5.65901761113603	3.05107524003434	0.00281653797656078	0.00788936892891856	-2.33255598664572
55510	0.431150842710983	6.57354656329796	3.4211576473807	0.000857207172437709	0.00280750644105292	-1.23832849766251
5552	2.11680359093236	9.39191139388736	7.61924340116307	7.01384610544656e-12	3.44847433517789e-10	16.6554177068156
55520	0.0582793568536128	6.18516263421231	0.829928916818089	0.408253920144214	0.51093596672594	-6.4507581139536
55526	-0.384256471523637	7.39799481619935	-3.84128339734271	0.000198469843990218	0.000794264007441474	0.126249219791259
55529	0.374543406811728	7.36340442202155	5.28237632839298	5.90139444263504e-07	5.27548897144648e-06	5.66408818447586
5553	0.838076059061693	12.6724312310327	2.85306442771921	0.00511433103078521	0.0131112272856256	-2.87422460146258
55544	-0.0201289233500381	7.24604464115439	-0.177007557217774	0.85980574839394	0.898872988448797	-6.77717141754022
55556	-0.343055734289954	10.4921423927884	-4.32779509269023	3.17154309615939e-05	0.000163006364483865	1.85681901389308
55559	0.0224478644189254	8.71885592277695	0.226632648679262	0.821101318788368	0.871312550512837	-6.76719937037004
5557	-0.405942338874698	8.78257081438226	-3.6117105885147	0.000447876976291318	0.00160706508434678	-0.635010398332521
55571	-0.0667447746522137	11.3233594501736	-1.22497538023985	0.223022784962644	0.314631631732099	-6.0502362275819
55572	-0.521169457310729	8.86996396568151	-5.45807471903717	2.69807250304705e-07	2.68830867010478e-06	6.41709133575313
55573	0.257239428358772	10.4789777241514	3.36304183755144	0.00103979656289808	0.00332380789842806	-1.41702819596161
55577	-0.122351337457467	11.181246559909	-1.93359204468702	0.0555570632849728	0.100065709274722	-4.96003423600939
55578	-0.173172738985299	7.17995475588676	-2.51912109849392	0.0131019383238807	0.0295365749332027	-3.71540292056344
55585	0.127774350263608	7.57667510822346	1.80449316047274	0.0737031665257391	0.126778041545732	-5.19336815222022
55588	0.121935984597538	8.96625104831332	1.9197138544998	0.057306923447026	0.102591067982756	-4.98584473363573
55589	0.525319528000438	7.49401156615238	5.11242043848541	1.24111283796611e-06	1.00505804329413e-05	4.95012625369309
55591	0.102849781176334	10.1538760303133	1.28541027922357	0.201164607481861	0.289430353213756	-5.97568771523755
55593	0.0778668008703496	6.71012641965358	0.956106077621295	0.340972250124152	0.442417654103911	-6.33929302079454
55596	-0.206552689863177	8.17606559592782	-2.69784672885497	0.00800144952765357	0.0191960421430202	-3.27669145937379
55599	0.0195443500841184	8.68614329928227	0.174121980271522	0.862067808038346	0.900553951485612	-6.77767587875032
55601	0.158159912790469	8.1365290982989	1.25463401862934	0.212089634395283	0.301998611843589	-6.01408784661317
55602	0.0845075139133213	8.45812565647246	1.37043749783853	0.173150383307243	0.255807935274159	-5.86490328590511
55603	-0.0494062341086773	13.1848099746263	-0.741777325460686	0.459695286968605	0.560620562580936	-6.51939272332723
55604	-0.16294822612205	8.30504609884635	-1.99433353140905	0.048419814651791	0.08885159149508	-4.84501995867739
55605	-0.122181266509286	10.0591351710311	-1.62674808408896	0.106456678897885	0.171476631766094	-5.48960290105086
55608	0.282266434469465	9.5301134011081	2.80954308036045	0.0058085717875651	0.0145965326940334	-2.98905771108797
55611	-0.263938439837568	8.66906421842357	-3.05519539045972	0.00278095828502995	0.00781051187839081	-2.32095468885227
55612	-0.369203716673298	7.77562093840648	-4.25052073858559	4.28452366335037e-05	0.000209781656545786	1.57174829697438
55614	-0.128974682663797	7.99688941545686	-1.45416580013435	0.148553564139635	0.225478213853984	-5.74910559913033
55615	0.14199222123969	9.37439739332868	1.80694544785452	0.0733174734450883	0.12629871337986	-5.18907758229093
55616	-0.279010729220256	9.86402407168496	-2.01056174180388	0.046650538571093	0.0860695663607837	-4.81372909672881
55617	0.330868143942065	5.88039186396632	3.67859003940699	0.000354587205817072	0.00130812430551542	-0.417059044340956
5562	0.237307493423123	9.50316897885391	4.27536209651299	3.89111296992161e-05	0.0001930365953847	1.66298250437665
55620	0.0905848015472176	5.30969877562531	1.25266141203967	0.212804402754161	0.302697497287648	-6.01651822707438
55621	0.0864486232799397	8.28454171223692	1.22717558412942	0.22219794870785	0.3136822861608	-6.0475835175908
55622	-0.0752808699355571	9.31136837399255	-1.05249338624143	0.294722539448767	0.393535107637701	-6.24370419095176
55623	0.0489170463876402	10.4379400741123	0.945809128225137	0.346177595716296	0.446994988372144	-6.34897105954742
55624	0.158267815285155	10.125908876806	2.05852216882047	0.0417404021216583	0.0784115809699563	-4.71987200250474
55625	-0.0184114474274877	10.2699088557493	-0.34068896446875	0.733943213555715	0.804403053820979	-6.73499761290669
55626	0.0492579369065225	5.61339073364577	0.737407712387081	0.462337421851288	0.563011514741507	-6.52259659972243
55629	0.177183281664024	10.9423899342259	3.47543814266657	0.000714259665438697	0.00240023793186478	-1.06916531556268
55630	0.215156929239306	6.07662892029692	2.06448314162625	0.0411622388967728	0.0775194011143054	-4.70806273084638
55631	-0.0902756301327322	7.27336430397001	-1.08089986116428	0.281944588844395	0.37923177069772	-6.21381507722739
55632	-0.056168690113754	6.22260589496785	-0.688562955540529	0.492449117154849	0.59053857544992	-6.55713322633306
55633	-0.152702911462954	6.19813346589634	-1.91670041937495	0.0576929515438731	0.103259757259456	-4.99142602705148
55634	0.121876265891894	6.40668467580054	1.63087718621455	0.105581029610776	0.170365169874001	-5.48305310097252
55638	0.880997162201659	5.70331165339516	5.86689336924413	4.14554968707365e-08	5.26803698695821e-07	8.22396801741235
5564	0.0153170007405051	7.73199391575793	0.186335961480999	0.852501092807362	0.89371203780409	-6.77548391539044
55640	-0.28961799547686	11.0144820150454	-4.34605985993787	2.95238812692012e-05	0.000153375634769561	1.92474205840062
55643	0.254966047207336	10.1930102627301	3.00418701754769	0.00325218384678963	0.00891275334256217	-2.46363964313587
55644	-0.162050800815671	8.82091900211699	-2.14408279479836	0.034076656015646	0.0661667086716587	-4.54733470095747
55646	-0.332939491825477	9.87908717794888	-3.7677825433709	0.000258506945878515	0.000997322453506088	-0.121483105649682
55647	-0.0229145560791413	5.8507058513212	-0.138334902373416	0.890211405531423	0.922255889839402	-6.78324346288235
5565	-0.21623956015148	8.67971128887081	-2.45142362013405	0.0156937125687331	0.0344852529443297	-3.8745466475428
55650	-0.00523269658422753	8.03224596322718	-0.0541049590189907	0.956942986044996	0.971886027877987	-6.79131512529992
55651	-0.428284464760796	10.7868815687799	-5.08375728654137	1.4049713769261e-06	1.12017988160324e-05	4.8311615954513
55652	0.202159355668649	6.71024741981524	2.94240064853926	0.00392130238979588	0.0104315483863813	-2.63371455750133
55653	-0.155794280583832	8.24131856189265	-1.84749341136722	0.0671788985676808	0.117289727788849	-5.11733637890309
55654	0.0906822242138225	6.58748119262443	1.15507974628333	0.250390145702049	0.344876205352497	-6.13208886857092
55655	-1.17856602574224	10.1792955847115	-6.94207842687399	2.23675756280783e-10	6.13807889328661e-09	13.2863730824741
55656	-0.0923206785622725	8.77800056559493	-1.36965634393765	0.173393573733106	0.256075615776052	-5.86595236750865
55657	-0.429092965865301	6.67110629840791	-5.46374401589707	2.6301784446527e-07	2.63219017524484e-06	6.44163329806596
55658	-0.158357900009694	8.71519846902489	-2.5199834774798	0.0130715542370824	0.0294841720366741	-3.71335052392096
55659	0.190940264840594	6.30013393201431	2.69831029155523	0.00799097334214379	0.0191876278506127	-3.27551893693049
55661	-0.305238029502312	7.79189526164709	-3.94563110827224	0.000135578058510863	0.000570572340447394	0.484292252540474
55662	-0.18313961667986	7.81085380857054	-2.70865915554893	0.00776031150343162	0.018709916234193	-3.24929655612092
55665	-0.0969946672881336	9.00315888804963	-0.933802016594875	0.35231185670881	0.453427225991707	-6.36012612411472
55666	-0.0440627245220386	7.86568648394178	-0.543021160245965	0.588138926602933	0.678468553366033	-6.64610760059169
55667	0.0833681156315258	9.38367863188209	1.3283617693892	0.186620597699645	0.271723274634068	-5.92058515017874
55669	-0.108229626902091	7.10023233599642	-1.66448935219389	0.0986664405667529	0.161511058081922	-5.4291460770522
5567	0.121978477801797	5.79667218267053	1.42468530349159	0.156886143015641	0.236129654028644	-5.79063411589824
55670	-0.204182315560972	5.81315448507935	-2.3234242496199	0.021867431040658	0.0455089393791472	-4.16472297893697
55676	-0.51635532031413	6.71445027868137	-5.67720351738581	9.9727757400298e-08	1.14170656047658e-06	7.37641199824433
55677	-0.137988833666985	9.97649076967509	-1.87215542551227	0.0636592732714494	0.112044661671036	-5.07296785115564
55679	0.362460712927971	5.29582173797899	3.22494434610271	0.0016299474439213	0.00493706119794278	-1.83149652550638
55680	-0.0729637513818923	6.09312502558353	-1.2212416971508	0.224427582303694	0.316098478739842	-6.05472718361609
55681	-0.110810555481352	10.5959505487418	-2.68719500395922	0.00824562760557218	0.0197188430868634	-3.3035846417102
55684	-0.285460997203691	7.28198829638506	-4.38985513048435	2.48466688310848e-05	0.000132323329816093	2.08844519129531
55686	-0.169361115881983	6.61802234134001	-2.34310225524728	0.0207971138885222	0.0436723712319251	-4.12103193164723
55689	-0.175601868233314	8.19894169865715	-2.06781232036927	0.040842337176445	0.0769520312676633	-4.70145348908815
5569	-0.904917488975137	8.37057516427266	-6.70778410692655	7.20611880058991e-10	1.67198149699081e-08	12.1498553117269
55691	0.124746795846457	8.20418452653454	1.39455290463842	0.165769145735855	0.246801215533194	-5.8322317669323
55692	-0.107531697514152	8.10618058478841	-2.12039434103965	0.0360658333026878	0.0694738300093753	-4.59575513527237
55695	-0.324644101890695	7.79164754746572	-4.82185018326453	4.28086052393646e-06	2.91333857078133e-05	3.7642327640902
55696	-0.00299949723539559	11.8816196307124	-0.0435753835163002	0.965316484853226	0.978105270471988	-6.79182733945383
55697	-0.0208063774135729	6.9221902916527	-0.218367748048787	0.827519588807167	0.876322026095795	-6.7690302347821
55699	0.035600746852469	11.2716072233986	0.686820904456177	0.493542381252629	0.591591941539213	-6.55832164581561
5570	0.0923334281067149	11.364781058733	0.888622006057029	0.376013115354238	0.478008792151404	-6.40084119881432
55700	0.209881023306416	11.3947049166022	3.71588719873486	0.000310886864027391	0.00117228676131619	-0.294137809892441
55701	0.159022589729202	5.95133372705766	1.03341213981694	0.303523212779996	0.403071018900766	-6.2633428288528
55702	-0.118206337888834	8.5034387577838	-1.57313900449112	0.11836262938753	0.186579259301718	-5.57319812376719
55703	-0.195764134295268	9.57840741345741	-4.43374769417966	2.08793913847305e-05	0.000113647574350175	2.25368838566426
55704	0.257986293146058	5.74512110995054	2.93252096054124	0.00403935361289019	0.0106985787554213	-2.66062761324915
55706	-0.563372290250463	7.35904518067721	-4.14160354778787	6.50769161917834e-05	0.000301759436777774	1.17634837520025
55707	0.29193294822118	8.91246822784383	3.8797315442887	0.000172607278133852	0.000706159543033985	0.257314761871279
55709	0.0118793330579347	7.51991162109587	0.207476150317047	0.835995453089344	0.882469321727538	-6.77133919073176
5571	0.012064844293842	7.77388577055013	0.111577937720875	0.911347532743485	0.938034968281768	-6.78657319375595
55711	-0.247045692984118	10.6395545337687	-3.07658665687569	0.00260282387815912	0.00738537242757958	-2.26050824407504
55715	0.120481716942542	5.6145852302838	1.09245654856187	0.27685661874224	0.373730989856945	-6.20143193038483
55716	-0.0935208838448482	5.48590006083464	-1.15877206724833	0.248887486269672	0.34309256284838	-6.12788236726866
55717	0.0676274675245451	7.8158792208793	0.306453608230953	0.759799067393772	0.824453461787369	-6.74602129184245
55718	-0.221909911832924	9.13576183100871	-3.04559883904479	0.00286448137065142	0.00799814275153664	-2.34795549344672
55719	0.365835929679158	9.08301033241255	4.44894883231025	1.96535887356782e-05	0.000108225761971135	2.31118888651578
55720	-0.208432922300991	7.23193291261284	-3.01152196989183	0.00318016379420368	0.00873857383237604	-2.44324807425772
55722	-0.314552752354864	6.1897230739566	-3.0027159226839	0.00326680812003436	0.00894392942375996	-2.46772424281223
55723	-0.189175844420635	8.38547625455959	-1.80433116289586	0.0737287043796413	0.126795564891909	-5.19365139233102
55726	-0.251591778590145	7.79260876766342	-3.33630848361648	0.00113550173375348	0.00358396802476261	-1.49838459541964
55727	-0.192663530543001	8.20421881052729	-3.33282965687752	0.00114854553005487	0.00361960552394248	-1.50893216786304
55728	0.174684258300456	10.9102021863908	1.10418840586187	0.271756712624675	0.368226779245376	-6.18872912823021
55729	-0.00380225478878542	5.23002769339024	-0.0579814910151411	0.953861389479076	0.969948919992265	-6.79109874022527
5573	0.493567910980147	11.4627319832312	6.53329111975077	1.70394466075975e-09	3.40788932151949e-08	11.3145767432425
55731	-0.0846834040360112	7.82264931162923	-1.46479751068734	0.145633961740841	0.221739451424764	-5.73392768417109
55732	-0.359431378512062	7.57935902747882	-3.11226546169183	0.00232904326649631	0.00673360076347901	-2.15889253556472
55737	0.0344327874318137	11.1722334435749	0.893786012938351	0.37325469270062	0.474978240903885	-6.39628829323274
55738	-0.250467057961855	8.70294428252802	-3.59779290617858	0.000470009608093757	0.00167846059786184	-0.679965556819962
55739	-0.0145568298893159	9.32416323046558	-0.203674110576115	0.838958809683708	0.884357686230472	-6.77211741073538
55740	0.132078848437155	7.33107771578562	1.38153522714888	0.169723254048463	0.25150952250454	-5.84993660220512
55742	0.0959488803105703	9.09929403689276	1.31068263672727	0.192508817334843	0.279262878676818	-5.94347869678242
55743	0.138752966699018	10.2165271527476	3.54755644303418	0.000558798370792012	0.00194017425083734	-0.841075405860843
55744	-0.093761343219595	9.73618072757363	-1.22422627667529	0.223304122767098	0.314920958520784	-6.05113833726364
55745	-0.0127011562490188	8.90237415580639	-0.282716716448841	0.777889052523249	0.839148958318145	-6.75298088226227
55746	-0.044759685648536	10.0767354691049	-1.01989276504248	0.309864631930948	0.410041951257551	-6.27704359050861
55748	-0.0847111329755389	12.5526967017567	-1.6386045323311	0.103957863680185	0.168173120642054	-5.47075296078923
55749	-0.0865602234795135	8.04593815787451	-0.472730385086547	0.637278266541354	0.721084723511175	-6.68158602359426
55750	-0.0863511681342481	8.42253147197511	-1.45326534441417	0.148802905408009	0.22581517521039	-5.75038619971019
55751	0.0695986729276571	9.568496781902	1.15709740455589	0.249568228557733	0.343801462289339	-6.12979186379593
55752	0.0537897608927537	10.7490016197564	0.613772781362605	0.540546248351129	0.636389967414528	-6.60546455205385
55754	0.115293677150052	8.73647689606198	1.65981544264903	0.099605442711973	0.162661320047627	-5.43670487799042
55755	0.0288141219174228	8.52887494190748	0.301375535494521	0.763658295028553	0.827363262976895	-6.74755724908944
55756	0.0383183708602077	9.3223579884362	0.759875728047903	0.448843519794525	0.550393033477253	-6.50592302809274
55757	-0.190107862305622	8.38456964737902	-2.86585038900703	0.00492531006013289	0.012701548890633	-2.84019648199585
55758	0.343224197438815	9.41110594474247	5.36801050235083	4.03693085556125e-07	3.80651242773241e-06	6.02924547149403
55759	-0.443358943155047	9.59091880619415	-4.69642341121206	7.20798268633979e-06	4.5728062203661e-05	3.26656633294548
5576	-0.266061855177591	6.17980082321474	-3.04957906287103	0.0028295621171517	0.00791772685040136	-2.33676554095401
55760	-0.387980797402007	10.7389756869828	-5.63388967412845	1.21608182790155e-07	1.361088875131e-06	7.18507027552354
55761	-0.0412508925538783	7.6011534609718	-0.505565575435258	0.614104199874283	0.700524884817232	-6.66562130584066
55762	-0.0267297064704465	7.20822371679946	-0.385879053092451	0.700280678243335	0.775585733747647	-6.71866450151469
55763	0.174341627511933	8.96197136652972	3.61469188838794	0.00044326582062237	0.00159190246884382	-0.625362551786718
55764	0.231654588170168	6.78340782726402	2.98274559735079	0.00347142937084742	0.00942294006020366	-2.52300364291266
55768	-0.103098518450616	9.22563103935671	-1.66903626678643	0.097759833352147	0.160249300156526	-5.42177320822316
55769	0.202625645811431	10.2780507370265	1.58697000170069	0.115194056276104	0.182630116092249	-5.55188745757852
55770	0.43645109039858	8.30473269196973	6.57593325874181	1.38197613536942e-09	2.90461141937695e-08	11.5177815749869
55771	-0.552458327126186	6.22158317298325	-3.89753453102747	0.000161750282895007	0.000666175506315078	0.318344039561183
55773	-0.30034285486079	8.60986270345223	-3.33436541986689	0.00114277001837287	0.00360277876021369	-1.50427695607307
55775	0.0173310138288573	11.3140975271296	0.151655755950896	0.879717289103354	0.914250730749082	-6.78132001625021
55776	-0.0656501642366977	7.33244183917092	-0.832614874779638	0.406743011219775	0.509585510795592	-6.44854731595325
55778	-0.0800487453390255	8.86318915565595	-1.68375500977177	0.0948712145527924	0.15666458060897	-5.39777516676062
5578	0.672326601562862	8.89159479987889	5.2556024424031	6.64063639122962e-07	5.84772458332161e-06	5.5506559467504
55783	0.0910409388641494	8.39423736393308	1.46067324497847	0.14676121130084	0.22329114115766	-5.73982817356293
55784	0.235427774611492	5.25521121104126	2.04526097162532	0.0430516411624338	0.0804903929383664	-4.74602980638449
55785	-0.49844748377778	6.47278406145165	-3.97265912093633	0.000122697867338216	0.00052566617438468	0.578229522000925
55786	-0.113967542636491	8.02483822974022	-1.77728130413212	0.0780968401249726	0.133198409959173	-5.2406084427656
55787	-0.190535075405317	6.62669288467832	-2.41922936377808	0.0170794618162438	0.0370084875661526	-3.94885756590162
55788	0.0368518166821703	11.9969576462509	0.576177231845601	0.565592129992468	0.658555257081729	-6.62767667793166
55789	0.0486110661802391	11.2858666640046	0.380196704236914	0.704482509026902	0.77929898547773	-6.72082969193832
55790	0.563278986008015	9.07331971275739	5.55568327754577	1.73632239155031e-07	1.85058360699427e-06	6.84171336268343
55793	-0.083617141908551	9.88708502782295	-0.58451850032224	0.559986798330045	0.652764740926641	-6.62286894279913
55794	0.0855275199361092	8.75909431576802	1.32594193909174	0.187418493841107	0.272836933226567	-5.92373628594998
55795	-0.0719271893492287	10.8332420444048	-1.47961636853925	0.141638987132361	0.216294700261287	-5.71259441760205
55796	0.241756531469579	11.7888696488306	2.13314299417479	0.0349831798401945	0.0676882327196079	-4.56975805047686
55799	-0.268790872004846	6.91423593410185	-2.6236584749461	0.00984763450140788	0.0230494363790391	-3.46204288300624
558	0.511524014788819	8.47648626614716	3.9251085049731	0.00014620931865564	0.000609328442026026	0.413292139921398
5580	0.0464762507058621	8.92032578312303	0.681303567230439	0.497013580043944	0.594975676980142	-6.56206584148278
55802	-0.31401604651712	8.24437709992119	-5.19988146887974	8.48029817903391e-07	7.18433466244309e-06	5.31572503441664
55803	-0.284903134265212	9.90028601779906	-2.42270596984908	0.0169247511514015	0.0367697118649596	-3.94087560087462
5581	-0.15450043092884	7.14154464576445	-1.59052897617934	0.11438974851968	0.181668779614027	-5.54637492167316
55810	0.170864671175705	9.84193235084132	2.60275738792312	0.0104330356274061	0.0242478543281864	-3.51343371555177
55813	-0.2164720752763	10.6716649589443	-3.86819432116878	0.000180010076237236	0.000731373944771062	0.217879754282591
55814	-0.0968703077281038	5.66857925980106	-1.13623675246283	0.258158544665103	0.353688767446301	-6.15335146372265
55818	-0.279467885033246	9.13669181760933	-2.85328200060738	0.00511105976652175	0.0131102604590616	-2.87364666629722
55819	0.999604458398026	8.70546475417422	6.56169191166017	1.48219396365157e-09	3.06840153878746e-08	11.4498493293759
55823	0.101513124967697	7.08090558448228	2.02909577180699	0.0446975628307809	0.0830226824785812	-4.77770291314758
55825	-0.431976249742977	6.31889916718925	-3.07536655173757	0.00261269316707973	0.00740337755062729	-2.26396560231114
55827	0.103901470707574	10.5916358167142	2.11630515183829	0.0364191728360255	0.0700115862133823	-4.60406326633236
55829	-0.0650196135900658	12.276787924453	-1.37178600540878	0.172731170933233	0.255329760715303	-5.86309089128459
5583	-0.15666658413288	10.3933314537895	-2.93861767593006	0.00396612466109638	0.0105372112256855	-2.64402889341641
55830	0.123529968004086	10.1359161770129	1.60852298594881	0.110391511247153	0.17638467076984	-5.51832285712619
55831	-0.380961025640975	10.3838787559615	-5.53108206226086	1.9410971735389e-07	2.03470338241514e-06	6.73427777982817
55832	-0.1146897123183	9.34079164749983	-2.5105219255741	0.0134083893561749	0.0301205591737842	-3.73583383323149
55833	-0.613078204913429	7.36205074750797	-6.93070177785505	2.36835806566983e-10	6.39301883086038e-09	13.230809456281
55835	-0.203944555795101	8.18010944758078	-2.80841097215119	0.0058277282562881	0.0146357663110185	-2.99202428831
55837	0.2876141684179	10.524249917198	3.07825956876493	0.00258934799169123	0.00735235971514938	-2.25576589344246
55839	-0.258804474291882	9.63478379393507	-2.12630808172955	0.0355600748198256	0.0686436592689319	-4.58371375060756
5584	0.0254791508434614	8.02972900861969	0.268151765546871	0.7890504371728	0.846765832278463	-6.75697404368063
55840	0.0519623911507779	6.74720467948906	0.599339748852918	0.550094713328489	0.64478250774703	-6.61415681993865
55841	0.344439825801248	8.22128062103723	3.59160791619442	0.000480173418042661	0.00170811043627579	-0.699898994608253
55844	0.0326105821126741	7.23853364984035	0.308853725977015	0.757977127711264	0.823476400749052	-6.74528641452876
55845	0.27666623648011	9.74550180980515	4.51223089501989	1.52562366351001e-05	8.7450738796618e-05	2.55205524653299
55846	0.367686575076791	9.05386047913584	6.099004221164	1.38900544978712e-08	2.07847554623942e-07	9.2813459270856
55847	0.0959858272677001	11.2848561683554	1.61658316403838	0.108637183718357	0.17417374563541	-5.50565941011501
55848	0.0767451699282614	10.7345339518753	1.52584462241826	0.129722961730604	0.201185066446637	-5.64471647719682
5585	0.488169024177043	6.7448846435339	5.67370944313312	1.01339346900257e-07	1.15297934627565e-06	7.36094594077043
55851	-0.187368581330791	7.58127467777073	-2.81721368556548	0.00568028421775122	0.0143527524131615	-2.96893016521714
55852	0.403220303835358	8.56518439456862	5.2088915757757	8.15232556856899e-07	6.93493400580637e-06	5.35360834589338
55854	-0.136140766967855	10.3259489347582	-3.2046435167313	0.0017393482107419	0.00522247045464488	-1.89120381554733
55856	-0.0534981439784954	9.46361547175507	-0.674322431225146	0.501424531791799	0.599213922540547	-6.56676046679887
55857	-0.120797244547319	6.54102005872421	-1.61416006662857	0.10916221584505	0.174778038937801	-5.5094727322876
55858	0.0738792649947174	8.62506046652573	1.39189836653991	0.166569710066368	0.247769819043436	-5.83585513860079
55859	-0.312078048027004	8.46850628809662	-3.53638256337669	0.000580591693712033	0.00200572454624065	-0.876662768318595
5586	-0.027200134167349	7.46255463294833	-0.255422174956556	0.79884147767482	0.854055216877299	-6.76029130516551
55860	0.0958202780843734	10.3361250046993	1.59211525130213	0.114032704616803	0.181214128332931	-5.5439141125945
55862	0.277619550258031	9.49622053954881	2.32521918071606	0.0217678287053884	0.0453587954355471	-4.1607516091505
55863	0.120250114569093	10.6482006959609	2.49640301289808	0.0139254810969668	0.0310625098193211	-3.76924316589325
55867	-0.232230761936725	12.3223727353294	-3.07462687878039	0.00261869315276747	0.007416289694807	-2.26606101367536
55869	-0.0541364431529213	5.62579860368398	-0.607188790855861	0.544891594419975	0.640081301620398	-6.60945524245992
55872	-0.204348673767731	8.25056094638497	-1.54402247602274	0.125259057996751	0.195325621871468	-5.61747588855014
55876	0.0655870374873927	7.67582394109918	0.523469274852007	0.601628870768481	0.690010340537025	-6.65646689513049
55884	0.139627754786041	9.77222720671782	1.30707563195555	0.193726974505092	0.28043897816545	-5.9481130020403
5589	-0.168545005096114	10.4647809052527	-3.90413736000393	0.000157891549100725	0.000651766214678656	0.34103339618524
55890	-0.966470631401113	9.3594232460152	-4.39928370174637	2.39375363201089e-05	0.00012806112367251	2.12384218889515
55892	0.00283157078478072	8.77347913211687	0.0705377725954952	0.943884976667328	0.962767338512242	-6.79029510997597
55893	-0.0278001490597628	9.7394909968635	-0.298566824167034	0.765795420214014	0.829202497018581	-6.74839578989399
55898	0.138042904347049	9.80921908451651	2.07627162398648	0.040039064418216	0.0756283265708814	-4.68461517618325
5590	-0.0393515942323574	12.6359692815983	-0.607026377716354	0.544999006573397	0.640081301620398	-6.6095531438702
55900	0.332203235924504	10.0535384832232	4.14392606594608	6.45042470825837e-05	0.000300002860868323	1.18470057185741
55902	0.286287207673666	10.6538940892987	4.46838823660721	1.81868350738772e-05	0.000101365221127008	2.38492430949168
55904	0.030618019372552	7.25153314069537	0.288746666252517	0.773281597326261	0.834949229233719	-6.75126597483817
55905	0.262436689678999	11.4489337314196	4.20182321308518	5.16942491091426e-05	0.000248108365857942	1.39402834398026
55907	-0.171424885222911	11.7268909006107	-2.75755687756352	0.00675007135149703	0.0166087546509876	-3.1242031872181
55909	0.0547501115424696	5.98063963460512	0.627998135962082	0.531218005023848	0.627823826226497	-6.5966962858596
5591	-0.199463190140073	9.59603980884196	-2.52903265074083	0.0127565111109281	0.0288998304378131	-3.69177621112672
55914	0.154799370579989	5.43415403136482	1.3076734797824	0.193524674081738	0.28024435622636	-5.94734574033671
55915	0.178630723465544	7.14586046744614	2.35713563963453	0.0200623297248344	0.0423389993681992	-4.08966883126525
55917	0.205569467250295	6.40229623839655	2.52136642050822	0.0130229609204656	0.0293825886924464	-3.71005790946852
55920	-0.16105872106901	11.1081066515237	-2.10016559577435	0.0378430792396276	0.0721236350990595	-4.63670944829858
55922	-0.259241779865386	8.36782806767945	-4.18343892395929	5.54710168482079e-05	0.000263782728362808	1.32732725774556
55924	1.3476944841768	6.81932618481551	8.59568069615001	4.04327276302073e-14	4.84020768442772e-12	21.6825048668431
55929	0.247167595203077	9.32588207832244	4.14339095484643	6.46357609537445e-05	0.000300445349171598	1.18277590699927
5594	-0.0505551140238279	8.1176658577016	-0.752814315626682	0.453059914782065	0.554517628412601	-6.51121672262814
5595	0.0513143225220926	10.1699352194174	0.781194339257896	0.436251818996708	0.53806779526845	-6.48964439311907
55954	0.0926443676920166	7.83280038561697	1.2199227694147	0.224925356231351	0.316612720257491	-6.05631042493015
55957	-0.301878776161579	7.56357612005809	-4.56346480097725	1.24074594372363e-05	7.32040106796944e-05	2.74880983805736
55958	0.294196465341298	10.2546556648004	4.76060764368817	5.52675202449385e-06	3.65207773778553e-05	3.52013228706672
55959	0.170428043932248	6.82742566284379	1.37091993833299	0.173000317980255	0.255631954654188	-5.86425508400425
5596	0.66505968052615	6.61346115387782	5.44907237141512	2.80941902888954e-07	2.78247016530307e-06	6.37815179214599
55967	0.117690897054253	11.1607740533663	1.71841427180556	0.0883422765931331	0.147684113470811	-5.34047318427858
55968	0.119675533774296	8.91354157457263	2.28035517587187	0.0243808402636249	0.0498180230585608	-4.25917574405248
5597	-0.402451161974813	10.2533486755638	-7.8456794530881	2.15348068046445e-12	1.35317747831671e-10	17.8058692179042
55971	-0.646681394588766	9.38329095039807	-5.4445066811806	2.86759522066442e-07	2.83329384242681e-06	6.35841749560884
55972	-0.275784398053473	7.24769975016127	-3.97037746500477	0.000123738365072144	0.000528386273883059	0.570280629048363
55974	-0.0833319438299377	8.76849989885663	-1.10864131580645	0.269838169387128	0.366408561423257	-6.18387289942023
55975	0.328641586695573	8.05734784905654	2.52708845125481	0.01282361780497	0.0290041300846254	-3.69641726076228
5598	0.245866286325358	7.09769964444233	3.31647521945871	0.00121176729137738	0.00379855705001032	-1.55839588143858
5600	0.0929751794915508	5.52685090669282	1.61400926288791	0.1091949587665	0.174796581281257	-5.50970987716884
56006	0.227734377116298	6.82448973687573	1.8289823930983	0.0699260053916926	0.12126575782813	-5.15027426952376
5601	-0.334494964129139	10.0027674674943	-4.68559972082519	7.53651483297024e-06	4.75929759329772e-05	3.22403666079098
5603	-0.242168095885045	9.45430470690053	-2.85766463541639	0.00504557224130879	0.0129631187288369	-2.86199699145075
5604	-0.261968620097757	9.75099842830154	-4.52254747549208	1.46360254033567e-05	8.4363970573431e-05	2.59154927061177
5605	-0.0736491287493441	8.66159208807638	-1.0593632255923	0.291596846027668	0.389865643928219	-6.23654735935634
56052	-0.200543490635587	5.90442737071042	-1.79032590034468	0.0759643996254697	0.130231924392341	-5.21804755609067
5606	0.101549077267875	8.76089290601161	1.17246020949926	0.243372596573133	0.336952337863573	-6.11217361757475
56061	-0.865415744315842	8.24520672411736	-6.93387489095818	2.33090148500626e-10	6.33255189592922e-09	13.2463031936508
56063	0.022628018702998	6.2917683127144	0.378228145042381	0.705940307039096	0.780389043916346	-6.7215723149278
5607	0.412583856607135	7.07251319612452	5.55824586191862	1.71624966580188e-07	1.83392267005479e-06	6.85292028109889
5610	-0.161909960363767	9.94867835372954	-1.83825462347199	0.0685385151506373	0.119235074798708	-5.13381469488044
5611	-1.40345323626303	9.11299767670016	-9.13611321747152	2.20020430345196e-15	5.19248215614663e-13	24.5236601493445
5613	-0.586457740541229	6.83637608786767	-5.49213335739188	2.31454993289394e-07	2.36611168882475e-06	6.56475427702579
56160	0.164901954694204	6.5433173205109	2.52395309213579	0.0129325056360453	0.0291944510942155	-3.7038950207336
5618	-0.0263617370572589	10.1769474535504	-0.232607481780728	0.816468961243337	0.868069715519368	-6.76583349269373
56180	0.0772734832315063	8.2940704122789	0.614796625634466	0.539872104545771	0.635777528307395	-6.60484013724895
56181	0.138332227719698	7.66159820444	2.23637000855773	0.0272059662926921	0.0545307647604068	-4.35396799230282
56204	-0.0117610631808647	9.48028541830909	-0.129894573238299	0.896870881013386	0.927294214190833	-6.78437076771066
5621	0.705396414492921	11.0410064387554	6.47438813309283	2.27340638154945e-09	4.34683720175891e-08	11.0348872082038
56241	-0.303541325351775	9.32688137344164	-2.1784815242906	0.0313574746833264	0.0615086062418133	-4.47613758525107
56242	-0.0168841001797257	5.35775771850561	-0.220326443296315	0.825997453369439	0.875046680111782	-6.76860248268455
56254	0.206278157678957	9.25960859611047	3.80629616962637	0.000225173455763438	0.000882321036340606	0.00786120846260641
56255	0.490671690540612	7.76858781802938	3.82957592032552	0.000207050888288658	0.000822230931377075	0.0865404393214595
56257	-0.0112613503911273	8.41057702640634	-0.15191132750024	0.879516153751888	0.914156716998943	-6.7812813863197
56259	0.174929361103543	9.60479329748057	2.42548809629613	0.016801843694422	0.0365411345223607	-3.93448063255786
56261	-0.0716535249442828	8.18837072123276	-1.01764223603221	0.310928811815313	0.411252519710887	-6.27930710902049
56262	0.0732380747860033	8.34108573887885	1.17596184766456	0.241975877931402	0.335130910750064	-6.10812613395475
56265	0.309030463068529	7.46309412147721	2.8115740266023	0.00577435005318993	0.0145343122907092	-2.98373320229262
56267	-0.243522504837856	10.1122925448538	-2.99981442576792	0.00329583012964217	0.00901740870183648	-2.47577543396086
56270	-0.219577254854875	8.04336734641292	-2.88713533421229	0.00462478611174049	0.0119864239984237	-2.78325666243884
5631	0.109150837463593	8.51434046876971	1.26525675173751	0.208270705632285	0.297735553569172	-6.0009359621081
56339	-0.115110218317433	8.97098498913999	-2.32421223717043	0.0218236555567993	0.0454356957852822	-4.16297986345937
5635	-0.00130869556543331	10.3622577992373	-0.022081559723003	0.982420171656531	0.989696086796824	-6.7925301405406
5636	-0.00878431776111782	9.30721833955406	-0.114236309682596	0.909244506933148	0.936103655399203	-6.7862742688258
5638	-0.398266260027236	9.46892682951168	-4.33603927233314	3.07075137928645e-05	0.000158527539955663	1.88745193467909
5641	0.553628716572083	12.3977046268191	5.60555898160338	1.3839589399405e-07	1.53090719767254e-06	7.06036925562999
56477	-0.275887939440479	6.54384245459049	-1.82939785672085	0.0698633398125814	0.121182525588392	-5.14953844189762
56478	0.188069036531914	7.99881188970207	3.57593203921817	0.000506871409959454	0.00178768481907135	-0.750297320036172
5652	-0.715476637971617	12.1654640736891	-7.65463773577365	5.8357351146982e-12	2.98811575339484e-10	16.8345365165174
5654	0.300949457818178	11.4905014818103	1.50517338516306	0.134950119283962	0.207692935585156	-5.67531677460951
56548	0.28522906297053	7.97632727888023	4.54616994592886	1.33062320200488e-05	7.78395725818718e-05	2.68221863530723
5660	0.19853081492462	13.1248871071365	3.78893425056828	0.0002396602747471	0.000933770693118417	-0.0505741864973626
56603	0.75460604123039	7.21023709414406	6.92111754157217	2.48514591731769e-10	6.62171137969165e-09	13.184029106103
56616	0.0218749405729056	11.2504143195272	0.600229694488758	0.549503525939252	0.644363873404063	-6.61362679803928
56623	0.173295262107357	6.95671678907927	1.74817102954017	0.0830338347095445	0.140013932862086	-5.29039135174387
5663	-0.0819681524256543	7.58519043544914	-0.909632118156592	0.364869767447846	0.466464058059001	-6.38215498605028
5664	0.427097983009156	8.64157860350851	3.09153646062937	0.00248466699919179	0.00710396310603121	-2.21805111488894
56647	-0.350531616928153	10.3336488439722	-5.00150562817019	2.00096370244435e-06	1.52191161898622e-05	4.4921541732167
56650	0.0600308532821281	10.9914600270359	1.07085209461653	0.286420134683488	0.384188098812214	-6.2244764866732
56652	-0.271691551224429	6.58146734056747	-2.43496018014132	0.0163893190060032	0.0357569400395104	-3.91265847068729
56654	0.800888823091243	5.61138638010334	7.31674175125487	3.33909696658319e-11	1.24238472720618e-09	15.1361613896941
56655	-0.0686421236385803	11.532896854646	-0.96754051087191	0.335251680282236	0.436366038312523	-6.32842499326904
56658	-0.172514742733297	8.52901877055179	-2.90502852952566	0.0043852623953437	0.011455492531796	-2.73510786543874
56660	-0.278438467273116	8.92779509047758	-1.43988345681255	0.152546673025777	0.230480248617691	-5.76932732056773
56672	0.135880136727309	8.68292035462773	1.62445474111818	0.106945535611764	0.172163345186742	-5.49323386928463
56674	0.0793215488148123	10.3868341215047	1.31044838344435	0.192587755792022	0.27932833412504	-5.94378004358754
56681	0.163268005101248	10.6030996926477	1.53548282611389	0.127340790417033	0.198048376735962	-5.63031164470675
56683	-0.992865730347276	8.31824464507304	-7.45622692610851	1.63028531654183e-11	6.69958045504253e-10	15.8340423809735
5669	0.0276396174471584	12.906071862763	0.170912740493547	0.864584938664209	0.902726784650027	-6.77822718976228
567	0.25066980298931	13.4164848455465	4.22157930014173	4.79110769737399e-05	0.000231159752221432	1.4659463721153
5670	0.125413293780756	14.1989428344087	1.75301952047998	0.0821942055601265	0.138994242543861	-5.28215382398573
5671	-0.0722268786316101	14.3649030273231	-1.70346972765319	0.0911110339990971	0.151484931729578	-5.36531715259215
5672	0.113568207461051	14.3626966221133	2.3657372274516	0.0196233809571795	0.0415613145400775	-4.07036106831679
56731	-0.0292188231831067	6.82970166296561	-0.35582652525951	0.722605462500493	0.794558189597187	-6.72975222526954
5678	-0.00103515976331517	14.0483017883332	-0.0195197504309246	0.984459430731129	0.990225221596594	-6.79258321611602
5680	0.137854334132344	12.7999715197614	0.652588414532782	0.515290271546586	0.612064659616739	-6.58106875694924
5682	0.0592915065498956	12.0056992898151	1.40750513490685	0.161904965296271	0.242270835751305	-5.81445658241704
56829	-0.125024696454794	8.99595202771757	-1.12287009955567	0.263770835723088	0.359707297849216	-6.1682271109222
5683	0.19451251825518	8.84054180750352	3.23919968525415	0.00155699596888165	0.0047439272235199	-1.78938145401185
5684	-0.00401878736908077	11.6604822074507	-0.0777441773097981	0.938163153049344	0.958232675180855	-6.78976296625289
5685	0.031206079295928	12.3266329662454	0.594099036393885	0.553582520381946	0.647400767146379	-6.61726215891169
56850	0.0430101962507955	7.49839703756575	0.594686768379772	0.553190826508834	0.647034300051397	-6.61691525293278
56851	-0.195259281580955	12.1525930631512	-3.14335504151628	0.00211250927573825	0.00617675278499042	-2.06953929197506
5686	0.0770352530521844	12.011617350374	1.44221848468769	0.151888238994075	0.229779643606421	-5.76603442874585
5687	-0.0481489832559728	12.9893252386047	-1.3168125997671	0.190451700924673	0.276764787058022	-5.93557443564554
56882	-0.115322583551842	8.63482839681009	-1.11822626295828	0.265740461847298	0.361676753148571	-6.1733548827521
56886	-0.570543223659694	7.92301747410976	-4.36340602854936	2.75779987928726e-05	0.000144723170285341	1.98943966066232
56888	-0.0202648395629457	5.63892509502206	-0.247671557374949	0.804818748358387	0.858250041554619	-6.76223215583621
56889	-0.00749321927053799	10.5243021133939	-0.124786984513616	0.900904409769126	0.929721913255281	-6.78501849998547
5689	-0.0685557854178223	13.2684342051353	-1.43641344417266	0.153529212189712	0.231752794716195	-5.77421127281703
56890	0.0360025967625691	5.36348400537066	0.49548770726789	0.621176878084865	0.706835791841987	-6.67063475217005
56891	0.151948467771921	13.4988599194249	0.850872028335699	0.39656280284661	0.498798348029999	-6.43333293058796
56895	0.258855687130364	8.38524221857192	3.15160400655847	0.00205827966626435	0.0060460135289273	-2.04570548229944
56897	0.13678613552361	10.3625908349237	2.91527889555397	0.004253231858266	0.0111493796094183	-2.70740925716152
5690	-0.0866188105524108	11.3043248815206	-1.64530296599622	0.102567127296827	0.16641219239281	-5.46004568730182
56900	0.241059500556753	9.36615630611201	2.90383001127547	0.0044009432305986	0.0114928204504409	-2.73834100126311
56901	1.38330181779274	7.80882922044258	8.03742721457477	7.86239045853771e-13	5.85075181869563e-11	18.787998832582
56902	-0.160481283922125	8.93927616980748	-2.30355866709992	0.0229968949075675	0.0475004630999019	-4.20848971627447
56904	-0.745375800738299	10.3154084477068	-6.26158861550966	6.38096708846515e-09	1.04163612946091e-07	10.0345109684457
56905	0.0533872349747245	8.46377039652308	0.573363771492704	0.567488912769572	0.660391436950784	-6.62928280275041
5691	0.0342112598854036	11.9351765794593	0.633637493157416	0.527543027053013	0.624463371088835	-6.59316505018715
56910	0.0090787570843208	10.8838184496717	0.168155559662717	0.866748614954604	0.904464937420822	-6.77869265573854
56912	0.0534073999821799	5.70796274839248	0.568151194806103	0.571011266095171	0.663809840431423	-6.63223785488601
56913	0.0507161469177976	10.601702607567	0.577150380458561	0.564936769898873	0.657977681805512	-6.62711931536745
56915	-1.08548035485085	7.26426679522937	-6.42501169333728	2.89245543034923e-09	5.34154122336117e-08	10.8013458114221
56916	-0.0527821046028682	8.44612469085638	-0.846251827797234	0.399124202189158	0.501392063824607	-6.4372139301209
5692	-0.0193514764991627	11.5403024556737	-0.345286293788989	0.730493548737169	0.801311648415539	-6.73342862816317
56920	0.973778940528202	5.256188043359	9.57224531423846	2.05946304047105e-16	7.08798529762118e-14	26.8361113670718
56922	0.0234161439194903	9.28308230892161	0.376577758015417	0.707163328675145	0.781427303659758	-6.72219194650145
56925	-0.0108865505183969	9.57577056761052	-0.0983903717921648	0.921789167480211	0.946170339698675	-6.78795205230836
56926	-0.258923917338777	8.89815811401668	-3.0051086023869	0.003243053095421	0.00889067990978341	-2.46107992462652
56928	0.101252359787908	6.84750513387759	1.24355098017085	0.216128401405858	0.306897128350075	-6.02769456853054
5693	-0.180686401726924	11.2842639308595	-2.62835211841139	0.00972031982285663	0.0227901906718126	-3.45045210137327
56931	-0.666278157167832	7.44410946768743	-5.04506792463919	1.65991222086331e-06	1.28929978669042e-05	4.6712590676651
56934	0.728532937314721	6.53117853909096	2.95002307429159	0.00383240061474945	0.0102279900089921	-2.61289717534696
56935	0.728474102917216	8.08256930463489	6.30863276031778	5.08601330384096e-09	8.57356528361762e-08	10.2542751195888
56937	0.331703589333419	6.00743279271833	3.42710843597091	0.000840315135397665	0.00276644201609594	-1.21988906962568
5694	0.0176173615358416	12.6678515305556	0.304444141854432	0.761325501289926	0.825569607543025	-6.74663215579996
56941	-0.174504893294539	8.74131381250141	-2.37271332621343	0.0192736435483013	0.0409887476078705	-4.05465508991986
56942	0.0271848676469805	11.0682637452189	0.490833216783765	0.624455474937368	0.709730509621129	-6.67291629260908
56943	0.0495149811765853	11.0986186881608	1.15981056524591	0.248466002950755	0.342625907240941	-6.1266968875798
56944	1.10346196674585	9.22656615223338	7.29035015582201	3.82223385529483e-11	1.38472156336558e-09	15.004653168759
56945	-0.17939590168264	10.6031520943417	-3.57633529349378	0.000506167394019182	0.00178596440606512	-0.749003061799568
56947	0.290873753202488	8.90587667560486	4.57963140765865	1.1620562359849e-05	6.90049209865945e-05	2.81121590187992
56948	-0.00563406608496999	6.34929500076154	-0.0506180720853811	0.959715397753539	0.973624316561561	-6.79149697490912
56949	-0.673823543754679	9.12706132702948	-7.69195717038142	4.80583685838397e-12	2.54462900322125e-10	17.0236888162135
5695	-0.0548786789027371	11.7008172309975	-0.800178657410768	0.425214407280097	0.527843553371446	-6.47477307237434
56950	-0.139639452149984	9.99747442084294	-2.24541037764117	0.0266029971251518	0.0535300258839838	-4.33462328993618
56951	0.275202011115977	11.0950668766181	4.98089423012546	2.18521371959447e-06	1.63598980573918e-05	4.40776018947344
56954	-0.0853526191861555	8.38338173902464	-1.3399401324853	0.182837986257195	0.267198399052663	-5.90543052294331
5696	1.09467365496337	7.14662861658111	6.79962819521307	4.56411700823695e-10	1.12873073317477e-08	12.5933936557397
56965	-0.0673213155194353	5.67588730425147	-1.29464534121696	0.197968842885019	0.285379169673693	-5.96398849020122
56975	0.992293635336448	6.10198736123589	5.88229598050292	3.85789092001885e-08	4.955859875483e-07	8.29345734944228
56977	0.448211074573026	6.68688226808197	3.42374345061355	0.000849828248402752	0.00279330733458286	-1.23031920728197
5698	0.717737537435595	4.97020949404238	5.65726512190659	1.09273298171212e-07	1.2330566159757e-06	7.28822964431521
56980	-0.214886517342702	8.25224184806089	-4.06238161852769	8.78044551811045e-05	0.000393737676327863	0.893545716293203
56983	-0.141895719500917	10.608934023593	-1.87452393373456	0.0633295235203056	0.11151180223358	-5.06867758808805
56984	0.0840964199357587	11.2678869863136	2.07849436312887	0.0398302643603462	0.075302811539588	-4.68018020418212
56985	0.137347779295533	5.93275421986297	1.79891726045061	0.0745863937836283	0.12805728801762	-5.20310334518952
56986	0.211040490261937	8.58805278323852	3.76783083971675	0.000258462351903176	0.000997322453506088	-0.121321550622581
56987	-0.103778407334719	9.83796826240128	-1.06792740070317	0.287731954901648	0.38550948053327	-6.2275614550625
5699	0.0641972176834908	10.7992890199236	0.868786695859261	0.386726441636369	0.48873323254535	-6.4180871829611
56990	-0.0572602795869883	9.02087545810613	-0.673728470240459	0.501800786129554	0.599576810853482	-6.56715767499038
56992	-0.40739117902826	7.09871905682428	-3.19855430947642	0.00177347268407467	0.00530756680089014	-1.9090513693648
56993	-0.0422951822189682	9.40656931216401	-0.424532227430838	0.671950309078369	0.750955155322328	-6.70308617546377
56994	0.316667330020746	10.4679143009971	3.989661775503	0.000115203073461028	0.000498078092271701	0.637573126118083
56995	0.0630995511547477	8.98855343578853	0.781728699119938	0.435938874103794	0.537762111723019	-6.48923063578991
56996	0.0640973187842729	10.0232746191387	0.785003293897204	0.434023990938314	0.536120557073496	-6.48668898720318
56997	-0.102200139230456	8.19355239456661	-1.56087510361274	0.121229742269185	0.190299823478424	-5.5919446534151
56998	0.429913143740168	7.10405436242162	5.19948676457151	8.49495600387177e-07	7.18937874917836e-06	5.31406641807191
57001	-0.0525794863334959	9.08141989102428	-0.596556897586011	0.55194539534261	0.646126554071707	-6.61580914977506
57002	0.0162745160840075	8.35410841625772	0.228371211084585	0.819752731439245	0.870216882365784	-6.76680558897219
57003	-0.202161166097187	8.60409815487384	-2.96463173336623	0.00366717989654442	0.00984429832481537	-2.57287038078752
57007	0.832648858639198	9.60738505557782	8.23669167605023	2.74084231806007e-13	2.46079973338871e-11	19.8155799033074
5701	0.073319329172372	11.6523588278242	2.05527161766952	0.0420586010549909	0.0789195921658847	-4.72629828534963
57017	0.0363877808682851	9.87086257329926	0.634393363454467	0.527051451740543	0.623970903164237	-6.59268935881523
57018	-0.110323186617119	9.27681967340546	-1.47113084115298	0.143916012767576	0.219406841170207	-5.72483552225144
57019	0.0578008796551122	8.55278108087348	1.18786583444288	0.237270409013271	0.330092253172034	-6.09427839051334
5702	-0.125231705056783	10.2929303320069	-2.05000969463621	0.0425781006866644	0.0797675463079718	-4.73668099297024
57020	0.201256056501857	6.7511526411573	2.32425365774923	0.0218213566356775	0.0454356957852822	-4.16288822166255
57035	0.109486346131324	10.2597552576725	0.912365243144568	0.363435682741152	0.465206685176184	-6.3796925213515
57037	-0.0812136177085793	8.96784375139033	-1.71117059641438	0.0896756041024541	0.149580066616775	-5.35254091898047
57038	-0.188670016020473	8.81069859310987	-2.83749797086833	0.00535341109045856	0.0136268645938945	-2.91547401710804
5704	-0.274639108199325	9.43798904795454	-1.89938392173567	0.0599539054724286	0.106546245874591	-5.02333889309714
57045	0.160486273252492	11.0706021402532	1.19278332081966	0.235345833565614	0.327983226801413	-6.08851821132149
5705	0.0476701442435861	11.9829995568633	1.01361383854425	0.312839761496609	0.413277409739859	-6.2833464909647
57050	0.00886752292104824	9.82410727920509	0.0815202711934624	0.935166238360827	0.955644331171648	-6.78946347749598
57060	0.25822410726439	6.02906147806057	3.04895692919494	0.00283499413200022	0.00792642101180632	-2.33851542109887
57062	-0.547133459631648	9.32824133261631	-6.4477482929634	2.58910238607221e-09	4.84942986597651e-08	10.908781241145
5707	-0.0516173520606162	9.95190958143883	-0.908938361855583	0.365234353895127	0.466857902069599	-6.38277888089241
57085	0.229283666467432	6.90481321778443	2.54372267379851	0.0122595551584554	0.0278963982393504	-3.65660597596046
5709	-0.109908988522773	7.28499617040565	-1.51345262668896	0.132837080685698	0.204975581256094	-5.663108920783
57092	-0.000783410616542135	11.2018200480711	-0.0214741399681508	0.982903681723434	0.989777304782468	-6.79254331626993
57095	0.083166547069622	10.7786021420046	1.18633710552752	0.237871002012871	0.330554252460685	-6.09606435973821
57099	0.0331637178346707	8.65587014164457	0.435026858280205	0.664337086313967	0.744259369721058	-6.69860080791633
5710	-0.21952507554763	10.3560184442245	-2.35777480695141	0.0200294163152528	0.0422911499907945	-4.08823630698828
57102	0.580628760911589	7.94096032507174	8.12998458937886	4.8230624401387e-13	3.86781512189763e-11	19.2644664591428
57103	-0.232058633588346	8.87121646286002	-2.81361414313436	0.00574015924888736	0.0144686345425113	-2.97838127090212
57104	-0.0253305291061285	8.55246572611054	-0.346863491600356	0.729311344901916	0.80033369322304	-6.73288552414999
57106	0.251047597449813	7.64200879923937	3.03635940884996	0.00294708199886656	0.00817424355629207	-2.3738830753528
57107	-1.03521646686656	7.35279583033299	-7.16534502094717	7.23249502903543e-11	2.3427611348954e-09	14.3841696050248
57109	-0.177752503231948	7.88209087871383	-1.4192032451983	0.15847446668875	0.238173052192335	-5.79826601326056
5711	-0.327574453274284	6.96765549145699	-4.16491208864001	5.95441131358112e-05	0.00028056724158688	1.26032753225384
57111	-0.510664845695625	9.89789419036136	-6.90855696615296	2.64686223681359e-10	7.00739810130777e-09	13.1227618311237
57117	0.037031667216561	8.78147452677735	0.561874742694534	0.575266460445842	0.66765504612655	-6.6357604110857
57120	0.0986130924245472	8.76446398502726	2.04399296865861	0.0431788458142229	0.0806694552839947	-4.7485227112425
57122	-0.253034361330549	9.80508787387986	-4.32497392279506	3.20675950339133e-05	0.000164520704956598	1.84634605378205
57124	1.03429783960069	10.0339984438857	6.75182478155422	5.79065796880705e-10	1.38053651842706e-08	12.3622127456047
57128	-0.595117075549664	6.7102018913697	-5.30073199443604	5.44165946111566e-07	4.94478626499619e-06	5.74205889635135
57129	0.0147094254688059	8.44004579708778	0.234998582950281	0.814616920847449	0.866658393379692	-6.76527692614967
5713	0.0242266391382836	11.3611491583364	0.558710415911469	0.577417493016608	0.669587040898102	-6.6375215809584
57130	-0.286306618472735	8.5037961573906	-3.94843094089748	0.000134186155885416	0.000565498799802825	0.494000502982691
57132	-0.0745518084918934	10.1673153296459	-1.2540970186597	0.212284040550613	0.302217541356095	-6.01474983447573
57134	-0.00786627375040037	11.7517667132419	-0.0697159114969358	0.944537719307102	0.963195254503292	-6.79035251328299
57136	0.139057037531011	10.2914994997204	1.81391639206226	0.0722302138125292	0.124737939805873	-5.17685099784338
5714	0.012295315378358	9.83783550652123	0.190840829463949	0.848978073859489	0.89161587922179	-6.77463798015228
57140	0.250568252114706	5.45435523836523	3.01849241990546	0.00311308961517102	0.00858855050812045	-2.42383042815643
57142	-0.251157225000035	11.7962188312384	-4.48556790989093	1.6978960303562e-05	9.59933005526501e-05	2.45027734601149
57143	0.15611866208417	7.17719153278053	2.29219233631011	0.0236659493148853	0.0486391493757036	-4.23337706958165
57146	-0.0445340467731104	5.90703795407285	-0.479713528697366	0.632318570639098	0.716650849818737	-6.67828012779378
57147	0.0804120810237129	9.07274461509874	1.66946836932533	0.0976740285249295	0.160140427871361	-5.42107155179084
57149	0.170038034104781	9.9001538736184	2.79033258320326	0.00614155051000561	0.015307545930189	-3.03925535980021
5715	0.258063857274254	5.86704484811292	3.3720758207024	0.00100920168671959	0.00324232047153007	-1.38941467828054
57150	-0.0456889464149076	5.63958595948439	-0.507254419336442	0.612922488160693	0.699618727257783	-6.66477132261059
57153	0.256062804089926	11.931686265404	4.34204337429113	2.99929385136555e-05	0.000155518940441177	1.90978785570358
57154	-0.223244907584428	6.58314827303358	-3.71244157404843	0.00031469934789157	0.00118316641492233	-0.305534657040922
57157	0.0962798733695679	6.01837488561604	1.21835228988371	0.225519109043228	0.317286295468756	-6.05819345394861
5716	0.0165886580908196	10.468430535703	0.299177878928855	0.765330319396027	0.82884862176625	-6.74821402672213
57162	0.338958413333516	8.2919569595621	3.24058530712341	0.00155006983909832	0.00472805645160714	-1.78527959113803
57169	0.144594921915913	8.20472403788077	2.23898087407905	0.0270306135015244	0.054218763361484	-4.34838858031227
5717	-0.0736873779526095	8.04383080282617	-1.07409260817739	0.284971443562604	0.382679909580086	-6.22104873087151
57171	-0.259094191148265	8.55833063830922	-4.3659985429795	2.72979942295975e-05	0.000143436025659335	1.99912510939235
57175	-0.239101543510396	9.64019161286537	-3.01891666277899	0.00310904974730911	0.00858027093644279	-2.42264737185027
57176	-0.347198338945288	7.81129732176423	-3.54064714735589	0.000572181230600922	0.00198034761525501	-0.863091288154362
57178	0.504269863498841	9.70994147491744	4.94215598408522	2.5771584075856e-06	1.89220697303618e-05	4.24975731916542
57179	0.0727986981565839	9.41032763474012	1.56067377508331	0.12127726483484	0.190338249579286	-5.59225122933151
5718	-0.243086864236308	9.92920803624997	-4.16391409409623	5.97714715692935e-05	0.000281317581289097	1.25672466738165
57180	-0.514174372177117	6.07673282898178	-5.98937087803855	2.33409836037497e-08	3.22942252205984e-07	8.77921891003076
57181	-0.225899662455578	8.71797132178719	-2.7353405252177	0.0071932268029925	0.0175423836411922	-3.18128247010397
57185	0.147308650137068	6.54129218437152	1.23554046054752	0.219082231064449	0.310078688929463	-6.03745593684397
5719	-0.0608485787225962	7.20046108585144	-0.819314935307762	0.414257555331751	0.516571166521778	-6.45942535017229
57192	0.205749229609533	8.45403946897203	3.03191061946422	0.00298763439735786	0.0082757639980687	-2.38634324422923
572	0.302359955757087	8.63968636611553	4.15226194752258	6.24883673716432e-05	0.000292438478464461	1.2147065315912
5720	-0.0465567625857891	11.5035904433222	-0.771146018596484	0.442160934416416	0.543894165045361	-6.49737271417386
57205	0.46056998112361	6.83616812784244	4.48569003846718	1.69706572629965e-05	9.59933005526501e-05	2.45074256719447
57211	0.453763988884178	10.8087035536925	3.18127107847892	0.00187375454103313	0.00555335935017355	-1.95955362906628
57213	-0.0657372641048585	8.2299592619862	-0.986192708708008	0.326055267550077	0.427766281760425	-6.31042393153275
57215	0.210445162844176	9.84821972250292	4.47853610196914	1.74636926625737e-05	9.83299941328282e-05	2.42350632262217
57217	0.142448502672007	5.24333385764941	2.31925588094794	0.0221002882558972	0.0459010261487832	-4.1739349070102
57223	0.0285574814005276	10.2246639169356	0.594697227048447	0.553183857577095	0.647034300051397	-6.61690907666634
57226	0.0179145617671696	9.94907507661811	0.251874837110538	0.801575723742087	0.855971474861954	-6.76118701605753
57228	0.609798660339164	11.589761636622	5.71734624430108	8.29224000192723e-08	9.64702850928435e-07	7.5544825786094
5723	-0.221424762703357	6.89908676913225	-2.03389442562837	0.0442034494091489	0.0822455922295531	-4.76832515215161
57231	-0.0881643266655755	10.7237500980559	-1.82125962896748	0.0710993835975897	0.123016528805214	-5.16392332152692
5724	0.127446809582332	6.41847624343341	1.21401500528935	0.227164796046965	0.319112451589784	-6.06338164016509
5725	-0.0436492277085146	12.0996882726949	-0.883004939566626	0.379027976368155	0.480843355060814	-6.4057639963869
5728	0.41908561347422	11.6039751528242	5.41938910725361	3.20933494650522e-07	3.1041108498985e-06	6.25002735835251
5730	1.37510169295378	9.50475676120783	7.10897456461108	9.63000530842234e-11	2.95702021738173e-09	14.1057057997221
57325	-0.217330297358866	9.16481297298721	-3.76614027888524	0.000260027670561415	0.00100178570841292	-0.126975643561971
57326	0.348030726002671	5.9046011326713	3.53532248445135	0.000582700359328001	0.00201216762878315	-0.88003428546944
57333	0.410654348966849	7.68498554794498	3.60430174230028	0.000459533293256947	0.00164389129593	-0.658958790687469
57337	0.55995943879315	8.65850913492162	5.98121874414288	2.42550284626408e-08	3.3502765067126e-07	8.74207202116224
57379	-0.0502800039658501	5.90239679497554	-0.528432525330042	0.598191073835607	0.686830451748973	-6.65387298456022
57380	0.16746010620101	7.88963332688494	2.57567929367011	0.0112380045379815	0.0258640059859925	-3.57946795683426
57396	0.256777680182839	7.34433368809777	3.3198748574886	0.00119836308566973	0.00376082032204863	-1.5481302959836
57403	0.184761683050521	9.15220626420275	3.08273869834251	0.00255358444968867	0.00727331294980291	-2.24305773179124
57404	-0.0371474987635838	9.15878061872406	-0.676283702765504	0.500183207588634	0.598163210465052	-6.5654464103184
57405	-0.453344935341793	7.33877902118177	-3.10849441163326	0.00235666426469053	0.00678969195198598	-2.16967966751057
57406	0.0809288504902775	6.41834517275197	0.92886247845678	0.354855502783462	0.456061374356838	-6.36467438353544
57407	-0.121623103439464	9.82118877750239	-1.55368584186517	0.122935894502962	0.192320168294406	-5.60286869682207
57409	0.232412801470916	8.50075864902307	2.85931830765708	0.00502106251507329	0.0129081781433257	-2.85759725514814
57410	0.0323357038202244	11.5799482807486	0.675458078513733	0.50070555879657	0.59861454851059	-6.56600004198643
57415	0.283165713066322	8.90353709671891	2.16458585348627	0.0324323489523901	0.0634062017388738	-4.50502417710468
57418	-0.177797053445259	10.7905850295363	-2.07492549891311	0.04016597359231	0.0758506954440971	-4.6872989210418
57419	0.954331658184811	7.85034690022798	4.66414446712207	8.23113498578031e-06	5.14679598656664e-05	3.13993024732916
57446	0.087306268223115	8.74468942734879	1.20130070768635	0.232038876578323	0.324249893509888	-6.07848628955077
57447	0.236757288082906	7.0680934257311	2.02536639791458	0.0450848247525013	0.083632671211248	-4.78497678173279
57448	0.163255208938602	8.6018173752907	2.70309633967729	0.00788353697874971	0.018979310826136	-3.26340285281641
5745	-0.0881927879879594	9.78108956340178	-0.757012430573447	0.450550480673563	0.552076393764074	-6.5080754412483
57458	0.295168019518734	5.38999971781124	3.51067512607168	0.000633811796768234	0.00216813333644805	-0.958193730607282
57461	-0.0506504997613214	9.06056736640454	-0.820314910832281	0.413689687653401	0.515940936134243	-6.45861348859044
57462	0.0408489463696701	6.50200059859677	0.394923870476017	0.693611626329399	0.770058069016241	-6.71515200022903
57466	-0.181351554343556	7.89776511167196	-2.41147515344512	0.0174290629494918	0.0376475052203981	-3.96662316169823
5747	0.191592974270973	11.4317777360535	3.66190247761515	0.000375969312619944	0.00137716475487394	-0.47173893978141
57470	0.0809932448751442	10.3175283429051	1.72926256906769	0.0863757655655209	0.14495404786087	-5.32230965428176
57473	0.0282417728231207	6.86524325546918	0.350704332068786	0.726435135672987	0.797998056280756	-6.73155260915851
57475	-0.584504390298914	10.3889158242061	-5.72362866539191	8.05569187498317e-08	9.41160040839617e-07	7.58241464329236
57477	-0.201868778911305	11.1556161946565	-1.75810159184991	0.0813216237721995	0.137731517809795	-5.27349621592978
57486	-0.109320947417379	5.90092583839776	-1.26972675034846	0.206678897609452	0.295818349376897	-5.99536945814139
57488	0.261333225866157	11.4098878549692	3.62976222708195	0.000420635380537135	0.00152054627712767	-0.576495977749135
57494	-0.266302951558325	10.5093487803462	-3.03291067730835	0.00297847382637089	0.00825576973349783	-2.38354364090572
57496	0.683852212271649	8.27031795810376	6.27746728625272	5.91118438577913e-09	9.86391576293648e-08	10.1085970509408
57498	0.262348964651062	9.69263825719501	3.57130100249013	0.000515022988040017	0.00181179296474044	-0.765152397473996
57502	-0.202898420997112	8.64096030779536	-0.80246083329662	0.423898769206619	0.526764530411716	-6.47296155379256
57504	-0.190648396618467	9.69826965166353	-3.2551653079401	0.00147891218654273	0.00453613615330223	-1.74202967398339
57505	-0.310577447434776	7.9472722824856	-3.43232623409303	0.000825761542066632	0.0027272252448902	-1.20369939515523
57506	-0.132386569600713	6.76817022204696	-1.59899705621636	0.112494004262374	0.179278501872894	-5.53321108811741
57509	0.00138946116195601	8.7921434700466	0.0125812197887463	0.989983138474983	0.993350428061632	-6.79269414054174
57510	-0.295676139450807	7.37136933962602	-3.35240696456271	0.00107692651633637	0.00343054879480848	-1.44945690186493
57511	-0.205510093162173	9.10783798588003	-2.92975439112751	0.00407299171968549	0.0107588460519994	-2.6681499792951
57515	0.212520333849402	10.4734041452675	2.57481246580566	0.011264671996652	0.0259037279210317	-3.58157168248332
57530	-0.404850788660284	6.77105373855814	-2.78399305217372	0.00625519786239203	0.0155577531536657	-3.05575466367678
57531	0.160056363490972	6.51863344911933	2.05760931743866	0.0418295527540254	0.0785254785791477	-4.72167764738703
57532	0.162286760432127	10.0133462581951	3.01244117263874	0.00317124291283056	0.00872276605393954	-2.44068964044888
57533	0.327759467732023	8.82427009631687	4.49497445850256	1.63507888446823e-05	9.29508023792676e-05	2.48613557494927
57536	0.184851279869897	5.47519764961806	2.10960615424979	0.0370044776898336	0.0708852007694865	-4.61764172805555
5754	0.5931517160458	8.02891613926515	5.08027688295365	1.42624805492083e-06	1.13289744449935e-05	4.81674529762264
57541	0.043093242487071	7.62424347241189	0.552774413833162	0.58146295857243	0.672972027759988	-6.64079869440094
57542	0.12128495655775	10.3932291254584	1.92722081474366	0.0563547144973645	0.101281536498745	-4.97190503453454
57546	0.12543832610919	5.64046675036068	1.61509873260541	0.108958586868	0.174553515812584	-5.50799616633006
57551	-0.227190368735066	7.6820626561284	-1.7778580370355	0.0780015277962259	0.133103689390539	-5.23961427304226
57552	-0.0224815013891261	9.62407379686018	-0.274989803455887	0.78380470840216	0.843108072848267	-6.75512557336156
57556	-0.0517853803606739	12.029228622483	-0.738886617319179	0.461442226194418	0.562252955947175	-6.52151434022131
57561	-0.20767887342525	8.96984638328749	-1.58860985238335	0.114822901596273	0.182251569405306	-5.54934894332837
57563	-0.435588414673887	8.7007510590465	-4.6997697722495	7.10924794334719e-06	4.52755497394354e-05	3.2797287533573
57568	-0.291523768532071	9.44617163734572	-3.66712503291382	0.000369149699575788	0.0013544124235727	-0.454647449962566
57570	0.0405831281594818	12.3437549520753	0.627271780224533	0.531692300583047	0.628294478228321	-6.59714883374663
57572	0.365159511383378	6.19257186682629	4.01382584947183	0.000105299935454943	0.000461910497534694	0.722242577593367
57575	0.52984145896808	6.89483126147531	4.38422370473499	2.54054390176045e-05	0.000134777730433792	2.06732945486069
57579	-0.0678251854263373	8.57744065998249	-0.80393030730608	0.423052918493801	0.525871648872655	-6.47179243159714
57580	0.196848079450204	5.48200795989519	2.68207982628385	0.00836527020362798	0.0199836069547486	-3.31646590524285
57584	0.201900891619595	10.9634787000413	3.58877502726723	0.000484897712041725	0.00172269036622135	-0.70901987109411
57590	0.0461772565571898	10.72387596468	0.939218528284559	0.349536060536413	0.450486481515177	-6.35511135762151
57599	-0.0908133435648862	8.44660642100772	-1.14495879747657	0.254541914546306	0.34983630851123	-6.14355193949474
57609	-0.0443382470019951	11.1043549778074	-0.798888179766114	0.425959414827766	0.528292006978581	-6.47579515389971
57614	-0.0460284407320461	8.14429991688814	-0.950769584402474	0.343663602744593	0.444722130451252	-6.34432163803661
57617	-0.0755148037719361	7.17200831774678	-0.885262562691375	0.37781443095659	0.479598463147599	-6.40378911703441
57621	-0.0134866674790141	7.47830017433296	-0.104453927826643	0.916986365170068	0.943251229925873	-6.78733956881366
57623	-0.0149059746974159	6.07132752914027	-0.165823064954844	0.868579812659804	0.905752967121573	-6.7790805184516
5763	0.562553661504521	9.24064808733672	6.59069665700384	1.28514490299581e-09	2.73590126256325e-08	11.5882747153853
57630	-0.0631620198311048	7.76478320925593	-0.953525295533068	0.342272104293837	0.443644449133388	-6.34172837100283
57634	-0.0405163485683942	7.52916061678133	-0.53734816239739	0.592038448750008	0.681851308794627	-6.64915228363601
5764	-0.228534382554981	8.45750417859358	-2.45085515373866	0.0157172857532176	0.0345278671068024	-3.87586647345929
57645	0.153647623385635	10.401910069256	2.50653487277121	0.0135526416675877	0.0303785129373878	-3.74528546501822
57647	-0.184134180836634	8.34803226740933	-2.60647952709382	0.0103265438867795	0.0240138661331078	-3.50430861235814
57654	0.0214044391223562	7.63171895597549	0.247236051427951	0.8051549569107	0.858471659233559	-6.76233943929929
57655	0.181579666318015	9.2485471744881	1.74936089518095	0.0828271328289698	0.139794057451428	-5.28837178864043
57658	0.466754775899473	7.72214453554841	5.05797915447171	1.57019579076982e-06	1.23170154147756e-05	4.72453432343516
57659	0.72484464972509	9.62197098064316	6.6629323528036	8.99834285616081e-10	2.0252401087708e-08	11.9342149040171
57661	0.0531833640439683	9.92914232624164	0.816760936967709	0.415710041838597	0.518147720776643	-6.46149445087437
57664	0.222431773024049	6.23543195844958	2.49138912011564	0.0141133561841037	0.031439137562216	-3.78106672394034
57679	0.220137596157891	8.93564796790276	3.58652001091902	0.000488689656081714	0.00173541554567281	-0.716276088221478
5768	-0.169955102145067	12.4496161572924	-2.19853933292003	0.029860572201157	0.0591624673498576	-4.4341407030201
57680	-0.341887342926136	9.10474837023932	-4.42351076483766	2.17460723633966e-05	0.000118017449225793	2.21504451356794
57685	0.550316870185828	6.93075519174277	5.08761080303133	1.38177427034743e-06	1.10702768894954e-05	4.84713069431119
57691	0.142910491024876	7.51274351018969	1.69976561486384	0.0918081092205867	0.152429142143125	-5.37144298417912
57695	-0.101130805428337	7.60985540872133	-1.84386350529559	0.0677103847241171	0.118092858492654	-5.12381997903045
57698	-0.397067385339361	10.0842615040774	-6.61444132503372	1.14327012131804e-09	2.49825693176904e-08	11.7018021286406
5770	0.0288778236472463	11.0413607839469	0.374937015253229	0.708379962585282	0.782353054011823	-6.7228052777321
57703	0.139650632555034	7.52958317487062	1.2647377109771	0.208456122577092	0.297949052169368	-6.00158108768918
57704	-0.155815419401872	7.93927872444592	-2.28143005625866	0.0243151506592407	0.0497259580206308	-4.25683812135832
57706	-0.410859731868616	8.93477877236861	-3.52583583386751	0.000601894907002745	0.00207065886374122	-0.910169721166211
57707	-0.0505091117870437	5.65724178672879	-0.42615765882394	0.670768898801661	0.75009979778411	-6.70239861761117
57708	0.277947538472901	8.93275527756816	4.78821046543476	4.92690485224048e-06	3.29791199996e-05	3.62989289444531
5771	-0.0420539881184128	7.94178335731265	-0.436099580255154	0.663560846531745	0.743793268062453	-6.69813618032121
57715	-0.283293790249258	6.21386745100766	-1.41351102917511	0.160136697032724	0.240063487271821	-5.80616040211394
57720	-0.286195169449361	5.90883557213798	-2.88283356869741	0.00468413216342195	0.01212121919482	-2.79479386304119
57721	-0.351096359296969	6.08785830884069	-3.77638888567147	0.000250674653258262	0.000971194869887236	-0.0926686567345385
57722	0.306714705624468	10.5644984058464	3.53149038070522	0.000590383406600039	0.00203529504946424	-0.89221526398157
5774	0.0218150714292607	8.1672603790094	0.301661732415114	0.763440632198934	0.827344479396903	-6.74747136490003
57761	0.279777673410317	8.14398098932235	3.2020659102717	0.00175371803724129	0.0052560634933284	-1.89876228942405
57763	0.159273873347074	10.2202099629854	2.35221163641646	0.0203174940112793	0.0427791232559691	-4.10069284259363
5777	0.530203253854057	7.5402417990051	5.24916825147332	6.83133209581695e-07	5.98375430662227e-06	5.52344916601986
57798	-0.0658920159746931	7.27905891723736	-1.25891894170014	0.210543060621388	0.300256505651357	-6.00879571709092
57801	0.551628383328123	9.24017458591476	6.06385555808279	1.64129113349261e-08	2.39101671298923e-07	9.11984848711378
57804	0.18656219552833	6.328140760491	1.91537464335662	0.0578634787162608	0.10349769038465	-4.9938789377432
57805	-0.0726453946742877	8.5368315256925	-0.758448378979151	0.449693971957134	0.551190415249433	-6.50699700825079
5781	0.0776017299486798	10.2753877569578	1.57771949315048	0.117305696155088	0.185260019503549	-5.56616034563634
57817	0.41613881667361	5.91579055750785	2.61984795679422	0.00995209903624812	0.0232675737445257	-3.47143928196155
57819	-0.131463862786248	11.1607234439376	-1.81189889233743	0.0725435000486798	0.125122010942179	-5.18039413745551
5782	0.193716180890134	10.2498772860104	3.00917979817315	0.00320299942280668	0.00879839548798909	-2.44976406416339
57822	-0.568879634257182	6.35357173235147	-3.19641717152156	0.00178559643427362	0.00533804797216796	-1.91530860491628
57826	-0.0315545473849728	9.99671453067965	-0.611698015337118	0.54191367081783	0.63745470250004	-6.60672672462487
57827	-0.10370617011326	7.95048089817664	-1.43133358320001	0.154976361697258	0.233665558358769	-5.78134052923821
5783	-0.0420966612602491	5.90440363308661	-0.38118480550256	0.703751193709969	0.778698574687788	-6.72045548919854
5784	-0.267135825321993	8.50422283719277	-3.72498242043947	0.000301032518542508	0.00114113290645301	-0.264014204816512
5786	0.329575768626306	9.55782524419931	5.92061330740252	3.22461055458532e-08	4.26847486872993e-07	8.46675227341127
57862	-0.161695482584193	9.6742269863237	-3.14376753827483	0.00210976625831827	0.00617091688870711	-2.06834871249575
57863	1.66542564381608	6.05151854430897	10.5017165743893	1.28060226266728e-18	1.17530829884797e-15	31.7958602136325
5791	-0.0218022055331416	8.80420414434752	-0.260206422385557	0.795157795296061	0.851105527921979	-6.75906345411164
5792	-0.123756804072975	12.8495792253955	-1.9159978968664	0.0577832603236579	0.103398988360792	-4.9927260114362
5793	0.895181202499837	8.14868042203347	4.63876649326086	9.13292705921072e-06	5.63151106722047e-05	3.04078778618578
5796	0.610293006665226	8.928070388003	4.11741069558864	7.13393147105586e-05	0.000326582464592543	1.08955360884743
5797	0.00107400798042951	8.21791171548318	0.00974437869413475	0.992241679844993	0.994598721478543	-6.79272568188405
580	-0.296691610278528	7.5345622739002	-2.69936335916769	0.00796722097530863	0.0191417234601656	-3.2728546768652
5805	0.0849887886808436	11.2951888011596	1.20952697516484	0.228876790403029	0.320897033176962	-6.06873115257146
581	0.182742133345417	6.62907557583619	1.28026193302504	0.202962641624008	0.291509549611251	-5.98217443503892
5813	0.0945601708421295	9.0826489871596	1.14360791801039	0.2550997138858	0.350369743381561	-6.14507449585242
58155	0.0616364453618281	8.32518100607644	0.746453782036718	0.456877123897837	0.558090068529449	-6.51594309209077
58189	1.4386603944595	8.36535361389411	7.65688979641109	5.76780248639823e-12	2.97762803360309e-10	16.8459425836573
5819	0.0673277648275907	7.83704401269801	0.688730699841245	0.492343914827908	0.590498146722596	-6.55701863430612
58190	0.100671397303755	11.263273413823	1.15132433221637	0.251925051582913	0.34675902784117	-6.13635378912532
58191	2.09786510618158	7.05313940827034	7.99939587996339	9.606699633948e-13	6.84063267038022e-11	18.5926602307679
582	0.364059062596765	7.82549739700681	4.91076760058992	2.94410046490458e-06	2.11831618816305e-05	4.12232298072605
5824	0.124850894836941	9.05131282331678	2.44633721474741	0.0159057601233725	0.0348862396757984	-3.88634609369227
5825	0.0706613625579693	8.20879592145398	1.04557339401428	0.297893962057471	0.396954393465373	-6.25086708044724
5827	0.194749031489509	8.83390835075135	2.35288062334437	0.0202826593057929	0.0427166664624807	-4.09919632425977
5828	-0.0346843092939475	8.73516435083655	-0.546133411496783	0.586004737764225	0.67678958807781	-6.64442374937217
5829	-0.0984639690811337	7.59467806022317	-1.06414683375256	0.289433735792732	0.387475309181194	-6.23153693844939
583	0.230872159623845	8.67373159859967	3.106782413754	0.00236930374668105	0.00682134853523368	-2.1745732024817
5830	0.180649138909594	10.5932612745949	3.38854273644782	0.000955593893632862	0.00308810859209994	-1.33892492192907
5831	-0.403627647043121	7.02733431318832	-3.61638299377151	0.000440670183782342	0.00158524083462169	-0.619887106818577
5832	-0.4763990558895	9.38823060199956	-7.15329158959457	7.6896157976001e-11	2.48110259719441e-09	14.3245556755242
5833	-0.0955274751972323	7.95664882315066	-1.36992851571414	0.173308811332293	0.255996205580248	-5.86558690937576
5834	0.0088609466315587	7.90327930050515	0.101521733760542	0.919308516167841	0.944698724004276	-6.78764032297038
5836	0.0704226165147282	10.8112263169701	0.669219585205199	0.504661941612785	0.6021244601649	-6.57016164145533
58476	0.214520942991263	7.44199003766836	1.81220212930864	0.0724963402647965	0.12506678583693	-5.17986182967374
58477	-0.626543377147993	10.076987857768	-7.50504473393217	1.26716421820588e-11	5.47998766616786e-10	16.079382286283
58478	-0.0578634226005214	10.2504999984201	-1.08164108615084	0.281616340316784	0.378975394430862	-6.21302471814704
58480	0.31759802708868	10.7300093647201	3.78062426636542	0.000246903461592046	0.00095882585460757	-0.0784695342824753
58485	0.160806421736747	9.99834326941426	3.19930920041279	0.00176920861665082	0.00529672460077411	-1.90684031821091
58486	0.173864432907444	10.0791189121687	3.8344977223207	0.000203401295694381	0.000810985052827266	0.10322248787211
58488	0.00402818866315314	9.47156035378329	0.0675297960707906	0.946274169253689	0.964251744144519	-6.79050192919275
58490	-0.0818889166375569	7.48762537014819	-1.2021147386202	0.231724578930898	0.323999217790481	-6.07752386428575
58492	-0.270708349648189	7.36455296541556	-3.37960108681702	0.000984362659743732	0.00317115271820719	-1.36636627005137
58493	0.0783234256720517	13.0249457910626	1.13773009992721	0.257536775302702	0.352954000995573	-6.15167883503178
58494	1.27007834286554	8.90045922546371	9.89868540242699	3.47051710887756e-17	1.56874156610583e-14	28.5746822183943
58495	-0.214596193065751	5.55225753590975	-1.98501298767994	0.0494615560860667	0.0903677180426699	-4.86288453281765
58499	0.325513006533286	7.33826787345989	2.43538620852912	0.0163709783772352	0.035736811530213	-3.91167516411924
585	0.131527944828355	6.69602835853948	1.64061126457727	0.103539640662954	0.167659706005678	-5.46754962683816
58500	0.0916314178012168	6.23566838333119	1.60998563732868	0.110071487364403	0.175960999734851	-5.51602936327869
58504	-0.239019502859333	6.21984599053195	-2.1633175878468	0.032532026878254	0.0635860250862229	-4.50765218066974
58505	-0.290886696660045	12.6781062186854	-4.98966719149586	2.10485708267616e-06	1.58881166401078e-05	4.44365380388938
58513	-0.112863719565785	6.49309030036608	-1.7705462365409	0.0792170189387386	0.134716855747198	-5.25219570144727
58515	0.00146640206343939	9.52748986103216	0.0249890210621694	0.980105907277745	0.988362201698715	-6.79246198456186
58517	0.000135176931678188	10.8879069294726	0.00293592816149247	0.997662426526327	0.998273784770479	-6.79276867712434
58528	0.404957118576357	8.67453120570708	2.30420392336001	0.0229594173291297	0.0474467818710562	-4.20707351229647
58533	0.265735950725448	9.42180181514749	3.91696772968124	0.000150642853891556	0.000624967339600327	0.385206811019743
5859	-0.0365928108876171	12.1175209775446	-0.546688723873491	0.585624321868473	0.676557589477373	-6.64412229682326
5860	-0.0885664626375463	9.60608377164233	-0.88088824685968	0.380167970803203	0.481845548386445	-6.40761107570767
5861	-0.0550075707883734	9.19927515119388	-1.12916640965774	0.261116655366449	0.356729038752322	-6.16124145052775
5862	-0.413805499467105	10.6066941341778	-5.90019514476665	3.54817002553494e-08	4.63732348274028e-07	8.37433333249018
5863	-0.113466043734074	8.46884070495869	-2.21972954733618	0.0283471190126626	0.0564346114833919	-4.38938815191644
5865	0.369883728808624	6.7207566957378	1.83845970998231	0.0685080870680667	0.119232363923774	-5.13344974816804
5867	0.108644874287804	7.64415753796117	2.66905020016459	0.00867716651447958	0.0206254375279428	-3.34917965107182
5868	-0.0350009728935043	10.2847834065698	-0.610827157101657	0.542488150414591	0.638039601655207	-6.60725524120066
587	-0.311392159105087	9.21141573219709	-3.00227726475989	0.00327118058256195	0.00895293293968247	-2.46894187624111
5870	-0.064696983101074	9.58406636685848	-1.10954069304082	0.269451816227073	0.365944097671098	-6.182889738822
5871	0.396522909460729	9.88370086391801	4.70505768250676	6.95589235897401e-06	4.43673134248072e-05	3.3005409698941
5873	0.0166724340928989	6.87109537770795	0.186093738330987	0.852690607841977	0.89371203780409	-6.77552882852559
5875	-0.260510937410425	6.13251858511772	-2.23431665315917	0.027344572810353	0.0547156422997859	-4.35835180995542
5876	0.0133019875289907	10.1463764364654	0.210794814741543	0.833410769150078	0.880641288624747	-6.77064815463632
5877	0.11577652544493	6.63025225577803	1.54650646088769	0.124658600824565	0.194536187948404	-5.61372943656611
5878	0.291727155833167	9.47936916864187	3.14819986537845	0.00208050021615301	0.00610043726852108	-2.05554748030541
5879	0.235827108817249	12.1916631657585	5.37563703178958	3.90206347712126e-07	3.69198674925792e-06	6.06193816719976
5880	0.537658556008109	8.56533741632273	4.39390417173751	2.44522446470016e-05	0.000130306800505957	2.10363956061106
5881	-0.38797488777863	6.80516098396736	-3.14980401870308	0.00207000147911372	0.00607180831586625	-2.05091069507186
5883	-0.244160315829889	6.38077502421197	-2.71524612787593	0.00761666095661396	0.0184443328940578	-3.23256013426412
5884	-0.102696287312942	6.79071369375431	-1.62356962229731	0.107134691652375	0.172333505949098	-5.49463393702945
5885	0.184503145455151	11.2905022858641	1.74064671342073	0.0843507704533619	0.141988458109796	-5.30313220018195
5886	0.0478116776471918	10.3372514245949	1.14615883619007	0.254047120914997	0.349214381553982	-6.1421979194715
5887	0.141497443653692	9.47703321810332	2.35629630555697	0.0201056231606574	0.0424171137400126	-4.09154944013641
5888	-0.0201844095797605	8.47167748389397	-0.144897877344592	0.885038565968464	0.918278929142007	-6.78231788691036
5889	-0.678472785490666	9.55193081883394	-5.87641587686938	3.96531736418716e-08	5.06236807236259e-07	8.26691747184806
5890	-0.000536706639737627	5.83502065595213	-0.00782833282338689	0.993767169981963	0.995333675767069	-6.79274245010214
5892	-0.148961860541086	6.08887218076283	-1.52647988723532	0.129564879052568	0.201015383353533	-5.6437697209625
5894	0.0329275670307199	9.16494690032883	0.916544896370291	0.361249514769892	0.462790034312002	-6.37591269321066
5898	0.0266824865292538	10.4371400152036	0.511443584256433	0.609995661699516	0.697186130571192	-6.66265076347614
58986	0.0489064148124305	10.3584213402294	0.353257983911028	0.724524992629228	0.796350823568519	-6.73065829004079
5899	-0.12129858387636	11.9292516270608	-1.62364377356008	0.107118834717519	0.172333505949098	-5.49451667365804
59	0.617441408043421	12.8539775944642	4.88920149817472	3.22512750953814e-06	2.29453516182473e-05	4.0350749901628
5901	-0.40080825382213	11.7387622131813	-3.1626394500335	0.00198775262270505	0.00585759424314796	-2.01373838814655
5902	-0.188099061489384	11.9901008266111	-2.37687501197434	0.0190676402955005	0.0406133854669506	-4.04526548442098
5903	-0.242673326688407	7.34368900310238	-2.13158919605008	0.035113611324428	0.0678928908098725	-4.57293427401133
5905	-0.274983364130189	11.030993401516	-4.66841739525712	8.08803133646116e-06	5.07267569014192e-05	3.15665945089145
5906	0.0389666482900674	6.208776205318	0.512525531086232	0.60924076506709	0.696603165415776	-6.66210025974782
5909	-0.459702826284447	10.9846748621556	-4.35070816599924	2.89898504536383e-05	0.000151076444635364	1.94206108762956
5910	-0.111327974584253	7.95979997123035	-1.45799736427131	0.147496193851836	0.224244167350666	-5.74364791375982
5911	0.427847547313344	9.58560953634346	7.14090600405781	8.18913041721605e-11	2.59165583318792e-09	14.2633392151112
5914	0.631547700429757	7.3751009154515	6.64725362788391	9.7234239264519e-10	2.16483777985155e-08	11.858985337079
5917	-0.149299189161072	11.3160312931805	-3.16624862261079	0.00196517842099636	0.00579934753748836	-2.00326304850111
5919	1.85749054517484	8.12176756339841	8.16301997004789	4.04970137602891e-13	3.41331973122436e-11	19.4348831685717
5920	0.848209387288635	7.63820289116492	4.48523784159561	1.70014199650414e-05	9.60545341390166e-05	2.44902007016451
5921	0.118356181906598	13.2556984069756	2.09033204724374	0.0387339472000029	0.0735499779016147	-4.65648660065757
5922	-0.18761658276433	5.89544551504512	-2.03243874940075	0.0443528434824059	0.0824751209285621	-4.77117208535491
5925	0.499260616058675	6.82300383388975	4.61998699530369	9.86104827249947e-06	6.025214756604e-05	2.96766254468671
59269	0.268659009066781	5.95922905345542	3.57518072329264	0.000508185550856109	0.00179079037972332	-0.752708381756683
59271	0.522668721093161	5.79560347052785	5.0482915377712	1.63705578701767e-06	1.27446567396475e-05	4.68455241918913
59272	-0.338820227149451	7.38945698336073	-3.83277617636221	0.000204670833774825	0.000814345417620449	0.0973855575970006
59274	0.059674028608735	6.0798947610432	0.562965157458719	0.574526112542092	0.66688950106769	-6.63515122688928
5928	-0.0797532043575157	9.15128254779613	-1.26942061727291	0.206787628313092	0.295922697482006	-5.99575129580999
593	-0.199699583243124	8.25137045751054	-2.36136406488918	0.019845475414654	0.0419563928653806	-4.08018537952232
5930	0.0360451792177789	9.84599830009903	0.276094674196835	0.782958044491286	0.842636279804303	-6.75482254062877
5931	0.0960786823103389	11.539993536472	1.62745754197137	0.106305812318843	0.171333855561686	-5.48847865026577
5932	-0.0697251115011722	9.47642054556712	-1.3578728954924	0.177093447194374	0.260664613185551	-5.88170713128102
59338	0.227654855608878	11.3359920693564	2.49101205908897	0.0141275761669501	0.0314623292367237	-3.78195503020508
5934	0.0965646538965019	8.63308270958272	1.41673406821926	0.159193879327411	0.238993355733264	-5.80169421611519
59341	0.20354779400974	6.05352968377296	2.36168279423433	0.019829213727726	0.0419327458758363	-4.07946991190803
59342	-0.321405049513323	8.63511954468793	-3.01194575773653	0.00317604805070811	0.0087324087249014	-2.44206862078109
59343	-0.128913877533963	9.18415828341388	-2.08724490253422	0.039017322918777	0.0739350968821056	-4.662677682047
59344	-0.00763207624046819	5.44257856847272	-0.0976315258567555	0.922390438879928	0.946335240982264	-6.78802612616472
59345	0.126378311752899	6.70261263385396	1.2233484569475	0.223634129082338	0.315224898672374	-6.05219476928899
59348	0.15436385109792	6.13527232087131	1.98119594454724	0.0498936438344612	0.0910765741597015	-4.87017804059812
59349	0.221721180567881	9.43536699915039	4.65313231278474	8.61132903152498e-06	5.35211270130898e-05	3.09686423790861
5935	-0.210929558326736	8.9129503170777	-2.39415744603927	0.0182328705485636	0.0390366798162611	-4.00611314903868
5936	-0.15594591137921	9.50944400947587	-1.59870351608356	0.112559296605869	0.179347953311049	-5.53366852273709
5937	-0.220711965455894	11.8317712948748	-2.83560355546127	0.0053831941251633	0.0136825813466639	-2.92048060496572
5939	-0.282945159340918	8.71813024969904	-2.88802056741463	0.00461265953308407	0.0119700181411481	-2.78088064545799
594	-0.235068541955792	8.24095365014507	-2.75763896344952	0.00674848108270622	0.0166087546509876	-3.12399153677111
5947	0.511455966124472	8.34541202508478	4.44981891467177	1.95855675507937e-05	0.000107961726969413	2.31448432138903
595	0.760791618385085	9.85823189250618	6.33397583391167	4.49957866767755e-09	7.694931634579e-08	10.37299642798
5955	-0.148180776227543	11.7857194245406	-2.67467309874147	0.00854129965023087	0.0203376002049314	-3.3350794039177
596	0.539293917052258	9.27917786349179	5.38724602080016	3.70518121731176e-07	3.52589825518377e-06	6.11175598819545
5962	-0.103881367845484	10.387755274277	-1.65417097737007	0.100749041944931	0.164236646233498	-5.44580626581264
5965	0.0601165877147583	9.29743034920145	1.05914431278174	0.291696099332113	0.389935229079665	-6.236776121982
5966	-0.178463510755777	7.28782258030132	-1.84272692150431	0.0678775202870697	0.118309414975986	-5.12584762901107
597	0.748434778959437	5.47178935235548	6.37770552189209	3.64032918437588e-09	6.45196845616189e-08	10.5783915488071
5970	-0.0933191978324524	6.33852082628747	-1.08417853382231	0.280494630408629	0.377835232742217	-6.21031504849816
5972	-0.490846051611429	8.41271686994478	-2.04832920014959	0.0427451663411173	0.0800260820438869	-4.73999168977467
5973	1.11527641084831	7.38235720469268	7.02205909698359	1.4949697984635e-10	4.34804596313679e-09	13.6780448517389
5976	0.0159209555265603	8.45255644594012	0.231132979881533	0.817611563058373	0.869060804383241	-6.76617387163989
5977	0.108854472175711	9.34307746498397	2.18309199362275	0.0310077443521028	0.0610082728258693	-4.46651560522329
5978	-0.318658757937259	5.42922358128716	-4.21134645276803	4.98361416592028e-05	0.000239607991912116	1.42866480894532
598	0.436260034592764	10.3095396114307	5.08025084562813	1.42640840469651e-06	1.13289744449935e-05	4.81663747118666
5980	-0.110089862165872	5.37544766357832	-1.18303496448614	0.239172025847974	0.332194540693504	-6.09991449168451
5982	-0.0542446296055678	7.9354515592683	-0.54630713534529	0.585885716027127	0.676746750717951	-6.64432947575919
5983	-0.452606702463835	8.69535272425317	-4.93396355215485	2.66840043475486e-06	1.94193723269384e-05	4.21644552580919
5985	-0.433002039013664	8.86728228263876	-4.31006081539884	3.39925837531238e-05	0.000172256896810308	1.79106655628726
5987	-0.372352417686563	7.228575151396	-4.18032468201666	5.61364637230658e-05	0.000266486891007197	1.31604967218879
5989	0.252180116583738	7.85617296704238	4.08205057280544	8.15403860668161e-05	0.000367242960148256	0.963377746027922
599	0.253269084092357	9.34238808561656	4.15520489661313	6.17912030693296e-05	0.00028983267311338	1.22531069485062
5993	0.249967408791158	8.41830162965829	3.1155898710016	0.00230494298847592	0.00668263569140439	-2.14937384531621
5994	0.0944733038687115	7.2869638174201	1.71180085210811	0.0895589463213201	0.149426463894395	-5.35149285813147
5997	0.853618486882068	10.3294697037171	3.65291810057177	0.000387980975640276	0.00141739179955271	-0.501096252568076
5998	0.116326250857325	5.06878601203444	2.29030648651973	0.0237785947824071	0.0488585056971848	-4.2374953882956
6001	0.68354026376602	10.0494039153122	6.97274213481124	1.91699442547927e-10	5.38584148110843e-09	13.4363204714827
6004	-1.10694009125982	7.42088678333468	-4.40888561720603	2.30446660602246e-05	0.00012400582518401	2.15994569388469
6009	0.0357719858800369	12.096966757069	0.741528486149444	0.459845520163601	0.560720991519242	-6.51957568017075
6015	0.0412002359275914	11.2144746870986	1.1630844475661	0.247140580220821	0.341082906035754	-6.12295285096655
6016	-0.0726404701279773	8.15765222388441	-0.788814524139782	0.431801510698125	0.533774390656467	-6.48371757941486
6018	-0.140430172770243	7.5284204791913	-1.90164303611992	0.0596547835935086	0.106104330853226	-5.01919096860022
60313	0.15599763983641	8.43309762659829	1.20629694836349	0.23011465282025	0.322215126681686	-6.07256922929115
60314	-0.0175586345116508	9.42061225200735	-0.212441283386168	0.832129120285001	0.879849786681273	-6.77030124851722
60343	-0.104449916439822	11.5308265025612	-1.67450052730172	0.0966792484439132	0.158729992475993	-5.41288748876378
6035	2.8267159555575	10.0489181183437	7.10429165400204	9.8614264772759e-11	3.00573367905162e-09	14.0826111599402
60370	-0.216828100761165	11.0874586183497	-2.19581766837608	0.0300599697325386	0.0594719401175493	-4.43986008536794
6038	-1.21462249666997	7.96130455003691	-6.85361745405693	3.48546498069685e-10	8.83127016581473e-09	12.8553260556401
60386	-0.397890248633915	8.15796205773648	-3.24812229309487	0.00151289622395531	0.00462662821542794	-1.76294218910869
604	-0.306587347481416	9.00482063842325	-1.64051678728296	0.103559300247091	0.167659706005678	-5.46770052432223
6041	0.376333699098491	7.89690609771419	4.09379118241692	7.80076204704783e-05	0.000353451972071394	1.00518165832119
60412	-0.036832649595359	8.35564111745031	-0.755494269368489	0.451457044067732	0.552941160142269	-6.50921341725616
6046	0.0425889036577145	11.6341859256308	0.759158935782542	0.449270487900376	0.550753076589063	-6.50646261396583
6047	-0.05698516865043	8.45783989512299	-0.953120815893397	0.342476117792371	0.443771824084515	-6.34210947002511
60481	-0.179802088234799	9.6636373434593	-2.3540402806219	0.0202223999909515	0.0426114856952191	-4.09660126362226
60485	0.140407122963739	8.43929409869971	1.56600051413536	0.120024876618338	0.188731292759846	-5.58412708937291
60488	-0.170093991569026	10.0598995001722	-2.67909365863628	0.00843584071901342	0.0201271069725739	-3.32397577669015
60489	0.224245089874507	6.25056274476797	2.74506050796485	0.00699618280075949	0.0171530038392025	-3.15635934368274
6049	-0.178207222291192	6.44285128950564	-1.32361171923135	0.188189250656	0.273862440172403	-5.9267654606764
60491	-0.114917242175155	10.8366730675048	-2.73187331428699	0.00726472602295517	0.0176958528309082	-3.19015398025732
60492	0.153470253497743	10.9959100573074	3.27962268631583	0.00136635300182563	0.00422541212844616	-1.66911674643177
60493	-0.238592316511772	8.62490838272973	-3.67240945448255	0.000362368611344559	0.0013332383920218	-0.437333844790171
60496	0.212161793663649	10.4443572132038	3.03179523697374	0.00298869297896355	0.0082757639980687	-2.38666620003933
6050	0.188885628104684	8.75961171338031	3.11663756667293	0.00229739579618104	0.00666309314482283	-2.1463722251763
60509	0.096017072359379	7.96578854445344	1.36453638890419	0.174993932517729	0.258023899071125	-5.87281407320359
6051	-0.331488844066071	9.75189840486067	-4.71404909217889	6.70245721282956e-06	4.30165474576318e-05	3.33596595848125
60526	-0.145894892030538	7.99373511548062	-1.89385285406539	0.0606915769467063	0.107600864043742	-5.03347483324199
60528	-0.223967315689879	6.67743103849274	-1.70492374749312	0.0908385832801892	0.151092770417713	-5.36290903881966
60558	-0.389213472024575	7.84761556469549	-3.86946439804331	0.000179180566457311	0.000728361948295959	0.222216524308011
60559	-0.916931022339002	11.1877622135048	-7.91670424401712	1.483868542746e-12	9.88447916377579e-11	18.1688505729731
60560	-0.325652786792139	7.95469394818634	-5.76551176557958	6.63939553894818e-08	7.95956562434137e-07	7.76906612692765
60561	-0.19609310639582	7.60666330180672	-3.06964562662806	0.00265943282904712	0.00752291615340041	-2.28016119063953
60592	0.299383346357919	9.98866561758695	5.77769359612622	6.27546392251067e-08	7.56720175181579e-07	7.82349593045112
60625	-0.0536755507911957	7.05149262539428	-0.85917016698176	0.391987688125054	0.49409710116175	-6.42631003894511
60626	-0.0180510252555707	9.75103228398175	-0.324071405078751	0.74645737309158	0.814281286547339	-6.74049382430844
60672	-0.17057962803547	6.70853886626086	-1.79432845715543	0.0753198166894896	0.129182243740694	-5.21109374532055
60673	0.0826892204167648	9.02253295447318	1.21218826388214	0.227860501791329	0.319817798606012	-6.06556135806893
60676	-0.563316830547808	8.34011677318767	-2.24078784690635	0.026909831600654	0.0540289764271761	-4.34452358735603
60681	0.0920657506561779	5.81566776138869	0.692747822218201	0.48982819098351	0.588598360701605	-6.55426612649207
60682	0.107729930789761	6.99421767772032	1.53855392676278	0.126589023189799	0.197139014243541	-5.62570341291412
60684	0.225078373273121	10.0700683352897	3.47509970702041	0.00071507698606642	0.00240200728137805	-1.07022674693846
60685	0.0302770624944128	7.71170666734572	0.348112797696019	0.728375377669855	0.799412784952565	-6.73245357566099
60686	-0.154462747610056	7.73327344610942	-2.71737040301368	0.00757085155541242	0.0183441577728679	-3.22715506090723
6091	-0.163863324691207	8.19845728153012	-1.20379173142758	0.231078056643097	0.323399652299556	-6.07553915831086
6093	0.280532597973792	8.27073972274764	1.52043769069266	0.131074596824668	0.202786321365754	-5.65275927822906
6095	0.707759344481823	5.99019002270231	5.95563776913993	2.7357673646934e-08	3.7044981036668e-07	8.62568063246728
6100	-0.109228793261398	8.44978930454478	-1.50849549968848	0.134099106101003	0.206575646474129	-5.67042600773869
6102	0.207503734017554	7.66428927639544	2.39733399580773	0.0180830130635577	0.0388568386849601	-3.99888889194466
6103	0.126603931247984	5.92144018302075	1.51377550992079	0.132755202612145	0.204903127952439	-5.66263152051954
6117	-0.150665193557875	10.6062790181605	-2.14116773678599	0.0343162020383531	0.0665692411547198	-4.55332006832462
6118	-0.255132241738181	11.0860635370101	-4.43842466871089	2.04946022777311e-05	0.000112109546234476	2.27136484103823
6119	-0.265262880434952	11.1385845026461	-4.1617726269148	6.02621434323031e-05	0.000283304100598079	1.24899590398282
6120	0.028940351447262	9.0948471499419	0.47743538404279	0.633934770449819	0.71779317394318	-6.67936393310671
6122	-0.204441015077505	13.4358385564082	-3.40668216326153	0.00089963833207333	0.00292559552083689	-1.28307359956795
6124	-0.332699198416435	12.4643439357143	-4.10374125665889	7.51287970185791e-05	0.000342663646258124	1.04068042522162
6125	-0.121344848092691	13.0654776311214	-2.95319653607982	0.00379593771992485	0.010147069762647	-2.60421655667192
613	-0.116052182772548	6.81059259300659	-0.98444142891233	0.326911600065279	0.42848140535373	-6.31212845682479
6132	-0.176028030464791	13.0242870738596	-2.41974331414936	0.0170565119076122	0.0369878677754994	-3.94767823638314
6135	-0.235497178413117	13.5991343026035	-4.27792646044815	3.85253789529721e-05	0.000191467888177827	1.67242263585125
6137	-0.1486709256909	10.475777433644	-2.09321587348757	0.0384708361831064	0.0730671664457251	-4.65069559393904
6138	0.0556524663887263	12.2778699563773	1.03369097508904	0.303393347673864	0.402963346484341	-6.26305838784065
6146	-0.151680560641732	11.3402720430004	-2.69964612756599	0.00796085393346585	0.0191375592230582	-3.27213911688451
6150	-0.368469003965453	9.33555190994343	-3.09509486464266	0.00245728485109301	0.00703622309715884	-2.20791959490449
6156	-0.0576969516916514	13.6276261757929	-1.09604545361248	0.27528953550401	0.37185471189912	-6.19756011325901
6157	-0.0177762923717386	13.7793587492568	-0.373243698281016	0.709636371733712	0.783321719967989	-6.72343546043598
6158	-0.0890885733486355	7.04287935854258	-0.842286250239522	0.401330706327025	0.503798120708393	-6.44052839512385
6160	-0.120481419125607	13.1233567477563	-1.52471841385714	0.130003586161181	0.201544598665794	-5.64639397248864
6165	-0.147543348056334	13.4340004278479	-2.82987514476294	0.00547417740115519	0.0138914609319637	-2.9356020119173
6167	-0.216627376695512	6.5559712088855	-2.95660882526212	0.00375708712005268	0.0100660199843124	-2.59487369393376
6168	0.0101765828124271	14.0059745593797	0.254119185052235	0.799845518585621	0.854796737419748	-6.76062176705222
6169	-0.119585424139938	13.7986139791197	-2.71075588226553	0.00771432095723004	0.0186371135146885	-3.24397300224369
617	-0.582623770077592	7.73505479093483	-5.68105224208218	9.79816584127889e-08	1.12406735901338e-06	7.39345408777873
6181	-0.0394919906368338	14.0044483056731	-0.991623768533375	0.323409012956426	0.424969527047419	-6.3051189206797
6182	-0.0163624398621316	8.09243211543102	-0.161022586281123	0.872350814955419	0.908767528254731	-6.77986173299271
6183	-0.364255108659682	10.8711557269767	-3.85480711101338	0.000188978796539432	0.000762562217594388	0.172235046012355
6184	-0.278025391618741	12.3012075003482	-4.98761284101867	2.12341236071669e-06	1.59885014580856e-05	4.43524498911046
6185	-0.144406386580474	12.0793706394414	-1.74891598247098	0.0829043729886053	0.139867263252835	-5.28912709315265
6194	-0.142703405269441	13.9355588043302	-3.03896317888644	0.00292358423994356	0.0081327541667843	-2.36658320515711
6196	0.832190451369302	7.32504303304858	6.53135213960551	1.72022518945193e-09	3.43214011228814e-08	11.3053512326095
6197	0.178382813684648	6.93814469566762	2.08833804096154	0.0389167780957213	0.0738176072420196	-4.66048643011781
6198	0.229022850898037	9.86077509036102	4.5588580375254	1.26409587685244e-05	7.44221806329378e-05	2.73105498922296
6199	-0.141044654324862	10.8714010434399	-2.06115082411961	0.041484592498612	0.0780375162920826	-4.71466829136573
6205	-0.0586003511086887	13.8731960403156	-1.48269104067236	0.140820876001481	0.215443681380298	-5.7081422011974
6208	-0.0184208046551958	13.6992397274251	-0.47105647867594	0.638469598770122	0.722234851525775	-6.68237129389608
6217	-0.0507727905879606	13.8631271795389	-1.48483823567782	0.140251734004757	0.214692239228928	-5.70502772133016
6218	-0.190217357363223	13.9280554304395	-5.00917297360447	1.9363555291253e-06	1.479583410784e-05	4.52360574278865
6223	-0.111635788310465	13.7943308726209	-3.14087695935954	0.00212905784260678	0.00621633714384305	-2.07668894687038
6224	0.0118165824508849	13.7580806358135	0.243160162681771	0.808303284648726	0.861050442506897	-6.76333435919111
6227	-0.322660644894128	10.7228158571984	-2.96237162683353	0.00369230482217217	0.00990852431161214	-2.57907404764101
6228	0.585455579052028	9.60700833031817	3.38986425880099	0.000951409544113113	0.00307578975905061	-1.3348642086798
6229	-0.0921274457796659	13.5927779179385	-2.01873283599629	0.0457807421703859	0.0847677494569352	-4.79788422948988
6233	-0.0112115167074775	13.8551979553857	-0.340362736047535	0.734188210987453	0.804403053820979	-6.73510815121387
6234	-0.00796145237375211	13.6274370740588	-0.131411023249514	0.895673835480475	0.926520460997962	-6.78417345467834
6235	-0.0988777494456222	14.126518351438	-2.96922059238473	0.00361665056915762	0.00973713614773207	-2.56026211446044
6236	0.0664511818111467	8.55012412239434	0.441258555395006	0.659832843772162	0.741123101653258	-6.69588574352884
6237	0.73819008470236	9.74895757911604	6.34208398905341	4.3264255412454e-09	7.41416493167781e-08	10.4110283446796
6238	0.0685488345199713	12.5563611726221	1.49535968538302	0.137488753831799	0.21112792464225	-5.68970377043815
6239	-0.249183404399644	7.42547709878069	-3.79456006300713	0.000234871774837507	0.000917710908305491	-0.0316620699658978
6240	-0.202769500689872	11.4035880422042	-3.20606876703691	0.00173144977170174	0.0052044305364834	-1.8870222787546
6241	-0.932794263120843	6.98006217578782	-4.34672339211806	2.94470746815985e-05	0.00015307289922593	1.92721348383592
6242	-0.0989458438719456	9.31656918548213	-1.13482274158875	0.258748252360356	0.354144252609203	-6.1549332506223
6249	0.200786406880868	12.2590250129873	2.56092555364492	0.0116997229157733	0.0267996980821651	-3.61518797477293
6251	0.117634504489988	9.27184244272321	2.11942683127615	0.0361491656973023	0.0696049688067487	-4.59772219542147
6253	0.0116935416455203	8.27990634318942	0.143889722993818	0.885832861492973	0.918872213478835	-6.78246285434759
6256	-0.0700218133211525	10.1906237325465	-1.2822973060981	0.202250385937357	0.290840561950308	-5.9796129675758
6257	0.212906548866839	9.4608063376732	3.18799735867844	0.00183411575164942	0.00544760737455023	-1.93992647752995
6272	-0.0146199521434746	9.62554089780956	-0.230253319535051	0.81829340512415	0.869449900479223	-6.7663759054715
6275	0.858080760327674	11.2485199308042	4.84761618709669	3.84239889757107e-06	2.66707688184345e-05	3.8675525004061
6277	-0.12644391983446	12.2167129041297	-1.2739643716684	0.205178117829139	0.294180047434245	-5.99007470280014
6279	1.24107712376758	7.66120273176464	5.1202898645938	1.19948476401381e-06	9.75171668381306e-06	4.98286184813192
6280	0.739024978003271	13.0644078763377	5.96777527793205	2.58397629857297e-08	3.53591716507474e-07	8.68087242126175
6281	0.110759442345077	12.9907325706604	1.43343124444894	0.154377513928514	0.232863087116422	-5.77839955265079
6282	-0.0624511637989268	12.1070099653733	-1.39199738687648	0.166539794427562	0.247769819043436	-5.83572009845993
6286	-0.0140532053007533	13.7633883272626	-0.324909816688715	0.745824334727276	0.813912456508332	-6.74022309204172
629	1.51157559180894	9.50511550179543	6.12351998746633	1.23603684237096e-08	1.86648342193495e-07	9.39427187745007
6293	-0.103322021159671	8.71824770878468	-1.4870872245087	0.139657533284213	0.213941250913873	-5.70176093770053
6294	-0.119278174548417	9.76107084599685	-1.81305570985414	0.0723637268367799	0.124906183281077	-5.17836298655077
6301	-0.0711680190844774	9.68206772170811	-1.11218653560283	0.268317448745525	0.364703328391976	-6.17999289138982
6302	0.110800358052201	9.62985170633388	1.34880490412115	0.179981017331806	0.263916776701707	-5.89374145435322
6303	0.234734818950576	14.0267651747033	4.05571569778783	9.00299478610428e-05	0.000402812651054652	0.869936719326695
63035	0.0876175385706387	8.36792619072163	0.88326286377777	0.378889210989747	0.480815007339885	-6.40553862625229
6305	-0.0237119280260246	9.06871441600877	-0.427073568912268	0.670103551702231	0.749601210327793	-6.70201003362881
6307	0.253005334980311	10.7646960515599	2.78005743945723	0.0063267119048902	0.0156932853857036	-3.06598099004828
6309	0.0407796587690326	9.12009242491239	0.632399079872183	0.52834893253371	0.625059035051339	-6.59394320268325
6311	0.0110629520615173	10.6001940438154	0.222700928793057	0.824153088524522	0.873447752286723	-6.76807881000369
6319	-0.153844337845825	11.0311388202835	-1.44705825399003	0.150530496146924	0.227934353469036	-5.75919291895573
6320	-0.243334181703631	7.83998445483213	-2.03999862332247	0.0435816587218063	0.0812973127918067	-4.75636622168624
6322	0.896724553158275	8.20947565275938	5.75396834870616	7.00331916466269e-08	8.32336925181494e-07	7.71754754878078
633	0.845577413642142	12.5006702347106	6.90572512506698	2.68473551520079e-10	7.08495698260655e-09	13.1089551998193
6338	-0.279005540270521	8.26535347942037	-1.60848161089043	0.110400574803883	0.17638467076984	-5.51838770581506
634	0.0489254736477734	7.73695548680062	0.298484810365565	0.765857851059898	0.829202497018581	-6.74842015731846
6341	-0.151440018923969	11.0176145615933	-3.15089420254772	0.00206289464148426	0.00605589947125179	-2.04775839594226
6342	-0.0406218793527419	6.85799558484212	-0.359435647348076	0.719911269908022	0.79254526048784	-6.72846802331075
6347	2.4063238482286	7.768179859407	8.32386353584649	1.72505155580044e-13	1.72991072098491e-11	20.2671632357901
6352	-0.578374830675346	9.92294048727394	-3.03128156311803	0.00299340990858842	0.00828327163984601	-2.38810384681127
637	0.750960375409614	6.98968732389468	7.23584429520145	5.05000317390808e-11	1.73804275902003e-09	14.7336092335284
6376	-0.00542397865065461	5.00498481108225	-0.0766383072293267	0.93904100194235	0.958773631154983	-6.78984798652086
6382	-0.148901508767922	12.7838871990635	-1.65097330088959	0.101401595912949	0.165137457066434	-5.45094921601996
63826	0.651041920244169	8.25640268179688	4.01523027190809	0.000104750115685268	0.000459987217203782	0.72717549115361
6383	0.785012584938082	7.6768042107664	7.30157711735568	3.60877866402744e-11	1.31896069756047e-09	15.0605753575728
6385	-0.367419125988191	8.71915749871626	-3.64099398732874	0.000404484522410647	0.00147052911756688	-0.539970953437908
6386	0.191997860633653	11.3622616890451	1.84658412126021	0.0673117081350208	0.117496768638054	-5.1189616473057
63874	-0.037589149140969	7.25882222098665	-0.383998458397813	0.701670269374514	0.776604103582137	-6.71938462657298
63875	-0.0680426547909032	9.60907539502324	-0.595267111760323	0.552804191812153	0.646948515779028	-6.61657237350158
63877	0.138588591157045	5.45250947521011	2.46771709530504	0.0150313073897648	0.033250829951649	-3.83660031319756
6388	-0.305037598662327	10.9638077010528	-5.32708271476854	4.84225525413333e-07	4.45402225403082e-06	5.85427866414274
63891	-0.0713943881996327	8.82773996718307	-1.54422218081843	0.12521069882861	0.195287079366374	-5.61717489894885
63892	-0.0741503376245239	6.96951388113989	-0.94875309236664	0.34468414687971	0.445484439559756	-6.34621457921184
63893	-0.370048775646463	6.5925742156911	-3.87014975518328	0.000178734460752915	0.000726906275637162	0.224557182639101
63894	-0.0133828610172959	7.52753181925499	-0.185025981441501	0.853526121770553	0.894118676705741	-6.7757261165558
63897	-0.244199770578068	6.41208505612851	-2.17971777350706	0.0312633634709898	0.0613677239235684	-4.47355939125755
63898	-0.660266835071634	7.65195020287771	-5.94268304631556	2.90744635656123e-08	3.9177009633272e-07	8.56683861295367
63899	0.035392586909819	6.45696435819077	0.627081716414706	0.531816444262842	0.628351284453022	-6.59726716502575
6390	0.106127539158531	11.2205494423794	1.74871115701737	0.0829399520786237	0.139898714349486	-5.28947475309092
63901	1.05370450173871	9.2021145580226	6.06721332271365	1.61536267328898e-08	2.36576164563244e-07	9.13525558806391
63905	0.0145294677293023	10.3562146908653	0.26883838723946	0.788523260531829	0.846310048335877	-6.75679053441323
63906	0.122867715410886	6.96709900535569	1.75238911086275	0.0823029797558608	0.139079912598897	-5.28322610651984
6391	-0.277440823849443	9.39364634812714	-3.2460057783427	0.00152325035110983	0.00465312422343461	-1.7692192844862
63916	0.169877668503846	9.00932882799164	3.55897734595349	0.000537322119189972	0.00187903501461015	-0.804607974065907
6392	0.061765077901385	10.7809113539652	1.00902512892997	0.31502602986814	0.415540563192404	-6.28792853343639
63922	-0.471567661934109	6.68508711574252	-4.90136748561085	3.0635393340972e-06	2.18710759720336e-05	4.08426278859614
63925	-0.0112279172061788	5.66840368772714	-0.134461602590677	0.893266520156662	0.924493353776974	-6.78376959298392
63929	-0.0544267277586903	13.8613776492346	-1.37167743144095	0.172764894992473	0.255329760715303	-5.86323687861951
63931	0.110453430024107	6.96392667272246	1.7503491377284	0.0826557778468443	0.139561881646552	-5.28669345000043
63932	-0.0488747776021999	7.27686993211354	-0.492425249515827	0.623333204129451	0.708801248087729	-6.67213832218598
63935	0.0908722626990668	5.67450798735324	1.18566418462725	0.238135717359927	0.330866446659882	-6.09684980189427
63940	0.863250168556691	7.23317828972872	7.10940055724498	9.60922220462517e-11	2.95702021738173e-09	14.1078069558081
63943	-0.370329379613197	5.83248833819567	-4.4147394213634	2.25161681912464e-05	0.000121637376886655	2.18198372700033
6396	-0.195988653041724	10.0657733632278	-2.69811010583807	0.00799549586933139	0.0191929078409408	-3.27602530285325
6397	0.324282036388623	7.27623347104735	4.19274339532932	5.35276281743017e-05	0.00025586701893503	1.36105839420744
63979	-0.435803731285132	7.12971090675696	-4.97866310284692	2.20612105830613e-06	1.64674351194021e-05	4.39863829782634
6398	0.123199205022506	5.64942819859811	1.61691768667367	0.108564859198476	0.174125385821246	-5.50513252923804
6399	-0.16440307852204	9.10265421400874	-2.24409262891374	0.0266901532847628	0.0536661796816312	-4.33744748289244
6400	0.0796815771699803	6.21632817449678	1.20207008077	0.231741813402683	0.323999217790481	-6.07757667955768
6405	0.850656580766272	7.4902991355396	5.75761306780405	6.88634980276417e-08	8.20797249218355e-07	7.73380784276486
64062	-0.0352307350580459	9.05612201475448	-0.607557394909683	0.544647857132002	0.639941863429635	-6.60923295416914
64063	-0.571491972955193	6.31830365665434	-3.08431683341675	0.00254109322717056	0.00724272948807069	-2.23857651804779
64065	-0.0333955982017671	12.16578300198	-0.281261590148036	0.77900209990761	0.839823694918502	-6.7533893047103
64073	0.255084539735954	5.19822583209022	2.36610856770966	0.0196046238076032	0.0415322371507572	-4.06952609172039
64077	0.125010363313525	8.46626785162881	1.39410673208214	0.165903498586637	0.246956730640769	-5.83284124707555
64081	0.0182840546860578	5.82129349989371	0.247842078554825	0.804687116759846	0.858250041554619	-6.76219009790135
64083	-0.0552765542030016	11.1043259024283	-1.02296582397218	0.308415451404888	0.408559028735714	-6.2739448622051
64087	-0.535565299080805	6.78292713500577	-5.77782948675768	6.27151665579833e-08	7.56720175181579e-07	7.82410346328489
64089	0.304608068852667	6.68453499884402	2.55026825611564	0.0120437700041304	0.027450756135242	-3.64087611832595
64091	0.244330809020402	5.22750477578859	3.22443218541443	0.00163262677276821	0.00494336405537587	-1.83300673221521
64093	0.589860829755274	5.5174292334229	5.66463097104089	1.05646920916858e-07	1.19868621809512e-06	7.32078644175701
64094	0.373987801538551	6.74049397430068	2.68040069417127	0.00840488615037547	0.0200648438156362	-3.32068964106816
64097	0.0503643205468304	6.81741720421903	0.639784931013969	0.523551960861699	0.620183449981017	-6.58927995140352
64105	-0.181606734677316	8.36553760780306	-1.66200513497869	0.0991646320629186	0.162117818729293	-5.43316615900878
64110	-0.115963031900319	7.45729183149683	-1.86047643595368	0.0653063245663409	0.11465042314941	-5.0940482024603
64112	0.231669653277864	9.22223647409484	2.97729313892533	0.00352931475902141	0.00955807865885797	-2.53804147985742
64114	-0.00540164099951534	10.619631417555	-0.0633339412069151	0.949607689339324	0.966694542019081	-6.79077537189758
64116	-0.348693333191223	11.5195918239492	-4.26395759436827	4.06721072004395e-05	0.000200807893290873	1.62104933949926
64118	-0.256965714513035	7.07882959058405	-3.42859891710313	0.00083613345777848	0.00275487130484653	-1.21526648761761
64121	-0.0579641207053037	9.23250193595469	-0.823002361417138	0.412165848071493	0.51439410458432	-6.45642674682192
64129	0.730549620719765	8.9937819536701	6.41130162294371	3.09204085797262e-09	5.59063296589229e-08	10.7366495188586
64132	0.277864226561626	9.41717682654596	4.52324115403621	1.45952081633493e-05	8.41874437355207e-05	2.59420708449204
64135	0.0973993419824554	8.52315836944993	0.872373285743538	0.384775426302008	0.486565373737689	-6.41499724654059
6414	1.61970108532432	10.7431421229765	7.71902543953584	4.17377010999271e-12	2.29835607390265e-10	17.1610676369414
64145	0.0776501579157755	10.2355379407855	1.95831437033326	0.0525515632243972	0.0953175037842602	-4.91362423840827
64149	0.570195855637338	5.38672680029281	5.33737274966324	4.62612994258212e-07	4.28383781678569e-06	5.89819249816226
6415	-0.340893752246394	9.87413191676421	-4.46501021202318	1.84339006026563e-05	0.000102603786373275	2.37209483281887
64151	-0.651788703549926	9.29630221384945	-4.53492907953537	1.39237774515451e-05	8.07657315658443e-05	2.63903200210228
6416	0.221294597057877	9.11491280867336	4.26068300156646	4.11917295199588e-05	0.000202646626465074	1.60902409502386
64167	0.143263941252545	12.8765527938609	1.58834129091155	0.114883620978043	0.182312912445463	-5.54976485256684
64172	-0.222664676772766	7.26458300403339	-3.08027099413915	0.00257323080515368	0.00731413848952835	-2.2500610296798
64174	0.61119652093448	8.56681402444305	3.69442988425979	0.000335360875531286	0.00125229694027506	-0.364974885179454
64175	0.0981933241644483	9.01896156905227	1.51716534798206	0.131897980364143	0.203831116521575	-5.6576135527161
6418	-0.0121421350431637	12.0071933777495	-0.264740411318062	0.791671063808428	0.848145653314866	-6.75787882659527
6419	0.00168005682138044	9.50902518028242	0.0279926965017793	0.977715237248552	0.986674142904465	-6.79238273097279
642	-0.0878004847044007	8.84782305584794	-1.43431933463765	0.154124515939255	0.232523927243516	-5.77715317393879
64207	0.317199372358929	10.1561572064099	4.21490806428885	4.91578353583722e-05	0.00023662221448727	1.44163336721073
6421	-0.0862553817960584	9.22190406590073	-0.98315020876382	0.327543921387442	0.429037867215393	-6.31338329649259
64210	-0.103389092276417	10.0082299486146	-1.8178916939366	0.0716161946954697	0.123735607266875	-5.16985865529909
64215	0.0300754283667531	7.15250854495664	0.343801863257528	0.73160681067747	0.802213229283938	-6.73393753156625
64216	-0.24728676807449	10.2112644083087	-4.34079542763373	3.01401321272159e-05	0.000156184122566376	1.90514352229901
64219	0.0688756514842198	9.19419329777744	0.650602579300341	0.516567162720755	0.613404940206072	-6.58235290642888
6422	0.335466719706461	9.20248394875938	2.37051363657761	0.019383321844829	0.0411689993412928	-4.05961200073443
64220	0.085187921639905	9.18105313245878	0.929896006368769	0.354322312041574	0.455551131457733	-6.36372469131941
64221	0.122817410257604	5.83850885236832	1.3025183740203	0.195274235043503	0.28228302090643	-5.95395046448585
64222	0.403208993749025	6.68734270636788	2.62024659262612	0.0099411238897235	0.0232484947137928	-3.47045684981187
64223	-0.00363687536546065	8.22497672503036	-0.0616044970875451	0.950981960380578	0.967735738911368	-6.79088297643791
64224	0.12038599006751	8.12805855196371	0.755265698703055	0.451593624510099	0.553026440096875	-6.50938455222706
64225	-0.490767422956524	8.27050078783206	-7.48905316748653	1.37627530832535e-11	5.80001737079969e-10	15.998953893653
6426	-0.0979816961060665	11.5652163207297	-2.01702137971493	0.0459617688483218	0.0850457461216707	-4.8012079388304
6427	-0.103558775377195	12.1179069249512	-1.75297547925994	0.0822018008264843	0.138994242543861	-5.28222874689851
6428	-0.145024219046204	9.83782788877286	-2.06870005322609	0.0407573958768034	0.0768270401511629	-4.69968944900485
64284	-0.229280343706151	10.1342917282602	-1.66362408359561	0.0988397336439348	0.161730625970464	-5.43054694693184
64285	0.259534752944472	10.7591486960277	3.09041538156511	0.00249335216711119	0.00712386333460341	-2.22124101347452
6429	0.0212991618182511	11.4123749070915	0.432453321421224	0.666200827223233	0.746043768013002	-6.69971083217106
6430	-0.197414448278961	12.0378978480285	-2.16201296753439	0.0326348392323232	0.0637568051227506	-4.51035403260515
6431	-0.0077722232912744	12.0983012015772	-0.1186942576653	0.905719297554251	0.933288597529705	-6.78575719389853
64318	-0.02630598771825	9.58271668403466	-0.37263858837019	0.710085546045934	0.783503421097972	-6.7236599672176
64320	-0.15344748440277	6.18652108688765	-1.68897029335154	0.0938644607679519	0.155244410568028	-5.38922379670071
64321	0.492218948481858	5.14851581378823	4.72677196287801	6.35907388856182e-06	4.12291603763898e-05	3.38617078613481
64324	-0.0365244085829058	6.36022526456011	-0.62006569793407	0.536409471009189	0.633072646015943	-6.60161032053552
64326	0.0748034348296659	10.3440033981918	1.49847087447908	0.136679936638253	0.21004209797804	-5.68515253452908
64327	-0.102688184666395	9.85589070162028	-2.25983545141403	0.025665080923926	0.0520357310828739	-4.30360817603886
64328	-0.0739552272054112	9.1674921240531	-1.36197931184643	0.175797373787508	0.259069814002643	-5.87623171922729
6433	-0.149711126949981	8.23925784342315	-2.94197883673259	0.003926277016366	0.0104414192386295	-2.63486520057156
6434	0.070769667898512	11.5823794909558	1.43105864395311	0.155054984577744	0.233714265075213	-5.78172569312348
64343	0.00362137483821358	8.62016244682637	0.0564028679218487	0.955116212848975	0.970814417846077	-6.79118866418774
64344	0.716583714715278	5.26931139442927	6.178128854048	9.52391461641498e-09	1.48429310814317e-07	9.64664162005272
64359	0.103811052435813	7.178539161756	0.80758549938557	0.420953282264545	0.523655739684509	-6.46887516452347
64374	-0.14333310321133	11.3802974156297	-1.63064941564559	0.105629181122022	0.170409577357012	-5.48341481610567
64376	0.0481053198510052	7.66402340932676	0.750911996460566	0.454199656922406	0.555641167976759	-6.5126344562171
64388	-0.83352627454144	7.55840400208578	-5.1306494760507	1.14675279024143e-06	9.35985973062669e-06	5.02600465553922
64395	-0.327582578768279	8.35401983011812	-3.2740996581938	0.00139104880026624	0.00429695702700042	-1.68562180610423
64397	0.0782999045186915	9.46249417735902	1.40539586065335	0.162529511557192	0.24306719262373	-5.81736210543092
64398	0.287123134823966	10.0110420837897	2.69997708663364	0.00795340765306929	0.0191252248076717	-3.27130152394827
644	1.34101055433253	9.20525933403036	7.20073568655786	6.04012034971392e-11	1.99565576354548e-09	14.559426394949
64400	0.358138032459097	11.4173734956402	4.25150519959076	4.26823061724296e-05	0.000209135372158503	1.57535651544431
64403	-0.0932469121708571	5.39644922518345	-1.52182538048747	0.13072664889659	0.20238160923052	-5.65069770947598
64411	0.746624505720419	7.05344301497516	6.31659814941667	4.89401371548069e-09	8.28371993644887e-08	10.2915645751524
64417	0.0660048445663883	11.8112586329317	0.604924050377856	0.546390343873428	0.641441762421051	-6.61081806201406
64418	0.15798168582166	8.03764584423614	2.37456356846495	0.019181814665695	0.0408355126645982	-4.05048241283719
64419	-0.0213092108668534	9.65320437051841	-0.473876239640046	0.636463299659284	0.720261248826646	-6.68104687539996
64420	0.367202345807559	8.67733527790448	4.34399903304415	2.97636618771352e-05	0.000154524102517371	1.91706793141129
64421	0.0585247037686244	9.23767909599629	0.44156840096403	0.659609212603952	0.740972677289357	-6.69574974367869
64422	-0.225685033637983	9.95901264465655	-3.28144636265394	0.00135828892274411	0.00420362176915187	-1.66366178232835
64423	-0.0960257599970731	11.5764726074656	-1.57393959528056	0.118177352067675	0.186429512620129	-5.57196945514378
64425	-0.382772997302331	9.08680825285223	-4.47422348785699	1.77675564396838e-05	9.94983160622292e-05	2.40710228733551
64426	-0.0804339944462307	6.07955639497203	-0.991691942724387	0.323375885789048	0.424969527047419	-6.30505214666972
64427	0.0340877592798887	8.61493191428542	0.540035433848883	0.590189765675962	0.680481220614664	-6.64771399804587
64428	0.0104582480517325	7.14892736629051	0.180415092608416	0.857136016440875	0.897043317930956	-6.77656503589698
64429	0.0615840269528219	10.1318266736188	1.58222713443674	0.116272910964173	0.183987403173194	-5.5592153552041
6443	0.557018045292051	7.21489188047024	6.59386156782972	1.26527522208934e-09	2.70755785866785e-08	11.6033960469152
64430	0.167622698837973	9.30762941101852	2.79648702976575	0.00603302571156714	0.0150688818801163	-3.02320636162746
64431	-0.192813033853747	10.41017721618	-2.49654796429975	0.0139200830493009	0.0310588562904444	-3.76890102973058
64432	-0.102018463832618	8.29375099795683	-1.52390344589339	0.130206954263088	0.201822000790599	-5.64760713055586
6446	0.0940047158709303	11.6867745250428	1.21696122048579	0.226045977935008	0.317811025998837	-6.05985939251851
64478	-0.120684796377163	6.43894555443794	-0.824940822172856	0.411068796543462	0.513525145107229	-6.45484505907645
6448	0.0651633422634512	9.60093020803026	0.761898844968293	0.447639678661405	0.549370143252416	-6.50439734912404
6449	0.661777300002296	6.9264258333149	4.4124745959201	2.27192426511011e-05	0.000122639676460608	2.17345478258826
645	0.742287881023331	9.71018679815103	4.22496987240728	4.72891197683384e-05	0.000229095677000865	1.47831397028286
6451	0.996647551939523	10.0233728915745	7.13589328335621	8.40030883318004e-11	2.63827189969837e-09	14.238575197644
6455	-0.0967890629908454	8.64050907052418	-1.25480498565296	0.212027767808107	0.301998611843589	-6.01387702875645
6457	-0.20661585808241	7.60495585025165	-1.61879031199288	0.108160705755801	0.173687140018376	-5.5021811762847
64599	-0.125460180511001	5.69256539394833	-1.7075943892531	0.0903398937893505	0.15041049602105	-5.35848089238455
64601	-0.0183531718519535	8.96840993293609	-0.222360529754952	0.824417430954835	0.873596918497362	-6.76815422652088
6461	-0.0280659056964619	6.65600202039924	-0.395299977075226	0.693334825565768	0.769894137604573	-6.71500418381615
6464	0.0184856487891926	11.132069310098	0.389582913358529	0.697546829994329	0.773179926966339	-6.71723594263305
64645	0.410704507729465	8.98013892180777	2.63937026374537	0.00942727185521852	0.0222047648424053	-3.42317093894719
64651	0.366503111028245	10.6163314855365	3.45528001107901	0.000764505835786362	0.00254546404273927	-1.13224046994983
6468	0.107144078676903	8.96473263533454	1.97249282313924	0.0508908321006644	0.0926103267573228	-4.88675865588107
64689	-0.0682519191710027	8.65431403829211	-1.0286237885479	0.305759183044778	0.405583885008811	-6.26821568823829
6470	0.0765303795332515	8.94710014597484	0.750378140026972	0.454519801837554	0.55586816156029	-6.51303168283685
64708	-0.030711613496123	8.75496971506201	-0.51210208043237	0.609536165210083	0.696757365712052	-6.66231585296771
6472	-0.670236875217507	10.1562451572967	-6.07676038402616	1.54382172423787e-08	2.26903335270549e-07	9.17908634585488
64743	0.164917133297653	9.79069858075885	2.55001889945217	0.0120519275518119	0.0274617714697838	-3.64147601617242
64744	0.762671183333662	9.30768612511586	7.96249773311945	1.16652736196244e-12	8.02959667484143e-11	18.4033936089134
64745	-0.173674064760773	8.48370751855898	-2.35086051210338	0.0203880093902865	0.0428947930625998	-4.10371411668255
64746	0.0385932622361612	10.8966970155467	0.929349941836608	0.354603959514884	0.455809011141136	-6.36422659091193
64747	0.365366060462067	10.4406451409501	5.78400491604931	6.09468425602219e-08	7.3815384097864e-07	7.85172057607264
64748	0.32789940095232	6.19587083736137	3.82480743262956	0.000210646139812771	0.000834502213358987	0.0703938963046769
64754	0.21455762805137	8.90432218996694	2.56484957550642	0.0115752855773302	0.0265441029618954	-3.60570548061394
64755	-0.222124399098141	10.9775988507959	-3.8775703863577	0.000173971529505609	0.000709632016650041	0.24992088475233
64756	-0.0389173995699693	10.2542154623085	-0.791042208177124	0.430505557840401	0.532570901267292	-6.48197418246225
64757	0.121725666305258	9.58115453197359	1.11202621893635	0.268386087548223	0.364736604664087	-6.18016860917143
64759	0.464441469658394	11.86817972013	5.33566848639457	4.66126249318888e-07	4.30671456305818e-06	5.89091582398932
64760	-0.0469664702740334	8.88929092971556	-0.698253644029773	0.486391580142739	0.585655167926972	-6.55046777975601
64761	0.265599968858057	7.46304537968799	2.26183809869304	0.0255371859541173	0.0518527915390877	-4.2992879320464
64762	-0.381532679570836	6.65901323926381	-4.26363959156358	4.07222913947069e-05	0.000200935559689533	1.61988124650415
64764	0.0184797950926397	12.0724012018476	0.297117123817043	0.766899193111531	0.829894842801159	-6.74882553055829
64766	0.0578175741706306	8.82390014111668	1.4955184412375	0.137447391706812	0.211103654797001	-5.68947175315128
64768	-0.703418815309734	6.45985730316074	-5.51991263521223	2.04169908568e-07	2.12934778380263e-06	6.68559151991427
6477	0.0892694004583624	12.8663949416635	1.42218655484902	0.157608586208479	0.237044231988718	-5.7941162963211
64771	0.165147112689692	6.74157015734995	2.06009383491963	0.0415872921552761	0.0781772947661767	-4.71676145945037
64773	0.442665268382613	7.39595581258045	6.51243042530969	1.88737816590073e-09	3.71184372627144e-08	11.2153895509616
64777	-0.131266529021407	7.46105866960169	-1.84566431435708	0.0674462763348686	0.11770679115276	-5.12060494568933
64778	0.317674175125705	11.6339892728231	4.07801420912423	8.27899273254251e-05	0.000372667465780933	0.949026540873015
6478	0.311843404920111	9.79380202572693	3.20901317912146	0.00171523812125152	0.00516321679356325	-1.87837874676478
64780	-0.334442441496454	8.01421368918961	-3.47657564951936	0.000711519028632206	0.00239297523473209	-1.06559715240729
64781	0.385471273360755	7.34882037664949	4.0143012509082	0.000105113511677785	0.000461337729255315	0.723912238284834
64782	-0.694106009779029	8.29125540288552	-6.27174704877221	6.07635910544447e-09	1.00381452421943e-07	10.0818971484508
64783	-0.0980017209825707	9.1765391126203	-1.69593549890945	0.0925334545027255	0.153424899495937	-5.37776385344723
64784	0.019545771196311	9.37626878388649	0.276408008393709	0.782717983408416	0.842597490284572	-6.7547363816341
64785	-0.100515557618509	7.86694984769917	-1.00203577132075	0.318375569605554	0.419289254614458	-6.29486847373264
64786	0.116979907861723	9.81584634426965	1.88851217663758	0.0614110694110047	0.108736427295798	-5.04323549674975
64789	-0.198172815889377	11.4125495941467	-1.51064643508444	0.133550354932455	0.205883899167988	-5.66725390265264
64793	-0.679181454072546	10.3966134961826	-4.98660308264203	2.13259090436098e-06	1.60283902365985e-05	4.4311126928999
64794	-0.358916474795279	6.24498323939286	-3.46932236574263	0.000729165685423271	0.00244337061322362	-1.08833319981147
64795	-0.0919680224607999	5.65166694453689	-1.10793391755269	0.270142322766862	0.366761273184464	-6.18464564836831
64798	0.186439870635135	6.74054784427623	1.3650538591094	0.174831680001268	0.257876728001871	-5.87212169610221
64801	0.173106852129239	8.92243399574929	3.81999216660055	0.000214336860401974	0.000846686976049882	0.0541048109313609
64802	0.0168134746623885	6.52693534563776	0.250462403555889	0.802665098352934	0.856590918914113	-6.76154017570107
6482	-0.259078135673369	11.3248339950647	-3.34992940392778	0.0010857531146112	0.00345333874728092	-1.45699952779306
64834	-0.0628943752163438	8.50161313259301	-1.01616523085343	0.311628550777115	0.412024637061082	-6.28078996926547
6484	-0.00499715135832107	10.1955289754218	-0.0499735512316665	0.960227909098897	0.974024625955654	-6.79152926222139
64840	-1.90407503766509	7.81772333658658	-8.1476045348396	4.39389980237687e-13	3.66602145127606e-11	19.3553380014172
64841	-0.188665632805811	8.52071100332094	-2.6575878529276	0.00896020805312268	0.0212127596786453	-3.37784184066827
64844	0.100704225021067	11.3575557108871	2.28833076925735	0.0238971131861434	0.0490288511966082	-4.24180663697696
64847	0.5174990500997	7.5709826520655	4.41185055370869	2.27755065430954e-05	0.000122797443894235	2.17110529478047
64848	0.0616735833435618	6.07595657965995	0.668499446531263	0.505119717714	0.602496587482692	-6.5706395675708
64849	0.63619141568942	6.42292478767245	5.36252034069982	4.13682740955177e-07	3.89625933898491e-06	6.00572804643577
64852	-0.181238251095732	7.23923100815686	-2.83981392308214	0.00531720561471756	0.0135514095580275	-2.90934943117788
64854	-0.0817312018387936	8.26625649617688	-0.696807790845513	0.487292769255798	0.586569261738982	-6.55146812966039
64855	0.242155943989895	13.013473028069	2.77270527532761	0.00646230775498783	0.0159768518575874	-3.08505097019526
64856	-0.160149236863469	9.02971218789856	-2.03383543566122	0.0442094950967574	0.0822455922295531	-4.76844055846433
64860	0.267811464069398	6.76704015855576	2.36339508699025	0.0197420534437739	0.0417805179209768	-4.07562474146184
64866	-0.783058098557623	7.43593355903934	-2.98612099818225	0.00343603466624426	0.00934221406951203	-2.5136824839016
64895	0.0113098346695321	5.37540369164521	0.200659996427844	0.841309693966433	0.885814923156499	-6.77272413367869
64897	-0.107812014681335	8.20210488771614	-1.24263643417731	0.216464158820526	0.307215455645626	-6.02881211233377
649	0.133876188963148	11.5919668502678	1.25661056234758	0.211375203019939	0.301183228729463	-6.01164888197793
64921	-0.0940535458273004	7.18304042266072	-1.19090851583668	0.236078259153711	0.328892970249562	-6.09071703457925
64924	-0.36334567748326	9.92379142375857	-5.49115534599554	2.32477935271427e-07	2.37363132922371e-06	6.56050652849479
64928	-0.0591032825113461	9.97855613144677	-0.969945498487653	0.334056495366938	0.435084618689831	-6.326122952703
6494	0.371541332260176	8.31458278390764	5.16021399023114	1.00838246747348e-06	8.32091826306784e-06	5.14942809493162
64943	0.0375868905191668	8.52550717338585	0.29525900812499	0.768314625724703	0.830773505496276	-6.74937328545287
64946	-0.35467214834316	7.15364876278025	-3.3768353644926	0.000993424234248282	0.00319535988118801	-1.37484203858635
64949	0.0479102833493711	8.90907359141853	0.560078996398015	0.576486694514631	0.66869585943853	-6.63676108399053
64960	-0.174462534559174	10.8230686707063	-2.47811735340364	0.014621640787872	0.0324314588903927	-3.81226049101818
64963	-0.101715396989849	9.52093739161814	-1.39638880188831	0.165217186925839	0.246245753159046	-5.82972191173132
64965	-0.489367955036852	8.28561128931897	-4.01110032524885	0.000106374834967447	0.000465636532501912	0.712673132754772
64968	0.12295451466718	12.0674165765816	2.91163626907211	0.00429972698759995	0.0112427176060701	-2.71726204552599
64969	-0.0392154567478283	8.65332699489182	-0.670127981780371	0.504084810230928	0.601696608743854	-6.56955804808708
6497	-0.207578281568293	6.63438556088885	-2.67083590547742	0.00863380777311937	0.0205341929760916	-3.34470457588221
64975	-0.000118773925383598	8.82760117667412	-0.00124302000714197	0.999010311597842	0.999123444157444	-6.79277220036969
64976	-0.360564084433505	9.31188439192014	-4.73915631876871	6.04123100729917e-06	3.95608826377652e-05	3.43512778632819
64978	-0.0585134709174806	9.18686420916284	-0.88820005555272	0.376239067674791	0.478113030614427	-6.40121206613234
64979	0.0474733562992626	10.4825434551437	0.700667634379286	0.484888994411696	0.584304679553005	-6.54879301732747
6498	-0.146050980994364	6.22513273519144	-1.72526495124683	0.0870962216450328	0.145955526635823	-5.3290155870636
64981	-0.85768271632553	8.56485852756508	-6.5586720853445	1.50434903732802e-09	3.09102563391279e-08	11.4354531768785
64983	-0.102532336095228	11.0536059396204	-1.75577538288882	0.0817200798428567	0.13832974140169	-5.27746200010631
6499	-0.0846742834796354	8.91747915906969	-1.66746609253729	0.0980721446290677	0.160697463724678	-5.4243214295904
6500	-0.230129703421459	10.3938734885928	-4.66945558676112	8.05362686904491e-06	5.05878007135445e-05	3.16072572019667
65003	-0.258332717003819	9.80680577617504	-3.31532155802316	0.00121634776821772	0.0038114691067824	-1.56187751334395
65005	-0.315659319160024	8.19815620643614	-4.07206714007151	8.46644107484206e-05	0.000380690273697307	0.927901260200062
65008	-0.00509304599261916	9.95071807068871	-0.0665714772772319	0.947035451962124	0.964789446621503	-6.79056592752973
65010	-0.719018676313737	10.4183977553249	-6.70586460966219	7.27503434463219e-10	1.68324324052274e-08	12.1406136102561
65018	0.834238546706863	8.8774134590363	7.13063627988775	8.62757130104101e-11	2.69938405100753e-09	14.2126115929546
6502	0.0222353752647708	12.2577439758545	0.358381068945295	0.720698145227448	0.793094415078433	-6.72884460183088
6503	0.835766482619703	7.25111139025751	6.08963912959386	1.45223062495957e-08	2.16490917451561e-07	9.23826921474473
65055	-0.989833299584019	7.62073697544329	-4.87080695453147	3.48527046795472e-06	2.44590773706933e-05	3.96085772938074
65056	-0.00353072061913514	10.5904197874992	-0.0581853238969788	0.953699374212904	0.969903574365746	-6.79108694825739
6506	-0.300175049009894	7.04545594144514	-1.94046283284157	0.0547075672616474	0.0987509846112778	-4.94719149381692
65062	0.1052067205202	9.23260619730506	2.25958889838079	0.0256808652549895	0.0520462561576707	-4.30413981430763
6507	0.0857145163281492	8.9100654965642	1.30067109952649	0.195904020850658	0.283044815852097	-5.9563110265147
65078	-0.206916200810066	6.13742766409964	-1.61602493942109	0.108757959046865	0.174310825756995	-5.50653839467819
65080	-0.249888791658446	9.18784751206321	-3.9684889956728	0.000124605924641667	0.000531086139081613	0.563704159012949
65082	-0.436010972119279	7.96959034902789	-5.90252840735495	3.50963975130087e-08	4.59423523704362e-07	8.38488573427629
65083	-0.254930700217531	9.91222454021424	-4.27875031408472	3.84022308224964e-05	0.000191085799152904	1.67545634288332
65084	0.405933422627582	8.46283964178544	4.84489628592585	3.88654210052131e-06	2.69319108643507e-05	3.85662863944414
65094	-0.0676772478065492	6.48124159831012	-0.910784817008122	0.36426450442303	0.466060791902134	-6.3811173266325
65095	0.0991128788423372	6.93448673166686	1.48587627010086	0.139977232780792	0.214351491058461	-5.70352050908647
6510	0.211935415069952	8.83104931165933	3.47770312196422	0.000708812334689793	0.00238581494887436	-1.06205953014494
65108	0.0753519248691782	9.29605708449707	0.718608739240126	0.473801772140261	0.573673942961802	-6.53616639798376
65109	-0.226101451023915	8.79299428319199	-3.46949397631664	0.000728743456969	0.00244294681597562	-1.08779571705946
65110	0.0011293937609564	8.82851475800616	0.0179536068268683	0.985706168548965	0.991179841717917	-6.79261244386703
65117	0.0845618628201735	10.9159372467945	1.56970912598439	0.119159004333956	0.187548280449404	-5.57845518433501
65123	-0.22366329247085	9.04762371855716	-3.42226313114852	0.000854045198634001	0.00280048167555254	-1.23490496726542
65124	0.269333796348267	10.2374485862753	2.88735249494417	0.00462180858023464	0.0119824666894972	-2.782673848922
65125	0.165945386558146	9.65197404543809	2.91772278312632	0.00422229695699342	0.0110823555337673	-2.70079292250744
6513	0.0494851954782097	13.1520505940119	0.780731968997464	0.436522709369679	0.538321525738063	-6.49000218262234
6515	-0.850371987730969	11.8791990443292	-4.09981306730397	7.62529598751719e-05	0.000346833396789053	1.02665817508155
6518	-0.257498539483744	6.35704631865495	-2.43341775866339	0.0164558736337772	0.0358831880187432	-3.91621719956608
6520	-0.251945587928609	11.321798619885	-4.11929526813872	7.0831455040668e-05	0.00032449684893839	1.09630114207601
6522	0.375526646602532	8.54143647770315	3.97580114961073	0.00012127867938028	0.000520666263867523	0.589181490591262
65220	0.149320847583438	6.90363163776975	1.97407602576514	0.0507081837071732	0.092338976503803	-4.88374752189925
65250	0.306048045164059	5.58476084261071	4.01641281446591	0.000104289288714298	0.000458695167614537	0.731330082818033
65251	0.0388569532687785	6.69242613576586	0.392509166288471	0.69538974567579	0.771534240030992	-6.71609767810443
65258	0.0881390744187737	9.17224276145866	1.20865659831361	0.229209876618171	0.321216726866205	-6.06976636234774
65260	-0.489035259062851	7.16595133366331	-5.20784358471779	8.18982776640835e-07	6.95478771830682e-06	5.34919993760772
65264	-0.0396767713786636	9.06388774627126	-0.68927217646423	0.492004406267754	0.590428265529693	-6.55664854366338
65265	0.0326412060020331	9.71972360824045	0.314594120679254	0.753625105196279	0.81962644280842	-6.74350558364176
653	1.90047068622136	8.95450022350586	9.87492055664321	3.95156412564082e-17	1.63199598388966e-14	28.4479477371497
6530	-0.131659724842433	7.12021033226736	-1.14768234639388	0.253419932395176	0.348526247350009	-6.14047692428506
6532	0.87492869311817	9.43001776105994	5.01331033229616	1.90234019575729e-06	1.45899071652323e-05	4.54059014533043
6535	-0.735110609004567	7.16392889634702	-5.09825557584285	1.31961692369419e-06	1.06238165591755e-05	4.89128287996363
6542	-0.547954801020074	11.2748192777739	-6.8639026874828	3.31064004739567e-10	8.54558962234008e-09	12.905324745796
6545	0.507799111890908	7.20028263407066	4.30739656077378	3.43479902862097e-05	0.000173631823601036	1.78120532349001
6548	-0.0131235672150482	11.1631267686739	-0.126882959061152	0.899248871953476	0.929120894580908	-6.78475583576627
655	0.0239044913852291	10.2950515295059	0.31615124484786	0.752445945914056	0.818975294933469	-6.74301687544411
6556	-0.81977080571318	8.34257027233645	-5.1789234056916	9.29374474865455e-07	7.76201533102999e-06	5.2277640635293
656	0.239285717325353	6.43938812848874	1.23001191132835	0.221137903075916	0.312720266976042	-6.0441570113061
6560	0.0804543620083345	7.84545322379988	1.21762047364906	0.225796174354063	0.317513857705917	-6.0590701051341
6567	0.482527034930613	6.7390561372031	4.31884393689576	3.28458104004013e-05	0.00016768009512195	1.82360687246303
657	0.451951125458965	7.64019245858573	4.11003491215007	7.3360704109869e-05	0.00033534001989348	1.06316745512876
6573	0.151595827928845	8.251546660033	1.30339243030151	0.194976770149637	0.281951701932073	-5.95283240698741
6574	0.489927417691433	11.3803953120088	4.13297564411909	6.72472919521215e-05	0.000310487776145625	1.1453513404291
6575	-0.265962280793964	8.40200169389173	-4.14796821533186	6.35190643463302e-05	0.000296254924619247	1.19924516339306
6576	0.0170591308799149	9.13442910005731	0.189412215636936	0.850094989975086	0.892288548196694	-6.7749084354451
6578	1.53493309944998	10.3736848665549	3.61961447825836	0.000435750164707894	0.00156968877474366	-0.609418555184108
6581	1.15735949018431	7.34696316333227	7.97469432987152	1.09404348968417e-12	7.59394892839598e-11	18.4659275414433
6583	-0.12135965332282	7.4522606697084	-0.975313617047862	0.331398800497266	0.432920147415375	-6.32096433655701
6584	0.0479035640811275	8.31048834979556	0.610661387840412	0.542597538348864	0.638077401304331	-6.60735576041642
6586	0.968388356303357	6.30614303301286	5.43200061936717	3.03304694658283e-07	2.96752519694398e-06	6.30441274102309
659	0.274302883565162	9.57927263141301	5.04867540969211	1.63435451096082e-06	1.27446567396475e-05	4.68613577019909
6591	0.459173803931272	9.6977061937555	4.84103874475901	3.94999396141884e-06	2.71768156261956e-05	3.84114268398068
6594	0.589894064930105	9.97981020115769	4.49747681685474	1.61874951909093e-05	9.21845796701145e-05	2.49568359022477
6595	0.114974856498255	11.2792516980717	2.16649385769381	0.0322828906675804	0.0631289481330999	-4.50106787883908
6597	-0.135456498610906	10.8924897737232	-2.81158255423823	0.00577420675026371	0.0145343122907092	-2.98371083840545
65977	0.0522134982477204	6.77039168733612	0.48967913517013	0.625269573232115	0.710514056252204	-6.6734786831424
65979	-0.0364766238239007	10.2134867135447	-0.890903422656901	0.374792898454302	0.47678874807216	-6.39883297082832
6598	0.141641434804177	10.4538562632198	2.2450860109275	0.0266244276728819	0.0535601004817351	-4.33531861223654
65980	-0.129491331373124	10.0693425567796	-2.40649258196722	0.0176570435408088	0.0380802035632065	-3.97801144540781
65981	0.390506037714869	7.94092370169245	3.33653139246467	0.00113467068669498	0.00358271401838706	-1.49770844089487
65982	0.514126915548251	10.1368380262397	3.9588400453071	0.000129130019417248	0.00054726216541122	0.530139524471472
65983	0.111720815311723	10.7635194779383	1.33888229519994	0.183181170787114	0.267517056347518	-5.90682039379075
65985	-0.0386786516399155	7.23459268296468	-0.555742601086173	0.579438420956562	0.671459225182547	-6.63916438720449
65986	-0.370752514780223	6.37360156595908	-4.03362491454342	9.77973476943867e-05	0.000433139995686667	0.791905458497205
6599	-0.153399479235956	10.5644149754761	-2.65542993431608	0.00901441861957645	0.0213330309748198	-3.38322560972076
65990	0.0889752586093709	8.42711732349017	1.31203619904063	0.192053166751224	0.278699781687476	-5.94173643054172
65992	-0.152066340942782	10.8582935327369	-2.15632763195615	0.0330861763901283	0.0644252279543753	-4.52211072647662
65993	-0.212860052297612	7.34949506450197	-2.17551051706629	0.0315846539572872	0.0619395160700836	-4.48232809810797
65997	0.178345667800978	10.3303293614785	1.77633397914362	0.078253605824961	0.133383158092071	-5.24224077442735
65999	-0.584655185871993	6.00112015045185	-5.27307969945358	6.14848732424927e-07	5.46430466608767e-06	5.62466133572886
66000	0.821736371953167	6.91531198760252	4.63328622710346	9.33985395368083e-06	5.74011857569968e-05	3.01942715900146
66008	0.523668152352422	8.89582098867511	5.99871610435991	2.23347655617215e-08	3.09538864999697e-07	8.82183512704609
6601	0.171433170968398	7.11150004260159	2.0621058728328	0.0413919847458529	0.0779165437558672	-4.71277613884222
66035	-0.16223337710179	8.37590784794394	-1.36721533103825	0.174155180995661	0.256924771392063	-5.86922688947923
66036	0.0780137710707357	9.17158806915258	1.61426238203642	0.109140005320703	0.174776355942033	-5.50931182517456
6604	-0.14691132525768	6.87161562683204	-1.63733026906719	0.104224137741384	0.168537857819857	-5.4727851155864
6605	0.147406531496932	9.21600823709125	2.2282586684368	0.0277571033503411	0.0553934944850973	-4.37126378224691
6608	0.118768337102743	5.97393936717047	1.0713256080021	0.286208133953412	0.383966085180313	-6.22397624642247
6609	0.0933404936332184	7.75997396835393	0.93210407720457	0.353184899854478	0.454409232523051	-6.36169224421701
661	-0.26552264265229	6.33632556300325	-2.98350173391975	0.00346347138345573	0.00940752174526286	-2.52091636017506
6610	-0.192266396590334	6.52182565767888	-2.25837399302098	0.0257587677724337	0.052144071966314	-4.30675871881196
6612	0.177893460148309	11.4598497320613	3.30253207190774	0.00126822353617858	0.00396050147782043	-1.60040768414127
6613	0.145049347310699	11.8028265900699	1.25212612155574	0.212998667254853	0.302869511365998	-6.01717709785113
6617	0.0851929740644634	9.24601059880896	0.603828145718378	0.547116328519926	0.641853779535761	-6.6114757114707
6618	0.0774723799079792	7.45108577049291	0.904771296953901	0.36742909698103	0.469155099870661	-6.38651644505081
662	-0.327515527762385	7.29392731072593	-3.97386174993679	0.000122152802439506	0.000523874427907747	0.58242067096779
6621	-0.108669760494625	8.22832671376328	-1.61925908294627	0.108059723708522	0.173584853720807	-5.50144185826076
6622	1.26483043136668	8.90249900399152	4.48586385198172	1.69588471233174e-05	9.59933005526501e-05	2.45140468584659
6624	0.452321941255609	11.8000951693402	5.92500449490529	3.15890879367326e-08	4.20170477226105e-07	8.48665048060182
6625	-0.162032111274014	11.2927672542917	-3.20451587297408	0.00174005722027009	0.0052227008137467	-1.89157823311211
6626	-0.443583712454769	8.56789153421953	-6.0881846621361	1.46230064656641e-08	2.17241067277672e-07	9.23158213766365
6628	-0.200088513954294	11.1916547782823	-2.63915222581684	0.00943299271573853	0.0222047648424053	-3.42371178767018
6629	-0.21956416624587	11.7850502029176	-5.54425499428742	1.82867370866928e-07	1.92909895703809e-06	6.79177066128648
663	-0.020216542078437	10.3811404454779	-0.45004914901956	0.653500247811893	0.735930537840682	-6.69199036771555
6631	0.00125203859485972	10.4364188092866	0.0219857867864661	0.982496407105873	0.989696086796824	-6.79253224238433
6632	-0.133156698916515	8.29663840516163	-1.56130371600214	0.121128619650445	0.190222226056389	-5.59129185141062
6633	-0.173673551210626	13.1491557597515	-3.48309718397341	0.000695996478065449	0.00235515399787817	-1.04512193321353
6634	-0.1918165450329	7.76405205742373	-2.16215682877851	0.032623488246313	0.0637497073372476	-4.51005617159823
6635	0.167185834666505	7.14672279832066	0.655157161262047	0.513641033890985	0.610369003012449	-6.57940190199344
6636	-0.132015704576056	11.7896686269301	-1.64946981661837	0.101709589922072	0.165475913483615	-5.4533640472706
664	-0.439180747729171	11.2586716959023	-6.07344188209045	1.5683283791703e-08	2.30095779963528e-07	9.16384699962877
6642	0.202588664577915	6.749273895297	2.63666382719676	0.00949850558324265	0.0223398793045513	-3.4298815169181
6643	0.100951923372161	10.8788117442099	2.00313091057815	0.0474537254632608	0.0873563120852538	-4.82808643351228
6645	0.127277015522049	8.48867072910228	1.39930910595442	0.164342091481603	0.245162664915665	-5.82572298450411
6646	-0.104716639174555	6.67862439582502	-1.18976481772719	0.23652586605243	0.329294396358179	-6.09205673766388
6647	0.400599520450558	13.1647445219037	5.41338423625456	3.29675543138321e-07	3.17379951785843e-06	6.22415864219917
6648	-0.210035909674687	8.77353026907422	-1.7804606289329	0.0775726092515597	0.132495813155063	-5.2351241362553
665	0.42750886770765	9.91735331131518	4.34061009301158	3.01620512974883e-05	0.000156199713929312	1.9044538667291
6651	0.186908414682897	11.3624987086497	4.22105272379608	4.80083725153385e-05	0.000231358901386637	1.46402626318798
6654	0.0940519595851323	6.10248938010234	0.745426542551479	0.457495323178182	0.558551726446465	-6.51670268520734
6659	-0.399834122627656	9.09957651982319	-3.84448678772916	0.00019618152523517	0.000787395237338438	0.137130669907336
666	-0.143249402804789	7.57430408484023	-1.35162156235146	0.179080324344123	0.263005466770669	-5.89001177430984
6667	0.121892479878773	9.36238875745079	2.1522773153415	0.0334110068673729	0.0649505570074135	-4.5304689337316
6668	0.160074902284172	7.9303723456388	2.25566265816224	0.0259333715597588	0.0524509424788461	-4.31259874038548
667	0.35146211831427	6.4637017943143	1.71054260235156	0.0897919664721126	0.149683479931312	-5.3535848538695
6670	0.0513046289443998	10.1464058356707	0.766507445280593	0.444904314630579	0.54680834120202	-6.50090690283371
6672	0.427891562451097	6.95754570975197	4.05103184135155	9.16258749771256e-05	0.000409097149897869	0.853365132662749
6676	-0.87796651341245	6.30041748635907	-5.9244279776781	3.16745917513851e-08	4.20630430653442e-07	8.48403760338855
6678	0.806951346025538	11.2183165988225	6.1747201348892	9.68046548195221e-09	1.50585018608146e-07	9.6308554026838
6683	-0.141280538811462	8.68957873537732	-2.11525229675624	0.0365106303494905	0.070134373648091	-4.60619998034228
6687	-0.0165792120869086	9.53083294205037	-0.246506302776196	0.805718401223008	0.858850689650541	-6.7625187843184
669	0.240967701921738	11.8982235132168	2.22759925142037	0.027802334006539	0.0554703572207759	-4.37266731939738
6692	0.125406282378387	8.94438363310459	1.08921070587551	0.278279197808465	0.375340655437283	-6.20492292704716
6693	0.161242853659379	7.92978857898101	1.05140114449398	0.295221583593393	0.394137753431619	-6.24483785279143
6696	2.71653905339549	12.6283673941309	4.36083514848004	2.78583964296184e-05	0.000145916521565408	1.97983911740298
6697	-0.0792312655703119	6.26095012227047	-0.686700813212559	0.493617795724508	0.591596487621073	-6.55840346150145
6698	-0.149231140651082	6.63915488068544	-1.64960800856333	0.101681249376564	0.165462395557607	-5.45314217698652
670	-0.251325534617291	8.27383585434908	-3.07648353023432	0.00260365672023144	0.00738537242757958	-2.26080051457925
6708	-0.397161695317125	6.84777189671463	-1.41503204615583	0.159691231020549	0.23965290120453	-5.80405394375815
6709	0.351822753943041	8.80468724375798	4.63685419183466	9.20462383090129e-06	5.66122061379335e-05	3.03333216949047
6711	0.252968768878402	8.21251927169646	2.95770489285614	0.00374468572203681	0.0100393067393781	-2.59187068642984
6713	-0.197707957509726	11.4212149543048	-2.72624677284664	0.00738212939891117	0.0179500703076262	-3.20452947774035
6717	-0.0841757578490462	8.78876939496149	-0.925933041789061	0.356369567140484	0.457651216508146	-6.36736054089969
672	-0.204698006923977	7.43115392824951	-1.99151625808014	0.0487327105558704	0.0892159432359876	-4.85042803691521
6720	-0.114417819031808	8.74919612246658	-1.58665442928766	0.115265590701675	0.182708458874657	-5.55237568047814
6721	-0.122076244330454	5.70725491244114	-1.69299279403009	0.093093902341009	0.154192025934777	-5.38261100161556
6722	-0.203020745236324	9.74855658673634	-1.8275732243641	0.0701389024727898	0.121609432079186	-5.15276887292257
6723	-0.475990708931367	8.94723028646224	-4.00744034077977	0.000107834772782883	0.000470531021229064	0.699830493080674
6726	-0.0137388676496755	12.3735297890536	-0.307071573830432	0.75932983754286	0.824403845702421	-6.74583262788693
6727	-0.0620054604189085	12.0400444328447	-1.10545056276139	0.271211952189403	0.367868848835743	-6.18735459602691
6728	-0.464662836555122	10.1263331719005	-6.20342814847683	8.43734756369203e-09	1.33766777113428e-07	9.76394265173555
6729	-0.156731042175377	11.1243114155951	-3.45525751752195	0.000764563715500741	0.00254546404273927	-1.1323106860101
673	-0.443936556953865	8.35430263570438	-4.39928072958415	2.39378177905999e-05	0.00012806112367251	2.12383102217257
6730	-0.119180823029934	9.89274261275487	-2.16030729282	0.0327696822143226	0.0639144215089268	-4.51388419416584
6731	-0.211632901101359	9.7404533773954	-5.06014485579671	1.55561664009174e-06	1.22258738793128e-05	4.73347911627649
6732	-0.18506219842476	9.92501472550212	-3.48032731115188	0.000702549983569587	0.00236902018842808	-1.05382211869768
6733	0.202071570149502	6.99280180108946	1.82473834259143	0.0705688281697876	0.122214333927652	-5.15778186692306
6734	-0.478448288444516	9.28898230681117	-5.57020647476097	1.62552723020641e-07	1.75481933596981e-06	6.90526700217424
6737	-0.263416102108037	7.91825536968062	-3.26066302692028	0.00145288102479245	0.00446785468380258	-1.72567931623597
6738	0.15062902614073	10.5786935192021	2.760114874779	0.0067006746587993	0.0165068812053928	-3.11760504343817
6741	-0.120034786578606	11.0157149400569	-2.36859934554895	0.0194792190166415	0.0413301692980886	-4.06392238018897
6742	-0.0874467606494361	11.411666247097	-1.30917165336042	0.193018410668529	0.279756461154948	-5.94542152827876
6744	-0.338169318494912	8.32785938316343	-2.64777878990541	0.00920902664073591	0.0217643948648008	-3.40228314436974
6745	-0.209590763351109	10.4927243764877	-3.72447879423405	0.000301570340985332	0.00114264725529305	-0.265683743422832
6746	-0.521657073446121	11.1799240245609	-5.23379247868975	7.3089364894547e-07	6.32828253699118e-06	5.45851639175578
6747	-0.417994846735513	7.10586315672428	-4.58075344976287	1.15677756922823e-05	6.87903723673518e-05	2.81555287689444
6748	-0.130662911529648	12.1190635627586	-1.59244834559691	0.113957843684197	0.181191874654757	-5.54339708074691
6749	-0.212850668387134	7.36065073536744	-2.78299773068279	0.00627321389937573	0.0155839840026597	-3.05834211096658
6760	0.255976800280038	10.4763098008273	3.28394670886426	0.00134730493659394	0.00417588697045625	-1.65617867580731
6764	0.803024838606609	7.50795683972756	5.03539693508814	1.73036190554331e-06	1.33577470465306e-05	4.63141102290503
6767	0.192743593902241	10.7084299236181	4.44161414464311	2.02361252358291e-05	0.000110915988352985	2.28342693667
6768	-0.257192525980171	6.47341847116153	-2.9951940492537	0.00334253639484524	0.00913309646755598	-2.48858247950153
677	0.288234860924236	11.760131131386	2.69939955643311	0.00796640567074826	0.0191417234601656	-3.27276308151322
6772	-0.0116163068425688	10.1813723993141	-0.0956166263543324	0.923987161096556	0.947166281794415	-6.78822002557807
6773	-0.174565720024695	10.3467829982242	-2.22486332290312	0.0279906846530993	0.0558057096873282	-4.37848653545928
6774	0.401078968393118	8.97799923786611	4.81331202957799	4.4365855159078e-06	3.00132648332501e-05	3.7300762763463
6775	1.60368720232649	8.55843962873972	5.66242009031708	1.06722818667801e-07	1.20757600300827e-06	7.31101190616114
6776	0.464638910209886	8.202093315752	3.07921969818499	0.00258164302398561	0.00733552506987311	-2.25304314098593
6777	0.444193058237032	8.5059206030783	2.95632503310565	0.00376030422641303	0.0100681079125354	-2.59565107201339
6778	0.237960383866143	7.74585764798975	2.10116510078229	0.0377535253758012	0.0720027983385171	-4.63469443372946
678	-0.312925294161302	6.57739101824194	-2.50562966892162	0.0135855849007475	0.0304326743953214	-3.74742944590464
6780	-0.0333941869648415	11.391116811154	-0.731044858924065	0.466200093119822	0.566272987273356	-6.52722841689677
6782	-0.701775447820224	8.40982283856081	-5.72631163987165	7.95669951073752e-08	9.30911302531047e-07	7.59434855115771
6786	0.271101494266557	8.41711228421332	3.70585168094639	0.000322114652197713	0.00120994407783225	-0.327308363612348
6788	0.155157144678814	11.5381953274216	2.04224905736651	0.0433543183692117	0.0809280609558619	-4.75194890545847
6789	0.034182474399221	10.104240832432	0.676828978640825	0.499838386175451	0.597837397887233	-6.56508040149563
6790	-0.542545611072037	9.48585669473632	-4.43664169612007	2.06404795622652e-05	0.000112832800254342	2.26462459994564
6799	0.67335567787386	7.06668746821656	6.02339965882877	1.98775781145058e-08	2.81145197304482e-07	8.9345649002247
6804	0.0311264998054905	6.24853456960986	0.388398495612644	0.698420627722491	0.773920623744043	-6.71769424652658
6809	-0.182372714490418	9.54754191759294	-2.26289325214847	0.0254700256124771	0.0518017359617218	-4.29701027497262
6810	0.232548749128892	8.74045154053846	2.98752797991513	0.00342137942674141	0.00931895732983449	-2.50979443807782
6811	-0.113564082818463	10.8414156120586	-1.83487759770438	0.0690411743520838	0.119907506338985	-5.13981850896272
6812	0.315351476479214	6.56452955035212	3.94533582084868	0.000135725657417887	0.000570821756757508	0.483268667827852
6813	-0.0363594697473515	9.53999319600157	-0.507480554703755	0.612764334789212	0.699576144486371	-6.66465729603115
6814	-0.0603555659197155	9.08227402851525	-1.02360322887625	0.308115435986907	0.408250481432764	-6.27330098638846
682	0.141249942362281	11.8359891588299	2.08058902031907	0.0396343531346165	0.0750010897805115	-4.67599675833154
6821	-0.433806363021432	9.95804523015	-4.87962683094536	3.35808986122859e-06	2.37075403878189e-05	3.99642064780436
6827	0.0983776485614472	8.54600364128324	1.95436107386086	0.0530227150239443	0.0960034252735159	-4.92108266666943
6829	-0.263547997009175	8.45976938069228	-3.76931853096383	0.000257092278756364	0.000992792062892738	-0.116344314360563
683	0.112393022840904	5.58563164450799	1.410302571178	0.16107948970261	0.241195122615884	-5.81059662004011
6830	-0.19049965619287	7.01113534071468	-2.88755384956233	0.00461904934013666	0.0119824666894972	-2.78213342174315
6832	-0.243299422167796	7.4012790949551	-3.55869235463738	0.000537848419702383	0.00188007953734307	-0.805519109844665
6834	-0.231824180488985	8.39074976450191	-2.7791964285818	0.00634245635127587	0.0157276161697804	-3.06821655885135
6835	-0.168939230616459	5.98640680692914	-2.13488309677226	0.0348376067406463	0.0674697846841121	-4.56619844868386
6836	-0.21053891665153	11.2777306237624	-2.30575851047156	0.0228693448408833	0.0472961413083867	-4.2036600283722
6837	-0.00932205538232477	9.97015843726141	-0.191392058209731	0.848547195209104	0.891390033374946	-6.7745330823376
6839	-0.430031814110057	9.25163704793577	-4.88376928919891	3.2999232151838e-06	2.33567829969307e-05	4.0131382349536
684	0.897203073607979	8.99170824348141	8.56043239445929	4.88297069967079e-14	5.76190542561153e-12	21.4983886188402
6840	0.264293927982428	9.73330283194509	4.76823678667518	5.35422623017148e-06	3.55228182017803e-05	3.55042637921425
6844	0.234296317860736	9.36560577415076	2.03004496365136	0.0445994526754891	0.0828777230820111	-4.775849593938
6845	0.21207266140634	10.6550764404469	3.90431529872462	0.000157788784523135	0.000651667680080547	0.341645256818121
6856	0.209390776579308	11.0788612454218	3.91218006435108	0.000153309804122411	0.000634529778943689	0.368710449432798
6857	0.209150602281383	5.59185183617209	1.88390654972291	0.0620372670875198	0.109657142337452	-5.05163195499199
686	-0.25117757729776	6.76511750274517	-3.04050962198645	0.00290971042767814	0.00810323942434976	-2.36224510632425
6866	0.95749022199919	5.82612367845297	3.89396921263218	0.000163871070138023	0.000673420417582125	0.306104782659384
6867	0.436258315853632	11.4973685961157	6.98555654258672	1.7971693989371e-10	5.11883421904153e-09	13.4990633768266
6868	-0.0822224074685144	9.08394367872947	-1.52359486333513	0.130284023560751	0.201879339601703	-5.64806632264539
687	0.859223452494208	6.03091990843097	6.67579516080557	8.44357113334603e-10	1.91604114179775e-08	11.9959919289336
6871	-0.324512055359001	6.93068260587919	-4.44359351767609	2.00772993835498e-05	0.000110411779565993	2.29091570534392
6873	-0.0815026302334765	8.54013936504495	-1.27086051285794	0.206276580026941	0.295416994289599	-5.99395454396927
6876	0.263853326744607	11.6336563868034	1.68050409342029	0.0955031895376586	0.157362127584492	-5.4030928677638
6877	-0.205123461310053	7.96922684396004	-3.75385194608489	0.000271679133844085	0.0010422989528807	-0.168014345235206
6878	-0.0753888514910675	6.39517723858027	-1.0112034209627	0.313986928499281	0.41436843415946	-6.28575595341013
6879	0.163349851455907	9.1052666262166	2.2136142531914	0.0287768624432871	0.0572212045694635	-4.40234382799066
688	0.0789549772334	9.37270560777419	0.401727572286523	0.688610783141633	0.76656672085578	-6.71245633680499
6881	-0.059219929366663	10.1380562196178	-1.22119490777517	0.224445227337673	0.316098478739842	-6.05478337812915
6883	-0.163850251306733	8.35614792319828	-2.14059380706152	0.0343635362514548	0.0666454119363739	-4.55449760757456
6885	0.0153483721081919	9.95301965575093	0.388555568836495	0.698304724495536	0.773916144416091	-6.71763354796364
6888	-0.164307916161307	12.0825541576398	-2.74542510623739	0.00698888809052143	0.0171402065402931	-3.15542296131713
689	-0.0378606079454536	13.1696195715283	-0.745924250791486	0.457195739805061	0.558396689455834	-6.51633478381227
6890	-0.212001980399672	9.40506707052029	-1.12846929547767	0.26140959651378	0.357017735979468	-6.16201676964096
6892	0.251924491172116	9.48659572818813	2.48812904275953	0.014236726339826	0.0316797843660999	-3.78874304307084
6894	-0.356573910144654	8.75810661249969	-4.45252142166149	1.93757359960578e-05	0.000106909538628883	2.32472297168403
6895	-0.177605756443862	7.48363342732045	-2.61553227819075	0.0100716189020001	0.0235137286971511	-3.48206670329084
6897	-0.168993362987173	10.3173552824137	-2.51838697880671	0.0131278532918056	0.0295869217436055	-3.71714957345476
6901	0.0606862204967061	6.25472360451072	0.846490134187324	0.398991841033883	0.501319228314553	-6.43701426167433
6902	0.0125345835267624	12.7277854933103	0.269080704559373	0.788337236749695	0.846287077215518	-6.75672565982022
6903	-0.143142246216736	6.93049845970045	-1.59959179450418	0.112361808900848	0.17910238161347	-5.53228403869554
6904	-0.161741956445446	9.12613689412086	-2.30238222000294	0.0230653634609198	0.0476061724605692	-4.21107084231235
6905	-0.143072214148867	9.65897280579923	-2.13315482137808	0.0349821886302155	0.0676882327196079	-4.56973386548441
6907	-0.0906445527002212	9.86697863776748	-1.60707831279897	0.110708331762326	0.17672107618896	-5.52058620296487
6908	0.0175539974703947	9.14896416591301	0.446068234267056	0.656364936855018	0.738030816556282	-6.69376391734477
6909	1.07692797226551	9.18235052520761	7.9413705808551	1.30354957952678e-12	8.82567174335348e-11	18.2951366485438
6919	0.361154251820852	7.92605917917477	3.98610396241102	0.000116734252504317	0.000502999850504544	0.625139520292036
6920	-0.0337062632782949	8.80555120643545	-0.372673390330277	0.710059709713755	0.783503421097972	-6.72364706490674
6921	-0.0594764510349057	11.6859403264173	-1.3928894492323	0.166270472424373	0.247413817731098	-5.83450311906776
6923	-0.022696550965238	11.9954313567175	-0.397976703114071	0.691366051665249	0.768596715722845	-6.71394813089115
6924	-0.483572766989376	7.98612365953146	-6.06677058888202	1.61875824310523e-08	2.36653859965473e-07	9.13322385171532
6925	1.19444795841746	7.44832882384453	7.44684171373513	1.71109832813728e-11	6.99686742099699e-10	15.7869395018007
6926	0.199084725611309	10.3219259820856	2.51573313860477	0.0132219191528147	0.0297664355961432	-3.7234599094574
6934	-0.327188905402722	6.61810139944429	-2.44208075040607	0.0160851651694887	0.035214276252313	-3.89620324617179
6938	-0.0366502731455121	8.90240349438727	-0.718608541873287	0.473801893327532	0.573673942961802	-6.53616653862748
6939	0.261490208476703	4.80142777261706	4.92167256780893	2.81120419279266e-06	2.03510487576401e-05	4.1665360685807
694	-0.154585383925154	12.7393206230391	-2.33418079198586	0.0212764994031346	0.0445033894833862	-4.14088182403108
6940	-0.087043909084501	6.11783676024581	-0.9302406105334	0.354144646841365	0.455431228850954	-6.36340780876368
6942	-0.0180266081504849	7.83660239754591	-0.227280787863759	0.820598500163126	0.871002777094246	-6.76705291946055
6943	1.79107733248814	9.57529447448677	8.48274721307788	7.39688174120295e-14	8.48586710865782e-12	21.0931978850712
6944	-0.43376541553873	8.03698854159998	-6.15968135690128	1.0401925062275e-08	1.59702418242363e-07	9.56126136395473
6945	-0.402621049211174	6.70660444724186	-3.94032579702218	0.000138253395535045	0.000580565860253924	0.465910835637453
6950	-0.127561160599283	11.3585713394674	-1.4348937836193	0.15396103769478	0.232326299290321	-5.77634657403188
6988	0.219115358703192	7.75343223691533	2.43220126530248	0.0165085341214468	0.0359695309530865	-3.91902249896342
699	-0.387771623794149	7.91970688035188	-2.91784925171083	0.00422070174702631	0.0110816899016012	-2.7004504039
6990	0.232854061983454	10.0952856268361	2.19227037897606	0.0303215940260999	0.0599034600946149	-4.44730466905889
6992	0.0678849681566899	11.0458271146567	1.01357125157434	0.312860005218322	0.413277409739859	-6.2833891099725
6993	0.0449564732332438	10.94373046315	0.860429198092837	0.391296375141971	0.493451612011097	-6.42523861357374
7004	-0.449751249781481	8.58847334988929	-3.69498761407526	0.000334702247064636	0.00125040278641063	-0.363137749419542
7005	0.00529360297213758	10.0215875040083	0.0559162605363594	0.955503032487968	0.970814417846077	-6.79121588262584
7009	-0.183296924496947	12.4423653035764	-2.77620640046347	0.00639740973189172	0.0158448588861846	-3.07597529795792
7010	0.640886857094574	8.70208724828028	6.38937206222561	3.43985613158952e-09	6.15004581102368e-08	10.633303037432
7013	0.044095861372171	8.56933319590274	0.363350008594471	0.71699319612468	0.789753807172938	-6.72706059312268
7014	0.238899813898472	8.33190703094469	4.37976397500188	2.58565181687957e-05	0.000136917501747014	2.05062091077015
7016	0.139094151113133	8.1305453356576	1.85394729477263	0.0662425178853056	0.116071955395126	-5.10577900372597
7020	-0.0785713987391484	12.0915880557624	-1.14114931623238	0.256117116763325	0.35135814390717	-6.14784103927708
7022	-0.0240778302548795	11.2225185255642	-0.455393287202288	0.649662698573548	0.732839255014877	-6.68958479513117
7024	-0.00656135552438324	8.62765632240187	-0.104092610278294	0.917272472257322	0.943421925730834	-6.78737709151329
7025	1.40733549036509	8.33699176086442	7.7007009442303	4.59191425835289e-12	2.47350197298262e-10	17.0680490289385
7026	0.366448848834016	10.4590648990556	3.97028532096071	0.000123780561738949	0.000528386273883059	0.569959688218058
7027	-0.380298990620875	10.1690073079434	-4.86250547466182	3.60924091764576e-06	2.51793327531706e-05	3.92742388202804
7029	0.0929327886312165	8.70302345163108	1.10528622667612	0.27128283847001	0.367886430103806	-6.18753365074052
7030	0.177321204795982	7.79721233550864	2.32213949045941	0.0219389698732569	0.0456314684205108	-4.16756385281537
7035	-0.604850484195077	14.0153579399092	-9.32039246402703	8.10130705768531e-16	2.3074757343614e-13	25.4990049895309
7037	0.397483358683078	12.9986971588029	5.30523277738198	5.33438430636443e-07	4.85264475446808e-06	5.76120239081946
7041	0.653072745136382	8.43298108911482	6.550198802574	1.56827348393587e-09	3.19062536386953e-08	11.3950754224237
7043	1.10335718708032	9.66932279802374	8.02583960438416	8.35756728592417e-13	6.10915980369324e-11	18.7284543276064
7045	1.14913137074202	11.9019822043867	6.69003432671341	7.86877333603994e-10	1.81047542494958e-08	12.0644407419425
7049	0.199867231875798	12.5199432799507	3.38018707778921	0.000982452703652692	0.00316623462043357	-1.3645697240833
705	-0.411222050562581	8.00579310285677	-4.1711841613344	5.81341097502956e-05	0.000274706948820047	1.28298499530447
7050	-0.247838923392671	10.4751250077468	-3.57536627909342	0.000507860692926285	0.00179040944241191	-0.752112949011758
7052	0.101077580873279	13.5671276335226	1.51789976465932	0.131712834810076	0.20361398792392	-5.65652497570395
7056	-0.365836730524757	7.12005305974166	-2.13549632621143	0.0347864303183314	0.0673864714890755	-4.56494337004401
7057	0.835601373645764	7.68292612962962	4.12982804380138	6.80562152859999e-05	0.000313172333293793	1.13405508141659
7059	0.255546518786994	7.49076376958684	2.775207921626	0.0064158570704368	0.0158786880656068	-3.07856459321398
706	0.436716175852588	10.861667812076	3.84180911085123	0.000198092570444578	0.00079313845461571	0.128034510001022
7064	-0.260987529825891	9.09445004580788	-2.72388642344586	0.00743189160712731	0.018055124904374	-3.21055227252771
7070	0.309323297309889	8.80864124956736	1.70948937244091	0.0899873980435249	0.149948740738252	-5.35533485396195
7071	0.372753473664284	6.68894913753492	3.11206005643656	0.00233053998934185	0.00673432075506787	-2.15948038471843
7072	-0.0992457665165883	9.88630583489377	-1.47285115125228	0.143452098042405	0.218820744197648	-5.72235930822941
7073	-0.100142563846005	10.2813328346529	-2.36238341989331	0.0197935089618033	0.0418679600574893	-4.07789687423323
7074	-0.237700703417296	6.3823455185946	-2.03630823676594	0.0439566712186312	0.0819228574607161	-4.76360016625667
7075	0.613851165028796	6.78290191709799	5.32708219926576	4.84226632460009e-07	4.45402225403082e-06	5.85427646546586
7076	0.602228958133215	11.8776083053201	4.95392415751687	2.45137865261165e-06	1.81112590971129e-05	4.29767170077514
7077	0.395666740092513	12.8091762984979	3.28811974307877	0.00132915748740263	0.00412273407658496	-1.64367896215227
7078	0.614580882219204	9.93037768819867	3.67488183225015	0.000359236660125245	0.00132350348467195	-0.429226692639346
708	-0.343210689544623	10.9792278187673	-3.08303591045813	0.00255122762453038	0.00726910665009345	-2.24221392812564
7082	0.54160532241773	9.953850608591	7.3916645223774	2.27314595409422e-11	8.85669131170671e-10	15.5104359956611
7083	-0.32733684111625	8.33676798497662	-2.2774195816134	0.0245610386625207	0.0501295229435188	-4.26555486671437
7084	0.116827537527105	6.25350711518528	1.6534711102948	0.100891574265706	0.164436543692725	-5.44693270155531
7086	-0.120187651885052	10.9056918568656	-1.50331833129222	0.135427157050035	0.208346675292748	-5.67804324424165
7088	-0.0286805184742012	8.90506498113348	-0.426510368876767	0.67051264767032	0.749957274171543	-6.70224907532334
7089	-0.071773954880496	6.51873814589593	-0.504369638231561	0.614941631182273	0.701286466045226	-6.66622150570695
7090	-0.392422244232034	6.8617332468221	-3.37898448130944	0.000986376158573215	0.00317522814273017	-1.3682563986529
7091	0.43991604491118	9.39604133078902	5.33473379671259	4.68064117451335e-07	4.31978727390841e-06	5.88692558718976
7094	0.062325467608688	8.81121791979102	0.980893018121041	0.328651216406333	0.430301678166386	-6.31557299912394
7095	0.172860598252078	7.82732281236755	2.42087150760981	0.0170062296988607	0.0369078973496032	-3.94508864756198
7098	0.457752476623916	8.55751060394525	2.535950638344	0.0125202725029502	0.028419782180342	-3.67523617612445
71	-0.0651608123368883	14.0168935289863	-1.88221405209871	0.0622687256875546	0.109903640363889	-5.05471267846372
710	0.107145471436387	8.15230333484769	0.971577921343239	0.333246832338505	0.434441104027155	-6.32455720281137
7100	0.165260005746832	7.36339370225068	1.28150522327511	0.202527346741286	0.291086807740216	-5.98061025472365
7105	0.178319321569843	8.60897066939884	2.43678646066594	0.0163108257510693	0.0356327481364274	-3.9084421791602
7106	0.774620424664595	9.96154283492562	8.27129851974335	2.28095071105001e-13	2.09340587480812e-11	19.9947134101925
7107	0.45082632200713	8.782155589043	3.85101940745681	0.000191592561210919	0.000771977832001069	0.15934278831643
7108	-0.120188700512772	7.81455388366475	-1.27491701964361	0.204841838925414	0.293799893996165	-5.9888820413238
7110	-0.216139224959801	8.84418569539894	-2.7922463579386	0.00610761460302466	0.0152413584957655	-3.03426810695678
7113	-1.10771791217637	7.19965221549042	-6.37853665926303	3.62567405604973e-09	6.45196845616189e-08	10.5823019155571
712	1.57339668059153	6.29682616612586	8.65870022543876	2.88432303287546e-14	3.60977397750777e-12	22.0120836811546
7122	-0.0246098523089272	6.85663323041023	-0.149720563575395	0.881240543788639	0.915488226851233	-6.78161041265962
7123	2.45764089287738	6.34505058411859	11.6798072321422	2.03074085554259e-21	5.59130648892727e-18	38.0857488281047
7126	0.424496747443282	9.85653607687606	4.91598127538715	2.87981834215766e-06	2.07930939739705e-05	4.14345328266349
7127	0.00625384159058071	5.89150656849888	0.0367587712615329	0.970739426237454	0.982635742735462	-6.79210005210937
7128	0.207986296171146	8.60870278082758	2.27764007291119	0.0245474635557352	0.0501141989546151	-4.26507599446552
713	2.78866247625519	8.34147071943197	6.76559787757449	5.4072283106975e-10	1.3021488584945e-08	12.4287483802009
7132	0.320873011835131	9.67860406187886	4.66746972383758	8.11956024499035e-06	5.08858631438697e-05	3.15294826004585
7133	-0.460243605837514	10.3088163387836	-3.43962058832085	0.000805812511377347	0.00266774001762601	-1.18103294355062
7134	0.0620780539474968	7.50208511357658	0.401518998144377	0.688763885633143	0.76663383578086	-6.71253965725882
7136	-0.236277094706086	7.30692591675736	-0.939695361309437	0.349292373347379	0.450242666018938	-6.35466852328737
7139	0.413529855639174	8.17944556955478	3.09293284179505	0.00247388822614985	0.00707937060151674	-2.21407650417778
7140	0.38904281359037	5.29816981863249	3.47837033641879	0.000707215136628263	0.00238140930637972	-1.05996560127398
7145	0.189777994644963	7.13160615092957	2.1336518075589	0.0349405593350884	0.0676374549116077	-4.5687174854949
7150	-0.431360839475134	8.4105134282859	-6.21355631151593	8.03741990550434e-09	1.27671323883588e-07	9.81096949383917
7153	-0.372267830389394	10.5707078373097	-3.28407170346657	0.00134675802084771	0.0041757587283041	-1.65580446422292
7155	-0.0510343554037391	10.7729135699989	-1.07330605911928	0.28532261295014	0.383089203993524	-6.221881661289
7156	-0.170056642756712	7.67522313188527	-1.55967641608921	0.121512903976713	0.190599427810037	-5.59376941275374
7157	0.000148177274446784	6.8363283756777	0.00216181151418979	0.998278773755865	0.998641476471291	-6.79277064241397
7158	-0.173301974978669	8.45461530743964	-2.63923998982501	0.00943068959420842	0.0222047648424053	-3.42349409154359
7159	-0.217926364119319	7.6149601946878	-2.56965523019591	0.0114245111014541	0.0262420638759763	-3.59407483826671
716	0.862297897222031	6.80484879377587	5.46357398445152	2.63219017524484e-07	2.63219017524484e-06	6.44089702586043
7162	-0.449373414783318	8.97029504030936	-3.55844473006575	0.000538306109004713	0.0018808834434767	-0.806310734103381
7163	-0.0816476195936653	8.2816780787962	-0.894014524890806	0.373132923887957	0.474896448584672	-6.3960862218054
7164	-0.563186681027105	8.68134369785506	-4.54832866870146	1.31907045695267e-05	7.7218440640886e-05	2.6905208407874
7165	-0.0259668832709289	10.5875875314919	-0.337888302218774	0.736047400662564	0.805585203322218	-6.73594314026353
7167	-0.418759673176785	11.8343296144733	-4.56996741923716	1.20849476980616e-05	7.15054928266396e-05	2.77389269807156
7168	-0.428198436253771	11.4880681370042	-3.20261823416408	0.00175062962859932	0.00524897576488644	-1.89714310515139
7169	0.0673502396583351	11.0183192366819	0.595463508229168	0.552673379526123	0.646887078770835	-6.61645626293366
717	1.70866700445201	7.04101141578627	7.5225148945627	1.15775208719858e-11	5.16920661635691e-10	16.1673142232288
7170	-0.298661761388994	8.51179587609509	-3.18643226229651	0.00184326877514559	0.00547085881520035	-1.94449650464789
7171	-0.057035873041568	9.79192016982604	-0.82508588605865	0.410986769830467	0.513500335622396	-6.45472654623094
7172	0.110662814947175	7.90417613445448	1.39155009051256	0.166674962367308	0.247856563359373	-5.83633003028239
7174	-0.261363783818556	7.31757547748262	-4.10205528162845	7.56093287956909e-05	0.000344474934281526	1.03466086036098
7175	-0.00723876027954124	9.14725520318374	-0.12688719494435	0.899245526622834	0.929120894580908	-6.78475530050342
7178	0.0241961214992187	14.3137005482689	0.709842550791544	0.479201380462386	0.578756416953528	-6.54237541962549
7181	-0.134539954186448	9.22093062035954	-1.35120062200893	0.179214713792275	0.263044889206575	-5.89056964202663
7182	-0.511045012219229	7.33503594316941	-5.23473724133386	7.2786736648717e-07	6.30869301908082e-06	5.46250278941011
7184	-0.258131527622933	13.4396219117112	-5.40766309499838	3.38220850544531e-07	3.24472035481745e-06	6.19952812998411
7187	-0.000859802066393707	5.23378035121442	-0.0103004747415177	0.991798940334663	0.994447590090351	-6.79272013058219
7188	0.0554730963234836	7.2485692165794	0.643961062322722	0.52084969003889	0.617948646172807	-6.5866194456737
7189	-0.0555836514081491	6.81989770556727	-0.813388296180935	0.417632758872925	0.520465689241153	-6.46421698257752
719	1.55458575598091	6.35032817622578	8.41627282036862	1.05463222700398e-13	1.16150162600705e-11	20.7471492148585
72	0.35461696183373	10.8206356339148	1.69722935434358	0.0922879053834632	0.153071907322772	-5.37563011193565
7203	-0.382000028817374	10.1148876177818	-4.33624854803975	3.06823336817577e-05	0.000158496608012082	1.88823008846852
7204	-0.145807855745043	6.78191216606582	-1.78251192200083	0.0772359198810778	0.13208461660822	-5.23158074756663
7205	-0.36034667496444	10.0980039194914	-4.88297876301834	3.31094737352966e-06	2.34147476929409e-05	4.00994721169409
7247	0.193949930297191	6.38284772921628	1.2118412216625	0.227992844772508	0.319949184135391	-6.06597509657712
7248	0.0323027244320708	9.7096593042507	0.567143708090606	0.571693280112006	0.664254676287124	-6.63280591234803
7249	-0.0165521473861182	7.37538366899655	-0.239214158424794	0.811354284457013	0.863594099082256	-6.76428183400841
7251	-0.325572115038641	10.8707281642099	-4.34986833085236	2.90856435127274e-05	0.000151384634792141	1.93893097642933
7257	-0.272607003120745	8.94078436307407	-2.81153453860064	0.00577501367289437	0.0145343122907092	-2.98383675955517
7260	-0.106589249651251	8.71158048389738	-1.81945963340988	0.0713752071714813	0.123390374892515	-5.16709675661087
7262	0.243750997277035	9.4893700809523	2.57541144133571	0.0112462387927255	0.0258757471944047	-3.58011808163803
7263	-0.0991878173434703	10.4803147101574	-1.34216933045557	0.182116368414049	0.266480283985836	-5.90249814042937
7264	-0.0830570861165452	7.88110614771652	-1.06982738334662	0.286879284615721	0.38455418547969	-6.22555829408534
7265	-0.152740580651864	8.46167285297529	-2.22169707956247	0.0282100492916305	0.0562006621493049	-4.38521281472511
7266	-0.151906792898065	9.4401297490142	-2.15685565060596	0.0330440322859627	0.0643583368738628	-4.52102004157051
7267	-0.0661963099499555	11.093234690341	-1.2094627147814	0.228901370396932	0.320897033176962	-6.0688076075042
7270	-0.174249370323075	7.34620111461437	-2.97374186905005	0.00356749328837224	0.00962046835192776	-2.54782315126462
7272	-0.461987938673251	8.88274219244525	-4.14201991519182	6.49738942231311e-05	0.00030167755271673	1.17784545210781
7277	0.668047721896968	7.31282186197347	3.36955504484784	0.00101765267745281	0.00326059391612111	-1.39712587697644
7280	0.429228434828595	8.5205100014894	4.17611834654676	5.70474335888706e-05	0.000270190253121601	1.30082714267525
728294	0.0855238584128784	8.62623523769977	0.782275481660383	0.435618789671992	0.537608128296826	-6.48880696970967
7283	-0.136958921961143	9.95908682732636	-2.04706687074566	0.042871029172702	0.0802253513743811	-4.74247690923242
7284	-0.154764457927108	10.1782055471431	-2.66562402249754	0.00876090983089699	0.0207945733342555	-3.35775842472849
7289	-0.0798631050671434	6.51563278469531	-1.09921161382317	0.273912141742337	0.370545085885593	-6.19413403799215
7291	0.404526606231169	9.75223663155023	3.47675364323438	0.000711091078215271	0.00239251010430067	-1.0650387310033
7294	1.02098679442203	5.49769575557654	6.53882794834451	1.65828724773074e-09	3.34901043184741e-08	11.340927457359
7296	0.232414629525907	9.80072649541222	2.10475593385346	0.0374332978282868	0.0715572876791596	-4.62744793829569
7297	-0.0715631677198191	9.35588847768593	-0.895835651630415	0.372163377569888	0.473808492405561	-6.39447399183392
7301	-0.366370015755633	7.55395482881174	-2.91459334632586	0.00426194689916567	0.011167998166349	-2.70926438375172
7305	2.38047281399446	9.39848567211628	5.76493058829273	6.65726614946635e-08	7.96942295573798e-07	7.76647094942765
7311	-0.0829101752613766	14.0129250654523	-1.95927743475576	0.0524373241208109	0.095152086387939	-4.91180514953667
7314	0.20299806965727	13.3440987047311	3.31362278264723	0.0012231220456502	0.00383124311606776	-1.56700241868116
7317	-0.11169137545127	11.2415107214058	-2.0351260090669	0.0440773897758364	0.0820737690596053	-4.76591500494948
7318	0.635241566281989	8.08350098961176	4.81225729904003	4.4561996939864e-06	3.01212843472403e-05	3.72585967726582
7319	0.318975299959536	11.099763837002	4.44972920867308	1.95925700638195e-05	0.000107961726969413	2.31414453901788
7320	-0.0671671595662089	6.27062601467828	-0.881796415777779	0.379678594014034	0.481373014053096	-6.40681912043382
7322	0.199645816378163	8.29272240380013	4.04279396626505	9.44986218392415e-05	0.000420333126759362	0.824254322769855
7323	-0.153594271953436	12.3195896452225	-2.53988030485391	0.0123878345597129	0.0281495222732402	-3.66582282376517
7324	0.289695322353965	11.8401515027192	6.18089075080787	9.39889983221422e-09	1.46757868835708e-07	9.65943553606077
7325	-0.124615593375601	9.32136422581682	-2.03450027245362	0.0441413990505924	0.0821559162140363	-4.76713971002642
7326	-0.336569001197277	9.33605524060147	-4.70967593184397	6.82458286795242e-06	4.36308471279311e-05	3.31873053696665
7327	0.227057152591052	8.19562350755147	2.54414158659269	0.0122456418487318	0.02787241710403	-3.6556003589765
7328	0.022420804476041	9.63607959870182	0.244680344443234	0.807128684155215	0.860021017946605	-6.76296521639301
7329	-0.042430692390128	11.5319722997896	-0.802097692617454	0.424107952563771	0.526857722614204	-6.47325014467799
7334	0.11458246563752	10.7892558725864	2.28447629068441	0.0241298282059326	0.0493958812840156	-4.25020777526298
7336	-0.140876436793687	11.1689577240727	-2.74417061484584	0.00701401644914714	0.0171814281939369	-3.15864435991515
7337	0.0217985129532063	10.3473075140943	0.598091843093718	0.550924226255755	0.645160681417874	-6.61489871451905
734	0.253048993968246	6.06717053411181	1.97292899411175	0.0508404570187388	0.0925390425241917	-4.88592931655433
7341	0.348627813498196	9.11406585628068	1.51835168240838	0.131599008311559	0.203521402106998	-5.65585487639325
7342	0.0388996395760641	9.29365272961409	0.833725715128959	0.406119128666092	0.509035508768122	-6.44763092564988
7343	-0.377467974033956	6.21034107290606	-4.45471986129625	1.92066427059594e-05	0.000106402997150385	2.33305517271368
7347	-0.323506352615652	10.7942492501756	-6.12627817531369	1.21990051672062e-08	1.8454905252953e-07	9.40699128409231
7349	-0.0647978052528545	6.62791347912046	-0.635729763737177	0.526182912216656	0.623121269521087	-6.59184694471496
7351	0.80327167243925	8.40242031657927	4.29923146498951	3.54595967538566e-05	0.000178912996362537	1.75101130089816
7353	0.0175411991393735	5.92884970749018	0.223409584171762	0.823602835453645	0.873252598373178	-6.76792143533215
7355	-0.0726859598564952	9.64124306292182	-1.03926075948893	0.300807103609275	0.400236255768784	-6.25736084539801
7357	0.165511367401532	7.25777176934992	1.7703006418561	0.0792581151231216	0.134733902226175	-5.2526174438617
7358	0.0822942941548611	10.0917629001422	1.30828073495472	0.193319351276567	0.279996114596607	-5.94656605670243
7360	-0.0261722408154214	12.1863943793909	-0.521638818345716	0.602899011527668	0.691023250207588	-6.65741738498216
7371	0.0455668067518872	9.80134841404386	0.244932106324732	0.806934197457384	0.859924715649335	-6.76290385971428
7372	-0.206827363261423	6.1029322692147	-2.44863140528464	0.0158098035606843	0.0347034221130088	-3.88102676617263
7374	-0.217956294989788	10.3346108415327	-2.41451032008821	0.0172914716119126	0.037389412438324	-3.95967546627868
7375	0.0119834473571319	7.9035233108057	0.203943352516469	0.838748882573897	0.884357686230472	-6.77206277417303
7376	-0.180543861291953	7.97321478668861	-2.05900482987301	0.0416933304829904	0.0783409712896953	-4.71891698483792
7378	-0.255771280911192	10.8488422489042	-2.403418421431	0.0177990204266474	0.038356355002376	-3.98502718280843
738	-0.127813178763727	10.0379154137923	-2.11341501932317	0.0366707023672935	0.0703873883282317	-4.60992627983947
7381	-0.102964015906584	10.0047587105884	-1.68608146035264	0.0944210412263992	0.155983560106011	-5.39396365564302
7384	-0.147823038028284	11.2067324399313	-2.41939126417371	0.0170722293672717	0.0370025228479832	-3.9484860877111
7385	0.125016544361877	9.91309924304493	1.52177407752687	0.130739499619135	0.20238160923052	-5.6507739579512
7389	0.197559922059081	10.6210673152492	3.08915335554615	0.00250316292156966	0.00714448021152917	-2.22483078566435
7390	-0.134705214505615	9.85508237202157	-1.85169259566257	0.0665684023048408	0.116420707820873	-5.10982095421494
7392	0.189421919800392	8.19314853881411	3.03891114342603	0.00292405213414156	0.0081327541667843	-2.36672914285473
7398	-0.152205462060861	9.57638977677462	-2.81580803472177	0.00570359768858762	0.0143984464876937	-2.9726221541582
740	-0.184432136235314	8.65756900869672	-3.36991636260116	0.00101643728761586	0.00325796352181102	-1.39602087619097
7402	-0.153061813918482	6.06735657848183	-1.99204771805116	0.0486735535868955	0.0891844615412061	-4.8494083852562
7403	-0.0990817767066315	8.35244878993341	-1.78975213471738	0.0760571728736188	0.130338640650641	-5.21904317889976
7405	0.143852931995891	8.29754077387658	2.33500681754142	0.0212317079094957	0.0444322035298795	-4.13904684692651
7407	-0.366634842431303	9.59905850391827	-3.70564997864269	0.000322344210071022	0.0012102559887212	-0.327974328299081
7408	-0.33321299303958	8.01419162136074	-2.80631921481395	0.00586327481476017	0.0147071515244212	-2.99750278434499
7409	0.468945654935362	5.4008306058185	5.41974513504321	3.20422357935099e-07	3.10280032420155e-06	6.25156164662013
7411	-0.0165015415893337	10.6082706397633	-0.314784504555231	0.753480902413714	0.81962644280842	-6.7434459603337
7414	-0.154167875932763	12.28469739533	-2.27959812549739	0.0244271996295002	0.0498933404895331	-4.26082155339627
7415	-0.233203440406928	10.3314631219799	-3.86213605904638	0.000184017404074625	0.00074509007728255	0.19720850567582
7419	-0.00312077575497569	11.9215395945969	-0.0557278758312336	0.955652788317973	0.970814417846077	-6.79122635662365
7423	0.19691867952549	11.3390267582544	3.24011220534385	0.00155243143520825	0.00473351186962722	-1.78668028112887
7424	1.04388577014549	6.72808355147035	8.3853000496735	1.24390467630859e-13	1.3172631572191e-11	20.5861308845246
7425	-0.850833616235609	6.53688784831463	-5.88661895644438	3.78074032766826e-08	4.87190563284553e-07	8.31297825670824
7428	0.0572248071509836	10.3478906317884	0.889312711179368	0.375643429463914	0.477723591589212	-6.40023373845256
7430	-0.0220313924043575	13.8771756942987	-0.517107195335483	0.606048718356092	0.693634808593781	-6.65975623461303
7431	0.328346614114501	12.88456879647	4.47228628437762	1.79057048886694e-05	0.000100204012452852	2.3997373121974
7436	0.0204010222841499	8.32928720245231	0.230099079576654	0.818412973915068	0.869465101548355	-6.76641125084609
7442	0.0171996173208005	5.04012744452804	0.218426346803958	0.827474041163011	0.876322026095795	-6.76901749300235
7443	-0.340315140158721	8.09118267412838	-2.74598142252741	0.00697777090667096	0.0171180242616876	-3.15399398715052
7444	-0.0723802963334021	8.05422228750263	-0.988533650175041	0.32491291336803	0.426565198305106	-6.30814083393351
7447	0.213885768140158	7.33891824123451	1.3738300004935	0.172097217528259	0.254661952128882	-5.86034047071929
7448	1.62221057426248	7.76530623661699	7.81686658167369	2.50402602400343e-12	1.53209295987173e-10	17.6588978324191
7450	1.58120036373029	8.96827735564462	8.31167461400141	1.84055506333987e-13	1.80987914561754e-11	20.2039486361052
7453	0.766490795069192	9.75764889666806	7.50802115766239	1.24782430655084e-11	5.45333285813562e-10	16.0943584783641
7456	0.351952145373151	8.36906835436658	3.01722206924599	0.00312521557814251	0.00860762943496404	-2.42737211581208
746	-0.0943476761946897	12.7830431036474	-1.84006757365437	0.0682699225192253	0.118893012862914	-5.13058726064684
7461	0.325167205442318	6.98158804579675	3.72013440094797	0.00030624770258182	0.00115718482311337	-0.280078183697691
7462	0.940123300812662	5.77386550580037	7.27815031908734	4.06838348846248e-11	1.44848481097845e-09	14.9439209640428
7464	-1.45050361429548	8.88372862770236	-7.81835199741257	2.4846422139391e-12	1.53157796172664e-10	17.6664707586997
7465	-0.140193003294123	10.420678012008	-2.31378856335955	0.0224090182254763	0.0464837997344135	-4.18599459397416
7466	-0.0540653485695383	10.2122594665218	-0.560078441095539	0.576487072041377	0.66869585943853	-6.63676139293799
7468	-0.0812372248121102	5.27262201640799	-1.55261293968793	0.123192136126616	0.192684537853786	-5.60449481679829
7469	0.101556622290695	6.55446999139123	1.16828939122144	0.245043710067784	0.338528356775363	-6.11697921089801
7472	1.05540507568679	10.1871133313298	5.18415408513581	9.08387452853143e-07	7.60210776146602e-06	5.2496964877921
7474	0.751766247833242	7.40566997570083	3.92436973422509	0.000146606468894915	0.000610675457928392	0.41074156899632
7476	0.0966050481778397	9.67049263945185	0.64532314780208	0.51996989433035	0.617002058205529	-6.58574797902112
7485	0.269830299229677	9.44354803415455	2.84824334377335	0.00518731075621527	0.0132653829245629	-2.8870209327069
7486	-0.120752804244873	8.56782075354054	-2.37051584379994	0.0193832115146991	0.0411689993412928	-4.05960702894115
7494	-0.0897816781906588	12.8546472336098	-1.6026390762838	0.11168641983039	0.178197764689787	-5.52752890677237
7507	0.238935249284216	7.40513172814655	3.41540754421694	0.000873832045913043	0.00285239367808829	-1.25612119040026
7508	-0.0142575436176911	9.20571497141867	-0.234359274716096	0.815111998217489	0.86696176993001	-6.76542629219352
7511	0.165428127711925	10.7039546917703	3.445555640468	0.00078991606480757	0.00261826111368801	-1.1625614367452
7514	-0.03056542966477	10.942305272206	-0.544882983767911	0.586861766194694	0.677400529453349	-6.64510143091552
7515	0.048168434901501	7.95538883250216	0.746773884918117	0.456684581122939	0.557937382055239	-6.5157061800056
7516	-0.0875575338284454	11.3240640314397	-0.575113720761767	0.566308766762828	0.659296746083292	-6.62828472529184
7518	0.0991397053743564	5.57532902144665	0.781784520570645	0.435906190144285	0.537762111723019	-6.48918739682932
752	0.0044245285126112	5.10252800484765	0.0701237299559366	0.944213814945296	0.962983838924329	-6.79032411307633
7520	-0.035657177000627	9.69491022024712	-0.485550465958655	0.628185755584427	0.712847141245689	-6.67547981155626
7525	0.183553159820217	10.7745472423036	2.45697063516256	0.015465336817831	0.0340649818974091	-3.86165348585228
7528	-0.10880758000789	11.3915284125233	-1.64965682303772	0.10167123997619	0.165462395557607	-5.45306380000721
7529	0.0928355320839923	12.3334493930335	1.80375052382785	0.0738202985196967	0.126873838071722	-5.19466639683147
7531	-0.0602804326209643	10.531764790411	-0.808321102946089	0.42053148263104	0.523288648166977	-6.46828648573737
7532	-0.00102505457003134	10.7840848004736	-0.0206493450553666	0.983560233974142	0.990153264183597	-6.79256061886084
7533	0.255523439621053	12.1031116577267	4.75431080803617	5.6731974756389e-06	3.73689084121031e-05	3.49515317520918
7534	0.0134573972922595	12.8334757373507	0.217905862330536	0.827878623922549	0.876449604171377	-6.76913054815802
7536	0.0558237013317498	6.58894066389062	0.793975794840951	0.428802439000127	0.531020711565375	-6.47967092240784
7538	0.626174331686376	9.44740791926355	5.00109107437785	2.00451601734011e-06	1.52321088346176e-05	4.49045455251737
754	0.0217821514829519	12.9530227314224	0.336798640375121	0.736866626064383	0.806268158867638	-6.73630891441078
7542	-0.221087560861445	7.60754115184671	-3.68473461134244	0.000347008198326719	0.00128460672262629	-0.396875635401122
7543	0.26743976003228	7.61763016051857	2.89543000946658	0.00451229727280592	0.0117650175105356	-2.7609685394767
7549	0.0560562271014715	6.75152924941136	0.906753245706557	0.366384192558702	0.468066954018244	-6.38474088810555
755	0.306973220154034	5.78137319139669	2.51080143161107	0.0133983285087374	0.030106146213866	-3.7351707358583
7551	-0.159100428323947	6.1851048880916	-1.9915052279646	0.0487339389686169	0.0892159432359876	-4.85044919644825
7553	0.0190367328639642	7.86840538936768	0.330562609118384	0.741560777172151	0.810652728883267	-6.73837951977826
7555	0.136106247664355	11.6039259365856	1.57347045272744	0.118285895765999	0.186518221933846	-5.57268952203126
7556	-0.0179130908660335	7.07303375670643	-0.251752405497593	0.801670136747225	0.855971474861954	-6.7612177069309
7559	0.187554374811563	6.93831686242627	1.46956599965963	0.144339013455591	0.219955369161734	-5.72708553291374
7561	0.115101821912856	13.2802989401998	1.12689784069992	0.262070796566793	0.357684200205173	-6.16376279791819
7564	0.027791300486544	7.68651713507029	0.454459469906265	0.650332584808624	0.733244219290095	-6.69000717728045
7569	0.00539605276784662	6.28215419590575	0.072773077716653	0.942109835745418	0.961194076489273	-6.79013558110711
757	0.073112994474983	9.48599242356409	1.16712094547439	0.245513327651118	0.339063716167569	-6.11832248776144
7570	0.1860125492008	10.139706046042	3.68910007444631	0.000341717143098032	0.00126857689977067	-0.382519975269604
7571	0.0152742005464655	7.46343942428525	0.121556052237251	0.903457264272929	0.931771382556423	-6.7854148274503
7572	-0.163279375618606	6.50104179899474	-1.96663737006203	0.0515712104706204	0.09368335132776	-4.89787565564291
7574	0.154436231920576	7.86386281411251	2.44551301659655	0.0159403593696356	0.034943569106473	-3.88825598733883
7580	0.124133631389981	7.61307974011673	2.02610558911596	0.0450078395437137	0.0835238720806728	-4.78353603472103
7589	-0.26468641316191	7.15805311812059	-3.53044249906854	0.000592500890035875	0.00204174274163384	-0.895544275355369
7593	0.0922327129038313	8.88788985983728	1.36896971128712	0.17360755102169	0.256299977022191	-5.86687402973012
7594	-0.0287622079173747	6.51403056689956	-0.255176731183816	0.799030582832232	0.854146837607641	-6.76035368321363
7596	0.357890577416579	6.89943800400554	6.17100491823918	9.8539779365052e-09	1.52708926370606e-07	9.61365475640642
7597	-0.216713147153578	6.72947946129363	-3.44973898679154	0.000778888997697273	0.00258482246724768	-1.14952612887919
760	-0.700034233662018	10.3100131128085	-3.42326024596105	0.000851202587240331	0.00279337837529008	-1.23181626537147
7625	-0.245033688255155	6.2523075028567	-2.18943312386178	0.030532274818802	0.0602620286746247	-4.45325114889041
7626	0.12437170861301	7.80253319146795	2.17916209602821	0.0313056347925104	0.0614360996403268	-4.47471842174866
7627	0.102222093383238	8.01290899255447	1.22913888067209	0.221463796730805	0.313020356091111	-6.04521252213596
7629	0.0500388305370474	7.13640251718343	0.707698087144245	0.480527441411567	0.580031662437461	-6.54388282477288
7633	-0.105691008883005	5.64324423700244	-1.10013691803866	0.273510503251972	0.370178069287447	-6.19313094622881
7637	0.352543719877073	7.54214967781928	3.99527554415506	0.000112826016187046	0.000489980490906941	0.657208867758335
7639	0.155183006171804	6.09273611655435	0.886971259699468	0.376897564827969	0.47869923070582	-6.40229110862034
7673	0.230725533324302	6.15905465707655	2.12680978268496	0.0355174513943687	0.0685934413180935	-4.58269077381325
7678	-0.310211520129525	5.88798031435051	-3.08173812953429	0.00256153356393458	0.00728841448091616	-2.24589790115155
7691	0.0788039529756543	5.18533122974906	1.38602547172176	0.168351332972402	0.249924876051769	-5.84384774581796
7692	0.0161249134295955	6.72553405307533	0.253693718583662	0.800173441631508	0.854925964024868	-6.76072930743889
7693	0.074944988129273	7.22512870717399	1.19910611442827	0.23288773643205	0.325326010980675	-6.08107777898358
7699	0.107486497729565	7.75187561066149	1.19323327936224	0.235170291965162	0.327849217153121	-6.08798998519539
7702	-0.336654552224076	7.98083128017271	-4.35815769404825	2.81533348987241e-05	0.000147367900040216	1.96984491173524
7703	0.0162399223271755	7.38634636455613	0.210407218985906	0.833712547896156	0.88073483126004	-6.77072942774413
7705	-0.0862413948155537	10.7096943374705	-1.51414658021015	0.132661153945428	0.204903127952439	-5.66208275217349
7706	-0.335053080801025	9.12485232539321	-3.21476119163851	0.00168399672078042	0.00508028229132443	-1.86148590349775
7707	0.179639313613456	8.64125219052001	1.51186118183205	0.133241224590617	0.205522411786833	-5.66546052709761
7709	0.00388937833121847	7.14566833675629	0.0618847848267655	0.950759224735853	0.967628289344276	-6.79086573943744
7716	0.570375855409032	9.55387575156329	7.94529935448832	1.27691192470952e-12	8.71677065958728e-11	18.3152616456029
7718	-0.493852708311203	9.55945994654874	-6.55880673061827	1.50335428268168e-09	3.09102563391279e-08	11.4360949949694
7726	-0.01356359459849	8.11622617319415	-0.187860344329395	0.851308616260788	0.893041550712993	-6.77519992363188
7727	-0.266028346512769	6.54070903372507	-4.28307678868231	3.77617034538141e-05	0.000188922877364327	1.69139485807303
7728	-0.469460171124325	7.94343023003622	-3.61614993103445	0.000441027050600562	0.00158524083462169	-0.620641836539716
7733	0.0438739986772363	5.54173686381386	0.62597006968788	0.532542834602807	0.6291195385897	-6.59795854854805
7737	-0.178374815388347	8.41009018716867	-2.31997451099829	0.0220599883322221	0.0458288490000389	-4.17234783911879
7739	0.940751906717563	8.34694421786187	7.50700426869629	1.25439859932902e-11	5.45333285813562e-10	16.0892416650574
7743	0.0766073668456542	7.04955515288675	1.17709153620593	0.241526493483988	0.334733026204318	-6.10681783149781
7746	-0.210022766625655	7.88365956230477	-1.06743542733403	0.287953023620424	0.385743103325447	-6.228079575868
7748	-0.275226672392291	7.85813210858564	-3.35653175098221	0.00106238043195797	0.0033881321884065	-1.43688931229631
775	0.335063292029738	5.72936072747424	3.68760991738845	0.000343514601016482	0.00127410444741632	-0.387421811085407
7750	0.137424654427914	8.27472765366836	2.20686876120834	0.0292574710154551	0.0581069272872468	-4.41659650681116
7752	0.319580323385144	7.72521093209496	5.5578072197177	1.71966936162241e-07	1.83520270374692e-06	6.85100176039152
7755	0.0264513664253922	5.84428781510732	0.369081061286565	0.712728364199349	0.785982967950743	-6.72497252566303
7756	-0.137631551824565	10.8732995716821	-2.65474805948922	0.00903161003348616	0.021363430377032	-3.38492600680253
7763	0.32586850929922	12.2626741539155	5.64271939229627	1.16796349882409e-07	1.31078512232161e-06	7.22400861865781
7764	-0.152741827730174	10.3262526342957	-2.00560137027421	0.0471854004174596	0.0869398633611903	-4.82331868778259
7766	0.0513935115831492	11.0655368269183	0.371912536656108	0.710624630351116	0.783993514986005	-6.72392886599551
7767	-0.0758307939257569	6.26932141779414	-0.736398179867912	0.462949064965721	0.563413060950767	-6.52333413976495
7769	0.172267275643749	7.84289860295722	1.44114761368765	0.152189931939583	0.230151746214016	-5.7675452265199
7771	0.0801074870809902	7.22798666196332	1.30270192003746	0.195211741452435	0.28224207673676	-5.95371574026012
7775	-0.406060749032699	7.62088888372513	-4.26132799851838	4.1088877558966e-05	0.00020238171057666	1.61139217587951
7776	-0.0533502121268117	5.24183372149262	-0.549401691024195	0.583767479300125	0.675055211958425	-6.64264517474492
7779	-0.583729934560964	8.94292511261712	-5.7898152585741	5.93277731106355e-08	7.23851411955465e-07	7.87771983725115
7780	-0.519406304688726	11.4862501894451	-3.8791243939215	0.000172989514873818	0.000706323970765069	0.255237223559699
7791	0.0811319339778726	10.2714010882771	1.21981285836983	0.224966873570695	0.316617204923145	-6.05644228690994
7799	-0.0183958787470051	5.11350475169929	-0.373004250050258	0.709814102432029	0.78341321299954	-6.72352434353328
780	-0.409680453434231	9.92388377870973	-4.46773313740487	1.82344973677405e-05	0.000101562338676694	2.38243575737056
7802	0.308923656990785	6.54651258998315	3.37011219384928	0.00101577912501478	0.00325711784651479	-1.39542193415627
7803	0.0687797198525032	8.91405796010596	0.965857324842654	0.336089815167961	0.437148070015448	-6.33003278399383
7804	-0.475265437704487	10.2911560884335	-3.66877407953254	0.000367020815448408	0.00134737419360171	-0.449246719743942
7805	1.74392193544003	7.49563841671295	7.06510817746898	1.20264121728901e-10	3.61229689265717e-09	13.8896046485439
7812	-0.348190644502497	7.51437179235167	-4.13798932899317	6.59777857107026e-05	0.000305308969171095	1.16335790666269
7813	0.046218513609405	9.71869629226172	0.448722549341883	0.654454304808675	0.736624630405653	-6.69258312981457
7818	-0.486645967468983	9.95690342964457	-5.64309004694068	1.1659849194927e-07	1.31034495714417e-06	7.22564393427453
7832	1.0585546811785	9.0366222514437	4.69799562971532	7.16142993296012e-06	4.55026240355774e-05	3.27274962940072
7841	-0.524997333502286	8.08604585129696	-4.84206374834696	3.9330364900866e-06	2.71629443211667e-05	3.84525672408843
7844	0.0325674891493795	11.0757300810683	0.449702834672031	0.653749253108227	0.73599139030584	-6.69214527891321
7846	-0.0175832933560327	13.559674285595	-0.324780198710248	0.745922190770953	0.813912456508332	-6.7402649927328
7852	0.646391625869872	5.44394227125219	3.35994181618848	0.0010504940203365	0.00335410924158466	-1.42648976037439
7855	-0.230184864860695	6.14281292914326	-2.48408678382829	0.0143910338732668	0.0319800752739262	-3.79824857039007
7862	-0.0455381571502846	10.1461904845455	-0.791479273775596	0.430251563903615	0.532336416693209	-6.48163156190023
7866	-0.344956063477038	7.33222859423699	-3.83826327374817	0.000200650487865591	0.000801437635285193	0.115996736605434
7867	0.747747369247336	9.03672454343049	5.62832851993089	1.24737906181681e-07	1.39234473656849e-06	7.16056386354331
7869	1.03931168118798	11.9540380649111	4.49213994284429	1.65376782667535e-05	9.37782471526284e-05	2.47532469436534
7871	0.215430543582023	9.42562596102663	3.89665414123452	0.000162271527277427	0.000667179101698131	0.315320979348482
7873	-0.43949841745099	12.5393309539582	-5.69090893957175	9.36453444378783e-08	1.08183293014947e-06	7.43712905921343
7874	-0.0687341955903118	7.49865401880452	-1.04223161298713	0.299433734063771	0.398730073088303	-6.25430955643307
7879	0.143300208952281	11.9895932581676	2.29520415422627	0.0234870198808798	0.0483315356791398	-4.22679343936326
788	0.295563271563607	7.22511749101418	3.81844038487389	0.000215539286710035	0.000850623271966025	0.048858839210479
7884	0.400224433008968	10.7558477775426	4.52803319444152	1.43162238429491e-05	8.28406230444161e-05	2.6125754759101
78987	0.322908234599778	9.35457755319712	2.40550024535641	0.0177027633101411	0.0381688397133295	-3.98027700738176
78988	0.132328937321191	9.17748016948193	1.16400735465505	0.24676785139991	0.340682342063055	-6.12189554426784
78989	-0.708463709556772	9.32403352784475	-6.08929163963227	1.45463025648446e-08	2.16490917451561e-07	9.23667151602555
78990	-0.617425872121555	7.97579214787444	-3.75758246511171	0.000268090574501192	0.00103044585638895	-0.155566831721987
78992	-0.627280656002224	7.80304633279952	-6.96583785486773	1.98479671988001e-10	5.55743081566403e-09	13.402534606364
78994	0.02553338105087	9.69775497827347	0.39244965584144	0.695433588950394	0.771534240030992	-6.71612091132266
78995	-0.53639067337272	7.5501932479232	-4.91298385094202	2.91660659713249e-06	2.10387313137255e-05	4.13130334063255
78996	-0.670156886094511	9.04390080488634	-6.27093615224587	6.1001390689764e-09	1.00573151117256e-07	10.0781131594172
78999	0.169287223430187	5.60053305209967	1.87607211450738	0.0631147553322223	0.111204752355835	-5.06587048794628
790	-0.39958578368116	6.80489630180604	-3.25447524389466	0.00148221014215017	0.00454456413294743	-1.74408031879334
79000	-0.454075307981124	8.53199155104855	-6.32719037371572	4.64971952078293e-09	7.91890376116845e-08	10.3411868303887
79001	-0.393595722069519	11.1003126947425	-4.9244475261191	2.77832801813168e-06	2.01306924822523e-05	4.17779710440701
79002	-0.441673636620209	10.3473138203839	-5.254460348294	6.67410217538996e-07	5.87093545992769e-06	5.54582513949128
79003	0.0344142126379374	10.2824671435864	0.730883581706239	0.466298234260368	0.566272987273356	-6.52734530127114
79004	0.167272288136822	9.09439376356339	2.30094650733505	0.0231491639848433	0.0477433444481411	-4.21421916627463
79009	-0.213515253273671	8.97452214582313	-4.71975341407763	6.54633537884646e-06	4.22443204916186e-05	3.35846403959335
79016	-0.0231818583001545	11.492964726445	-0.489027285028978	0.625729598208612	0.71084121595422	-6.67379575076756
79017	-0.164912422903665	10.9801534471151	-2.243343683507	0.026739799905832	0.0537529197425584	-4.33905194153545
79018	0.00528139996334457	7.17416271607746	0.0533905177561358	0.957510993963856	0.972223824233737	-6.79135337151703
79019	-0.346560547165533	8.16838821895766	-2.82681103148482	0.00552341912667189	0.0140035119663321	-2.94367947945236
79020	0.12857313793206	8.05050680434941	2.28624361033479	0.0240228799906171	0.049213538869667	-4.24635737067262
79022	0.49800646712413	9.66938310975267	5.1740636688153	9.49296323074286e-07	7.88851874103984e-06	5.20739940077455
79023	-0.358967197529669	10.6132993077482	-4.23010540460244	4.63618128024145e-05	0.0002251314366537	1.49706042849589
79026	0.368628852057842	11.7820081430253	4.16706697554569	5.90560220791521e-05	0.000278426222816094	1.26810907927235
79027	-0.0638633148815053	6.48936542942868	-0.851452674512926	0.396241609822447	0.498470255426959	-6.43284370759821
79029	-0.186892672208421	8.84662778405619	-2.79266193985905	0.00610026795944737	0.0152276256709082	-3.03318471487589
7903	-0.292487937108938	8.09197907093897	-3.03747187075159	0.00293702129753325	0.00815666864202287	-2.37076485570494
79034	0.14270529864236	8.4685800366751	2.77573650643892	0.00640608520292098	0.0158615898609494	-3.07719394755973
79036	-0.000387739933867384	10.1080067597167	-0.00943221658918797	0.992490210818496	0.994598721478543	-6.79272866310293
79038	0.300285989356115	10.1744647741304	4.1942370379845	5.32218063101142e-05	0.000254699953720477	1.36647838551796
79039	0.0217373960164306	6.18253390576537	0.2794167796163	0.780413882281797	0.840813889685494	-6.75390407744621
79042	0.128189611039567	10.8907775570593	2.88743459666639	0.00462068332616563	0.0119824666894972	-2.78245349535505
79048	-0.138417907214444	9.00552115809938	-2.2521059290018	0.0261639876821495	0.0528010110565734	-4.32024993259663
7905	0.230154317595453	11.2375229638463	3.64070741284749	0.000404889211185385	0.00147070575390997	-0.540903993016297
79050	-0.166583486743028	6.18553375213711	-1.8129959697068	0.0723730015960331	0.124906183281077	-5.17846790885873
79053	-0.311000888563319	9.89614597178904	-4.42246331974187	2.1836682111767e-05	0.000118353670763252	2.21109404656664
79056	-0.0436097779489703	8.41085648629597	-0.307555911180578	0.758962136179445	0.824221304870131	-6.74568449519255
79058	0.293727278673622	11.1116035765598	4.00470219798977	0.000108939493977845	0.000474599272287447	0.690228339032735
79065	0.516206528794189	9.24233038672658	6.23478425949486	7.2587777513752e-09	1.16648840907314e-07	9.90965862129291
79070	-0.253550112284666	7.43175125959893	-2.7560655078376	0.00677902345848866	0.0166750249455379	-3.1280475759075
79071	-0.579365351806669	8.95784735888065	-3.63169710554522	0.000417810293993645	0.00151231946905675	-0.570210271601601
79072	-0.244970699443186	7.70805716404431	-3.40152221189599	0.000915234296090703	0.00296929901245452	-1.2989859597764
79073	-0.0211976896122095	9.54245029996819	-0.334562234319314	0.738548940349742	0.807680954228633	-6.73705593024179
79074	-0.301823620549585	8.7886585071557	-4.77240637558298	5.26215358819387e-06	3.49681324525192e-05	3.56699692509506
79077	-0.300363684088116	10.4905240770425	-3.0482375301278	0.00284128741782992	0.0079394567223529	-2.34053850107289
79078	-0.151118457636023	9.2706316799149	-2.43202913790032	0.0165159973958988	0.0359763023444421	-3.91941933171905
79080	-0.18987132579971	8.37961685431562	-1.72588674155482	0.0869838402331625	0.145826369053363	-5.32797351332365
79083	-0.870173999068721	8.00221543015143	-4.61829068377048	9.92951593687863e-06	6.05297429067288e-05	2.96106736201257
79084	-0.000398106420350642	7.88814404015177	-0.00710535440897351	0.994342786949134	0.995618754604981	-6.79274782703605
79085	-0.0289496885303299	7.62612002573162	-0.315957070366987	0.752592956046757	0.81902738036182	-6.74307794916325
79086	0.0333378712449309	9.58274166782129	0.678402054261129	0.498844321492497	0.59673484366807	-6.56402285633544
79087	-0.19292941409715	6.29285007299346	-3.16792887923752	0.00195475047238495	0.00577476355575812	-1.99838280638456
79088	0.00446765068404896	7.08513664988738	0.0639839649615702	0.949091198912828	0.966287847038082	-6.79073415776642
79089	-0.0242489540365435	8.97221269286629	-0.306508774929609	0.759757174911538	0.824453461787369	-6.74600446495834
79090	-0.0238818106102734	8.15367899714808	-0.348463167856478	0.728112957520985	0.79923096732536	-6.73233215666399
79091	0.0755013097422157	8.03200612059877	1.30961818058895	0.192867710795643	0.279685268815311	-5.94484760739658
79095	-0.0298950659694044	6.29378311269985	-0.332059357357433	0.740433208803305	0.809527240862383	-6.73788606364885
79096	0.0610993279833544	6.54538893984283	0.946252894786884	0.345952209776745	0.446773804370844	-6.34855609383934
79101	-0.37007946879006	8.90656147319592	-3.30632271448749	0.00125263644521423	0.00391626685748279	-1.58900068609393
79109	-0.184416714380292	8.55047171816633	-2.11940068412287	0.0361514200776299	0.0696049688067487	-4.59777534409889
7913	0.0847224495019844	11.2968649716953	1.33107475864258	0.18572906278563	0.270568264304992	-5.91704563098153
79132	0.168360221273259	5.83142646400142	1.36810562815198	0.173877111592052	0.256560368301241	-5.86803324652002
79133	0.0448739047396141	9.21286334677091	0.859324451715469	0.3919029326309	0.494065662932118	-6.42617882716248
79135	0.136343577163863	8.85651451648157	2.28755412052283	0.0239438443105204	0.0491003361481872	-4.24350044523965
79137	-0.215452438182924	7.23019109536363	-2.67618231982342	0.00850516151163611	0.0202632345215213	-3.33129034276995
79139	-0.0504831231367904	10.2170358295126	-0.939878114870825	0.349199005464971	0.450228309782322	-6.35449874155986
79142	0.156209535377413	9.16593942020425	2.96562834428875	0.00365615096700674	0.0098178826357203	-2.5701335352916
79143	-0.0381485253338848	8.23572493221912	-0.507185013395898	0.612971032586511	0.699618727257783	-6.66480630973912
79144	-0.488602765474875	7.24583888531539	-4.13934745487146	6.56378703726574e-05	0.000303906283227663	1.16823838592418
79145	0.294351110429412	8.75972554831394	4.65646574043912	8.49448427314779e-06	5.28744838705356e-05	3.10989314892868
79147	0.254016273485991	7.70268015518361	3.71689605074853	0.000309778912780627	0.00116892362702968	-0.290799325702066
79148	0.229064690719599	4.66193396842561	5.77958946031337	6.2206135681554e-08	7.52302607217623e-07	7.83197257511364
79149	-0.0118052181003112	5.66823484840941	-0.141191357688873	0.887959394596888	0.920269083986235	-6.78284588718295
7915	0.308088225759942	8.11684001879633	1.95070149040695	0.0534620433147865	0.096714077481414	-4.92797438391171
79153	-0.492149623514612	7.05130299175721	-3.30102762034074	0.00127445994675589	0.00397546796080199	-1.6049319522728
79154	-0.101377816110392	7.68770642506284	-1.20976000761075	0.22878767001487	0.320846545725437	-6.06845386484944
79155	-0.32731542298095	7.20111094186154	-4.37686034783778	2.61543408720445e-05	0.000138218077801079	2.03974891184594
79156	0.00745905232421472	9.20123464238338	0.095596470369634	0.924003135435763	0.947166281794415	-6.78822194482186
79157	0.247374508560006	9.97891429683491	2.57641911677111	0.0112152892292903	0.0258189211354341	-3.57767196242506
79158	0.119477513475725	7.91622876466862	2.15731979162421	0.0330070250491041	0.06430142144	-4.52006109985745
79159	-0.0214964030074346	10.0168180135775	-0.296677978888034	0.767233643954941	0.830014750649539	-6.74895529595097
7916	-0.19872285761158	7.67440787905467	-2.29811958867495	0.0233149501635747	0.0480253088157425	-4.22041297545499
79161	0.315127936414173	9.87251588592881	4.22246326033808	4.77481730942228e-05	0.000230643222080866	1.46917004140391
79165	0.0908269043788568	5.85246995973285	1.37298831980641	0.172358054382369	0.254945152397392	-5.86147352498464
79169	-0.453643608374078	7.70510290717167	-5.57999765728144	1.55477013246873e-07	1.6915389694851e-06	6.94816735648167
7917	-0.220497337800147	8.78582553509249	-2.73682808023316	0.00716274768226087	0.0174835389643838	-3.17747324835211
79171	0.0168618165602353	9.67212983070754	0.230644685172293	0.817990032686248	0.869260663376078	-6.76628611457048
79172	-0.478804357251314	6.20773307485167	-4.61977973486104	9.86938930470365e-06	6.025214756604e-05	2.96685663589804
79174	-0.62506420452209	10.4688978641606	-5.7983438174182	5.70274283162841e-08	7.03054564018667e-07	7.91590819677072
79175	0.077871069969177	6.06283933386878	1.00223148106194	0.318281458457763	0.419232155455449	-6.29467479294141
79177	-0.060449336123739	7.40953575899284	-0.976305970401604	0.330909018010151	0.432485520374026	-6.32000764421438
7918	-0.0443290183866699	5.54095939114915	-0.508832865470146	0.611818944110768	0.698883208180742	-6.66397435034986
79180	-0.076755106018969	10.6514067835484	-0.925016385975548	0.356844181844762	0.457975907712513	-6.368199354244
79183	-0.12498483636742	8.15851042298298	-1.92123272369811	0.0571131787628598	0.10233294069007	-4.98302846075538
79184	-0.282941536725498	7.95693883559948	-3.61881728271734	0.000436959067476769	0.00157335740948479	-0.612001802006726
79188	0.26066321784242	10.8973189684696	3.53351736281196	0.00058630765829954	0.00202293285612122	-0.885773491266598
79191	0.42476807929055	7.29203871099431	2.68917907671964	0.00819963959720844	0.0196316008907077	-3.29858242822167
7920	0.115194850179895	8.85270080255002	2.09735120610449	0.0380962272532196	0.0724800475025202	-4.64237851770246
7922	-0.134106010098691	7.84380307553799	-1.67035886116233	0.0974973912090066	0.159914307264971	-5.4196250078942
79228	-0.222135490932394	8.17097462499235	-3.79104452035795	0.000237853314533523	0.000927167710262812	-0.0434827238881113
7923	-0.443616407375246	8.41551691974973	-4.31452731501508	3.34046825670873e-05	0.000169798571079472	1.80760836195367
79230	0.0689245102335974	9.21761486579497	0.448672802913543	0.654490092318049	0.736624630405653	-6.69260532399803
79269	0.255140166924387	7.81972016254782	4.29867509137784	3.55365881233619e-05	0.000179004051082335	1.74895537745764
7936	-0.187401316419648	7.80603525402195	-2.73452985899711	0.00720988645701902	0.0175778223538893	-3.18335759812278
79364	-0.207284989629858	6.50506007202609	-2.25704158237316	0.025844442900439	0.0522966923953028	-4.3096294393842
79365	1.3166486333785	7.0106120699611	7.42884886724348	1.87729501402388e-11	7.491041940018e-10	15.6966943271341
7940	0.947734049092311	5.92026099857443	7.31551949185942	3.36007238518999e-11	1.24310806063233e-09	15.1300670819654
7941	1.33843104291178	8.79931563923487	5.18865152447987	8.90712436814681e-07	7.49214330762654e-06	5.26856544742162
79411	0.574447276500135	6.76966987831557	5.4291556670899	3.07196837065486e-07	2.99934500491834e-06	6.292137717336
7942	0.306050132377559	5.66736343237342	4.33877070460756	3.03804255455482e-05	0.000157133572327005	1.89761040082649
79443	0.0779700812958927	7.91327014145669	1.44436570621308	0.151284699109765	0.229034386848728	-5.76300184028295
79446	-0.0412512052999122	5.57470096431545	-0.416640321955923	0.677697998372858	0.756355285307365	-6.70638721869785
79447	-0.269476804918238	9.73053799015863	-4.89075529314779	3.20403800108733e-06	2.28149602491218e-05	4.04135259490332
79567	0.922965340752749	8.27065691422886	7.28772318491465	3.87395860441975e-11	1.39125643793509e-09	14.9915726343727
79568	-0.0647230953801716	10.2377269830661	-1.19039025141262	0.2362810160527	0.329112070007192	-6.09132427390964
79571	0.112474917663121	8.89541524183276	2.10496642366519	0.0374145993741576	0.0715546633087618	-4.62702280265172
79572	-0.0458932200691249	5.75222858118665	-0.589337965790978	0.556760597302993	0.65001307897141	-6.62005978951753
79573	-0.337318115599008	7.63574499207826	-2.84875063341676	0.00517958698280024	0.0132497331922979	-2.88567534833967
79575	0.479838339076402	8.84485715974882	4.71449563664426	6.69010672195657e-06	4.29706699248533e-05	3.33772648243216
79576	0.047872252673976	8.45614222506204	0.681145706219601	0.497113090833626	0.595008568364838	-6.56217252885426
79581	-0.135477678547233	9.46220995490748	-1.93320896139126	0.0556047530639992	0.100129771159501	-4.96074903050962
79582	0.0970140680042998	7.9164516405351	0.887068823787625	0.376845255094099	0.47869923070582	-6.40220548853235
79585	0.137936550391526	7.62371921176462	1.78505165024352	0.0768207328366573	0.131456236426515	-5.22718828684849
79586	-0.546997151570148	10.5301161551752	-4.23460200810445	4.55642348407683e-05	0.00022151888156842	1.51348828311156
79587	-0.096574853767752	7.9426584692661	-1.20856205640172	0.229246078072189	0.321216726866205	-6.06987876495258
79589	1.08534236688582	8.80967050803051	5.08848219494575	1.37658066928282e-06	1.10393750759962e-05	4.85074283629937
79590	-0.0766258724768902	10.670717978832	-1.03008831106823	0.305074137871151	0.404805201416177	-6.26672767780021
79591	-0.0716270382175718	8.32026974985523	-1.01590670051187	0.311751138936158	0.412076237416013	-6.28104930686005
79594	0.0831268478670753	10.0327850257616	1.49178622880523	0.138422353467183	0.212324724166932	-5.69492000607804
79595	-0.57703358054064	9.12097503350912	-6.62379885416245	1.09170876416336e-09	2.3982751042525e-08	11.7465926352392
79596	-0.107907136287338	9.11194246273319	-1.74029089273675	0.0844134690954526	0.14206504782568	-5.30373341596865
79600	0.500462635829558	8.36042501378602	4.6006899885487	1.0667611380965e-05	6.42702188233196e-05	2.89273534219826
79602	0.00798628725304375	9.40829660430063	0.14791137467897	0.88266501956747	0.916506984491176	-6.78187852913862
79607	0.105709631550232	6.47238255959606	1.54029231110877	0.126165041851496	0.196611693191	-5.62309102296003
79609	-0.14781345923429	8.33971931062334	-2.23984236943152	0.0269729703366523	0.0541294302674316	-4.34654625667577
79612	0.267848154629671	7.63132965726901	3.17331611355506	0.00192166228976978	0.00568718398907144	-1.98272110418981
79618	0.342484060253059	8.51028558891962	5.28598550613846	5.80810213204045e-07	5.20335397078678e-06	5.67940610012833
79621	0.208066128826963	9.61799169308424	1.82732211582392	0.0701768964181986	0.121649772175094	-5.15321321122453
79622	-0.270752786125349	9.24475076031286	-1.90904457241796	0.0586835399610168	0.104737692324546	-5.00556866966124
79624	0.295713283961562	8.44874905691584	2.05038631120535	0.0425407363097698	0.0797337149804172	-4.73593868434158
79627	-0.324589563685572	8.72909546035236	-2.66609009927515	0.00874947507414615	0.0207734015844919	-3.35659199253085
79629	-0.593306009896215	9.98717471123321	-5.88899640199705	3.73895874591146e-08	4.83314542116254e-07	8.32371718666541
79630	0.872660227793365	8.64583184722	7.16647530248157	7.19103529984794e-11	2.33850203058047e-09	14.3897617320725
79631	-0.079537083979545	7.68732847535174	-1.29848028120611	0.196652882626672	0.283716234971711	-5.95910637157252
79632	0.0153374904447155	10.0156413714052	0.175660229297712	0.860861801025031	0.899863132936821	-6.77740799090851
79634	0.192279472212352	6.32935437083728	2.63105005853831	0.00964781269608606	0.0226587810263494	-3.4437813100805
79635	0.114615435884429	6.87079878981385	1.64588153994529	0.102447709728577	0.16625109673046	-5.45911889523941
79637	0.141291864858744	6.76289439044436	1.61043782776526	0.109972699777092	0.175837108044674	-5.51531990771329
79641	0.0575411443470847	6.93246515194216	0.605837625662775	0.54578551341274	0.640822791867695	-6.6102689222258
79644	-0.274129658789508	5.69820521038746	-2.37898916511742	0.0189637384142209	0.040412920356415	-4.04048980728515
79646	0.0267897351511669	5.92928384665594	0.379378970704485	0.70508794079962	0.779759859553469	-6.72113864221679
79647	-0.417553557082501	8.5894440950195	-3.82157170771777	0.000213119476689143	0.000842949615460408	0.0594463270731316
79648	-0.00584757999439063	7.50152543359809	-0.0687518512473854	0.945303448106059	0.963619212804647	-6.79041899121877
7965	-0.381435103216992	10.8264011770045	-4.59403938487397	1.0960093392817e-05	6.58402701270317e-05	2.86696234461907
79650	-0.183460316511308	8.79268330090574	-3.08130530627053	0.00256497926516706	0.00729319405517381	-2.24712625111729
79651	0.906096862858203	8.13923311336046	6.75151477240598	5.79959045876741e-10	1.38053651842706e-08	12.3607158162646
79652	0.658533747636136	5.47968704105682	6.07770035495382	1.53694888888897e-08	2.26699961111123e-07	9.18340369527101
79654	-0.227048637038672	8.01036571432018	-3.78517448477424	0.000242912011936953	0.000944657824199263	-0.0632010681878041
79657	-0.0188776707692828	8.86523195799895	-0.328305317327237	0.743262360130518	0.812082949031492	-6.73911950772088
79658	-0.456206963041984	7.74796292924566	-5.32249386248763	4.94178679643923e-07	4.53546210428756e-06	5.83471181166464
79660	-0.573685796705663	6.42805640444324	-3.92832474644125	0.000144492247240067	0.000603695479111255	0.424400345281269
79661	0.0869667499770785	5.40110590018472	1.37176330470379	0.172738221565879	0.255329760715303	-5.86312141532205
79663	0.136377151050939	8.96174569718022	1.8350841064349	0.0690103484063516	0.119879175149624	-5.13945166841135
79664	-0.172187511033438	6.44194458716165	-1.90525727517892	0.0591788420351469	0.105416699419951	-5.01254528488914
79666	0.434389965042857	7.58319968829806	2.50135751617107	0.0137420309872711	0.0307196687293259	-3.75753868151123
79669	-0.518715191595242	8.24693601203755	-5.49417057609785	2.29338303189362e-07	2.34737841926162e-06	6.57360385330934
79670	-0.254833389256511	8.64640961033701	-2.44599281148393	0.0159202097826395	0.0349086628098227	-3.88714424134077
79672	0.126015623810045	10.3598676982327	1.68217079696213	0.0951787588127654	0.156952794528537	-5.40036777292393
79675	-0.279558350808335	7.55697629159545	-3.26893370061766	0.00141452469391954	0.0043596917805132	-1.70103885978108
79677	0.111678283499982	6.79351639480667	0.810939523249212	0.419032105355769	0.521894630614995	-6.46618675130121
79680	-0.321033342174482	6.47209875956107	-3.31684614532016	0.00121029800516508	0.0037953916183233	-1.55727625233335
79682	0.017944296595938	7.26688463471672	0.162070260695685	0.87152756354813	0.908296242194229	-6.77969319452752
79683	-0.321704821802557	7.80436291461194	-3.57823569106294	0.000502862019698471	0.0017750599498758	-0.742902096428629
79684	-0.129002006964199	7.27763629371277	-2.04728412487432	0.0428493448802172	0.0802029432836153	-4.74204929027957
79685	0.0901644037492967	9.96186334099614	2.25314441726209	0.026096467904611	0.0526776209413702	-4.31801709311612
79689	-0.630808180537521	8.38569900330992	-4.41103151349604	2.2849555336015e-05	0.000123036067193927	2.16802200873008
79691	-0.0173676186905634	8.47902483271032	-0.306232600041527	0.759966903726502	0.824453461787369	-6.74608867318676
79693	0.0750486622855239	12.039225628868	0.565445824304621	0.572843542433928	0.665497561252355	-6.63376097189887
79694	0.069556149506101	7.21594199425615	0.938464418284733	0.34992167414379	0.45091310895908	-6.35581124686161
79696	-0.0821846606062045	8.35686202355702	-0.731726880062223	0.465785194976488	0.565958474625742	-6.52673384500676
79697	-0.278080916745566	7.78417188769546	-3.98022365471076	0.000119307657515343	0.000513806700248556	0.604607889863021
79699	0.0492284164504671	10.5279423873827	0.763050872814282	0.446955004126108	0.548810514951933	-6.50352678373927
79701	-0.348685507970822	8.14658042175467	-3.9693488664951	0.000124210183888275	0.000529946342415882	0.566698307162621
79705	0.187031289920185	6.92411685831551	1.90176757356925	0.059638330528544	0.106097913022997	-5.01896217257399
79709	0.33746853147397	10.1780047764654	3.5850140698485	0.000491237562433149	0.00174183731521513	-0.721119888337687
79710	0.539106458663043	9.51693426179354	3.92071915605087	0.000148584102617825	0.000617647481090758	0.398143520975411
79711	-0.422653971531707	6.83043254059934	-3.21270320562204	0.00169512078669397	0.00511010864893875	-1.86753703025427
79712	0.330824395513161	6.83431560269055	3.97228413980478	0.000122868293536685	0.00052612343422137	0.576922914241618
79713	0.522140909105845	7.18983849683649	6.08312816911262	1.49784666203836e-08	2.21724254989907e-07	9.20834074137588
79714	-0.271687878343308	7.78669205384657	-3.55251923664952	0.000549368545802966	0.00191386933291122	-0.825240574197987
79717	0.0975067240032916	11.0718813290993	1.2429041994252	0.216365814782987	0.307128652707935	-6.02848499528897
79718	-0.0394660302009141	7.55300456200489	-0.661206220241736	0.509768315437414	0.606682705183581	-6.57545100349905
79719	0.0771143236460255	8.18871280837292	1.02610132170847	0.306941512512757	0.406890851124278	-6.27077373588991
79720	-0.210609811337802	8.81422211928584	-3.45193380288801	0.000773161623245299	0.00256891190989789	-1.14268192963724
79724	0.0217309009225052	5.63117794491226	0.269275167758328	0.788187958780341	0.846287077215518	-6.75667355478738
79726	-0.0157482786804087	9.99554580642626	-0.321305214804383	0.748547197925494	0.816201248173881	-6.74138210498877
79730	0.0476888292397577	6.77531231029343	0.552205096896604	0.581851660178647	0.673216796900914	-6.64111116966336
79731	-0.215214438293364	8.42602883904173	-3.25560719884854	0.00147680389826041	0.00453135222868907	-1.74071632839966
79734	0.0134339851086296	6.38528387148404	0.191120604947884	0.84875937620197	0.891499548248763	-6.7745847771799
79735	0.112471510120787	6.7806362735801	1.35620029106002	0.177623418527823	0.26134118935515	-5.8839327569478
79744	-0.0987960485611719	8.87575141191724	-1.62109415979282	0.107665140611303	0.173085648394194	-5.49854571430802
79745	0.134601304863191	8.95703755673734	0.94895989197566	0.344579395835972	0.445484439559756	-6.34602063236651
79746	-0.118619493587517	9.07892917930601	-1.38892630986253	0.16746952176156	0.248928963424596	-5.83990399020385
79751	-0.286110133956423	7.34500864283397	-2.79164501123331	0.00611825947812183	0.0152587026839633	-3.03583552480389
79752	-0.198046729549932	9.18590959390039	-3.45679498744313	0.000760617015415602	0.00253539005138534	-1.12751045190206
79753	-0.0110666346128523	8.66297321481314	-0.205896887955176	0.837226065972471	0.883163508816734	-6.77166418814567
79755	-0.383603650558718	9.84677914554515	-4.55182710600491	1.30055350043837e-05	7.62966755228762e-05	2.70398127456148
79758	0.0220873277966638	6.23152686482833	0.288542799694152	0.773437239710029	0.834949229233719	-6.7513245444044
7976	-0.151748435668421	6.60912667175692	-1.64446119797067	0.102741068329037	0.166661670148831	-5.46139352282968
79762	0.279606783029183	11.5765457874998	2.95155899847799	0.00381471287734978	0.0101939593551955	-2.6086968447257
79763	-0.309739436412157	7.59319976158557	-2.04478653051046	0.0430991989640517	0.0805610734200197	-4.74696273021331
79767	0.0395659408399562	7.70749005662941	0.497238992809651	0.619945247450589	0.705823258985784	-6.66977075427971
79768	0.43260477322666	10.6745909371194	1.72831627242322	0.0865458665489557	0.145210005625508	-5.32389838215792
79770	-0.0166436344828281	8.60320392056782	-0.225478889781803	0.821996575249358	0.872038493650102	-6.7674590350789
79774	-0.205750449907424	9.1447743012979	-1.69793749602078	0.0921537381572219	0.152880071737026	-5.37446163534404
7978	-0.172663160066198	6.96132787743789	-2.11363890786609	0.0366511638328542	0.0703715976893017	-4.60947235766179
79786	-0.309183543914038	8.52858622126794	-5.57977012243063	1.55637968136643e-07	1.6915389694851e-06	6.94716991289243
79789	0.224156214592662	6.9340319749366	1.64876636496132	0.101853953250626	0.165547747707629	-5.45449317978052
7979	0.0704300671229293	12.5087409543008	1.67836748107427	0.09592040103802	0.157860632112781	-5.40658250885888
79792	-0.0622904378237925	8.72043621484907	-0.703708928179113	0.482999575242807	0.582590025044624	-6.54667488947176
79794	-0.174280628158758	6.29539453965948	-1.91268230665137	0.0582110847909085	0.104029329375358	-4.99885531307043
79796	-0.553606443844031	10.2512326653466	-6.42468167195149	2.89710710419589e-09	5.34154122336117e-08	10.7997877082428
79798	0.0394329749414395	5.47707012304228	0.398410858644898	0.691046922137175	0.768359451094832	-6.71377617292978
7980	0.528110226925603	13.6683905506496	4.02533427747394	0.000100874587051178	0.000445098338163853	0.762703395808489
79800	0.0280939677261042	5.26032805340463	0.401927130237308	0.688464311019926	0.766506969810566	-6.71237657771375
79801	-0.0715058115570128	13.3417818159624	-1.27618313183672	0.20439553747875	0.293261618824817	-5.98729559850763
79803	-0.0104364124167413	9.72716257789003	-0.179433587369854	0.857904836762702	0.897501086038779	-6.77674088272001
79811	-0.0122046667779207	9.51739903599024	-0.206533139703596	0.836730229104574	0.882906450230426	-6.77153355196764
79812	0.75277932385595	4.99995022910154	10.3573048004376	2.82415762720003e-18	2.12068563642475e-15	31.0238333871408
79816	-0.200883655554147	6.96614527365609	-1.46879882647796	0.144546744395771	0.220205848157334	-5.72818777156355
79817	-0.158461849422398	8.12063602469638	-1.83961610734758	0.0683367261823773	0.118984266076399	-5.13139124672266
7982	-0.0570730282197173	9.66761126600558	-1.12907507264569	0.261155023890471	0.356729038752322	-6.16134306074274
79820	-0.383447350993196	5.41769436839619	-2.9310397033158	0.00405733199724065	0.0107312079081677	-2.66465594748101
79827	0.29146010021068	7.16663752775917	2.36250847309518	0.0197871420756478	0.0418652135104638	-4.07761606145716
79830	-0.312247385734464	7.9038927194367	-4.46450404136709	1.8471199245921e-05	0.000102673018688632	2.3701730265438
79833	-0.577315308216557	8.59861413195762	-5.39506373131885	3.57810249099297e-07	3.42073224254652e-06	6.14534052996866
79837	-0.410529764274821	8.55524963378107	-5.87867210748405	3.92375430614183e-08	5.01706045955596e-07	8.27709928574449
79838	-0.302348830409061	6.01380455766284	-2.92325582743081	0.00415302147373555	0.0109317901125098	-2.68579562678709
7984	-0.0594335995884944	7.58967155844669	-0.591321354144603	0.555435565797337	0.648741201001981	-6.618897058988
79843	0.620104519847922	7.87895438314122	4.46904084431203	1.81394735629197e-05	0.000101306322940985	2.38740365337689
79848	0.25527301193064	8.97090088923844	3.81564166684049	0.00021772415781309	0.000857606840026764	0.0394016480500339
79850	-0.0866504972765746	7.32987633878162	-0.763820694509581	0.446497819277121	0.548330655252604	-6.50294431836157
79856	-0.274000691937141	7.06001479358738	-3.68123555137688	0.000351305083787506	0.00129775491595921	-0.408372454906057
79858	0.265684493598351	5.5681550475756	1.79965322211358	0.0744693175409908	0.127909453709417	-5.20182003193023
79863	-0.373197426743392	6.51615589256392	-3.83445387315702	0.000203433538675314	0.000810985052827266	0.103073791323825
79865	-0.637314913414012	10.3225636510917	-4.85955076743651	3.65438983989475e-06	2.54513154110713e-05	3.91553302822522
79866	-0.452765389826924	8.91540384454514	-4.56801379960287	1.21809806036326e-05	7.19706007052969e-05	2.76635429792875
79868	-0.406359378000744	9.47835154558864	-4.97436562691134	2.24694118544442e-06	1.67506626279521e-05	4.38107566951285
79870	0.10321813580099	6.36888757710031	1.11274780060725	0.26807724208035	0.36449679334711	-6.17937751204467
79871	-0.163974661672798	7.7100474424185	-2.61473417137873	0.0100938632501537	0.0235590026691918	-3.48403034635056
79872	-0.00594829621006791	9.02915019159619	-0.136934523413012	0.891315784228722	0.923052705332152	-6.78343540732442
79873	-0.138592562112505	7.65763819276333	-1.45584975297748	0.148088135440172	0.225013255480249	-5.74670868003454
79874	0.00513211094255039	5.04126057873486	0.0971716602138081	0.922754835196968	0.946591522444977	-6.78807073636954
79875	0.765158876982555	6.2229068249583	4.31436648071519	3.34256815127477e-05	0.000169800817524782	1.80701249239004
79876	-0.445217843494474	9.22297618720622	-4.80935166498204	4.51067008997537e-06	3.04396527313698e-05	3.71424673022684
79877	-0.156008937049892	10.2881929324697	-2.94906984838223	0.00384341590289474	0.0102540747280073	-2.6155030397472
7988	-0.0415507542465472	8.33571045620659	-0.849018082927762	0.397589404985526	0.499861261062473	-6.43489276441987
79882	0.0258457103734201	8.48104700972288	0.428231493425974	0.66926277245022	0.748863519430888	-6.70151758230762
79885	-0.0776944340285705	6.08143215489201	-0.882690786599932	0.37919703605939	0.480983955443883	-6.40603841059942
79886	0.0364156197136851	7.30039443026404	0.549962182048881	0.583384207512504	0.67489545574976	-6.64233909898885
79887	-0.364706964378811	11.421283132567	-5.16047494373459	1.00723673484629e-06	8.31977542983039e-06	5.15051948230222
79888	-0.287469289062626	8.51644938173603	-3.98609675383135	0.000116737374505716	0.000502999850504544	0.625114336783481
79890	-0.223100768890432	5.19891394076029	-2.66844880708265	0.0086918132546634	0.0206543088272496	-3.35068617898551
79891	0.144846830678849	7.13450224411477	2.00601809118074	0.0471402665614377	0.0868954701623466	-4.82251391657979
79892	-0.00639731148449792	6.56402101044954	-0.0817902203534765	0.934952027056441	0.955543645568697	-6.78944152349081
79893	0.00851622319433702	9.55466766305843	0.266582679441457	0.79025552208999	0.84717853503742	-6.75739164450153
79894	-0.358337537956878	9.00728153387496	-4.63208211586019	9.38592347946457e-06	5.764143341292e-05	3.01473617892498
79895	1.31324344118496	9.30520512442443	6.843228929617	3.67130579004348e-10	9.24588258368558e-09	12.8048573033323
79898	0.312718195567256	8.59923716917226	3.8114175830233	0.00022106168421767	0.000868268907103166	0.0251381911777564
79901	0.964190046518327	8.87005283990026	6.29757717981679	5.36485011089214e-09	9.02518572626662e-08	10.2025571706273
79902	-0.0961662361727446	9.44844547602445	-1.34541952579912	0.181068078045025	0.265228289528623	-5.89821422597105
79903	0.0331808746508995	8.63392970110139	0.378318542143886	0.705873340319449	0.780389043916346	-6.72153829759602
7991	-0.246572294498936	12.600771282837	-2.20339389504665	0.0295077698971697	0.0585336645894865	-4.42392300483538
79912	-0.247934454100307	7.18396511905148	-2.80241647799362	0.00593012610351061	0.0148522867237713	-3.00771486310495
79913	-0.224415795903417	6.42589589376888	-2.38111263640612	0.0188598835868286	0.040212348587301	-4.03568920350948
79917	-0.00817727551489669	5.00746262815708	-0.187529259056676	0.851567584640344	0.893199777667205	-6.77526180123188
79918	-0.283457864790288	7.23509887263732	-3.4446470269116	0.000792330437498874	0.00262521035448885	-1.16539097332304
79921	0.13892931663935	11.7072167370464	2.17874887626557	0.031337101304027	0.0614832438886611	-4.47558013776601
79927	0.541957178994523	5.72108284798388	4.86387534530712	3.5884930194543e-06	2.50557500766632e-05	3.93293837892355
7993	-0.418489064979526	7.89625022433778	-4.35744841107995	2.82319691484558e-05	0.00014759244630775	1.96719809150996
79932	0.106533402679621	8.99895192277283	1.59716107274855	0.112902880725711	0.179756706783803	-5.53607084924748
79933	0.324356565421618	6.09054837513411	1.3947009367469	0.165724588171702	0.246801215533194	-5.83202951060093
79934	-0.0910833034679967	5.60993568847204	-0.833386301748554	0.406309692377011	0.509197095893508	-6.44791105358987
79939	-0.0458891100288362	11.3587336426968	-0.415494123577341	0.678534369138065	0.757186421113269	-6.70686151708781
7994	0.278355709073156	9.85194392795326	4.5705286706264	1.20574941702226e-05	7.13941948717126e-05	2.77605880390854
79947	-0.174226793608944	7.28404884161091	-2.00185138084579	0.0475932095631171	0.0875740501205942	-4.83055364462659
79954	-0.070903835631034	6.48395401525684	-1.03897827102097	0.300937913639735	0.400345815214078	-6.25765053705794
79956	-0.358899212207325	8.31049625733431	-4.608976266391	1.0313742474808e-05	6.25947926832581e-05	2.9248831087645
79960	-0.489222200301396	8.2205567768846	-6.19939019890952	8.60219906098187e-09	1.35599550083416e-07	9.7452044417076
79961	0.517833831254312	8.2824870553362	3.81578232644219	0.000217613848549625	0.000857581292471326	0.0398768244316097
79971	0.418719641637911	11.2212920934281	4.38601797734671	2.52261039077692e-05	0.000134084696446701	2.07405519899827
79977	0.0895331030467246	7.49694272894967	0.549649024359147	0.58359833458204	0.674954108603704	-6.64251014798907
79979	-0.0758475375813839	6.25927933318325	-0.829402336984053	0.40855052904499	0.511129653649128	-6.45119071140755
79980	-0.111217676000464	8.56618485190478	-1.63735522755171	0.104218917074995	0.168537857819857	-5.47274532708016
79990	0.279619898661927	8.00796364416975	3.74399495188566	0.000281381705208827	0.00107495036509685	-0.200857233792232
79991	0.199311666227225	9.07317449537179	1.78845099685832	0.0762679031596771	0.130618469852567	-5.2212998501147
800	0.395838691888984	11.7943399628171	6.49566177301329	2.04883941618865e-09	3.94987533372e-08	11.1357653888394
8000	-0.960677363749759	8.08760394629607	-2.44728122023352	0.0158662136305967	0.034808744910685	-3.88415786011633
80005	-0.443481496977994	6.80397809874815	-3.46779016426934	0.000732945707343607	0.0024530516785487	-1.09313108340428
80006	-0.104755811703489	8.13630711574971	-1.09487534368175	0.275799785040785	0.372483032118522	-6.19882382933333
80010	-0.241032938158625	9.24676067358591	-2.63934873566384	0.00942783656770055	0.0222047648424053	-3.42322434167403
80011	0.148617531814187	6.93290468397719	2.13409821150852	0.0349032035087998	0.0675809800709533	-4.56780436390169
80012	-0.1118697488939	5.70009886186708	-1.45190800677671	0.149179371241161	0.226189367995491	-5.75231511805046
80013	0.17848761153599	10.7037530880156	2.92106138341273	0.00418037069414562	0.0109967713164468	-2.69174659456109
80014	0.171907962427749	5.30611101486487	2.38984088210043	0.0184382740693897	0.039415151090362	-4.01591616575162
80017	0.174260092136514	9.14593070162555	2.74271568507958	0.00704326262356854	0.0172428421074915	-3.16237884262692
80020	-0.171213137158919	8.18553854245433	-1.86393451850132	0.064814973436446	0.113884637435661	-5.08781938028354
80021	-0.228422403301129	9.48180111342758	-4.21413026517262	4.93052059799185e-05	0.000237193361324477	1.43880055347433
80023	0.22712429450175	7.77504212205471	3.16996334136795	0.00194219312604745	0.00574177352224479	-1.9924708727419
80024	0.151191693945688	9.8244553534953	1.60076523677592	0.112101346051035	0.178790716042005	-5.53045396568275
80025	0.0711106958755485	9.24687007993444	1.17166423814209	0.243690889038464	0.337086970228922	-6.11309202282366
80028	0.0491245045178561	8.86598832976756	0.806250235465725	0.421719573108732	0.524372071937095	-6.46994237711577
80031	0.290019270686956	5.45013316450887	3.10022131138378	0.00241832786891761	0.00694654670838586	-2.19330615884161
80063	-0.380647089108818	7.52822668436817	-5.01045820511867	1.9257261249726e-06	1.47555638147251e-05	4.52888082053875
80067	-0.119257740874121	6.56359740407157	-2.05126901014825	0.042453273196387	0.0795878430781109	-4.73419839378605
801	-0.151305838764962	12.354100814656	-1.6811050957681	0.0953860987153855	0.15720055374882	-5.40211051314335
80108	0.174318402096579	7.13148006814426	2.08879540769349	0.0388747765473645	0.073766518327873	-4.65956929921905
80110	0.166868658318465	8.51683726486776	1.71621578257733	0.0887452262128786	0.148297707569973	-5.34414092058932
80115	-0.128960097563858	5.8266943769099	-1.16067077165022	0.248117263877449	0.342202137189468	-6.12571414783917
80119	-0.277242441927153	5.85050692840841	-2.8548029536151	0.00508824528517936	0.0130565101135699	-2.86960551476076
80131	0.284587217760299	6.43520508019759	2.10432599236379	0.0374715158752699	0.07160662559546	-4.62831618783301
80135	0.156842644763413	8.76912067667113	2.54868538430023	0.0120956369112026	0.0275537674811178	-3.64468327292252
80142	-0.215696955457862	9.26512303412638	-2.4361334170914	0.0163388549585916	0.0356845430877754	-3.90995017361027
80143	-0.105496527240378	5.59688342119972	-1.66989984333813	0.0975884093354817	0.160031816778058	-5.42037074320253
80144	0.30018994722956	9.87738574167093	2.88954467268238	0.00459184951495758	0.0119235073855862	-2.77678838062786
80145	-0.138544200588448	12.3251078405682	-2.99648239158668	0.00332945185201089	0.00910336719550146	-2.48501307295662
80146	0.0587830807532158	5.633177427309	0.712537562666141	0.477537752415162	0.577097561806765	-6.54047460660222
80148	0.167950765567481	10.5256160189888	2.92057405929861	0.00418646659403307	0.0110093008808383	-2.69306761306221
80152	0.0473995547400662	8.67307009435869	0.864230563754561	0.389213661311425	0.491350273946564	-6.42199428277615
80153	-0.033490725551221	6.70968744880476	-0.45635582682231	0.648972508086549	0.732210479004903	-6.68914851716357
80155	-0.301500854378786	7.96082345136792	-3.40486091797008	0.000905114344115238	0.00294108752257745	-1.2886922470307
80162	0.0979522593398414	5.66904470374812	0.712180152384513	0.477758197211761	0.577195072249399	-6.54072710158165
80173	0.212189556149701	8.69783749726125	2.9368775771411	0.0039868998807841	0.0105821956989964	-2.64876946066316
80176	0.223867605106661	6.27659654520737	2.23454295967005	0.0273292663710036	0.0546982651379912	-4.35786883736574
80178	-0.466908021718269	6.88473992977689	-3.2939286021207	0.00130427626115511	0.00405732976409212	-1.62625744533933
80184	0.183691137665004	6.11059251920957	1.9885537160617	0.0490635933272159	0.0897226110992573	-4.85610727094484
80185	-0.0761709998060306	8.74590398011154	-1.4078294231106	0.161809108004384	0.242171268729156	-5.81400950220864
8019	0.210985429579793	8.26700055903588	2.94804670395471	0.00385527156361368	0.0102823839572002	-2.61829923583911
80194	-0.308804271864861	9.24329834762635	-5.03565446828309	1.72844870547965e-06	1.33554595951935e-05	4.63247151967646
80195	0.0584212295316117	9.95128878465429	0.993533078608091	0.322482089068704	0.424088848225999	-6.30324711761971
80196	-0.156122563712891	9.79648743892972	-2.53886829545972	0.012421820704926	0.0282189876300024	-3.66824829747291
80198	-0.0172268234471178	8.14448110806245	-0.365007555392919	0.715758786796261	0.788709655674642	-6.72646002903327
80199	-0.0550262708271649	5.83892123312134	-0.914334767361299	0.362404480498312	0.464030539283221	-6.37791352329599
80204	0.10782420530687	11.0816244198226	2.50351985381279	0.0136626459977944	0.0305635706267815	-3.75242385730222
80205	0.362978173224014	9.74921495650905	5.09741502837448	1.32442438199486e-06	1.06521376779723e-05	4.88779434526542
80207	-0.291135411460893	7.81233080403441	-2.35521042147346	0.0201617563176452	0.0425053872342392	-4.09398156466889
80208	0.191074573523663	9.42218790249782	4.10243076924268	7.55020543113991e-05	0.000344176031242912	1.0360013324224
80209	0.200389696016111	9.88497652287052	4.06457138899582	8.70849311026933e-05	0.000390723265023491	0.901307683446593
8021	0.0469053658253252	8.65237106139915	0.820375213742134	0.413655457667382	0.515940936134243	-6.4585644984799
80212	0.728203034232698	8.47492631876734	5.52830010814531	1.96569061432464e-07	2.0578712895211e-06	6.72214619714929
80213	0.0458967542700695	10.6529750956643	0.952808859043785	0.342633517949203	0.44380631304068	-6.34240328572523
80216	0.16094005901219	6.36049083840063	1.64889002590967	0.10182856341795	0.165540388078285	-5.45429472098171
80218	0.00725864803268573	9.38120284821487	0.0600731987230436	0.952198901917316	0.968854758541147	-6.79097576608745
80219	-0.0185934212516707	11.3302605789165	-0.325043329533448	0.745723542567014	0.813912456508332	-6.74017991483615
80221	0.0525817319646718	8.87061277311352	0.736979437235514	0.462596844133055	0.563161375466328	-6.52290960944643
80222	-0.281161190222401	7.02713083767608	-3.91579793045903	0.000151290372695068	0.000626918609009133	0.381174726675858
80224	0.19187613277713	10.9745682279375	1.30115919029855	0.195737471162213	0.282853658467438	-5.95568763015371
80227	-0.125224013077974	9.12004575253611	-1.68830834242833	0.0939917604281523	0.155367608792583	-5.39031057651622
80230	0.0543136816669564	7.05276670879111	1.02117883255124	0.309257600190589	0.409369836149722	-6.27574789470079
80232	0.118774510889901	9.41694265853939	1.86424350309176	0.0647712212432477	0.113831976057282	-5.08726229580767
80233	-0.140052954517599	8.83584177408679	-1.90190258283517	0.0596204983032129	0.10608903834221	-5.01871412217045
80237	0.754806963668453	7.48690152577179	6.46724400498267	2.35413522463234e-09	4.42942071878431e-08	11.0010448860906
80254	-0.165912248712197	9.61239236231109	-3.37121594397709	0.00101207703324609	0.0032477685682256	-1.39204562347707
80255	-0.224638526288927	9.70220320713766	-3.91150680942982	0.000153688428338833	0.000635426417337042	0.366391926191421
80256	0.0837684519912127	8.21592793210286	1.07990107509486	0.282387312796776	0.379703598193288	-6.21487923060433
80262	-0.0319156226476699	6.52653546288517	-0.465088271167486	0.642724899184467	0.7264515144039	-6.68514853965613
80263	0.125560762069256	6.56709020801054	1.40116481165807	0.163787852595369	0.244600915284352	-5.82317767062933
80264	0.0577818680945261	13.5585391363381	0.93198765902691	0.353244810240484	0.454415532251424	-6.36179952141778
80267	0.142192949890516	10.2346161234656	1.18144011570123	0.239802203963954	0.332845942655396	-6.10177025387035
8027	-0.0364129445466681	8.76089986362631	-0.646720411434153	0.519068183568652	0.616110085181695	-6.58485210560632
80271	0.0830098824357208	6.58822999861094	0.911530024763179	0.363873546699384	0.465694994691185	-6.38044580115932
80273	-0.336030593761726	8.75155648671093	-4.54384265574873	1.34318754415402e-05	7.84634307971163e-05	2.67327121928779
80279	-0.371592729524388	9.08986842153293	-4.37103364008584	2.67619793907307e-05	0.000140888431974147	2.0179476710095
8028	-0.182030966603982	8.99416457811531	-2.39649018432134	0.0181227139402104	0.0389016676575202	-4.00080877374924
8030	-0.266964450556123	10.6043932237166	-4.65034124697143	8.71035772863064e-06	5.40552628388347e-05	3.08596010252541
80301	0.921492150326001	7.41543629211671	6.52792504299415	1.74937680360266e-09	3.48189214403806e-08	11.2890484678085
80303	0.0633295644147699	12.583626845258	0.735372105610232	0.463571198099187	0.563682923053038	-6.52408273900465
80304	-0.164369427141669	8.29526870727622	-2.39117030013019	0.0183747962663736	0.0392997972968011	-4.01289873530234
80305	-0.0532080155565247	10.43570424675	-0.829454296136797	0.408521256010926	0.511129653649128	-6.4511480378338
80306	-0.0126559403195281	10.625129717664	-0.317710170808113	0.751266007970957	0.818014398344332	-6.74252518875602
80308	0.1063190668456	9.05008868658253	1.79671947552428	0.0749369225069763	0.128605647186292	-5.20693271758575
8031	0.191285867276094	13.0215306378162	3.49160206598234	0.000676231694778003	0.00229202864130747	-1.01837298411836
80312	-0.776775278735613	7.73096753701424	-6.47031836178383	2.31905410697637e-09	4.39343736780387e-08	11.0156062249148
80315	0.00119905621344645	8.57468780866763	0.0119269203806312	0.99050405017364	0.993752393348022	-6.7927021265333
80321	-0.261219432740549	5.69495686698963	-2.33912185967603	0.0210098056161472	0.0440459376622781	-4.1298966661055
80324	-0.404040505253441	9.37188597631328	-3.50469927701252	0.00064682512783084	0.00220684657409448	-0.977077245359969
80335	-0.321470060928366	9.49727950626506	-4.23908628135726	4.47819758717155e-05	0.000218100896639369	1.52988382180039
8034	-0.369450144863405	7.85935122791749	-4.73593456951986	6.12240293561308e-06	3.99455357410458e-05	3.42238344816341
80344	0.05903298078145	8.73396591646969	0.807081229036358	0.421242579239636	0.523857829647605	-6.46927840892403
80345	-0.252394644053809	5.86188464052774	-2.30786821642745	0.0227476061595464	0.0471151521759913	-4.19902428196993
80346	0.13924420858263	7.31189148238038	1.60720514989947	0.110680486975132	0.17672107618896	-5.52038756725576
80347	0.00683775847768367	10.8169561857133	0.126328104149096	0.89968708975698	0.929157520474132	-6.78482579498507
80349	0.119321040443422	10.377804299445	2.2047561198221	0.0294094257464394	0.0583666162098966	-4.42105212037106
8036	0.0828584335387903	9.14375651320965	1.26381827414637	0.208784870414843	0.29831569445193	-6.00272324094693
8038	0.204015665334676	13.9077207249251	2.26388297912544	0.0254071703748627	0.0516904500729966	-4.29487296346422
805	0.238207073522246	12.8398360503236	5.16674046265621	9.80105440522324e-07	8.11189472817074e-06	5.1767341727043
8050	0.072565471969517	9.90623167298529	1.25914095673218	0.210463153641692	0.300194379050315	-6.00852103710679
8065	0.143414753127233	10.0604401557018	2.7216593931695	0.00747912226403636	0.0181378596303407	-3.21623067282175
80700	-0.0958017920888127	8.83741720794357	-1.41651934318209	0.159256559110337	0.239044008404759	-5.8019920675587
80704	0.541290393284619	10.2284168221141	5.39423801295389	3.59132091272591e-07	3.42940008544694e-06	6.14179190289953
80727	0.365423078341637	8.29996310147768	3.57839874140929	0.000502579376386764	0.00177482071353342	-0.742378524656038
80740	-0.0625579040494621	7.19713066064994	-0.412829132754845	0.680480538512177	0.758743149043005	-6.70795925790077
80742	-0.379184743123377	5.91313225280937	-3.3448828359682	0.00110394207920908	0.003500407514114	-1.47234896182958
80745	-0.217829828812115	7.73480719761834	-3.23970787876133	0.00155445238286342	0.00473792497507448	-1.7878772164075
80746	-0.0416377644047872	7.95628233508683	-0.472344129982531	0.637553083217986	0.721296872672314	-6.68176747155774
8076	-0.0485155813160831	11.4144877283637	-0.613162535902188	0.54094826327999	0.636707851730351	-6.605836232351
80760	0.15903400999543	13.8296599895458	3.34057447159956	0.00111969578258842	0.00354084500925742	-1.48543800652713
80762	0.110939103792107	8.25410949880972	2.01773887682528	0.0458858024868105	0.0849242053643412	-4.79981485377479
80764	-0.0988011696312056	6.25753835884757	-1.45160031529737	0.14926481361528	0.22622733587721	-5.75275213803068
80765	-0.220579836802649	7.85632345947611	-1.87815758771197	0.0628264164096622	0.110767598621945	-5.06208574195086
80775	-0.0721077065985913	7.18821062681804	-0.748818934921046	0.455455568455263	0.556794839992412	-6.5141902388192
80777	0.0949396480916465	11.7797470634373	1.62061668213845	0.107767697749097	0.173216809380724	-5.49929957802928
8078	0.0658252315801384	10.3627149090932	1.35535140203876	0.177892849488025	0.261690994972589	-5.88506130140773
80781	-0.204796182452608	7.70235853248139	-1.32371111970737	0.188156324100427	0.273862440172403	-5.92663635036672
80789	-0.183135741795552	7.29431227921244	-2.91953696959429	0.00419946666085205	0.0110353002719447	-2.69587828040717
8079	0.0940114307156682	9.65507935637901	1.21783457923224	0.225715088618568	0.317507941415084	-6.05881367870331
80790	0.0521507114769875	11.1078342884462	0.789329216068494	0.431501886004354	0.533483846489442	-6.48331521097094
808	-0.0219405584732935	12.3878795511659	-0.325174447115792	0.745624562939012	0.813912456508332	-6.74013749501012
8082	0.0567722741856838	8.47220954816564	0.545027220088091	0.586762878322413	0.677381044716021	-6.64502333948488
80821	0.33406233151266	6.14516095706288	2.25994276984774	0.0256582130503024	0.0520345788842371	-4.30337675045985
80824	-0.28537655482182	8.69077423098258	-2.86532291645012	0.00493297964460671	0.0127173570113768	-2.84160289277707
80829	0.265893931341797	10.9877539788136	5.34505895906484	4.47086975454967e-07	4.15403646485717e-06	5.93102768898255
80833	0.972122083714418	6.49990066401788	8.60881078173073	3.76867197801016e-14	4.57782802034763e-12	21.7511303302825
80851	-0.0923011976393358	6.41757220661172	-0.925753529920855	0.356462480831571	0.457699376911049	-6.36752487307437
80856	-0.0363754294531489	6.8276277583923	-0.425545028336547	0.671214079669266	0.750436965087729	-6.70265806801801
8086	-0.19332846661346	7.70321101079481	-3.24680600051693	0.00151932786544305	0.0046428591078652	-1.76684641090181
8087	0.050532969901088	10.7152471221855	0.954150716762529	0.341956806134587	0.44341651784485	-6.34113878836579
8089	-0.0577548084882092	9.29869688807811	-0.714876325617752	0.476096633621674	0.575945839735651	-6.53881927170366
80895	-0.53311076506379	7.61838283174479	-6.16396791067939	1.01910590225897e-08	1.57636980386874e-07	9.58108925657906
80896	1.49119051816491	9.82486285552998	5.71850312412565	8.24817500922158e-08	9.60929838874051e-07	7.55962485503266
81	-0.127245553501315	10.2174873872634	-1.65223333045333	0.101144054216982	0.164783015351533	-5.4489237940651
8100	-0.0760694638484721	6.63039543450281	-1.13350315267154	0.259299433967009	0.354722312780308	-6.15640767415076
81031	0.0167627576161484	9.45249210254601	0.277587973872104	0.781814140731318	0.841734202612185	-6.75441104511602
81035	0.666770192852993	11.932333682439	5.21243339184532	8.02681758725584e-07	6.84226143144822e-06	5.36851118286069
81037	-0.0938284446834104	9.07644118892241	-1.29923847842152	0.196393477065581	0.28345450298125	-5.9581394780732
811	-0.28598676284137	11.4756708622855	-4.14679762047111	6.38028768618603e-05	0.000297410701398965	1.19503200879656
8125	0.199025263708821	8.93512223244712	1.21137648875333	0.228170155415109	0.320143618775064	-6.06652896322479
813	-0.440254129975601	11.4662907187254	-5.89824936297551	3.58061906575236e-08	4.65762417056921e-07	8.3655350638189
8139	-0.415054784677363	5.75202564901351	-4.6602250073868	8.36455356474984e-06	5.21836952000254e-05	3.12459414848497
8140	-0.717002194158509	12.0339262882764	-7.50119158640255	1.29264291595021e-11	5.56105754466082e-10	16.0599977853075
8148	0.101881473641008	9.80751646725291	0.735708603132626	0.46336711971387	0.563629370430252	-6.52383735242233
81490	-0.106729475103903	8.39191712605692	-1.7347582267241	0.0853932950189509	0.143451010139625	-5.31306672213587
81493	0.314071834238232	6.48958763680793	2.83643092468087	0.00537016806046134	0.0136568929123801	-2.91829437998297
81502	-0.317000889245238	9.10570031695522	-2.20911469667995	0.0290966796264586	0.0578293007012869	-4.4118554686478
81532	0.286907843449338	7.58199795875686	4.09208513775667	7.85117145319578e-05	0.000355084311126299	0.999101493265563
81533	0.0969789360819906	11.8552981040868	1.39469010465703	0.165727848313928	0.246801215533194	-5.83204431119393
81539	-0.117849070792918	11.6273910064567	-1.22437061803727	0.223249893073532	0.314898243986915	-6.05096455567915
81542	-0.0114393449952423	10.8017826380975	-0.145538153926582	0.884534171340869	0.917986211242063	-6.78222529306637
81544	0.146718461539731	9.55311851915626	1.66026981728451	0.099513841859368	0.16254386667162	-5.43597093789201
81545	0.0824212341957015	9.03873924117613	1.93450825271544	0.0554431451373798	0.0999040966044409	-4.95832414623086
81550	-0.163723173709634	6.5946725166328	-2.63719160887595	0.00948457626850144	0.022313471938998	-3.42857336783116
81553	-0.448494295246937	9.88097927055036	-5.42099847296787	3.18629308482114e-07	3.08905878880547e-06	6.25696333637702
81554	-0.252811477702138	6.814227298609	-3.57414797257914	0.000509997204784718	0.00179487725245921	-0.756021937902902
81555	0.0624022663694256	9.27770378817821	0.591984252621535	0.554993054830558	0.648407727425801	-6.61850757926066
81559	-0.372794042487626	8.24399254538476	-5.66330577343316	1.06290528875257e-07	1.20433438753035e-06	7.31492734480227
81562	0.00690255309524595	9.1739139530381	0.118801811594136	0.905634270136559	0.933288597529705	-6.78574447431994
81563	-0.127079617918645	7.06221317168195	-1.66435714240249	0.0986929031861688	0.161522365824798	-5.42936016966558
81565	0.0560835913006381	11.1644525691097	0.901258334011885	0.36928578297963	0.47084126254897	-6.38965416930089
81566	0.0924820896536967	7.96903922765787	2.04870146782015	0.0427081091869194	0.0799748315311616	-4.73925851311447
81572	0.152155826658953	8.04048854803487	2.32617797456642	0.0217147883846164	0.0452596901481029	-4.1586290873219
81573	-0.152723202336417	7.92850099562217	-2.64443425516323	0.00929528192703676	0.0219350737534625	-3.41059842891408
81575	1.02140262858195	6.46126124744446	7.84488465768594	2.16246279827851e-12	1.35317747831671e-10	17.8018128546959
81576	0.0885310675222853	10.1598418946662	1.4044903161363	0.162798203146669	0.243342952948152	-5.81860819965268
81577	-0.371262815574737	7.41653328008895	-2.90831686872159	0.00434250237397897	0.0113509713952742	-2.72623128115064
81578	0.554310626901794	8.63680929665569	4.53613497150871	1.38562258126716e-05	8.04303761157185e-05	2.64366137923433
81603	0.337903729126545	9.26768104917221	4.28185271820026	3.79418756894712e-05	0.000189709378447356	1.68688425530229
81605	-0.0302385930907051	10.8183238886967	-0.508906472077771	0.61176750503018	0.698883208180742	-6.66393712552458
81606	0.190121973846429	8.27101454892024	2.82747490154857	0.00551271619993557	0.0139806680415928	-2.9419300643626
81607	-0.445625279065745	7.09863943854186	-2.4311347351973	0.0165548261490384	0.0360513746351324	-3.92148093250057
81608	-0.245918810052783	8.29919078087957	-2.74863894013013	0.00692488584503083	0.0170034355172279	-3.14716428252304
81609	0.0727140726634331	10.7777644447178	1.22917495801596	0.221450322517087	0.313020356091111	-6.04516891839953
8161	0.0340826513631394	9.62471359706456	0.846904392765266	0.398761815457136	0.501182683456473	-6.43666703697714
81610	-1.60863436042395	9.03239986339503	-5.97429104508483	2.50593636986421e-08	3.44983906917973e-07	8.71052550325075
81614	-0.146356478016132	10.7315032679292	-2.56805106009735	0.0114746435133607	0.0263352474077132	-3.59795941108328
81617	-0.63396157985874	7.95903929806121	-7.2979339847382	3.6767170489426e-11	1.33787149005576e-09	15.0424252245422
81618	0.678190035661813	10.2939799155263	8.03210566100662	8.08606949491132e-13	5.9634762524971e-11	18.7606503223333
81619	0.533046516672018	8.5130467821441	4.58285708629102	1.14694336825422e-05	6.84519669203745e-05	2.82368594763132
81620	-0.74147638022071	8.05686788999654	-4.53891463996915	1.37017179982436e-05	7.96454543740269e-05	2.65433570550538
81622	0.533617469883978	7.77564624149816	5.67449417831906	1.00975191596623e-07	1.15151729423468e-06	7.36441899910873
81624	-0.224633521210616	7.92028054167352	-1.93283450567828	0.0556514021798999	0.10017219807655	-4.96144759844252
81627	-0.0805785761561291	7.86462367333115	-1.74538203867121	0.0835199936555562	0.140733404242124	-5.29512000531932
81628	0.20762328983017	7.09185011041135	3.19211216022847	0.00181025287190736	0.00539257260836122	-1.92790241522361
81631	0.144529527807186	10.4525985279314	2.00471929256226	0.0472810571712039	0.0870772647121837	-4.82502164109081
8165	-0.240519334587921	7.12563983736461	-2.09693829961872	0.0381334896640821	0.0725265080878006	-4.64320964880554
81669	-0.50509112555989	6.58537029962751	-5.00694785854164	1.95489326383112e-06	1.48961423978275e-05	4.51447508789347
81671	-0.0128913014997331	10.4804226920256	-0.254562843579365	0.799503612293359	0.854541904443989	-6.76050943674969
81688	0.0313732463979331	10.9871852897776	0.478638991634758	0.633080665856773	0.717120995608468	-6.67879196873215
81689	0.312979964172642	9.87028838544925	4.76413009747119	5.44643570087882e-06	3.60477234689576e-05	3.53411532549163
81691	-0.325093942509254	6.23438539799352	-3.24503528647241	0.00152802013027247	0.00466596904844753	-1.7720963989184
81704	0.48347357538703	9.34014907496402	4.27881866203746	3.839203131089e-05	0.000191085799152904	1.67570804220075
81706	0.328635055933437	8.74867266504891	2.33963594298425	0.0209822281504709	0.0440104633120593	-4.12875252322153
8178	0.116316038729098	9.05753917180489	2.00050371658972	0.0477404984327609	0.0877864018376236	-4.83315064257591
81788	-0.586264826129977	6.49681808303448	-4.73406420681593	6.17001052765509e-06	4.01854386902638e-05	3.41498750493633
81790	0.158014051287947	8.79724909068113	1.72136975129691	0.0878029372094102	0.146906776848948	-5.33553552941373
818	0.121700835388055	10.1885643796895	1.92211780462522	0.0570005338279405	0.102153267393966	-4.98138638802716
81844	0.172596829385293	8.07511420777884	2.67311398178501	0.00857877848878497	0.0204150706762788	-3.33899174916158
81846	0.285031399968375	7.6584098266591	4.08658549810786	8.01580396633685e-05	0.000361608633325737	0.979514262598828
81847	0.607498079766386	8.18134661574064	5.07989488342582	1.42860234419533e-06	1.13354998684471e-05	4.81516338668479
81848	-0.0432594603906875	8.56149100366319	-0.546665769888221	0.585640044160196	0.676557589477373	-6.64413476348386
81853	-0.0931707071520994	11.3176295004151	-1.31534759348232	0.190941836411354	0.277281921370919	-5.93746673920874
81855	-0.125151180443486	7.05747779288691	-1.04152329593324	0.299760790440983	0.399036926517731	-6.25503782728149
81856	-0.273696569946354	6.76325028436182	-2.83768416437969	0.00535049199886097	0.0136236325248433	-2.9149817851314
81858	0.0156629313315668	6.68240781298661	0.213839864172075	0.831040787786224	0.8792530748959	-6.77000445318163
8187	-0.403579790519984	6.55179054554537	-3.68463997607665	0.000347123753620083	0.00128460672262629	-0.39718669103774
81873	-0.129412200340386	9.56771296020695	-2.15299540475553	0.0333532162483052	0.0648687464589124	-4.52898814733728
81876	0.184426131649369	7.38196087027449	2.37235393169776	0.0192915256229909	0.0410162166398725	-4.05546525605856
81887	-0.502336821228652	8.11445586699165	-5.11854872876165	1.20857627873403e-06	9.81596859620759e-06	4.97561625347976
81889	-0.0640207181825473	10.3393360671152	-1.14948620483759	0.252678744850543	0.347738492580055	-6.1384363510236
8189	-0.0256226735207396	7.51449587883952	-0.299847949011021	0.764820397897629	0.828404994313457	-6.74801428243221
81890	-0.134990667509946	6.9099549777978	-1.67741078702727	0.0961076908252179	0.158033996847343	-5.40814366683723
81892	0.0256935006311393	12.601543689642	0.423913696818317	0.672400090748158	0.751254531256565	-6.70334712603167
81894	0.0721408306178509	10.2437387462264	0.937807633148806	0.350257743397484	0.451159674791405	-6.35642035776653
819	-0.0441735637870951	11.3119089518949	-0.935104645811987	0.351643011967873	0.452636945434725	-6.35892272089659
8192	-0.443315863479342	8.04252406356821	-4.13346790980234	6.71216173433745e-05	0.000310080849695902	1.14711858591833
81929	-0.188381504932315	8.0745363123017	-2.66185918817558	0.00885377345745591	0.0210029203786863	-3.36717391106176
81930	-0.37369514581963	6.6904282418225	-3.6921005435501	0.000338124914165795	0.00125977076725731	-0.372645255588455
81932	-0.258607298373584	8.81898600918534	-4.2470103344212	4.34310938568194e-05	0.000212272683584218	1.55888703556658
8195	0.038603436406794	9.2166353051214	0.86971797628077	0.386219261658549	0.488166962708434	-6.41728606947914
8202	0.146432738669295	10.9615677232933	2.09829025705383	0.0380116000925613	0.0724144650940486	-4.64048775613536
8204	-0.181574162830552	10.2061491658729	-1.3684473941041	0.173770455983588	0.256448805864649	-5.86757483273895
8208	-0.576200939316171	7.06126169553771	-4.43869161410552	2.04728473710896e-05	0.000112064757644268	2.27237415064395
821	0.0838444694851094	8.9737839856333	1.19560205283481	0.234247714001147	0.326913747804896	-6.08520597210338
8216	0.0968438356020078	9.75644068876869	1.35518883647788	0.177944481703258	0.261720338117683	-5.88527734396155
822	0.0650523967862806	6.83655573078495	0.527248765010804	0.599010185370762	0.687675348320013	-6.65449385764498
8220	-0.423117709400432	6.55213386753829	-5.58241784586052	1.53775061871081e-07	1.6757018615503e-06	6.95877817711971
8225	-0.0728729965657286	10.6654727041958	-1.24029741599132	0.217324612296983	0.308091476074363	-6.03166666948337
8226	0.0591748586758643	9.51286596707328	0.901194306177451	0.369319677972733	0.47084126254897	-6.38971124627695
8227	-0.0345384469315972	10.8561135673172	-0.48886782000152	0.625842158662458	0.710871318832769	-6.67387325240851
823	-0.096530922893185	10.1176064411849	-1.99063102507156	0.0488313818254014	0.0893547217274735	-4.85212586831237
8233	-0.622466302563798	6.88243660389541	-4.84660372563199	3.85877369313469e-06	2.67619401387847e-05	3.86348570539923
8237	-0.0880629848156371	7.49698418649136	-1.4290756601089	0.155622956399697	0.234484790197281	-5.78450155020322
824	0.197451795812773	6.55939880400715	2.99022154125094	0.00339348370326964	0.00925699319319922	-2.50234668377465
8241	0.0348395293178046	11.4910564191556	0.952913928493337	0.342580499144211	0.44380631304068	-6.34230433692933
825	0.071336933108076	5.90448622700419	0.6683267896637	0.505229504753887	0.602540529781563	-6.57075407686948
826	-0.0253895904009511	10.3410732392953	-0.435776097096705	0.663794885960413	0.743954648308414	-6.69827641055309
8260	-0.183857492407215	9.47246210659373	-2.32826150416699	0.0215999204475291	0.045065759761705	-4.15401394235477
8266	-0.234542738414544	8.06529036237407	-2.63278842946846	0.00960135302422875	0.0225624967226542	-3.43947988274452
8269	-0.153794317186808	7.43578929324677	-1.98566180968743	0.0493884267119415	0.0902740439567685	-4.8616434757463
827	-0.150541435501997	11.5491683016966	-2.17276902874744	0.03179554977251	0.0622791655491896	-4.48803346614869
8270	-0.361370619023723	9.91404170265828	-5.61260144522887	1.3402217542799e-07	1.48593713964457e-06	7.0913339552122
8273	-0.254445146764741	9.45955203391005	-3.56636368072666	0.000523849900736792	0.00183736738007894	-0.780972937731176
828	0.321472333982264	7.51439598992705	3.53887119239228	0.000575669650893705	0.00199038564938552	-0.868744633387455
8291	0.0136892334767393	10.6052330096848	0.1467500379293	0.883579607914082	0.917226035110006	-6.78204891875937
8295	0.0337558107443688	10.2713630621494	0.643705397214703	0.521014915277635	0.617948646172807	-6.58678281723535
830	0.326137291963181	10.5526847980611	6.43573797705591	2.74521220659682e-09	5.10708396993012e-08	10.8520075421819
8301	0.348959404436402	11.1483587421203	4.70109190432973	7.07060037386881e-06	4.50641659630836e-05	3.28493092361242
8303	-0.0217175725397563	6.00973331851942	-0.189330735929784	0.850158701490071	0.892288548196694	-6.77492379939997
8309	0.746942312965641	7.50621582404988	7.06253351138906	1.21841073690794e-10	3.64640314741289e-09	13.8769373149225
8310	0.236519457081333	8.92834343645099	2.42358749607987	0.0168857212950759	0.0367014404710697	-3.93885005146617
8313	0.19360736510296	10.0774025159671	3.06063216467186	0.00273464495736642	0.00770138675344242	-2.30562571418419
8314	0.130119891933323	6.92562001760247	1.25720292737751	0.211161433357659	0.300930545123233	-6.01091720283926
8317	0.0510065966226524	9.25266918695693	0.665432511086408	0.507071778579255	0.604301383792331	-6.57266924681113
8318	-0.316551891751491	8.73837793359326	-2.36123886170429	0.0198518665516501	0.0419591652294345	-4.0804664053357
832	0.0621339608854658	10.507657822562	1.16316278601441	0.247108926652719	0.341082906035754	-6.12286313619846
8321	0.648497856823863	7.43821710295691	5.93012383115083	3.08397124855092e-08	4.12422171309933e-07	8.50985816667649
8322	0.614237006896261	7.53263226769714	5.0866038025351	1.38779988381782e-06	1.11077781398597e-05	4.84295690941699
8323	0.464301599464919	8.64732802241218	3.92022999393581	0.000148851021704983	0.000618154569775345	0.396456118168182
83259	0.44069549583071	6.68709844694333	2.85043284504254	0.00515404960531304	0.0132007596092669	-2.88121179539193
8326	-0.163363733263427	5.88251838131131	-1.87412270312735	0.06338528309444	0.111586197433946	-5.06940472757028
8336	-0.956445242443916	6.66322924113849	-8.07221801966155	6.54416498261849e-13	5.00507432929896e-11	18.9669196193399
8339	-1.13095854747685	7.31571185339287	-6.24766174633591	6.82314293117847e-09	1.10508158061832e-07	9.96960774470811
834	1.7825620618988	7.48641924344286	7.33063654688088	3.10957720136844e-11	1.16750489469561e-09	15.2054683051237
8344	-0.23434545932877	8.29538822955779	-1.89553296013956	0.0604667021136378	0.107270358257597	-5.03039889894524
83440	-0.29926416374355	8.61244782188851	-4.64939533008504	8.74416878621922e-06	5.42243499806086e-05	3.08226561267147
83443	0.00503055708513562	9.99483579021898	0.0839552660928411	0.933234183800192	0.954260257265361	-6.78926282300542
83448	-0.125359669357997	7.21854805758064	-1.5549919115628	0.122624534591425	0.191942136768082	-5.60088772727851
8345	-0.425762622596743	7.03536017720836	-2.92802175763879	0.0040941893474708	0.0108010233184634	-2.67285793056899
83451	-0.674672329441568	7.43145666666695	-5.64460793611348	1.15791653171403e-07	1.30305048391796e-06	7.2323414464319
83460	-0.0600742863222728	10.9915367370428	-0.990106304702722	0.324146957991498	0.425861988196785	-6.30660404997086
83461	-0.674572813922302	8.02352508393622	-4.70945723770421	6.83074641564435e-06	4.36364774889577e-05	3.31786890866547
83463	0.17466108042414	6.65158642440084	2.08537376237143	0.0391899454917663	0.0742281471593647	-4.66642600737831
83464	0.227191252004547	8.64926972071068	3.52997789581959	0.000593442015643056	0.0020432809709094	-0.897020016807387
83468	0.463323075371682	7.5837278849547	5.61333162318997	1.3357652153907e-07	1.48298665042032e-06	7.09454571594212
83478	0.103484157623366	8.68304938249497	1.48148376608678	0.141141668754463	0.215814547188424	-5.709891431891
83480	-0.269001269727014	8.29148543017728	-4.84094816938992	3.9514958313633e-06	2.71768156261956e-05	3.84077917090971
8349	-0.0150322061324353	11.6283565428677	-0.142556314820601	0.886883593383964	0.919626290315528	-6.78265303751493
835	0.0291877361524333	11.027567322315	0.61211335474784	0.541639791914638	0.637223284605457	-6.60647439511401
8351	-0.832485248966931	7.7270518970332	-5.79585756644508	5.76888336375885e-08	7.09091913462025e-07	7.90477230818159
8353	-0.504708675697424	6.6032187643877	-4.54192044437727	1.35365133404632e-05	7.89629944860352e-05	2.66588356625377
83540	-0.295660128710252	7.76630704083046	-2.40217929149128	0.0178565342121888	0.0384602275339451	-3.98785278384229
83541	-0.523132839851751	8.60367063576323	-4.09844343698941	7.66486919545302e-05	0.000348441494520869	1.02177143726313
83543	-0.781761922334571	11.8636281590329	-5.6964610735737	9.12861825403384e-08	1.05605583723137e-06	7.46174929327288
83548	0.0590581249530553	9.68237083072352	0.478412893472729	0.633241072003645	0.717204340429193	-6.67889952188867
83549	0.0283864857204438	5.45639915412659	0.431310340016059	0.667029238650865	0.746768976857705	-6.70020172037347
83590	0.126724772501024	9.25707767414094	2.77668530971599	0.00638857883343774	0.0158277328026982	-3.07473308185656
83596	-0.159568182089831	10.1483534100553	-2.30344944838527	0.02300324383802	0.0475016985255114	-4.20872939292388
836	-0.112636659103526	10.3758583021403	-1.96346210345937	0.0519433759065552	0.0942972054919001	-4.90389119535284
83605	0.197718702170114	10.1651572592682	3.54517339100804	0.000563380479573892	0.00195444047092833	-0.848672701588217
83606	-0.351876528360315	8.70452331887085	-3.72372455234738	0.000302377500484536	0.00114465543263165	-0.26818374963569
83607	0.151180837248655	8.5893078198143	2.87883975697617	0.004739853959352	0.0122560935682891	-2.80549179243211
83608	-0.0676009821061603	9.11309845606027	-1.07291867088562	0.285495678465211	0.383259272569908	-6.2222916732213
83636	0.0496071873495295	9.31548476875077	0.714236551635898	0.476490614950644	0.576253657319519	-6.5392726266519
8364	-0.314051073856329	12.1575198993328	-2.72284295005851	0.00745398766336948	0.018092841051846	-3.21321339182352
83641	-0.415944062547952	10.8865949051753	-4.26307165989314	4.081206505853e-05	0.000201140979353679	1.61779526887397
83642	0.0261788910728545	6.97877243042391	0.342136617204308	0.732856358125485	0.803370075397015	-6.734505819321
83643	0.698181297274722	7.84866113751623	4.4525443498921	1.93739650817965e-05	0.000106909538628883	2.32480985584323
8365	-1.14450395748536	9.5112556745335	-6.07724401479758	1.54028176883373e-08	2.26786584858585e-07	9.18130765135993
83658	0.263256506601704	10.817088316618	3.93215736099805	0.000142471217169146	0.000596458314149594	0.437646465207919
83660	-0.149853626109694	6.3973102552168	-1.28168520543499	0.202464389365411	0.291046964176522	-5.98038369731444
83666	0.475665930239868	7.61775205002894	4.47120579350496	1.79832079023561e-05	0.00010050155431222	2.39563041625283
83695	-0.189061300019546	8.73188342775163	-3.29584869269361	0.0012961480789692	0.00403550061526031	-1.62049323743382
83696	-0.00588211959420991	7.29006238401921	-0.0719217463847824	0.942785876529555	0.961765016689406	-6.790196925468
83699	-0.0505973029785497	10.7111859071997	-0.683600945065011	0.495566600112916	0.593538335033848	-6.56051042650801
837	0.362955487020989	11.4597892458944	4.20065642766918	5.19264244442302e-05	0.000248933410278202	1.38978865948243
83700	0.402433038659295	10.8388726847562	4.67583511572299	7.84530586434784e-06	4.93919408837753e-05	3.18572589087557
83707	-0.0468784254520115	10.471889260379	-0.774909943957891	0.439942067743177	0.541971883603078	-6.49448941936378
83719	0.433689724965473	9.87767174916717	4.61987392121016	9.86559800416745e-06	6.025214756604e-05	2.96722286577387
83732	-0.1309236643249	8.23516456546311	-1.9615185840914	0.0521722918541389	0.0946919645605774	-4.90756870248979
83734	0.121977667062845	9.24668499063564	1.06995520683953	0.28682198234288	0.384539778307448	-6.22542340380227
83737	0.224304959352344	8.59077789163995	3.5944756602584	0.000475435301004942	0.00169490530267623	-0.690660031105929
83742	-0.0854921175714932	5.58168982801107	-0.972394232922325	0.332842432623431	0.434132194868743	-6.3237732601476
83743	-0.272860007561552	8.32968361859014	-2.95715646512376	0.0037508861605753	0.0100526669975185	-2.59337338917626
83746	-0.101301161141107	8.48858581597343	-1.32151356963244	0.188885270739904	0.274730117329038	-5.92948853137618
83752	0.123053574955061	8.84752824044697	2.49478996801105	0.0139856779417148	0.0311799459645248	-3.77304931328564
83759	-0.0119454680209085	9.33516265780883	-0.202259450267173	0.840062006305395	0.885271148058093	-6.77240329896357
83787	-0.177942878173894	9.5790723814076	-3.5690331712504	0.000519059825859411	0.00182288867414912	-0.772421335307789
8379	-0.201145214889915	5.86281033266528	-1.57288083897284	0.118422424704086	0.186637898884899	-5.57359420326184
83852	-0.0336893882866996	8.2709235538214	-0.712723357685006	0.47742317936209	0.577043526709228	-6.54034330080838
83861	-0.0233795525033514	7.53240861570317	-0.351097288811536	0.726141089747155	0.797914780006852	-6.7314154125551
83862	0.596078106156101	8.21274727532706	6.18468007800611	9.23000394958165e-09	1.44393622393077e-07	9.67699349142594
83871	-0.108283651191701	8.79981275521568	-1.65846857829388	0.0998773676537921	0.163040920320222	-5.43887930880533
83874	0.338368591328021	8.15150088032178	3.02873497931158	0.0030168962406934	0.00834546649300989	-2.39522803715681
83877	0.783866243358661	7.48120005698876	7.64291714913608	6.20230991591142e-12	3.10491393366232e-10	16.7751925763979
83878	0.0474571986145273	5.08057471935912	0.797376268516136	0.426833239047997	0.529099640708539	-6.47699053907969
83879	-0.422861566969146	10.8398726713073	-4.56847161015437	1.21584103424687e-05	7.18886681666368e-05	2.76812064299474
83882	-0.248447513325329	6.14873944979821	-1.52293577685239	0.130448752178964	0.202045132757968	-5.64904678943853
83890	-0.49408108391819	6.88882834085961	-3.95292110515282	0.000131982351267046	0.000557633872872533	0.509580851098021
83892	0.11933158492894	8.32288601704799	0.886115681275174	0.377356484010392	0.479090771276642	-6.40304154733877
839	-0.212326818157462	8.37722824345371	-2.93706222354171	0.00398469063216798	0.0105797314759587	-2.64826654155605
83930	0.151310837924502	8.64957875106139	2.76653649357654	0.00657811543716187	0.016234010609787	-3.1010173646361
83931	0.0796954343950825	11.0473855950542	0.977245533226615	0.330445727921226	0.432205229798679	-6.31910096322347
83932	0.036502252171233	7.97156080543946	0.619021153856027	0.537095005195157	0.633591080107397	-6.60225277747655
83937	1.49660469761722	6.04949663383806	8.08154699975205	6.22970802559502e-13	4.80910170947803e-11	19.0149325960537
83939	-0.346964234334475	10.3957305222481	-5.56348248618806	1.67593508633937e-07	1.79782127443677e-06	6.87583084312486
8394	0.140903326252059	5.64461494488237	1.1696450829772	0.244499635611758	0.337946283492824	-6.11541902547373
83941	0.477219374277222	11.0180124972738	7.24073969593671	4.92537596857444e-11	1.70850312122099e-09	14.7579218576741
83943	-0.10100346568536	8.16820287155014	-1.51380630561986	0.132747395378377	0.204903127952439	-5.66258598230374
8395	0.288193440156726	6.28481430129071	2.34411022838256	0.0207435555543088	0.0435873235509008	-4.11878489937931
8396	0.090796551717181	5.99642227179162	1.08591994041411	0.279726600837417	0.376997515899058	-6.20845184841973
83982	0.724337894398844	7.80268918805567	5.00484705087598	1.97255375448224e-06	1.50168608405745e-05	4.50585692225539
83985	-0.271374275450884	10.2122996042463	-4.9452081766496	2.54394641928239e-06	1.87281616963213e-05	4.26217725823399
83986	-0.0255141145983915	9.86849356670859	-0.440897702679464	0.66009332817309	0.741295842214064	-6.69604401190699
83988	0.332905397800037	8.59053357269455	4.40137728536757	2.37400594204983e-05	0.000127250415842515	2.13170933890168
83989	0.360321643616377	9.36122193444526	4.82237532255858	4.27145778033785e-06	2.91107601201243e-05	3.76633487623175
8399	-1.19167334460094	8.13829653886105	-5.15201976054725	1.04501304976283e-06	8.60598982157624e-06	5.1151749191148
83999	-0.277797353869334	5.77670537701131	-3.1952406673019	0.0017923034960777	0.00535035304575418	-1.91875174493878
840	0.128326470557957	7.58556475181572	1.10561562628295	0.271140765067459	0.367868848835743	-6.18717472248345
84002	0.335009557897515	8.20504898702877	1.98079532396521	0.0499391792281967	0.0911395537836732	-4.87094277515888
8402	-0.205356415850176	7.96009947934025	-3.39576004367517	0.000932950185146423	0.003022026874239	-1.31673209481533
84033	-0.322721589211179	7.76730308079379	-3.56308074733602	0.000529797930754391	0.00185586552503446	-0.791482634714577
84034	0.68875930411593	9.77849248290937	6.34660655808158	4.23271430869034e-09	7.28379587287129e-08	10.4322520167626
8404	2.37621723402029	8.50226382513519	8.95439516725951	5.87573474553983e-15	1.0550775869165e-12	23.5648403345324
84057	-0.438323490897414	7.76277298521684	-3.3577899778675	0.0010579800563046	0.00337540180188336	-1.43305315560613
84058	0.0102357231947153	7.93477194612528	0.095260424979423	0.924269468001245	0.947321727967525	-6.78825388331419
8406	1.00180387616487	10.7286270668445	5.71105245114956	8.53604158464529e-08	9.90936935826137e-07	7.52651716799078
84060	-0.0795926751888869	6.84656212493659	-1.03722714548694	0.301749651776772	0.401009599157864	-6.25944458962727
84061	0.0396945979047678	11.6715500604435	0.290454048356915	0.771978455643221	0.833895598066829	-6.75077383316806
84062	0.304566607446514	6.40296274204294	3.63740155305455	0.000409585390589928	0.00148711003352651	-0.551663106806389
84064	0.117594093891858	9.54287928718457	2.27285673568537	0.0248434442391409	0.0506058814834289	-4.2754551259407
84065	-0.0484388794369153	7.22343671680248	-0.802569803069597	0.42383601024238	0.526764530411716	-6.47287492941712
84067	0.0152832739833159	6.73399194105778	0.185936863174762	0.852813351328309	0.89371203780409	-6.77555788524166
8407	0.578688306728468	10.9054074051997	5.49984886551538	2.235379653656e-07	2.29940671721028e-06	6.59828021419403
84078	0.0482777264495767	8.468244798196	0.572837797285994	0.567843856805812	0.660618346086762	-6.62958219916631
84079	-0.00159373399463498	8.05619549080089	-0.0232345100634963	0.98150243383938	0.989408116123173	-6.79250412077082
8408	0.391458264220274	10.3921975637336	4.52794001368294	1.43215992381872e-05	8.28406230444161e-05	2.61221817454396
84080	0.406621468190078	8.59695537465711	5.62606511788336	1.26034183858558e-07	1.40491546379445e-06	7.15059365134041
84081	-0.187853521315627	7.74920216439037	-2.90658393435063	0.00436498869660478	0.0114061393970122	-2.73091026828219
84085	0.250913894836875	8.26431392235605	2.29915984851558	0.023253822567489	0.0479472227677132	-4.21813456351871
8409	0.140341876086672	11.8383769762695	2.01645398022217	0.0460219192796861	0.0851379738522301	-4.80230926872433
84102	-0.23889439984332	8.8390087082665	-2.11868456100369	0.0362132106687574	0.0696927120512432	-4.5992307540228
84105	-0.161076021474442	6.77406695623891	-2.77052361560689	0.0065030504655336	0.0160631569513479	-3.09070122879754
8411	-0.193895113983702	7.06198673801628	-2.66779159101043	0.00870784513154755	0.0206864540657414	-3.35233220355365
8412	0.240993628186621	10.1470544144176	2.95647847546541	0.00375856446831396	0.010066712875575	-2.59523076277657
84124	0.024291373490818	11.8631517922712	0.253974950567878	0.799956681539041	0.854804940428523	-6.76065824375259
84128	-0.327549863308534	9.7819007366968	-4.41610182699073	2.23948526490012e-05	0.00012121984461386	2.18711581530324
84138	-0.107740664035909	6.13366313977534	-1.33350545588472	0.184933005990171	0.269598769763291	-5.91386845613316
84141	0.455923269324671	10.5501800031031	5.45234375949776	2.76844626935501e-07	2.75178895124819e-06	6.39229774358257
84142	0.062677424365351	12.0192662665574	0.477444764148897	0.633928112222672	0.71779317394318	-6.67935948114809
84146	0.350367659463597	9.38791443741237	3.6465385959974	0.00039672957301034	0.00144615457769877	-0.521907121807264
84148	0.0149137157682385	8.01275203488959	0.166646671745815	0.867933132388752	0.905192888072107	-6.77894418209913
84154	-0.339680976256909	10.5467355429661	-4.74643988729295	5.86154717917384e-06	3.85174062847859e-05	3.463961118995
84164	-0.17180485289158	10.4568029273296	-2.5034609730291	0.0136648022184872	0.0305635706267815	-3.75256318730556
84168	0.91944277534235	10.1268885111348	6.35935598942593	3.97917026969412e-09	6.90503076211627e-08	10.4921222822774
8417	0.344137873367323	10.0134150975823	3.69343941502511	0.000336533558109384	0.00125440757670736	-0.368236904248898
84173	0.298828474194908	7.27543083065243	2.77515503938364	0.00641683544346191	0.0158786880656068	-3.07870170681136
84186	-0.0868413453745234	9.09349407406195	-1.44852782180542	0.150120085443102	0.227396278334865	-5.75711115786118
84190	-0.00789466237580974	8.30243408139507	-0.159953227884499	0.873191249815753	0.909069791212266	-6.78003263305279
84191	0.143932550333146	11.6572356339561	3.71787484314632	0.000308707552851903	0.00116594622156229	-0.28755963235005
84193	0.102195940980485	11.352482525054	2.08830761288838	0.0389195737940673	0.0738176072420196	-4.66054743915157
84196	-0.111887286644124	8.4391773152106	-2.03087113457162	0.0445142080030818	0.0827379293666642	-4.77423581862238
842	-0.268788285430444	7.64800094030336	-3.09745762400728	0.00243925803558796	0.00699349926204671	-2.20118686596266
84206	-0.110159954404997	6.95345769349657	-1.49093260724434	0.138646100549598	0.212628442357905	-5.69616427459633
84216	0.437460491045319	7.45455082802321	3.05342954140147	0.0027961561195352	0.00784519346038068	-2.32592850431353
84219	0.0276762423812207	6.41845331461499	0.368973230235892	0.712808524566467	0.785982967950743	-6.72501211405423
84221	0.109923871905633	6.24205112623059	0.724045918214491	0.470469789967366	0.570140913311391	-6.53227733309141
84231	-0.198431328585183	5.84647592189535	-1.79635394819977	0.0749953530646083	0.128679189097147	-5.2075691748532
84232	0.0942168038132247	7.19722127932289	1.07439447541169	0.284836747994565	0.382561225761805	-6.22072890422836
84233	-0.0666960609845813	10.0493917195829	-1.21310010771346	0.227513038469519	0.319438670365159	-6.06447372108289
84240	-0.0649736262338885	10.2861715244979	-1.28101270307697	0.202699703108721	0.291283846151363	-5.98123006969296
84243	-0.20786882224472	8.10888030156604	-3.41952967150913	0.000861883632270883	0.00282058589641739	-1.24336846817738
84245	0.332535905992095	10.1626036383578	4.10750164155794	7.40675366327028e-05	0.000338196712319583	1.0541130671171
84246	0.0299780488218514	9.37109757914121	0.509869416960014	0.61109474141178	0.698249075122604	-6.66344964482001
84248	0.306716606301575	10.5545844452081	3.34373334681962	0.00110812480664399	0.0035109746462905	-1.47584253304737
8425	0.811352250491019	8.07253717824418	5.54751453230452	1.8018543416467e-07	1.91069668290575e-06	6.80600907810903
84250	-0.0407399414667867	7.10839148983468	-0.295793969185851	0.767907034961985	0.830550230298022	-6.74921593572189
84255	-0.320811101547736	9.04797969033729	-4.42415228757392	2.16907561966842e-05	0.00011779463917463	2.21746436232825
84256	0.397191451412465	5.30181480798179	4.02658559097255	0.000100404277754795	0.000443259932792414	0.767107983543991
84259	-0.337797322912708	10.1038487369063	-4.60519216705203	1.04739125513349e-05	6.32982542395371e-05	2.91019720987262
84260	-0.125098373188383	6.70273101390231	-1.71432040680514	0.0890938226088627	0.148850116251862	-5.34729938991133
84261	0.0267993251751641	7.28807223275645	0.516508677768209	0.606465275172377	0.69401540217842	-6.66006362134916
84262	-0.431887749194725	6.96532514666938	-4.50969479523049	1.5412543944859e-05	8.82854458977363e-05	2.54235621454213
84264	0.181495134939681	5.44901728468749	2.58149841521423	0.0110604477526626	0.0254979900745166	-3.56532903615671
84265	0.495629117936808	9.09815086245702	6.8571599980758	3.42424335749755e-10	8.75673378728475e-09	12.8725435505293
84266	-0.113976948498523	8.48396755223242	-1.58728933202557	0.115121706000483	0.182605414724289	-5.55139332614951
84267	-0.0773320211703445	8.03599354427832	-1.4176053618142	0.158939736419804	0.238723502871684	-5.80048517144695
84269	-0.18734769536539	8.34477140168139	-2.28594785588825	0.0240407483274294	0.0492379323542195	-4.24700191137099
8427	-0.0439403203681006	7.73080669920253	-0.727040478121946	0.468640290276823	0.568507680670665	-6.53012299996744
84270	0.0647743187738245	7.42564399948551	0.867131739407556	0.387628754194674	0.489723693736312	-6.41950873218371
84271	0.0248853832651149	9.42699484669961	0.481209908444749	0.631257950100399	0.715645164401495	-6.6775654433124
84272	-0.293032794075785	10.7732586885371	-3.69790069100125	0.000331282039194927	0.00123930690387233	-0.353538651859186
84273	-0.343934892717471	9.63146702825397	-6.0351643516556	1.88019403803931e-08	2.67765564727667e-07	8.98837935793505
84276	0.146990337216509	9.22348831621652	2.03459092100558	0.0441321213034885	0.0821559162140363	-4.76696231246952
84277	0.000166735119645328	6.68865005006911	0.00229023935857697	0.998176520161622	0.998641476471291	-6.79277035766522
84279	-0.092854960730772	7.96928120697214	-1.20659411079812	0.230000568505824	0.322109985733826	-6.07221654435986
8428	-0.193982081206616	11.9651464302394	-3.01750766491938	0.00312248566900938	0.0086054709772692	-2.42657599736861
84280	0.0304484353690321	9.53488563676759	0.442689337042252	0.658800433941276	0.74026548556046	-6.69525693888918
84281	-0.0348143692225242	8.70569839591108	-0.154643028701164	0.87736679354877	0.912611725817005	-6.78086442504165
84282	0.144408023493407	9.4462221755247	2.12882235688412	0.0353469108789944	0.0682960196164897	-4.57858485626674
84283	0.101205081149458	6.93510641398113	1.14722397157541	0.253608518130496	0.348690214117306	-6.14099495099944
84284	-0.399969097402971	8.47795861987344	-3.70396899958979	0.000324263376560765	0.0012152520373829	-0.333523339621874
84285	0.0100735693112765	7.32064886706939	0.0758018922267359	0.939705005039341	0.959333004773818	-6.78991148191344
84286	0.0616601744825282	8.75089938267177	0.979999891530905	0.32909002950283	0.430789800902279	-6.31643805502965
84287	-0.0522258788856211	11.4427780151338	-1.01838245438071	0.310578524703605	0.41085499904737	-6.27856316042871
84288	0.307947489933872	5.69252274624166	1.99389034848666	0.0484689224928757	0.0888689172219492	-4.84587117227091
84289	-0.284257560198032	7.26995465346381	-2.78749300766092	0.00619222007564774	0.0154245288977233	-3.04664971686339
84292	-0.136637986055024	6.10238741819241	-1.61760494635013	0.10841639321915	0.173988616279421	-5.50404975233318
84293	0.184455382598308	13.141909048561	2.43246342082326	0.0164971730801931	0.0359542611193654	-3.91841806128177
84294	0.141563743720644	7.39773730106145	2.11075288221646	0.0369037139999693	0.0707413965281379	-4.61532020873982
84295	-0.172716041573523	5.60191490384596	-2.43889246555739	0.0162207254198114	0.0354644699107357	-3.90357655086552
84298	-0.0124121744565358	10.2705857490014	-0.173957287384074	0.862196948731984	0.900574961624455	-6.77770442064151
84299	-0.10235852092305	7.10692541116175	-1.06351700302746	0.289717913011927	0.387730065048367	-6.23219789799752
84300	-0.0541937571789097	9.76517834038329	-0.659836948804973	0.510643590944089	0.607331326306433	-6.57634848891999
84303	0.243004691817479	7.36160952690835	2.93000824769039	0.00406989443864813	0.0107541036670613	-2.66745999264618
84304	0.136049954052433	8.30700663313726	2.35621900167801	0.0201096146980496	0.0424171137400126	-4.09172261630657
84305	-0.233238594021378	8.64221834035135	-3.81367321808772	0.000219273460208474	0.000862521683212494	0.0327532617755448
84306	-0.445189983238046	6.56628004090967	-2.95525565296349	0.00377244965627466	0.01009735390824	-2.59857979636672
84309	-0.166719889481675	8.55482305182059	-2.25314882120303	0.0260961818970484	0.0526776209413702	-4.31800762225373
84310	0.229140104167236	10.4307518991548	3.75297280468093	0.000272531434565075	0.00104459844524711	-0.170946339692343
84311	-0.212668145780951	10.6001234222639	-3.63681339984168	0.000410426279017629	0.00148950837639966	-0.553576470937935
84313	-0.4692671929877	8.8950678647808	-4.84110399892687	3.94891229678422e-06	2.71768156261956e-05	3.84140457633227
84314	0.105036530208377	6.70940410942757	0.967242733671897	0.33539985774775	0.436490125255462	-6.3287096326492
84316	0.0436312210320949	8.5289916839082	0.628009766852303	0.531210412056617	0.627823826226497	-6.59668903513083
84317	-0.155646753217555	8.31448339694019	-2.26254634067188	0.0254920893733084	0.051805193878874	-4.29775922636247
84318	-0.328366066067097	8.54055341780125	-5.50498626129504	2.18413986965322e-07	2.26535503422785e-06	6.6206188570991
84319	-0.305330610718833	9.15871582275868	-3.1952829705275	0.0017920619262927	0.00535035304575418	-1.91862795936266
84320	0.249245000815932	8.27962086904125	3.26043632436488	0.00145394593100016	0.00446785468380258	-1.72635398963782
84324	-0.0465748913134457	11.1050346804176	-0.701266654923331	0.484516529469712	0.583993365448682	-6.54837654518221
84326	-0.0580089177194358	8.40640541321019	-0.716723174910181	0.474960334327523	0.574908024845449	-6.53750830502811
84328	0.0015056166765839	8.28446712042885	0.0309840472138597	0.975334578080456	0.985284922132603	-6.7922948717411
84330	-0.0528574292017654	5.32384665955513	-0.890778085593465	0.374859870631441	0.47680051299903	-6.39894343125365
84331	0.442401385963877	8.34085483811512	4.10850687797482	7.37862787350184e-05	0.000337098817672152	1.0577054735177
84334	-0.154671499315131	11.8806391328903	-1.62601807123511	0.10661209588308	0.171660021831236	-5.4907592355159
84335	0.0531692236892348	6.30746970542214	0.887024123438264	0.376869220966202	0.47869923070582	-6.40224471772452
84336	-0.162803305716985	9.276282284072	-2.80815787181249	0.00583201886313589	0.014639057253624	-2.9926873698541
84337	-0.110184689618776	8.29020888935058	-1.83619227535544	0.0688451254895101	0.119642486123154	-5.13748245994302
8434	0.680808739607592	7.97095776480945	6.64573437183686	9.79667677647502e-10	2.17528360681945e-08	11.8516998494833
84340	0.103206529547035	7.56250194915827	1.16766333650277	0.24529525232628	0.338819194684795	-6.11769910364178
84343	-0.324892317804095	8.03341502604889	-3.51823699311319	0.000617698038051531	0.0021223734585298	-0.934261177663943
84364	-0.000849377035432283	9.09539576406807	-0.0152163164451423	0.987885287687294	0.992174819157334	-6.79265766139656
84365	-0.0606504631080723	9.99517745955443	-0.804639977882234	0.422644780373707	0.525443390410418	-6.47122705601016
84376	0.0189743722490101	7.38361911354455	0.258111084247945	0.796770559430917	0.852071100067543	-6.75960401234344
8439	0.210645339152122	9.46899749467276	3.60023734554706	0.000466048969952866	0.00166575702804443	-0.672079876557751
844	0.0791393689666729	5.84200772884275	0.567596435640738	0.571386759515692	0.663994975640299	-6.63255077222206
8440	0.50182838056318	10.1516732211754	7.31086280422532	3.44118977445536e-11	1.2632990016445e-09	15.1068517787184
84417	1.60547008853558	8.62967525595016	5.76913571627167	6.52901956797213e-08	7.83861942317585e-07	7.78525171093811
84418	0.204977706321833	9.7723035462385	3.63476402493973	0.000413369065975078	0.00149821346421858	-0.560241518129406
84419	0.87874854191772	10.7892388226079	3.9534692710397	0.000131715685184436	0.000556791995713122	0.511483848532205
8443	0.137303729588861	8.8643803593279	2.81785880283766	0.0056696137723477	0.0143301743450404	-2.96723520498821
84437	0.436040842176275	7.4406365990338	6.27511659790503	5.97851945716563e-09	9.9289657750011e-08	10.0976234794637
84440	-0.0277409124203617	6.26263350758597	-0.277759956761131	0.781682428304736	0.84170210634821	-6.75436351094749
84441	0.081885774700933	5.4285033689095	1.13470710216812	0.258796521113452	0.354151634260622	-6.15506252573276
84445	0.305210226741696	6.36040126483046	3.3485919083737	0.00109054621657893	0.00346458144190074	-1.46106945708223
84447	-0.278880216465731	10.6138568233197	-5.02851482323364	1.78225899017323e-06	1.37199061126103e-05	4.60308404083088
8445	-0.156694050635972	8.79295983822358	-2.12709918783584	0.0354928842420274	0.0685620261550857	-4.58210057022198
84455	0.235109999365667	6.53592235780299	3.81305979595605	0.00021975840321505	0.000863971637580348	0.0306819891121242
84456	-0.132808952831559	7.67150212352198	-1.71176582481656	0.0895654264819796	0.149426463894395	-5.35155111512772
84457	-0.188060342784532	10.0040124653066	-1.47454529448916	0.142996375891275	0.218246501267911	-5.71991803392779
84458	0.356752129536315	10.7132305376398	3.19579469321338	0.00178914216721712	0.00534671284414378	-1.91713047324494
8446	-0.0158728741726254	9.37814807789316	-0.288473044457341	0.773490496621843	0.834949229233719	-6.75134457515545
84461	0.000589646011536745	5.27458514024597	0.00701665794380096	0.994413405023135	0.995618754604981	-6.79274845083587
8449	0.0358063484899847	9.34578843873139	0.712290578993253	0.477690081875186	0.577195072249399	-6.54064910334246
84498	-0.0168650473831847	10.66264909196	-0.343835269047114	0.73158175140168	0.802213229283938	-6.73392610321415
84501	1.38700045331198	10.6032631446439	8.14192092151885	4.52801382315745e-13	3.7294452935671e-11	19.3260200931062
8451	0.0554765147586615	10.1686782738336	0.834289360308771	0.40580278938955	0.508870660445981	-6.44716548354557
84513	-0.718552723240932	8.69067703118168	-7.40640576145831	2.10718210747198e-11	8.24896881882395e-10	15.5842360637593
84515	-0.00079689157635513	13.2683140538767	-0.0101168651230131	0.991945122058965	0.994473444375173	-6.79272199754954
84516	-0.24018451185946	9.40150281307235	-2.86981262706465	0.00486804638061309	0.0125617191827129	-2.82962470214539
84522	-0.0388351021553614	7.35980791143887	-0.706960423593632	0.480984054285084	0.580497996550963	-6.54440030445145
84524	-0.407653885292922	7.29905330012277	-4.59329967392542	1.09930997202511e-05	6.59592322743262e-05	2.8640973471585
84525	0.260313928996181	13.5839049069975	3.16205983590313	0.00199140030432609	0.0058662505398479	-2.01541973547639
8453	-0.249216519926103	10.1747434191524	-3.67369583138536	0.000360735846113361	0.00132843427949013	-0.433116236906268
84532	0.687255992665866	9.92550025102997	4.24181440618009	4.43123961931386e-05	0.000216286038443693	1.53986469128258
8454	-0.183175370703285	10.1086107745793	-4.05841496255047	8.91223430119822e-05	0.000399430576928363	0.87949331775908
84545	-0.0245941039864181	10.3130590358313	-0.368074035678293	0.713477100513837	0.786615169546755	-6.72534178911595
84548	0.222785166048085	8.64934518523969	3.26789345445617	0.00141929645405967	0.00437276714305589	-1.70414087502532
84549	-0.154524379588003	9.13678625427907	-2.23488338126053	0.0273062557596905	0.0546787085030409	-4.35714224124125
8455	0.126293232746079	7.66487090435343	1.69906597608086	0.0919402599544652	0.152617875245957	-5.37259861636403
84557	-0.0859845550619025	10.3481193475596	-0.97908371940645	0.329540564764747	0.431311212954652	-6.31732462675178
84569	-0.233483789454166	6.29483434497434	-1.77781234727008	0.0780090751016464	0.133103689390539	-5.23969304400884
84572	-0.173378749546819	9.66417680483028	-1.68335453345363	0.0949488830237741	0.156712189973505	-5.398430776398
8458	-0.29365335492814	7.89011004717461	-2.76295852880474	0.0066461481549945	0.0163823287855131	-3.11026377300107
8459	0.203568085449968	10.5536170700066	2.52662383638155	0.0128397013804877	0.0290183878814001	-3.69752588167772
8460	0.526585256503877	7.73695880868952	4.60752273605348	1.03749840691325e-05	6.28957709033675e-05	2.91924104512054
84617	-0.426098255633003	9.69646301338265	-3.23801218711117	0.00156295471707245	0.00476032668252893	-1.79289564523999
84619	-0.0658901109809775	9.33395113304083	-1.3292707516937	0.18632153447869	0.271383508163284	-5.91940002088575
84626	-0.282162643243305	8.10459640945338	-4.6198922090975	9.86486202178827e-06	6.025214756604e-05	2.96729397615211
84632	1.15586935411581	7.53240048146708	7.74821981311593	3.58431308306614e-12	2.00191479716642e-10	17.3094081414845
84641	-0.145357234384376	9.03618386953167	-2.33878051992903	0.021028134097387	0.0440731762609532	-4.13065622479843
84656	-0.0706554815081772	8.76207187849842	-1.33847406593517	0.183313738089957	0.267568735929147	-5.90735647325049
84661	-0.242215601990043	11.1930219125294	-4.37153587586305	2.67090728768899e-05	0.000140699580333617	2.01982601870683
84668	-0.00399926502683077	5.91693771108764	-0.0687922764569277	0.945271338346193	0.963619212804647	-6.79041622224241
84669	-0.119367577322137	5.32599963331834	-1.22981838429597	0.221210114742192	0.312768837345173	-6.04439105220128
8467	-0.132779104594965	10.2794795622402	-1.58148067321901	0.116443437609242	0.184186670749203	-5.56036675063261
84671	-0.23164520184265	5.78516981818068	-3.52641403064404	0.000600708177681041	0.00206743731151892	-0.908334881754267
84678	0.24059855013358	10.0169046708663	4.22257747565202	4.77271633377745e-05	0.000230643222080866	1.46958660353426
84679	-0.372255261733805	7.94701800183283	-5.27293896888979	6.15230428506239e-07	5.46430466608767e-06	5.624064826686
84681	-0.0446577450244934	9.38451769891677	-0.547289681107118	0.585212767903484	0.676347763100991	-6.64379572245733
84690	-0.381570814055978	7.26459210488699	-2.10387898263355	0.0375112867933826	0.0716440217803477	-4.62921873168702
84693	-0.0770101726816698	10.0026901483368	-1.34788856558356	0.18027477196574	0.264259080782089	-5.8949531989272
84695	0.288080422776791	6.20439918964533	2.33512926330839	0.0212250753334243	0.044429579892064	-4.13877478907325
847	0.911582868459338	10.4451349020592	5.4318723755892	3.03479100909347e-07	2.96752519694398e-06	6.30385932951622
8470	1.65436493953673	8.0542230808516	8.82038586694387	1.2098765805366e-14	1.73886062672549e-12	22.8598986856238
84701	2.22933556379236	7.43828295378216	9.00170308705657	4.55129486121081e-15	8.72909507513165e-13	23.8141481988148
84705	-0.164410989522724	9.33607870682192	-2.00588281282094	0.0471549141427768	0.0869030769342563	-4.8227751831845
84706	-1.09249004003698	10.3174394888134	-8.98348726931359	5.02179183255396e-15	9.21777789708794e-13	23.7181260225267
84707	-0.391087618110175	10.3827233484476	-4.63793791396675	9.16392589966573e-06	5.64344975447081e-05	3.03755708960272
84708	0.0126357406797906	6.097543948092	0.126045332386118	0.899910431451943	0.929157520474132	-6.78486133052471
84717	-0.0274392594635053	6.212094624045	-0.222838543011007	0.824046227689002	0.873447752286723	-6.76804828840643
84720	-0.376345946194097	8.79279058495506	-4.93208233306068	2.68979128729382e-06	1.95406121662682e-05	4.20880126954655
84722	-0.299486267839783	7.10264311785091	-2.30214734343833	0.0230790545943186	0.0476225308391386	-4.21158601756174
84727	0.260944851941538	7.09443983825811	1.78932031413218	0.0761270564767594	0.130431339244562	-5.21979229335164
8473	0.0695985990584634	10.1519050701175	1.03781795604794	0.301475615390226	0.400802926625344	-6.25883962803759
84749	-0.240825618562851	6.15664310965305	-2.81862663896775	0.00565693738558278	0.0143025108065239	-2.96521737596028
84759	-0.0518215678486794	8.22391510596205	-0.694197308330264	0.488922172803466	0.587780449590757	-6.55326904953361
8476	0.111511102276372	5.8758995658761	1.10399101343875	0.271841977877025	0.368281898846026	-6.18894395630316
84765	-0.060674633647393	9.72745072695464	-0.437906278826302	0.662254315491421	0.742933674583613	-6.6973510676251
84769	-0.436607405844026	5.93580528838312	-4.27837029836233	3.84589877886696e-05	0.000191253003693204	1.67405694396593
8479	-0.0780979696702789	8.87943657705057	-1.5000568677064	0.136269058612015	0.209449650936965	-5.68282894501619
84790	-0.360215836963052	13.2392111567703	-5.21028940328712	8.10256510454877e-07	6.89971007871885e-06	5.35948920930761
84795	0.143906630012852	7.01407310160618	0.985960488415079	0.326168732531785	0.427847186074725	-6.31065012351111
8480	-0.200797111295976	9.54903651217082	-3.54801144346539	0.000557927506413034	0.0019387804808463	-0.839624373352263
84803	-0.067344042745328	7.44047694589239	-0.377752236110277	0.706292901275846	0.780674342906261	-6.72175127048267
8481	-0.166282942376152	8.88596844350784	-2.06126582894416	0.0414734314790021	0.0780342924866873	-4.7144404857552
84811	0.0559983210914428	7.67518628866559	0.909834555360461	0.364763424998702	0.4664002926454	-6.38197284587976
84816	-0.264525096390263	8.51183001182116	-2.9170636296507	0.00423062015032288	0.011100674219081	-2.70257791977142
84817	-0.0471705680242278	11.7320014684396	-0.786572606494102	0.433108052447534	0.535229280852279	-6.48546720448802
84818	0.165226472154753	5.54669101202122	1.92305357182325	0.0568816416365862	0.101984449732625	-4.97964950613793
8482	-0.477263519498349	8.47215808256787	-4.50354795461366	1.57978332674867e-05	9.02421181116462e-05	2.51886419060227
84823	-0.37743954544242	10.3506716517391	-3.73937908156675	0.000286037468975373	0.00109180660523871	-0.216213727073111
84826	-0.117805703225211	6.17092717587642	-1.4515952503711	0.149266220403244	0.22622733587721	-5.7527593310931
84836	0.0583353837200086	5.56723561055708	0.661587974982512	0.5095244292683	0.606611672781227	-6.57520045415449
84839	0.0245418951587612	9.78315463603751	0.186176508717346	0.852625847444779	0.89371203780409	-6.77551348776692
84842	-0.0747268752295631	6.30072712587727	-0.590307380429027	0.556112770826763	0.649375775752438	-6.61949197044817
84844	-0.406308376450737	10.4306580832923	-3.855508418885	0.000188498586610952	0.000761368374281889	0.174623172533077
84851	0.104879003508979	6.63009671766035	0.910770130300279	0.364272212169513	0.466060791902134	-6.38113055575403
84858	0.589888525958658	7.19461100516559	4.83352147027154	4.0765452315811e-06	2.79189912060081e-05	3.81098840298716
84859	-0.109563608596831	7.07796481387898	-1.25088670724996	0.213448965878788	0.303457565948156	-6.01870159836498
84861	0.225470392941734	9.44415055776999	3.02249716983618	0.00307514656912483	0.00849806311842458	-2.41265700300198
84864	0.13567593781239	8.40619758016447	1.04554282065689	0.297908024829521	0.396954393465373	-6.25089862406804
84868	1.90636526566199	9.21210623050073	5.5533551354142	1.7547578652466e-07	1.86782216068774e-06	6.83153432234784
84869	0.0539179171610043	8.07111608573094	0.90514385975303	0.367232534545317	0.468976613380383	-6.38618297175669
8487	-0.0379197659173821	7.89398001517197	-0.438449092402973	0.661861977833266	0.742796187079182	-6.69711455240686
84870	1.21415343408252	9.68649272121222	7.55414690656272	9.82954594923143e-12	4.56135109778941e-10	16.3267030031644
84872	0.0479774054249905	7.71304491708092	0.82932460868793	0.408594322402565	0.511129653649128	-6.45125454400929
84875	0.587415052218888	6.90474317568871	4.77764189309192	5.14871525813172e-06	3.43694096977013e-05	3.58781740131078
84879	0.123217537178826	8.0610825960524	0.98683559753078	0.325741281691986	0.427439583050353	-6.30979745849381
84881	-0.252972408726894	10.131724587736	-4.0057287212443	0.000108524075545163	0.000473288734954088	0.693827581454586
84885	-0.101080506955748	8.37922815930687	-1.47962882447207	0.141635665403532	0.216294700261287	-5.71257639899881
84886	0.309846918528554	8.94911847177625	3.73400681129688	0.000291548200763391	0.00110925294256362	-0.234067943013336
84888	0.0201027739793188	11.5451616343637	0.390412422095802	0.696935106126163	0.772709258604309	-6.71691414008697
84890	0.256471995084986	9.36607878245618	4.93455451106811	2.66171498485288e-06	1.93878005069531e-05	4.21884725595919
84892	0.631457863472083	7.15462430078156	6.60537276009736	1.19553056266562e-09	2.58510011717749e-08	11.6584219777598
84893	-0.0234400481266465	9.3916427758692	-0.424907147134985	0.671677733702913	0.750835048649087	-6.70292781674985
84895	-0.242778162598119	6.22848947886775	-2.71344706101391	0.00765565396954073	0.0185065006487348	-3.23713482504951
84896	0.00102990973900743	10.5807126943106	0.01160743085384	0.990758408979115	0.99388686642792	-6.79270587109391
84897	0.101770576394023	5.36711561326295	1.7260314516945	0.0869577025591443	0.145812144364298	-5.32773093884502
84898	-0.936782900691632	9.35062071918718	-5.95611206213282	2.72967468837895e-08	3.70302115981896e-07	8.62783622339762
84899	-0.21529687029486	7.27930264526827	-2.29315174762983	0.0236088219696534	0.0485338151989391	-4.23128071856698
84900	-0.0608727823347831	8.11658669919273	-0.265202140637556	0.791316219776903	0.847985466444891	-6.75775704058552
84901	-0.701814044363955	9.26327036260575	-7.02682334006151	1.45943615856276e-10	4.25969705644114e-09	13.701432804879
84908	-0.28161759275265	9.95582769246652	-4.57758829681882	1.17172794343879e-05	6.95292587126754e-05	2.80332065822563
84909	0.230362482650343	7.02322575438562	3.06734475800626	0.00267844809508827	0.00757151994025638	-2.28666757960659
8491	0.235248766190586	8.35057274687556	2.6802138203384	0.00840930557745257	0.0200695937791847	-3.32115956417165
84910	-0.317658074016297	6.47751941887545	-3.15834004816725	0.00201495850612113	0.00592930433222676	-2.02620393728838
84912	-0.0277707015520111	8.83803074137918	-0.273479996433523	0.784962094585285	0.844133172929886	-6.75553770573022
84916	-0.303861944249744	9.6027409689163	-4.15187568737086	6.25804276158977e-05	0.000292703472314448	1.21331515564328
84919	0.35724395805256	8.66780803646293	1.45281039963855	0.148929005172038	0.225965022542438	-5.75103291736192
84920	-0.239416355244026	6.26113057232374	-3.54330464123676	0.000566998458373287	0.00196616593877555	-0.854627499646732
84922	0.0689241563706821	7.38451033883052	1.12830504137693	0.26147865281191	0.357053012436167	-6.16219938220157
84923	-0.0871281508899444	10.3805739277035	-1.58311676989186	0.116069936239298	0.183736618117401	-5.55784243774586
84925	-0.132404643062491	11.9919170490632	-2.08787810169516	0.0389590552526418	0.0738585715829289	-4.6614085316464
84926	0.049096576276596	7.87067823685681	0.545932437283457	0.586142443452037	0.676853988943635	-6.6445327735505
84928	-0.231079284580212	9.78840940715818	-3.33438979318962	0.00114267857766156	0.00360277876021369	-1.50420306127288
84929	-0.253467000641866	6.82827359579367	-2.05304436707908	0.0422778265339614	0.0793125811026833	-4.73069606776615
8493	0.160460244821535	9.48407132407901	3.05356624498918	0.00279497683831066	0.00784454933212575	-2.32554354276599
84932	0.225795277467587	10.8217277549261	4.72121127923208	6.50700375722324e-06	4.20562214668732e-05	3.36421687965762
84933	-0.0229443589921534	10.7938027491839	-0.588398230481501	0.5573889454456	0.650562765208515	-6.62060933885341
84934	-0.363649052349592	7.48959261919037	-5.48596170695396	2.37984727567324e-07	2.42087912525382e-06	6.53795669457379
84936	-0.112653316864316	8.81130321290096	-1.6566112456332	0.100253336675358	0.163589996234386	-5.44187509769114
84938	-0.190840783482048	9.37853222705096	-2.97520162807089	0.0035517540785417	0.00959682325441753	-2.54380358233132
84939	0.176889113147156	8.69615034458587	2.31647005617254	0.0222571276467869	0.0462035371607087	-4.18008306035061
84940	-0.164607605067639	9.62987072837938	-1.15887868964839	0.24884418934592	0.343090135870022	-6.12776070208906
84942	0.0949029987260243	5.72359633851193	0.799488225984322	0.425612905358642	0.52809229523056	-6.47532010945395
84945	0.432570752990647	5.64594468895652	3.59386039959176	0.000476448104777946	0.00169778315162461	-0.69264270332812
84946	-0.14246001403744	9.8624242680781	-2.11618318412061	0.0364297575720481	0.0700115862133823	-4.60431084382276
84948	0.092244194884057	8.44971649263133	1.77965322559818	0.0777054641974767	0.132667865703009	-5.23651777913813
8495	-0.533429824929139	9.03618754702179	-4.43598300355315	2.06946245690975e-05	0.000112967234943156	2.26213500509764
84950	-0.386159423795693	7.998033250428	-5.41184850767213	3.31948415461406e-07	3.19196031631107e-06	6.21754553714378
84951	0.30206603748374	4.86465711191914	5.09994439637152	1.31000914500069e-06	1.05773954425276e-05	4.89829311482066
84952	0.482833105340109	10.0870934523885	5.60164763217982	1.4088510362277e-07	1.55368618948476e-06	7.04318123754832
84954	0.0362896389891793	6.11054071204528	0.445938344792504	0.656458492616998	0.73803554498658	-6.69382152025557
84959	0.110823621746025	9.16062899713389	1.08325267461765	0.28090356122078	0.37824258560547	-6.21130446877529
8496	0.355316340090127	8.05134103983672	4.69739002159359	7.17932716289134e-06	4.55812777597867e-05	3.2703676979245
84961	-0.360551190862759	8.75488519132753	-4.86223111795516	3.61341026762588e-06	2.51871466756031e-05	3.9263195660361
84964	-0.0469659799074943	7.88985913117595	-0.764997631230135	0.445799376674953	0.547554327336077	-6.50205269601907
84967	-0.389732285400503	8.76106997373785	-5.00847810171329	1.94212616046045e-06	1.48262126482471e-05	4.52075408801117
84969	0.118476355188962	7.73481879135262	1.48228898595351	0.14092764545646	0.215527189681607	-5.7087248941852
84971	-0.021510384847796	6.12176794757643	-0.272488673971707	0.785722283593408	0.844586334199741	-6.75580707483415
84975	0.114496417432705	9.08286492740214	1.81282139690429	0.0724001099686852	0.124926866166981	-5.17877449435407
84976	0.315280410220137	8.54051028732323	3.18631567526684	0.00184395229952774	0.00547092169328274	-1.94483685933408
8498	0.000444207291872388	9.32446793198937	0.00799527129779649	0.993634258283816	0.995321243442193	-6.7927411345619
84987	0.133808387772891	8.49607373981508	1.78303090647705	0.077150927674771	0.131993923486663	-5.2306836451669
84988	0.141194787092614	7.06827367204819	1.73805817806785	0.0848077646838495	0.142556045601395	-5.30750328001052
84991	0.399951434262722	9.02122879370874	6.73874844415463	6.17949933463133e-10	1.45182999921887e-08	12.2990974481192
84993	0.0484439168173581	8.27984571183199	0.783312870497123	0.435011883638885	0.537019602280255	-6.48800235919105
8500	0.143436532395239	10.3573975896325	2.42211362000826	0.0169510226526882	0.0368150764195024	-3.94223631362151
85004	0.948794776088254	9.2242214744342	9.53736480837138	2.49023299406093e-16	7.91127866574742e-14	26.6506790705791
85007	0.335665670711307	6.99764606216967	3.58587630698417	0.000489777209805959	0.00173823074294258	-0.718346735932786
85012	0.831011575203364	8.74691401896039	6.84132461241756	3.70641918332079e-10	9.27727953158475e-09	12.7956093959703
85014	-0.195590026862672	10.3983751243138	-2.575146629691	0.0112543849046827	0.0258872791179836	-3.58076076684958
85021	0.0473776321071028	6.14223138748732	0.835460517484647	0.405145967899378	0.508124156521237	-6.44619738148952
85025	0.118827205759432	9.83842077455085	2.18266846451659	0.0310397294074358	0.061044801167957	-4.46740028598686
85027	0.204546792869549	6.66940438174487	1.93027479139537	0.0559711725903501	0.100679853135081	-4.96621948825949
8504	0.483747331486823	6.32699196414957	2.38328813268561	0.0187540070459292	0.0400072567663676	-4.03076695578624
8507	0.820652995728263	7.65286376736344	7.34358011020592	2.90986589731785e-11	1.10505144813693e-09	15.2700734485945
8508	-0.119806249439288	9.17104299579615	-1.75023778119491	0.0826750718032542	0.139565929510501	-5.28688261247229
8509	0.0224227338570584	7.63503087661956	0.338752038179564	0.735398245820275	0.805104436716619	-6.73565236638414
8518	-0.0700921032212121	5.79265386057346	-1.12157371652861	0.264319651691737	0.360336742527438	-6.16966068286253
8519	0.264026698975734	9.22702694114774	1.59658602494404	0.113031188451046	0.179926308846722	-5.53696590739998
8520	0.175397071609349	10.5517951360152	2.09746038333115	0.0380863798861609	0.0724800475025202	-4.64215873170943
8521	-0.166900834467902	12.2691945330149	-2.40458979730638	0.0177448026304141	0.0382494962753707	-3.98235486887649
85236	-0.107418104277551	12.9336915266308	-1.67703978564614	0.0961804006194952	0.158099524202394	-5.40874884820868
8525	-0.426652023799261	6.83810873291621	-3.61682534330382	0.000439993606557384	0.00158359354691241	-0.618454534556157
8527	0.450789582583072	7.5433199746968	4.1719958355274	5.79539972844048e-05	0.000274012603073373	1.28591895950938
8531	0.0566118978244685	12.0063701066434	1.09778349275447	0.274532834264904	0.371014596045175	-6.19568059422731
85315	0.738101097723798	8.14968647078282	6.48515300890636	2.15689306563961e-09	4.14324109818213e-08	11.085914259386
8532	0.644899150185823	8.73163457983655	5.22368388253509	7.64051800108659e-07	6.58088411772422e-06	5.41589131346601
8533	-0.269461352147809	11.0906085318103	-5.22650214688499	7.54662626364019e-07	6.51359800811577e-06	5.42777001051594
8535	0.335021347999377	9.23461895039874	5.24818843917927	6.86083655407042e-07	6.00323198481161e-06	5.51930785981119
85360	-0.264493661988137	10.4630605157901	-2.39373216582012	0.0182530170015365	0.0390696865593914	-4.00707968225302
85363	0.0370182073278947	8.62806856002897	0.407875705013386	0.68410361311918	0.76237126880254	-6.70998092073204
85365	-0.0954426403783814	6.07850999723362	-1.51196355510006	0.133215198153973	0.205520645639113	-5.66530932632646
85369	-0.118131853124515	7.44224687531957	-1.98854101259767	0.049065016263359	0.0897226110992573	-4.85613160665238
85377	-0.0194466023570754	7.99311609220685	-0.2811015132498	0.779124573142915	0.839823694918502	-6.75343410632724
85378	-0.157380878272316	7.68266528987245	-2.2184919271169	0.0284336362425694	0.0565795797069678	-4.39201278755937
8539	-0.22789352246406	9.73588784664656	-5.74892795240676	7.1682962925345e-08	8.4862097086489e-07	7.69507009861378
85395	-0.407450718419966	7.43092411810907	-4.59323774964698	1.09958671721243e-05	6.59592322743262e-05	2.86385752080073
8540	-0.171233809636337	8.69961996181986	-2.71002719503891	0.00773027619036474	0.0186538362057881	-3.24582353848171
85409	1.23211200904851	6.56468134558596	6.79278575117874	4.72248864976404e-10	1.16094512640033e-08	12.5602601126579
8543	0.134562127211384	11.8984121746554	1.77259724314168	0.0788745019449986	0.134262316381093	-5.24867148798677
85437	0.270788215203341	7.4100435282207	3.80204589450851	0.000228640925156247	0.000894634790047654	-0.0064632755792946
8544	0.313155131604598	9.37615365469821	3.25066223536028	0.00150055734146156	0.00459229479083828	-1.75540480232312
85440	0.0891695594589589	9.63674818072737	1.86499650500426	0.0646646995820359	0.113668954787746	-5.08590430496131
85444	-0.284165345332073	7.57593275507406	-2.49919532563669	0.013821822821216	0.0308654844171457	-3.76264918893205
8545	-0.0415467188599824	10.4012808407001	-0.701785603767246	0.48419397930613	0.58377496264321	-6.54801545799899
85450	0.356527991099223	10.6142045847484	2.61952133228734	0.00996109973006644	0.0232754409534226	-3.47224414424843
85456	0.246701466063165	7.17894663850156	2.36957534041711	0.0194302738406512	0.0412475101320429	-4.06172514275652
85457	-0.00689318764732813	9.54733875037247	-0.12680234685886	0.899312536582852	0.929120894580908	-6.78476601883593
8546	0.0396722869889817	11.1391433774173	0.891315071500737	0.374572992125106	0.476582396018697	-6.39847007397757
85460	0.158004326828709	9.55128654455138	3.16857220351996	0.00195077153315973	0.0057650707920928	-1.99651371861894
85461	-0.0882640177416129	8.37342367345033	-1.08870064987341	0.278503201032611	0.375581459678264	-6.20547058149294
85462	-0.335431804632289	10.1694670728625	-4.76745054556784	5.37176212974268e-06	3.55820009556331e-05	3.54730283506651
85465	-0.142389462074414	7.17771643861098	-1.61599291702107	0.108764890551035	0.174310825756995	-5.50658880858017
8547	1.01762899600059	7.687650535097	6.0795547518184	1.52347812258108e-08	2.25115014177454e-07	9.19192207395263
85476	0.188177689518816	9.81150222314767	3.94559264316587	0.000135597276549423	0.000570572340447394	0.484158913730795
85477	0.366089959125448	8.79083596155737	3.21606832542575	0.00167696660335808	0.00506092223008321	-1.85764083472878
8549	0.448368493486103	6.11457969224729	3.82871376431776	0.000207696567650992	0.000824398677941946	0.0836199425381956
8550	0.0726228892713889	9.72518632876234	1.48107368783952	0.141250762636217	0.215861479995403	-5.71048528563258
8553	-0.0130213533878181	10.3120093427468	-0.0685661362203384	0.945450962780808	0.963650660484881	-6.79043169109374
8554	0.221895872914841	8.6082859511305	2.84450085594727	0.0052446187464718	0.0133870676285096	-2.89694142974334
8558	0.152115074871535	8.83543136043116	1.76538947129529	0.080083610575789	0.135997249867602	-5.26103940950416
8559	0.213692307478571	8.53396891781551	3.10199079590285	0.00240501461564208	0.00691452165861593	-2.18825731258387
8560	0.440709735362094	11.8931262058135	6.56610829737108	1.45037159514146e-09	3.01006768237901e-08	11.470908623518
8562	0.101739403966754	11.2741447495231	1.76477426930981	0.0801875138495143	0.136117727989517	-5.26209283125273
8563	-0.349736989070596	8.49171545864133	-4.40763338266049	2.31592633853581e-05	0.000124460322422289	2.15523406758892
8564	0.126693096630118	9.13797874360759	0.797786927183531	0.426595790146198	0.528922429691924	-6.47666607539316
8565	-0.194322022019995	10.5766958270957	-2.89087592952445	0.00457374312582016	0.0118802258551178	-2.77321238907676
8566	0.0296247760684123	9.88792633443757	0.542935472513921	0.588197737367332	0.678468553366033	-6.64615382561574
8567	0.118972837694118	6.98127797965534	2.00544403090561	0.0472024509666791	0.086951883359672	-4.82362250091171
8568	-0.376195476897452	6.44012251605927	-3.51759379740262	0.000619053473289656	0.00212539938269044	-0.936298446491315
8569	0.58746809245902	8.17421543566993	5.89878315273664	3.57168836730049e-08	4.65333531765017e-07	8.3679485531774
857	0.484290788033728	11.8187670060196	5.49922446556463	2.24168694689644e-07	2.30302663947321e-06	6.59556600430235
8570	-0.326170339790646	9.91323608934168	-3.88747855883743	0.000167800153588831	0.000688197253547043	0.283845371200246
8574	-0.178300589288592	11.3210204016004	-2.68471507635631	0.00830343742535973	0.0198513438881248	-3.30983241135099
8575	-0.0428681608642562	9.973978368417	-0.922440969832643	0.358179806006828	0.459475880977853	-6.37055168425498
8576	0.0828322492559176	5.30113114614902	1.43127055831968	0.154994381870181	0.233665558358769	-5.78142882744645
858	0.623150052397598	9.3116759013398	6.22713841631282	7.53026962235928e-09	1.20309530136727e-07	9.87409365235917
85865	0.030930893720949	5.48171728123244	0.478765333588162	0.632991039716323	0.717117814848008	-6.67873184679139
86	-0.123053763259715	10.3000469911711	-2.44095981209595	0.0161327100995224	0.0353090051462784	-3.89879654636894
8601	1.47952689503842	6.69721306262862	8.37722846922654	1.29855044822877e-13	1.35772489903414e-11	20.544192338232
8602	-0.204811909314659	7.78602918335073	-2.62995503158191	0.00967718246229365	0.0227083883916323	-3.44648955140685
8603	0.0905126427499076	8.17277612407552	1.6333809223996	0.105052892469123	0.169645531142708	-5.47907381669124
8604	0.266233017671693	6.559425386606	4.16944712282814	5.8521368293877e-05	0.000276220858347099	1.27670752900472
8607	-0.0625078297907672	7.39799452016269	-0.416864990292632	0.67753410698997	0.756274557261777	-6.70629409794429
861	0.463718372914699	6.27137061041672	4.87800905040362	3.38107535722004e-06	2.38494299322267e-05	3.9898943619957
8611	0.39277801481257	8.04152833386688	3.49746727101735	0.000662910510063648	0.00225520626570253	-0.999895366046748
8612	-0.457725642694431	6.03283455138967	-3.82374348025976	0.000211456380142394	0.000837287505191666	0.0667933858403522
8613	1.10186950876907	12.4324658710701	6.47174255405085	2.30297805775581e-09	4.38308727121267e-08	11.0223528456321
8615	-0.112972910619992	11.6033379285513	-2.5559169368053	0.0118602999450294	0.0271223913471602	-3.62727257292886
862	-0.81323460070267	7.16574335710425	-4.51303774148325	1.5206830013919e-05	8.72280666076189e-05	2.55514174343172
8621	-0.114199172832178	8.43225711972891	-2.61286086024674	0.0101462491766708	0.0236505036318351	-3.488637303419
8623	-0.184802128249739	8.46554606180472	-2.33523350578719	0.021219430223652	0.044429579892064	-4.13854316621536
8624	-0.263232591896911	10.5831892884876	-3.59502106585886	0.000474539189096736	0.00169244114936919	-0.688902239201973
8625	0.17370800552559	8.43027866959421	2.26943722007241	0.0250569493666072	0.0510156277466541	-4.28286272717684
8626	0.00849904273223962	9.93671108666373	0.103955885959955	0.917380739403155	0.943421925730834	-6.78739125638281
8630	0.335714459624611	7.03331388429483	3.82540048618901	0.000210195789372761	0.000833117668051347	0.0724011804588276
8634	-0.040676077360647	10.1506235331024	-0.886906705118898	0.376932178754317	0.47869923070582	-6.40234775518618
8635	0.463006382674993	10.1894529636082	4.14658314381525	6.38550086443969e-05	0.000297485827074291	1.19426016931565
8636	-0.149687271985318	8.52120731883801	-2.71043943196622	0.00772124623359535	0.0186429388744512	-3.24477669685092
8645	0.0807214456843736	7.59751924144637	0.895520425231503	0.372331087094347	0.473948956603376	-6.39475329101244
8648	0.249096311587396	8.90408591093433	3.21806938896363	0.00166625729453387	0.00503227979994506	-1.85175196650563
8649	0.0398323603092272	10.7265320297662	0.880359330112561	0.380453164215917	0.482059079064806	-6.40807193866983
865	-0.045023428288023	8.88294209562159	-0.799520620217368	0.425594203360978	0.52809229523056	-6.47529445355844
8650	0.308790695195906	10.7003227364417	6.84273231777342	3.68043091286559e-10	9.24588258368558e-09	12.8024455098219
8651	-0.0199652811801409	7.77985171812522	-0.290413178618716	0.772009641454848	0.833895598066829	-6.75078564744802
8655	-0.0674882257690573	13.0246149850388	-1.69287771087832	0.0931158762423887	0.154197501556161	-5.38280040081502
8659	0.193751707641205	9.50992744524604	2.10427055953023	0.0374764458170912	0.07160662559546	-4.62842812024609
8660	0.0621106767547124	9.39075777143002	0.438253783649957	0.662003133301706	0.742853672201072	-6.69719968614596
8661	-0.0575248411836697	11.207558198862	-0.89911836477988	0.370419699078406	0.471806740846204	-6.39155965680386
8662	-0.212174456762365	11.9675596241275	-3.48027450724106	0.000702675479618498	0.00236902018842808	-1.05398792152086
8664	-0.236804821591741	10.4510291505136	-2.59282133931627	0.0107221725353835	0.0248151149179792	-3.53773581802783
8665	-0.0670653373391143	11.6653497585423	-1.08170868271801	0.281586418517685	0.378975394430862	-6.21295261433692
8666	0.00471097080504897	11.2873256563333	0.0671864318496356	0.946546930059195	0.964410712012945	-6.79052496484862
8667	-0.104706205961803	11.0921956628109	-1.77019839426847	0.0792752297316766	0.13473526699252	-5.25279301008035
8668	-0.100971811893812	11.0412448818284	-1.54993876561033	0.123832648593772	0.193613037551497	-5.60854317712041
8669	-0.0051818274026652	9.44635876289261	-0.100151844411057	0.920393640143246	0.945302068711432	-6.7877778978537
867	-0.0109844619054015	8.08272082910945	-0.111000930199669	0.91180408433826	0.938387956221533	-6.78663714688661
8671	-0.477097878442105	6.55983360438796	-3.42465292032896	0.000847247170156311	0.00278704166686226	-1.22750103239048
8672	-0.0862344517150128	8.18710884416475	-1.21767363592968	0.225776038852344	0.317513857705917	-6.05900643871573
8673	0.219465639784763	12.0886331533237	2.39103157999143	0.0183814108892786	0.0393037675240594	-4.01321366473412
8675	0.0539838753911795	10.3863366054478	0.929845829006077	0.354348186394181	0.455551131457733	-6.36377082252641
8676	0.0106410787784229	9.53350293846077	0.116225881928083	0.907670985966716	0.934949787265878	-6.78604594434468
8677	0.0329601431734901	8.01497537496082	0.543549761067442	0.587776188543081	0.678350725072734	-6.64582228159525
8678	-0.108881735219621	8.73418526017792	-1.57340378239682	0.118301327446903	0.186518221933846	-5.57279183478124
868	-0.510498996214189	11.1084388358629	-4.67961935294137	7.72420832660312e-06	4.8703786853238e-05	3.20056661759281
8682	0.284816111690843	11.0193495270183	4.6991505218805	7.12741968022764e-06	4.53563070559941e-05	3.27729254188588
8683	-0.114827603976711	12.1472607666835	-2.47707087110147	0.0146624059387073	0.032513147128516	-3.81471375242765
8690	-0.115101414747651	5.89607096735764	-1.26982105116987	0.20664541281933	0.295818349376897	-5.99525181933552
8692	0.498836362793975	7.52801407998379	4.77662864622237	5.17048267861235e-06	3.44698845240823e-05	3.58378675011118
8694	0.087012833449103	6.88136963791276	1.1951385229024	0.234428042641017	0.327035235976152	-6.08575118157562
8697	0.0603798123650269	10.1699648098106	1.20687778679243	0.229891699812353	0.322012114710875	-6.07187978665868
87	-0.485973139396464	10.1911777081274	-4.79049890922858	4.88011090136474e-06	3.27189253614227e-05	3.63901183053867
8702	-0.248008868513217	9.84732427556196	-3.20767929089941	0.00172256478721421	0.00518149495352855	-1.88229529426068
8703	-0.263662229636126	10.4356832550121	-4.38442532669487	2.53852260985881e-05	0.000134757048569626	2.0680851267737
8704	-0.249980657738988	5.50226551370652	-2.98997020739667	0.00339607773043466	0.00926101091231109	-2.50304187065525
8706	0.206980505994427	9.16186491780433	2.79053081961684	0.0061380273265736	0.0153033823475695	-3.0387388991198
8717	0.0523573036082036	7.69023745484926	0.666085814408621	0.506655624109169	0.603892562069514	-6.57223767100774
87178	-0.0105308107953002	13.4495883901288	-0.13738686668769	0.890959029997323	0.92279894517591	-6.78337361987268
8720	0.106675144292666	10.0286155986013	1.8303730926735	0.0697164255448255	0.120953092837693	-5.14781058156851
8721	-0.471648171304798	11.9400342472441	-6.15995262473059	1.03884544048588e-08	1.59702418242363e-07	9.56251593434613
8722	0.709995572030798	7.68212267360616	4.9737301429626	2.25303940530242e-06	1.67809787987358e-05	4.37847945188217
8723	0.359729844824021	10.1876578433321	6.15058519507506	1.08637123218001e-08	1.65867400698833e-07	9.51920925945041
8724	0.149999640547302	12.8762163206423	3.92247655840916	0.000147628908035732	0.000614314750818714	0.404207148318558
8727	0.0435747796203085	10.1909968255707	0.669560146678369	0.504445531443507	0.601953205680925	-6.5699354471151
8728	-0.447502649565857	11.7856021193082	-3.84945243803014	0.000192683903153814	0.00077476350685254	0.154012140796575
8729	-0.173712522899523	7.47418901441447	-2.39684452725757	0.0181060328903301	0.0388860716781401	-4.0000026296811
873	-0.567958787166885	7.2079211048497	-4.09013647067188	7.90913130053053e-05	0.000357381972332507	0.992158966914639
8731	-0.12352520278956	9.66923723454727	-2.04244919539481	0.0433341495132007	0.0809086968759126	-4.75155584039205
8732	-0.105163456361898	10.0909225893285	-1.65431799639191	0.100719121261872	0.164220280620423	-5.44556958095629
8733	-0.188568283393252	9.37888079965818	-1.95631082197991	0.0527899002231002	0.0957287762552816	-4.91740596707402
8736	0.67371503027918	6.70041856081199	4.20287325050158	5.14861571181167e-05	0.000247253289416072	1.39784454865216
8737	0.302789119623679	7.96203157895793	3.87936815048967	0.000172835959068552	0.000706262783004988	0.256071276136449
8738	0.082902935281516	8.61498238957753	1.40459827883564	0.162766150838775	0.243339077996068	-5.81845967599874
874	0.663012539039171	5.93923699536695	6.39122181278327	3.40908646132321e-09	6.10825470076567e-08	10.6420137561518
8742	1.25947148092199	6.85781454229701	7.98842144165916	1.0178043824418e-12	7.18552495638397e-11	18.5363414630076
8743	0.337039723339888	8.59051447880593	1.33506841498692	0.18442248687211	0.268937820845058	-5.91182253561418
8751	0.213139231557491	10.8916313330223	2.02929870444373	0.0446765718717304	0.0830023579983115	-4.77730675031436
8754	-0.0501977907625905	7.3567523674174	-0.407380079816581	0.684466534482163	0.762569945349699	-6.71018186308206
8760	-0.080907971630487	7.70364087715881	-1.56127984199996	0.121134250491115	0.190222226056389	-5.59132821744773
8761	-0.121683553672301	10.8619852673877	-1.8684272086421	0.0641812343839348	0.112867148394997	-5.07971071200072
8763	0.212878275586009	10.6908981606323	1.27413014300955	0.20511957237109	0.294147164546043	-5.98986722875016
8766	0.0203969877779548	11.3679885774565	0.427912602100214	0.669494280432486	0.74902109662364	-6.70165333556353
8767	-0.658737227505944	10.4256376406606	-6.8899135459855	2.90626101464023e-10	7.6208622161677e-09	13.0319091185197
8772	0.0424501897332613	9.59141529835476	0.943220516416405	0.34749422089294	0.448344621145842	-6.35138784754673
8773	0.49954537481252	10.0074910424607	4.16290432937854	6.00023585428768e-05	0.000282243440526288	1.25307996150215
8774	-0.365423230422484	7.221465777195	-4.34771632811285	2.93324973723873e-05	0.0001525733175667	1.93091233083997
8775	0.0276646881539935	7.13062214339606	0.377104750442563	0.706772716824615	0.781100166038443	-6.72199438294345
8776	0.0192808737001831	5.75561429790253	0.2234606319785	0.823563201503494	0.873252598373178	-6.76791007959954
8777	0.0155604061193593	8.33669745432179	0.177682735669127	0.859276630378404	0.898433540117166	-6.77705218541154
8780	0.223834387621342	10.6435792580602	3.53653861625188	0.000580281887908263	0.002005493051934	-0.876166382769962
8788	0.775541501316984	13.4433913380626	6.507356298357	1.93486354805247e-09	3.77824418603154e-08	11.1912855598361
8794	-0.0115830612951806	6.1751977180269	-0.103380459961059	0.917836415858451	0.943655563230123	-6.78745066745994
8795	-0.243036568715806	7.94554337197687	-2.10522688602584	0.0373914728503	0.0715269953088185	-4.62649668068567
8798	0.235452235028325	8.4918397931078	4.27515877793624	3.89418727296549e-05	0.000193073150508373	1.66223420888977
8799	0.168998135648394	10.3963832714923	2.41505690798728	0.0172667962496537	0.0373556147255473	-3.95842345063143
8801	-0.033860621092314	9.96181282119569	-0.532258174541603	0.595547416272703	0.684412838109605	-6.65185698571849
8802	0.024207747842634	10.6783403252746	0.430771213558147	0.667420130179978	0.747004102342361	-6.70043281518646
8803	0.0498968594408067	9.91004278639429	1.0528337719238	0.294567134656927	0.393391193575783	-6.24335066108713
8804	-0.0137363971449619	11.7629828322273	-0.103500530521789	0.917741330427616	0.943655563230123	-6.78743829774171
8805	-0.454576762032326	8.84734872155236	-4.84246478358991	3.92642108500465e-06	2.71626785277541e-05	3.84686651001903
8813	-0.0828203949531791	11.6048475930542	-1.36317919916328	0.175420019319738	0.258605989573628	-5.87462879025323
8815	-0.0682932879381975	10.9241122693354	-1.30896286291269	0.193088906064834	0.279760456778728	-5.94568982116998
8818	-0.0607137702948928	8.39508447553334	-0.953961956565184	0.342051947355024	0.443470269212447	-6.34131677211348
8819	0.135053568763933	8.03076674614764	1.40415690716116	0.16289721709386	0.243446899438264	-5.81906679875995
8824	0.289148401543648	8.91746113911816	3.33668014434294	0.00113411642788276	0.003582333343905	-1.49725720766669
8826	-0.0502590517785872	10.8715381710525	-1.04187097802667	0.299600222524667	0.398887465837161	-6.25468041146359
8828	0.599543449595529	6.92696721474255	5.91922679022714	3.24563333884959e-08	4.28942902062361e-07	8.4604710545444
8829	0.761526837208182	9.96040277967987	7.59878914002922	7.79929320201776e-12	3.73977780974985e-10	16.5520299028067
883	-0.351932968578913	6.73409333245536	-3.83289856069521	0.000204580334281115	0.000814345417620449	0.0978004365964136
8833	-0.398084216423196	9.51442290935099	-4.00380341521769	0.00010930446483607	0.00047593826017182	0.687077559830943
8834	-0.103466596746543	6.8481888467633	-1.0972735091913	0.274754719786935	0.371253719195172	-6.19623239388775
8835	0.380667463260572	11.1602185978094	4.37568605503838	2.62757230009029e-05	0.000138770762140318	2.03535349612678
8836	0.0943369101648053	12.0624782475812	1.11335002983778	0.267819670261626	0.364206532163488	-6.17871688087808
8837	0.348659949866489	9.64313315868573	3.89686428139119	0.000162146966279709	0.000667166465745491	0.316042505595059
8841	0.143468881138608	9.78200911543558	3.23357648988718	0.00158540118565124	0.00481803303660016	-1.80601279449022
88455	0.356101769636326	10.858390494961	4.2230927321223	4.76324928772938e-05	0.000230353858996749	1.47146593184836
8846	-0.183384697152787	7.68602159466777	-3.05301638643573	0.00279972302189746	0.00785253384070391	-2.3270918723064
8848	0.394911541249253	11.4962214842655	5.66132378197359	1.07260298595027e-07	1.21199735484942e-06	7.30616581319813
885	1.69268626292267	8.90519433504296	3.45557751876265	0.000763740685857337	0.00254477533891957	-1.13131173268425
8857	2.1540111514897	7.71070383192081	6.58679373609063	1.31007239078148e-09	2.77466614047564e-08	11.5696318443084
8862	0.898105646187921	6.33618308530247	6.43764812097463	2.71977762726563e-09	5.07118808153816e-08	10.8610336039418
8864	0.0223785982153088	9.47144297870242	0.28433351496008	0.776652880898667	0.838034330009535	-6.75252461352336
8867	-0.259219144479514	10.8727108336249	-3.96881121645745	0.000124457487270487	0.000530727333430162	0.564826103138907
8870	-0.371061492700973	8.81969557457039	-2.03603098588405	0.04398495620515	0.0819385968097742	-4.7641431445034
8871	-0.497001754154917	6.37866874583941	-4.22012720548158	4.81798404741068e-05	0.000232049843916106	1.46065187764769
8872	-0.127595601544356	9.22976490005117	-1.73824399842213	0.0847748915064323	0.142556045601395	-5.30718970385413
8874	0.12675034905778	10.0137284567427	2.46042392192002	0.0153246622509349	0.0337911666291303	-3.85361359802465
88745	-0.227339899132683	10.5292180934948	-4.18407748689949	5.53355076594657e-05	0.00026328991547649	1.32964044782566
8875	0.327361330563798	7.49034683616684	1.61516492313821	0.108944239353257	0.174553515812584	-5.50789201451123
8878	0.16350758586835	13.3119004516965	1.99388906821886	0.0484690644170558	0.0888689172219492	-4.84587363100265
8880	-0.131626155226727	6.75070743300009	-1.66140142606737	0.099286008006953	0.162235890432726	-5.43414224545172
8881	0.0154150217071246	11.2945792787916	0.324982039998923	0.745769811010726	0.813912456508332	-6.74019973768065
8882	-0.37852899923833	7.59806960255877	-4.35761303762298	2.82136991002265e-05	0.000147590344881489	1.96781239822053
8883	-0.157716201893641	10.9386483473058	-2.65858812212174	0.0089351797541742	0.0211656394521018	-3.37534496551359
8884	-0.429986351408321	11.7348421820301	-4.58836558787202	1.12157326290678e-05	6.70346971896525e-05	2.84499515948768
8886	-0.0295625108018433	10.0886410698726	-0.570752746547371	0.569251972771107	0.661976811923038	-6.63076636869478
8887	0.181284130815216	12.1970147641749	3.30215455865968	0.00126978575676312	0.00396388146291132	-1.60154312294519
8888	-0.277715419539482	9.05423006816175	-4.53922787519532	1.36844115163404e-05	7.96008726232193e-05	2.65553886018758
889	0.0959066661469752	8.31099831456871	1.61867071506476	0.108186481282633	0.173687140018376	-5.50236976477155
8890	-0.141749670737686	10.4863085437012	-2.84751791364606	0.00519837415538267	0.0132895606695948	-2.8889447719761
8891	-0.000713814176622702	8.42355441883978	-0.010622064162199	0.991542905969402	0.99437658406441	-6.79271677970699
8892	-0.427146122406316	10.3365859393985	-5.33574521100993	4.65967526615819e-07	4.30671456305818e-06	5.89124338399279
8893	-0.267259870187473	8.59458373015316	-3.90189770306574	0.000159190479637464	0.000656471972943312	0.333333936773431
8894	-0.083912791582057	7.32328624760406	-1.23199398304342	0.220399308133093	0.311793841762622	-6.04175793770107
8895	-0.0644541700065016	10.5051448097	-1.47122601788775	0.143890316121934	0.219406841170207	-5.7246985977445
8896	0.0631676316299718	11.1279672640234	1.07171163621132	0.286035381418004	0.38379666187666	-6.22356826889365
8897	0.266314898500505	9.55748386025126	3.63350646719018	0.000415184716543599	0.0015034746859492	-0.5643299099879
8899	-0.115922943378363	7.89990306338942	-1.33716591053655	0.183739030009171	0.268104079428403	-5.9090732518524
890	-0.575603922775772	9.74778376661527	-4.3373286906514	3.05526862359525e-05	0.000157925649755299	1.89224683373339
8904	-0.290779985567486	6.95741770808436	-3.49506307835378	0.000668340802838957	0.00226807519780188	-1.0074725217586
8905	1.28237195937939	9.67077018315094	10.3110026639691	3.6390511201706e-18	2.50488018771743e-15	30.7763527252112
8906	0.141236174027216	8.62782304002554	2.19374253475091	0.0302127781421822	0.0597027625489056	-4.44421644758599
8907	0.0703586913905842	9.71591660410637	1.52873288329397	0.129005452614093	0.200222667905375	-5.64040895363158
8908	-0.893772804654906	7.5183677941592	-6.01471755660352	2.07099511650295e-08	2.91918424271577e-07	8.89488611153516
8909	0.351548195521959	8.82646474100895	2.01395481641312	0.0462876572347592	0.085495538631286	-4.80715673901591
891	-0.72379980115231	9.62417738549923	-4.71607884125209	6.64649596909053e-06	4.27903793489382e-05	3.34396925763926
8910	0.449671305956327	11.2594465151146	5.53791562289749	1.88195748084778e-07	1.97773139844817e-06	6.76409273540142
89122	0.260653722425267	9.60614296355002	2.5959370754388	0.0106307380587004	0.024644933024099	-3.53012409776814
8914	-0.243795956032145	8.95175054896198	-2.36719657171653	0.0195497577932708	0.0414478951161234	-4.06707897661541
8915	-0.128512110802921	6.31268684373983	-1.53759370349863	0.126823696970147	0.19746724542383	-5.62714519214375
892	-0.152674071680217	9.60232521243656	-1.53448524275884	0.127585741898546	0.19831731804328	-5.63180663059015
8924	-0.145164514795685	7.8617340628236	-2.36515299817687	0.0196529236970019	0.0416025499070312	-4.07167449523268
8925	-0.120609282415363	8.55664259563162	-2.17431107673719	0.0316767739268444	0.0621054243142024	-4.48482509438223
8930	0.0912182288978542	11.0346439551583	0.7425569473064	0.459224781590963	0.560129458939952	-6.51881911974284
8932	-0.45897519328971	8.56091518790634	-5.70570723541507	8.7486062278231e-08	1.0135131478516e-06	7.50278015609794
8934	0.0729879484566481	6.2228434750991	0.90671015281577	0.366406891607986	0.468066954018244	-6.38477953422493
8935	0.173529404394926	7.65441670425753	2.72464018909723	0.00741596728168465	0.0180217386721728	-3.20862942244653
894	0.420652548668112	11.9240402225687	3.99429018161933	0.000113239833398292	0.000491261041948473	0.653760768252625
8942	-0.459422068118343	12.1784436912831	-5.181668803009	9.1830087109544e-07	7.67729270774123e-06	5.23927388947354
8943	-0.0453029578697589	9.02717234818158	-1.12024707654957	0.264882101699999	0.360924803702078	-6.17112603577423
8945	-0.0346216797128977	6.78507985154462	-0.501412842173185	0.617014249703547	0.703160448419887	-6.66769934499944
896	0.223721441618148	11.4362190308485	2.35301096855871	0.0202758782677492	0.042713275820354	-4.09890469803053
8968	-0.63426143994845	7.04576109449271	-6.50395291894701	1.96737189866283e-09	3.82176098419008e-08	11.1751231177016
8971	0.164729588632508	8.50350712856426	2.39799197054343	0.0180521092513217	0.0388005262596714	-3.99739141026081
8974	-0.122240111653141	9.21944189768936	-1.16644893231149	0.245783710192037	0.339380382177571	-6.11909445751486
8975	-0.384611123348603	7.73717415610584	-5.8458698989065	4.57241795562236e-08	5.71379308826637e-07	8.12927939815871
8976	0.278679987936158	10.8729149969593	4.15542834343303	6.17385757470601e-05	0.000289750361176544	1.22611605572512
89781	-0.206222515128179	6.408664829548	-3.23641728168967	0.00157099125840437	0.00477775691988957	-1.79761379400713
89796	-0.0478003229145344	7.23459757563071	-0.49683397161271	0.620229991845602	0.706050128534271	-6.66997084159187
89797	0.071050732578283	10.4817448649668	0.898055384385712	0.370983758941234	0.472452335623588	-6.392504503113
898	-0.811800718103594	10.9265274456489	-4.35480151602042	2.85272866533079e-05	0.000148947779871253	1.95732344942437
89845	-0.0768823370411043	6.61513419596163	-0.95999687758998	0.339018643296637	0.440228579410504	-6.33560922618089
89846	0.228690728026857	8.18527729191926	2.71557020877987	0.00760965601508071	0.0184327738077908	-3.23173577317473
89849	-0.166041221244075	6.36070531518757	-1.99177468560594	0.048703937278837	0.089206746095608	-4.84993225322804
8985	0.0577751854947708	10.5262125709926	0.768295958383314	0.443845375858228	0.545722358527681	-6.4995467120077
8986	-0.0444127373268327	9.48436141368352	-0.661673688131169	0.509469679445869	0.606611672781227	-6.57514418005113
89891	-0.337458461179536	7.62756300729503	-3.51063266283255	0.000633903390741167	0.00216813333644805	-0.958328005006312
89894	-0.616910397767202	8.43956464664835	-6.29451734360293	5.44464869966621e-09	9.14081265431766e-08	10.1882511042601
899	-0.304591188440982	8.8808941290883	-2.95077418800414	0.00382374136545115	0.0102114787192456	-2.61084332086808
8991	0.729205319780777	7.7448098947445	6.2787452407189	5.87489160734678e-09	9.82319932726405e-08	10.1145636932127
89910	0.0787406166491443	8.25547075582126	1.22064792496783	0.224651577930529	0.31633515746781	-6.05544015433734
8992	-0.0398958565283585	12.6173637319577	-0.801975198479837	0.424178527806006	0.526857722614204	-6.47334746263728
89932	0.633400743316924	6.62166711797543	5.21569173489658	7.91302038473342e-07	6.76933069206125e-06	5.38222680320142
89941	-0.281553603754362	8.22390692486673	-3.62887291953971	0.000421939895651969	0.00152459472357186	-0.579384114865361
89953	-0.308760929349609	6.80886056188979	-4.15107348819403	6.27720372810482e-05	0.000293267549740644	1.21042580201402
89978	0.145086518215928	7.60796460362207	2.23052629823491	0.0276020524293105	0.0551240215343581	-4.36643433101551
90	0.225384173710742	10.1840575817953	3.46890227396345	0.000730200245234808	0.00244485367881618	-1.08964883227303
900	-0.153974528817337	11.2760895816092	-2.49926814558463	0.0138191288019721	0.0308654844171457	-3.76247713784764
90007	-0.0845313409770028	9.00185488922764	-1.40069298636091	0.163928636026328	0.244722670084488	-5.82382514252783
90025	0.0351747752529889	6.31010003828582	0.395498337598243	0.693188856133501	0.769894137604573	-6.71492616817016
90060	0.104872046494416	8.49876323111589	1.49333081002195	0.138018211685186	0.211840900280942	-5.69266682834268
901	0.31618754469881	9.03847756291938	3.77296699260818	0.000253761403874604	0.000982225490161308	-0.104131475566397
90102	0.121335952173497	11.1616073658798	1.10541952876839	0.271225337700929	0.367868848835743	-6.18738841155093
90121	0.0341600423307375	10.4402215989611	0.692795759080115	0.489798212866897	0.588598360701605	-6.554233184585
9013	-0.00354649847473644	9.92514484809083	-0.0517216697569482	0.958837876083253	0.973212196663513	-6.79144072939832
90135	-0.0128461254818511	9.48863356215782	-0.228463035634901	0.819681518923815	0.870216882365784	-6.76678470727735
90139	0.0697805966993689	7.29098991229919	0.534309412700935	0.594132165211875	0.683500234630931	-6.65077008659316
9014	-0.134984228215629	9.67021159055892	-1.74812314571817	0.0830421618754675	0.140013932862086	-5.2904725978302
90141	-0.163261948051986	8.4910353225046	-1.83833638168269	0.0685263835771292	0.119235074798708	-5.13366921263625
9015	-0.0481866501963852	7.46426885986511	-0.51241633629878	0.609316933429659	0.696603165415776	-6.66215587152561
90161	0.163558449741384	9.35915667873457	0.971200348744827	0.333433989900838	0.434616499381556	-6.3249195845432
9019	-0.18807117099147	8.90734544792056	-2.09827236806362	0.0380132107321785	0.0724144650940486	-4.64052378261576
90196	-0.0362995589357268	8.32022799860427	-0.608953049527477	0.543725485987594	0.639135743582241	-6.6083900838681
902	0.0787756635701854	8.92771747551198	0.855088713522431	0.394233900275665	0.496625288436327	-6.42977267142549
90203	0.424770822627508	5.77009941958837	4.14464922587853	6.43269240481814e-05	0.000299346700077734	1.18730189596763
9022	-0.249140093696653	12.6841928509412	-3.72959021818419	0.000296153907369984	0.00112522137758789	-0.248730949126265
90231	-0.267201655902727	9.01032680380446	-2.98691103754434	0.00342779844168166	0.00932596018718395	-2.51149948671131
90233	-0.073501105170488	5.80170339812349	-0.88061727811893	0.380314061292214	0.481956757636343	-6.40784721401313
90313	0.386059830287522	10.5324115879249	3.09867208268264	0.00243004001224298	0.00697191055961342	-2.19772454765472
90321	-0.145270423925638	7.78748867099468	-2.60889320225497	0.0102580124125269	0.0238881258887714	-3.49838510542415
90324	0.225351004958202	8.22390500559153	2.99507123054325	0.00334378622758473	0.00913349015868052	-2.48892268522675
90338	0.100983347351385	7.62146096410632	1.00671518993969	0.316130427699289	0.416864197445103	-6.2902273853069
9034	-1.61316357590275	8.3727964624585	-5.48707619226892	2.36792392851794e-07	2.4117203020417e-06	6.54279453068121
90355	-0.531093944252437	8.57676729452292	-4.15820157989798	6.10889750386202e-05	0.000287027834936862	1.23611419743551
90362	-0.145840011290053	7.48824555939223	-1.45484059694657	0.148366920998305	0.225300873616984	-5.74814542232188
90378	-0.0225361326231932	5.94523934935688	-0.250905924877778	0.802322979529784	0.856336453148471	-6.76142949294285
9039	-0.109355303303584	9.48611957252131	-1.26027205648169	0.210056396643994	0.299835559409866	-6.00712089348139
90390	0.138541595396	9.18465430019801	1.92919299262774	0.0561067806389182	0.100857890767675	-4.96823442406907
904	-0.198755954248503	10.0545353878752	-4.00039657886163	0.000110698521576856	0.000481500678370106	0.67513939561474
90407	-0.344547210141542	7.51744749349503	-3.92681079825229	0.000145298097251041	0.000606755451614558	0.419170626387166
90410	-0.0418117471043254	9.59459355434788	-0.53627901116726	0.592774709115191	0.682318714784209	-6.6497225311185
90411	-0.247257387211823	10.6509216343849	-2.61060340170111	0.0102097031657136	0.023789040380478	-3.49418507720806
90416	0.393167980321273	10.1718042609737	4.19677820166917	5.27053542958588e-05	0.000252374624048576	1.37570279246523
90427	0.325626998173005	5.32639139775295	5.47447325163637	2.50623124234705e-07	2.53611220184533e-06	6.48812048423051
9043	-0.12605328150484	9.98283405768192	-2.06026192023467	0.0415709460118432	0.0781643555788356	-4.71642866488025
9044	-0.0751459646616212	9.79660854884535	-1.55428503209179	0.122792973259883	0.192132971988375	-5.60196007866294
90441	-0.083200809314009	10.263096767558	-1.65138972500648	0.101316423130796	0.165031286740361	-5.4502800023613
9045	-0.706282352526136	11.061367419279	-5.129717259778	1.1514038914799e-06	9.38854505787167e-06	5.02212017207139
90459	-0.521356337657617	9.08358146596789	-5.79386183589545	5.82251887859206e-08	7.13560918949116e-07	7.89583535539737
9048	0.0600570168625313	4.72263327707136	1.49218865442877	0.138316969410647	0.21220248278825	-5.69433317870968
90480	0.0890546500094406	6.55620614794417	0.747689660255305	0.456133994844608	0.557347159381133	-6.51502784777868
90488	0.164152018121348	9.66984178138182	1.64236263188484	0.103175746008123	0.167216060457623	-5.46475087104133
9049	0.0725369140113359	8.53100087013658	1.03547994668509	0.302561039482631	0.401922513047046	-6.2612316581783
905	-0.036274614649945	8.3380260341415	-0.535506766067356	0.59330677229304	0.6827408664169	-6.65013371640131
9050	0.401453605127026	8.5179693694469	4.90522082462252	3.01401972867209e-06	2.16109400684301e-05	4.09985881146138
90507	0.0948581420988318	5.53334058752162	1.22790958545506	0.221923271102781	0.313455235859947	-6.04669752556187
9053	-0.15930302651915	9.72188896890557	-3.55270570251894	0.000549017184132792	0.00191345229575395	-0.824645268751766
9054	-0.192169004638193	6.3889763414926	-1.89662373754571	0.060321081090081	0.107064379305399	-5.02840053331779
9055	-0.367248317908757	10.2106697757825	-3.59550729062429	0.000473741657878213	0.00169032660651146	-0.687335001787105
90550	0.0771671053890021	7.74526998890937	1.61678807155545	0.108592877688715	0.174136511300483	-5.50533668841225
9057	0.246367392205231	7.66897242023008	3.34962088463402	0.00108685698256342	0.00345418956366829	-1.45793845477736
90580	-0.348010611665399	7.5254209164267	-4.65104851704413	8.68515961386285e-06	5.39394123387272e-05	3.08872284070311
90592	-0.0325100075234567	9.0550350274961	-0.608026050309433	0.544338040706101	0.63966883144578	-6.60895013590732
90594	-0.22982065008666	9.02451303030993	-3.63121428258458	0.000418513571468893	0.00151420153321641	-0.571779035013833
9060	0.435635151130806	8.85609020756901	3.70506807807962	0.000323007341770099	0.00121164425205314	-0.329895441250837
9061	-0.39131244192634	9.34867626065295	-4.67105366573063	8.00094508462117e-06	5.02951342457921e-05	3.1669861004888
90624	-0.0940581827505966	7.80523737470515	-1.09178146709306	0.277152077436096	0.374064731964404	-6.20215883807745
90627	0.838810438492775	7.85063217159137	8.34607928805712	1.53276854608284e-13	1.58258352383053e-11	20.3824377963665
9063	0.188945246513916	6.96544904810434	2.5544454083469	0.0119078520844415	0.0271934913512543	-3.63081900163402
90634	0.232616566358016	7.03052941207037	2.11534682428122	0.0365024110128843	0.070134373648091	-4.60600818193422
90637	0.00220860289926888	9.47224487749608	0.0208524587657188	0.983398550579708	0.990111168672403	-6.79255642081542
9064	0.0687754357623788	8.11614197387855	0.849761211264985	0.397177711032585	0.499419682315292	-6.43426793017452
9066	0.0320705999103105	11.0010276464521	0.392230448361954	0.695595095098159	0.771534240030992	-6.71620646086694
90678	-0.118994466640704	8.01510977174161	-1.97219144139873	0.0509256645780663	0.0926533016332219	-4.88733160557213
9070	-0.0873947291119945	10.3093100284981	-1.37840803040186	0.170683721389271	0.252706137063162	-5.8541658441336
90701	-0.520783111871272	12.0664759504597	-6.40919387625248	3.12390548689141e-09	5.62166869754314e-08	10.7267091143694
90780	0.117897442012695	6.04959190910679	1.19472938116896	0.234587295182127	0.327202137488073	-6.08623224758449
908	-0.164116063584849	9.88296276031144	-2.85030702100969	0.00515595572475509	0.0132015481359197	-2.88154573411487
9080	-0.115283029902771	5.69210591610063	-1.09046713843404	0.277727935412511	0.374719494692476	-6.20357280524436
90806	0.194749975995372	9.37940632964047	3.77337792658157	0.000253388818841737	0.000981243152195382	-0.102755338739561
90809	-0.0767874578602015	8.49477163450018	-0.839056762691556	0.403133107327934	0.505870787070188	-6.4432162666849
90826	-0.182528016750754	8.29943069348966	-3.62687017928455	0.000424891715504151	0.00153458923046099	-0.585886199095516
90843	-0.204182779396763	10.616163171814	-3.34798617176962	0.00109272347181383	0.00347016373594089	-1.46291224130471
90850	-0.121032150761592	9.52190736405175	-1.80668513585887	0.0733583355478136	0.12634275471746	-5.18953329062683
90861	-0.460765663127083	7.59528221916379	-5.9696455699854	2.56133450032629e-08	3.51438919812211e-07	8.68938231954686
90864	-0.0173893037721048	9.75902984047748	-0.287936363436119	0.773900279361895	0.835282413109794	-6.75149852548606
90865	1.57079807223742	7.36260329576008	8.72962735097919	1.97103843750048e-14	2.54387148339906e-12	22.3836129271078
9088	-0.400903786355757	6.88396500404761	-3.56772769508908	0.000521397154932925	0.00182954141875359	-0.776604015889983
9091	0.245683998748617	8.00906929827971	3.03340725531531	0.00297393480037689	0.00824595550557673	-2.38215320707749
9093	-0.0758192767840576	10.9673906312709	-1.47016818798184	0.144176118608926	0.219762823345586	-5.72621994827945
90933	-0.0124667882560816	9.2253987657543	-0.253113174767132	0.800620946178113	0.855293457763995	-6.76087575461086
9094	0.281569751077858	7.46070060570668	3.37131238962388	0.00101175414617503	0.0032477685682256	-1.3917505583935
90952	0.308707603303883	12.1179561302235	2.56313479155693	0.0116295172197449	0.0266536659919793	-3.60985089297967
90956	0.0436440930998516	9.26528543799182	0.624198038999189	0.533701794384181	0.630308381700505	-6.59905813546154
9097	0.0510551350964721	7.7955456495628	0.593059219519235	0.554275843013222	0.647753036684948	-6.61787507061542
90990	-0.0398721459404247	6.72198494212646	-0.492501419745048	0.623279531658756	0.708801248087729	-6.67210103758403
9100	-0.0914427049195635	9.26555068492995	-1.31612528315963	0.190681534011817	0.277001313917976	-5.93646247599199
9101	0.0537425440680251	10.0577714995532	0.487189829471484	0.627027124994155	0.711825735631077	-6.67468724692988
91012	-0.230082752231589	8.6494048515827	-1.94016142242946	0.0547446018765132	0.0987962445925276	-4.94775577990528
91039	0.0179269379219755	7.93272855137016	0.275527163367258	0.783392896344056	0.842907751128967	-6.75497834331629
91057	-0.136148802138607	8.87830231789131	-1.14388519482707	0.254985151787733	0.350270639242753	-6.14476212458504
9110	-0.0831614554396556	11.0368635531443	-1.09816131926372	0.274368528067242	0.370853222358929	-6.19527162587515
91107	0.606920631230702	5.22876407992761	6.04294979046399	1.81218067222117e-08	2.59421357929754e-07	9.02402184981238
9111	0.267756350878766	9.37363629484635	2.41638299956574	0.0172070606372423	0.037255654223754	-3.95538483640358
9112	0.106674726474382	8.56493830950115	2.14276754331833	0.0341845575135243	0.0663294444589407	-4.55003618386628
9113	-0.0482128228918596	5.27492649219038	-0.724860626439454	0.469971656117004	0.569620818712612	-6.53169209184802
91137	0.179051352620973	9.39786158857008	3.17136928109892	0.00193355909080468	0.00571829505551257	-1.98838349413128
9114	-0.24611210490982	9.40987330066977	-2.7781241449092	0.00636211405767412	0.0157716272858308	-3.07099983842784
9117	0.378047562387797	9.07916708224522	5.21436181162269	7.95927644621519e-07	6.79169663695635e-06	5.37662800229691
91179	0.334068952893652	7.21942139327108	3.97668852259088	0.000120880718476934	0.000519768211670732	0.592275742504262
9121	-0.0222080903060276	9.67114755388656	-0.301407738574819	0.763633802507793	0.827363262976895	-6.74754758940354
9122	0.933809842782183	9.14803531078957	5.71090765524672	8.54173242503886e-08	9.90936935826137e-07	7.52587399478266
9123	-0.621742831557273	12.7883285919349	-8.42818232813541	9.8973937777648e-14	1.10476314330185e-11	20.809100519816
9124	0.590170190650191	10.4296274038016	5.83831516313647	4.73611742639502e-08	5.90050225369878e-07	8.0952983943602
9126	-0.0905850127117097	9.69864378763786	-2.24546960578478	0.0265990856172262	0.0535300258839838	-4.33449631674982
91272	-0.223270716898874	9.78109059552469	-3.50617069734698	0.000643597730122949	0.00219924084938194	-0.972430013020401
9128	-0.728726423864654	9.24395766564539	-7.49371235807722	1.34355773132758e-11	5.69117274911069e-10	16.0223808630065
91283	0.139608639338747	8.91652942413452	2.02819025605486	0.0447913303297911	0.0831781449019952	-4.77947020104182
91289	-0.025921861839438	8.7984499472873	-0.433786647677818	0.665234978352965	0.745063175755321	-6.69913655815259
9129	-0.172051668424076	9.7348163801183	-3.87928388945372	0.000172889025089115	0.000706262783004988	0.255782958786765
91298	0.0214669937927149	8.33010080507162	0.308300560043197	0.758396918054586	0.823824111405954	-6.74545629257773
9130	-0.0455440831345964	11.5949592167649	-0.799366684413408	0.425683078666045	0.52809229523056	-6.47541635994759
91300	0.123593797000786	9.69348816426844	1.85097389716469	0.066672560500346	0.116578185802891	-5.11110837481765
91304	0.285410684218618	8.23944076695189	3.78807913715829	0.000240396189393935	0.000936196381138096	-0.0534468779406048
9131	-0.0900740294237903	7.58676612833243	-1.13978474697674	0.256683024358548	0.35201756287591	-6.14937400918819
9133	-0.714407146478201	9.6813682060091	-4.65736513689383	8.46322201569507e-06	5.27196182878139e-05	3.11340959158878
9135	0.488305752905621	9.60820258258173	4.66186983489402	8.30831061921071e-06	5.187199222576e-05	3.13102897027608
91368	0.0390870033955478	13.3460887625983	0.642476112874337	0.521809729761716	0.618651983325933	-6.58756743795233
9138	-0.223232040862912	6.64423255900167	-2.3405840053122	0.0209314540986052	0.0439262730829468	-4.12664191722502
9139	0.0574269987796022	7.02981192425105	0.941321579245656	0.348462110832594	0.44952319779435	-6.353156591401
91392	0.187930733522842	6.39323960017233	2.6197414353021	0.00995503361061414	0.023267848789947	-3.47170178012306
9140	-0.134940927570558	10.4832536359169	-2.45501341510243	0.0155455769761977	0.0342178439144422	-3.86620573509488
91404	-0.727081750696214	9.33268195257439	-6.99083109552819	1.75002857808445e-10	5.00181178372925e-09	13.5249026148349
9141	-0.173771515418501	9.95444197418861	-3.27542812643367	0.00138507086888654	0.00428169362911783	-1.68165391314463
91419	-0.246065479276159	8.02727804991081	-2.47281694699707	0.0148291616470367	0.0328476468770509	-3.82467659697794
9143	0.0279260580549203	5.96190542445337	0.224855481978107	0.822480404828955	0.872439725682185	-6.76759878806549
9145	0.0303891119834003	5.76374885394403	0.27784976461161	0.781613651831656	0.84170210634821	-6.75433867736528
9146	-0.104764146371356	10.3585727010446	-1.69837072360385	0.0920717354637913	0.152774715735419	-5.37374655491952
9147	-0.399204264630951	7.57128189171413	-4.27341699750694	3.92061991254168e-05	0.000194267069451675	1.65582480667518
9148	-0.448459179908958	6.24460607073029	-4.41580911303907	2.24208641392078e-05	0.000121281164236972	2.18601308681849
9149	0.367149793692152	5.70065552743408	4.69530092936755	7.24139808401516e-06	4.59047952217691e-05	3.26215264424953
9150	-0.264566808780794	7.14547033644707	-4.09429282921007	7.785998674558e-05	0.000353170505501642	1.00696983574172
91523	0.325580358036954	7.74343271602434	2.99065990314825	0.00338896372333629	0.00925077341531981	-2.50113405934633
9153	-0.00739231464694787	7.69531322561519	-0.027328405859659	0.978243939371174	0.986982996630616	-6.79240103255489
91544	-0.241837024277295	5.83983502373501	-2.01419327724255	0.0462622451782698	0.0854868333719259	-4.80669445356829
9156	-0.646913225353072	7.91272611118608	-4.51619716543891	1.50148477211513e-05	8.63066403456574e-05	2.56723147585976
91574	-0.567477946739629	7.07699267652045	-5.35147928548504	4.34509167018229e-07	4.05541889217014e-06	5.95847696267735
9158	-0.132184987264586	9.24599527410028	-1.65567312707373	0.100443668420305	0.163868200899016	-5.44338702086949
91582	-0.285407156045989	7.7135847583328	-2.80344542427754	0.00591243373848035	0.014812466690885	-3.00502368043847
9159	-0.247306716123934	8.80578908727385	-3.39793900798622	0.000926213424011247	0.00300256000091558	-1.31002429127946
91603	0.0438697528355168	9.45848258940297	0.984558028023011	0.326854540056597	0.428474607342881	-6.31201506318527
91612	0.143435372371905	9.12152557965301	0.555506548200272	0.579599304943575	0.671551446042072	-6.63929467842919
91614	-1.299748641607	6.97706800884949	-5.42481353558971	3.1323156649532e-07	3.04745905683315e-06	6.27341023237435
91624	0.427788996858063	6.16962668703687	3.85039268895466	0.000192028341970938	0.000772603070959545	0.157210563512805
91647	0.0556343933458847	6.32905212314593	0.68724421015019	0.493276605077151	0.591445022200213	-6.55803314320868
9166	0.0849366290899173	10.1063133184039	1.48410676846735	0.140445417329378	0.21494888774146	-5.70608919289401
91663	0.213810551410361	11.6152894870376	2.6402959216011	0.0094030194042089	0.0221721211186884	-3.42087437936404
9167	-0.157716909960956	11.3007651613816	-3.26045031552601	0.00145388018822616	0.00446785468380258	-1.72631235266597
9168	0.011145222125959	13.5355313592472	0.196625221048724	0.844458892457288	0.888111847682353	-6.77352216027408
9169	0.266857462003621	10.4029603376218	4.73057817574647	6.25970193626668e-06	4.0616761974519e-05	3.40120802564561
91694	0.00402859006687572	7.59197348520299	0.0482728415961701	0.961580362050858	0.975037293216313	-6.79161247314099
91746	0.0353735321476327	10.8349511832865	0.965957960118917	0.336039665934718	0.437148070015448	-6.32993673392795
91748	0.2206788088912	9.38211014628206	2.84719495425511	0.00520330649090681	0.0132980543362903	-2.88980112252494
91749	-0.59651522888094	7.15721244777974	-4.30940957235876	3.40791302926176e-05	0.000172483833466312	1.78865569592966
9175	-0.589593184283274	7.40211275382371	-4.63780527104052	9.16889778510874e-06	5.64344975447081e-05	3.03703994111162
91768	0.781549305012016	7.01301295835759	5.5675645762827	1.64515323455678e-07	1.76939657779153e-06	6.89369889573937
9179	-0.0578189836736975	5.28515194280903	-0.759723659170289	0.448934082415108	0.550422372086803	-6.50603754442685
9180	0.435820507472785	8.13173076088549	2.28244584939607	0.0242532149126934	0.0496115787961484	-4.25462807429119
9181	0.580290851026877	9.37437231669962	4.6316046123745	9.40425366383864e-06	5.77110960351465e-05	3.01287615173007
9183	-0.384740208524381	8.99818905807696	-4.41233965451888	2.27313976587398e-05	0.000122639676460608	2.17294671486852
91833	-0.157028765763284	8.78973836971416	-2.84538532115306	0.00523102307383886	0.0133564916815793	-2.89459793452007
9184	-0.080610944726817	11.6218054650936	-1.27102621565788	0.206217828378386	0.295414370864632	-5.99374764712651
9185	-0.0405195993079335	6.84154861287744	-0.272397133395293	0.78579249132264	0.844586334199741	-6.75583189961089
91860	0.539450863214746	7.16748080266748	6.32188032672754	4.77064743024956e-09	8.10813740202909e-08	10.3163053714842
91862	0.448774679668291	7.05285780128072	4.17781632670766	5.66780067059871e-05	0.000268594569931987	1.30697069008992
9187	-0.119577239377367	7.96537072034378	-1.62676227030519	0.106453660508525	0.171476631766094	-5.48958042528602
91875	0.0318801345635497	7.46532064858831	0.495314152241307	0.621298993177969	0.706877366893943	-6.67072021033765
9188	-0.378365705276209	10.4948945988356	-5.35571021629332	4.26410172246281e-07	3.98884260787574e-06	5.97657663110471
9189	-0.035599454984886	10.894512472589	-0.714496771250843	0.476330346430152	0.576144188243236	-6.53908827906241
9191	0.180106791717166	9.52341103659326	3.14761258364071	0.0020843561649629	0.00610957484832985	-2.05724451291325
91949	-0.0971114261610278	6.54853884346592	-1.11145943976094	0.268628849221495	0.365006463985779	-6.18078963821072
9197	-0.444343273812539	9.17712428820914	-5.1657413382555	9.84383651102685e-07	8.13914810621439e-06	5.17255254038968
91978	0.269069382077832	5.25044662757184	3.15815092045135	0.00201616318335281	0.00593073642966318	-2.02675196031091
920	1.52870984603342	6.06287580293872	8.61328065251472	3.67949185225301e-14	4.53620935815073e-12	21.7744975796576
9200	-0.821105497256697	7.23635751854195	-5.85785426368843	4.3240619337734e-08	5.44462676417199e-07	8.18323375369981
92002	-0.00964974067131039	9.36237930692445	-0.152904974365218	0.878734226492479	0.913573909481168	-6.78113057765619
92014	0.0641741407546706	13.254254398468	0.598566722542879	0.550608489041319	0.644927129818675	-6.61461657426972
9202	0.26083533027606	8.72813987410956	4.50637611433333	1.56194207665932e-05	8.93465481523958e-05	2.52967006978878
9203	-0.677344383954452	6.55485245223568	-4.93628907440454	2.64218594355708e-06	1.92795546764854e-05	4.22589782059779
9204	0.641118079506501	10.0095746464662	7.62728558571278	6.72698657318756e-12	3.32724006554067e-10	16.696092657415
9208	-0.0863240263558933	10.7609798797295	-0.599779958398027	0.54980224420345	0.644531157695217	-6.61389474352352
9209	0.035468598751489	9.19593590912526	0.692590167186976	0.489926790240026	0.588624769073835	-6.5543744500842
92105	-0.112038015476755	8.96715086247663	-2.1900126728014	0.0304891371394581	0.0602056592808808	-4.45203707377562
92106	-0.410819821666502	5.86748966345054	-3.1193537121746	0.00227793635588449	0.00661362189792825	-2.13858656566781
9212	-0.523502496332745	8.44846977790012	-3.81365838607196	0.000219285173698092	0.000862521683212494	0.0327031771401574
92140	0.259682184308809	8.5986505869051	3.5150430214013	0.000624456482552192	0.00214025333853988	-0.94437485418643
9215	0.12484501228565	6.34956426517758	0.808451419654018	0.420456784442026	0.523288648166977	-6.4681821423969
92162	0.743182425086876	7.73543808783617	7.11532883787175	9.32456309682664e-11	2.89251594771057e-09	14.1370525603972
9217	-0.159979846136398	5.7844932327377	-2.28656117090731	0.0240037071977035	0.0491864602959641	-4.24566522279985
92170	-0.254172165589994	6.37174040624011	-2.47989979775736	0.0145524395367884	0.0322953118145815	-3.8080797722393
9218	-0.135068829119546	6.80393949631016	-1.46693478076334	0.145052447221835	0.220894766602573	-5.73086363435557
92181	0.05645203013034	7.68129383729242	0.765680638264279	0.445394341451572	0.54721958357727	-6.5015346411357
9219	0.0335643432571231	9.47137569900777	0.661038389909044	0.509875554369305	0.606682705183581	-6.5755611067547
9221	-0.715114639769459	7.97673740083418	-6.50514380443769	1.95593599394119e-09	3.81038474291373e-08	11.1807781148739
92255	0.146712064037615	8.61552246834061	2.76880096312781	0.00653538634200963	0.0161333805095635	-3.09515995536879
92305	0.212830865900723	5.74219709174583	2.72573363569451	0.0073929218227429	0.0179710224413939	-3.20583921671933
9231	0.171639722077773	9.21167338518843	1.77921912993314	0.0777769704205744	0.132762507888809	-5.23726681558748
9232	-0.361402780300562	10.5559644366628	-2.96893208579143	0.00361980841515149	0.00974246253149277	-2.56105530363026
92335	0.0972891985031256	9.56000645222629	1.37858296441565	0.170629884613942	0.252689717018165	-5.85392950713682
92342	-0.0877904353229666	6.97582705918098	-1.00586569382756	0.316537224253968	0.417142080794896	-6.29107150180262
9235	0.272682658866404	5.74032606608754	1.63991301756023	0.103685008403784	0.167797446985748	-5.46866465881949
92359	-0.287650842623086	8.95774832456792	-3.22413351563234	0.00163419113471215	0.00494628756787187	-1.83388732635991
9236	0.291963189212025	8.07086574034651	2.99456949935603	0.00334889644273934	0.00914442466678577	-2.4903123478574
92370	0.541347419589643	7.79284500010396	5.72095942755762	8.15537548409532e-08	9.51460473144454e-07	7.57054493765255
9238	-0.383364669700751	8.6198894948768	-3.84466048611171	0.000196058165358749	0.000787282666924292	0.137720898777579
92399	-0.183484363723282	8.46756899710629	-3.62440714423887	0.000428548736282211	0.00154712087486498	-0.593878751813218
9240	0.241752435088979	6.6822571680015	2.9893382937049	0.00340260781690604	0.00927389053414559	-2.50478951615593
92400	-0.260107667054045	9.33746709724251	-4.11970917601634	7.07203788273806e-05	0.000324167774203199	1.09778340812716
92421	-0.169987301779144	8.76730294292052	-1.81430926907726	0.0721693368474767	0.12465887125892	-5.17616059244316
9244	-0.206728513437917	5.57728749281222	-2.66450072534532	0.00878852446473707	0.0208541258485286	-3.36056891509283
9246	0.377188085468349	9.60724396286596	3.07880946139073	0.00258493254263765	0.00734234621808357	-2.25420658618739
9249	-0.0413693417905513	9.49256926045068	-0.508357329935092	0.612151313035024	0.699166184412236	-6.66421471216964
9252	-0.234851819607089	10.6028047635106	-2.57324177745012	0.0113131383330482	0.0260007019006617	-3.58538201450715
92579	0.0852637639811728	8.7210538064995	1.09653522995695	0.275076152697241	0.371627252417274	-6.19703076334055
9260	-0.0272175648123191	7.82523247286185	-0.26261770769738	0.793302946168113	0.849233065752801	-6.75843598500659
9261	-0.127279981097341	7.74937500157335	-1.80400973271812	0.0737793974288979	0.126829931896503	-5.19421331670013
92610	0.176005118758919	6.86386481683073	2.42597611407631	0.0167803662672322	0.0365040361778608	-3.93335819581378
9262	0.313856007871568	7.14469928154882	3.62106988374869	0.000433551274421982	0.0015631311770954	-0.604701262578144
9263	0.091560511134425	5.78772854044829	1.09140335600278	0.277317657979768	0.374227063374103	-6.20256578453854
9265	0.481782265531138	8.97970393464733	5.55944093021339	1.70696654323943e-07	1.82636575740385e-06	6.85814768118226
9266	0.073038393123097	7.96821072346552	1.08579227760094	0.279782855997067	0.376999411180387	-6.20858853947514
92667	0.294814223410244	9.09013882323444	4.86821039765795	3.5235950371864e-06	2.46860856718911e-05	3.95039615968706
9267	0.492336770667219	9.5401358953554	6.55568227060688	1.52660579403081e-09	3.11352194041839e-08	11.4212030795736
92675	-0.00488646550574045	7.46195563500358	-0.0561036950148206	0.955354033616446	0.970814417846077	-6.79120542638158
92689	-0.228026092290154	6.42112990182152	-2.07871822568812	0.0398092870767753	0.0752803826131328	-4.67973329297262
9270	0.296229903365001	9.93144389255463	3.99411640718758	0.000113312962696623	0.000491320247702944	0.653152742711543
92703	-0.138144970317988	10.8119481454739	-2.30737227324264	0.022776172729992	0.0471506733708607	-4.20011438683824
9274	0.0799055021560636	8.71948332787711	1.35987472650013	0.176460728465934	0.259954631198255	-5.87903993141627
9275	0.16982533434776	6.92471476995135	1.67514965556424	0.0965515255223959	0.158551809307155	-5.41183006790705
9276	-0.157356023040677	10.9231069678643	-4.24044550764976	4.45474241740959e-05	0.000217086562641907	1.53485597608994
9277	-0.164684430213039	8.3960159706648	-2.5275652306889	0.0128071319006248	0.028982714931277	-3.69527942401508
9278	0.207622771213984	9.3557250552295	3.04952833464367	0.00283000467817168	0.00791772685040136	-2.33690823601753
92799	0.0639589776813949	6.46867800840633	0.883060157900254	0.378998265779761	0.480843355060814	-6.40571575293584
928	-0.403329279577427	7.69476751785429	-2.65536018882047	0.00901617568197289	0.0213330309748198	-3.38339955241921
92822	-0.00530486331491255	5.20610406355293	-0.0899899106801537	0.928447716440093	0.950778345870961	-6.78874009181847
92840	-0.643610987487638	8.05857353034544	-4.17530723501226	5.72247199401348e-05	0.000270874605561899	1.29789307058128
92856	-0.463127545960585	10.1506906958361	-4.29908855868275	3.54793569057912e-05	0.000178912996362537	1.75048321209334
9289	0.432244868609398	11.6975536520051	5.56146541268165	1.69135269965765e-07	1.8120069129925e-06	6.86700454144168
929	1.75113959805258	12.3120529690206	6.37323113898385	3.72023320691738e-09	6.55205251367538e-08	10.5573444980788
92906	0.0807990624242024	8.92029767022902	1.05774419180529	0.292331446713957	0.390721318747134	-6.2382381434558
92912	-0.160065436536783	11.1023117576338	-2.19059314768424	0.0304459836932088	0.0601348219287195	-4.45082076231347
92922	0.754624968744625	7.50112095930553	7.11479395608932	9.34990021838646e-11	2.89251594771057e-09	14.1344134729216
9295	0.182142990962595	9.73898369473926	1.14179910969151	0.255847946267918	0.351141458528969	-6.14711042477481
9296	0.159253690673138	11.9131251932096	1.68115057553956	0.095377242818814	0.15720055374882	-5.4020361616053
92999	0.238449147937636	5.17701274161402	3.5514041224032	0.000551474211133939	0.00192039501853556	-0.82880013060316
93	-0.139992449108506	5.00058793197573	-2.02534823975539	0.0450867173006885	0.083632671211248	-4.78501216737565
93058	0.00601531544776177	6.93188674760792	0.0876686695178729	0.930288542502819	0.951837403824264	-6.78894545358293
9306	0.028586108569433	6.27183900278821	0.409999602380282	0.682549227601964	0.760904453508521	-6.70911706572896
9308	0.344500558782559	6.61162576304769	2.42203423829557	0.0169545460895626	0.0368150764195024	-3.94241864197027
93081	-0.174550063270782	10.7012312071684	-1.84067652511569	0.0681799018523392	0.118761279903062	-5.12950252495149
93100	0.14139649578434	9.28704639998575	0.747799517240976	0.456067971574573	0.557347159381133	-6.51494641930513
93109	-0.346292624933501	7.51961507992787	-2.59356731605344	0.0107002168402044	0.0247851349130925	-3.53591414377914
93129	0.573738011362582	5.22619476556458	6.5815382293702	1.34439408509605e-09	2.83283039359525e-08	11.5445360651937
93134	-0.0177833277180931	6.2153425481912	-0.223323578708418	0.823669611855379	0.873252598373178	-6.76794056163408
9314	0.973405375410265	9.12664831822428	5.68816243475874	9.48343562876307e-08	1.094038802983e-06	7.42495502626043
9315	1.33351737506997	10.5458544458383	6.9289185562537	2.38966848287969e-10	6.42953148813884e-09	13.2221035889497
9318	-0.0465699275867597	9.55442418136657	-0.413386673907419	0.680073202728048	0.75849374217306	-6.70773018278535
93183	0.408895590001255	8.96538166912889	4.68269787527655	7.62703084100685e-06	4.81277881945887e-05	3.21264577079926
93185	-0.314137807442464	6.75416417882303	-2.9661970250982	0.00364987139331494	0.00980739678229713	-2.56857149681638
9320	0.0204156001736721	10.5484654549644	0.430837510352017	0.667372057017488	0.747004102342361	-6.70040441281707
9321	-0.246460597271257	9.94266698854091	-3.91148196188553	0.000153702419108887	0.000635426417337042	0.366306363260364
93210	0.148779693234703	10.2075151569261	1.40531037086651	0.162554863444732	0.24306719262373	-5.81747977870016
9322	0.576163943650455	7.54043370227522	5.05026503619566	1.62321454395804e-06	1.26727335851545e-05	4.69269329940031
9324	-0.295845514953485	8.38801375528949	-1.47311238135525	0.143381754028664	0.218753839726037	-5.72198304982495
9325	-0.0401131544157402	8.99196378857787	-0.797318187275789	0.426866828775025	0.529099640708539	-6.4770364160506
9326	-0.0394969083340042	11.179121858667	-0.736300590822354	0.46300821522201	0.563413060950767	-6.52340538289983
9328	-0.213624302758921	8.14784733127023	-3.11388755794419	0.00231725484605377	0.00670957169863506	-2.15424910598684
9329	0.0311524743514418	6.06416096876279	0.436129797889218	0.663538985830198	0.743793268062453	-6.69812307565362
9330	-0.0670424676182486	9.63747632814905	-1.38284239783753	0.169322996284505	0.251096579768405	-5.84816602690924
9332	2.5346548738896	9.20011405661893	6.42049328027014	2.95678748316167e-09	5.40333287852111e-08	10.7800166872932
93323	-0.379077429798413	7.6025243973865	-3.65415623310864	0.000386304342571315	0.00141251609988449	-0.497053936917977
9334	-0.0705353786402495	10.594137855243	-1.04106174778099	0.299974034209076	0.399256449011758	-6.2555121160612
93343	-0.167681043210346	9.15130359005543	-1.72611194715716	0.0869431661764476	0.145812144364298	-5.3275959976769
93349	0.139213726548684	5.7363133205204	2.09730620884261	0.0381002864716638	0.0724800475025202	-4.64246909914648
9337	0.0559253744549887	9.47248061147698	1.06556821046802	0.288793114938102	0.386680358143738	-6.23004390112015
9338	0.149249292391696	7.9200369658322	2.57007457451238	0.011411438546711	0.026219327509272	-3.59305901938479
93380	0.0123289824543512	10.6460760177258	0.292474924167446	0.770436884808028	0.832850237994282	-6.750187584918
9341	0.306429206591254	10.8807044997128	4.38949286549743	2.48822548819115e-05	0.000132427464770998	2.08708624964594
9342	-0.108981200707905	7.96807480211665	-1.41209796448878	0.160551398590198	0.240550435761843	-5.80811539560574
9343	-0.0517514605718466	9.47418466593688	-0.900907819445193	0.36947136203366	0.470961952221918	-6.38996658304761
9344	0.232297346580967	7.86126450255683	2.93986857200879	0.00395125163767747	0.0105010741722059	-2.64061957047174
93487	0.00854054153726942	10.2694514858247	0.202146393637219	0.840150185184914	0.885271148058093	-6.77242606061447
9349	0.0541950615455468	13.4579872258009	0.807942091533897	0.420748778721504	0.523480179581206	-6.46858986200991
9352	0.179103464172055	10.1709637372875	1.72279909646415	0.0875430655095887	0.14661510971395	-5.33314466062935
9354	0.0102976490106569	9.59300902878889	0.157458687315303	0.875152331959003	0.910537632193143	-6.78042687472853
9355	0.111252163701365	7.15467901937828	0.496664640460636	0.62034905480218	0.706088355059392	-6.67005444591276
9360	-0.225506714512988	9.10178160337282	-3.9629770081409	0.000127171452509134	0.000539792496261791	0.544522652390777
9361	-0.632083902343107	8.87139025645501	-6.0046678724591	2.17162809989207e-08	3.04544110443268e-07	8.84899464714406
93621	0.0394681661731167	11.7082255485703	0.688870412623703	0.492256302034173	0.590498146722596	-6.55692317046112
93627	-0.171460344622985	8.68681783453648	-3.74880943979666	0.000276602271097487	0.0010597099996592	-0.184824122582277
9364	0.146355206563903	7.28803949730245	2.33520739219519	0.021220844245389	0.044429579892064	-4.13860119051614
93643	-0.0267138253003775	9.77200667987239	-0.592563795039825	0.554606330351091	0.648047572315747	-6.61816671921873
93650	-0.260254387984854	5.87583399340861	-2.1940907468365	0.0301870894450852	0.0596948429055311	-4.44348570497612
93663	0.0658811824199653	8.6299905586806	0.530425563645773	0.596813141192672	0.685629561370163	-6.65282452086712
9367	-0.0353174096858648	10.9088987761698	-0.742874507035354	0.459033211166119	0.559978485339262	-6.51858530539334
9368	-0.186515289705836	10.3337642752804	-2.5868357513398	0.0108998149532585	0.0251839081157805	-3.55233571130864
9369	0.586450645585389	5.73123413952979	3.91570687718616	0.000151340884547725	0.000626918609009133	0.380860921411283
9371	-0.0849533358605237	7.89599302973315	-1.63431092484341	0.104857259844162	0.169395847117696	-5.47759424275103
9374	-0.324297273313978	7.93652229141168	-3.61041456815875	0.000449895627745398	0.00161220732545639	-0.639202495055701
9375	-0.155274098660712	12.3161312097402	-2.42820653497879	0.0166825169072056	0.0363007348929185	-3.92822564893422
9377	-0.105412959399482	12.7069731879394	-1.82031523108703	0.0712439885143663	0.12324090997459	-5.16558868715905
9380	0.0933968477690695	8.55624827358462	1.09869835681438	0.274135102522141	0.370718113180301	-6.19469008650572
9382	-0.192587900398575	7.42529855073586	-2.39479765334655	0.0182025797105756	0.0389920405625919	-4.00465785819124
9388	0.520348001069699	11.4333122603563	6.62394492412993	1.09092237356666e-09	2.3982751042525e-08	11.7472920354947
9391	0.160679601119591	10.6952003868835	2.51174636540064	0.0133643655377585	0.0300380025420095	-3.73292849373596
9392	0.123013180090497	6.96636853949787	1.34641123226648	0.180749126490643	0.264855026576675	-5.89690510893772
9397	-0.367711553078331	9.22107249746263	-2.57385914016697	0.011294066205474	0.0259640931971096	-3.5838846021136
93974	0.1135048620687	9.94535583257458	1.60703378819485	0.110718107660759	0.17672107618896	-5.52065592803124
9399	0.413372083029514	6.44733069566524	4.84208094333616	3.93275262280453e-06	2.71629443211667e-05	3.84532574426552
94	0.983110533465889	9.96079393882185	6.89643554971957	2.81277674491938e-10	7.39921525892805e-09	13.0636804025639
94005	-0.465876803384207	8.45021951277761	-5.91622464764937	3.2916151069338e-08	4.33632229398296e-07	8.4468734053309
9403	0.0832729999434457	12.0038186309991	1.54809713729516	0.12427527993661	0.194244160184372	-5.61132727464291
9404	0.169723245648412	8.06347770073367	2.06058166969134	0.0415398658772574	0.0781237003975743	-4.71579551857656
94056	-0.0495852574526937	9.96164065091619	-0.400085735418056	0.689816311766936	0.767607486831761	-6.71311104485505
9406	0.0808451195622901	11.2363748313863	1.60984513231648	0.11010219718656	0.17597603497697	-5.51624976713346
94081	-0.387051207354955	8.24100490262882	-3.99670470946733	0.000112228383622061	0.00048764147749512	0.662211121786891
9409	0.0517284802179576	8.52922303582934	0.807258118985773	0.421141085051302	0.523810474706182	-6.46913698561795
94097	-0.140133800262491	6.10998835024516	-1.42920395053415	0.155586162777748	0.234472122704652	-5.7843220767719
9410	-0.00149464757655742	9.78157513329242	-0.0220717286645983	0.982427997191239	0.989696086796824	-6.7925303567149
94101	0.255918882468468	11.0295361721842	4.09541531236119	7.75306103913985e-05	0.000352063134597554	1.01097164892648
94103	-0.483427087934779	5.98303778325643	-3.22828103422404	0.00161259189062177	0.00488628357172995	-1.82165273572641
94104	-0.125885140717995	9.55641147145412	-2.10986255528819	0.0369819270020367	0.0708584358702908	-4.61712275263002
94107	0.0241051693022498	9.48943863916402	0.440117548170463	0.660656631500499	0.741544201140661	-6.69638574306113
9412	0.442357857559455	7.6130011827345	2.63526909730267	0.0095354045289324	0.0224175664830384	-3.43333734820834
94134	0.336823197881307	8.31697802388338	4.91084025022623	2.9431952256419e-06	2.11831618816305e-05	4.12261731865449
9414	-0.177817993330901	9.10852341192613	-2.26018246647634	0.0256428794096782	0.0520162534194356	-4.30285982312168
9415	0.143311731393555	5.46189203652118	1.97617470478668	0.050466924123812	0.0919401837809191	-4.87975250736158
9416	-0.125584315105849	9.00552838771558	-2.22526526274558	0.0279629441278377	0.0557638625050555	-4.3776320362664
9419	-0.200709080515566	9.61256525393792	-2.97508584531828	0.00355300011538744	0.0095970506713866	-2.54412246170396
942	1.46557225081754	7.6426652824126	6.15599712700733	1.05865881692627e-08	1.61935589403908e-07	9.54422515661875
9422	0.01412996193716	7.14671499886571	0.122030128609083	0.903082618672019	0.931501302476383	-6.78535732474901
94239	0.00657154561848387	6.78533233212638	0.0880503667488932	0.929985816925602	0.951645546061134	-6.788912053188
9424	0.553815707960427	7.64938349978005	5.5890709485148	1.49189853192192e-07	1.63436099120359e-06	6.98796098838375
94240	0.134979049118994	9.76625290018014	0.97532673912006	0.331392320917214	0.432920147415375	-6.32095169228162
9425	0.249514300706805	8.36311379086981	3.49559595419071	0.000667133608341083	0.00226677235906925	-1.00579345161629
94274	0.969134458690136	9.09447335112697	9.02223771483348	4.07338780019389e-15	8.20638615356134e-13	23.9224330754999
9429	0.190916987695227	6.60479404047748	1.58068086456927	0.11662637205684	0.184370111615214	-5.56159985533353
9435	0.343082527243699	6.93856362543955	3.19836913359014	0.00177452012655187	0.00530877806784441	-1.90959367673807
9439	0.0728577120064129	8.61992722831119	1.10750379434332	0.270327375159491	0.366952197011897	-6.18511527101353
9440	0.124107785840811	5.69506247991242	1.61139231858998	0.109764410302355	0.175572042815153	-5.51382175189465
9441	-0.0204492499271937	6.51804993776257	-0.342337796020707	0.732705361804934	0.80331116120371	-6.73443731056942
9442	-0.177170003100242	8.33428087728209	-2.28112377754968	0.024333852549696	0.0497518866486358	-4.25750431118373
9443	-0.0130636927737921	8.62787951162455	-0.281175707719853	0.779067807004511	0.839823694918502	-6.75341334427279
9444	-0.337820779556211	7.37673302380713	-3.88341105999671	0.000170307961044211	0.000697443608440843	0.269910635268949
9445	0.0384841812069812	13.6359184318134	0.771311029987524	0.442063523036109	0.543894165045361	-6.49724660108828
9446	0.063050731599551	12.0931925109004	0.731398791553741	0.465984757156804	0.566117678204913	-6.52697181747912
9448	0.417057919891493	7.86665987367257	5.92387969301287	3.17561192595644e-08	4.21036187935798e-07	8.48155280715095
9450	1.70696136105063	6.86036381605116	7.97808958504858	1.07467424662428e-12	7.52271972636999e-11	18.4833404524859
9451	-0.245305866218947	8.45642390843297	-3.73814128105048	0.000287298340313316	0.00109560678254293	-0.220329223943849
9452	1.08902160942348	8.0325415001375	5.38110246895642	3.80813120080004e-07	3.61138504232013e-06	6.08538404286833
9454	0.522728375126894	5.86637309840219	5.78698231432855	6.01118393340397e-08	7.31257426950174e-07	7.86504160029117
9456	-0.209169423611221	7.84899591339986	-2.45470996815204	0.0155580505555262	0.0342326844935126	-3.86691122192178
946	-1.26273857956541	11.5064268594012	-6.55623198769961	1.52248935614796e-09	3.11352194041839e-08	11.4238229260764
9462	-0.192777856057364	6.77573207899144	-2.3517518131793	0.020341468030173	0.0428077773068099	-4.1017212390463
9463	-0.236890747307036	8.35881114114005	-3.84423757640903	0.000196358643094095	0.00078767222692911	0.136283883376178
9465	0.289070149376551	8.18619603829821	3.55614510829185	0.000542574132806147	0.00189419371808063	-0.813660217643779
9466	0.251167992799279	6.06487259641081	2.71798928485309	0.00755755267562624	0.0183173078347044	-3.22557965791309
947	1.09146948562219	10.1411630827766	10.8973622978209	1.46611410610318e-19	2.01835041940204e-16	33.9111572275344
9470	-0.106488454343066	10.7887452200261	-1.77382940986024	0.0786693180988992	0.133953528653248	-5.24655241579296
9474	0.28904707818954	8.33740173759408	4.68882796398273	7.43703979832262e-06	4.70727576506857e-05	3.23671444330834
9475	0.00772209232894188	13.7941376580221	0.217803258753372	0.827958385151242	0.876449604171377	-6.76915280302386
9477	-0.0190489918358276	10.5895382338133	-0.40939579836555	0.68299098640553	0.76123405042635	-6.70936310670334
948	2.56831519956982	10.4415206542646	5.64120551007329	1.17607891678226e-07	1.31810201528106e-06	7.21733005626562
9482	0.29139890381269	8.9943264178963	3.32495064224315	0.00117860805880199	0.00370868669169694	-1.53278721510861
9488	-0.0469522906346129	8.02676447711764	-0.726838620999168	0.468763487613846	0.568573628148366	-6.53026849609794
9489	0.287181643870107	8.78440187411169	4.49757542463286	1.61810927942592e-05	9.21845796701145e-05	2.49605991526274
949	-0.376316722488118	10.5941529878859	-2.60049530990984	0.0104982369175692	0.0243719609159982	-3.51897369901288
9493	-0.346099444251054	8.38164525295674	-3.77638688417805	0.000250676448256609	0.000971194869887236	-0.0926753638054967
9497	-0.177766841538686	8.69357711866373	-1.69164483729581	0.0933515448916423	0.15452580376853	-5.384828645291
950	0.497833610172147	12.0266979156002	5.97168550666745	2.53686123847633e-08	3.48660130279775e-07	8.69866571500379
9500	0.0949310277318203	12.930572408085	2.42843090174491	0.0166727019980527	0.0362889376821911	-3.92770911001307
9502	-0.237487497216325	12.5127894049958	-3.84193208286876	0.000198004419215292	0.00079313845461571	0.128452142599373
9506	0.140776534887811	13.8118747314605	3.31254042979713	0.00122745657624515	0.00384336289605191	-1.57026655243736
9509	0.136232388861601	4.93783782178092	3.23136244595862	0.00159671727718766	0.00484854015960424	-1.81255449980107
9510	0.226992344843369	10.641848769016	2.58273358135569	0.0110230858609494	0.0254189528786829	-3.56232424927497
9512	-0.0171450894449059	10.7847992483345	-0.515140018284669	0.607418322909484	0.695009744733666	-6.66076520598276
9513	0.111230586494943	7.87165543131018	1.55690410050571	0.122169805018475	0.191302860559735	-5.5979845513823
9516	0.16525505338327	11.382371066088	1.35316243631066	0.178589032186565	0.262481388943244	-5.88796823413653
9517	0.189268400469332	5.45712750529704	2.25089654603473	0.0262428112722136	0.0529471473152136	-4.32284902128728
9518	-0.189922641501362	14.0419881016017	-4.87500103715659	3.42422013421947e-06	2.41125816783059e-05	3.97776353566552
9519	-0.36546262447872	10.7220958250092	-4.82550859573657	4.21577086837624e-06	2.87549689288091e-05	3.77888041488479
9520	0.0157431487881611	9.96708728773744	0.349537385895803	0.727308591276192	0.79866644030063	-6.73195913212429
9521	-0.341339678673757	10.3423871434297	-3.47307981421286	0.000719973346134441	0.00241550765193765	-1.07655996551672
9522	0.0726924520949636	10.1294989036057	1.74185434135154	0.0841382606187798	0.141666092662198	-5.301090850212
9525	-0.0182524072445544	10.9407961917255	-0.487958981112687	0.626483842894602	0.711502343229673	-6.67431447687035
9526	-0.261188784192116	8.33619625366548	-2.53594300017736	0.0125205311566906	0.028419782180342	-3.67525446032792
9527	-0.235445202709567	6.12678878280485	-3.12309143777099	0.00225140787283655	0.00654729983413098	-2.12786323522409
9528	0.2708444407987	12.7009891720598	5.14017376893006	1.10027011927989e-06	9.01387297058478e-06	5.06571721002881
9529	0.109535238116805	9.95519584833251	2.54234657997931	0.0123053591041157	0.0279852054515407	-3.65990830162378
953	-0.224007508089476	10.8256616222238	-1.74906732738147	0.0828780917537372	0.139851488842874	-5.28887018345065
9530	0.105674841177494	6.98223692594711	1.26248940222008	0.209260685307554	0.298943836153649	-6.00437257915692
9531	0.0227437040744817	10.1255266328136	0.296575815896125	0.767311457138	0.830014750649539	-6.74898545718645
9532	0.59029895975801	8.36426027568633	5.54749955936932	1.80197665373314e-07	1.91069668290575e-06	6.80594366176097
9534	-0.222315180066756	6.8997698058949	-2.34689430459329	0.0205962566838789	0.043310865633615	-4.11257390659452
9535	1.22124417088306	8.76746886644685	8.22145080990362	2.97158555911112e-13	2.59012657294707e-11	19.7367503269877
9536	-0.14384635234444	9.37481484743047	-1.25312995386573	0.212634468653824	0.302559984682271	-6.01594128995458
9538	-0.276071659952556	9.30036870997435	-4.1262969198359	6.89747993757138e-05	0.000316852410616147	1.12139003616594
9540	0.294376992771781	7.06808983703187	2.63025648430704	0.00966908914473455	0.0226958443692831	-3.44574409268718
9541	-0.0347594297187296	8.86361279407904	-0.617770984559955	0.537916077119302	0.634286943228923	-6.6030202915047
9543	-0.214625589156334	9.14758878129227	-2.15257362455108	0.0333871498990226	0.0649194581369883	-4.52985796392737
9547	0.36569041164829	10.7123214980278	3.06430946773128	0.00270372541085525	0.00763774688565813	-2.29524441637608
955	0.286420162541864	8.87943218834401	3.54863400105651	0.000556738013893035	0.00193627620831851	-0.837638745143727
9550	0.0683992077485395	12.5881366292761	1.36493609411281	0.174868595156451	0.257885126940241	-5.87227928846311
9551	0.0345725058385087	11.675184534603	0.532258566485484	0.595547145702453	0.684412838109605	-6.65185677843477
9552	0.0895875522497584	8.74708208363042	1.21419248582988	0.227097285263932	0.319071878938609	-6.06316969494439
9553	-0.0741630109777794	11.7812884763977	-1.43323221706938	0.154434256401314	0.232906145312187	-5.7786787728396
9555	0.0566751179199558	12.7889878784165	1.21379217992402	0.227249575798479	0.319123001716327	-6.0636476928817
9556	-0.143552037995038	9.99618024263532	-2.72702165694679	0.00736585897455145	0.0179157818403401	-3.202551240739
9559	0.097280619513484	11.7463093442851	1.84810813960346	0.0670892360758622	0.117160521669118	-5.11623718393995
9562	0.53877057394876	9.16727788639111	4.31116733320214	3.38460182777706e-05	0.0001717248838909	1.79516341983931
9564	0.0625690480424768	7.58018725800146	0.849886404764863	0.397108379328088	0.499408528204934	-6.43416261232499
95681	0.126915412378069	8.62047502523985	1.89101400033591	0.0610731397479436	0.108230880565976	-5.03866637177484
9569	0.153900868698153	5.37757139195695	1.85335848644443	0.0663274930042139	0.116171563234692	-5.10683499508517
957	-0.170023648590754	5.69326449992267	-2.15543052565836	0.0331578862596574	0.0645344346146961	-4.52396324022897
9570	-0.285162006866885	8.60796013294404	-3.54963254354043	0.000554835137994051	0.00193047103615453	-0.834453339386938
9575	0.353411874008105	8.49211379360351	4.13213591931453	6.74621928454731e-05	0.000310785115952933	1.14233706969363
9577	-0.135100058491625	8.57545357497808	-2.18739231272712	0.0306846018122973	0.0604759749390542	-4.45752401083239
9578	0.388846885891743	7.5907090225036	4.24797276456768	4.3269711061477e-05	0.00021160912573582	1.56241237106745
9580	-0.0450146583507694	8.69526741567221	-0.654650195276547	0.51396630572064	0.610667676244603	-6.57973138613137
9581	0.307556194047979	8.2861943020343	3.69072826214963	0.00033976337775794	0.00126302677780404	-0.377162301412239
9583	-0.377499792644224	7.14280816456352	-4.51477001714989	1.51012767661072e-05	8.67430779471806e-05	2.56176966932267
9584	-0.245392479457436	8.28764243831599	-2.78153446787864	0.00629978590940907	0.0156452891195788	-3.06214455252467
9586	0.642821299017618	8.4713754002179	4.73391719210558	6.17376776004174e-06	4.01854386902638e-05	3.41440625092563
9587	-0.128628352452442	7.99876551594052	-1.67734079628774	0.0961214043778511	0.158033996847343	-5.40825784623289
9588	-0.258940082662143	11.3319339664875	-3.95773224013736	0.0001296593554002	0.000549223731079821	0.526289922120248
9589	0.0590302085533779	10.7090134529817	1.03823414167798	0.301282676274758	0.400675399457334	-6.25841327095403
9590	0.265390686418322	8.46969531905332	1.81786796294575	0.0716198472570134	0.123735607266875	-5.16990043975258
9592	-0.10753503368138	7.69202399227184	-1.44283368281384	0.151715129957189	0.229598981805165	-5.76516601004651
9595	-0.0948513049542773	6.59403954278181	-0.745491422625385	0.457456263869752	0.558551726446465	-6.51665474023479
960	1.01519428118489	9.51872561776143	6.74182242425517	6.08583355214244e-10	1.43625671830562e-08	12.3139297881763
9600	-0.110905724621229	8.89776665208751	-1.80966285760816	0.0728920366796925	0.125644453876098	-5.18431671443537
9601	-0.589214730936912	8.28084101910015	-6.37736701891775	3.64631459655608e-09	6.45196845616189e-08	10.57679901708
9603	0.302638077412318	11.857014476501	3.87947275046836	0.000172770105544665	0.000706262783004988	0.25642919429045
9604	0.217640304777928	10.4785871571439	3.43867996543551	0.000808359306457831	0.00267509930742856	-1.18395803605496
9605	0.0348180311311949	7.51184240226691	0.452600044222007	0.651667320541361	0.734348167485899	-6.6908456556227
961	0.406370639917145	9.28655080191779	4.30964783495	3.404744197686e-05	0.000172429105290536	1.78953769829658
9611	-0.0336627144016141	6.29682404400747	-0.30197620444104	0.763201486991448	0.827343475724455	-6.747376901846
9612	-0.21499969083099	10.0351481863334	-2.25465022647518	0.0259988351002071	0.0525447462509691	-4.31477779755347
9615	0.168367528577756	5.17537014619764	1.71871891492301	0.0882865581609961	0.147620844212516	-5.33996459651635
9616	-0.020232056414642	12.1697231526655	-0.421865289868454	0.673890493792126	0.75262749574907	-6.70420861596686
9617	-0.41518489148881	6.559339559069	-4.09492174374536	7.76752762523805e-05	0.000352526253760804	1.00921190508024
9618	-0.0629398341138617	6.41833209658332	-0.624790550195524	0.53331413119112	0.629940615420943	-6.59869081283801
9619	-0.174747486940383	7.87181424162413	-1.28190747442431	0.20238666007887	0.290985868102953	-5.98010386752773
9623	-0.608206740462723	8.78520528544851	-3.28186671789846	0.0013564364775481	0.00419946225807621	-1.66240406233331
963	1.21705952933708	6.94529404124555	7.42947975350672	1.87120561395818e-11	7.491041940018e-10	15.6998573136085
9631	-0.42803923573106	9.14596901675172	-5.18710506637965	8.96751881952769e-07	7.52761234240841e-06	5.26207614825874
9632	-0.174643526385906	10.723112002768	-3.02060018690681	0.00309306600068338	0.00854472413566712	-2.41795124546784
9636	-0.81261776385286	8.86106558715389	-3.59212114647008	0.000479322189843932	0.00170581701340408	-0.698245962661251
9637	0.202907509301053	11.6585112360288	3.27992834076917	0.00136499832223008	0.00422280379835973	-1.66820265132853
9638	1.08223162060177	8.82715163943258	7.55901917311431	9.58465084945095e-12	4.49825091002641e-10	16.3512736468503
9639	0.423802148546091	7.87863146557917	4.94019236880591	2.59874757071226e-06	1.90509132356913e-05	4.24176964670604
9643	-0.165780425196958	11.7640153811324	-1.33906740356459	0.183121082894669	0.267476594997342	-5.90657726051747
9644	0.157411555348578	10.234172761535	1.6663206238865	0.0983004898116266	0.160975821935772	-5.42617895758042
96459	0.0163774855622301	9.22559142067758	0.21299915041487	0.831694966141942	0.879503318439693	-6.77018309585472
9646	-0.184176476896693	8.3709156012661	-2.52249971647723	0.0129832603061633	0.0293010191609041	-3.70735846613926
9647	0.409704932270749	9.9966664041574	5.31428296894946	5.12488874229596e-07	4.68788272551103e-06	5.79972614461438
9648	-0.149595881774019	6.9057030799786	-1.19152350369098	0.235837823571127	0.328613431629134	-6.08999613180511
9649	0.312873955811403	7.6861659406705	3.04763219370607	0.00284659289137905	0.00795159191166417	-2.34224050112902
965	0.475767866782936	7.40837445669205	4.85063336673016	3.79400027253307e-06	2.63569741388757e-05	3.87967506799838
9650	-0.2931579038704	8.71976217981883	-4.32176193557718	3.24731247656562e-05	0.000166141308458665	1.83442828015573
9652	0.0603391313321929	9.8876411103391	1.33858707398809	0.183277032946826	0.267562441170164	-5.90720808893958
9653	0.436894277851959	7.54669335983063	4.54083714012886	1.35958307873657e-05	7.91413405945318e-05	2.66172105448551
9655	0.272161238207213	6.88122715197378	4.44182245148845	2.02193537232586e-05	0.000110915988352985	2.28421493425544
9656	-0.238574271247207	9.56494672618877	-3.54275520197496	0.000568066357252561	0.00196904243009071	-0.856377814888797
966	0.677544241108036	9.24568697758418	5.1696802857617	9.67622090481527e-07	8.01660829225417e-06	5.18904113930386
9662	0.07939228910046	8.44647490059313	1.48130996674034	0.141187896908291	0.215845276413564	-5.71014313829174
9663	0.0475373985842251	8.90584439429581	0.597324331971359	0.551434718655667	0.645620237575593	-6.61535424556427
9665	0.229078771955704	9.95424173462342	3.8773573793517	0.000174106546756983	0.000709832219256013	0.249192304938702
9667	-0.0734666637526283	9.3525474760509	-1.48804638754552	0.139404712426164	0.21363319566607	-5.70036625108633
9669	-0.227769373948313	9.22945938986357	-3.84351478782047	0.000196873199735723	0.000789021169246519	0.133828185464344
9670	0.187653980336529	7.98730314489265	2.53496553944802	0.0125536707975853	0.0284871760406744	-3.67759389380996
9673	-0.0487379704427875	9.04494573682551	-0.991689136757297	0.323377249218916	0.424969527047419	-6.30505489509612
9674	0.504071423348641	7.59214299973297	5.79508295309111	5.78964338524716e-08	7.10586246094228e-07	7.90130336082176
9675	0.0577821387332145	6.79620209769018	0.858803996469072	0.392188887014956	0.494275283299288	-6.42662135631662
96764	-0.213241686693291	6.64660916959423	-2.3955384278437	0.0181675863209854	0.038957492993598	-4.00297352246545
9679	0.127914360929501	7.461452555518	1.48909062669306	0.139129872629895	0.213251576901639	-5.69884687384315
968	-0.115897326922053	11.4946615472923	-0.730633472743211	0.466450454667278	0.566350250705824	-6.52752651520007
9681	-0.0231455411903172	6.66106187364407	-0.315654462988129	0.752822079196173	0.81916880176003	-6.74317305361818
9682	-0.0760557647995354	5.53549600988288	-0.993370959642215	0.322560725653409	0.424124736373314	-6.30340618941239
9683	0.186310622851086	7.58343789296906	2.96827976042883	0.00362695780021284	0.00975217168937437	-2.56284849305951
9684	0.0357208754085486	7.6880231731037	0.536686464157427	0.592494070533746	0.682206995891107	-6.6495053433721
9685	-0.0438352645551012	10.8650169050304	-0.823255399272729	0.412022544255143	0.51439410458432	-6.45622048921291
9686	0.160697112064019	9.43064017021362	2.3958913566385	0.0181509353364798	0.0389420067219022	-4.0021708847433
9688	-0.11836017545944	8.88102085090151	-1.35855276012993	0.17687837071935	0.260523420496048	-5.88080172002542
9689	-0.333761367598456	8.90669493556654	-2.71021083098759	0.00772625250332433	0.0186495750080242	-3.24535722748915
9690	0.0811651135503402	10.409573360872	1.77548652473805	0.0783940644395963	0.133539899416594	-5.24370032087714
9694	-0.126274254445648	8.03055042440124	-1.56106279770998	0.121185451330016	0.190266456564519	-5.59165880536559
9695	-0.443788032277278	9.58285151537199	-5.60547502198622	1.38448871266512e-07	1.53090719767254e-06	7.06000023160508
9696	0.0251525421440779	5.34971140136536	0.431848890643648	0.666638855987953	0.746433096171952	-6.69997058472794
9697	0.0114928408953452	10.4349330256952	0.179724249047455	0.857677145057236	0.897442768960321	-6.77668890759097
9698	0.0455666212770594	11.035048842896	0.831440140419559	0.407403408319289	0.510026091651611	-6.44951510223725
9701	0.0382175322287449	9.29510355516167	0.457275333849791	0.648313459155606	0.731766763135462	-6.68873088678685
9702	-0.0145977907885158	7.87837616493495	-0.139724493698436	0.889115747476568	0.921236336447121	-6.78305106724518
9706	0.449655647942175	7.18032967754958	4.94356144775201	2.56181303987577e-06	1.88428991178752e-05	4.2554757912068
9716	-0.161554282335494	8.28798289954614	-3.05860929802769	0.00275179280908997	0.00773912448181245	-2.31133189300609
9728	-0.284708181054103	11.293232969174	-3.45363453185908	0.00076875082173468	0.00255631311897281	-1.13737602863327
9730	-0.228428694399207	6.16620939430285	-3.23562661512334	0.00157498960443002	0.00478815389495471	-1.7999520737077
9731	-0.376951351821496	6.34136130331961	-3.48376377798639	0.000694427931612538	0.00235080930947523	-1.04302731967697
9733	-0.0903496015561391	6.22638980595668	-1.27819825342127	0.203686690097353	0.292447776847581	-5.98476748638958
9735	-0.474540202947029	8.60116060498534	-5.33949553002697	4.58273142022069e-07	4.25318668887898e-06	5.90725807717778
9736	-0.280085458087665	8.16720411224196	-4.19080912016112	5.39261754554202e-05	0.000257623024442898	1.35404159153665
9738	-0.197900582927846	9.50786462651496	-1.72115675897508	0.0878417156001157	0.146906776848948	-5.33589164067483
9741	0.281506923203787	10.2887957330516	2.89348655500492	0.00453842607330696	0.0118256780332856	-2.7661956456959
9743	0.0400816655094823	8.58755481999529	0.690408816469468	0.491292141259158	0.589858461120145	-6.55587072995028
9748	0.127541700569643	9.68769821145214	1.7218544284246	0.0877147467095373	0.146813334918091	-5.33472502025469
9749	0.499670810562323	10.9363736956178	5.41689090028791	3.24542570916275e-07	3.13168415393508e-06	6.23926311860624
975	0.430958139665432	13.1406542061004	6.84260999268164	3.68268204604426e-10	9.24588258368558e-09	12.8018514498299
9750	-0.266014927837334	10.9758052990585	-1.9409590320473	0.0546466448356105	0.0987057262939301	-4.94626235452958
9754	0.823588839061127	6.50395802481456	5.35680998743095	4.24329218515749e-07	3.97518137806396e-06	5.98128279896671
9757	-0.190636259965779	7.98692522617225	-3.2435126824889	0.00153553151570731	0.00468717306716274	-1.77660885559348
9759	0.0712206892813521	6.72951924601522	0.700474024740127	0.485009412518462	0.584304679553005	-6.54892754996797
976	0.199163087907592	10.4338817728858	1.13590873084444	0.258295260654246	0.353817388557889	-6.15371857757635
9761	-0.325769893640708	10.5866448567674	-4.56534908809349	1.23131579477422e-05	7.2699560148928e-05	2.75607563267526
9764	0.147865007725886	6.12911226499104	1.61721905694576	0.108499735331647	0.174054731761392	-5.50465777484805
9765	0.09699273915044	8.3388179453832	0.902496912204149	0.368630491156442	0.470325588037104	-6.38854926421683
9766	0.263424899200273	8.06674347243107	3.14610555409028	0.00209428134831991	0.00613648951299129	-2.06159806388386
9767	0.0470808151732197	10.3978028351666	0.738471577645582	0.461693354750446	0.562475974961458	-6.521818282214
9768	-0.134974077792	13.7688796727259	-3.51098039517347	0.000633153692701686	0.00216736407033399	-0.957228390537877
977	0.0992141238093492	12.5173432297843	1.56352665601341	0.120605232602943	0.189499566539911	-5.58790342499057
9770	0.230246555159858	7.15063870704667	3.95050038633724	0.000133166130440217	0.000562347769650403	0.501179559076459
9772	-0.00261666262647987	7.36290095999048	-0.0352414007651745	0.971946762547543	0.983496295313329	-6.79215446012231
9774	0.0376547030775592	11.2951686922189	0.970107367166277	0.333976153024448	0.435084618689831	-6.32596781092991
9775	-0.0848490074528018	11.808703524899	-1.50904844918438	0.133957868094707	0.206396566025421	-5.66961095716714
9777	0.170576475266042	10.1652492346366	3.39086367099003	0.000948256515606164	0.00306679671844437	-1.33179239832885
9778	0.0897372183600185	7.18280167057243	1.19712681151786	0.233655234135214	0.326287782579353	-6.08341107726495
9779	-0.0938039953177636	5.36866326774264	-1.30903704732104	0.193063856464456	0.279760456778728	-5.94559449997123
978	0.347452304929774	5.75377012697922	2.12120609066935	0.0359960446632226	0.0693555700765614	-4.59410411251662
9780	0.145826900878026	9.16906032375405	1.71343734667485	0.0892566155681801	0.14909194026151	-5.34876979517232
9781	0.097626379355968	8.43312579700457	1.40613148554092	0.162311487754305	0.242791178712524	-5.81634926127601
9782	0.0676994727505828	12.5922016614153	1.47654826949383	0.142459030812761	0.217466567088044	-5.71702824271194
9784	0.165675275094069	10.3863620901309	3.29243750791482	0.00131062123912786	0.00407288616824534	-1.63073186276919
9785	-0.0186591957207931	7.2417393815007	-0.232673804929152	0.816417576237126	0.868069715519368	-6.76581813161364
9786	-0.279025546374084	7.0692468176137	-3.24727032611663	0.0015170561812176	0.0046376328855875	-1.76546933723403
9787	-0.43721520427313	8.88743568647738	-2.96861118836885	0.00362332377765826	0.00974874736268966	-2.5619374668873
9788	0.590951668408384	10.2678062760498	6.42243135047809	2.92902274707338e-09	5.37638397573914e-08	10.7891644581972
9789	-0.177687427471904	12.0423304847148	-3.06916423061538	0.00266340090467271	0.00753156161335042	-2.28152282392023
9790	-0.288678012243121	10.0923624367087	-5.06220877071564	1.54184537715245e-06	1.21523309306099e-05	4.74200578437596
9791	0.0735812005009684	10.2318887683644	1.01695241023711	0.311255489644	0.411618691075798	-6.27999993272733
9792	0.0158289115859118	10.8533750156552	0.210839901856304	0.833375666320417	0.880641288624747	-6.77063869082958
9793	-0.0685427010157302	10.6417118565567	-1.54044990451755	0.126126661217247	0.19660430678514	-5.62285405646014
9794	-0.0535034817623005	6.36422665785938	-0.809944403640973	0.419601561814207	0.522446322065926	-6.46698553756953
9798	0.23834384350158	10.2794901737686	3.44889863325117	0.000781092441136069	0.00259109380071644	-1.15214570472179
98	0.843149096347	6.64250877082764	5.78754036112554	5.99565904197149e-08	7.30444597148739e-07	7.86753874916536
9801	-0.167416468997811	10.5060903141	-1.925451079335	0.0565779838694512	0.101550227457989	-4.97519586111156
9802	0.305817374600666	11.7183048984562	3.51450181403712	0.000625608557762752	0.00214331260353394	-0.946087846114932
9804	-0.25693014653789	11.6505164874899	-5.1922441910578	8.76834534493209e-07	7.39046250501419e-06	5.28364576598681
9805	0.261808399465286	7.92036170632346	2.80347674999717	0.0059118958603576	0.014812466690885	-3.00494173528382
9806	0.170064203239024	5.72334392229584	2.15315414937202	0.0333404524470837	0.0648591938796305	-4.52866073535293
9807	0.0682689874532432	9.51214885180089	1.17833836300512	0.241031203040771	0.334254903974967	-6.10537244608553
9810	0.032662900878837	8.53501931987232	0.517887853590508	0.605505590023421	0.693320370715647	-6.65935477151662
9811	0.276963920701824	6.65671967482985	2.93422395323086	0.00401877448430341	0.0106531056612151	-2.6559940921943
9812	0.202767599056699	8.79225787161176	3.13324512029634	0.0021807823595051	0.00635612642537479	-2.09867809956607
9813	0.211791119254326	10.1355484815769	3.42339299960516	0.000850824799265303	0.00279337837529008	-1.2314049870328
9815	0.0291272665929528	6.33136297015866	0.32089488009628	0.748857360882998	0.816275385974466	-6.74151322451407
9816	-0.265239938822324	7.91258653945508	-3.11309429937523	0.00232301284110828	0.00672322567188312	-2.15652015202322
9817	0.0396135725498646	7.92039433649067	0.53369654098755	0.594554852653435	0.68370083292738	-6.65109526760178
9819	0.117322794874217	10.425245351615	1.70000730929938	0.0917624928903428	0.152384035238084	-5.37104365885518
9820	0.0811433796998271	6.53112144163529	0.905194957194596	0.367205580943777	0.468976613380383	-6.38613722493188
9821	0.144698147590074	9.54460154146204	2.96052818313005	0.00371291508309326	0.00996059713749606	-2.58413102284897
9823	0.291376428089852	8.67290451662839	2.88594620267621	0.00464112172917487	0.0120212184016884	-2.78644736682036
9825	0.0535938648700064	6.19830652274317	0.789587806867607	0.431351395061381	0.533457482139093	-6.48311295557672
9828	0.173402537320535	6.9136072123768	1.83409089739164	0.069158711549297	0.120086390035147	-5.14121564048981
983	-0.339724915079231	10.2434457300677	-2.85319506076344	0.0051123666995929	0.0131102604590616	-2.87387760772293
9833	-0.485545930740142	9.63331819606398	-4.40017838149623	2.38529529172988e-05	0.000127772627170485	2.12720383871356
9836	-0.116837125758855	8.36389366324304	-1.85543758605256	0.0660278491639595	0.115744913857026	-5.1031048454134
9839	0.990730103812497	8.19938284034412	8.3888348308115	1.22069992609856e-13	1.30947810254209e-11	20.6045000401272
9841	-0.0730443033420385	8.23968341327434	-1.29366043916381	0.198307862742582	0.285817997950397	-5.96524006774935
9844	0.400226096604361	9.41763968014152	4.80487778031142	4.59580470772149e-06	3.09635782102606e-05	3.69637511322532
9846	-0.459509597853219	10.8886423128501	-5.00786630285409	1.94722075031553e-06	1.48513789451581e-05	4.51824356407482
9847	0.0125457654513246	9.56772656512062	0.218019375281605	0.82779038413802	0.876449604171377	-6.76910591483064
9849	-0.291746200193858	9.15815665487381	-4.02989637653859	9.91699991446333e-05	0.000438514021913636	0.778766839250313
9851	0.101460349829319	6.36605556519485	1.6764225407584	0.0963014686213527	0.158235554169957	-5.40975542193548
9852	0.269044739409956	8.89006176293388	4.52410593197178	1.45444770566511e-05	8.39534454842337e-05	2.59752086165053
9853	-0.0285900561961389	6.22868678015713	-0.283463925488692	0.777317680548522	0.838642116161284	-6.7527703390066
9855	0.0160875317776479	5.92944315800199	0.229691869261142	0.818728669113922	0.869688632572144	-6.76650445278514
9857	-0.0181650222967997	8.92491022488051	-0.21951764918099	0.826625901127533	0.875600146616238	-6.76877957479078
9860	-0.0430833997347273	8.0152430934829	-0.668712834108634	0.504984048893525	0.602421756767839	-6.57049800433897
9861	0.150439497044806	12.3059644685405	3.79181149021937	0.000237199794573699	0.000925493766262993	-0.0409045945778193
9862	-0.106462828697596	8.27007156296515	-1.3974472655933	0.16489959923635	0.245949925910483	-5.82827343469141
9867	0.0266738647908368	11.55673446227	0.400074586611756	0.689824500575323	0.767607486831761	-6.71311548147538
9868	0.00146801052685202	10.4041203482681	0.0336325614184421	0.973226949541732	0.98406838085625	-6.79220964319157
9869	0.083810628009946	8.55408711685709	1.52969895262498	0.128766157280642	0.19988882900547	-5.63896642085814
987	-0.366925961101852	7.77226949563171	-4.46266353783635	1.8607436636699e-05	0.000103291281330063	2.3631863829079
9871	-0.216102935609442	10.3742316420775	-2.55059734773323	0.0120330115645974	0.0274413792168896	-3.64008431524428
9873	0.244805236788656	7.66057459744497	3.54775821837208	0.000558412017557876	0.00193964813499918	-0.840431946763826
9874	0.0372532024037937	9.05518307107875	0.454291280383181	0.650453268231185	0.733244261367653	-6.6900831605735
9877	-0.123618494269064	6.56250804058842	-1.3579117228881	0.177081158763766	0.260664613185551	-5.88165543463211
9878	0.121642315797774	8.1848738042036	1.93992867807873	0.0547732139060135	0.0988047055828067	-4.94819145646962
9879	-0.0165986164294387	7.99615564184861	-0.242164622853643	0.809072746844284	0.861758979875408	-6.76357485882164
988	0.0316115700116105	9.28547467517867	0.505984856812399	0.613810726951428	0.700469667797673	-6.66541054783318
9882	-0.00206641650456115	8.013177257108	-0.0304063824680511	0.975794294489031	0.985337514973031	-6.79231253275174
9885	-0.0617144246904104	9.52112477104803	-0.878100454804519	0.381672653804371	0.483159558685687	-6.41003709837318
9886	0.141041594374385	10.67124977834	1.34087417240434	0.182535365607082	0.266857012374247	-5.90420242210577
9887	-0.0820787722504749	9.27532347207967	-1.54705976977612	0.124525158777753	0.194401400775701	-5.61289412530049
9889	-0.117888237519532	7.55948079817877	-1.83655640898019	0.0687909067352854	0.11957341953566	-5.13683515211997
989	0.519982693749993	9.89698907860454	3.49901313942164	0.00065944086758067	0.00224490913684076	-0.995021113136491
9891	0.00291161606260689	7.98290863579611	0.0284781710387428	0.977328859290843	0.986404738238315	-6.79236907789795
9896	0.429109111506147	7.9445298088934	4.79373574229968	4.81465963050915e-06	3.23325923154517e-05	3.65191486758
9897	0.156648561568254	9.98494230749318	2.73304989500457	0.00724039104266884	0.0176469843648405	-3.18714458681155
9898	-0.00311361339190935	9.45159356115823	-0.041334951950285	0.967098688627721	0.979550603073571	-6.79192207829035
9904	0.166111297458568	5.4325014850809	2.33376413829024	0.0212991241884039	0.0445394343787889	-4.14180717638751
9905	-0.0107448416908795	10.8700465487591	-0.198965405929492	0.842632035413928	0.886529182590631	-6.77306127480064
9908	-0.117020113380048	10.9312342419046	-2.73972513776685	0.00710372542125594	0.0173754136747332	-3.17004945079757
991	-0.696478086099768	10.3676743595137	-4.3291377199413	3.15491417345955e-05	0.000162466278508578	1.86180494858012
9910	0.231791102714965	6.93331873665976	2.58639699396209	0.0109129401741766	0.0252071828407995	-3.55340473410377
9912	1.35440240244033	7.05808536557983	8.89207396290591	8.22321646413437e-15	1.358475359875e-12	23.2367659419295
9915	-0.0441085828268878	6.79395366450185	-0.264844616059625	0.791590977502403	0.848145653314866	-6.75785136000891
9917	0.208787629801949	10.0235701098788	3.16698767708043	0.00196058537275632	0.00578786103608548	-2.00111676095824
9918	-0.259436666905994	9.03565062834572	-2.56915239453732	0.0114402041465724	0.0262635036827926	-3.59529271132012
9921	0.112413110969471	7.35750596437477	1.51101606177721	0.133456232416527	0.205777203614059	-5.66670835581204
9922	0.0368088415002996	7.54431190138275	0.346691956529703	0.729439889145854	0.800368422468751	-6.73294471152262
9924	-0.108520627006419	8.28492357148895	-1.85760504989382	0.0657166736914529	0.115297307708454	-5.09921196301005
9925	-0.114806482304414	7.40925097647657	-2.38473840066448	0.0186837185713916	0.0398779109559935	-4.02748333464616
9926	0.161308504605368	6.60298704651957	2.1321596126937	0.0350656797133092	0.0678160886049951	-4.57176849555441
9927	0.0051346393087507	8.59559419023639	0.0888671276960676	0.929338075122768	0.951218401550689	-6.78884009518038
9929	-0.029985368247115	8.43278662403369	-0.498708427968129	0.618912666658679	0.704841944933226	-6.66904346546965
993	-0.373095003329926	7.56693257294655	-2.71979638498341	0.00751884199668405	0.0182288332528941	-3.22097776178313
9931	0.0168623187491532	8.23382719043618	0.269535019926783	0.787988497839724	0.846287077215518	-6.75660387056111
9933	-0.454064221851759	9.66195940113347	-5.73137532137881	7.77310695184254e-08	9.13312424213647e-07	7.61688038410562
9935	1.7517517588492	8.33582411302968	6.31773110841009	4.8672912066702e-09	8.25540561952686e-08	10.2968703100854
9937	-0.0763138330405807	7.52045646703784	-1.16862245576643	0.24490996292796	0.338400182968375	-6.11659607039732
994	0.548570710822952	8.78773054936516	6.67393293532542	8.52174647481036e-10	1.92336381335685e-08	11.9870448311785
9943	-0.275842224273166	9.72693520414285	-5.47636846704958	2.48493903588624e-07	2.51847809035832e-06	6.49633757790009
9945	-0.504924177195301	7.14604256746005	-4.28764814717285	3.70960840059121e-05	0.000186156533346801	1.70824823859131
9946	0.150283698478103	9.41787070723122	3.46536552772094	0.000738965098956527	0.0024719881044194	-1.10071998840103
9948	0.122637404603091	11.6261343830678	2.28935713144415	0.0238354796474211	0.0489388669867508	-4.23956741771876
9949	0.146521286582341	10.1563851893427	2.30243628114999	0.0230622132070715	0.0476061724605692	-4.21095225849149
995	-0.322571193864775	6.68736293186018	-3.06342986508983	0.00271109172098823	0.00765070639404263	-2.29772856456068
9950	-0.0472907809808008	10.8145625157692	-0.772148081770312	0.441569576834692	0.543436218814683	-6.49660645700412
9958	0.0655512788244064	7.83394598517373	1.1151103620601	0.267067768691601	0.363423355748373	-6.17678383198051
9960	-0.371274646255786	10.0186941046666	-7.08643048269128	1.07957473670413e-10	3.26640561361763e-09	13.9945801661299
9961	-0.26592848217457	9.48349066841068	-3.5747157994413	0.000509000368287987	0.00179289681964127	-0.754200173915574
9962	0.578185034934306	7.97072695272901	5.34659852376501	4.44038843286703e-07	4.13036131255424e-06	5.93760808403832
9966	0.0883001323521263	8.60771064196557	0.603807759527601	0.547129837979575	0.641853779535761	-6.61148793394188
9967	-0.186156688888189	8.02072852686602	-2.36612867483804	0.0196036086085389	0.0415322371507572	-4.06948087646895
9968	0.353204130941951	7.20262093883348	2.8225224415992	0.00559301870740238	0.0141539015083161	-2.95497204404121
9969	-0.249697866721375	6.34688323916747	-3.26152552986919	0.00144883617759795	0.00445712730985439	-1.72311212543069
997	0.135519880675804	8.4839547451191	2.259170803377	0.0257076511436732	0.0520709167353459	-4.30504122426707
9972	-0.114707429307872	8.92899814284455	-2.26153716054358	0.0255563690318493	0.0518789894822008	-4.29993735963157
9973	0.129761463283777	7.58399003964032	1.86280113114085	0.0649756724745746	0.114118446659576	-5.08986207879684
9975	0.441794089399631	6.93752885825804	4.0362941518331	9.68258520022796e-05	0.000429297658367595	0.801316944266634
9976	0.194702780478463	5.15317527538614	2.60218374532994	0.0104495354634394	0.0242725430056269	-3.51483901121056
9978	0.069262073384919	12.2918693480775	1.85928454770478	0.0654763965349076	0.114900156230792	-5.09619254855152
9984	-0.0980034908974557	8.87072467908603	-1.54734850940254	0.124455567976221	0.194372088271324	-5.61245811121168
9986	-0.121824052057103	9.1760321804266	-2.44426835579542	0.0159927363642423	0.0350490852662885	-3.89113910781994
9987	-0.248968718295756	10.2634405694764	-3.23661085115407	0.0015700138342437	0.00477654300952228	-1.79704126820039
9988	-0.062991956249777	9.38792411510137	-0.919920418838469	0.359490056666281	0.460870381509154	-6.37284764313642
9989	0.18393674635835	10.9021779321001	3.22928208024841	0.0016074187057931	0.00487418447498201	-1.81869782315925
999	0.03722772765959	11.2661375613381	0.585271033715845	0.559482440349163	0.652453050583663	-6.62243181951118
9990	0.0473086536709878	5.89258792671006	0.778795551402412	0.43765827044489	0.539480273671809	-6.49149833613935
9991	-0.17636674890227	11.51827269333	-3.08856466425657	0.0025077515188629	0.00715510450632385	-2.2265048641764
9993	0.0205869484551649	7.93631501992878	0.350629692815443	0.726490992156603	0.797998056280756	-6.73157865132153
9997	-0.220179976604577	8.54385982534656	-2.8699087585187	0.00486666466431678	0.0125617191827129	-2.8293680530785
