"gene","n_datasets_with_gene","non_imputed_First.trimester","non_imputed_Second.trimester","in_both_groups"
"100049587",1,42,7,TRUE
"100101267",1,42,7,TRUE
"100127206",1,42,7,TRUE
"100129583",1,42,7,TRUE
"100130742",1,42,7,TRUE
"100132247",1,42,7,TRUE
"100132406",1,42,7,TRUE
"100134934",1,42,7,TRUE
"100134938",1,42,7,TRUE
"100169851",1,42,7,TRUE
"100287171",1,42,7,TRUE
"100287284",1,42,7,TRUE
"100310812",1,42,7,TRUE
"10063",1,42,7,TRUE
"100874261",1,42,7,TRUE
"100885850",1,42,7,TRUE
"10094",1,42,7,TRUE
"10124",1,42,7,TRUE
"10168",1,42,7,TRUE
"10224",1,42,7,TRUE
"10239",1,42,7,TRUE
"10349",1,42,7,TRUE
"103910",1,42,7,TRUE
"10410",1,42,7,TRUE
"10412",1,42,7,TRUE
"10447",1,42,7,TRUE
"10452",1,42,7,TRUE
"10476",1,42,7,TRUE
"10477",1,42,7,TRUE
"10588",1,42,7,TRUE
"10597",1,42,7,TRUE
"10605",1,42,7,TRUE
"10620",1,42,7,TRUE
"1066",1,42,7,TRUE
"1082",1,42,7,TRUE
"10901",1,42,7,TRUE
"10951",1,42,7,TRUE
"10965",1,42,7,TRUE
"10971",1,42,7,TRUE
"11077",1,42,7,TRUE
"11102",1,42,7,TRUE
"11143",1,42,7,TRUE
"11158",1,42,7,TRUE
"11159",1,42,7,TRUE
"11173",1,42,7,TRUE
"1120",1,42,7,TRUE
"11200",1,42,7,TRUE
"1122",1,42,7,TRUE
"11224",1,42,7,TRUE
"11238",1,42,7,TRUE
"112398",1,42,7,TRUE
"112495",1,42,7,TRUE
"11272",1,42,7,TRUE
"112970",1,42,7,TRUE
"113457",1,42,7,TRUE
"114335",1,42,7,TRUE
"114336",1,42,7,TRUE
"114902",1,42,7,TRUE
"114928",1,42,7,TRUE
"1159",1,42,7,TRUE
"116150",1,42,7,TRUE
"1163",1,42,7,TRUE
"1176",1,42,7,TRUE
"1187",1,42,7,TRUE
"124801",1,42,7,TRUE
"124944",1,42,7,TRUE
"125919",1,42,7,TRUE
"126017",1,42,7,TRUE
"126432",1,42,7,TRUE
"126637",1,42,7,TRUE
"129868",1,42,7,TRUE
"130075",1,42,7,TRUE
"1337",1,42,7,TRUE
"136319",1,42,7,TRUE
"1375",1,42,7,TRUE
"1394",1,42,7,TRUE
"139741",1,42,7,TRUE
"140290",1,42,7,TRUE
"140825",1,42,7,TRUE
"143",1,42,7,TRUE
"1431",1,42,7,TRUE
"144983",1,42,7,TRUE
"1454",1,42,7,TRUE
"145553",1,42,7,TRUE
"145781",1,42,7,TRUE
"146779",1,42,7,TRUE
"147040",1,42,7,TRUE
"148003",1,42,7,TRUE
"1500",1,42,7,TRUE
"150094",1,42,7,TRUE
"151313",1,42,7,TRUE
"1565",1,42,7,TRUE
"163059",1,42,7,TRUE
"166655",1,42,7,TRUE
"1667",1,42,7,TRUE
"1668",1,42,7,TRUE
"167555",1,42,7,TRUE
"168417",1,42,7,TRUE
"170958",1,42,7,TRUE
"1719",1,42,7,TRUE
"1876",1,42,7,TRUE
"1911",1,42,7,TRUE
"1933",1,42,7,TRUE
"1937",1,42,7,TRUE
"196483",1,42,7,TRUE
"1973",1,42,7,TRUE
"1975",1,42,7,TRUE
"200030",1,42,7,TRUE
"200350",1,42,7,TRUE
"201965",1,42,7,TRUE
"2073",1,42,7,TRUE
"2171",1,42,7,TRUE
"2182",1,42,7,TRUE
"219473",1,42,7,TRUE
"219493",1,42,7,TRUE
"219858",1,42,7,TRUE
"220032",1,42,7,TRUE
"220869",1,42,7,TRUE
"2209",1,42,7,TRUE
"2212",1,42,7,TRUE
"221357",1,42,7,TRUE
"2214",1,42,7,TRUE
"221960",1,42,7,TRUE
"222967",1,42,7,TRUE
"226",1,42,7,TRUE
"2286",1,42,7,TRUE
"22932",1,42,7,TRUE
"2298",1,42,7,TRUE
"23117",1,42,7,TRUE
"23295",1,42,7,TRUE
"23308",1,42,7,TRUE
"2342",1,42,7,TRUE
"23420",1,42,7,TRUE
"23559",1,42,7,TRUE
"23678",1,42,7,TRUE
"23779",1,42,7,TRUE
"24150",1,42,7,TRUE
"246184",1,42,7,TRUE
"246721",1,42,7,TRUE
"2483",1,42,7,TRUE
"253314",1,42,7,TRUE
"253714",1,42,7,TRUE
"2547",1,42,7,TRUE
"25764",1,42,7,TRUE
"2577",1,42,7,TRUE
"25832",1,42,7,TRUE
"25843",1,42,7,TRUE
"26024",1,42,7,TRUE
"26140",1,42,7,TRUE
"26149",1,42,7,TRUE
"2629",1,42,7,TRUE
"26292",1,42,7,TRUE
"26472",1,42,7,TRUE
"2653",1,42,7,TRUE
"26580",1,42,7,TRUE
"267004",1,42,7,TRUE
"26986",1,42,7,TRUE
"27094",1,42,7,TRUE
"27111",1,42,7,TRUE
"27328",1,42,7,TRUE
"276",1,42,7,TRUE
"277",1,42,7,TRUE
"278",1,42,7,TRUE
"279",1,42,7,TRUE
"2790",1,42,7,TRUE
"283116",1,42,7,TRUE
"283820",1,42,7,TRUE
"283953",1,42,7,TRUE
"284194",1,42,7,TRUE
"284254",1,42,7,TRUE
"284417",1,42,7,TRUE
"284467",1,42,7,TRUE
"284565",1,42,7,TRUE
"285596",1,42,7,TRUE
"285636",1,42,7,TRUE
"285966",1,42,7,TRUE
"286527",1,42,7,TRUE
"2876",1,42,7,TRUE
"28957",1,42,7,TRUE
"29057",1,42,7,TRUE
"29128",1,42,7,TRUE
"2939",1,42,7,TRUE
"2944",1,42,7,TRUE
"2946",1,42,7,TRUE
"2966",1,42,7,TRUE
"29964",1,42,7,TRUE
"29970",1,42,7,TRUE
"3013",1,42,7,TRUE
"3020",1,42,7,TRUE
"3039",1,42,7,TRUE
"3040",1,42,7,TRUE
"3047",1,42,7,TRUE
"3050",1,42,7,TRUE
"30851",1,42,7,TRUE
"3125",1,42,7,TRUE
"3126",1,42,7,TRUE
"3150",1,42,7,TRUE
"3151",1,42,7,TRUE
"317749",1,42,7,TRUE
"317772",1,42,7,TRUE
"3188",1,42,7,TRUE
"3205",1,42,7,TRUE
"3315",1,42,7,TRUE
"3329",1,42,7,TRUE
"3336",1,42,7,TRUE
"338879",1,42,7,TRUE
"339122",1,42,7,TRUE
"339318",1,42,7,TRUE
"340260",1,42,7,TRUE
"340307",1,42,7,TRUE
"342931",1,42,7,TRUE
"343066",1,42,7,TRUE
"344",1,42,7,TRUE
"344167",1,42,7,TRUE
"344787",1,42,7,TRUE
"344805",1,42,7,TRUE
"3481",1,42,7,TRUE
"349334",1,42,7,TRUE
"353376",1,42,7,TRUE
"359787",1,42,7,TRUE
"3688",1,42,7,TRUE
"374928",1,42,7,TRUE
"375307",1,42,7,TRUE
"375519",1,42,7,TRUE
"375593",1,42,7,TRUE
"375611",1,42,7,TRUE
"3856",1,42,7,TRUE
"386617",1,42,7,TRUE
"3875",1,42,7,TRUE
"387522",1,42,7,TRUE
"387700",1,42,7,TRUE
"387748",1,42,7,TRUE
"387804",1,42,7,TRUE
"388121",1,42,7,TRUE
"388324",1,42,7,TRUE
"388372",1,42,7,TRUE
"388555",1,42,7,TRUE
"388561",1,42,7,TRUE
"388564",1,42,7,TRUE
"388677",1,42,7,TRUE
"388701",1,42,7,TRUE
"388818",1,42,7,TRUE
"389015",1,42,7,TRUE
"389125",1,42,7,TRUE
"389524",1,42,7,TRUE
"390075",1,42,7,TRUE
"391195",1,42,7,TRUE
"3921",1,42,7,TRUE
"392255",1,42,7,TRUE
"3939",1,42,7,TRUE
"399687",1,42,7,TRUE
"400720",1,42,7,TRUE
"400746",1,42,7,TRUE
"400818",1,42,7,TRUE
"400966",1,42,7,TRUE
"401720",1,42,7,TRUE
"402317",1,42,7,TRUE
"4034",1,42,7,TRUE
"404636",1,42,7,TRUE
"404734",1,42,7,TRUE
"414059",1,42,7,TRUE
"414060",1,42,7,TRUE
"414062",1,42,7,TRUE
"414189",1,42,7,TRUE
"440",1,42,7,TRUE
"440093",1,42,7,TRUE
"440138",1,42,7,TRUE
"440270",1,42,7,TRUE
"440400",1,42,7,TRUE
"440533",1,42,7,TRUE
"440563",1,42,7,TRUE
"440567",1,42,7,TRUE
"440585",1,42,7,TRUE
"440689",1,42,7,TRUE
"441234",1,42,7,TRUE
"441250",1,42,7,TRUE
"441282",1,42,7,TRUE
"441294",1,42,7,TRUE
"441452",1,42,7,TRUE
"441518",1,42,7,TRUE
"441531",1,42,7,TRUE
"4439",1,42,7,TRUE
"445328",1,42,7,TRUE
"445571",1,42,7,TRUE
"445582",1,42,7,TRUE
"4489",1,42,7,TRUE
"4493",1,42,7,TRUE
"4496",1,42,7,TRUE
"4580",1,42,7,TRUE
"468",1,42,7,TRUE
"4681",1,42,7,TRUE
"4725",1,42,7,TRUE
"4729",1,42,7,TRUE
"4736",1,42,7,TRUE
"4831",1,42,7,TRUE
"4904",1,42,7,TRUE
"493901",1,42,7,TRUE
"497661",1,42,7,TRUE
"4983",1,42,7,TRUE
"5032",1,42,7,TRUE
"503834",1,42,7,TRUE
"503835",1,42,7,TRUE
"50801",1,42,7,TRUE
"51025",1,42,7,TRUE
"51030",1,42,7,TRUE
"51072",1,42,7,TRUE
"51074",1,42,7,TRUE
"51119",1,42,7,TRUE
"51121",1,42,7,TRUE
"51131",1,42,7,TRUE
"51194",1,42,7,TRUE
"51241",1,42,7,TRUE
"51326",1,42,7,TRUE
"51351",1,42,7,TRUE
"51372",1,42,7,TRUE
"51463",1,42,7,TRUE
"51478",1,42,7,TRUE
"51480",1,42,7,TRUE
"51481",1,42,7,TRUE
"51622",1,42,7,TRUE
"51631",1,42,7,TRUE
"51652",1,42,7,TRUE
"5222",1,42,7,TRUE
"5223",1,42,7,TRUE
"5343",1,42,7,TRUE
"53916",1,42,7,TRUE
"5395",1,42,7,TRUE
"54065",1,42,7,TRUE
"5413",1,42,7,TRUE
"541578",1,42,7,TRUE
"5442",1,42,7,TRUE
"54458",1,42,7,TRUE
"54469",1,42,7,TRUE
"54470",1,42,7,TRUE
"54471",1,42,7,TRUE
"54537",1,42,7,TRUE
"54627",1,42,7,TRUE
"54659",1,42,7,TRUE
"54793",1,42,7,TRUE
"548593",1,42,7,TRUE
"548596",1,42,7,TRUE
"548644",1,42,7,TRUE
"54967",1,42,7,TRUE
"55113",1,42,7,TRUE
"55154",1,42,7,TRUE
"55205",1,42,7,TRUE
"55217",1,42,7,TRUE
"552891",1,42,7,TRUE
"552900",1,42,7,TRUE
"55299",1,42,7,TRUE
"553158",1,42,7,TRUE
"55340",1,42,7,TRUE
"554313",1,42,7,TRUE
"55437",1,42,7,TRUE
"55582",1,42,7,TRUE
"55627",1,42,7,TRUE
"55672",1,42,7,TRUE
"55741",1,42,7,TRUE
"55765",1,42,7,TRUE
"55798",1,42,7,TRUE
"55861",1,42,7,TRUE
"55871",1,42,7,TRUE
"55889",1,42,7,TRUE
"55901",1,42,7,TRUE
"55964",1,42,7,TRUE
"55969",1,42,7,TRUE
"55973",1,42,7,TRUE
"5612",1,42,7,TRUE
"56147",1,42,7,TRUE
"5675",1,42,7,TRUE
"5676",1,42,7,TRUE
"56893",1,42,7,TRUE
"56924",1,42,7,TRUE
"5700",1,42,7,TRUE
"57048",1,42,7,TRUE
"5706",1,42,7,TRUE
"5721",1,42,7,TRUE
"5738",1,42,7,TRUE
"57412",1,42,7,TRUE
"57456",1,42,7,TRUE
"5756",1,42,7,TRUE
"5757",1,42,7,TRUE
"57665",1,42,7,TRUE
"57730",1,42,7,TRUE
"578",1,42,7,TRUE
"5790",1,42,7,TRUE
"58516",1,42,7,TRUE
"5869",1,42,7,TRUE
"5872",1,42,7,TRUE
"5908",1,42,7,TRUE
"59286",1,42,7,TRUE
"5954",1,42,7,TRUE
"5959",1,42,7,TRUE
"60",1,42,7,TRUE
"6048",1,42,7,TRUE
"6128",1,42,7,TRUE
"6129",1,42,7,TRUE
"6130",1,42,7,TRUE
"6133",1,42,7,TRUE
"6136",1,42,7,TRUE
"6139",1,42,7,TRUE
"6141",1,42,7,TRUE
"6142",1,42,7,TRUE
"6143",1,42,7,TRUE
"6144",1,42,7,TRUE
"6147",1,42,7,TRUE
"6152",1,42,7,TRUE
"6154",1,42,7,TRUE
"6155",1,42,7,TRUE
"6159",1,42,7,TRUE
"6161",1,42,7,TRUE
"6164",1,42,7,TRUE
"6166",1,42,7,TRUE
"6170",1,42,7,TRUE
"6171",1,42,7,TRUE
"6173",1,42,7,TRUE
"6175",1,42,7,TRUE
"6176",1,42,7,TRUE
"6187",1,42,7,TRUE
"6189",1,42,7,TRUE
"6191",1,42,7,TRUE
"6193",1,42,7,TRUE
"6201",1,42,7,TRUE
"6202",1,42,7,TRUE
"6203",1,42,7,TRUE
"6204",1,42,7,TRUE
"6206",1,42,7,TRUE
"6207",1,42,7,TRUE
"6209",1,42,7,TRUE
"6210",1,42,7,TRUE
"6222",1,42,7,TRUE
"6230",1,42,7,TRUE
"6231",1,42,7,TRUE
"6232",1,42,7,TRUE
"6248",1,42,7,TRUE
"6278",1,42,7,TRUE
"632",1,42,7,TRUE
"6348",1,42,7,TRUE
"6349",1,42,7,TRUE
"6389",1,42,7,TRUE
"63915",1,42,7,TRUE
"641371",1,42,7,TRUE
"643161",1,42,7,TRUE
"643664",1,42,7,TRUE
"643834",1,42,7,TRUE
"643853",1,42,7,TRUE
"643905",1,42,7,TRUE
"644591",1,42,7,TRUE
"64682",1,42,7,TRUE
"648",1,42,7,TRUE
"64853",1,42,7,TRUE
"649330",1,42,7,TRUE
"64951",1,42,7,TRUE
"65249",1,42,7,TRUE
"653145",1,42,7,TRUE
"653361",1,42,7,TRUE
"653437",1,42,7,TRUE
"653489",1,42,7,TRUE
"653505",1,42,7,TRUE
"653567",1,42,7,TRUE
"653604",1,42,7,TRUE
"653820",1,42,7,TRUE
"654364",1,42,7,TRUE
"65987",1,42,7,TRUE
"6606",1,42,7,TRUE
"6611",1,42,7,TRUE
"6627",1,42,7,TRUE
"6637",1,42,7,TRUE
"6638",1,42,7,TRUE
"6652",1,42,7,TRUE
"6759",1,42,7,TRUE
"6818",1,42,7,TRUE
"6917",1,42,7,TRUE
"6996",1,42,7,TRUE
"7109",1,42,7,TRUE
"7114",1,42,7,TRUE
"723790",1,42,7,TRUE
"723961",1,42,7,TRUE
"7268",1,42,7,TRUE
"727",1,42,7,TRUE
"727832",1,42,7,TRUE
"727851",1,42,7,TRUE
"727866",1,42,7,TRUE
"728113",1,42,7,TRUE
"728229",1,42,7,TRUE
"728269",1,42,7,TRUE
"728358",1,42,7,TRUE
"728369",1,42,7,TRUE
"728378",1,42,7,TRUE
"728492",1,42,7,TRUE
"728524",1,42,7,TRUE
"728642",1,42,7,TRUE
"728661",1,42,7,TRUE
"728689",1,42,7,TRUE
"728833",1,42,7,TRUE
"729020",1,42,7,TRUE
"729533",1,42,7,TRUE
"729597",1,42,7,TRUE
"729857",1,42,7,TRUE
"729920",1,42,7,TRUE
"730291",1,42,7,TRUE
"7307",1,42,7,TRUE
"7316",1,42,7,TRUE
"7335",1,42,7,TRUE
"7386",1,42,7,TRUE
"7388",1,42,7,TRUE
"7416",1,42,7,TRUE
"7458",1,42,7,TRUE
"7565",1,42,7,TRUE
"7568",1,42,7,TRUE
"7576",1,42,7,TRUE
"7681",1,42,7,TRUE
"7730",1,42,7,TRUE
"7784",1,42,7,TRUE
"7851",1,42,7,TRUE
"79005",1,42,7,TRUE
"79008",1,42,7,TRUE
"79031",1,42,7,TRUE
"79081",1,42,7,TRUE
"7919",1,42,7,TRUE
"79190",1,42,7,TRUE
"79692",1,42,7,TRUE
"79706",1,42,7,TRUE
"79716",1,42,7,TRUE
"79897",1,42,7,TRUE
"80823",1,42,7,TRUE
"8106",1,42,7,TRUE
"81061",1,42,7,TRUE
"81309",1,42,7,TRUE
"81557",1,42,7,TRUE
"81567",1,42,7,TRUE
"8190",1,42,7,TRUE
"8209",1,42,7,TRUE
"8214",1,42,7,TRUE
"8263",1,42,7,TRUE
"829",1,42,7,TRUE
"8334",1,42,7,TRUE
"8337",1,42,7,TRUE
"8338",1,42,7,TRUE
"83444",1,42,7,TRUE
"8362",1,42,7,TRUE
"8363",1,42,7,TRUE
"83640",1,42,7,TRUE
"83650",1,42,7,TRUE
"8370",1,42,7,TRUE
"83849",1,42,7,TRUE
"83940",1,42,7,TRUE
"84108",1,42,7,TRUE
"84126",1,42,7,TRUE
"84129",1,42,7,TRUE
"84182",1,42,7,TRUE
"84187",1,42,7,TRUE
"84210",1,42,7,TRUE
"84218",1,42,7,TRUE
"84220",1,42,7,TRUE
"84321",1,42,7,TRUE
"84342",1,42,7,TRUE
"84650",1,42,7,TRUE
"84833",1,42,7,TRUE
"84960",1,42,7,TRUE
"84992",1,42,7,TRUE
"85002",1,42,7,TRUE
"85013",1,42,7,TRUE
"8510",1,42,7,TRUE
"8517",1,42,7,TRUE
"85316",1,42,7,TRUE
"85359",1,42,7,TRUE
"85376",1,42,7,TRUE
"8577",1,42,7,TRUE
"8605",1,42,7,TRUE
"8637",1,42,7,TRUE
"8663",1,42,7,TRUE
"8681",1,42,7,TRUE
"8693",1,42,7,TRUE
"875",1,42,7,TRUE
"8926",1,42,7,TRUE
"8969",1,42,7,TRUE
"8970",1,42,7,TRUE
"89780",1,42,7,TRUE
"8987",1,42,7,TRUE
"90353",1,42,7,TRUE
"91445",1,42,7,TRUE
"91664",1,42,7,TRUE
"91894",1,42,7,TRUE
"91942",1,42,7,TRUE
"91966",1,42,7,TRUE
"92815",1,42,7,TRUE
"9284",1,42,7,TRUE
"93107",1,42,7,TRUE
"93492",1,42,7,TRUE
"93659",1,42,7,TRUE
"9394",1,42,7,TRUE
"94027",1,42,7,TRUE
"94115",1,42,7,TRUE
"95",1,42,7,TRUE
"9524",1,42,7,TRUE
"9554",1,42,7,TRUE
"96626",1,42,7,TRUE
"9710",1,42,7,TRUE
"9718",1,42,7,TRUE
"9724",1,42,7,TRUE
"9729",1,42,7,TRUE
"9747",1,42,7,TRUE
"9831",1,42,7,TRUE
"9859",1,42,7,TRUE
"9884",1,42,7,TRUE
"9936",1,42,7,TRUE
"1",1,4,4,TRUE
"1000",1,4,4,TRUE
"10002",1,4,4,TRUE
"10004",1,4,4,TRUE
"10008",1,4,4,TRUE
"100101467",1,4,4,TRUE
"100125288",1,4,4,TRUE
"100128071",1,4,4,TRUE
"100128327",1,4,4,TRUE
"100129098",1,4,4,TRUE
"100129128",1,4,4,TRUE
"100129250",1,4,4,TRUE
"100129271",1,4,4,TRUE
"100129361",1,4,4,TRUE
"100129528",1,4,4,TRUE
"100129654",1,4,4,TRUE
"100129969",1,4,4,TRUE
"100130519",1,4,4,TRUE
"100130733",1,4,4,TRUE
"100130933",1,4,4,TRUE
"100131017",1,4,4,TRUE
"100131211",1,4,4,TRUE
"100131303",1,4,4,TRUE
"100131755",1,4,4,TRUE
"100131827",1,4,4,TRUE
"100131897",1,4,4,TRUE
"100132074",1,4,4,TRUE
"100132386",1,4,4,TRUE
"100132476",1,4,4,TRUE
"100137047",1,4,4,TRUE
"100141515",1,4,4,TRUE
"100144748",1,4,4,TRUE
"10017",1,4,4,TRUE
"100170229",1,4,4,TRUE
"100170765",1,4,4,TRUE
"1002",1,4,4,TRUE
"10022",1,4,4,TRUE
"100272147",1,4,4,TRUE
"100287482",1,4,4,TRUE
"100288797",1,4,4,TRUE
"100289187",1,4,4,TRUE
"100289255",1,4,4,TRUE
"100289678",1,4,4,TRUE
"100293516",1,4,4,TRUE
"100303755",1,4,4,TRUE
"100316904",1,4,4,TRUE
"100329135",1,4,4,TRUE
"100381270",1,4,4,TRUE
"1004",1,4,4,TRUE
"10040",1,4,4,TRUE
"10042",1,4,4,TRUE
"100421372",1,4,4,TRUE
"10046",1,4,4,TRUE
"10047",1,4,4,TRUE
"1005",1,4,4,TRUE
"10050",1,4,4,TRUE
"100505478",1,4,4,TRUE
"100505573",1,4,4,TRUE
"100505741",1,4,4,TRUE
"100505841",1,4,4,TRUE
"100505876",1,4,4,TRUE
"100505989",1,4,4,TRUE
"100506013",1,4,4,TRUE
"100506127",1,4,4,TRUE
"100506243",1,4,4,TRUE
"100506374",1,4,4,TRUE
"100506540",1,4,4,TRUE
"100506581",1,4,4,TRUE
"100506742",1,4,4,TRUE
"100507027",1,4,4,TRUE
"100507043",1,4,4,TRUE
"100507050",1,4,4,TRUE
"100507203",1,4,4,TRUE
"100507290",1,4,4,TRUE
"100507421",1,4,4,TRUE
"100507436",1,4,4,TRUE
"100507537",1,4,4,TRUE
"100507650",1,4,4,TRUE
"100528062",1,4,4,TRUE
"100533106",1,4,4,TRUE
"1006",1,4,4,TRUE
"10060",1,4,4,TRUE
"100652824",1,4,4,TRUE
"1007",1,4,4,TRUE
"10071",1,4,4,TRUE
"10077",1,4,4,TRUE
"1008",1,4,4,TRUE
"10083",1,4,4,TRUE
"10085",1,4,4,TRUE
"10086",1,4,4,TRUE
"100862671",1,4,4,TRUE
"100885848",1,4,4,TRUE
"10089",1,4,4,TRUE
"100996492",1,4,4,TRUE
"101",1,4,4,TRUE
"1010",1,4,4,TRUE
"10100",1,4,4,TRUE
"101059948",1,4,4,TRUE
"101060200",1,4,4,TRUE
"10107",1,4,4,TRUE
"10110",1,4,4,TRUE
"10111",1,4,4,TRUE
"10114",1,4,4,TRUE
"10117",1,4,4,TRUE
"1012",1,4,4,TRUE
"10129",1,4,4,TRUE
"10136",1,4,4,TRUE
"10139",1,4,4,TRUE
"1014",1,4,4,TRUE
"101410538",1,4,4,TRUE
"10142",1,4,4,TRUE
"10143",1,4,4,TRUE
"1015",1,4,4,TRUE
"10152",1,4,4,TRUE
"10154",1,4,4,TRUE
"10158",1,4,4,TRUE
"1016",1,4,4,TRUE
"10164",1,4,4,TRUE
"10170",1,4,4,TRUE
"10178",1,4,4,TRUE
"101927581",1,4,4,TRUE
"101928991",1,4,4,TRUE
"101929726",1,4,4,TRUE
"101929926",1,4,4,TRUE
"10193",1,4,4,TRUE
"10207",1,4,4,TRUE
"10214",1,4,4,TRUE
"10215",1,4,4,TRUE
"10216",1,4,4,TRUE
"10218",1,4,4,TRUE
"10219",1,4,4,TRUE
"10225",1,4,4,TRUE
"10233",1,4,4,TRUE
"10234",1,4,4,TRUE
"10246",1,4,4,TRUE
"10249",1,4,4,TRUE
"10251",1,4,4,TRUE
"10265",1,4,4,TRUE
"10267",1,4,4,TRUE
"102723899",1,4,4,TRUE
"102800317",1,4,4,TRUE
"10291",1,4,4,TRUE
"10293",1,4,4,TRUE
"10297",1,4,4,TRUE
"10308",1,4,4,TRUE
"1031",1,4,4,TRUE
"10316",1,4,4,TRUE
"10317",1,4,4,TRUE
"10321",1,4,4,TRUE
"10324",1,4,4,TRUE
"10326",1,4,4,TRUE
"10335",1,4,4,TRUE
"10336",1,4,4,TRUE
"10343",1,4,4,TRUE
"10345",1,4,4,TRUE
"10361",1,4,4,TRUE
"10368",1,4,4,TRUE
"10369",1,4,4,TRUE
"10385",1,4,4,TRUE
"10391",1,4,4,TRUE
"10394",1,4,4,TRUE
"10396",1,4,4,TRUE
"10406",1,4,4,TRUE
"10407",1,4,4,TRUE
"1041",1,4,4,TRUE
"10417",1,4,4,TRUE
"10426",1,4,4,TRUE
"10439",1,4,4,TRUE
"1044",1,4,4,TRUE
"1045",1,4,4,TRUE
"1046",1,4,4,TRUE
"10462",1,4,4,TRUE
"1047",1,4,4,TRUE
"10472",1,4,4,TRUE
"1048",1,4,4,TRUE
"10481",1,4,4,TRUE
"10499",1,4,4,TRUE
"105",1,4,4,TRUE
"10500",1,4,4,TRUE
"10514",1,4,4,TRUE
"1053",1,4,4,TRUE
"10537",1,4,4,TRUE
"105371267",1,4,4,TRUE
"105371932",1,4,4,TRUE
"105375116",1,4,4,TRUE
"105375355",1,4,4,TRUE
"105376230",1,4,4,TRUE
"105378696",1,4,4,TRUE
"105378952",1,4,4,TRUE
"10562",1,4,4,TRUE
"10563",1,4,4,TRUE
"10566",1,4,4,TRUE
"10570",1,4,4,TRUE
"10578",1,4,4,TRUE
"10586",1,4,4,TRUE
"10590",1,4,4,TRUE
"10595",1,4,4,TRUE
"10602",1,4,4,TRUE
"10633",1,4,4,TRUE
"10634",1,4,4,TRUE
"10636",1,4,4,TRUE
"10637",1,4,4,TRUE
"10647",1,4,4,TRUE
"10648",1,4,4,TRUE
"10652",1,4,4,TRUE
"10655",1,4,4,TRUE
"10659",1,4,4,TRUE
"10660",1,4,4,TRUE
"10661",1,4,4,TRUE
"10665",1,4,4,TRUE
"10666",1,4,4,TRUE
"10669",1,4,4,TRUE
"106707243",1,4,4,TRUE
"10675",1,4,4,TRUE
"1068",1,4,4,TRUE
"10681",1,4,4,TRUE
"10683",1,4,4,TRUE
"10687",1,4,4,TRUE
"10690",1,4,4,TRUE
"10692",1,4,4,TRUE
"10699",1,4,4,TRUE
"107",1,4,4,TRUE
"10715",1,4,4,TRUE
"10716",1,4,4,TRUE
"10718",1,4,4,TRUE
"10723",1,4,4,TRUE
"10736",1,4,4,TRUE
"10738",1,4,4,TRUE
"10739",1,4,4,TRUE
"10744",1,4,4,TRUE
"10746",1,4,4,TRUE
"10747",1,4,4,TRUE
"10752",1,4,4,TRUE
"10753",1,4,4,TRUE
"10777",1,4,4,TRUE
"10786",1,4,4,TRUE
"10793",1,4,4,TRUE
"10798",1,4,4,TRUE
"107984345",1,4,4,TRUE
"107984936",1,4,4,TRUE
"107985194",1,4,4,TRUE
"107986768",1,4,4,TRUE
"108",1,4,4,TRUE
"1080",1,4,4,TRUE
"10803",1,4,4,TRUE
"10804",1,4,4,TRUE
"10810",1,4,4,TRUE
"10814",1,4,4,TRUE
"10825",1,4,4,TRUE
"1084",1,4,4,TRUE
"10840",1,4,4,TRUE
"10841",1,4,4,TRUE
"10842",1,4,4,TRUE
"10846",1,4,4,TRUE
"10849",1,4,4,TRUE
"10850",1,4,4,TRUE
"10858",1,4,4,TRUE
"10861",1,4,4,TRUE
"10863",1,4,4,TRUE
"10864",1,4,4,TRUE
"10865",1,4,4,TRUE
"10868",1,4,4,TRUE
"10869",1,4,4,TRUE
"1087",1,4,4,TRUE
"10876",1,4,4,TRUE
"10878",1,4,4,TRUE
"10879",1,4,4,TRUE
"1088",1,4,4,TRUE
"10880",1,4,4,TRUE
"10881",1,4,4,TRUE
"10882",1,4,4,TRUE
"10885",1,4,4,TRUE
"10888",1,4,4,TRUE
"1089",1,4,4,TRUE
"10891",1,4,4,TRUE
"10893",1,4,4,TRUE
"10900",1,4,4,TRUE
"10902",1,4,4,TRUE
"10913",1,4,4,TRUE
"10917",1,4,4,TRUE
"10926",1,4,4,TRUE
"10936",1,4,4,TRUE
"10940",1,4,4,TRUE
"10942",1,4,4,TRUE
"10957",1,4,4,TRUE
"10991",1,4,4,TRUE
"10993",1,4,4,TRUE
"10998",1,4,4,TRUE
"10999",1,4,4,TRUE
"11006",1,4,4,TRUE
"11009",1,4,4,TRUE
"1101",1,4,4,TRUE
"11012",1,4,4,TRUE
"11016",1,4,4,TRUE
"11024",1,4,4,TRUE
"11027",1,4,4,TRUE
"1103",1,4,4,TRUE
"1104",1,4,4,TRUE
"11045",1,4,4,TRUE
"11055",1,4,4,TRUE
"110599564",1,4,4,TRUE
"11061",1,4,4,TRUE
"11063",1,4,4,TRUE
"11069",1,4,4,TRUE
"11074",1,4,4,TRUE
"11075",1,4,4,TRUE
"11076",1,4,4,TRUE
"110806298",1,4,4,TRUE
"11081",1,4,4,TRUE
"11082",1,4,4,TRUE
"11085",1,4,4,TRUE
"11086",1,4,4,TRUE
"11093",1,4,4,TRUE
"111",1,4,4,TRUE
"11107",1,4,4,TRUE
"11113",1,4,4,TRUE
"11122",1,4,4,TRUE
"11126",1,4,4,TRUE
"1113",1,4,4,TRUE
"11132",1,4,4,TRUE
"11133",1,4,4,TRUE
"11136",1,4,4,TRUE
"11138",1,4,4,TRUE
"1114",1,4,4,TRUE
"11141",1,4,4,TRUE
"11148",1,4,4,TRUE
"11154",1,4,4,TRUE
"11155",1,4,4,TRUE
"11161",1,4,4,TRUE
"11166",1,4,4,TRUE
"1117",1,4,4,TRUE
"11172",1,4,4,TRUE
"1118",1,4,4,TRUE
"11181",1,4,4,TRUE
"11189",1,4,4,TRUE
"11190",1,4,4,TRUE
"11197",1,4,4,TRUE
"112",1,4,4,TRUE
"11202",1,4,4,TRUE
"11211",1,4,4,TRUE
"11216",1,4,4,TRUE
"11219",1,4,4,TRUE
"11221",1,4,4,TRUE
"112268241",1,4,4,TRUE
"11227",1,4,4,TRUE
"11228",1,4,4,TRUE
"11236",1,4,4,TRUE
"11240",1,4,4,TRUE
"112441434",1,4,4,TRUE
"11245",1,4,4,TRUE
"11247",1,4,4,TRUE
"11248",1,4,4,TRUE
"11250",1,4,4,TRUE
"11251",1,4,4,TRUE
"11254",1,4,4,TRUE
"11255",1,4,4,TRUE
"112574",1,4,4,TRUE
"112609",1,4,4,TRUE
"112744",1,4,4,TRUE
"11278",1,4,4,TRUE
"11279",1,4,4,TRUE
"1128",1,4,4,TRUE
"112802",1,4,4,TRUE
"11281",1,4,4,TRUE
"112817",1,4,4,TRUE
"11283",1,4,4,TRUE
"112885",1,4,4,TRUE
"1129",1,4,4,TRUE
"112937",1,4,4,TRUE
"113091",1,4,4,TRUE
"1131",1,4,4,TRUE
"113146",1,4,4,TRUE
"11317",1,4,4,TRUE
"113177",1,4,4,TRUE
"11318",1,4,4,TRUE
"1132",1,4,4,TRUE
"113220",1,4,4,TRUE
"1133",1,4,4,TRUE
"1134",1,4,4,TRUE
"11341",1,4,4,TRUE
"113451",1,4,4,TRUE
"11346",1,4,4,TRUE
"113540",1,4,4,TRUE
"1136",1,4,4,TRUE
"1137",1,4,4,TRUE
"113730",1,4,4,TRUE
"113746",1,4,4,TRUE
"113835",1,4,4,TRUE
"114",1,4,4,TRUE
"114026",1,4,4,TRUE
"1141",1,4,4,TRUE
"114112",1,4,4,TRUE
"114131",1,4,4,TRUE
"114132",1,4,4,TRUE
"114134",1,4,4,TRUE
"1142",1,4,4,TRUE
"1143",1,4,4,TRUE
"1144",1,4,4,TRUE
"114571",1,4,4,TRUE
"1146",1,4,4,TRUE
"114609",1,4,4,TRUE
"114770",1,4,4,TRUE
"114771",1,4,4,TRUE
"114780",1,4,4,TRUE
"114781",1,4,4,TRUE
"114783",1,4,4,TRUE
"114786",1,4,4,TRUE
"114787",1,4,4,TRUE
"114788",1,4,4,TRUE
"114792",1,4,4,TRUE
"114794",1,4,4,TRUE
"114795",1,4,4,TRUE
"114798",1,4,4,TRUE
"114803",1,4,4,TRUE
"114804",1,4,4,TRUE
"114805",1,4,4,TRUE
"114815",1,4,4,TRUE
"114822",1,4,4,TRUE
"114827",1,4,4,TRUE
"114880",1,4,4,TRUE
"114898",1,4,4,TRUE
"114899",1,4,4,TRUE
"1149",1,4,4,TRUE
"114900",1,4,4,TRUE
"114905",1,4,4,TRUE
"114960",1,4,4,TRUE
"114987",1,4,4,TRUE
"115004",1,4,4,TRUE
"115019",1,4,4,TRUE
"115196",1,4,4,TRUE
"115273",1,4,4,TRUE
"115350",1,4,4,TRUE
"115352",1,4,4,TRUE
"115362",1,4,4,TRUE
"115557",1,4,4,TRUE
"115560",1,4,4,TRUE
"115584",1,4,4,TRUE
"115650",1,4,4,TRUE
"115701",1,4,4,TRUE
"115727",1,4,4,TRUE
"115761",1,4,4,TRUE
"115795",1,4,4,TRUE
"1158",1,4,4,TRUE
"115811",1,4,4,TRUE
"115827",1,4,4,TRUE
"115861",1,4,4,TRUE
"116",1,4,4,TRUE
"1160",1,4,4,TRUE
"116039",1,4,4,TRUE
"116071",1,4,4,TRUE
"116085",1,4,4,TRUE
"116113",1,4,4,TRUE
"116135",1,4,4,TRUE
"116154",1,4,4,TRUE
"116173",1,4,4,TRUE
"116179",1,4,4,TRUE
"116255",1,4,4,TRUE
"116285",1,4,4,TRUE
"116328",1,4,4,TRUE
"116337",1,4,4,TRUE
"116369",1,4,4,TRUE
"116442",1,4,4,TRUE
"116443",1,4,4,TRUE
"116444",1,4,4,TRUE
"116448",1,4,4,TRUE
"116449",1,4,4,TRUE
"116511",1,4,4,TRUE
"116519",1,4,4,TRUE
"116534",1,4,4,TRUE
"116729",1,4,4,TRUE
"116840",1,4,4,TRUE
"116966",1,4,4,TRUE
"116969",1,4,4,TRUE
"116983",1,4,4,TRUE
"116986",1,4,4,TRUE
"117",1,4,4,TRUE
"117144",1,4,4,TRUE
"117145",1,4,4,TRUE
"117154",1,4,4,TRUE
"117156",1,4,4,TRUE
"117157",1,4,4,TRUE
"117159",1,4,4,TRUE
"117166",1,4,4,TRUE
"117194",1,4,4,TRUE
"117195",1,4,4,TRUE
"117196",1,4,4,TRUE
"117245",1,4,4,TRUE
"117285",1,4,4,TRUE
"117286",1,4,4,TRUE
"117289",1,4,4,TRUE
"117531",1,4,4,TRUE
"117532",1,4,4,TRUE
"117579",1,4,4,TRUE
"117583",1,4,4,TRUE
"117584",1,4,4,TRUE
"1179",1,4,4,TRUE
"1180",1,4,4,TRUE
"1183",1,4,4,TRUE
"118427",1,4,4,TRUE
"118430",1,4,4,TRUE
"118442",1,4,4,TRUE
"118461",1,4,4,TRUE
"118471",1,4,4,TRUE
"118491",1,4,4,TRUE
"118670",1,4,4,TRUE
"118738",1,4,4,TRUE
"1188",1,4,4,TRUE
"118812",1,4,4,TRUE
"118856",1,4,4,TRUE
"119",1,4,4,TRUE
"1191",1,4,4,TRUE
"119467",1,4,4,TRUE
"119548",1,4,4,TRUE
"1196",1,4,4,TRUE
"120065",1,4,4,TRUE
"120066",1,4,4,TRUE
"120114",1,4,4,TRUE
"120224",1,4,4,TRUE
"120376",1,4,4,TRUE
"120379",1,4,4,TRUE
"120400",1,4,4,TRUE
"120425",1,4,4,TRUE
"1208",1,4,4,TRUE
"120863",1,4,4,TRUE
"120892",1,4,4,TRUE
"120935",1,4,4,TRUE
"121006",1,4,4,TRUE
"121214",1,4,4,TRUE
"121256",1,4,4,TRUE
"121268",1,4,4,TRUE
"121273",1,4,4,TRUE
"121278",1,4,4,TRUE
"121340",1,4,4,TRUE
"121391",1,4,4,TRUE
"1215",1,4,4,TRUE
"121512",1,4,4,TRUE
"121551",1,4,4,TRUE
"121599",1,4,4,TRUE
"121601",1,4,4,TRUE
"121643",1,4,4,TRUE
"121793",1,4,4,TRUE
"122042",1,4,4,TRUE
"122046",1,4,4,TRUE
"122258",1,4,4,TRUE
"122402",1,4,4,TRUE
"122481",1,4,4,TRUE
"122618",1,4,4,TRUE
"122651",1,4,4,TRUE
"122664",1,4,4,TRUE
"122773",1,4,4,TRUE
"122876",1,4,4,TRUE
"122945",1,4,4,TRUE
"123041",1,4,4,TRUE
"123099",1,4,4,TRUE
"1232",1,4,4,TRUE
"123264",1,4,4,TRUE
"123283",1,4,4,TRUE
"1233",1,4,4,TRUE
"123624",1,4,4,TRUE
"1237",1,4,4,TRUE
"123722",1,4,4,TRUE
"123775",1,4,4,TRUE
"123970",1,4,4,TRUE
"124045",1,4,4,TRUE
"124093",1,4,4,TRUE
"1241",1,4,4,TRUE
"124220",1,4,4,TRUE
"1244",1,4,4,TRUE
"124401",1,4,4,TRUE
"124404",1,4,4,TRUE
"124411",1,4,4,TRUE
"124460",1,4,4,TRUE
"124535",1,4,4,TRUE
"124538",1,4,4,TRUE
"124599",1,4,4,TRUE
"124602",1,4,4,TRUE
"124626",1,4,4,TRUE
"124751",1,4,4,TRUE
"124773",1,4,4,TRUE
"124783",1,4,4,TRUE
"124817",1,4,4,TRUE
"124842",1,4,4,TRUE
"124857",1,4,4,TRUE
"124872",1,4,4,TRUE
"124912",1,4,4,TRUE
"124923",1,4,4,TRUE
"124925",1,4,4,TRUE
"124930",1,4,4,TRUE
"124975",1,4,4,TRUE
"124989",1,4,4,TRUE
"125",1,4,4,TRUE
"125111",1,4,4,TRUE
"125113",1,4,4,TRUE
"125115",1,4,4,TRUE
"125170",1,4,4,TRUE
"125336",1,4,4,TRUE
"125488",1,4,4,TRUE
"125704",1,4,4,TRUE
"1258",1,4,4,TRUE
"125965",1,4,4,TRUE
"125972",1,4,4,TRUE
"125981",1,4,4,TRUE
"126",1,4,4,TRUE
"126006",1,4,4,TRUE
"126014",1,4,4,TRUE
"126068",1,4,4,TRUE
"126070",1,4,4,TRUE
"126074",1,4,4,TRUE
"126075",1,4,4,TRUE
"1261",1,4,4,TRUE
"126123",1,4,4,TRUE
"126129",1,4,4,TRUE
"126147",1,4,4,TRUE
"1262",1,4,4,TRUE
"126204",1,4,4,TRUE
"126206",1,4,4,TRUE
"126248",1,4,4,TRUE
"126259",1,4,4,TRUE
"126298",1,4,4,TRUE
"126306",1,4,4,TRUE
"126326",1,4,4,TRUE
"126364",1,4,4,TRUE
"126370",1,4,4,TRUE
"1264",1,4,4,TRUE
"126402",1,4,4,TRUE
"126410",1,4,4,TRUE
"126433",1,4,4,TRUE
"126520",1,4,4,TRUE
"126526",1,4,4,TRUE
"126549",1,4,4,TRUE
"126567",1,4,4,TRUE
"126638",1,4,4,TRUE
"126661",1,4,4,TRUE
"126668",1,4,4,TRUE
"1267",1,4,4,TRUE
"1268",1,4,4,TRUE
"126820",1,4,4,TRUE
"126823",1,4,4,TRUE
"126859",1,4,4,TRUE
"126868",1,4,4,TRUE
"1269",1,4,4,TRUE
"127",1,4,4,TRUE
"127003",1,4,4,TRUE
"127124",1,4,4,TRUE
"1272",1,4,4,TRUE
"127247",1,4,4,TRUE
"127254",1,4,4,TRUE
"127255",1,4,4,TRUE
"127294",1,4,4,TRUE
"127343",1,4,4,TRUE
"127391",1,4,4,TRUE
"127540",1,4,4,TRUE
"127579",1,4,4,TRUE
"127602",1,4,4,TRUE
"127670",1,4,4,TRUE
"127707",1,4,4,TRUE
"127731",1,4,4,TRUE
"127733",1,4,4,TRUE
"127795",1,4,4,TRUE
"127829",1,4,4,TRUE
"127833",1,4,4,TRUE
"1280",1,4,4,TRUE
"128153",1,4,4,TRUE
"128209",1,4,4,TRUE
"128229",1,4,4,TRUE
"128239",1,4,4,TRUE
"128408",1,4,4,TRUE
"128414",1,4,4,TRUE
"128434",1,4,4,TRUE
"128486",1,4,4,TRUE
"128488",1,4,4,TRUE
"128497",1,4,4,TRUE
"1285",1,4,4,TRUE
"128553",1,4,4,TRUE
"1286",1,4,4,TRUE
"128602",1,4,4,TRUE
"128611",1,4,4,TRUE
"128646",1,4,4,TRUE
"128653",1,4,4,TRUE
"128674",1,4,4,TRUE
"128710",1,4,4,TRUE
"128817",1,4,4,TRUE
"128821",1,4,4,TRUE
"128822",1,4,4,TRUE
"128859",1,4,4,TRUE
"128861",1,4,4,TRUE
"128864",1,4,4,TRUE
"128876",1,4,4,TRUE
"128954",1,4,4,TRUE
"129025",1,4,4,TRUE
"129080",1,4,4,TRUE
"129293",1,4,4,TRUE
"129446",1,4,4,TRUE
"129450",1,4,4,TRUE
"1295",1,4,4,TRUE
"129530",1,4,4,TRUE
"129607",1,4,4,TRUE
"129684",1,4,4,TRUE
"1297",1,4,4,TRUE
"129807",1,4,4,TRUE
"129852",1,4,4,TRUE
"129880",1,4,4,TRUE
"129881",1,4,4,TRUE
"1299",1,4,4,TRUE
"13",1,4,4,TRUE
"130",1,4,4,TRUE
"1300",1,4,4,TRUE
"130013",1,4,4,TRUE
"130106",1,4,4,TRUE
"130120",1,4,4,TRUE
"1302",1,4,4,TRUE
"1303",1,4,4,TRUE
"130399",1,4,4,TRUE
"1305",1,4,4,TRUE
"130540",1,4,4,TRUE
"130560",1,4,4,TRUE
"130576",1,4,4,TRUE
"130749",1,4,4,TRUE
"130752",1,4,4,TRUE
"130813",1,4,4,TRUE
"130827",1,4,4,TRUE
"130888",1,4,4,TRUE
"130916",1,4,4,TRUE
"130940",1,4,4,TRUE
"130951",1,4,4,TRUE
"131",1,4,4,TRUE
"1310",1,4,4,TRUE
"131034",1,4,4,TRUE
"131096",1,4,4,TRUE
"1311",1,4,4,TRUE
"131177",1,4,4,TRUE
"131368",1,4,4,TRUE
"131375",1,4,4,TRUE
"131377",1,4,4,TRUE
"131405",1,4,4,TRUE
"131540",1,4,4,TRUE
"131544",1,4,4,TRUE
"131601",1,4,4,TRUE
"131669",1,4,4,TRUE
"131831",1,4,4,TRUE
"131890",1,4,4,TRUE
"132014",1,4,4,TRUE
"132112",1,4,4,TRUE
"132141",1,4,4,TRUE
"132200",1,4,4,TRUE
"132203",1,4,4,TRUE
"132204",1,4,4,TRUE
"132243",1,4,4,TRUE
"132612",1,4,4,TRUE
"132724",1,4,4,TRUE
"132851",1,4,4,TRUE
"132884",1,4,4,TRUE
"132946",1,4,4,TRUE
"132954",1,4,4,TRUE
"133015",1,4,4,TRUE
"133121",1,4,4,TRUE
"133308",1,4,4,TRUE
"133396",1,4,4,TRUE
"133418",1,4,4,TRUE
"133482",1,4,4,TRUE
"133522",1,4,4,TRUE
"133558",1,4,4,TRUE
"133688",1,4,4,TRUE
"133690",1,4,4,TRUE
"1339",1,4,4,TRUE
"133923",1,4,4,TRUE
"134111",1,4,4,TRUE
"134121",1,4,4,TRUE
"134187",1,4,4,TRUE
"134285",1,4,4,TRUE
"134288",1,4,4,TRUE
"134353",1,4,4,TRUE
"134526",1,4,4,TRUE
"134548",1,4,4,TRUE
"134549",1,4,4,TRUE
"134637",1,4,4,TRUE
"134701",1,4,4,TRUE
"134829",1,4,4,TRUE
"134860",1,4,4,TRUE
"134864",1,4,4,TRUE
"135138",1,4,4,TRUE
"135152",1,4,4,TRUE
"135228",1,4,4,TRUE
"135250",1,4,4,TRUE
"135295",1,4,4,TRUE
"1353",1,4,4,TRUE
"135398",1,4,4,TRUE
"1356",1,4,4,TRUE
"135644",1,4,4,TRUE
"135656",1,4,4,TRUE
"1357",1,4,4,TRUE
"1358",1,4,4,TRUE
"135886",1,4,4,TRUE
"135892",1,4,4,TRUE
"1359",1,4,4,TRUE
"135927",1,4,4,TRUE
"135935",1,4,4,TRUE
"135946",1,4,4,TRUE
"135948",1,4,4,TRUE
"1360",1,4,4,TRUE
"1361",1,4,4,TRUE
"136227",1,4,4,TRUE
"136242",1,4,4,TRUE
"136259",1,4,4,TRUE
"136263",1,4,4,TRUE
"1363",1,4,4,TRUE
"136306",1,4,4,TRUE
"136332",1,4,4,TRUE
"136371",1,4,4,TRUE
"1364",1,4,4,TRUE
"136541",1,4,4,TRUE
"136853",1,4,4,TRUE
"136895",1,4,4,TRUE
"1369",1,4,4,TRUE
"136991",1,4,4,TRUE
"137209",1,4,4,TRUE
"137362",1,4,4,TRUE
"137695",1,4,4,TRUE
"137735",1,4,4,TRUE
"1378",1,4,4,TRUE
"137835",1,4,4,TRUE
"137868",1,4,4,TRUE
"1379",1,4,4,TRUE
"137902",1,4,4,TRUE
"137970",1,4,4,TRUE
"137994",1,4,4,TRUE
"1380",1,4,4,TRUE
"138009",1,4,4,TRUE
"138065",1,4,4,TRUE
"138240",1,4,4,TRUE
"138255",1,4,4,TRUE
"138307",1,4,4,TRUE
"138311",1,4,4,TRUE
"138724",1,4,4,TRUE
"139081",1,4,4,TRUE
"139105",1,4,4,TRUE
"139135",1,4,4,TRUE
"139189",1,4,4,TRUE
"139212",1,4,4,TRUE
"139378",1,4,4,TRUE
"139411",1,4,4,TRUE
"139420",1,4,4,TRUE
"1395",1,4,4,TRUE
"139599",1,4,4,TRUE
"139628",1,4,4,TRUE
"139735",1,4,4,TRUE
"140",1,4,4,TRUE
"1401",1,4,4,TRUE
"140258",1,4,4,TRUE
"140453",1,4,4,TRUE
"140456",1,4,4,TRUE
"140458",1,4,4,TRUE
"140597",1,4,4,TRUE
"1406",1,4,4,TRUE
"140612",1,4,4,TRUE
"140625",1,4,4,TRUE
"140628",1,4,4,TRUE
"140679",1,4,4,TRUE
"140680",1,4,4,TRUE
"140683",1,4,4,TRUE
"140686",1,4,4,TRUE
"140687",1,4,4,TRUE
"140688",1,4,4,TRUE
"140689",1,4,4,TRUE
"140690",1,4,4,TRUE
"140691",1,4,4,TRUE
"140699",1,4,4,TRUE
"140701",1,4,4,TRUE
"140711",1,4,4,TRUE
"140731",1,4,4,TRUE
"140732",1,4,4,TRUE
"140733",1,4,4,TRUE
"140766",1,4,4,TRUE
"140767",1,4,4,TRUE
"140775",1,4,4,TRUE
"140801",1,4,4,TRUE
"140803",1,4,4,TRUE
"140807",1,4,4,TRUE
"140832",1,4,4,TRUE
"140836",1,4,4,TRUE
"140850",1,4,4,TRUE
"140856",1,4,4,TRUE
"140870",1,4,4,TRUE
"140873",1,4,4,TRUE
"140876",1,4,4,TRUE
"140880",1,4,4,TRUE
"140881",1,4,4,TRUE
"140883",1,4,4,TRUE
"140894",1,4,4,TRUE
"140902",1,4,4,TRUE
"1411",1,4,4,TRUE
"1413",1,4,4,TRUE
"1417",1,4,4,TRUE
"1418",1,4,4,TRUE
"1419",1,4,4,TRUE
"1420",1,4,4,TRUE
"1421",1,4,4,TRUE
"142680",1,4,4,TRUE
"142684",1,4,4,TRUE
"142685",1,4,4,TRUE
"142686",1,4,4,TRUE
"142689",1,4,4,TRUE
"1427",1,4,4,TRUE
"142910",1,4,4,TRUE
"143187",1,4,4,TRUE
"143241",1,4,4,TRUE
"143282",1,4,4,TRUE
"143379",1,4,4,TRUE
"143425",1,4,4,TRUE
"143458",1,4,4,TRUE
"143471",1,4,4,TRUE
"1435",1,4,4,TRUE
"143678",1,4,4,TRUE
"1437",1,4,4,TRUE
"143941",1,4,4,TRUE
"1440",1,4,4,TRUE
"144124",1,4,4,TRUE
"144132",1,4,4,TRUE
"144193",1,4,4,TRUE
"144404",1,4,4,TRUE
"144406",1,4,4,TRUE
"144423",1,4,4,TRUE
"144535",1,4,4,TRUE
"144568",1,4,4,TRUE
"1446",1,4,4,TRUE
"1447",1,4,4,TRUE
"144715",1,4,4,TRUE
"1448",1,4,4,TRUE
"144809",1,4,4,TRUE
"145226",1,4,4,TRUE
"145258",1,4,4,TRUE
"145264",1,4,4,TRUE
"145270",1,4,4,TRUE
"145282",1,4,4,TRUE
"145376",1,4,4,TRUE
"145447",1,4,4,TRUE
"145483",1,4,4,TRUE
"145497",1,4,4,TRUE
"145581",1,4,4,TRUE
"145645",1,4,4,TRUE
"145741",1,4,4,TRUE
"145773",1,4,4,TRUE
"145788",1,4,4,TRUE
"145864",1,4,4,TRUE
"145873",1,4,4,TRUE
"145942",1,4,4,TRUE
"146",1,4,4,TRUE
"146057",1,4,4,TRUE
"146206",1,4,4,TRUE
"146212",1,4,4,TRUE
"146225",1,4,4,TRUE
"146227",1,4,4,TRUE
"146279",1,4,4,TRUE
"146310",1,4,4,TRUE
"146325",1,4,4,TRUE
"146330",1,4,4,TRUE
"146378",1,4,4,TRUE
"146395",1,4,4,TRUE
"146429",1,4,4,TRUE
"146433",1,4,4,TRUE
"146439",1,4,4,TRUE
"146456",1,4,4,TRUE
"146547",1,4,4,TRUE
"146556",1,4,4,TRUE
"146562",1,4,4,TRUE
"146664",1,4,4,TRUE
"146712",1,4,4,TRUE
"146713",1,4,4,TRUE
"146722",1,4,4,TRUE
"146802",1,4,4,TRUE
"146845",1,4,4,TRUE
"146849",1,4,4,TRUE
"146850",1,4,4,TRUE
"146852",1,4,4,TRUE
"146853",1,4,4,TRUE
"146857",1,4,4,TRUE
"146861",1,4,4,TRUE
"146862",1,4,4,TRUE
"1469",1,4,4,TRUE
"146909",1,4,4,TRUE
"147",1,4,4,TRUE
"1470",1,4,4,TRUE
"147138",1,4,4,TRUE
"147179",1,4,4,TRUE
"147183",1,4,4,TRUE
"1472",1,4,4,TRUE
"1473",1,4,4,TRUE
"147323",1,4,4,TRUE
"147381",1,4,4,TRUE
"147409",1,4,4,TRUE
"147463",1,4,4,TRUE
"147645",1,4,4,TRUE
"147646",1,4,4,TRUE
"147664",1,4,4,TRUE
"147685",1,4,4,TRUE
"147699",1,4,4,TRUE
"1477",1,4,4,TRUE
"147700",1,4,4,TRUE
"147719",1,4,4,TRUE
"147741",1,4,4,TRUE
"147744",1,4,4,TRUE
"147746",1,4,4,TRUE
"147872",1,4,4,TRUE
"147920",1,4,4,TRUE
"147945",1,4,4,TRUE
"148",1,4,4,TRUE
"148014",1,4,4,TRUE
"148066",1,4,4,TRUE
"148103",1,4,4,TRUE
"148109",1,4,4,TRUE
"148113",1,4,4,TRUE
"148137",1,4,4,TRUE
"1482",1,4,4,TRUE
"148229",1,4,4,TRUE
"148252",1,4,4,TRUE
"148266",1,4,4,TRUE
"148268",1,4,4,TRUE
"148281",1,4,4,TRUE
"148327",1,4,4,TRUE
"148345",1,4,4,TRUE
"148418",1,4,4,TRUE
"148523",1,4,4,TRUE
"148581",1,4,4,TRUE
"148641",1,4,4,TRUE
"148738",1,4,4,TRUE
"148753",1,4,4,TRUE
"148808",1,4,4,TRUE
"148823",1,4,4,TRUE
"148870",1,4,4,TRUE
"1489",1,4,4,TRUE
"148930",1,4,4,TRUE
"148979",1,4,4,TRUE
"149018",1,4,4,TRUE
"149041",1,4,4,TRUE
"149069",1,4,4,TRUE
"1491",1,4,4,TRUE
"149111",1,4,4,TRUE
"149175",1,4,4,TRUE
"149233",1,4,4,TRUE
"149297",1,4,4,TRUE
"149345",1,4,4,TRUE
"149465",1,4,4,TRUE
"149466",1,4,4,TRUE
"149478",1,4,4,TRUE
"149483",1,4,4,TRUE
"149499",1,4,4,TRUE
"149563",1,4,4,TRUE
"1496",1,4,4,TRUE
"149643",1,4,4,TRUE
"149647",1,4,4,TRUE
"149685",1,4,4,TRUE
"149699",1,4,4,TRUE
"149954",1,4,4,TRUE
"149986",1,4,4,TRUE
"149998",1,4,4,TRUE
"15",1,4,4,TRUE
"150082",1,4,4,TRUE
"1501",1,4,4,TRUE
"150160",1,4,4,TRUE
"150209",1,4,4,TRUE
"150248",1,4,4,TRUE
"150280",1,4,4,TRUE
"150297",1,4,4,TRUE
"150350",1,4,4,TRUE
"150353",1,4,4,TRUE
"150356",1,4,4,TRUE
"150372",1,4,4,TRUE
"150379",1,4,4,TRUE
"150572",1,4,4,TRUE
"1506",1,4,4,TRUE
"150677",1,4,4,TRUE
"150678",1,4,4,TRUE
"150726",1,4,4,TRUE
"150771",1,4,4,TRUE
"150946",1,4,4,TRUE
"150962",1,4,4,TRUE
"1510",1,4,4,TRUE
"151056",1,4,4,TRUE
"151112",1,4,4,TRUE
"151126",1,4,4,TRUE
"151176",1,4,4,TRUE
"151242",1,4,4,TRUE
"151254",1,4,4,TRUE
"151258",1,4,4,TRUE
"151354",1,4,4,TRUE
"151393",1,4,4,TRUE
"151449",1,4,4,TRUE
"151516",1,4,4,TRUE
"151531",1,4,4,TRUE
"151556",1,4,4,TRUE
"151649",1,4,4,TRUE
"151790",1,4,4,TRUE
"151827",1,4,4,TRUE
"151835",1,4,4,TRUE
"151871",1,4,4,TRUE
"151887",1,4,4,TRUE
"151888",1,4,4,TRUE
"152",1,4,4,TRUE
"1521",1,4,4,TRUE
"152110",1,4,4,TRUE
"152185",1,4,4,TRUE
"152206",1,4,4,TRUE
"152330",1,4,4,TRUE
"152405",1,4,4,TRUE
"1525",1,4,4,TRUE
"152573",1,4,4,TRUE
"152586",1,4,4,TRUE
"152789",1,4,4,TRUE
"152877",1,4,4,TRUE
"152940",1,4,4,TRUE
"153020",1,4,4,TRUE
"153218",1,4,4,TRUE
"153241",1,4,4,TRUE
"153328",1,4,4,TRUE
"153478",1,4,4,TRUE
"153562",1,4,4,TRUE
"153579",1,4,4,TRUE
"153643",1,4,4,TRUE
"153657",1,4,4,TRUE
"153745",1,4,4,TRUE
"153768",1,4,4,TRUE
"153769",1,4,4,TRUE
"153770",1,4,4,TRUE
"1538",1,4,4,TRUE
"1539",1,4,4,TRUE
"153918",1,4,4,TRUE
"154075",1,4,4,TRUE
"154150",1,4,4,TRUE
"154197",1,4,4,TRUE
"154215",1,4,4,TRUE
"154288",1,4,4,TRUE
"1543",1,4,4,TRUE
"154664",1,4,4,TRUE
"154743",1,4,4,TRUE
"154790",1,4,4,TRUE
"1548",1,4,4,TRUE
"154810",1,4,4,TRUE
"154865",1,4,4,TRUE
"154881",1,4,4,TRUE
"1549",1,4,4,TRUE
"155006",1,4,4,TRUE
"155051",1,4,4,TRUE
"1551",1,4,4,TRUE
"155185",1,4,4,TRUE
"1553",1,4,4,TRUE
"155435",1,4,4,TRUE
"1555",1,4,4,TRUE
"1557",1,4,4,TRUE
"1558",1,4,4,TRUE
"1559",1,4,4,TRUE
"1562",1,4,4,TRUE
"1564",1,4,4,TRUE
"157",1,4,4,TRUE
"1571",1,4,4,TRUE
"157310",1,4,4,TRUE
"157313",1,4,4,TRUE
"157378",1,4,4,TRUE
"157570",1,4,4,TRUE
"157574",1,4,4,TRUE
"1576",1,4,4,TRUE
"157680",1,4,4,TRUE
"1577",1,4,4,TRUE
"157724",1,4,4,TRUE
"157753",1,4,4,TRUE
"157773",1,4,4,TRUE
"157807",1,4,4,TRUE
"157848",1,4,4,TRUE
"157855",1,4,4,TRUE
"1579",1,4,4,TRUE
"1580",1,4,4,TRUE
"158038",1,4,4,TRUE
"158046",1,4,4,TRUE
"158067",1,4,4,TRUE
"1581",1,4,4,TRUE
"158131",1,4,4,TRUE
"158135",1,4,4,TRUE
"158158",1,4,4,TRUE
"1582",1,4,4,TRUE
"158248",1,4,4,TRUE
"158297",1,4,4,TRUE
"1584",1,4,4,TRUE
"158405",1,4,4,TRUE
"158431",1,4,4,TRUE
"158471",1,4,4,TRUE
"1585",1,4,4,TRUE
"158506",1,4,4,TRUE
"158521",1,4,4,TRUE
"1586",1,4,4,TRUE
"158724",1,4,4,TRUE
"158763",1,4,4,TRUE
"158787",1,4,4,TRUE
"158798",1,4,4,TRUE
"158800",1,4,4,TRUE
"158809",1,4,4,TRUE
"158830",1,4,4,TRUE
"158833",1,4,4,TRUE
"158866",1,4,4,TRUE
"1589",1,4,4,TRUE
"159091",1,4,4,TRUE
"159195",1,4,4,TRUE
"159296",1,4,4,TRUE
"1594",1,4,4,TRUE
"159989",1,4,4,TRUE
"1600",1,4,4,TRUE
"160287",1,4,4,TRUE
"160298",1,4,4,TRUE
"160335",1,4,4,TRUE
"160419",1,4,4,TRUE
"160428",1,4,4,TRUE
"160492",1,4,4,TRUE
"1607",1,4,4,TRUE
"160762",1,4,4,TRUE
"160777",1,4,4,TRUE
"1608",1,4,4,TRUE
"160851",1,4,4,TRUE
"1610",1,4,4,TRUE
"161003",1,4,4,TRUE
"161142",1,4,4,TRUE
"161176",1,4,4,TRUE
"161247",1,4,4,TRUE
"161253",1,4,4,TRUE
"161357",1,4,4,TRUE
"161424",1,4,4,TRUE
"161436",1,4,4,TRUE
"161502",1,4,4,TRUE
"161514",1,4,4,TRUE
"161582",1,4,4,TRUE
"161725",1,4,4,TRUE
"161753",1,4,4,TRUE
"161779",1,4,4,TRUE
"1618",1,4,4,TRUE
"161829",1,4,4,TRUE
"161931",1,4,4,TRUE
"1620",1,4,4,TRUE
"162083",1,4,4,TRUE
"1621",1,4,4,TRUE
"162333",1,4,4,TRUE
"162417",1,4,4,TRUE
"162461",1,4,4,TRUE
"162514",1,4,4,TRUE
"162515",1,4,4,TRUE
"162517",1,4,4,TRUE
"162540",1,4,4,TRUE
"162655",1,4,4,TRUE
"1628",1,4,4,TRUE
"162962",1,4,4,TRUE
"162968",1,4,4,TRUE
"162972",1,4,4,TRUE
"162993",1,4,4,TRUE
"162998",1,4,4,TRUE
"1630",1,4,4,TRUE
"163051",1,4,4,TRUE
"163131",1,4,4,TRUE
"163154",1,4,4,TRUE
"163175",1,4,4,TRUE
"163227",1,4,4,TRUE
"163255",1,4,4,TRUE
"163351",1,4,4,TRUE
"163404",1,4,4,TRUE
"163479",1,4,4,TRUE
"163589",1,4,4,TRUE
"1636",1,4,4,TRUE
"163688",1,4,4,TRUE
"163702",1,4,4,TRUE
"163747",1,4,4,TRUE
"163778",1,4,4,TRUE
"1638",1,4,4,TRUE
"163933",1,4,4,TRUE
"164045",1,4,4,TRUE
"164127",1,4,4,TRUE
"164237",1,4,4,TRUE
"164284",1,4,4,TRUE
"1643",1,4,4,TRUE
"164395",1,4,4,TRUE
"1644",1,4,4,TRUE
"1645",1,4,4,TRUE
"164592",1,4,4,TRUE
"164633",1,4,4,TRUE
"164684",1,4,4,TRUE
"164781",1,4,4,TRUE
"165082",1,4,4,TRUE
"165100",1,4,4,TRUE
"165186",1,4,4,TRUE
"165530",1,4,4,TRUE
"165545",1,4,4,TRUE
"1656",1,4,4,TRUE
"165631",1,4,4,TRUE
"165679",1,4,4,TRUE
"165721",1,4,4,TRUE
"165904",1,4,4,TRUE
"165918",1,4,4,TRUE
"166348",1,4,4,TRUE
"166378",1,4,4,TRUE
"166614",1,4,4,TRUE
"166647",1,4,4,TRUE
"166752",1,4,4,TRUE
"166863",1,4,4,TRUE
"1669",1,4,4,TRUE
"166968",1,4,4,TRUE
"166979",1,4,4,TRUE
"167",1,4,4,TRUE
"1670",1,4,4,TRUE
"1671",1,4,4,TRUE
"167691",1,4,4,TRUE
"167826",1,4,4,TRUE
"167838",1,4,4,TRUE
"168090",1,4,4,TRUE
"168391",1,4,4,TRUE
"168400",1,4,4,TRUE
"168433",1,4,4,TRUE
"168451",1,4,4,TRUE
"168455",1,4,4,TRUE
"168507",1,4,4,TRUE
"168620",1,4,4,TRUE
"168975",1,4,4,TRUE
"169026",1,4,4,TRUE
"169044",1,4,4,TRUE
"169166",1,4,4,TRUE
"169270",1,4,4,TRUE
"169436",1,4,4,TRUE
"169522",1,4,4,TRUE
"169693",1,4,4,TRUE
"169841",1,4,4,TRUE
"169966",1,4,4,TRUE
"170062",1,4,4,TRUE
"170082",1,4,4,TRUE
"170261",1,4,4,TRUE
"170302",1,4,4,TRUE
"170392",1,4,4,TRUE
"170482",1,4,4,TRUE
"170487",1,4,4,TRUE
"170572",1,4,4,TRUE
"170589",1,4,4,TRUE
"170591",1,4,4,TRUE
"170679",1,4,4,TRUE
"170680",1,4,4,TRUE
"170685",1,4,4,TRUE
"170689",1,4,4,TRUE
"170690",1,4,4,TRUE
"170691",1,4,4,TRUE
"170712",1,4,4,TRUE
"170825",1,4,4,TRUE
"170850",1,4,4,TRUE
"171024",1,4,4,TRUE
"171169",1,4,4,TRUE
"171389",1,4,4,TRUE
"171392",1,4,4,TRUE
"171482",1,4,4,TRUE
"171483",1,4,4,TRUE
"171484",1,4,4,TRUE
"1723",1,4,4,TRUE
"173",1,4,4,TRUE
"1731",1,4,4,TRUE
"1733",1,4,4,TRUE
"174",1,4,4,TRUE
"1740",1,4,4,TRUE
"1745",1,4,4,TRUE
"1746",1,4,4,TRUE
"1755",1,4,4,TRUE
"1757",1,4,4,TRUE
"1758",1,4,4,TRUE
"1759",1,4,4,TRUE
"176",1,4,4,TRUE
"1761",1,4,4,TRUE
"1767",1,4,4,TRUE
"1768",1,4,4,TRUE
"1769",1,4,4,TRUE
"1770",1,4,4,TRUE
"1773",1,4,4,TRUE
"1775",1,4,4,TRUE
"1780",1,4,4,TRUE
"1787",1,4,4,TRUE
"1791",1,4,4,TRUE
"1796",1,4,4,TRUE
"1800",1,4,4,TRUE
"1801",1,4,4,TRUE
"1807",1,4,4,TRUE
"181",1,4,4,TRUE
"1811",1,4,4,TRUE
"1812",1,4,4,TRUE
"1813",1,4,4,TRUE
"1814",1,4,4,TRUE
"1816",1,4,4,TRUE
"1821",1,4,4,TRUE
"1823",1,4,4,TRUE
"1828",1,4,4,TRUE
"183",1,4,4,TRUE
"1830",1,4,4,TRUE
"1833",1,4,4,TRUE
"1834",1,4,4,TRUE
"1840",1,4,4,TRUE
"1841",1,4,4,TRUE
"1842",1,4,4,TRUE
"1846",1,4,4,TRUE
"1849",1,4,4,TRUE
"1855",1,4,4,TRUE
"186",1,4,4,TRUE
"1889",1,4,4,TRUE
"189",1,4,4,TRUE
"1896",1,4,4,TRUE
"190",1,4,4,TRUE
"1907",1,4,4,TRUE
"1908",1,4,4,TRUE
"1917",1,4,4,TRUE
"192111",1,4,4,TRUE
"192134",1,4,4,TRUE
"192668",1,4,4,TRUE
"192670",1,4,4,TRUE
"192683",1,4,4,TRUE
"1943",1,4,4,TRUE
"1944",1,4,4,TRUE
"1946",1,4,4,TRUE
"1949",1,4,4,TRUE
"1950",1,4,4,TRUE
"1951",1,4,4,TRUE
"1953",1,4,4,TRUE
"1954",1,4,4,TRUE
"195814",1,4,4,TRUE
"195828",1,4,4,TRUE
"1960",1,4,4,TRUE
"196051",1,4,4,TRUE
"1961",1,4,4,TRUE
"196264",1,4,4,TRUE
"196374",1,4,4,TRUE
"196385",1,4,4,TRUE
"196394",1,4,4,TRUE
"196446",1,4,4,TRUE
"196472",1,4,4,TRUE
"196477",1,4,4,TRUE
"196500",1,4,4,TRUE
"196541",1,4,4,TRUE
"196792",1,4,4,TRUE
"196951",1,4,4,TRUE
"197",1,4,4,TRUE
"197021",1,4,4,TRUE
"197135",1,4,4,TRUE
"197320",1,4,4,TRUE
"197322",1,4,4,TRUE
"197342",1,4,4,TRUE
"197358",1,4,4,TRUE
"197407",1,4,4,TRUE
"198437",1,4,4,TRUE
"1990",1,4,4,TRUE
"1991",1,4,4,TRUE
"1993",1,4,4,TRUE
"1995",1,4,4,TRUE
"1996",1,4,4,TRUE
"199675",1,4,4,TRUE
"199699",1,4,4,TRUE
"199713",1,4,4,TRUE
"199720",1,4,4,TRUE
"199731",1,4,4,TRUE
"199786",1,4,4,TRUE
"199920",1,4,4,TRUE
"199953",1,4,4,TRUE
"199964",1,4,4,TRUE
"199974",1,4,4,TRUE
"200010",1,4,4,TRUE
"200035",1,4,4,TRUE
"200150",1,4,4,TRUE
"200159",1,4,4,TRUE
"200162",1,4,4,TRUE
"200172",1,4,4,TRUE
"200232",1,4,4,TRUE
"200315",1,4,4,TRUE
"200373",1,4,4,TRUE
"2004",1,4,4,TRUE
"200403",1,4,4,TRUE
"200407",1,4,4,TRUE
"200424",1,4,4,TRUE
"2005",1,4,4,TRUE
"200504",1,4,4,TRUE
"200523",1,4,4,TRUE
"200558",1,4,4,TRUE
"200576",1,4,4,TRUE
"200634",1,4,4,TRUE
"200765",1,4,4,TRUE
"200844",1,4,4,TRUE
"200879",1,4,4,TRUE
"200931",1,4,4,TRUE
"200958",1,4,4,TRUE
"200959",1,4,4,TRUE
"201140",1,4,4,TRUE
"201181",1,4,4,TRUE
"201191",1,4,4,TRUE
"201229",1,4,4,TRUE
"201292",1,4,4,TRUE
"201299",1,4,4,TRUE
"2013",1,4,4,TRUE
"201305",1,4,4,TRUE
"201456",1,4,4,TRUE
"2015",1,4,4,TRUE
"201514",1,4,4,TRUE
"2016",1,4,4,TRUE
"201625",1,4,4,TRUE
"201627",1,4,4,TRUE
"201780",1,4,4,TRUE
"201798",1,4,4,TRUE
"2019",1,4,4,TRUE
"2020",1,4,4,TRUE
"202309",1,4,4,TRUE
"202374",1,4,4,TRUE
"202500",1,4,4,TRUE
"202559",1,4,4,TRUE
"2026",1,4,4,TRUE
"202865",1,4,4,TRUE
"202915",1,4,4,TRUE
"2030",1,4,4,TRUE
"203054",1,4,4,TRUE
"203062",1,4,4,TRUE
"203074",1,4,4,TRUE
"203076",1,4,4,TRUE
"203102",1,4,4,TRUE
"203190",1,4,4,TRUE
"203413",1,4,4,TRUE
"203430",1,4,4,TRUE
"2035",1,4,4,TRUE
"203523",1,4,4,TRUE
"2038",1,4,4,TRUE
"203859",1,4,4,TRUE
"2039",1,4,4,TRUE
"204219",1,4,4,TRUE
"2044",1,4,4,TRUE
"204474",1,4,4,TRUE
"2045",1,4,4,TRUE
"2047",1,4,4,TRUE
"204801",1,4,4,TRUE
"204851",1,4,4,TRUE
"204962",1,4,4,TRUE
"2051",1,4,4,TRUE
"205147",1,4,4,TRUE
"2056",1,4,4,TRUE
"205717",1,4,4,TRUE
"2066",1,4,4,TRUE
"2069",1,4,4,TRUE
"2070",1,4,4,TRUE
"2072",1,4,4,TRUE
"2078",1,4,4,TRUE
"208",1,4,4,TRUE
"2081",1,4,4,TRUE
"2099",1,4,4,TRUE
"2100",1,4,4,TRUE
"2103",1,4,4,TRUE
"2115",1,4,4,TRUE
"2121",1,4,4,TRUE
"2128",1,4,4,TRUE
"2134",1,4,4,TRUE
"2138",1,4,4,TRUE
"2139",1,4,4,TRUE
"2145",1,4,4,TRUE
"2147",1,4,4,TRUE
"2151",1,4,4,TRUE
"2155",1,4,4,TRUE
"2157",1,4,4,TRUE
"2158",1,4,4,TRUE
"2160",1,4,4,TRUE
"2161",1,4,4,TRUE
"2165",1,4,4,TRUE
"2168",1,4,4,TRUE
"2169",1,4,4,TRUE
"2172",1,4,4,TRUE
"2173",1,4,4,TRUE
"2175",1,4,4,TRUE
"2176",1,4,4,TRUE
"218",1,4,4,TRUE
"2187",1,4,4,TRUE
"2188",1,4,4,TRUE
"219287",1,4,4,TRUE
"219293",1,4,4,TRUE
"219409",1,4,4,TRUE
"219527",1,4,4,TRUE
"219537",1,4,4,TRUE
"219539",1,4,4,TRUE
"219557",1,4,4,TRUE
"219578",1,4,4,TRUE
"2196",1,4,4,TRUE
"219621",1,4,4,TRUE
"219670",1,4,4,TRUE
"219681",1,4,4,TRUE
"219770",1,4,4,TRUE
"219790",1,4,4,TRUE
"219793",1,4,4,TRUE
"219855",1,4,4,TRUE
"219899",1,4,4,TRUE
"219938",1,4,4,TRUE
"219970",1,4,4,TRUE
"219990",1,4,4,TRUE
"219995",1,4,4,TRUE
"220004",1,4,4,TRUE
"220047",1,4,4,TRUE
"220082",1,4,4,TRUE
"220108",1,4,4,TRUE
"220136",1,4,4,TRUE
"220202",1,4,4,TRUE
"220213",1,4,4,TRUE
"220296",1,4,4,TRUE
"220359",1,4,4,TRUE
"220382",1,4,4,TRUE
"2204",1,4,4,TRUE
"220416",1,4,4,TRUE
"2205",1,4,4,TRUE
"2206",1,4,4,TRUE
"2208",1,4,4,TRUE
"220963",1,4,4,TRUE
"220965",1,4,4,TRUE
"221002",1,4,4,TRUE
"221044",1,4,4,TRUE
"221074",1,4,4,TRUE
"221091",1,4,4,TRUE
"221184",1,4,4,TRUE
"221188",1,4,4,TRUE
"221191",1,4,4,TRUE
"221223",1,4,4,TRUE
"221264",1,4,4,TRUE
"221336",1,4,4,TRUE
"221391",1,4,4,TRUE
"221393",1,4,4,TRUE
"221409",1,4,4,TRUE
"221421",1,4,4,TRUE
"221424",1,4,4,TRUE
"221476",1,4,4,TRUE
"221481",1,4,4,TRUE
"221527",1,4,4,TRUE
"221656",1,4,4,TRUE
"221662",1,4,4,TRUE
"221687",1,4,4,TRUE
"221692",1,4,4,TRUE
"221711",1,4,4,TRUE
"221749",1,4,4,TRUE
"221806",1,4,4,TRUE
"221823",1,4,4,TRUE
"221833",1,4,4,TRUE
"221935",1,4,4,TRUE
"221938",1,4,4,TRUE
"2220",1,4,4,TRUE
"222008",1,4,4,TRUE
"222171",1,4,4,TRUE
"222183",1,4,4,TRUE
"222234",1,4,4,TRUE
"222235",1,4,4,TRUE
"222255",1,4,4,TRUE
"222256",1,4,4,TRUE
"222487",1,4,4,TRUE
"222537",1,4,4,TRUE
"222545",1,4,4,TRUE
"222553",1,4,4,TRUE
"222642",1,4,4,TRUE
"222659",1,4,4,TRUE
"222662",1,4,4,TRUE
"222663",1,4,4,TRUE
"222696",1,4,4,TRUE
"222698",1,4,4,TRUE
"222826",1,4,4,TRUE
"222865",1,4,4,TRUE
"222894",1,4,4,TRUE
"222950",1,4,4,TRUE
"223075",1,4,4,TRUE
"223117",1,4,4,TRUE
"2232",1,4,4,TRUE
"2243",1,4,4,TRUE
"2244",1,4,4,TRUE
"2246",1,4,4,TRUE
"2248",1,4,4,TRUE
"2249",1,4,4,TRUE
"225",1,4,4,TRUE
"2250",1,4,4,TRUE
"2251",1,4,4,TRUE
"2252",1,4,4,TRUE
"2253",1,4,4,TRUE
"2255",1,4,4,TRUE
"2256",1,4,4,TRUE
"225689",1,4,4,TRUE
"2259",1,4,4,TRUE
"2260",1,4,4,TRUE
"2263",1,4,4,TRUE
"2264",1,4,4,TRUE
"2266",1,4,4,TRUE
"22797",1,4,4,TRUE
"22802",1,4,4,TRUE
"22821",1,4,4,TRUE
"22829",1,4,4,TRUE
"22843",1,4,4,TRUE
"22844",1,4,4,TRUE
"22854",1,4,4,TRUE
"22861",1,4,4,TRUE
"22865",1,4,4,TRUE
"22866",1,4,4,TRUE
"22869",1,4,4,TRUE
"22872",1,4,4,TRUE
"22873",1,4,4,TRUE
"22877",1,4,4,TRUE
"22890",1,4,4,TRUE
"22891",1,4,4,TRUE
"22895",1,4,4,TRUE
"22899",1,4,4,TRUE
"229",1,4,4,TRUE
"2290",1,4,4,TRUE
"22901",1,4,4,TRUE
"22917",1,4,4,TRUE
"22944",1,4,4,TRUE
"22953",1,4,4,TRUE
"22983",1,4,4,TRUE
"22986",1,4,4,TRUE
"22987",1,4,4,TRUE
"22989",1,4,4,TRUE
"2299",1,4,4,TRUE
"22996",1,4,4,TRUE
"22997",1,4,4,TRUE
"22999",1,4,4,TRUE
"2300",1,4,4,TRUE
"23007",1,4,4,TRUE
"2301",1,4,4,TRUE
"23015",1,4,4,TRUE
"23017",1,4,4,TRUE
"2302",1,4,4,TRUE
"23025",1,4,4,TRUE
"23026",1,4,4,TRUE
"23036",1,4,4,TRUE
"23038",1,4,4,TRUE
"2304",1,4,4,TRUE
"23040",1,4,4,TRUE
"23043",1,4,4,TRUE
"23046",1,4,4,TRUE
"2306",1,4,4,TRUE
"23072",1,4,4,TRUE
"23076",1,4,4,TRUE
"23091",1,4,4,TRUE
"23101",1,4,4,TRUE
"23109",1,4,4,TRUE
"23114",1,4,4,TRUE
"2312",1,4,4,TRUE
"23120",1,4,4,TRUE
"23125",1,4,4,TRUE
"23133",1,4,4,TRUE
"23143",1,4,4,TRUE
"23149",1,4,4,TRUE
"2315",1,4,4,TRUE
"23150",1,4,4,TRUE
"23160",1,4,4,TRUE
"23176",1,4,4,TRUE
"23186",1,4,4,TRUE
"23195",1,4,4,TRUE
"23205",1,4,4,TRUE
"23209",1,4,4,TRUE
"2321",1,4,4,TRUE
"23217",1,4,4,TRUE
"2322",1,4,4,TRUE
"23220",1,4,4,TRUE
"23229",1,4,4,TRUE
"2323",1,4,4,TRUE
"23237",1,4,4,TRUE
"23241",1,4,4,TRUE
"23244",1,4,4,TRUE
"23245",1,4,4,TRUE
"23250",1,4,4,TRUE
"23251",1,4,4,TRUE
"23252",1,4,4,TRUE
"23255",1,4,4,TRUE
"23262",1,4,4,TRUE
"23263",1,4,4,TRUE
"23264",1,4,4,TRUE
"23268",1,4,4,TRUE
"23270",1,4,4,TRUE
"2328",1,4,4,TRUE
"23281",1,4,4,TRUE
"23288",1,4,4,TRUE
"23305",1,4,4,TRUE
"23314",1,4,4,TRUE
"23316",1,4,4,TRUE
"2332",1,4,4,TRUE
"23322",1,4,4,TRUE
"23329",1,4,4,TRUE
"23334",1,4,4,TRUE
"23345",1,4,4,TRUE
"23349",1,4,4,TRUE
"23367",1,4,4,TRUE
"23373",1,4,4,TRUE
"23397",1,4,4,TRUE
"23410",1,4,4,TRUE
"23415",1,4,4,TRUE
"23416",1,4,4,TRUE
"23418",1,4,4,TRUE
"23430",1,4,4,TRUE
"23432",1,4,4,TRUE
"23436",1,4,4,TRUE
"23439",1,4,4,TRUE
"23440",1,4,4,TRUE
"2346",1,4,4,TRUE
"23467",1,4,4,TRUE
"23495",1,4,4,TRUE
"23504",1,4,4,TRUE
"23519",1,4,4,TRUE
"2352",1,4,4,TRUE
"23522",1,4,4,TRUE
"23532",1,4,4,TRUE
"23533",1,4,4,TRUE
"23538",1,4,4,TRUE
"23539",1,4,4,TRUE
"23541",1,4,4,TRUE
"23542",1,4,4,TRUE
"23544",1,4,4,TRUE
"23546",1,4,4,TRUE
"23547",1,4,4,TRUE
"23551",1,4,4,TRUE
"2356",1,4,4,TRUE
"23563",1,4,4,TRUE
"23567",1,4,4,TRUE
"23569",1,4,4,TRUE
"23581",1,4,4,TRUE
"23598",1,4,4,TRUE
"23601",1,4,4,TRUE
"23604",1,4,4,TRUE
"23617",1,4,4,TRUE
"23619",1,4,4,TRUE
"23620",1,4,4,TRUE
"23624",1,4,4,TRUE
"23626",1,4,4,TRUE
"23632",1,4,4,TRUE
"23639",1,4,4,TRUE
"23641",1,4,4,TRUE
"23647",1,4,4,TRUE
"23657",1,4,4,TRUE
"23671",1,4,4,TRUE
"23676",1,4,4,TRUE
"23683",1,4,4,TRUE
"23704",1,4,4,TRUE
"23732",1,4,4,TRUE
"23742",1,4,4,TRUE
"23743",1,4,4,TRUE
"23746",1,4,4,TRUE
"23759",1,4,4,TRUE
"23769",1,4,4,TRUE
"23774",1,4,4,TRUE
"238",1,4,4,TRUE
"239",1,4,4,TRUE
"24",1,4,4,TRUE
"240",1,4,4,TRUE
"24141",1,4,4,TRUE
"242",1,4,4,TRUE
"245711",1,4,4,TRUE
"245802",1,4,4,TRUE
"245806",1,4,4,TRUE
"245932",1,4,4,TRUE
"245934",1,4,4,TRUE
"245937",1,4,4,TRUE
"245938",1,4,4,TRUE
"246",1,4,4,TRUE
"246176",1,4,4,TRUE
"246213",1,4,4,TRUE
"246269",1,4,4,TRUE
"246329",1,4,4,TRUE
"246330",1,4,4,TRUE
"246744",1,4,4,TRUE
"248",1,4,4,TRUE
"2488",1,4,4,TRUE
"2491",1,4,4,TRUE
"2492",1,4,4,TRUE
"2494",1,4,4,TRUE
"251",1,4,4,TRUE
"2515",1,4,4,TRUE
"2516",1,4,4,TRUE
"2520",1,4,4,TRUE
"2523",1,4,4,TRUE
"2524",1,4,4,TRUE
"2525",1,4,4,TRUE
"2527",1,4,4,TRUE
"252884",1,4,4,TRUE
"2529",1,4,4,TRUE
"252983",1,4,4,TRUE
"253012",1,4,4,TRUE
"253017",1,4,4,TRUE
"253190",1,4,4,TRUE
"253430",1,4,4,TRUE
"253512",1,4,4,TRUE
"253559",1,4,4,TRUE
"253635",1,4,4,TRUE
"253639",1,4,4,TRUE
"253650",1,4,4,TRUE
"2538",1,4,4,TRUE
"253982",1,4,4,TRUE
"254013",1,4,4,TRUE
"254042",1,4,4,TRUE
"254050",1,4,4,TRUE
"254122",1,4,4,TRUE
"254158",1,4,4,TRUE
"254173",1,4,4,TRUE
"254187",1,4,4,TRUE
"254240",1,4,4,TRUE
"254268",1,4,4,TRUE
"2543",1,4,4,TRUE
"254394",1,4,4,TRUE
"254439",1,4,4,TRUE
"254528",1,4,4,TRUE
"254773",1,4,4,TRUE
"254778",1,4,4,TRUE
"254827",1,4,4,TRUE
"254956",1,4,4,TRUE
"2550",1,4,4,TRUE
"255022",1,4,4,TRUE
"255027",1,4,4,TRUE
"255043",1,4,4,TRUE
"255057",1,4,4,TRUE
"255061",1,4,4,TRUE
"255101",1,4,4,TRUE
"255119",1,4,4,TRUE
"255220",1,4,4,TRUE
"255275",1,4,4,TRUE
"255374",1,4,4,TRUE
"2554",1,4,4,TRUE
"255403",1,4,4,TRUE
"255411",1,4,4,TRUE
"255426",1,4,4,TRUE
"2555",1,4,4,TRUE
"2556",1,4,4,TRUE
"255626",1,4,4,TRUE
"255631",1,4,4,TRUE
"2557",1,4,4,TRUE
"255738",1,4,4,TRUE
"255762",1,4,4,TRUE
"255798",1,4,4,TRUE
"2558",1,4,4,TRUE
"255928",1,4,4,TRUE
"256006",1,4,4,TRUE
"256076",1,4,4,TRUE
"2561",1,4,4,TRUE
"256130",1,4,4,TRUE
"256158",1,4,4,TRUE
"256223",1,4,4,TRUE
"256227",1,4,4,TRUE
"2563",1,4,4,TRUE
"256302",1,4,4,TRUE
"256309",1,4,4,TRUE
"256329",1,4,4,TRUE
"256369",1,4,4,TRUE
"256380",1,4,4,TRUE
"256472",1,4,4,TRUE
"2565",1,4,4,TRUE
"256536",1,4,4,TRUE
"2566",1,4,4,TRUE
"256646",1,4,4,TRUE
"2567",1,4,4,TRUE
"256710",1,4,4,TRUE
"256764",1,4,4,TRUE
"2568",1,4,4,TRUE
"256815",1,4,4,TRUE
"256957",1,4,4,TRUE
"256979",1,4,4,TRUE
"257",1,4,4,TRUE
"2570",1,4,4,TRUE
"257000",1,4,4,TRUE
"257062",1,4,4,TRUE
"257101",1,4,4,TRUE
"257144",1,4,4,TRUE
"257169",1,4,4,TRUE
"257177",1,4,4,TRUE
"257194",1,4,4,TRUE
"2572",1,4,4,TRUE
"257240",1,4,4,TRUE
"257407",1,4,4,TRUE
"25758",1,4,4,TRUE
"257629",1,4,4,TRUE
"25763",1,4,4,TRUE
"25769",1,4,4,TRUE
"25770",1,4,4,TRUE
"25774",1,4,4,TRUE
"25790",1,4,4,TRUE
"25791",1,4,4,TRUE
"25792",1,4,4,TRUE
"25794",1,4,4,TRUE
"258",1,4,4,TRUE
"258010",1,4,4,TRUE
"25803",1,4,4,TRUE
"25806",1,4,4,TRUE
"25817",1,4,4,TRUE
"25818",1,4,4,TRUE
"25823",1,4,4,TRUE
"2583",1,4,4,TRUE
"25830",1,4,4,TRUE
"25834",1,4,4,TRUE
"25837",1,4,4,TRUE
"25861",1,4,4,TRUE
"2587",1,4,4,TRUE
"25871",1,4,4,TRUE
"25876",1,4,4,TRUE
"25885",1,4,4,TRUE
"25894",1,4,4,TRUE
"25898",1,4,4,TRUE
"259",1,4,4,TRUE
"259173",1,4,4,TRUE
"259197",1,4,4,TRUE
"259232",1,4,4,TRUE
"259236",1,4,4,TRUE
"259239",1,4,4,TRUE
"25924",1,4,4,TRUE
"259240",1,4,4,TRUE
"259249",1,4,4,TRUE
"25928",1,4,4,TRUE
"259282",1,4,4,TRUE
"259285",1,4,4,TRUE
"259286",1,4,4,TRUE
"259287",1,4,4,TRUE
"259296",1,4,4,TRUE
"259307",1,4,4,TRUE
"259308",1,4,4,TRUE
"25939",1,4,4,TRUE
"2595",1,4,4,TRUE
"25956",1,4,4,TRUE
"25961",1,4,4,TRUE
"25992",1,4,4,TRUE
"26005",1,4,4,TRUE
"26011",1,4,4,TRUE
"26030",1,4,4,TRUE
"26033",1,4,4,TRUE
"26038",1,4,4,TRUE
"260425",1,4,4,TRUE
"260429",1,4,4,TRUE
"260434",1,4,4,TRUE
"260436",1,4,4,TRUE
"26045",1,4,4,TRUE
"26049",1,4,4,TRUE
"26050",1,4,4,TRUE
"26052",1,4,4,TRUE
"26059",1,4,4,TRUE
"26074",1,4,4,TRUE
"26084",1,4,4,TRUE
"26085",1,4,4,TRUE
"26086",1,4,4,TRUE
"26093",1,4,4,TRUE
"26095",1,4,4,TRUE
"26103",1,4,4,TRUE
"26146",1,4,4,TRUE
"26150",1,4,4,TRUE
"26154",1,4,4,TRUE
"26160",1,4,4,TRUE
"26164",1,4,4,TRUE
"26166",1,4,4,TRUE
"26167",1,4,4,TRUE
"26168",1,4,4,TRUE
"261729",1,4,4,TRUE
"261734",1,4,4,TRUE
"26188",1,4,4,TRUE
"26189",1,4,4,TRUE
"26191",1,4,4,TRUE
"2620",1,4,4,TRUE
"26211",1,4,4,TRUE
"26212",1,4,4,TRUE
"26219",1,4,4,TRUE
"26228",1,4,4,TRUE
"2623",1,4,4,TRUE
"26230",1,4,4,TRUE
"26235",1,4,4,TRUE
"26239",1,4,4,TRUE
"26245",1,4,4,TRUE
"26246",1,4,4,TRUE
"26248",1,4,4,TRUE
"26251",1,4,4,TRUE
"26253",1,4,4,TRUE
"26254",1,4,4,TRUE
"26256",1,4,4,TRUE
"26257",1,4,4,TRUE
"2626",1,4,4,TRUE
"26261",1,4,4,TRUE
"26267",1,4,4,TRUE
"26280",1,4,4,TRUE
"26281",1,4,4,TRUE
"26285",1,4,4,TRUE
"26287",1,4,4,TRUE
"26290",1,4,4,TRUE
"26291",1,4,4,TRUE
"26298",1,4,4,TRUE
"26330",1,4,4,TRUE
"26333",1,4,4,TRUE
"26338",1,4,4,TRUE
"26339",1,4,4,TRUE
"2636",1,4,4,TRUE
"2637",1,4,4,TRUE
"2638",1,4,4,TRUE
"2641",1,4,4,TRUE
"2642",1,4,4,TRUE
"2645",1,4,4,TRUE
"2646",1,4,4,TRUE
"26469",1,4,4,TRUE
"26476",1,4,4,TRUE
"2649",1,4,4,TRUE
"26493",1,4,4,TRUE
"26494",1,4,4,TRUE
"26496",1,4,4,TRUE
"26497",1,4,4,TRUE
"265",1,4,4,TRUE
"26503",1,4,4,TRUE
"26507",1,4,4,TRUE
"26517",1,4,4,TRUE
"26526",1,4,4,TRUE
"26529",1,4,4,TRUE
"26531",1,4,4,TRUE
"26532",1,4,4,TRUE
"26538",1,4,4,TRUE
"26539",1,4,4,TRUE
"26548",1,4,4,TRUE
"26576",1,4,4,TRUE
"26579",1,4,4,TRUE
"2658",1,4,4,TRUE
"26595",1,4,4,TRUE
"266",1,4,4,TRUE
"2660",1,4,4,TRUE
"2661",1,4,4,TRUE
"2662",1,4,4,TRUE
"26648",1,4,4,TRUE
"26658",1,4,4,TRUE
"26659",1,4,4,TRUE
"266629",1,4,4,TRUE
"26664",1,4,4,TRUE
"266722",1,4,4,TRUE
"266727",1,4,4,TRUE
"266743",1,4,4,TRUE
"2668",1,4,4,TRUE
"26689",1,4,4,TRUE
"26692",1,4,4,TRUE
"266977",1,4,4,TRUE
"2670",1,4,4,TRUE
"267012",1,4,4,TRUE
"26707",1,4,4,TRUE
"2671",1,4,4,TRUE
"26716",1,4,4,TRUE
"2672",1,4,4,TRUE
"2674",1,4,4,TRUE
"26740",1,4,4,TRUE
"2676",1,4,4,TRUE
"268",1,4,4,TRUE
"2681",1,4,4,TRUE
"2686",1,4,4,TRUE
"2687",1,4,4,TRUE
"269",1,4,4,TRUE
"2691",1,4,4,TRUE
"2692",1,4,4,TRUE
"2693",1,4,4,TRUE
"2694",1,4,4,TRUE
"2695",1,4,4,TRUE
"26952",1,4,4,TRUE
"2696",1,4,4,TRUE
"26996",1,4,4,TRUE
"26998",1,4,4,TRUE
"27",1,4,4,TRUE
"270",1,4,4,TRUE
"27006",1,4,4,TRUE
"27012",1,4,4,TRUE
"27019",1,4,4,TRUE
"27022",1,4,4,TRUE
"27023",1,4,4,TRUE
"2703",1,4,4,TRUE
"27033",1,4,4,TRUE
"27035",1,4,4,TRUE
"27036",1,4,4,TRUE
"27037",1,4,4,TRUE
"27039",1,4,4,TRUE
"2705",1,4,4,TRUE
"2707",1,4,4,TRUE
"27085",1,4,4,TRUE
"27087",1,4,4,TRUE
"2709",1,4,4,TRUE
"27091",1,4,4,TRUE
"27092",1,4,4,TRUE
"27097",1,4,4,TRUE
"271",1,4,4,TRUE
"27112",1,4,4,TRUE
"2712",1,4,4,TRUE
"27120",1,4,4,TRUE
"27121",1,4,4,TRUE
"27124",1,4,4,TRUE
"27127",1,4,4,TRUE
"27130",1,4,4,TRUE
"27132",1,4,4,TRUE
"27133",1,4,4,TRUE
"27134",1,4,4,TRUE
"27136",1,4,4,TRUE
"27146",1,4,4,TRUE
"27156",1,4,4,TRUE
"27158",1,4,4,TRUE
"27159",1,4,4,TRUE
"27164",1,4,4,TRUE
"27165",1,4,4,TRUE
"27177",1,4,4,TRUE
"27178",1,4,4,TRUE
"27179",1,4,4,TRUE
"27180",1,4,4,TRUE
"27181",1,4,4,TRUE
"27185",1,4,4,TRUE
"27189",1,4,4,TRUE
"27190",1,4,4,TRUE
"27197",1,4,4,TRUE
"27199",1,4,4,TRUE
"272",1,4,4,TRUE
"27202",1,4,4,TRUE
"27231",1,4,4,TRUE
"27253",1,4,4,TRUE
"27254",1,4,4,TRUE
"27283",1,4,4,TRUE
"27284",1,4,4,TRUE
"27285",1,4,4,TRUE
"27287",1,4,4,TRUE
"27288",1,4,4,TRUE
"27289",1,4,4,TRUE
"27290",1,4,4,TRUE
"27293",1,4,4,TRUE
"27296",1,4,4,TRUE
"27299",1,4,4,TRUE
"273",1,4,4,TRUE
"27302",1,4,4,TRUE
"27304",1,4,4,TRUE
"27319",1,4,4,TRUE
"27324",1,4,4,TRUE
"27329",1,4,4,TRUE
"27334",1,4,4,TRUE
"27336",1,4,4,TRUE
"27338",1,4,4,TRUE
"27340",1,4,4,TRUE
"27343",1,4,4,TRUE
"2735",1,4,4,TRUE
"2736",1,4,4,TRUE
"2738",1,4,4,TRUE
"2740",1,4,4,TRUE
"2741",1,4,4,TRUE
"2742",1,4,4,TRUE
"27439",1,4,4,TRUE
"27443",1,4,4,TRUE
"27445",1,4,4,TRUE
"2765",1,4,4,TRUE
"2775",1,4,4,TRUE
"2780",1,4,4,TRUE
"2781",1,4,4,TRUE
"2784",1,4,4,TRUE
"2785",1,4,4,TRUE
"2797",1,4,4,TRUE
"2798",1,4,4,TRUE
"28",1,4,4,TRUE
"280664",1,4,4,TRUE
"2810",1,4,4,TRUE
"2813",1,4,4,TRUE
"2814",1,4,4,TRUE
"2819",1,4,4,TRUE
"2822",1,4,4,TRUE
"28234",1,4,4,TRUE
"2826",1,4,4,TRUE
"282616",1,4,4,TRUE
"282618",1,4,4,TRUE
"2827",1,4,4,TRUE
"282763",1,4,4,TRUE
"282775",1,4,4,TRUE
"282890",1,4,4,TRUE
"282966",1,4,4,TRUE
"282973",1,4,4,TRUE
"282974",1,4,4,TRUE
"282991",1,4,4,TRUE
"2830",1,4,4,TRUE
"283078",1,4,4,TRUE
"2831",1,4,4,TRUE
"283129",1,4,4,TRUE
"283152",1,4,4,TRUE
"283159",1,4,4,TRUE
"283160",1,4,4,TRUE
"2832",1,4,4,TRUE
"283208",1,4,4,TRUE
"283234",1,4,4,TRUE
"283238",1,4,4,TRUE
"283284",1,4,4,TRUE
"283297",1,4,4,TRUE
"2833",1,4,4,TRUE
"283349",1,4,4,TRUE
"283358",1,4,4,TRUE
"283375",1,4,4,TRUE
"283383",1,4,4,TRUE
"2834",1,4,4,TRUE
"283417",1,4,4,TRUE
"283446",1,4,4,TRUE
"283455",1,4,4,TRUE
"283461",1,4,4,TRUE
"283463",1,4,4,TRUE
"283471",1,4,4,TRUE
"283518",1,4,4,TRUE
"283521",1,4,4,TRUE
"283554",1,4,4,TRUE
"283571",1,4,4,TRUE
"283576",1,4,4,TRUE
"283578",1,4,4,TRUE
"283600",1,4,4,TRUE
"283629",1,4,4,TRUE
"283638",1,4,4,TRUE
"283643",1,4,4,TRUE
"283659",1,4,4,TRUE
"283677",1,4,4,TRUE
"283685",1,4,4,TRUE
"2837",1,4,4,TRUE
"283742",1,4,4,TRUE
"283748",1,4,4,TRUE
"2838",1,4,4,TRUE
"283807",1,4,4,TRUE
"283847",1,4,4,TRUE
"283875",1,4,4,TRUE
"283933",1,4,4,TRUE
"283948",1,4,4,TRUE
"283951",1,4,4,TRUE
"283999",1,4,4,TRUE
"2840",1,4,4,TRUE
"284001",1,4,4,TRUE
"284013",1,4,4,TRUE
"284067",1,4,4,TRUE
"284069",1,4,4,TRUE
"284071",1,4,4,TRUE
"284076",1,4,4,TRUE
"284099",1,4,4,TRUE
"2841",1,4,4,TRUE
"284106",1,4,4,TRUE
"284111",1,4,4,TRUE
"284114",1,4,4,TRUE
"284129",1,4,4,TRUE
"284131",1,4,4,TRUE
"284184",1,4,4,TRUE
"284217",1,4,4,TRUE
"284257",1,4,4,TRUE
"284266",1,4,4,TRUE
"284274",1,4,4,TRUE
"284297",1,4,4,TRUE
"2843",1,4,4,TRUE
"284306",1,4,4,TRUE
"284312",1,4,4,TRUE
"284323",1,4,4,TRUE
"284338",1,4,4,TRUE
"284346",1,4,4,TRUE
"284352",1,4,4,TRUE
"284353",1,4,4,TRUE
"284359",1,4,4,TRUE
"284366",1,4,4,TRUE
"284369",1,4,4,TRUE
"284382",1,4,4,TRUE
"2844",1,4,4,TRUE
"284402",1,4,4,TRUE
"284403",1,4,4,TRUE
"284415",1,4,4,TRUE
"284418",1,4,4,TRUE
"284422",1,4,4,TRUE
"284427",1,4,4,TRUE
"284451",1,4,4,TRUE
"284485",1,4,4,TRUE
"2845",1,4,4,TRUE
"284525",1,4,4,TRUE
"284541",1,4,4,TRUE
"2846",1,4,4,TRUE
"284612",1,4,4,TRUE
"284615",1,4,4,TRUE
"284654",1,4,4,TRUE
"284680",1,4,4,TRUE
"284697",1,4,4,TRUE
"2847",1,4,4,TRUE
"284716",1,4,4,TRUE
"284739",1,4,4,TRUE
"284759",1,4,4,TRUE
"2848",1,4,4,TRUE
"284805",1,4,4,TRUE
"2849",1,4,4,TRUE
"284904",1,4,4,TRUE
"284948",1,4,4,TRUE
"284958",1,4,4,TRUE
"284992",1,4,4,TRUE
"2850",1,4,4,TRUE
"285025",1,4,4,TRUE
"285051",1,4,4,TRUE
"285093",1,4,4,TRUE
"285095",1,4,4,TRUE
"285126",1,4,4,TRUE
"28513",1,4,4,TRUE
"285267",1,4,4,TRUE
"2853",1,4,4,TRUE
"285311",1,4,4,TRUE
"285313",1,4,4,TRUE
"285315",1,4,4,TRUE
"285346",1,4,4,TRUE
"285349",1,4,4,TRUE
"285368",1,4,4,TRUE
"285386",1,4,4,TRUE
"2854",1,4,4,TRUE
"285423",1,4,4,TRUE
"285429",1,4,4,TRUE
"285489",1,4,4,TRUE
"285498",1,4,4,TRUE
"285513",1,4,4,TRUE
"285521",1,4,4,TRUE
"285533",1,4,4,TRUE
"285555",1,4,4,TRUE
"285556",1,4,4,TRUE
"285598",1,4,4,TRUE
"285600",1,4,4,TRUE
"285671",1,4,4,TRUE
"285672",1,4,4,TRUE
"285782",1,4,4,TRUE
"285800",1,4,4,TRUE
"285848",1,4,4,TRUE
"285852",1,4,4,TRUE
"285877",1,4,4,TRUE
"285888",1,4,4,TRUE
"2859",1,4,4,TRUE
"286",1,4,4,TRUE
"286046",1,4,4,TRUE
"286128",1,4,4,TRUE
"286133",1,4,4,TRUE
"286151",1,4,4,TRUE
"286183",1,4,4,TRUE
"2862",1,4,4,TRUE
"286204",1,4,4,TRUE
"286205",1,4,4,TRUE
"286207",1,4,4,TRUE
"286234",1,4,4,TRUE
"286256",1,4,4,TRUE
"286262",1,4,4,TRUE
"2863",1,4,4,TRUE
"286336",1,4,4,TRUE
"2864",1,4,4,TRUE
"286430",1,4,4,TRUE
"286436",1,4,4,TRUE
"286464",1,4,4,TRUE
"286499",1,4,4,TRUE
"286514",1,4,4,TRUE
"286530",1,4,4,TRUE
"2867",1,4,4,TRUE
"286753",1,4,4,TRUE
"286827",1,4,4,TRUE
"286887",1,4,4,TRUE
"287015",1,4,4,TRUE
"2875",1,4,4,TRUE
"2877",1,4,4,TRUE
"2880",1,4,4,TRUE
"2890",1,4,4,TRUE
"2891",1,4,4,TRUE
"2893",1,4,4,TRUE
"2894",1,4,4,TRUE
"2895",1,4,4,TRUE
"28952",1,4,4,TRUE
"28954",1,4,4,TRUE
"2897",1,4,4,TRUE
"2898",1,4,4,TRUE
"28981",1,4,4,TRUE
"28982",1,4,4,TRUE
"28983",1,4,4,TRUE
"2899",1,4,4,TRUE
"28999",1,4,4,TRUE
"2900",1,4,4,TRUE
"2901",1,4,4,TRUE
"2902",1,4,4,TRUE
"2904",1,4,4,TRUE
"2906",1,4,4,TRUE
"29063",1,4,4,TRUE
"2909",1,4,4,TRUE
"29106",1,4,4,TRUE
"2911",1,4,4,TRUE
"29113",1,4,4,TRUE
"29114",1,4,4,TRUE
"29118",1,4,4,TRUE
"29119",1,4,4,TRUE
"29122",1,4,4,TRUE
"29125",1,4,4,TRUE
"2913",1,4,4,TRUE
"2914",1,4,4,TRUE
"2915",1,4,4,TRUE
"2916",1,4,4,TRUE
"2917",1,4,4,TRUE
"2918",1,4,4,TRUE
"2921",1,4,4,TRUE
"2922",1,4,4,TRUE
"2923",1,4,4,TRUE
"2925",1,4,4,TRUE
"2928",1,4,4,TRUE
"2931",1,4,4,TRUE
"2949",1,4,4,TRUE
"29765",1,4,4,TRUE
"29802",1,4,4,TRUE
"2981",1,4,4,TRUE
"2984",1,4,4,TRUE
"29843",1,4,4,TRUE
"29850",1,4,4,TRUE
"29851",1,4,4,TRUE
"2986",1,4,4,TRUE
"29881",1,4,4,TRUE
"29882",1,4,4,TRUE
"29895",1,4,4,TRUE
"29906",1,4,4,TRUE
"29909",1,4,4,TRUE
"2993",1,4,4,TRUE
"29930",1,4,4,TRUE
"29933",1,4,4,TRUE
"2994",1,4,4,TRUE
"29943",1,4,4,TRUE
"29948",1,4,4,TRUE
"29949",1,4,4,TRUE
"29953",1,4,4,TRUE
"29958",1,4,4,TRUE
"29967",1,4,4,TRUE
"29974",1,4,4,TRUE
"2998",1,4,4,TRUE
"29986",1,4,4,TRUE
"29989",1,4,4,TRUE
"2999",1,4,4,TRUE
"29991",1,4,4,TRUE
"29993",1,4,4,TRUE
"29999",1,4,4,TRUE
"3000",1,4,4,TRUE
"3001",1,4,4,TRUE
"30010",1,4,4,TRUE
"30012",1,4,4,TRUE
"3002",1,4,4,TRUE
"3003",1,4,4,TRUE
"3004",1,4,4,TRUE
"30062",1,4,4,TRUE
"3007",1,4,4,TRUE
"3008",1,4,4,TRUE
"3009",1,4,4,TRUE
"3010",1,4,4,TRUE
"3012",1,4,4,TRUE
"3018",1,4,4,TRUE
"3026",1,4,4,TRUE
"3034",1,4,4,TRUE
"3036",1,4,4,TRUE
"3053",1,4,4,TRUE
"3060",1,4,4,TRUE
"3061",1,4,4,TRUE
"3062",1,4,4,TRUE
"3067",1,4,4,TRUE
"3069",1,4,4,TRUE
"3081",1,4,4,TRUE
"30811",1,4,4,TRUE
"30813",1,4,4,TRUE
"30814",1,4,4,TRUE
"30817",1,4,4,TRUE
"30819",1,4,4,TRUE
"30820",1,4,4,TRUE
"3083",1,4,4,TRUE
"30832",1,4,4,TRUE
"3084",1,4,4,TRUE
"30848",1,4,4,TRUE
"3090",1,4,4,TRUE
"3110",1,4,4,TRUE
"3111",1,4,4,TRUE
"3112",1,4,4,TRUE
"3115",1,4,4,TRUE
"3117",1,4,4,TRUE
"3119",1,4,4,TRUE
"312",1,4,4,TRUE
"3120",1,4,4,TRUE
"3123",1,4,4,TRUE
"313",1,4,4,TRUE
"314",1,4,4,TRUE
"3163",1,4,4,TRUE
"3164",1,4,4,TRUE
"3166",1,4,4,TRUE
"3167",1,4,4,TRUE
"3169",1,4,4,TRUE
"3170",1,4,4,TRUE
"3171",1,4,4,TRUE
"3172",1,4,4,TRUE
"3174",1,4,4,TRUE
"3175",1,4,4,TRUE
"317702",1,4,4,TRUE
"317705",1,4,4,TRUE
"317719",1,4,4,TRUE
"317761",1,4,4,TRUE
"3185",1,4,4,TRUE
"319",1,4,4,TRUE
"319089",1,4,4,TRUE
"319101",1,4,4,TRUE
"3195",1,4,4,TRUE
"3196",1,4,4,TRUE
"3198",1,4,4,TRUE
"3199",1,4,4,TRUE
"320",1,4,4,TRUE
"3200",1,4,4,TRUE
"3201",1,4,4,TRUE
"3202",1,4,4,TRUE
"3204",1,4,4,TRUE
"3207",1,4,4,TRUE
"3208",1,4,4,TRUE
"321",1,4,4,TRUE
"3211",1,4,4,TRUE
"3213",1,4,4,TRUE
"3214",1,4,4,TRUE
"3218",1,4,4,TRUE
"3219",1,4,4,TRUE
"322",1,4,4,TRUE
"3222",1,4,4,TRUE
"3225",1,4,4,TRUE
"3227",1,4,4,TRUE
"3228",1,4,4,TRUE
"3231",1,4,4,TRUE
"3233",1,4,4,TRUE
"3234",1,4,4,TRUE
"3235",1,4,4,TRUE
"3236",1,4,4,TRUE
"3237",1,4,4,TRUE
"3238",1,4,4,TRUE
"3239",1,4,4,TRUE
"324",1,4,4,TRUE
"3240",1,4,4,TRUE
"3242",1,4,4,TRUE
"3249",1,4,4,TRUE
"325",1,4,4,TRUE
"3250",1,4,4,TRUE
"3263",1,4,4,TRUE
"326340",1,4,4,TRUE
"3270",1,4,4,TRUE
"3273",1,4,4,TRUE
"3274",1,4,4,TRUE
"327657",1,4,4,TRUE
"3293",1,4,4,TRUE
"3297",1,4,4,TRUE
"333",1,4,4,TRUE
"3339",1,4,4,TRUE
"333926",1,4,4,TRUE
"333929",1,4,4,TRUE
"3346",1,4,4,TRUE
"3347",1,4,4,TRUE
"3350",1,4,4,TRUE
"3351",1,4,4,TRUE
"3352",1,4,4,TRUE
"3354",1,4,4,TRUE
"3355",1,4,4,TRUE
"3356",1,4,4,TRUE
"3357",1,4,4,TRUE
"3358",1,4,4,TRUE
"3359",1,4,4,TRUE
"336",1,4,4,TRUE
"3360",1,4,4,TRUE
"3361",1,4,4,TRUE
"3362",1,4,4,TRUE
"337",1,4,4,TRUE
"3375",1,4,4,TRUE
"337878",1,4,4,TRUE
"337879",1,4,4,TRUE
"337880",1,4,4,TRUE
"337882",1,4,4,TRUE
"337970",1,4,4,TRUE
"338",1,4,4,TRUE
"338094",1,4,4,TRUE
"3381",1,4,4,TRUE
"3383",1,4,4,TRUE
"338321",1,4,4,TRUE
"338322",1,4,4,TRUE
"338323",1,4,4,TRUE
"338324",1,4,4,TRUE
"338339",1,4,4,TRUE
"338376",1,4,4,TRUE
"338440",1,4,4,TRUE
"338557",1,4,4,TRUE
"338645",1,4,4,TRUE
"338661",1,4,4,TRUE
"338667",1,4,4,TRUE
"338785",1,4,4,TRUE
"338811",1,4,4,TRUE
"338872",1,4,4,TRUE
"339",1,4,4,TRUE
"339105",1,4,4,TRUE
"339168",1,4,4,TRUE
"339221",1,4,4,TRUE
"339230",1,4,4,TRUE
"339327",1,4,4,TRUE
"339345",1,4,4,TRUE
"339390",1,4,4,TRUE
"339416",1,4,4,TRUE
"339456",1,4,4,TRUE
"339488",1,4,4,TRUE
"339500",1,4,4,TRUE
"339512",1,4,4,TRUE
"339541",1,4,4,TRUE
"339665",1,4,4,TRUE
"339669",1,4,4,TRUE
"339761",1,4,4,TRUE
"339766",1,4,4,TRUE
"339778",1,4,4,TRUE
"339779",1,4,4,TRUE
"339829",1,4,4,TRUE
"339834",1,4,4,TRUE
"339855",1,4,4,TRUE
"339965",1,4,4,TRUE
"339976",1,4,4,TRUE
"339977",1,4,4,TRUE
"339983",1,4,4,TRUE
"340024",1,4,4,TRUE
"340069",1,4,4,TRUE
"340075",1,4,4,TRUE
"340146",1,4,4,TRUE
"340152",1,4,4,TRUE
"340168",1,4,4,TRUE
"340205",1,4,4,TRUE
"340273",1,4,4,TRUE
"340277",1,4,4,TRUE
"340351",1,4,4,TRUE
"340390",1,4,4,TRUE
"340526",1,4,4,TRUE
"340527",1,4,4,TRUE
"340533",1,4,4,TRUE
"340542",1,4,4,TRUE
"340554",1,4,4,TRUE
"340578",1,4,4,TRUE
"340596",1,4,4,TRUE
"340719",1,4,4,TRUE
"340895",1,4,4,TRUE
"341019",1,4,4,TRUE
"341032",1,4,4,TRUE
"341567",1,4,4,TRUE
"341676",1,4,4,TRUE
"341880",1,4,4,TRUE
"342184",1,4,4,TRUE
"3425",1,4,4,TRUE
"342667",1,4,4,TRUE
"342892",1,4,4,TRUE
"342898",1,4,4,TRUE
"342909",1,4,4,TRUE
"342918",1,4,4,TRUE
"342926",1,4,4,TRUE
"342945",1,4,4,TRUE
"343",1,4,4,TRUE
"343035",1,4,4,TRUE
"343069",1,4,4,TRUE
"343450",1,4,4,TRUE
"343637",1,4,4,TRUE
"343641",1,4,4,TRUE
"343702",1,4,4,TRUE
"3439",1,4,4,TRUE
"3440",1,4,4,TRUE
"344018",1,4,4,TRUE
"3442",1,4,4,TRUE
"3443",1,4,4,TRUE
"3445",1,4,4,TRUE
"3446",1,4,4,TRUE
"344752",1,4,4,TRUE
"344758",1,4,4,TRUE
"344838",1,4,4,TRUE
"3449",1,4,4,TRUE
"344905",1,4,4,TRUE
"345",1,4,4,TRUE
"345222",1,4,4,TRUE
"345462",1,4,4,TRUE
"345557",1,4,4,TRUE
"3456",1,4,4,TRUE
"345611",1,4,4,TRUE
"345630",1,4,4,TRUE
"3458",1,4,4,TRUE
"345895",1,4,4,TRUE
"346157",1,4,4,TRUE
"346171",1,4,4,TRUE
"346389",1,4,4,TRUE
"346562",1,4,4,TRUE
"346606",1,4,4,TRUE
"346653",1,4,4,TRUE
"3467",1,4,4,TRUE
"347273",1,4,4,TRUE
"347365",1,4,4,TRUE
"347404",1,4,4,TRUE
"347442",1,4,4,TRUE
"347475",1,4,4,TRUE
"347730",1,4,4,TRUE
"347732",1,4,4,TRUE
"347736",1,4,4,TRUE
"347744",1,4,4,TRUE
"347853",1,4,4,TRUE
"347902",1,4,4,TRUE
"3480",1,4,4,TRUE
"348013",1,4,4,TRUE
"348327",1,4,4,TRUE
"348378",1,4,4,TRUE
"3484",1,4,4,TRUE
"348751",1,4,4,TRUE
"348801",1,4,4,TRUE
"348807",1,4,4,TRUE
"348932",1,4,4,TRUE
"348938",1,4,4,TRUE
"348980",1,4,4,TRUE
"349565",1,4,4,TRUE
"349667",1,4,4,TRUE
"350",1,4,4,TRUE
"3508",1,4,4,TRUE
"3512",1,4,4,TRUE
"352909",1,4,4,TRUE
"352999",1,4,4,TRUE
"353132",1,4,4,TRUE
"353149",1,4,4,TRUE
"353174",1,4,4,TRUE
"353189",1,4,4,TRUE
"353274",1,4,4,TRUE
"353299",1,4,4,TRUE
"353324",1,4,4,TRUE
"353355",1,4,4,TRUE
"353500",1,4,4,TRUE
"354",1,4,4,TRUE
"3543",1,4,4,TRUE
"3547",1,4,4,TRUE
"3549",1,4,4,TRUE
"355",1,4,4,TRUE
"3552",1,4,4,TRUE
"3553",1,4,4,TRUE
"3557",1,4,4,TRUE
"3558",1,4,4,TRUE
"3559",1,4,4,TRUE
"356",1,4,4,TRUE
"3561",1,4,4,TRUE
"3562",1,4,4,TRUE
"3563",1,4,4,TRUE
"3565",1,4,4,TRUE
"3567",1,4,4,TRUE
"3570",1,4,4,TRUE
"3574",1,4,4,TRUE
"3575",1,4,4,TRUE
"3577",1,4,4,TRUE
"358",1,4,4,TRUE
"3589",1,4,4,TRUE
"359",1,4,4,TRUE
"3590",1,4,4,TRUE
"3592",1,4,4,TRUE
"3593",1,4,4,TRUE
"3594",1,4,4,TRUE
"3596",1,4,4,TRUE
"360",1,4,4,TRUE
"3601",1,4,4,TRUE
"360205",1,4,4,TRUE
"3604",1,4,4,TRUE
"3605",1,4,4,TRUE
"361",1,4,4,TRUE
"3617",1,4,4,TRUE
"362",1,4,4,TRUE
"3624",1,4,4,TRUE
"3625",1,4,4,TRUE
"3626",1,4,4,TRUE
"363",1,4,4,TRUE
"3630",1,4,4,TRUE
"3631",1,4,4,TRUE
"3632",1,4,4,TRUE
"3640",1,4,4,TRUE
"3643",1,4,4,TRUE
"3645",1,4,4,TRUE
"3651",1,4,4,TRUE
"367",1,4,4,TRUE
"3674",1,4,4,TRUE
"368",1,4,4,TRUE
"3681",1,4,4,TRUE
"3683",1,4,4,TRUE
"3687",1,4,4,TRUE
"3694",1,4,4,TRUE
"3696",1,4,4,TRUE
"3697",1,4,4,TRUE
"3698",1,4,4,TRUE
"3699",1,4,4,TRUE
"3700",1,4,4,TRUE
"3702",1,4,4,TRUE
"3713",1,4,4,TRUE
"3718",1,4,4,TRUE
"3730",1,4,4,TRUE
"3736",1,4,4,TRUE
"3737",1,4,4,TRUE
"3739",1,4,4,TRUE
"374",1,4,4,TRUE
"3742",1,4,4,TRUE
"3743",1,4,4,TRUE
"374355",1,4,4,TRUE
"374393",1,4,4,TRUE
"3744",1,4,4,TRUE
"374403",1,4,4,TRUE
"374407",1,4,4,TRUE
"374454",1,4,4,TRUE
"374470",1,4,4,TRUE
"3745",1,4,4,TRUE
"374569",1,4,4,TRUE
"3746",1,4,4,TRUE
"374618",1,4,4,TRUE
"374655",1,4,4,TRUE
"3747",1,4,4,TRUE
"374739",1,4,4,TRUE
"374768",1,4,4,TRUE
"374786",1,4,4,TRUE
"3748",1,4,4,TRUE
"374819",1,4,4,TRUE
"374860",1,4,4,TRUE
"374864",1,4,4,TRUE
"374877",1,4,4,TRUE
"374887",1,4,4,TRUE
"374897",1,4,4,TRUE
"374899",1,4,4,TRUE
"374907",1,4,4,TRUE
"374918",1,4,4,TRUE
"374920",1,4,4,TRUE
"374946",1,4,4,TRUE
"374955",1,4,4,TRUE
"374973",1,4,4,TRUE
"3750",1,4,4,TRUE
"375057",1,4,4,TRUE
"3751",1,4,4,TRUE
"375190",1,4,4,TRUE
"3752",1,4,4,TRUE
"375323",1,4,4,TRUE
"3754",1,4,4,TRUE
"375567",1,4,4,TRUE
"3756",1,4,4,TRUE
"375607",1,4,4,TRUE
"375612",1,4,4,TRUE
"375616",1,4,4,TRUE
"375686",1,4,4,TRUE
"3757",1,4,4,TRUE
"375759",1,4,4,TRUE
"3758",1,4,4,TRUE
"3760",1,4,4,TRUE
"3763",1,4,4,TRUE
"3765",1,4,4,TRUE
"3767",1,4,4,TRUE
"3768",1,4,4,TRUE
"3769",1,4,4,TRUE
"3770",1,4,4,TRUE
"3772",1,4,4,TRUE
"3773",1,4,4,TRUE
"3776",1,4,4,TRUE
"377677",1,4,4,TRUE
"3780",1,4,4,TRUE
"3781",1,4,4,TRUE
"3782",1,4,4,TRUE
"3784",1,4,4,TRUE
"3785",1,4,4,TRUE
"3786",1,4,4,TRUE
"3787",1,4,4,TRUE
"3788",1,4,4,TRUE
"378925",1,4,4,TRUE
"3792",1,4,4,TRUE
"3797",1,4,4,TRUE
"3798",1,4,4,TRUE
"3800",1,4,4,TRUE
"3801",1,4,4,TRUE
"3802",1,4,4,TRUE
"3804",1,4,4,TRUE
"3805",1,4,4,TRUE
"3809",1,4,4,TRUE
"3811",1,4,4,TRUE
"3812",1,4,4,TRUE
"3816",1,4,4,TRUE
"3817",1,4,4,TRUE
"3818",1,4,4,TRUE
"3823",1,4,4,TRUE
"3827",1,4,4,TRUE
"383",1,4,4,TRUE
"3834",1,4,4,TRUE
"3841",1,4,4,TRUE
"3846",1,4,4,TRUE
"3848",1,4,4,TRUE
"3849",1,4,4,TRUE
"3850",1,4,4,TRUE
"3851",1,4,4,TRUE
"3852",1,4,4,TRUE
"3853",1,4,4,TRUE
"3854",1,4,4,TRUE
"3857",1,4,4,TRUE
"3859",1,4,4,TRUE
"3860",1,4,4,TRUE
"3861",1,4,4,TRUE
"3866",1,4,4,TRUE
"386618",1,4,4,TRUE
"386724",1,4,4,TRUE
"3868",1,4,4,TRUE
"387104",1,4,4,TRUE
"3872",1,4,4,TRUE
"387357",1,4,4,TRUE
"387509",1,4,4,TRUE
"387601",1,4,4,TRUE
"387680",1,4,4,TRUE
"387694",1,4,4,TRUE
"387695",1,4,4,TRUE
"387707",1,4,4,TRUE
"387718",1,4,4,TRUE
"387723",1,4,4,TRUE
"387755",1,4,4,TRUE
"387837",1,4,4,TRUE
"387882",1,4,4,TRUE
"387885",1,4,4,TRUE
"387914",1,4,4,TRUE
"387923",1,4,4,TRUE
"3881",1,4,4,TRUE
"3882",1,4,4,TRUE
"388228",1,4,4,TRUE
"388323",1,4,4,TRUE
"388335",1,4,4,TRUE
"388336",1,4,4,TRUE
"388341",1,4,4,TRUE
"388394",1,4,4,TRUE
"3884",1,4,4,TRUE
"388419",1,4,4,TRUE
"388531",1,4,4,TRUE
"388533",1,4,4,TRUE
"388552",1,4,4,TRUE
"388558",1,4,4,TRUE
"388567",1,4,4,TRUE
"388581",1,4,4,TRUE
"388588",1,4,4,TRUE
"3886",1,4,4,TRUE
"388630",1,4,4,TRUE
"388662",1,4,4,TRUE
"388698",1,4,4,TRUE
"388743",1,4,4,TRUE
"388795",1,4,4,TRUE
"388799",1,4,4,TRUE
"3888",1,4,4,TRUE
"3889",1,4,4,TRUE
"388963",1,4,4,TRUE
"3890",1,4,4,TRUE
"389058",1,4,4,TRUE
"389072",1,4,4,TRUE
"389073",1,4,4,TRUE
"389084",1,4,4,TRUE
"3891",1,4,4,TRUE
"389123",1,4,4,TRUE
"389124",1,4,4,TRUE
"389161",1,4,4,TRUE
"389170",1,4,4,TRUE
"389177",1,4,4,TRUE
"3892",1,4,4,TRUE
"389203",1,4,4,TRUE
"389206",1,4,4,TRUE
"389257",1,4,4,TRUE
"389320",1,4,4,TRUE
"389332",1,4,4,TRUE
"389336",1,4,4,TRUE
"389376",1,4,4,TRUE
"389434",1,4,4,TRUE
"3897",1,4,4,TRUE
"389763",1,4,4,TRUE
"389812",1,4,4,TRUE
"389874",1,4,4,TRUE
"389895",1,4,4,TRUE
"389898",1,4,4,TRUE
"390010",1,4,4,TRUE
"390058",1,4,4,TRUE
"390059",1,4,4,TRUE
"390063",1,4,4,TRUE
"390064",1,4,4,TRUE
"390066",1,4,4,TRUE
"3902",1,4,4,TRUE
"390205",1,4,4,TRUE
"390502",1,4,4,TRUE
"3906",1,4,4,TRUE
"390616",1,4,4,TRUE
"390637",1,4,4,TRUE
"390874",1,4,4,TRUE
"390892",1,4,4,TRUE
"390916",1,4,4,TRUE
"390927",1,4,4,TRUE
"390999",1,4,4,TRUE
"391013",1,4,4,TRUE
"392307",1,4,4,TRUE
"392465",1,4,4,TRUE
"392617",1,4,4,TRUE
"3929",1,4,4,TRUE
"3932",1,4,4,TRUE
"3933",1,4,4,TRUE
"3938",1,4,4,TRUE
"3948",1,4,4,TRUE
"395",1,4,4,TRUE
"3950",1,4,4,TRUE
"3957",1,4,4,TRUE
"3973",1,4,4,TRUE
"3975",1,4,4,TRUE
"3976",1,4,4,TRUE
"398",1,4,4,TRUE
"3982",1,4,4,TRUE
"3984",1,4,4,TRUE
"399",1,4,4,TRUE
"3990",1,4,4,TRUE
"3991",1,4,4,TRUE
"3993",1,4,4,TRUE
"399473",1,4,4,TRUE
"399474",1,4,4,TRUE
"399668",1,4,4,TRUE
"399671",1,4,4,TRUE
"399693",1,4,4,TRUE
"399694",1,4,4,TRUE
"399947",1,4,4,TRUE
"399949",1,4,4,TRUE
"40",1,4,4,TRUE
"400120",1,4,4,TRUE
"400258",1,4,4,TRUE
"4004",1,4,4,TRUE
"400499",1,4,4,TRUE
"400629",1,4,4,TRUE
"4007",1,4,4,TRUE
"400709",1,4,4,TRUE
"400713",1,4,4,TRUE
"400793",1,4,4,TRUE
"400830",1,4,4,TRUE
"400831",1,4,4,TRUE
"400891",1,4,4,TRUE
"4009",1,4,4,TRUE
"400954",1,4,4,TRUE
"401",1,4,4,TRUE
"4010",1,4,4,TRUE
"401067",1,4,4,TRUE
"401081",1,4,4,TRUE
"401097",1,4,4,TRUE
"401124",1,4,4,TRUE
"401145",1,4,4,TRUE
"401190",1,4,4,TRUE
"401207",1,4,4,TRUE
"401262",1,4,4,TRUE
"401265",1,4,4,TRUE
"401387",1,4,4,TRUE
"4014",1,4,4,TRUE
"401474",1,4,4,TRUE
"401546",1,4,4,TRUE
"401551",1,4,4,TRUE
"401562",1,4,4,TRUE
"401612",1,4,4,TRUE
"4017",1,4,4,TRUE
"4018",1,4,4,TRUE
"402160",1,4,4,TRUE
"402381",1,4,4,TRUE
"4025",1,4,4,TRUE
"402573",1,4,4,TRUE
"402665",1,4,4,TRUE
"402778",1,4,4,TRUE
"403314",1,4,4,TRUE
"4040",1,4,4,TRUE
"404037",1,4,4,TRUE
"404203",1,4,4,TRUE
"404281",1,4,4,TRUE
"405",1,4,4,TRUE
"4050",1,4,4,TRUE
"4052",1,4,4,TRUE
"405753",1,4,4,TRUE
"4058",1,4,4,TRUE
"4062",1,4,4,TRUE
"4063",1,4,4,TRUE
"4065",1,4,4,TRUE
"407",1,4,4,TRUE
"4077",1,4,4,TRUE
"407738",1,4,4,TRUE
"4081",1,4,4,TRUE
"408263",1,4,4,TRUE
"4086",1,4,4,TRUE
"409",1,4,4,TRUE
"4099",1,4,4,TRUE
"41",1,4,4,TRUE
"4100",1,4,4,TRUE
"4112",1,4,4,TRUE
"4113",1,4,4,TRUE
"4114",1,4,4,TRUE
"4115",1,4,4,TRUE
"4117",1,4,4,TRUE
"4129",1,4,4,TRUE
"4130",1,4,4,TRUE
"4133",1,4,4,TRUE
"4135",1,4,4,TRUE
"414157",1,4,4,TRUE
"4142",1,4,4,TRUE
"4143",1,4,4,TRUE
"414301",1,4,4,TRUE
"414332",1,4,4,TRUE
"4146",1,4,4,TRUE
"415",1,4,4,TRUE
"4151",1,4,4,TRUE
"415116",1,4,4,TRUE
"415117",1,4,4,TRUE
"4153",1,4,4,TRUE
"4158",1,4,4,TRUE
"4159",1,4,4,TRUE
"416",1,4,4,TRUE
"4160",1,4,4,TRUE
"4163",1,4,4,TRUE
"4166",1,4,4,TRUE
"4168",1,4,4,TRUE
"4179",1,4,4,TRUE
"4184",1,4,4,TRUE
"4185",1,4,4,TRUE
"4188",1,4,4,TRUE
"419",1,4,4,TRUE
"4205",1,4,4,TRUE
"421",1,4,4,TRUE
"4210",1,4,4,TRUE
"4222",1,4,4,TRUE
"4224",1,4,4,TRUE
"4225",1,4,4,TRUE
"4241",1,4,4,TRUE
"4246",1,4,4,TRUE
"4250",1,4,4,TRUE
"4261",1,4,4,TRUE
"4277",1,4,4,TRUE
"4283",1,4,4,TRUE
"4284",1,4,4,TRUE
"4288",1,4,4,TRUE
"429",1,4,4,TRUE
"4295",1,4,4,TRUE
"4301",1,4,4,TRUE
"4308",1,4,4,TRUE
"4312",1,4,4,TRUE
"4316",1,4,4,TRUE
"4317",1,4,4,TRUE
"431707",1,4,4,TRUE
"4319",1,4,4,TRUE
"4322",1,4,4,TRUE
"4323",1,4,4,TRUE
"4326",1,4,4,TRUE
"4327",1,4,4,TRUE
"433",1,4,4,TRUE
"4336",1,4,4,TRUE
"434",1,4,4,TRUE
"4340",1,4,4,TRUE
"4342",1,4,4,TRUE
"4350",1,4,4,TRUE
"4352",1,4,4,TRUE
"4356",1,4,4,TRUE
"4359",1,4,4,TRUE
"4360",1,4,4,TRUE
"4363",1,4,4,TRUE
"438",1,4,4,TRUE
"43847",1,4,4,TRUE
"43849",1,4,4,TRUE
"440073",1,4,4,TRUE
"440087",1,4,4,TRUE
"440107",1,4,4,TRUE
"440184",1,4,4,TRUE
"440279",1,4,4,TRUE
"440307",1,4,4,TRUE
"440335",1,4,4,TRUE
"440348",1,4,4,TRUE
"440498",1,4,4,TRUE
"440515",1,4,4,TRUE
"440560",1,4,4,TRUE
"440590",1,4,4,TRUE
"440603",1,4,4,TRUE
"440699",1,4,4,TRUE
"440712",1,4,4,TRUE
"440730",1,4,4,TRUE
"440829",1,4,4,TRUE
"440956",1,4,4,TRUE
"441024",1,4,4,TRUE
"441054",1,4,4,TRUE
"441061",1,4,4,TRUE
"441150",1,4,4,TRUE
"441151",1,4,4,TRUE
"441476",1,4,4,TRUE
"441478",1,4,4,TRUE
"441549",1,4,4,TRUE
"441631",1,4,4,TRUE
"441869",1,4,4,TRUE
"442184",1,4,4,TRUE
"442186",1,4,4,TRUE
"442191",1,4,4,TRUE
"442194",1,4,4,TRUE
"442319",1,4,4,TRUE
"442444",1,4,4,TRUE
"442721",1,4,4,TRUE
"4435",1,4,4,TRUE
"4438",1,4,4,TRUE
"4440",1,4,4,TRUE
"445347",1,4,4,TRUE
"445815",1,4,4,TRUE
"4477",1,4,4,TRUE
"4486",1,4,4,TRUE
"4499",1,4,4,TRUE
"4504",1,4,4,TRUE
"4515",1,4,4,TRUE
"4543",1,4,4,TRUE
"4544",1,4,4,TRUE
"4547",1,4,4,TRUE
"4583",1,4,4,TRUE
"4584",1,4,4,TRUE
"4586",1,4,4,TRUE
"4589",1,4,4,TRUE
"4593",1,4,4,TRUE
"460",1,4,4,TRUE
"4604",1,4,4,TRUE
"4605",1,4,4,TRUE
"4606",1,4,4,TRUE
"4617",1,4,4,TRUE
"4618",1,4,4,TRUE
"4619",1,4,4,TRUE
"462",1,4,4,TRUE
"4620",1,4,4,TRUE
"4621",1,4,4,TRUE
"4622",1,4,4,TRUE
"4625",1,4,4,TRUE
"4626",1,4,4,TRUE
"4632",1,4,4,TRUE
"4633",1,4,4,TRUE
"4634",1,4,4,TRUE
"4640",1,4,4,TRUE
"4648",1,4,4,TRUE
"4653",1,4,4,TRUE
"4654",1,4,4,TRUE
"4656",1,4,4,TRUE
"4661",1,4,4,TRUE
"4674",1,4,4,TRUE
"4680",1,4,4,TRUE
"4684",1,4,4,TRUE
"4685",1,4,4,TRUE
"4693",1,4,4,TRUE
"4707",1,4,4,TRUE
"4710",1,4,4,TRUE
"4726",1,4,4,TRUE
"474",1,4,4,TRUE
"4741",1,4,4,TRUE
"474344",1,4,4,TRUE
"474354",1,4,4,TRUE
"4745",1,4,4,TRUE
"4747",1,4,4,TRUE
"4753",1,4,4,TRUE
"4759",1,4,4,TRUE
"4760",1,4,4,TRUE
"4761",1,4,4,TRUE
"4762",1,4,4,TRUE
"477",1,4,4,TRUE
"4771",1,4,4,TRUE
"4773",1,4,4,TRUE
"4795",1,4,4,TRUE
"4796",1,4,4,TRUE
"4803",1,4,4,TRUE
"4807",1,4,4,TRUE
"4808",1,4,4,TRUE
"482",1,4,4,TRUE
"4821",1,4,4,TRUE
"4825",1,4,4,TRUE
"4829",1,4,4,TRUE
"4842",1,4,4,TRUE
"4852",1,4,4,TRUE
"4856",1,4,4,TRUE
"4857",1,4,4,TRUE
"4858",1,4,4,TRUE
"4861",1,4,4,TRUE
"4867",1,4,4,TRUE
"4868",1,4,4,TRUE
"4869",1,4,4,TRUE
"487",1,4,4,TRUE
"4878",1,4,4,TRUE
"4879",1,4,4,TRUE
"4880",1,4,4,TRUE
"4881",1,4,4,TRUE
"4883",1,4,4,TRUE
"4885",1,4,4,TRUE
"4886",1,4,4,TRUE
"4887",1,4,4,TRUE
"489",1,4,4,TRUE
"4892",1,4,4,TRUE
"4899",1,4,4,TRUE
"4901",1,4,4,TRUE
"4902",1,4,4,TRUE
"4909",1,4,4,TRUE
"491",1,4,4,TRUE
"4914",1,4,4,TRUE
"4915",1,4,4,TRUE
"4916",1,4,4,TRUE
"4917",1,4,4,TRUE
"492",1,4,4,TRUE
"4923",1,4,4,TRUE
"492307",1,4,4,TRUE
"493829",1,4,4,TRUE
"494143",1,4,4,TRUE
"495",1,4,4,TRUE
"4956",1,4,4,TRUE
"4958",1,4,4,TRUE
"496",1,4,4,TRUE
"497189",1,4,4,TRUE
"4974",1,4,4,TRUE
"4975",1,4,4,TRUE
"4978",1,4,4,TRUE
"4982",1,4,4,TRUE
"4985",1,4,4,TRUE
"49860",1,4,4,TRUE
"4988",1,4,4,TRUE
"4990",1,4,4,TRUE
"4991",1,4,4,TRUE
"4992",1,4,4,TRUE
"4993",1,4,4,TRUE
"4994",1,4,4,TRUE
"4995",1,4,4,TRUE
"5004",1,4,4,TRUE
"5005",1,4,4,TRUE
"5008",1,4,4,TRUE
"5009",1,4,4,TRUE
"5013",1,4,4,TRUE
"5015",1,4,4,TRUE
"5020",1,4,4,TRUE
"5023",1,4,4,TRUE
"5024",1,4,4,TRUE
"5026",1,4,4,TRUE
"5030",1,4,4,TRUE
"50486",1,4,4,TRUE
"50487",1,4,4,TRUE
"50488",1,4,4,TRUE
"50489",1,4,4,TRUE
"50506",1,4,4,TRUE
"50508",1,4,4,TRUE
"50511",1,4,4,TRUE
"50512",1,4,4,TRUE
"50515",1,4,4,TRUE
"5053",1,4,4,TRUE
"50604",1,4,4,TRUE
"50614",1,4,4,TRUE
"50616",1,4,4,TRUE
"50618",1,4,4,TRUE
"5063",1,4,4,TRUE
"50632",1,4,4,TRUE
"50636",1,4,4,TRUE
"50649",1,4,4,TRUE
"50651",1,4,4,TRUE
"5067",1,4,4,TRUE
"50674",1,4,4,TRUE
"5068",1,4,4,TRUE
"50700",1,4,4,TRUE
"5071",1,4,4,TRUE
"5075",1,4,4,TRUE
"5076",1,4,4,TRUE
"5077",1,4,4,TRUE
"5078",1,4,4,TRUE
"5079",1,4,4,TRUE
"5080",1,4,4,TRUE
"50804",1,4,4,TRUE
"50805",1,4,4,TRUE
"5081",1,4,4,TRUE
"5083",1,4,4,TRUE
"50831",1,4,4,TRUE
"50832",1,4,4,TRUE
"50833",1,4,4,TRUE
"50834",1,4,4,TRUE
"50835",1,4,4,TRUE
"50836",1,4,4,TRUE
"50837",1,4,4,TRUE
"50838",1,4,4,TRUE
"50839",1,4,4,TRUE
"50840",1,4,4,TRUE
"50846",1,4,4,TRUE
"50852",1,4,4,TRUE
"50853",1,4,4,TRUE
"50859",1,4,4,TRUE
"50863",1,4,4,TRUE
"50937",1,4,4,TRUE
"50939",1,4,4,TRUE
"50940",1,4,4,TRUE
"50943",1,4,4,TRUE
"50944",1,4,4,TRUE
"50945",1,4,4,TRUE
"50964",1,4,4,TRUE
"5098",1,4,4,TRUE
"5099",1,4,4,TRUE
"5100",1,4,4,TRUE
"51008",1,4,4,TRUE
"5101",1,4,4,TRUE
"51027",1,4,4,TRUE
"51032",1,4,4,TRUE
"5104",1,4,4,TRUE
"51046",1,4,4,TRUE
"5105",1,4,4,TRUE
"51052",1,4,4,TRUE
"51057",1,4,4,TRUE
"51059",1,4,4,TRUE
"51066",1,4,4,TRUE
"51078",1,4,4,TRUE
"51083",1,4,4,TRUE
"51085",1,4,4,TRUE
"51087",1,4,4,TRUE
"51115",1,4,4,TRUE
"51132",1,4,4,TRUE
"51146",1,4,4,TRUE
"51149",1,4,4,TRUE
"51151",1,4,4,TRUE
"51156",1,4,4,TRUE
"51161",1,4,4,TRUE
"51168",1,4,4,TRUE
"51179",1,4,4,TRUE
"51193",1,4,4,TRUE
"51207",1,4,4,TRUE
"51208",1,4,4,TRUE
"51209",1,4,4,TRUE
"51213",1,4,4,TRUE
"5122",1,4,4,TRUE
"51224",1,4,4,TRUE
"51233",1,4,4,TRUE
"51236",1,4,4,TRUE
"51248",1,4,4,TRUE
"5126",1,4,4,TRUE
"51264",1,4,4,TRUE
"51266",1,4,4,TRUE
"51268",1,4,4,TRUE
"5127",1,4,4,TRUE
"51270",1,4,4,TRUE
"51286",1,4,4,TRUE
"51289",1,4,4,TRUE
"51291",1,4,4,TRUE
"51297",1,4,4,TRUE
"51298",1,4,4,TRUE
"5130",1,4,4,TRUE
"51301",1,4,4,TRUE
"51302",1,4,4,TRUE
"51305",1,4,4,TRUE
"51308",1,4,4,TRUE
"51314",1,4,4,TRUE
"5132",1,4,4,TRUE
"5133",1,4,4,TRUE
"51332",1,4,4,TRUE
"51335",1,4,4,TRUE
"51343",1,4,4,TRUE
"51350",1,4,4,TRUE
"5136",1,4,4,TRUE
"51364",1,4,4,TRUE
"5137",1,4,4,TRUE
"51378",1,4,4,TRUE
"5138",1,4,4,TRUE
"51384",1,4,4,TRUE
"51385",1,4,4,TRUE
"5139",1,4,4,TRUE
"51411",1,4,4,TRUE
"51412",1,4,4,TRUE
"51426",1,4,4,TRUE
"51427",1,4,4,TRUE
"51429",1,4,4,TRUE
"51438",1,4,4,TRUE
"51440",1,4,4,TRUE
"5145",1,4,4,TRUE
"51458",1,4,4,TRUE
"5146",1,4,4,TRUE
"51473",1,4,4,TRUE
"51475",1,4,4,TRUE
"5149",1,4,4,TRUE
"51513",1,4,4,TRUE
"5153",1,4,4,TRUE
"51533",1,4,4,TRUE
"51555",1,4,4,TRUE
"51559",1,4,4,TRUE
"51561",1,4,4,TRUE
"51575",1,4,4,TRUE
"5161",1,4,4,TRUE
"51617",1,4,4,TRUE
"5163",1,4,4,TRUE
"51661",1,4,4,TRUE
"51665",1,4,4,TRUE
"51678",1,4,4,TRUE
"51684",1,4,4,TRUE
"51686",1,4,4,TRUE
"5169",1,4,4,TRUE
"51702",1,4,4,TRUE
"51705",1,4,4,TRUE
"51710",1,4,4,TRUE
"5172",1,4,4,TRUE
"51725",1,4,4,TRUE
"5173",1,4,4,TRUE
"51733",1,4,4,TRUE
"51738",1,4,4,TRUE
"51744",1,4,4,TRUE
"51761",1,4,4,TRUE
"51764",1,4,4,TRUE
"51778",1,4,4,TRUE
"5179",1,4,4,TRUE
"51802",1,4,4,TRUE
"51806",1,4,4,TRUE
"51807",1,4,4,TRUE
"51809",1,4,4,TRUE
"5187",1,4,4,TRUE
"5193",1,4,4,TRUE
"5196",1,4,4,TRUE
"5197",1,4,4,TRUE
"5199",1,4,4,TRUE
"5207",1,4,4,TRUE
"5212",1,4,4,TRUE
"5224",1,4,4,TRUE
"5225",1,4,4,TRUE
"5232",1,4,4,TRUE
"5241",1,4,4,TRUE
"5244",1,4,4,TRUE
"5260",1,4,4,TRUE
"5266",1,4,4,TRUE
"5267",1,4,4,TRUE
"5268",1,4,4,TRUE
"527",1,4,4,TRUE
"5273",1,4,4,TRUE
"5275",1,4,4,TRUE
"5276",1,4,4,TRUE
"5288",1,4,4,TRUE
"5297",1,4,4,TRUE
"5309",1,4,4,TRUE
"5313",1,4,4,TRUE
"5314",1,4,4,TRUE
"5319",1,4,4,TRUE
"5332",1,4,4,TRUE
"5333",1,4,4,TRUE
"53336",1,4,4,TRUE
"53344",1,4,4,TRUE
"53345",1,4,4,TRUE
"53347",1,4,4,TRUE
"53353",1,4,4,TRUE
"53358",1,4,4,TRUE
"534",1,4,4,TRUE
"5340",1,4,4,TRUE
"53407",1,4,4,TRUE
"5345",1,4,4,TRUE
"5346",1,4,4,TRUE
"5350",1,4,4,TRUE
"53615",1,4,4,TRUE
"53616",1,4,4,TRUE
"53630",1,4,4,TRUE
"53632",1,4,4,TRUE
"53637",1,4,4,TRUE
"5365",1,4,4,TRUE
"5367",1,4,4,TRUE
"5368",1,4,4,TRUE
"5371",1,4,4,TRUE
"5375",1,4,4,TRUE
"53822",1,4,4,TRUE
"53828",1,4,4,TRUE
"53829",1,4,4,TRUE
"53832",1,4,4,TRUE
"53841",1,4,4,TRUE
"53904",1,4,4,TRUE
"53919",1,4,4,TRUE
"53940",1,4,4,TRUE
"53942",1,4,4,TRUE
"54033",1,4,4,TRUE
"54039",1,4,4,TRUE
"5406",1,4,4,TRUE
"5407",1,4,4,TRUE
"5408",1,4,4,TRUE
"54084",1,4,4,TRUE
"5409",1,4,4,TRUE
"54102",1,4,4,TRUE
"54106",1,4,4,TRUE
"54112",1,4,4,TRUE
"54207",1,4,4,TRUE
"54212",1,4,4,TRUE
"54221",1,4,4,TRUE
"5424",1,4,4,TRUE
"54328",1,4,4,TRUE
"54329",1,4,4,TRUE
"54332",1,4,4,TRUE
"54361",1,4,4,TRUE
"54413",1,4,4,TRUE
"54429",1,4,4,TRUE
"5443",1,4,4,TRUE
"54434",1,4,4,TRUE
"5444",1,4,4,TRUE
"54456",1,4,4,TRUE
"54457",1,4,4,TRUE
"54474",1,4,4,TRUE
"54478",1,4,4,TRUE
"5449",1,4,4,TRUE
"545",1,4,4,TRUE
"5450",1,4,4,TRUE
"54509",1,4,4,TRUE
"54514",1,4,4,TRUE
"5452",1,4,4,TRUE
"54535",1,4,4,TRUE
"5454",1,4,4,TRUE
"54540",1,4,4,TRUE
"54544",1,4,4,TRUE
"54546",1,4,4,TRUE
"54549",1,4,4,TRUE
"5455",1,4,4,TRUE
"54550",1,4,4,TRUE
"54557",1,4,4,TRUE
"54558",1,4,4,TRUE
"5456",1,4,4,TRUE
"54567",1,4,4,TRUE
"5457",1,4,4,TRUE
"54576",1,4,4,TRUE
"54578",1,4,4,TRUE
"5458",1,4,4,TRUE
"54586",1,4,4,TRUE
"5459",1,4,4,TRUE
"54620",1,4,4,TRUE
"5465",1,4,4,TRUE
"54676",1,4,4,TRUE
"547",1,4,4,TRUE
"5470",1,4,4,TRUE
"54714",1,4,4,TRUE
"54715",1,4,4,TRUE
"54716",1,4,4,TRUE
"54726",1,4,4,TRUE
"54729",1,4,4,TRUE
"54734",1,4,4,TRUE
"54738",1,4,4,TRUE
"54742",1,4,4,TRUE
"5475",1,4,4,TRUE
"54752",1,4,4,TRUE
"54753",1,4,4,TRUE
"54760",1,4,4,TRUE
"54763",1,4,4,TRUE
"54766",1,4,4,TRUE
"54768",1,4,4,TRUE
"54769",1,4,4,TRUE
"54777",1,4,4,TRUE
"54790",1,4,4,TRUE
"54797",1,4,4,TRUE
"54798",1,4,4,TRUE
"5481",1,4,4,TRUE
"54814",1,4,4,TRUE
"54825",1,4,4,TRUE
"54827",1,4,4,TRUE
"54828",1,4,4,TRUE
"54829",1,4,4,TRUE
"54831",1,4,4,TRUE
"54839",1,4,4,TRUE
"54847",1,4,4,TRUE
"54848",1,4,4,TRUE
"54852",1,4,4,TRUE
"54854",1,4,4,TRUE
"54856",1,4,4,TRUE
"54857",1,4,4,TRUE
"54858",1,4,4,TRUE
"54860",1,4,4,TRUE
"54866",1,4,4,TRUE
"54875",1,4,4,TRUE
"54877",1,4,4,TRUE
"54886",1,4,4,TRUE
"54894",1,4,4,TRUE
"54900",1,4,4,TRUE
"54903",1,4,4,TRUE
"54905",1,4,4,TRUE
"54906",1,4,4,TRUE
"54929",1,4,4,TRUE
"54947",1,4,4,TRUE
"54959",1,4,4,TRUE
"54979",1,4,4,TRUE
"54986",1,4,4,TRUE
"55001",1,4,4,TRUE
"55017",1,4,4,TRUE
"55018",1,4,4,TRUE
"5502",1,4,4,TRUE
"55024",1,4,4,TRUE
"55026",1,4,4,TRUE
"55036",1,4,4,TRUE
"55037",1,4,4,TRUE
"5506",1,4,4,TRUE
"55061",1,4,4,TRUE
"550631",1,4,4,TRUE
"55064",1,4,4,TRUE
"55066",1,4,4,TRUE
"55068",1,4,4,TRUE
"55079",1,4,4,TRUE
"55118",1,4,4,TRUE
"55124",1,4,4,TRUE
"55130",1,4,4,TRUE
"55137",1,4,4,TRUE
"55138",1,4,4,TRUE
"55148",1,4,4,TRUE
"55150",1,4,4,TRUE
"55180",1,4,4,TRUE
"55184",1,4,4,TRUE
"55190",1,4,4,TRUE
"55193",1,4,4,TRUE
"55195",1,4,4,TRUE
"552",1,4,4,TRUE
"55209",1,4,4,TRUE
"55213",1,4,4,TRUE
"5522",1,4,4,TRUE
"55220",1,4,4,TRUE
"55230",1,4,4,TRUE
"55231",1,4,4,TRUE
"55237",1,4,4,TRUE
"55243",1,4,4,TRUE
"55244",1,4,4,TRUE
"55259",1,4,4,TRUE
"5527",1,4,4,TRUE
"55278",1,4,4,TRUE
"55289",1,4,4,TRUE
"553",1,4,4,TRUE
"55336",1,4,4,TRUE
"55345",1,4,4,TRUE
"5535",1,4,4,TRUE
"55356",1,4,4,TRUE
"5536",1,4,4,TRUE
"5539",1,4,4,TRUE
"5542",1,4,4,TRUE
"55421",1,4,4,TRUE
"55423",1,4,4,TRUE
"554235",1,4,4,TRUE
"5544",1,4,4,TRUE
"5545",1,4,4,TRUE
"55454",1,4,4,TRUE
"55507",1,4,4,TRUE
"5551",1,4,4,TRUE
"55511",1,4,4,TRUE
"55512",1,4,4,TRUE
"55515",1,4,4,TRUE
"55530",1,4,4,TRUE
"55531",1,4,4,TRUE
"55532",1,4,4,TRUE
"55534",1,4,4,TRUE
"5554",1,4,4,TRUE
"55553",1,4,4,TRUE
"55554",1,4,4,TRUE
"55561",1,4,4,TRUE
"55567",1,4,4,TRUE
"55576",1,4,4,TRUE
"5558",1,4,4,TRUE
"55584",1,4,4,TRUE
"55586",1,4,4,TRUE
"55600",1,4,4,TRUE
"55613",1,4,4,TRUE
"5563",1,4,4,TRUE
"5566",1,4,4,TRUE
"55664",1,4,4,TRUE
"55671",1,4,4,TRUE
"5568",1,4,4,TRUE
"55687",1,4,4,TRUE
"55693",1,4,4,TRUE
"55713",1,4,4,TRUE
"55733",1,4,4,TRUE
"55734",1,4,4,TRUE
"55735",1,4,4,TRUE
"5575",1,4,4,TRUE
"55753",1,4,4,TRUE
"5577",1,4,4,TRUE
"55779",1,4,4,TRUE
"55791",1,4,4,TRUE
"55800",1,4,4,TRUE
"55801",1,4,4,TRUE
"55805",1,4,4,TRUE
"55806",1,4,4,TRUE
"55808",1,4,4,TRUE
"55811",1,4,4,TRUE
"55815",1,4,4,TRUE
"5582",1,4,4,TRUE
"55821",1,4,4,TRUE
"55850",1,4,4,TRUE
"55870",1,4,4,TRUE
"55879",1,4,4,TRUE
"5588",1,4,4,TRUE
"55885",1,4,4,TRUE
"55888",1,4,4,TRUE
"55891",1,4,4,TRUE
"55897",1,4,4,TRUE
"55906",1,4,4,TRUE
"55908",1,4,4,TRUE
"55911",1,4,4,TRUE
"5592",1,4,4,TRUE
"5593",1,4,4,TRUE
"55937",1,4,4,TRUE
"56",1,4,4,TRUE
"56000",1,4,4,TRUE
"56033",1,4,4,TRUE
"56062",1,4,4,TRUE
"5608",1,4,4,TRUE
"56097",1,4,4,TRUE
"56099",1,4,4,TRUE
"56101",1,4,4,TRUE
"56105",1,4,4,TRUE
"56106",1,4,4,TRUE
"56107",1,4,4,TRUE
"56114",1,4,4,TRUE
"56121",1,4,4,TRUE
"56122",1,4,4,TRUE
"56123",1,4,4,TRUE
"56124",1,4,4,TRUE
"56125",1,4,4,TRUE
"56126",1,4,4,TRUE
"56128",1,4,4,TRUE
"56129",1,4,4,TRUE
"56130",1,4,4,TRUE
"56131",1,4,4,TRUE
"56132",1,4,4,TRUE
"56133",1,4,4,TRUE
"56135",1,4,4,TRUE
"56139",1,4,4,TRUE
"56142",1,4,4,TRUE
"56143",1,4,4,TRUE
"56145",1,4,4,TRUE
"56146",1,4,4,TRUE
"56154",1,4,4,TRUE
"56155",1,4,4,TRUE
"56156",1,4,4,TRUE
"56157",1,4,4,TRUE
"56158",1,4,4,TRUE
"56159",1,4,4,TRUE
"56163",1,4,4,TRUE
"56169",1,4,4,TRUE
"5617",1,4,4,TRUE
"56171",1,4,4,TRUE
"56172",1,4,4,TRUE
"5619",1,4,4,TRUE
"5620",1,4,4,TRUE
"5623",1,4,4,TRUE
"5624",1,4,4,TRUE
"56244",1,4,4,TRUE
"56245",1,4,4,TRUE
"56246",1,4,4,TRUE
"5625",1,4,4,TRUE
"56253",1,4,4,TRUE
"5626",1,4,4,TRUE
"56269",1,4,4,TRUE
"56287",1,4,4,TRUE
"56288",1,4,4,TRUE
"5629",1,4,4,TRUE
"563",1,4,4,TRUE
"5630",1,4,4,TRUE
"56300",1,4,4,TRUE
"56301",1,4,4,TRUE
"56302",1,4,4,TRUE
"56311",1,4,4,TRUE
"56341",1,4,4,TRUE
"56342",1,4,4,TRUE
"56344",1,4,4,TRUE
"56413",1,4,4,TRUE
"5644",1,4,4,TRUE
"5646",1,4,4,TRUE
"56475",1,4,4,TRUE
"56479",1,4,4,TRUE
"5649",1,4,4,TRUE
"5650",1,4,4,TRUE
"56521",1,4,4,TRUE
"5653",1,4,4,TRUE
"56547",1,4,4,TRUE
"5655",1,4,4,TRUE
"5657",1,4,4,TRUE
"566",1,4,4,TRUE
"5662",1,4,4,TRUE
"56649",1,4,4,TRUE
"56656",1,4,4,TRUE
"56659",1,4,4,TRUE
"56666",1,4,4,TRUE
"56667",1,4,4,TRUE
"56673",1,4,4,TRUE
"56676",1,4,4,TRUE
"56704",1,4,4,TRUE
"56729",1,4,4,TRUE
"56751",1,4,4,TRUE
"56776",1,4,4,TRUE
"56832",1,4,4,TRUE
"56849",1,4,4,TRUE
"56852",1,4,4,TRUE
"56853",1,4,4,TRUE
"5688",1,4,4,TRUE
"56894",1,4,4,TRUE
"56896",1,4,4,TRUE
"56898",1,4,4,TRUE
"56903",1,4,4,TRUE
"56914",1,4,4,TRUE
"56917",1,4,4,TRUE
"56923",1,4,4,TRUE
"56936",1,4,4,TRUE
"56938",1,4,4,TRUE
"56946",1,4,4,TRUE
"56953",1,4,4,TRUE
"56955",1,4,4,TRUE
"56956",1,4,4,TRUE
"56957",1,4,4,TRUE
"56961",1,4,4,TRUE
"56964",1,4,4,TRUE
"56967",1,4,4,TRUE
"5697",1,4,4,TRUE
"56971",1,4,4,TRUE
"570",1,4,4,TRUE
"57010",1,4,4,TRUE
"57016",1,4,4,TRUE
"57030",1,4,4,TRUE
"57047",1,4,4,TRUE
"57053",1,4,4,TRUE
"57057",1,4,4,TRUE
"57082",1,4,4,TRUE
"57084",1,4,4,TRUE
"57091",1,4,4,TRUE
"57094",1,4,4,TRUE
"571",1,4,4,TRUE
"57101",1,4,4,TRUE
"57105",1,4,4,TRUE
"57110",1,4,4,TRUE
"57113",1,4,4,TRUE
"57115",1,4,4,TRUE
"57119",1,4,4,TRUE
"57125",1,4,4,TRUE
"57126",1,4,4,TRUE
"57127",1,4,4,TRUE
"57144",1,4,4,TRUE
"57151",1,4,4,TRUE
"57152",1,4,4,TRUE
"57156",1,4,4,TRUE
"57159",1,4,4,TRUE
"57167",1,4,4,TRUE
"57168",1,4,4,TRUE
"57172",1,4,4,TRUE
"57224",1,4,4,TRUE
"5726",1,4,4,TRUE
"5727",1,4,4,TRUE
"5729",1,4,4,TRUE
"573",1,4,4,TRUE
"5731",1,4,4,TRUE
"5733",1,4,4,TRUE
"57332",1,4,4,TRUE
"57335",1,4,4,TRUE
"57336",1,4,4,TRUE
"57338",1,4,4,TRUE
"57369",1,4,4,TRUE
"5739",1,4,4,TRUE
"5740",1,4,4,TRUE
"57402",1,4,4,TRUE
"57408",1,4,4,TRUE
"5741",1,4,4,TRUE
"5744",1,4,4,TRUE
"574414",1,4,4,TRUE
"57449",1,4,4,TRUE
"57451",1,4,4,TRUE
"57453",1,4,4,TRUE
"57468",1,4,4,TRUE
"57469",1,4,4,TRUE
"57471",1,4,4,TRUE
"57472",1,4,4,TRUE
"57478",1,4,4,TRUE
"57479",1,4,4,TRUE
"57481",1,4,4,TRUE
"57482",1,4,4,TRUE
"57492",1,4,4,TRUE
"57495",1,4,4,TRUE
"57497",1,4,4,TRUE
"57501",1,4,4,TRUE
"57512",1,4,4,TRUE
"57513",1,4,4,TRUE
"57519",1,4,4,TRUE
"57522",1,4,4,TRUE
"57524",1,4,4,TRUE
"57526",1,4,4,TRUE
"57528",1,4,4,TRUE
"5753",1,4,4,TRUE
"57535",1,4,4,TRUE
"57537",1,4,4,TRUE
"57540",1,4,4,TRUE
"57544",1,4,4,TRUE
"57549",1,4,4,TRUE
"57553",1,4,4,TRUE
"57554",1,4,4,TRUE
"57562",1,4,4,TRUE
"57565",1,4,4,TRUE
"57571",1,4,4,TRUE
"57576",1,4,4,TRUE
"57577",1,4,4,TRUE
"57578",1,4,4,TRUE
"57582",1,4,4,TRUE
"57586",1,4,4,TRUE
"57589",1,4,4,TRUE
"57592",1,4,4,TRUE
"57594",1,4,4,TRUE
"57595",1,4,4,TRUE
"57596",1,4,4,TRUE
"57597",1,4,4,TRUE
"576",1,4,4,TRUE
"57602",1,4,4,TRUE
"57604",1,4,4,TRUE
"57605",1,4,4,TRUE
"57608",1,4,4,TRUE
"57611",1,4,4,TRUE
"57622",1,4,4,TRUE
"57624",1,4,4,TRUE
"57626",1,4,4,TRUE
"57628",1,4,4,TRUE
"57633",1,4,4,TRUE
"57636",1,4,4,TRUE
"57644",1,4,4,TRUE
"57646",1,4,4,TRUE
"57663",1,4,4,TRUE
"57684",1,4,4,TRUE
"57689",1,4,4,TRUE
"57690",1,4,4,TRUE
"57697",1,4,4,TRUE
"57699",1,4,4,TRUE
"577",1,4,4,TRUE
"57705",1,4,4,TRUE
"57709",1,4,4,TRUE
"57710",1,4,4,TRUE
"57713",1,4,4,TRUE
"57716",1,4,4,TRUE
"57717",1,4,4,TRUE
"57732",1,4,4,TRUE
"57733",1,4,4,TRUE
"57786",1,4,4,TRUE
"57787",1,4,4,TRUE
"57794",1,4,4,TRUE
"57795",1,4,4,TRUE
"57818",1,4,4,TRUE
"57821",1,4,4,TRUE
"57824",1,4,4,TRUE
"57828",1,4,4,TRUE
"57829",1,4,4,TRUE
"57834",1,4,4,TRUE
"57864",1,4,4,TRUE
"5788",1,4,4,TRUE
"579",1,4,4,TRUE
"5794",1,4,4,TRUE
"5798",1,4,4,TRUE
"5799",1,4,4,TRUE
"5802",1,4,4,TRUE
"5803",1,4,4,TRUE
"5806",1,4,4,TRUE
"5810",1,4,4,TRUE
"58157",1,4,4,TRUE
"58158",1,4,4,TRUE
"5826",1,4,4,TRUE
"5837",1,4,4,TRUE
"58472",1,4,4,TRUE
"58473",1,4,4,TRUE
"58484",1,4,4,TRUE
"58491",1,4,4,TRUE
"58496",1,4,4,TRUE
"58498",1,4,4,TRUE
"58503",1,4,4,TRUE
"58510",1,4,4,TRUE
"58511",1,4,4,TRUE
"58512",1,4,4,TRUE
"58524",1,4,4,TRUE
"58525",1,4,4,TRUE
"58531",1,4,4,TRUE
"58538",1,4,4,TRUE
"5858",1,4,4,TRUE
"5864",1,4,4,TRUE
"5893",1,4,4,TRUE
"5896",1,4,4,TRUE
"5897",1,4,4,TRUE
"58985",1,4,4,TRUE
"590",1,4,4,TRUE
"59067",1,4,4,TRUE
"59082",1,4,4,TRUE
"5916",1,4,4,TRUE
"5923",1,4,4,TRUE
"5924",1,4,4,TRUE
"5927",1,4,4,TRUE
"59283",1,4,4,TRUE
"59284",1,4,4,TRUE
"59285",1,4,4,TRUE
"59307",1,4,4,TRUE
"59335",1,4,4,TRUE
"59336",1,4,4,TRUE
"59340",1,4,4,TRUE
"59350",1,4,4,TRUE
"59351",1,4,4,TRUE
"59352",1,4,4,TRUE
"59353",1,4,4,TRUE
"5948",1,4,4,TRUE
"594855",1,4,4,TRUE
"5949",1,4,4,TRUE
"5950",1,4,4,TRUE
"5957",1,4,4,TRUE
"5967",1,4,4,TRUE
"5968",1,4,4,TRUE
"5979",1,4,4,TRUE
"5988",1,4,4,TRUE
"5990",1,4,4,TRUE
"5992",1,4,4,TRUE
"5996",1,4,4,TRUE
"5999",1,4,4,TRUE
"6000",1,4,4,TRUE
"6003",1,4,4,TRUE
"6005",1,4,4,TRUE
"6006",1,4,4,TRUE
"6007",1,4,4,TRUE
"6010",1,4,4,TRUE
"6011",1,4,4,TRUE
"6013",1,4,4,TRUE
"6014",1,4,4,TRUE
"6017",1,4,4,TRUE
"6019",1,4,4,TRUE
"6037",1,4,4,TRUE
"60385",1,4,4,TRUE
"6045",1,4,4,TRUE
"60482",1,4,4,TRUE
"60490",1,4,4,TRUE
"60494",1,4,4,TRUE
"60495",1,4,4,TRUE
"605",1,4,4,TRUE
"60506",1,4,4,TRUE
"60529",1,4,4,TRUE
"6059",1,4,4,TRUE
"60598",1,4,4,TRUE
"606495",1,4,4,TRUE
"60675",1,4,4,TRUE
"60678",1,4,4,TRUE
"60680",1,4,4,TRUE
"608",1,4,4,TRUE
"6092",1,4,4,TRUE
"6096",1,4,4,TRUE
"6097",1,4,4,TRUE
"6098",1,4,4,TRUE
"610",1,4,4,TRUE
"6101",1,4,4,TRUE
"611",1,4,4,TRUE
"6121",1,4,4,TRUE
"6123",1,4,4,TRUE
"613212",1,4,4,TRUE
"6134",1,4,4,TRUE
"619207",1,4,4,TRUE
"622",1,4,4,TRUE
"623",1,4,4,TRUE
"6247",1,4,4,TRUE
"6258",1,4,4,TRUE
"6262",1,4,4,TRUE
"6263",1,4,4,TRUE
"6273",1,4,4,TRUE
"6274",1,4,4,TRUE
"6276",1,4,4,TRUE
"6283",1,4,4,TRUE
"6285",1,4,4,TRUE
"6295",1,4,4,TRUE
"6299",1,4,4,TRUE
"6300",1,4,4,TRUE
"63036",1,4,4,TRUE
"6304",1,4,4,TRUE
"631",1,4,4,TRUE
"6314",1,4,4,TRUE
"6317",1,4,4,TRUE
"6318",1,4,4,TRUE
"6323",1,4,4,TRUE
"6324",1,4,4,TRUE
"6326",1,4,4,TRUE
"6327",1,4,4,TRUE
"6328",1,4,4,TRUE
"6329",1,4,4,TRUE
"6330",1,4,4,TRUE
"6331",1,4,4,TRUE
"6332",1,4,4,TRUE
"6334",1,4,4,TRUE
"6336",1,4,4,TRUE
"6337",1,4,4,TRUE
"6339",1,4,4,TRUE
"6340",1,4,4,TRUE
"6343",1,4,4,TRUE
"6344",1,4,4,TRUE
"6345",1,4,4,TRUE
"6346",1,4,4,TRUE
"635",1,4,4,TRUE
"6351",1,4,4,TRUE
"6354",1,4,4,TRUE
"6356",1,4,4,TRUE
"6360",1,4,4,TRUE
"6361",1,4,4,TRUE
"6362",1,4,4,TRUE
"6363",1,4,4,TRUE
"6364",1,4,4,TRUE
"6366",1,4,4,TRUE
"6367",1,4,4,TRUE
"6368",1,4,4,TRUE
"6369",1,4,4,TRUE
"6370",1,4,4,TRUE
"6372",1,4,4,TRUE
"6373",1,4,4,TRUE
"6374",1,4,4,TRUE
"6375",1,4,4,TRUE
"638",1,4,4,TRUE
"63827",1,4,4,TRUE
"63895",1,4,4,TRUE
"63904",1,4,4,TRUE
"63910",1,4,4,TRUE
"63923",1,4,4,TRUE
"63924",1,4,4,TRUE
"63926",1,4,4,TRUE
"63934",1,4,4,TRUE
"63946",1,4,4,TRUE
"63948",1,4,4,TRUE
"63950",1,4,4,TRUE
"63951",1,4,4,TRUE
"63967",1,4,4,TRUE
"63970",1,4,4,TRUE
"63971",1,4,4,TRUE
"63973",1,4,4,TRUE
"63974",1,4,4,TRUE
"63976",1,4,4,TRUE
"63977",1,4,4,TRUE
"63978",1,4,4,TRUE
"63982",1,4,4,TRUE
"640",1,4,4,TRUE
"64005",1,4,4,TRUE
"6402",1,4,4,TRUE
"6404",1,4,4,TRUE
"6406",1,4,4,TRUE
"64066",1,4,4,TRUE
"6407",1,4,4,TRUE
"64072",1,4,4,TRUE
"64078",1,4,4,TRUE
"64084",1,4,4,TRUE
"64090",1,4,4,TRUE
"64096",1,4,4,TRUE
"641",1,4,4,TRUE
"64100",1,4,4,TRUE
"64101",1,4,4,TRUE
"64106",1,4,4,TRUE
"64108",1,4,4,TRUE
"64109",1,4,4,TRUE
"64111",1,4,4,TRUE
"64122",1,4,4,TRUE
"64127",1,4,4,TRUE
"64130",1,4,4,TRUE
"641372",1,4,4,TRUE
"64147",1,4,4,TRUE
"64168",1,4,4,TRUE
"64180",1,4,4,TRUE
"64184",1,4,4,TRUE
"64208",1,4,4,TRUE
"64211",1,4,4,TRUE
"642273",1,4,4,TRUE
"6423",1,4,4,TRUE
"64232",1,4,4,TRUE
"64236",1,4,4,TRUE
"6424",1,4,4,TRUE
"64240",1,4,4,TRUE
"64241",1,4,4,TRUE
"642475",1,4,4,TRUE
"6425",1,4,4,TRUE
"642597",1,4,4,TRUE
"642636",1,4,4,TRUE
"64283",1,4,4,TRUE
"642938",1,4,4,TRUE
"642968",1,4,4,TRUE
"642987",1,4,4,TRUE
"643",1,4,4,TRUE
"643008",1,4,4,TRUE
"643037",1,4,4,TRUE
"643155",1,4,4,TRUE
"643236",1,4,4,TRUE
"643338",1,4,4,TRUE
"643641",1,4,4,TRUE
"643677",1,4,4,TRUE
"64377",1,4,4,TRUE
"643836",1,4,4,TRUE
"6439",1,4,4,TRUE
"643965",1,4,4,TRUE
"643988",1,4,4,TRUE
"64399",1,4,4,TRUE
"6440",1,4,4,TRUE
"64405",1,4,4,TRUE
"64409",1,4,4,TRUE
"64410",1,4,4,TRUE
"64412",1,4,4,TRUE
"644139",1,4,4,TRUE
"644150",1,4,4,TRUE
"644186",1,4,4,TRUE
"64434",1,4,4,TRUE
"6444",1,4,4,TRUE
"64446",1,4,4,TRUE
"6445",1,4,4,TRUE
"644538",1,4,4,TRUE
"644815",1,4,4,TRUE
"644844",1,4,4,TRUE
"644890",1,4,4,TRUE
"644943",1,4,4,TRUE
"64506",1,4,4,TRUE
"64518",1,4,4,TRUE
"645191",1,4,4,TRUE
"6452",1,4,4,TRUE
"645369",1,4,4,TRUE
"6456",1,4,4,TRUE
"645745",1,4,4,TRUE
"64579",1,4,4,TRUE
"64581",1,4,4,TRUE
"64582",1,4,4,TRUE
"645832",1,4,4,TRUE
"645974",1,4,4,TRUE
"646",1,4,4,TRUE
"64600",1,4,4,TRUE
"6462",1,4,4,TRUE
"64641",1,4,4,TRUE
"646627",1,4,4,TRUE
"646658",1,4,4,TRUE
"6469",1,4,4,TRUE
"64693",1,4,4,TRUE
"646962",1,4,4,TRUE
"64699",1,4,4,TRUE
"647024",1,4,4,TRUE
"647087",1,4,4,TRUE
"64711",1,4,4,TRUE
"64714",1,4,4,TRUE
"64718",1,4,4,TRUE
"647219",1,4,4,TRUE
"647309",1,4,4,TRUE
"647310",1,4,4,TRUE
"64750",1,4,4,TRUE
"647589",1,4,4,TRUE
"6476",1,4,4,TRUE
"64763",1,4,4,TRUE
"64772",1,4,4,TRUE
"64779",1,4,4,TRUE
"64787",1,4,4,TRUE
"64788",1,4,4,TRUE
"64792",1,4,4,TRUE
"64799",1,4,4,TRUE
"64800",1,4,4,TRUE
"64816",1,4,4,TRUE
"64837",1,4,4,TRUE
"64839",1,4,4,TRUE
"64843",1,4,4,TRUE
"64850",1,4,4,TRUE
"64857",1,4,4,TRUE
"64858",1,4,4,TRUE
"64881",1,4,4,TRUE
"6489",1,4,4,TRUE
"64900",1,4,4,TRUE
"64901",1,4,4,TRUE
"64902",1,4,4,TRUE
"64919",1,4,4,TRUE
"6492",1,4,4,TRUE
"64922",1,4,4,TRUE
"64927",1,4,4,TRUE
"6495",1,4,4,TRUE
"6496",1,4,4,TRUE
"6504",1,4,4,TRUE
"6505",1,4,4,TRUE
"65061",1,4,4,TRUE
"65065",1,4,4,TRUE
"6508",1,4,4,TRUE
"651",1,4,4,TRUE
"6511",1,4,4,TRUE
"6512",1,4,4,TRUE
"6514",1,4,4,TRUE
"6517",1,4,4,TRUE
"651746",1,4,4,TRUE
"6519",1,4,4,TRUE
"652",1,4,4,TRUE
"6521",1,4,4,TRUE
"65217",1,4,4,TRUE
"6523",1,4,4,TRUE
"6524",1,4,4,TRUE
"65243",1,4,4,TRUE
"6526",1,4,4,TRUE
"65263",1,4,4,TRUE
"65266",1,4,4,TRUE
"65267",1,4,4,TRUE
"65268",1,4,4,TRUE
"6527",1,4,4,TRUE
"6528",1,4,4,TRUE
"6529",1,4,4,TRUE
"6531",1,4,4,TRUE
"653140",1,4,4,TRUE
"653240",1,4,4,TRUE
"6534",1,4,4,TRUE
"6538",1,4,4,TRUE
"653808",1,4,4,TRUE
"653857",1,4,4,TRUE
"6540",1,4,4,TRUE
"6543",1,4,4,TRUE
"654429",1,4,4,TRUE
"6547",1,4,4,TRUE
"654790",1,4,4,TRUE
"6549",1,4,4,TRUE
"6550",1,4,4,TRUE
"6553",1,4,4,TRUE
"6554",1,4,4,TRUE
"6555",1,4,4,TRUE
"6557",1,4,4,TRUE
"6559",1,4,4,TRUE
"6561",1,4,4,TRUE
"6563",1,4,4,TRUE
"6564",1,4,4,TRUE
"6565",1,4,4,TRUE
"6566",1,4,4,TRUE
"6568",1,4,4,TRUE
"6569",1,4,4,TRUE
"6571",1,4,4,TRUE
"6579",1,4,4,TRUE
"658",1,4,4,TRUE
"6582",1,4,4,TRUE
"6585",1,4,4,TRUE
"6588",1,4,4,TRUE
"6590",1,4,4,TRUE
"65975",1,4,4,TRUE
"65988",1,4,4,TRUE
"65991",1,4,4,TRUE
"66002",1,4,4,TRUE
"66004",1,4,4,TRUE
"66005",1,4,4,TRUE
"6603",1,4,4,TRUE
"66037",1,4,4,TRUE
"6614",1,4,4,TRUE
"6615",1,4,4,TRUE
"6616",1,4,4,TRUE
"6619",1,4,4,TRUE
"6620",1,4,4,TRUE
"6623",1,4,4,TRUE
"6656",1,4,4,TRUE
"6657",1,4,4,TRUE
"6658",1,4,4,TRUE
"6660",1,4,4,TRUE
"6662",1,4,4,TRUE
"6663",1,4,4,TRUE
"6664",1,4,4,TRUE
"6665",1,4,4,TRUE
"6666",1,4,4,TRUE
"6677",1,4,4,TRUE
"668",1,4,4,TRUE
"6689",1,4,4,TRUE
"6690",1,4,4,TRUE
"6691",1,4,4,TRUE
"6694",1,4,4,TRUE
"6699",1,4,4,TRUE
"6700",1,4,4,TRUE
"6706",1,4,4,TRUE
"6707",1,4,4,TRUE
"671",1,4,4,TRUE
"6710",1,4,4,TRUE
"6715",1,4,4,TRUE
"6716",1,4,4,TRUE
"6725",1,4,4,TRUE
"6736",1,4,4,TRUE
"675",1,4,4,TRUE
"6750",1,4,4,TRUE
"6753",1,4,4,TRUE
"6754",1,4,4,TRUE
"6755",1,4,4,TRUE
"6756",1,4,4,TRUE
"6758",1,4,4,TRUE
"6769",1,4,4,TRUE
"6770",1,4,4,TRUE
"6779",1,4,4,TRUE
"6783",1,4,4,TRUE
"6787",1,4,4,TRUE
"6792",1,4,4,TRUE
"6794",1,4,4,TRUE
"680",1,4,4,TRUE
"6819",1,4,4,TRUE
"6822",1,4,4,TRUE
"6833",1,4,4,TRUE
"6847",1,4,4,TRUE
"685",1,4,4,TRUE
"6855",1,4,4,TRUE
"6860",1,4,4,TRUE
"6861",1,4,4,TRUE
"6862",1,4,4,TRUE
"6863",1,4,4,TRUE
"6865",1,4,4,TRUE
"6869",1,4,4,TRUE
"6870",1,4,4,TRUE
"6872",1,4,4,TRUE
"6880",1,4,4,TRUE
"6882",1,4,4,TRUE
"6886",1,4,4,TRUE
"6887",1,4,4,TRUE
"6898",1,4,4,TRUE
"6899",1,4,4,TRUE
"6900",1,4,4,TRUE
"6906",1,4,4,TRUE
"6910",1,4,4,TRUE
"6911",1,4,4,TRUE
"6913",1,4,4,TRUE
"6915",1,4,4,TRUE
"6927",1,4,4,TRUE
"6928",1,4,4,TRUE
"6932",1,4,4,TRUE
"6935",1,4,4,TRUE
"6936",1,4,4,TRUE
"6941",1,4,4,TRUE
"6947",1,4,4,TRUE
"6949",1,4,4,TRUE
"6954",1,4,4,TRUE
"696",1,4,4,TRUE
"6975",1,4,4,TRUE
"6991",1,4,4,TRUE
"70",1,4,4,TRUE
"7001",1,4,4,TRUE
"7003",1,4,4,TRUE
"7006",1,4,4,TRUE
"7011",1,4,4,TRUE
"7015",1,4,4,TRUE
"7018",1,4,4,TRUE
"7021",1,4,4,TRUE
"7031",1,4,4,TRUE
"7032",1,4,4,TRUE
"7033",1,4,4,TRUE
"7036",1,4,4,TRUE
"7038",1,4,4,TRUE
"7039",1,4,4,TRUE
"7040",1,4,4,TRUE
"7042",1,4,4,TRUE
"7051",1,4,4,TRUE
"7054",1,4,4,TRUE
"7058",1,4,4,TRUE
"7060",1,4,4,TRUE
"7066",1,4,4,TRUE
"7068",1,4,4,TRUE
"7069",1,4,4,TRUE
"7080",1,4,4,TRUE
"7087",1,4,4,TRUE
"7093",1,4,4,TRUE
"7097",1,4,4,TRUE
"7104",1,4,4,TRUE
"7111",1,4,4,TRUE
"7124",1,4,4,TRUE
"7125",1,4,4,TRUE
"7135",1,4,4,TRUE
"7138",1,4,4,TRUE
"7141",1,4,4,TRUE
"7142",1,4,4,TRUE
"7143",1,4,4,TRUE
"7148",1,4,4,TRUE
"7161",1,4,4,TRUE
"7166",1,4,4,TRUE
"7173",1,4,4,TRUE
"7177",1,4,4,TRUE
"7179",1,4,4,TRUE
"7180",1,4,4,TRUE
"7185",1,4,4,TRUE
"7186",1,4,4,TRUE
"7200",1,4,4,TRUE
"7201",1,4,4,TRUE
"722",1,4,4,TRUE
"7222",1,4,4,TRUE
"7223",1,4,4,TRUE
"7224",1,4,4,TRUE
"7226",1,4,4,TRUE
"7252",1,4,4,TRUE
"7253",1,4,4,TRUE
"7273",1,4,4,TRUE
"7274",1,4,4,TRUE
"7276",1,4,4,TRUE
"7278",1,4,4,TRUE
"727800",1,4,4,TRUE
"727897",1,4,4,TRUE
"727910",1,4,4,TRUE
"727936",1,4,4,TRUE
"728116",1,4,4,TRUE
"728215",1,4,4,TRUE
"728279",1,4,4,TRUE
"728361",1,4,4,TRUE
"728392",1,4,4,TRUE
"728537",1,4,4,TRUE
"728568",1,4,4,TRUE
"728621",1,4,4,TRUE
"728637",1,4,4,TRUE
"7287",1,4,4,TRUE
"7288",1,4,4,TRUE
"728819",1,4,4,TRUE
"728927",1,4,4,TRUE
"729",1,4,4,TRUE
"7290",1,4,4,TRUE
"729059",1,4,4,TRUE
"729085",1,4,4,TRUE
"729230",1,4,4,TRUE
"729238",1,4,4,TRUE
"729359",1,4,4,TRUE
"729438",1,4,4,TRUE
"729440",1,4,4,TRUE
"729515",1,4,4,TRUE
"729830",1,4,4,TRUE
"7299",1,4,4,TRUE
"729956",1,4,4,TRUE
"729967",1,4,4,TRUE
"729991",1,4,4,TRUE
"729993",1,4,4,TRUE
"730051",1,4,4,TRUE
"730094",1,4,4,TRUE
"730098",1,4,4,TRUE
"730112",1,4,4,TRUE
"730249",1,4,4,TRUE
"7306",1,4,4,TRUE
"730755",1,4,4,TRUE
"731",1,4,4,TRUE
"732",1,4,4,TRUE
"7321",1,4,4,TRUE
"733",1,4,4,TRUE
"7332",1,4,4,TRUE
"735",1,4,4,TRUE
"7350",1,4,4,TRUE
"7356",1,4,4,TRUE
"7363",1,4,4,TRUE
"7367",1,4,4,TRUE
"7368",1,4,4,TRUE
"7369",1,4,4,TRUE
"7379",1,4,4,TRUE
"7380",1,4,4,TRUE
"7399",1,4,4,TRUE
"7404",1,4,4,TRUE
"7421",1,4,4,TRUE
"7429",1,4,4,TRUE
"7432",1,4,4,TRUE
"744",1,4,4,TRUE
"7441",1,4,4,TRUE
"745",1,4,4,TRUE
"7455",1,4,4,TRUE
"7471",1,4,4,TRUE
"7473",1,4,4,TRUE
"7475",1,4,4,TRUE
"7477",1,4,4,TRUE
"7478",1,4,4,TRUE
"7479",1,4,4,TRUE
"7480",1,4,4,TRUE
"7481",1,4,4,TRUE
"7483",1,4,4,TRUE
"7484",1,4,4,TRUE
"7490",1,4,4,TRUE
"7499",1,4,4,TRUE
"7504",1,4,4,TRUE
"751071",1,4,4,TRUE
"752014",1,4,4,TRUE
"753",1,4,4,TRUE
"7544",1,4,4,TRUE
"7545",1,4,4,TRUE
"7546",1,4,4,TRUE
"7547",1,4,4,TRUE
"7554",1,4,4,TRUE
"7562",1,4,4,TRUE
"7567",1,4,4,TRUE
"7579",1,4,4,TRUE
"758",1,4,4,TRUE
"7587",1,4,4,TRUE
"759",1,4,4,TRUE
"7592",1,4,4,TRUE
"761",1,4,4,TRUE
"763",1,4,4,TRUE
"7643",1,4,4,TRUE
"765",1,4,4,TRUE
"7652",1,4,4,TRUE
"766",1,4,4,TRUE
"768",1,4,4,TRUE
"768206",1,4,4,TRUE
"768239",1,4,4,TRUE
"7695",1,4,4,TRUE
"770",1,4,4,TRUE
"7700",1,4,4,TRUE
"7701",1,4,4,TRUE
"7710",1,4,4,TRUE
"7712",1,4,4,TRUE
"773",1,4,4,TRUE
"7738",1,4,4,TRUE
"774",1,4,4,TRUE
"7741",1,4,4,TRUE
"7753",1,4,4,TRUE
"7757",1,4,4,TRUE
"776",1,4,4,TRUE
"7761",1,4,4,TRUE
"7762",1,4,4,TRUE
"777",1,4,4,TRUE
"7772",1,4,4,TRUE
"778",1,4,4,TRUE
"7782",1,4,4,TRUE
"7783",1,4,4,TRUE
"780776",1,4,4,TRUE
"7809",1,4,4,TRUE
"781",1,4,4,TRUE
"7827",1,4,4,TRUE
"783",1,4,4,TRUE
"7849",1,4,4,TRUE
"785",1,4,4,TRUE
"7850",1,4,4,TRUE
"786",1,4,4,TRUE
"78986",1,4,4,TRUE
"78997",1,4,4,TRUE
"79006",1,4,4,TRUE
"79012",1,4,4,TRUE
"79025",1,4,4,TRUE
"79037",1,4,4,TRUE
"79041",1,4,4,TRUE
"79054",1,4,4,TRUE
"79066",1,4,4,TRUE
"79094",1,4,4,TRUE
"79097",1,4,4,TRUE
"79098",1,4,4,TRUE
"79152",1,4,4,TRUE
"79170",1,4,4,TRUE
"79178",1,4,4,TRUE
"79187",1,4,4,TRUE
"79258",1,4,4,TRUE
"793",1,4,4,TRUE
"7932",1,4,4,TRUE
"79345",1,4,4,TRUE
"79368",1,4,4,TRUE
"79369",1,4,4,TRUE
"79370",1,4,4,TRUE
"79400",1,4,4,TRUE
"79412",1,4,4,TRUE
"79413",1,4,4,TRUE
"79441",1,4,4,TRUE
"79442",1,4,4,TRUE
"79465",1,4,4,TRUE
"795",1,4,4,TRUE
"79570",1,4,4,TRUE
"79574",1,4,4,TRUE
"79577",1,4,4,TRUE
"79598",1,4,4,TRUE
"796",1,4,4,TRUE
"79603",1,4,4,TRUE
"79605",1,4,4,TRUE
"79608",1,4,4,TRUE
"79611",1,4,4,TRUE
"79613",1,4,4,TRUE
"79616",1,4,4,TRUE
"79623",1,4,4,TRUE
"79626",1,4,4,TRUE
"79633",1,4,4,TRUE
"79639",1,4,4,TRUE
"79643",1,4,4,TRUE
"79645",1,4,4,TRUE
"79674",1,4,4,TRUE
"79676",1,4,4,TRUE
"79679",1,4,4,TRUE
"79698",1,4,4,TRUE
"797",1,4,4,TRUE
"79707",1,4,4,TRUE
"79722",1,4,4,TRUE
"79727",1,4,4,TRUE
"79729",1,4,4,TRUE
"79733",1,4,4,TRUE
"79739",1,4,4,TRUE
"79740",1,4,4,TRUE
"79742",1,4,4,TRUE
"79747",1,4,4,TRUE
"79748",1,4,4,TRUE
"7975",1,4,4,TRUE
"79750",1,4,4,TRUE
"79754",1,4,4,TRUE
"79760",1,4,4,TRUE
"79772",1,4,4,TRUE
"79776",1,4,4,TRUE
"79777",1,4,4,TRUE
"79778",1,4,4,TRUE
"79780",1,4,4,TRUE
"79781",1,4,4,TRUE
"79782",1,4,4,TRUE
"79783",1,4,4,TRUE
"79784",1,4,4,TRUE
"79785",1,4,4,TRUE
"79788",1,4,4,TRUE
"79799",1,4,4,TRUE
"79802",1,4,4,TRUE
"79807",1,4,4,TRUE
"79814",1,4,4,TRUE
"79815",1,4,4,TRUE
"79818",1,4,4,TRUE
"79819",1,4,4,TRUE
"79825",1,4,4,TRUE
"79828",1,4,4,TRUE
"79829",1,4,4,TRUE
"79831",1,4,4,TRUE
"79832",1,4,4,TRUE
"79834",1,4,4,TRUE
"79836",1,4,4,TRUE
"79840",1,4,4,TRUE
"79841",1,4,4,TRUE
"79849",1,4,4,TRUE
"79852",1,4,4,TRUE
"79853",1,4,4,TRUE
"79867",1,4,4,TRUE
"79869",1,4,4,TRUE
"79879",1,4,4,TRUE
"79883",1,4,4,TRUE
"79884",1,4,4,TRUE
"79905",1,4,4,TRUE
"79906",1,4,4,TRUE
"79908",1,4,4,TRUE
"79915",1,4,4,TRUE
"79919",1,4,4,TRUE
"79922",1,4,4,TRUE
"79924",1,4,4,TRUE
"79925",1,4,4,TRUE
"79930",1,4,4,TRUE
"79931",1,4,4,TRUE
"79935",1,4,4,TRUE
"79937",1,4,4,TRUE
"79946",1,4,4,TRUE
"79948",1,4,4,TRUE
"79949",1,4,4,TRUE
"79953",1,4,4,TRUE
"79955",1,4,4,TRUE
"79957",1,4,4,TRUE
"79958",1,4,4,TRUE
"79959",1,4,4,TRUE
"79962",1,4,4,TRUE
"79968",1,4,4,TRUE
"79969",1,4,4,TRUE
"79981",1,4,4,TRUE
"79983",1,4,4,TRUE
"79998",1,4,4,TRUE
"80000",1,4,4,TRUE
"80003",1,4,4,TRUE
"80004",1,4,4,TRUE
"8001",1,4,4,TRUE
"80022",1,4,4,TRUE
"80032",1,4,4,TRUE
"80034",1,4,4,TRUE
"80036",1,4,4,TRUE
"80045",1,4,4,TRUE
"80059",1,4,4,TRUE
"80070",1,4,4,TRUE
"80086",1,4,4,TRUE
"80097",1,4,4,TRUE
"80117",1,4,4,TRUE
"80122",1,4,4,TRUE
"80128",1,4,4,TRUE
"80129",1,4,4,TRUE
"8013",1,4,4,TRUE
"80133",1,4,4,TRUE
"80139",1,4,4,TRUE
"80150",1,4,4,TRUE
"80157",1,4,4,TRUE
"80164",1,4,4,TRUE
"80167",1,4,4,TRUE
"80168",1,4,4,TRUE
"80169",1,4,4,TRUE
"80174",1,4,4,TRUE
"80179",1,4,4,TRUE
"80201",1,4,4,TRUE
"80206",1,4,4,TRUE
"80210",1,4,4,TRUE
"80217",1,4,4,TRUE
"8022",1,4,4,TRUE
"80228",1,4,4,TRUE
"80235",1,4,4,TRUE
"80243",1,4,4,TRUE
"80258",1,4,4,TRUE
"80270",1,4,4,TRUE
"80274",1,4,4,TRUE
"80298",1,4,4,TRUE
"80309",1,4,4,TRUE
"80311",1,4,4,TRUE
"80313",1,4,4,TRUE
"80314",1,4,4,TRUE
"80316",1,4,4,TRUE
"80319",1,4,4,TRUE
"80328",1,4,4,TRUE
"80329",1,4,4,TRUE
"80332",1,4,4,TRUE
"80336",1,4,4,TRUE
"80339",1,4,4,TRUE
"80341",1,4,4,TRUE
"80342",1,4,4,TRUE
"80343",1,4,4,TRUE
"80351",1,4,4,TRUE
"80380",1,4,4,TRUE
"8048",1,4,4,TRUE
"8061",1,4,4,TRUE
"80712",1,4,4,TRUE
"80714",1,4,4,TRUE
"80725",1,4,4,TRUE
"8073",1,4,4,TRUE
"80731",1,4,4,TRUE
"80737",1,4,4,TRUE
"80739",1,4,4,TRUE
"80741",1,4,4,TRUE
"80757",1,4,4,TRUE
"80758",1,4,4,TRUE
"80759",1,4,4,TRUE
"80763",1,4,4,TRUE
"80774",1,4,4,TRUE
"80816",1,4,4,TRUE
"80820",1,4,4,TRUE
"80830",1,4,4,TRUE
"80831",1,4,4,TRUE
"80832",1,4,4,TRUE
"80834",1,4,4,TRUE
"80835",1,4,4,TRUE
"8085",1,4,4,TRUE
"80852",1,4,4,TRUE
"80854",1,4,4,TRUE
"8091",1,4,4,TRUE
"80975",1,4,4,TRUE
"810",1,4,4,TRUE
"81030",1,4,4,TRUE
"81034",1,4,4,TRUE
"8110",1,4,4,TRUE
"8115",1,4,4,TRUE
"8120",1,4,4,TRUE
"8128",1,4,4,TRUE
"814",1,4,4,TRUE
"81472",1,4,4,TRUE
"81491",1,4,4,TRUE
"81492",1,4,4,TRUE
"81494",1,4,4,TRUE
"815",1,4,4,TRUE
"81501",1,4,4,TRUE
"8153",1,4,4,TRUE
"81537",1,4,4,TRUE
"81551",1,4,4,TRUE
"81556",1,4,4,TRUE
"81558",1,4,4,TRUE
"81569",1,4,4,TRUE
"81570",1,4,4,TRUE
"816",1,4,4,TRUE
"81602",1,4,4,TRUE
"81611",1,4,4,TRUE
"81616",1,4,4,TRUE
"81623",1,4,4,TRUE
"81626",1,4,4,TRUE
"81629",1,4,4,TRUE
"81693",1,4,4,TRUE
"81696",1,4,4,TRUE
"817",1,4,4,TRUE
"8170",1,4,4,TRUE
"8174",1,4,4,TRUE
"81786",1,4,4,TRUE
"81792",1,4,4,TRUE
"81793",1,4,4,TRUE
"81794",1,4,4,TRUE
"81796",1,4,4,TRUE
"81797",1,4,4,TRUE
"81832",1,4,4,TRUE
"81833",1,4,4,TRUE
"81839",1,4,4,TRUE
"81849",1,4,4,TRUE
"81850",1,4,4,TRUE
"81851",1,4,4,TRUE
"81870",1,4,4,TRUE
"81871",1,4,4,TRUE
"81872",1,4,4,TRUE
"81875",1,4,4,TRUE
"81888",1,4,4,TRUE
"8200",1,4,4,TRUE
"8218",1,4,4,TRUE
"8224",1,4,4,TRUE
"8228",1,4,4,TRUE
"8242",1,4,4,TRUE
"8243",1,4,4,TRUE
"8277",1,4,4,TRUE
"8284",1,4,4,TRUE
"8287",1,4,4,TRUE
"8288",1,4,4,TRUE
"8290",1,4,4,TRUE
"8302",1,4,4,TRUE
"831",1,4,4,TRUE
"8315",1,4,4,TRUE
"8320",1,4,4,TRUE
"8328",1,4,4,TRUE
"833",1,4,4,TRUE
"8330",1,4,4,TRUE
"8332",1,4,4,TRUE
"8335",1,4,4,TRUE
"83394",1,4,4,TRUE
"8340",1,4,4,TRUE
"83401",1,4,4,TRUE
"8341",1,4,4,TRUE
"83416",1,4,4,TRUE
"83417",1,4,4,TRUE
"8342",1,4,4,TRUE
"8343",1,4,4,TRUE
"83439",1,4,4,TRUE
"83445",1,4,4,TRUE
"83446",1,4,4,TRUE
"83447",1,4,4,TRUE
"83449",1,4,4,TRUE
"83450",1,4,4,TRUE
"8346",1,4,4,TRUE
"83473",1,4,4,TRUE
"8348",1,4,4,TRUE
"83481",1,4,4,TRUE
"83482",1,4,4,TRUE
"8350",1,4,4,TRUE
"8352",1,4,4,TRUE
"83539",1,4,4,TRUE
"8354",1,4,4,TRUE
"83546",1,4,4,TRUE
"83547",1,4,4,TRUE
"8355",1,4,4,TRUE
"83550",1,4,4,TRUE
"83551",1,4,4,TRUE
"8358",1,4,4,TRUE
"8359",1,4,4,TRUE
"83591",1,4,4,TRUE
"83592",1,4,4,TRUE
"83594",1,4,4,TRUE
"83597",1,4,4,TRUE
"8360",1,4,4,TRUE
"83604",1,4,4,TRUE
"8361",1,4,4,TRUE
"83639",1,4,4,TRUE
"8366",1,4,4,TRUE
"83661",1,4,4,TRUE
"83667",1,4,4,TRUE
"8368",1,4,4,TRUE
"8369",1,4,4,TRUE
"83697",1,4,4,TRUE
"83714",1,4,4,TRUE
"83715",1,4,4,TRUE
"8372",1,4,4,TRUE
"83723",1,4,4,TRUE
"83729",1,4,4,TRUE
"83733",1,4,4,TRUE
"83741",1,4,4,TRUE
"83755",1,4,4,TRUE
"83758",1,4,4,TRUE
"83795",1,4,4,TRUE
"838",1,4,4,TRUE
"8382",1,4,4,TRUE
"8383",1,4,4,TRUE
"83844",1,4,4,TRUE
"83850",1,4,4,TRUE
"83851",1,4,4,TRUE
"83853",1,4,4,TRUE
"83855",1,4,4,TRUE
"83856",1,4,4,TRUE
"83857",1,4,4,TRUE
"83858",1,4,4,TRUE
"83860",1,4,4,TRUE
"8387",1,4,4,TRUE
"83872",1,4,4,TRUE
"83873",1,4,4,TRUE
"83875",1,4,4,TRUE
"83876",1,4,4,TRUE
"83881",1,4,4,TRUE
"83884",1,4,4,TRUE
"83886",1,4,4,TRUE
"83887",1,4,4,TRUE
"83888",1,4,4,TRUE
"83889",1,4,4,TRUE
"83891",1,4,4,TRUE
"83893",1,4,4,TRUE
"83894",1,4,4,TRUE
"83895",1,4,4,TRUE
"83896",1,4,4,TRUE
"83897",1,4,4,TRUE
"8390",1,4,4,TRUE
"83900",1,4,4,TRUE
"83902",1,4,4,TRUE
"83903",1,4,4,TRUE
"8392",1,4,4,TRUE
"83933",1,4,4,TRUE
"83942",1,4,4,TRUE
"83953",1,4,4,TRUE
"83959",1,4,4,TRUE
"83983",1,4,4,TRUE
"83987",1,4,4,TRUE
"83990",1,4,4,TRUE
"83992",1,4,4,TRUE
"83998",1,4,4,TRUE
"84000",1,4,4,TRUE
"8403",1,4,4,TRUE
"84063",1,4,4,TRUE
"84066",1,4,4,TRUE
"84069",1,4,4,TRUE
"84070",1,4,4,TRUE
"84072",1,4,4,TRUE
"84073",1,4,4,TRUE
"84074",1,4,4,TRUE
"84075",1,4,4,TRUE
"84076",1,4,4,TRUE
"84077",1,4,4,TRUE
"84083",1,4,4,TRUE
"841",1,4,4,TRUE
"84100",1,4,4,TRUE
"84101",1,4,4,TRUE
"84103",1,4,4,TRUE
"84106",1,4,4,TRUE
"84107",1,4,4,TRUE
"84153",1,4,4,TRUE
"8416",1,4,4,TRUE
"84162",1,4,4,TRUE
"84166",1,4,4,TRUE
"84167",1,4,4,TRUE
"84174",1,4,4,TRUE
"84176",1,4,4,TRUE
"84179",1,4,4,TRUE
"84189",1,4,4,TRUE
"8419",1,4,4,TRUE
"84197",1,4,4,TRUE
"84203",1,4,4,TRUE
"84215",1,4,4,TRUE
"84226",1,4,4,TRUE
"84239",1,4,4,TRUE
"84249",1,4,4,TRUE
"84251",1,4,4,TRUE
"84253",1,4,4,TRUE
"84254",1,4,4,TRUE
"84275",1,4,4,TRUE
"84290",1,4,4,TRUE
"84296",1,4,4,TRUE
"843",1,4,4,TRUE
"84302",1,4,4,TRUE
"8431",1,4,4,TRUE
"84315",1,4,4,TRUE
"84327",1,4,4,TRUE
"8433",1,4,4,TRUE
"8435",1,4,4,TRUE
"84366",1,4,4,TRUE
"8437",1,4,4,TRUE
"84432",1,4,4,TRUE
"84435",1,4,4,TRUE
"84439",1,4,4,TRUE
"8444",1,4,4,TRUE
"84443",1,4,4,TRUE
"84444",1,4,4,TRUE
"84448",1,4,4,TRUE
"84451",1,4,4,TRUE
"84460",1,4,4,TRUE
"84465",1,4,4,TRUE
"84467",1,4,4,TRUE
"8447",1,4,4,TRUE
"845",1,4,4,TRUE
"84502",1,4,4,TRUE
"84503",1,4,4,TRUE
"84517",1,4,4,TRUE
"84518",1,4,4,TRUE
"84519",1,4,4,TRUE
"8452",1,4,4,TRUE
"84529",1,4,4,TRUE
"84530",1,4,4,TRUE
"84542",1,4,4,TRUE
"84553",1,4,4,TRUE
"8456",1,4,4,TRUE
"84560",1,4,4,TRUE
"84570",1,4,4,TRUE
"846",1,4,4,TRUE
"84614",1,4,4,TRUE
"84616",1,4,4,TRUE
"84618",1,4,4,TRUE
"8462",1,4,4,TRUE
"84620",1,4,4,TRUE
"84623",1,4,4,TRUE
"84627",1,4,4,TRUE
"84628",1,4,4,TRUE
"84629",1,4,4,TRUE
"84630",1,4,4,TRUE
"84631",1,4,4,TRUE
"84634",1,4,4,TRUE
"84636",1,4,4,TRUE
"84639",1,4,4,TRUE
"84643",1,4,4,TRUE
"84645",1,4,4,TRUE
"84647",1,4,4,TRUE
"84648",1,4,4,TRUE
"84651",1,4,4,TRUE
"84654",1,4,4,TRUE
"84658",1,4,4,TRUE
"84659",1,4,4,TRUE
"84660",1,4,4,TRUE
"84662",1,4,4,TRUE
"84665",1,4,4,TRUE
"84667",1,4,4,TRUE
"84674",1,4,4,TRUE
"8468",1,4,4,TRUE
"84684",1,4,4,TRUE
"84687",1,4,4,TRUE
"84688",1,4,4,TRUE
"84689",1,4,4,TRUE
"84691",1,4,4,TRUE
"84692",1,4,4,TRUE
"84694",1,4,4,TRUE
"84696",1,4,4,TRUE
"84699",1,4,4,TRUE
"84700",1,4,4,TRUE
"84709",1,4,4,TRUE
"8471",1,4,4,TRUE
"84725",1,4,4,TRUE
"84734",1,4,4,TRUE
"84735",1,4,4,TRUE
"84750",1,4,4,TRUE
"84752",1,4,4,TRUE
"84766",1,4,4,TRUE
"84787",1,4,4,TRUE
"84804",1,4,4,TRUE
"84808",1,4,4,TRUE
"84812",1,4,4,TRUE
"84814",1,4,4,TRUE
"84824",1,4,4,TRUE
"84830",1,4,4,TRUE
"84838",1,4,4,TRUE
"8484",1,4,4,TRUE
"84865",1,4,4,TRUE
"84867",1,4,4,TRUE
"84873",1,4,4,TRUE
"84883",1,4,4,TRUE
"84891",1,4,4,TRUE
"84902",1,4,4,TRUE
"84911",1,4,4,TRUE
"84913",1,4,4,TRUE
"84914",1,4,4,TRUE
"84915",1,4,4,TRUE
"84924",1,4,4,TRUE
"84935",1,4,4,TRUE
"84937",1,4,4,TRUE
"84957",1,4,4,TRUE
"84958",1,4,4,TRUE
"84966",1,4,4,TRUE
"84968",1,4,4,TRUE
"8497",1,4,4,TRUE
"84970",1,4,4,TRUE
"84978",1,4,4,TRUE
"84985",1,4,4,TRUE
"8499",1,4,4,TRUE
"8501",1,4,4,TRUE
"85015",1,4,4,TRUE
"85019",1,4,4,TRUE
"8513",1,4,4,TRUE
"8514",1,4,4,TRUE
"8516",1,4,4,TRUE
"8526",1,4,4,TRUE
"8528",1,4,4,TRUE
"85280",1,4,4,TRUE
"85285",1,4,4,TRUE
"85289",1,4,4,TRUE
"8529",1,4,4,TRUE
"85290",1,4,4,TRUE
"85291",1,4,4,TRUE
"85293",1,4,4,TRUE
"85294",1,4,4,TRUE
"8530",1,4,4,TRUE
"85300",1,4,4,TRUE
"85301",1,4,4,TRUE
"85302",1,4,4,TRUE
"85313",1,4,4,TRUE
"85320",1,4,4,TRUE
"85329",1,4,4,TRUE
"85352",1,4,4,TRUE
"85358",1,4,4,TRUE
"8536",1,4,4,TRUE
"85366",1,4,4,TRUE
"8537",1,4,4,TRUE
"85379",1,4,4,TRUE
"8538",1,4,4,TRUE
"85397",1,4,4,TRUE
"8541",1,4,4,TRUE
"85413",1,4,4,TRUE
"85414",1,4,4,TRUE
"85416",1,4,4,TRUE
"85417",1,4,4,TRUE
"8542",1,4,4,TRUE
"85438",1,4,4,TRUE
"85439",1,4,4,TRUE
"85442",1,4,4,TRUE
"85443",1,4,4,TRUE
"85445",1,4,4,TRUE
"85446",1,4,4,TRUE
"85449",1,4,4,TRUE
"85451",1,4,4,TRUE
"85452",1,4,4,TRUE
"85455",1,4,4,TRUE
"85478",1,4,4,TRUE
"85479",1,4,4,TRUE
"85480",1,4,4,TRUE
"85481",1,4,4,TRUE
"85509",1,4,4,TRUE
"85569",1,4,4,TRUE
"8557",1,4,4,TRUE
"8572",1,4,4,TRUE
"8578",1,4,4,TRUE
"8581",1,4,4,TRUE
"859",1,4,4,TRUE
"8590",1,4,4,TRUE
"860",1,4,4,TRUE
"8600",1,4,4,TRUE
"8608",1,4,4,TRUE
"8609",1,4,4,TRUE
"8620",1,4,4,TRUE
"8629",1,4,4,TRUE
"863",1,4,4,TRUE
"8631",1,4,4,TRUE
"8632",1,4,4,TRUE
"8643",1,4,4,TRUE
"8646",1,4,4,TRUE
"8647",1,4,4,TRUE
"8653",1,4,4,TRUE
"866",1,4,4,TRUE
"8687",1,4,4,TRUE
"8688",1,4,4,TRUE
"8689",1,4,4,TRUE
"869",1,4,4,TRUE
"8701",1,4,4,TRUE
"8707",1,4,4,TRUE
"8708",1,4,4,TRUE
"8711",1,4,4,TRUE
"8712",1,4,4,TRUE
"8715",1,4,4,TRUE
"8718",1,4,4,TRUE
"8725",1,4,4,TRUE
"8735",1,4,4,TRUE
"8739",1,4,4,TRUE
"8745",1,4,4,TRUE
"8747",1,4,4,TRUE
"8748",1,4,4,TRUE
"8749",1,4,4,TRUE
"8756",1,4,4,TRUE
"8778",1,4,4,TRUE
"8784",1,4,4,TRUE
"8785",1,4,4,TRUE
"8787",1,4,4,TRUE
"8789",1,4,4,TRUE
"8790",1,4,4,TRUE
"8792",1,4,4,TRUE
"8793",1,4,4,TRUE
"8796",1,4,4,TRUE
"8797",1,4,4,TRUE
"88",1,4,4,TRUE
"8807",1,4,4,TRUE
"8808",1,4,4,TRUE
"881",1,4,4,TRUE
"8811",1,4,4,TRUE
"8812",1,4,4,TRUE
"8814",1,4,4,TRUE
"8820",1,4,4,TRUE
"8822",1,4,4,TRUE
"8823",1,4,4,TRUE
"8825",1,4,4,TRUE
"8831",1,4,4,TRUE
"8838",1,4,4,TRUE
"8839",1,4,4,TRUE
"8840",1,4,4,TRUE
"8844",1,4,4,TRUE
"8852",1,4,4,TRUE
"8856",1,4,4,TRUE
"8858",1,4,4,TRUE
"886",1,4,4,TRUE
"8861",1,4,4,TRUE
"887",1,4,4,TRUE
"8877",1,4,4,TRUE
"89",1,4,4,TRUE
"8900",1,4,4,TRUE
"8911",1,4,4,TRUE
"8913",1,4,4,TRUE
"8916",1,4,4,TRUE
"8927",1,4,4,TRUE
"8928",1,4,4,TRUE
"8929",1,4,4,TRUE
"8936",1,4,4,TRUE
"8938",1,4,4,TRUE
"8941",1,4,4,TRUE
"8972",1,4,4,TRUE
"8973",1,4,4,TRUE
"89765",1,4,4,TRUE
"89766",1,4,4,TRUE
"89777",1,4,4,TRUE
"89778",1,4,4,TRUE
"89782",1,4,4,TRUE
"89790",1,4,4,TRUE
"89792",1,4,4,TRUE
"89795",1,4,4,TRUE
"89822",1,4,4,TRUE
"89839",1,4,4,TRUE
"89869",1,4,4,TRUE
"89870",1,4,4,TRUE
"89872",1,4,4,TRUE
"89874",1,4,4,TRUE
"89876",1,4,4,TRUE
"8988",1,4,4,TRUE
"89882",1,4,4,TRUE
"89884",1,4,4,TRUE
"89885",1,4,4,TRUE
"89886",1,4,4,TRUE
"89887",1,4,4,TRUE
"8989",1,4,4,TRUE
"89927",1,4,4,TRUE
"8993",1,4,4,TRUE
"8994",1,4,4,TRUE
"89944",1,4,4,TRUE
"8995",1,4,4,TRUE
"8999",1,4,4,TRUE
"90019",1,4,4,TRUE
"90050",1,4,4,TRUE
"90070",1,4,4,TRUE
"90113",1,4,4,TRUE
"90134",1,4,4,TRUE
"9016",1,4,4,TRUE
"90167",1,4,4,TRUE
"90187",1,4,4,TRUE
"90199",1,4,4,TRUE
"9023",1,4,4,TRUE
"9024",1,4,4,TRUE
"90249",1,4,4,TRUE
"9026",1,4,4,TRUE
"9027",1,4,4,TRUE
"9028",1,4,4,TRUE
"90288",1,4,4,TRUE
"90293",1,4,4,TRUE
"9031",1,4,4,TRUE
"90326",1,4,4,TRUE
"9033",1,4,4,TRUE
"90332",1,4,4,TRUE
"90333",1,4,4,TRUE
"90342",1,4,4,TRUE
"9038",1,4,4,TRUE
"90381",1,4,4,TRUE
"90423",1,4,4,TRUE
"9047",1,4,4,TRUE
"90485",1,4,4,TRUE
"90506",1,4,4,TRUE
"9051",1,4,4,TRUE
"9052",1,4,4,TRUE
"90523",1,4,4,TRUE
"90525",1,4,4,TRUE
"90527",1,4,4,TRUE
"90529",1,4,4,TRUE
"9056",1,4,4,TRUE
"9058",1,4,4,TRUE
"90589",1,4,4,TRUE
"90625",1,4,4,TRUE
"90665",1,4,4,TRUE
"90673",1,4,4,TRUE
"90737",1,4,4,TRUE
"9074",1,4,4,TRUE
"9075",1,4,4,TRUE
"90827",1,4,4,TRUE
"90835",1,4,4,TRUE
"90853",1,4,4,TRUE
"9086",1,4,4,TRUE
"9087",1,4,4,TRUE
"909",1,4,4,TRUE
"9092",1,4,4,TRUE
"90957",1,4,4,TRUE
"9098",1,4,4,TRUE
"90993",1,4,4,TRUE
"910",1,4,4,TRUE
"91050",1,4,4,TRUE
"91056",1,4,4,TRUE
"91074",1,4,4,TRUE
"911",1,4,4,TRUE
"91133",1,4,4,TRUE
"91156",1,4,4,TRUE
"9118",1,4,4,TRUE
"91181",1,4,4,TRUE
"9119",1,4,4,TRUE
"912",1,4,4,TRUE
"91252",1,4,4,TRUE
"913",1,4,4,TRUE
"9132",1,4,4,TRUE
"9134",1,4,4,TRUE
"9136",1,4,4,TRUE
"914",1,4,4,TRUE
"9144",1,4,4,TRUE
"91464",1,4,4,TRUE
"915",1,4,4,TRUE
"9152",1,4,4,TRUE
"91522",1,4,4,TRUE
"9154",1,4,4,TRUE
"916",1,4,4,TRUE
"91608",1,4,4,TRUE
"9162",1,4,4,TRUE
"91646",1,4,4,TRUE
"91653",1,4,4,TRUE
"91661",1,4,4,TRUE
"91662",1,4,4,TRUE
"91689",1,4,4,TRUE
"917",1,4,4,TRUE
"91703",1,4,4,TRUE
"9172",1,4,4,TRUE
"91734",1,4,4,TRUE
"91752",1,4,4,TRUE
"91754",1,4,4,TRUE
"9177",1,4,4,TRUE
"91775",1,4,4,TRUE
"91782",1,4,4,TRUE
"91801",1,4,4,TRUE
"91807",1,4,4,TRUE
"9182",1,4,4,TRUE
"91828",1,4,4,TRUE
"91851",1,4,4,TRUE
"91869",1,4,4,TRUE
"91893",1,4,4,TRUE
"9194",1,4,4,TRUE
"9196",1,4,4,TRUE
"91975",1,4,4,TRUE
"91977",1,4,4,TRUE
"9201",1,4,4,TRUE
"92017",1,4,4,TRUE
"92086",1,4,4,TRUE
"92092",1,4,4,TRUE
"921",1,4,4,TRUE
"9210",1,4,4,TRUE
"9211",1,4,4,TRUE
"92129",1,4,4,TRUE
"9214",1,4,4,TRUE
"92196",1,4,4,TRUE
"92211",1,4,4,TRUE
"9223",1,4,4,TRUE
"9227",1,4,4,TRUE
"9228",1,4,4,TRUE
"92283",1,4,4,TRUE
"92285",1,4,4,TRUE
"9229",1,4,4,TRUE
"92291",1,4,4,TRUE
"92292",1,4,4,TRUE
"92293",1,4,4,TRUE
"923",1,4,4,TRUE
"9230",1,4,4,TRUE
"92304",1,4,4,TRUE
"92340",1,4,4,TRUE
"92346",1,4,4,TRUE
"92369",1,4,4,TRUE
"9241",1,4,4,TRUE
"9245",1,4,4,TRUE
"9247",1,4,4,TRUE
"9248",1,4,4,TRUE
"92483",1,4,4,TRUE
"925",1,4,4,TRUE
"9253",1,4,4,TRUE
"9255",1,4,4,TRUE
"92552",1,4,4,TRUE
"92558",1,4,4,TRUE
"9256",1,4,4,TRUE
"92565",1,4,4,TRUE
"9258",1,4,4,TRUE
"92591",1,4,4,TRUE
"92595",1,4,4,TRUE
"926",1,4,4,TRUE
"92609",1,4,4,TRUE
"92691",1,4,4,TRUE
"9271",1,4,4,TRUE
"92714",1,4,4,TRUE
"92715",1,4,4,TRUE
"92737",1,4,4,TRUE
"92747",1,4,4,TRUE
"92749",1,4,4,TRUE
"92797",1,4,4,TRUE
"9283",1,4,4,TRUE
"9287",1,4,4,TRUE
"9290",1,4,4,TRUE
"9293",1,4,4,TRUE
"9294",1,4,4,TRUE
"92949",1,4,4,TRUE
"92979",1,4,4,TRUE
"930",1,4,4,TRUE
"93010",1,4,4,TRUE
"93034",1,4,4,TRUE
"93035",1,4,4,TRUE
"93082",1,4,4,TRUE
"93099",1,4,4,TRUE
"931",1,4,4,TRUE
"9311",1,4,4,TRUE
"9312",1,4,4,TRUE
"9313",1,4,4,TRUE
"93145",1,4,4,TRUE
"9317",1,4,4,TRUE
"93190",1,4,4,TRUE
"93233",1,4,4,TRUE
"933",1,4,4,TRUE
"9333",1,4,4,TRUE
"93377",1,4,4,TRUE
"9340",1,4,4,TRUE
"93426",1,4,4,TRUE
"93432",1,4,4,TRUE
"93474",1,4,4,TRUE
"9348",1,4,4,TRUE
"9350",1,4,4,TRUE
"9351",1,4,4,TRUE
"93517",1,4,4,TRUE
"93550",1,4,4,TRUE
"9356",1,4,4,TRUE
"93589",1,4,4,TRUE
"93611",1,4,4,TRUE
"9362",1,4,4,TRUE
"9363",1,4,4,TRUE
"9365",1,4,4,TRUE
"93661",1,4,4,TRUE
"9370",1,4,4,TRUE
"9372",1,4,4,TRUE
"9376",1,4,4,TRUE
"9378",1,4,4,TRUE
"9381",1,4,4,TRUE
"9389",1,4,4,TRUE
"939",1,4,4,TRUE
"9390",1,4,4,TRUE
"93953",1,4,4,TRUE
"93979",1,4,4,TRUE
"9398",1,4,4,TRUE
"93986",1,4,4,TRUE
"9401",1,4,4,TRUE
"9402",1,4,4,TRUE
"94026",1,4,4,TRUE
"94030",1,4,4,TRUE
"94031",1,4,4,TRUE
"94032",1,4,4,TRUE
"94039",1,4,4,TRUE
"94059",1,4,4,TRUE
"9407",1,4,4,TRUE
"94086",1,4,4,TRUE
"941",1,4,4,TRUE
"9411",1,4,4,TRUE
"94120",1,4,4,TRUE
"94122",1,4,4,TRUE
"9413",1,4,4,TRUE
"94137",1,4,4,TRUE
"94160",1,4,4,TRUE
"9420",1,4,4,TRUE
"9421",1,4,4,TRUE
"94233",1,4,4,TRUE
"94234",1,4,4,TRUE
"94235",1,4,4,TRUE
"9427",1,4,4,TRUE
"943",1,4,4,TRUE
"9436",1,4,4,TRUE
"9437",1,4,4,TRUE
"9455",1,4,4,TRUE
"9457",1,4,4,TRUE
"9467",1,4,4,TRUE
"9468",1,4,4,TRUE
"9472",1,4,4,TRUE
"9473",1,4,4,TRUE
"9476",1,4,4,TRUE
"9478",1,4,4,TRUE
"9479",1,4,4,TRUE
"9480",1,4,4,TRUE
"9481",1,4,4,TRUE
"9486",1,4,4,TRUE
"9491",1,4,4,TRUE
"9495",1,4,4,TRUE
"9496",1,4,4,TRUE
"9498",1,4,4,TRUE
"9499",1,4,4,TRUE
"9514",1,4,4,TRUE
"9515",1,4,4,TRUE
"952",1,4,4,TRUE
"954",1,4,4,TRUE
"9542",1,4,4,TRUE
"9545",1,4,4,TRUE
"9567",1,4,4,TRUE
"9572",1,4,4,TRUE
"9573",1,4,4,TRUE
"9582",1,4,4,TRUE
"959",1,4,4,TRUE
"9607",1,4,4,TRUE
"962",1,4,4,TRUE
"9620",1,4,4,TRUE
"9622",1,4,4,TRUE
"9626",1,4,4,TRUE
"9628",1,4,4,TRUE
"9633",1,4,4,TRUE
"9635",1,4,4,TRUE
"9640",1,4,4,TRUE
"9645",1,4,4,TRUE
"9658",1,4,4,TRUE
"9659",1,4,4,TRUE
"9666",1,4,4,TRUE
"967",1,4,4,TRUE
"9671",1,4,4,TRUE
"9672",1,4,4,TRUE
"9677",1,4,4,TRUE
"9678",1,4,4,TRUE
"9687",1,4,4,TRUE
"9699",1,4,4,TRUE
"970",1,4,4,TRUE
"9703",1,4,4,TRUE
"9708",1,4,4,TRUE
"9709",1,4,4,TRUE
"971",1,4,4,TRUE
"9715",1,4,4,TRUE
"9717",1,4,4,TRUE
"9721",1,4,4,TRUE
"9722",1,4,4,TRUE
"9726",1,4,4,TRUE
"9732",1,4,4,TRUE
"9742",1,4,4,TRUE
"9744",1,4,4,TRUE
"9751",1,4,4,TRUE
"9752",1,4,4,TRUE
"9753",1,4,4,TRUE
"9755",1,4,4,TRUE
"9758",1,4,4,TRUE
"9760",1,4,4,TRUE
"9762",1,4,4,TRUE
"9776",1,4,4,TRUE
"9796",1,4,4,TRUE
"9814",1,4,4,TRUE
"9824",1,4,4,TRUE
"9829",1,4,4,TRUE
"9830",1,4,4,TRUE
"9832",1,4,4,TRUE
"9837",1,4,4,TRUE
"9840",1,4,4,TRUE
"9842",1,4,4,TRUE
"9843",1,4,4,TRUE
"9854",1,4,4,TRUE
"9858",1,4,4,TRUE
"9863",1,4,4,TRUE
"9870",1,4,4,TRUE
"9890",1,4,4,TRUE
"9895",1,4,4,TRUE
"990",1,4,4,TRUE
"9900",1,4,4,TRUE
"9902",1,4,4,TRUE
"9903",1,4,4,TRUE
"9907",1,4,4,TRUE
"9911",1,4,4,TRUE
"9913",1,4,4,TRUE
"9914",1,4,4,TRUE
"9939",1,4,4,TRUE
"9940",1,4,4,TRUE
"9941",1,4,4,TRUE
"9947",1,4,4,TRUE
"9951",1,4,4,TRUE
"9953",1,4,4,TRUE
"9956",1,4,4,TRUE
"9957",1,4,4,TRUE
"996",1,4,4,TRUE
"9963",1,4,4,TRUE
"9965",1,4,4,TRUE
"9970",1,4,4,TRUE
"9971",1,4,4,TRUE
"9982",1,4,4,TRUE
"9992",1,4,4,TRUE
"9994",1,4,4,TRUE
